conversation_id,user_turn,smells,chars_sent,seconds
9deee0d4f93c6a7867eef08fe3be63be,1,Ambiguous References; Format Ambiguity,116,0.334
9deee0d4f93c6a7867eef08fe3be63be,4,Ambiguous References; Vague / Missing Context,41,0.356
9deee0d4f93c6a7867eef08fe3be63be,6,Ambiguous References,105,0.338
9deee0d4f93c6a7867eef08fe3be63be,7,Format Ambiguity; Ambiguous References,246,0.570
6d4b097a71e2c582c7b26e10589599ea,2,Ambiguous References; Format Ambiguity,22,0.230
45b1bae8034accbf0aafe01ba9732485,2,Vague / Missing Context; Format Ambiguity,2355,0.573
75a8afbd34d0158422ad6a9e33005729,1,Vague / Missing Context,9,0.199
75a8afbd34d0158422ad6a9e33005729,2,Vague / Missing Context; Ambiguous References,32,0.264
75a8afbd34d0158422ad6a9e33005729,3,Ambiguous References; Format Ambiguity,31,0.314
75a8afbd34d0158422ad6a9e33005729,6,Vague / Missing Context,9,0.199
258523717d4e397987b402c3f3518af6,1,Vague / Missing Context; Ambiguous References; Format Ambiguity; Overloaded Prompt; Prompt Bloat / Convoluted Prompt; Unnecessary Repetition; Conflicting Constraints; Bias / Loaded Framing,111,0.646
258523717d4e397987b402c3f3518af6,2,Ambiguous References; Overloaded Prompt; Format Ambiguity; Unnecessary Repetition; Conflicting Constraints; Bias / Loaded Framing; Vague / Missing Context,22,0.647
258523717d4e397987b402c3f3518af6,3,Ambiguous References; Format Ambiguity,79,0.272
258523717d4e397987b402c3f3518af6,4,Vague / Missing Context; Ambiguous References; Format Ambiguity; Overloaded Prompt; Unnecessary Repetition; Conflicting Constraints; Bias / Loaded Framing; Formality / Audience Mismatch,57,0.640
258523717d4e397987b402c3f3518af6,5,Ambiguous References,59,0.231
258523717d4e397987b402c3f3518af6,6,Vague / Missing Context; Ambiguous References; Format Ambiguity,142,0.320
258523717d4e397987b402c3f3518af6,7,Vague / Missing Context; Ambiguous References; Format Ambiguity,81,0.314
88d5fd13c3e0ff9bd7b131b9c251dd0f,2,Ambiguous References; Format Ambiguity,166,0.458
88d5fd13c3e0ff9bd7b131b9c251dd0f,3,Ambiguous References; Format Ambiguity,80,0.339
88d5fd13c3e0ff9bd7b131b9c251dd0f,4,Ambiguous References; Format Ambiguity,84,0.306
88d5fd13c3e0ff9bd7b131b9c251dd0f,5,Vague / Missing Context; Ambiguous References; Format Ambiguity,144,0.326
88d5fd13c3e0ff9bd7b131b9c251dd0f,6,Ambiguous References; Format Ambiguity,55,0.332
88d5fd13c3e0ff9bd7b131b9c251dd0f,7,Ambiguous References; Format Ambiguity,63,0.331
88d5fd13c3e0ff9bd7b131b9c251dd0f,8,Ambiguous References; Format Ambiguity,55,0.280
291e8752b1737c209223ee3bf67ae1d1,1,Ambiguous References; Format Ambiguity,163,0.334
c73581ad3758c37c98116e078620eafe,1,Ambiguous References; Format Ambiguity,63,0.352
832ab4fa124860200c24bd2f62aa7a96,1,Ambiguous References; Format Ambiguity,153,0.386
dd30dda76e25051559a149044f07aba2,1,Vague / Missing Context; Ambiguous References; Format Ambiguity; Overloaded Prompt; Unnecessary Repetition; Conflicting Constraints; Bias / Loaded Framing; Formality / Audience Mismatch,2083,1.297
dd30dda76e25051559a149044f07aba2,2,Vague / Missing Context; Ambiguous References,53,0.284
dd30dda76e25051559a149044f07aba2,3,Ambiguous References; Format Ambiguity,278,0.369
dd30dda76e25051559a149044f07aba2,4,Ambiguous References; Overloaded Prompt; Format Ambiguity; Unnecessary Repetition; Conflicting Constraints; Bias / Loaded Framing; Vague / Missing Context,14,0.511
c54c8e5554496318b8ab2999a19ad5c3,1,Vague / Missing Context; Ambiguous References,45,0.331
c84dca042d2b4f1b24cea4bc11f4b595,1,Vague / Missing Context; Format Ambiguity,3292,0.589
c84dca042d2b4f1b24cea4bc11f4b595,2,Vague / Missing Context; Ambiguous References; Format Ambiguity,3520,0.843
c84dca042d2b4f1b24cea4bc11f4b595,3,Vague / Missing Context; Format Ambiguity,355,0.347
dbce78a84bbd564d9450ef90c771e978,1,Ambiguous References; Format Ambiguity,934,1.178
5bd6a59c6ad22b7d1b76c9d8b3e3680b,1,Vague / Missing Context; Ambiguous References,3642,0.772
5bd6a59c6ad22b7d1b76c9d8b3e3680b,2,Ambiguous References; Format Ambiguity,93,0.353
5bd6a59c6ad22b7d1b76c9d8b3e3680b,3,Vague / Missing Context; Ambiguous References,3635,0.769
5bd6a59c6ad22b7d1b76c9d8b3e3680b,4,Vague / Missing Context; Format Ambiguity,93,0.354
5bd6a59c6ad22b7d1b76c9d8b3e3680b,5,Ambiguous References; Format Ambiguity,60,0.332
faab586b26de1d8cc1e32d321ab0b882,2,Vague / Missing Context; Ambiguous References,25,0.263
a9434495a678a26f909b3443105d1ad6,1,Vague / Missing Context; Format Ambiguity,3292,0.592
5afe97f2562c06667a7f1d4b5eea53da,1,Vague / Missing Context; Ambiguous References,144,0.626
5afe97f2562c06667a7f1d4b5eea53da,2,Vague / Missing Context; Format Ambiguity,41,0.277
1aac1590f0db2983e8bb2a0c2c96ce56,1,Ambiguous References,298,0.799
1aac1590f0db2983e8bb2a0c2c96ce56,3,Ambiguous References,237,0.759
d81d3ffa8545e347a16837db586256dc,1,Vague / Missing Context,9,0.198
08ec9fe37d232fcce5a07588ab0b0432,1,Vague / Missing Context; Ambiguous References,3468,0.814
08ec9fe37d232fcce5a07588ab0b0432,3,Vague / Missing Context; Format Ambiguity; Overloaded Prompt; Unnecessary Repetition; Conflicting Constraints; Bias / Loaded Framing; Formality / Audience Mismatch; Irrelevant / Excessive Persona,1986,1.077
da8ade9c68c3981ba0d3bc15bdecfac9,1,Ambiguous References; Format Ambiguity,45,0.398
da8ade9c68c3981ba0d3bc15bdecfac9,2,Ambiguous References; Format Ambiguity,162,0.312
38dc452aa55fbc7e418345978bc3aeb6,1,Vague / Missing Context; Ambiguous References; Format Ambiguity; Overloaded Prompt; Unnecessary Repetition; Conflicting Constraints; Bias / Loaded Framing; Formality / Audience Mismatch,2089,1.210
38dc452aa55fbc7e418345978bc3aeb6,2,Vague / Missing Context; Ambiguous References,42,0.287
7d369dccf0ed993cf940cc746a0ade6c,1,Ambiguous References; Format Ambiguity,43,0.264
7d369dccf0ed993cf940cc746a0ade6c,2,Ambiguous References; Format Ambiguity,44,0.258
7d369dccf0ed993cf940cc746a0ade6c,3,Ambiguous References; Format Ambiguity,46,0.257
392c0683b1aa48270e6b6aab823467f5,2,Vague / Missing Context,22,0.242
aab5ef96395efa0ff9bc5e23319384ec,1,Ambiguous References; Format Ambiguity,41,0.301
74b48bb91c7f3db21c88801ab87dc778,1,Ambiguous References; Format Ambiguity,45,0.397
74b48bb91c7f3db21c88801ab87dc778,2,Vague / Missing Context; Format Ambiguity,357,0.479
1d08dc6c69f0f17f09d9acab87c2a357,1,Ambiguous References; Format Ambiguity,1659,0.687
1d08dc6c69f0f17f09d9acab87c2a357,2,Ambiguous References,93,0.220
1d08dc6c69f0f17f09d9acab87c2a357,3,Ambiguous References; Vague / Missing Context,79,0.331
1d08dc6c69f0f17f09d9acab87c2a357,4,Ambiguous References; Overloaded Prompt; Format Ambiguity,29,0.300
7956439c6fcef5135bb6960d55454af6,1,Ambiguous References; Format Ambiguity,4000,0.823
64747a6df61fbd0eee082be44933fe1d,1,Ambiguous References; Format Ambiguity,4000,0.820
d63fb47bec60dbb883140603322f3333,1,No Smell,507,1.101
d63fb47bec60dbb883140603322f3333,2,Vague / Missing Context; Ambiguous References,3711,0.802
d63fb47bec60dbb883140603322f3333,3,Ambiguous References,3745,0.704
d63fb47bec60dbb883140603322f3333,4,Vague / Missing Context; Ambiguous References,3724,0.776
f01f3f40c1fd00d9462f9f7bb7434d01,1,Vague / Missing Context; Ambiguous References; Format Ambiguity; Overloaded Prompt; Unnecessary Repetition; Conflicting Constraints; Bias / Loaded Framing; Formality / Audience Mismatch,2189,1.303
f01f3f40c1fd00d9462f9f7bb7434d01,2,Vague / Missing Context; Ambiguous References,42,0.288
f01f3f40c1fd00d9462f9f7bb7434d01,3,Vague / Missing Context; Ambiguous References,100,0.280
5ce4b255aa05816f322e9e37e82cac74,1,Ambiguous References,53,0.275
17c3cd1299ca6cf343e0deddd4653ff3,1,Ambiguous References; Format Ambiguity,25,0.274
17c3cd1299ca6cf343e0deddd4653ff3,2,Ambiguous References; Format Ambiguity,26,0.282
616ef4f28c0a8bd91f5affc39d811137,1,Vague / Missing Context; Format Ambiguity,1742,0.537
f4eb0bddc7ffd481c6b79bdce07175f4,1,Ambiguous References; Format Ambiguity,384,0.591
f4eb0bddc7ffd481c6b79bdce07175f4,2,Ambiguous References; Format Ambiguity; Overloaded Prompt; Conflicting Constraints; Unnecessary Repetition; Bias / Loaded Framing; Vague / Missing Context,386,0.872
f4eb0bddc7ffd481c6b79bdce07175f4,3,Ambiguous References,42,0.224
f4eb0bddc7ffd481c6b79bdce07175f4,4,Ambiguous References,97,0.301
f4eb0bddc7ffd481c6b79bdce07175f4,5,Ambiguous References; Overloaded Prompt,116,0.269
f4eb0bddc7ffd481c6b79bdce07175f4,6,Ambiguous References; Overloaded Prompt,132,0.242
f4eb0bddc7ffd481c6b79bdce07175f4,7,Ambiguous References; Overloaded Prompt,146,0.241
f4eb0bddc7ffd481c6b79bdce07175f4,8,Vague / Missing Context; Ambiguous References,178,0.287
f4eb0bddc7ffd481c6b79bdce07175f4,9,Ambiguous References; Format Ambiguity,184,0.308
f4eb0bddc7ffd481c6b79bdce07175f4,10,Ambiguous References; Format Ambiguity,197,0.315
5d83792e0c9e68edf7c45d4aebe4eb05,1,Ambiguous References; Format Ambiguity,282,0.645
5d83792e0c9e68edf7c45d4aebe4eb05,2,Vague / Missing Context; Ambiguous References; Format Ambiguity,284,0.552
5748601dbbe8f733849d51cf2a2e690b,1,Vague / Missing Context; Ambiguous References; Format Ambiguity; Overloaded Prompt; Unnecessary Repetition; Conflicting Constraints; Bias / Loaded Framing; Formality / Audience Mismatch,2192,1.297
5748601dbbe8f733849d51cf2a2e690b,2,Vague / Missing Context; Ambiguous References,53,0.284
7fc6366846ce9ff89f6924e7b3c8d4c8,1,Ambiguous References; Format Ambiguity; Overloaded Prompt; Unnecessary Repetition; Conflicting Constraints; Bias / Loaded Framing; Formality / Audience Mismatch; Vague / Missing Context,4000,1.842
df2afa71c26c48849489d86dfa7ec726,1,Ambiguous References; Format Ambiguity,221,0.344
df2afa71c26c48849489d86dfa7ec726,2,Vague / Missing Context; Ambiguous References; Format Ambiguity; Overloaded Prompt; Unnecessary Repetition; Conflicting Constraints; Bias / Loaded Framing; Formality / Audience Mismatch,232,0.688
df2afa71c26c48849489d86dfa7ec726,3,Vague / Missing Context; Ambiguous References; Format Ambiguity; Overloaded Prompt; Unnecessary Repetition; Conflicting Constraints; Bias / Loaded Framing; Formality / Audience Mismatch,242,0.684
df2afa71c26c48849489d86dfa7ec726,4,Vague / Missing Context; Ambiguous References; Format Ambiguity; Overloaded Prompt; Unnecessary Repetition; Conflicting Constraints; Bias / Loaded Framing; Formality / Audience Mismatch,248,0.685
df2afa71c26c48849489d86dfa7ec726,5,Vague / Missing Context; Ambiguous References; Format Ambiguity; Overloaded Prompt; Unnecessary Repetition; Conflicting Constraints; Bias / Loaded Framing; Formality / Audience Mismatch,308,0.676
df2afa71c26c48849489d86dfa7ec726,6,Vague / Missing Context; Ambiguous References; Format Ambiguity; Overloaded Prompt; Unnecessary Repetition; Conflicting Constraints; Bias / Loaded Framing; Formality / Audience Mismatch,326,0.670
8f0fbb46a6c0184baa35b4cae1f5b446,1,Vague / Missing Context; Format Ambiguity,1592,0.707
c362c8843ab14016013b911e2d82113f,1,Vague / Missing Context; Ambiguous References,42,0.319
c362c8843ab14016013b911e2d82113f,2,Ambiguous References; Format Ambiguity,43,0.371
c362c8843ab14016013b911e2d82113f,3,Ambiguous References; Format Ambiguity,43,0.257
b44ee4237d92d517b139751e73797678,1,Vague / Missing Context; Ambiguous References,24,0.279
b44ee4237d92d517b139751e73797678,2,Vague / Missing Context; Ambiguous References,33,0.279
b44ee4237d92d517b139751e73797678,3,Vague / Missing Context,41,0.255
b44ee4237d92d517b139751e73797678,4,Vague / Missing Context; Ambiguous References,58,0.350
b44ee4237d92d517b139751e73797678,5,Vague / Missing Context; Ambiguous References,41,0.271
b44ee4237d92d517b139751e73797678,6,Ambiguous References; Format Ambiguity,34,0.250
b44ee4237d92d517b139751e73797678,7,Vague / Missing Context; Ambiguous References,54,0.277
b44ee4237d92d517b139751e73797678,8,Vague / Missing Context; Ambiguous References,37,0.279
b44ee4237d92d517b139751e73797678,9,Ambiguous References; Format Ambiguity,47,0.331
b44ee4237d92d517b139751e73797678,10,Ambiguous References; Format Ambiguity,78,0.310
b44ee4237d92d517b139751e73797678,11,Vague / Missing Context; Ambiguous References,52,0.325
b44ee4237d92d517b139751e73797678,12,Vague / Missing Context; Ambiguous References,48,0.287
b44ee4237d92d517b139751e73797678,13,Vague / Missing Context; Ambiguous References,34,0.311
b44ee4237d92d517b139751e73797678,14,Ambiguous References; Format Ambiguity,24,0.272
b44ee4237d92d517b139751e73797678,15,Ambiguous References; Format Ambiguity,24,0.267
b44ee4237d92d517b139751e73797678,16,Ambiguous References; Format Ambiguity,24,0.267
b44ee4237d92d517b139751e73797678,17,Ambiguous References; Format Ambiguity,24,0.267
42ead422a122093601240f7496e6537f,1,Vague / Missing Context; Format Ambiguity; Overloaded Prompt; Prompt Bloat / Convoluted Prompt; Unnecessary Repetition; Conflicting Constraints; Bias / Loaded Framing; Formality / Audience Mismatch; Irrelevant / Excessive Persona; Ambiguous References,1760,1.098
45b2f12895cb672859d9b6507db9339e,1,Vague / Missing Context; Ambiguous References; Format Ambiguity,393,0.381
45b2f12895cb672859d9b6507db9339e,2,Vague / Missing Context; Ambiguous References; Format Ambiguity,415,0.386
45b2f12895cb672859d9b6507db9339e,3,Vague / Missing Context; Ambiguous References; Format Ambiguity,437,0.387
45b2f12895cb672859d9b6507db9339e,4,Vague / Missing Context; Ambiguous References; Format Ambiguity,463,0.390
3d001b2e1d09d4ae2f7ee0961682ee5d,1,Ambiguous References; Format Ambiguity,42,0.282
3d001b2e1d09d4ae2f7ee0961682ee5d,2,Ambiguous References; Format Ambiguity,58,0.362
44d3b955c79c997c0131b7c4990839c1,1,Vague / Missing Context; Ambiguous References,324,0.449
44d3b955c79c997c0131b7c4990839c1,2,Ambiguous References; Format Ambiguity,419,0.345
44d3b955c79c997c0131b7c4990839c1,3,Vague / Missing Context; Ambiguous References; Format Ambiguity,113,0.321
44d3b955c79c997c0131b7c4990839c1,4,Format Ambiguity; Ambiguous References,218,0.510
44d3b955c79c997c0131b7c4990839c1,5,Format Ambiguity; Ambiguous References; Overloaded Prompt; Conflicting Constraints; Unnecessary Repetition; Bias / Loaded Framing,361,1.148
44d3b955c79c997c0131b7c4990839c1,6,Ambiguous References; Format Ambiguity,380,0.352
44d3b955c79c997c0131b7c4990839c1,7,Ambiguous References; Format Ambiguity,21,0.240
44d3b955c79c997c0131b7c4990839c1,8,Ambiguous References; Format Ambiguity,149,0.345
d65912ae471dffed009fb1ac360a84f5,1,Vague / Missing Context; Format Ambiguity,2325,0.955
d65912ae471dffed009fb1ac360a84f5,2,Vague / Missing Context; Ambiguous References,42,0.286
d65912ae471dffed009fb1ac360a84f5,3,Ambiguous References; Format Ambiguity,42,0.276
cebacd34ed76b23773b6a2db4505e54c,1,Vague / Missing Context; Format Ambiguity; Ambiguous References; Overloaded Prompt; Prompt Bloat / Convoluted Prompt; Unnecessary Repetition; Conflicting Constraints; Bias / Loaded Framing,2869,1.287
34376502e5220e6797c7e4c90f37587e,1,Ambiguous References,57,0.267
56459807252a73e8ac58b4cf25468ca8,1,Vague / Missing Context; Ambiguous References; Format Ambiguity; Overloaded Prompt; Unnecessary Repetition; Conflicting Constraints; Bias / Loaded Framing; Formality / Audience Mismatch,207,0.666
56459807252a73e8ac58b4cf25468ca8,2,Vague / Missing Context; Ambiguous References,169,0.281
56459807252a73e8ac58b4cf25468ca8,3,Vague / Missing Context; Ambiguous References,156,0.277
55d3249f94b2c1e3e9e38a7289f32649,3,Ambiguous References; Format Ambiguity,34,0.326
55d3249f94b2c1e3e9e38a7289f32649,4,Vague / Missing Context; Format Ambiguity,2591,0.654
1733c027a122d8bfe53fabed7c7840e1,1,Ambiguous References; Format Ambiguity,46,0.445
b731f06b0eb7b120ea7a79ed65076bd0,1,Ambiguous References; Format Ambiguity,49,0.597
a882fd412453d0b7e06c50b7468613ba,1,Vague / Missing Context; Format Ambiguity,2348,0.979
a882fd412453d0b7e06c50b7468613ba,2,Vague / Missing Context; Ambiguous References,42,0.287
a882fd412453d0b7e06c50b7468613ba,3,Ambiguous References; Overloaded Prompt; Format Ambiguity; Unnecessary Repetition; Conflicting Constraints; Bias / Loaded Framing; Vague / Missing Context,14,0.497
d317c4eee990cf80a0d8928c0d90f0a1,1,Vague / Missing Context; Ambiguous References; Format Ambiguity; Overloaded Prompt; Unnecessary Repetition; Conflicting Constraints; Bias / Loaded Framing; Formality / Audience Mismatch,355,0.704
d317c4eee990cf80a0d8928c0d90f0a1,2,Vague / Missing Context; Format Ambiguity,369,0.319
d317c4eee990cf80a0d8928c0d90f0a1,3,Vague / Missing Context; Format Ambiguity,378,0.317
d317c4eee990cf80a0d8928c0d90f0a1,4,Vague / Missing Context; Format Ambiguity,484,0.325
d317c4eee990cf80a0d8928c0d90f0a1,5,Vague / Missing Context; Ambiguous References; Format Ambiguity; Overloaded Prompt; Unnecessary Repetition; Conflicting Constraints; Bias / Loaded Framing; Formality / Audience Mismatch,503,0.676
d317c4eee990cf80a0d8928c0d90f0a1,6,Vague / Missing Context; Ambiguous References; Format Ambiguity; Overloaded Prompt; Unnecessary Repetition; Conflicting Constraints; Bias / Loaded Framing; Formality / Audience Mismatch,536,0.683
6339ec912a47a3e7c62fe47afe6c7934,1,Ambiguous References; Format Ambiguity,64,0.321
6339ec912a47a3e7c62fe47afe6c7934,2,Ambiguous References; Format Ambiguity,77,0.387
6339ec912a47a3e7c62fe47afe6c7934,3,Ambiguous References; Format Ambiguity,73,0.346
6339ec912a47a3e7c62fe47afe6c7934,4,Ambiguous References; Format Ambiguity,103,0.253
6339ec912a47a3e7c62fe47afe6c7934,5,Vague / Missing Context; Ambiguous References,69,0.297
6339ec912a47a3e7c62fe47afe6c7934,6,Vague / Missing Context; Ambiguous References,70,0.331
c720ddeee4370c528344c92da8d9ac42,1,Vague / Missing Context; Ambiguous References; Format Ambiguity,413,0.386
c720ddeee4370c528344c92da8d9ac42,2,Vague / Missing Context; Ambiguous References; Format Ambiguity,445,0.387
c720ddeee4370c528344c92da8d9ac42,3,Vague / Missing Context; Ambiguous References; Format Ambiguity,461,0.386
c720ddeee4370c528344c92da8d9ac42,4,Ambiguous References; Format Ambiguity,507,0.341
4e78a3a5e6ba06bf89fe7fb5b78cf731,1,Vague / Missing Context; Ambiguous References,64,0.311
4e78a3a5e6ba06bf89fe7fb5b78cf731,2,Vague / Missing Context; Format Ambiguity,42,0.310
4e78a3a5e6ba06bf89fe7fb5b78cf731,3,Ambiguous References; Format Ambiguity,89,0.259
4e78a3a5e6ba06bf89fe7fb5b78cf731,4,Vague / Missing Context; Ambiguous References,78,0.332
5021452989189b1ff82a664ea8c124fb,2,Ambiguous References; Format Ambiguity,77,0.318
5021452989189b1ff82a664ea8c124fb,3,Ambiguous References; Format Ambiguity,120,0.320
0b19b1cb8f9deef46841275438dc4765,1,Vague / Missing Context; Ambiguous References; Format Ambiguity; Overloaded Prompt; Unnecessary Repetition; Conflicting Constraints; Bias / Loaded Framing; Formality / Audience Mismatch; Irrelevant / Excessive Persona,2534,1.456
0b19b1cb8f9deef46841275438dc4765,2,Vague / Missing Context; Ambiguous References,42,0.287
4ea618132c3dcf80a67b9cb8f5279205,1,Vague / Missing Context; Format Ambiguity,64,0.412
4ea618132c3dcf80a67b9cb8f5279205,2,Vague / Missing Context; Ambiguous References; Format Ambiguity,39,0.330
4ea618132c3dcf80a67b9cb8f5279205,3,Vague / Missing Context; Ambiguous References,58,0.327
8535de3de8c94feb6cff4afb95782919,1,Ambiguous References; Format Ambiguity,77,0.283
8535de3de8c94feb6cff4afb95782919,2,Ambiguous References; Format Ambiguity,121,0.539
8535de3de8c94feb6cff4afb95782919,3,Ambiguous References,2905,0.588
41a4f2940c03e1dd6816128196e6787c,1,Ambiguous References; Format Ambiguity,120,0.327
41a4f2940c03e1dd6816128196e6787c,2,Ambiguous References; Format Ambiguity,133,0.425
bd598ae526030b07d9eff9ab600b4cf7,1,Vague / Missing Context; Ambiguous References,46,0.297
bd598ae526030b07d9eff9ab600b4cf7,2,Ambiguous References; Format Ambiguity,66,0.305
bd598ae526030b07d9eff9ab600b4cf7,3,Vague / Missing Context; Ambiguous References; Format Ambiguity; Overloaded Prompt; Unnecessary Repetition; Conflicting Constraints; Bias / Loaded Framing; Formality / Audience Mismatch,59,0.649
bd598ae526030b07d9eff9ab600b4cf7,4,Vague / Missing Context; Ambiguous References; Format Ambiguity,85,0.365
28555bb29b98b5dc33f22e96ef0d7b56,1,Vague / Missing Context; Ambiguous References,158,0.286
28555bb29b98b5dc33f22e96ef0d7b56,2,Vague / Missing Context,122,0.266
28555bb29b98b5dc33f22e96ef0d7b56,3,Vague / Missing Context; Format Ambiguity,235,0.367
28555bb29b98b5dc33f22e96ef0d7b56,4,Vague / Missing Context; Format Ambiguity,68,0.285
2bf363330a7638d9a0c7b1191c89d75f,1,Ambiguous References; Format Ambiguity; Overloaded Prompt; Conflicting Constraints; Unnecessary Repetition; Bias / Loaded Framing; Vague / Missing Context,743,1.063
475ad57dfe922dd98aca931f8c2a09f6,1,Vague / Missing Context; Ambiguous References,87,0.346
475ad57dfe922dd98aca931f8c2a09f6,2,Vague / Missing Context; Format Ambiguity,39,0.345
475ad57dfe922dd98aca931f8c2a09f6,3,Vague / Missing Context; Format Ambiguity,55,0.297
ef8c862ea5c5800d5c65b573254f7ed2,1,Ambiguous References; Format Ambiguity,42,0.283
5afe5d488eec233bdf0f6ec8451178a5,1,Ambiguous References; Format Ambiguity,61,0.404
5afe5d488eec233bdf0f6ec8451178a5,2,Ambiguous References; Format Ambiguity,84,0.261
5afe5d488eec233bdf0f6ec8451178a5,3,Ambiguous References,73,0.219
5afe5d488eec233bdf0f6ec8451178a5,4,Ambiguous References,71,0.221
76e29925b2e582e984a3c1aea2d4081a,2,Ambiguous References; Format Ambiguity; Overloaded Prompt; Unnecessary Repetition; Conflicting Constraints; Bias / Loaded Framing; Formality / Audience Mismatch; Vague / Missing Context,3547,1.205
76e29925b2e582e984a3c1aea2d4081a,3,Format Ambiguity,367,0.385
76e29925b2e582e984a3c1aea2d4081a,4,Format Ambiguity; Ambiguous References; Overloaded Prompt; Conflicting Constraints,1043,0.934
6c326c2ea06711f6ca1f806b32ea3a5e,1,Vague / Missing Context; Ambiguous References,45,0.291
6c326c2ea06711f6ca1f806b32ea3a5e,2,Ambiguous References; Format Ambiguity,55,0.452
6c326c2ea06711f6ca1f806b32ea3a5e,3,Ambiguous References; Format Ambiguity,62,0.324
8ee0f9527e1b1ba8201316462acff0f7,1,Ambiguous References; Format Ambiguity,44,0.298
1cdb6d242025f6de9100b3a80e595f4c,1,Ambiguous References; Format Ambiguity,77,0.325
fb7b32b547e5eb8ee4090ec5866ace52,1,Vague / Missing Context; Ambiguous References; Format Ambiguity; Overloaded Prompt; Unnecessary Repetition; Conflicting Constraints; Bias / Loaded Framing; Formality / Audience Mismatch,2554,1.349
fb7b32b547e5eb8ee4090ec5866ace52,2,Vague / Missing Context; Ambiguous References,53,0.286
fb7b32b547e5eb8ee4090ec5866ace52,3,Ambiguous References; Format Ambiguity,122,0.280
fb7b32b547e5eb8ee4090ec5866ace52,4,Ambiguous References; Format Ambiguity,235,0.550
91e876ce2d80cf5eb7beae3c4efcbe66,1,Vague / Missing Context; Ambiguous References,39,0.304
d0d2e661936dd698804f79d34a9699e5,1,Ambiguous References; Format Ambiguity,59,0.265
660e8c9fb6103749c4ef086801e964c6,1,Ambiguous References; Format Ambiguity,416,0.408
eeb989073e7ab60321c993cafc533abb,1,Vague / Missing Context; Ambiguous References,48,0.325
eeb989073e7ab60321c993cafc533abb,2,Vague / Missing Context; Ambiguous References,47,0.311
86cc5905ec3863c9676e4c9b9751ac8c,1,Vague / Missing Context; Ambiguous References; Format Ambiguity,416,0.387
86cc5905ec3863c9676e4c9b9751ac8c,2,Vague / Missing Context; Ambiguous References; Format Ambiguity,442,0.385
86cc5905ec3863c9676e4c9b9751ac8c,3,Vague / Missing Context; Ambiguous References; Format Ambiguity; Overloaded Prompt; Unnecessary Repetition; Conflicting Constraints; Bias / Loaded Framing,473,0.690
86cc5905ec3863c9676e4c9b9751ac8c,4,Vague / Missing Context; Ambiguous References; Format Ambiguity; Overloaded Prompt; Unnecessary Repetition; Conflicting Constraints; Bias / Loaded Framing,463,0.690
86cc5905ec3863c9676e4c9b9751ac8c,5,Vague / Missing Context; Ambiguous References; Format Ambiguity,440,0.386
6711582e3c0b01bf1d23334ee57721dd,1,Vague / Missing Context; Ambiguous References; Format Ambiguity,144,0.325
6711582e3c0b01bf1d23334ee57721dd,2,Ambiguous References; Format Ambiguity,157,0.379
6711582e3c0b01bf1d23334ee57721dd,3,Ambiguous References; Format Ambiguity,169,0.438
6711582e3c0b01bf1d23334ee57721dd,4,Ambiguous References; Format Ambiguity,181,0.433
6711582e3c0b01bf1d23334ee57721dd,9,Ambiguous References; Format Ambiguity,222,0.376
6711582e3c0b01bf1d23334ee57721dd,10,Vague / Missing Context; Ambiguous References; Format Ambiguity,231,0.404
6711582e3c0b01bf1d23334ee57721dd,11,Vague / Missing Context; Ambiguous References; Format Ambiguity; Overloaded Prompt; Unnecessary Repetition; Conflicting Constraints; Bias / Loaded Framing; Formality / Audience Mismatch,256,0.653
6711582e3c0b01bf1d23334ee57721dd,12,Ambiguous References; Format Ambiguity,225,0.264
6711582e3c0b01bf1d23334ee57721dd,13,Vague / Missing Context; Ambiguous References; Format Ambiguity; Overloaded Prompt; Unnecessary Repetition; Conflicting Constraints; Bias / Loaded Framing; Formality / Audience Mismatch,250,0.654
a6e7a10e4752376d2540f96510b04891,2,Vague / Missing Context; Ambiguous References; Format Ambiguity; Overloaded Prompt; Unnecessary Repetition; Conflicting Constraints; Bias / Loaded Framing; Formality / Audience Mismatch,250,0.633
a6e7a10e4752376d2540f96510b04891,3,Vague / Missing Context; Ambiguous References; Format Ambiguity; Overloaded Prompt; Unnecessary Repetition; Conflicting Constraints; Bias / Loaded Framing; Formality / Audience Mismatch,250,0.633
12ccc550a6b54b0419ff77997e5a545b,1,Vague / Missing Context; Ambiguous References; Format Ambiguity; Overloaded Prompt; Unnecessary Repetition; Conflicting Constraints; Bias / Loaded Framing; Formality / Audience Mismatch,250,0.634
2013cd94425524db11d07d890cffca44,1,Vague / Missing Context; Ambiguous References; Format Ambiguity; Overloaded Prompt; Unnecessary Repetition; Conflicting Constraints; Bias / Loaded Framing; Formality / Audience Mismatch,212,0.649
94094e5ba0e50d68d0cd19ae3b18d784,1,Vague / Missing Context; Ambiguous References,157,0.298
94094e5ba0e50d68d0cd19ae3b18d784,2,Vague / Missing Context; Format Ambiguity,316,0.382
94094e5ba0e50d68d0cd19ae3b18d784,3,Vague / Missing Context; Ambiguous References,71,0.266
0592b24b8bc84df4d9b0e29306d36554,1,Ambiguous References; Format Ambiguity,31,0.286
b6c78eb91043e8f78757f1dfbdd8191c,1,Vague / Missing Context; Ambiguous References; Format Ambiguity,3568,1.185
b6c78eb91043e8f78757f1dfbdd8191c,2,Vague / Missing Context; Ambiguous References,42,0.287
b6c78eb91043e8f78757f1dfbdd8191c,3,Ambiguous References; Format Ambiguity,151,0.313
b6c78eb91043e8f78757f1dfbdd8191c,4,Ambiguous References; Format Ambiguity,589,0.705
b6c78eb91043e8f78757f1dfbdd8191c,5,Ambiguous References; Format Ambiguity,95,0.324
bffa6132aec65f26c6dd2042169f4847,1,Ambiguous References; Format Ambiguity,48,0.330
bffa6132aec65f26c6dd2042169f4847,2,Ambiguous References; Format Ambiguity,49,0.318
bffa6132aec65f26c6dd2042169f4847,3,Ambiguous References; Format Ambiguity,67,0.310
32f372a25a9d5e8976ed714b4ba7d06f,1,Vague / Missing Context; Ambiguous References; Format Ambiguity; Overloaded Prompt; Unnecessary Repetition; Conflicting Constraints; Irrelevant / Excessive Persona; Bias / Loaded Framing; Formality / Audience Mismatch,3568,1.525
32f372a25a9d5e8976ed714b4ba7d06f,2,Ambiguous References; Format Ambiguity,249,0.342
5def889dca13d5b2339239cc3c42b376,1,Ambiguous References; Format Ambiguity,437,0.374
5def889dca13d5b2339239cc3c42b376,2,Ambiguous References; Format Ambiguity,823,0.480
5def889dca13d5b2339239cc3c42b376,3,Ambiguous References; Format Ambiguity; Overloaded Prompt; Unnecessary Repetition; Conflicting Constraints; Bias / Loaded Framing; Vague / Missing Context,1019,0.718
5def889dca13d5b2339239cc3c42b376,4,Ambiguous References; Format Ambiguity,65,0.295
5def889dca13d5b2339239cc3c42b376,5,Ambiguous References; Format Ambiguity,165,0.271
5def889dca13d5b2339239cc3c42b376,6,Ambiguous References; Overloaded Prompt,106,0.261
5def889dca13d5b2339239cc3c42b376,7,Vague / Missing Context; Ambiguous References; Format Ambiguity; Overloaded Prompt; Unnecessary Repetition; Conflicting Constraints; Bias / Loaded Framing; Formality / Audience Mismatch,522,0.664
5def889dca13d5b2339239cc3c42b376,8,Ambiguous References; Format Ambiguity,363,0.298
5def889dca13d5b2339239cc3c42b376,9,Vague / Missing Context; Ambiguous References,281,0.302
5def889dca13d5b2339239cc3c42b376,10,Vague / Missing Context; Ambiguous References,27,0.350
5def889dca13d5b2339239cc3c42b376,11,Ambiguous References; Format Ambiguity,303,0.543
5def889dca13d5b2339239cc3c42b376,12,Vague / Missing Context; Ambiguous References; Format Ambiguity; Overloaded Prompt; Unnecessary Repetition; Conflicting Constraints; Bias / Loaded Framing; Formality / Audience Mismatch; Irrelevant / Excessive Persona,19,0.670
5def889dca13d5b2339239cc3c42b376,13,Ambiguous References; Format Ambiguity,29,0.250
5def889dca13d5b2339239cc3c42b376,14,Ambiguous References,39,0.229
5def889dca13d5b2339239cc3c42b376,15,Vague / Missing Context; Ambiguous References,374,0.305
5def889dca13d5b2339239cc3c42b376,16,Ambiguous References; Format Ambiguity,29,0.250
5def889dca13d5b2339239cc3c42b376,17,Ambiguous References; Format Ambiguity,431,0.460
5def889dca13d5b2339239cc3c42b376,18,Ambiguous References; Format Ambiguity,288,0.310
5def889dca13d5b2339239cc3c42b376,19,Ambiguous References; Format Ambiguity,32,0.249
5def889dca13d5b2339239cc3c42b376,20,Ambiguous References; Format Ambiguity,409,0.494
5def889dca13d5b2339239cc3c42b376,21,Ambiguous References; Format Ambiguity,362,0.325
5def889dca13d5b2339239cc3c42b376,22,Ambiguous References; Format Ambiguity,276,0.303
5def889dca13d5b2339239cc3c42b376,23,Vague / Missing Context; Ambiguous References; Format Ambiguity,63,0.317
5def889dca13d5b2339239cc3c42b376,24,Ambiguous References; Format Ambiguity,388,0.298
fa0f2acd924cbcee9ef0ec4e608a66e3,1,Ambiguous References; Format Ambiguity,89,0.273
87316e2a9cf556cbb4e05390bd687557,1,Ambiguous References; Format Ambiguity,30,0.235
1824ad022e6a7f525e534ac2ba4368b6,3,Vague / Missing Context; Ambiguous References; Format Ambiguity; Overloaded Prompt; Unnecessary Repetition; Conflicting Constraints; Bias / Loaded Framing; Formality / Audience Mismatch,60,0.626
1824ad022e6a7f525e534ac2ba4368b6,4,Ambiguous References; Format Ambiguity,79,0.391
1824ad022e6a7f525e534ac2ba4368b6,6,Ambiguous References; Format Ambiguity,108,0.273
1824ad022e6a7f525e534ac2ba4368b6,7,Ambiguous References; Format Ambiguity,122,0.284
754ec183a77a3480e2b8a2eabda2611c,1,Vague / Missing Context; Ambiguous References; Format Ambiguity; Overloaded Prompt; Unnecessary Repetition; Conflicting Constraints; Irrelevant / Excessive Persona; Bias / Loaded Framing; Formality / Audience Mismatch,3568,1.527
754ec183a77a3480e2b8a2eabda2611c,2,Ambiguous References; Format Ambiguity,277,0.396
754ec183a77a3480e2b8a2eabda2611c,3,Ambiguous References; Format Ambiguity,195,0.555
754ec183a77a3480e2b8a2eabda2611c,4,Ambiguous References; Format Ambiguity,674,0.595
d57206c091667f615a1b767d12093ae1,1,Vague / Missing Context; Ambiguous References,447,0.407
d57206c091667f615a1b767d12093ae1,2,Ambiguous References; Vague / Missing Context,55,0.272
d57206c091667f615a1b767d12093ae1,3,Vague / Missing Context; Ambiguous References,57,0.279
d57206c091667f615a1b767d12093ae1,4,Vague / Missing Context; Ambiguous References,69,0.283
d57206c091667f615a1b767d12093ae1,5,Vague / Missing Context; Format Ambiguity,70,0.284
d57206c091667f615a1b767d12093ae1,6,Vague / Missing Context; Ambiguous References,54,0.306
d57206c091667f615a1b767d12093ae1,7,Vague / Missing Context; Ambiguous References,56,0.313
d57206c091667f615a1b767d12093ae1,8,Vague / Missing Context; Ambiguous References,69,0.284
d57206c091667f615a1b767d12093ae1,9,Vague / Missing Context; Ambiguous References,68,0.270
d57206c091667f615a1b767d12093ae1,10,Vague / Missing Context; Format Ambiguity,69,0.344
5a6459fd34f4e3ec451974a1520ef331,1,Ambiguous References,138,0.220
5a6459fd34f4e3ec451974a1520ef331,2,Vague / Missing Context,37,0.233
73c1a9ec821e7e197d74fdd9553dfc2a,1,Vague / Missing Context; Ambiguous References; Format Ambiguity; Overloaded Prompt; Unnecessary Repetition; Conflicting Constraints; Bias / Loaded Framing; Formality / Audience Mismatch; Irrelevant / Excessive Persona,3361,1.508
73c1a9ec821e7e197d74fdd9553dfc2a,2,Ambiguous References,45,0.224
73c1a9ec821e7e197d74fdd9553dfc2a,3,Ambiguous References; Format Ambiguity,45,0.280
73c1a9ec821e7e197d74fdd9553dfc2a,4,Ambiguous References; Format Ambiguity,54,0.300
73c1a9ec821e7e197d74fdd9553dfc2a,5,Ambiguous References; Format Ambiguity,59,0.284
73c1a9ec821e7e197d74fdd9553dfc2a,6,Vague / Missing Context,4000,0.682
58bf174c15b9a61f4f38b6715481d72a,1,Ambiguous References; Format Ambiguity,87,0.260
58bf174c15b9a61f4f38b6715481d72a,3,Ambiguous References; Format Ambiguity,45,0.279
87d8f1cd48b8e7965975cf56d216e34a,1,Vague / Missing Context; Ambiguous References; Format Ambiguity; Overloaded Prompt; Unnecessary Repetition; Conflicting Constraints; Irrelevant / Excessive Persona; Bias / Loaded Framing; Formality / Audience Mismatch,3568,1.528
87d8f1cd48b8e7965975cf56d216e34a,2,Ambiguous References; Format Ambiguity,277,0.396
87d8f1cd48b8e7965975cf56d216e34a,3,Ambiguous References; Format Ambiguity,800,0.695
7872167d83bd6290a974e1efdedb2b65,1,Vague / Missing Context; Format Ambiguity,40,0.324
7872167d83bd6290a974e1efdedb2b65,2,Vague / Missing Context,142,0.262
7872167d83bd6290a974e1efdedb2b65,3,Vague / Missing Context; Format Ambiguity,20,0.243
7872167d83bd6290a974e1efdedb2b65,4,Vague / Missing Context; Ambiguous References,5,0.247
7872167d83bd6290a974e1efdedb2b65,5,Vague / Missing Context; Ambiguous References,11,0.263
7872167d83bd6290a974e1efdedb2b65,6,Vague / Missing Context; Ambiguous References,14,0.235
5b8fb38fc18584709e11403b3d8eb6eb,1,Ambiguous References; Format Ambiguity,2088,0.686
9c5c9afd8bddb9e1fefd1517cbf881b0,3,Vague / Missing Context; Ambiguous References; Format Ambiguity; Overloaded Prompt; Unnecessary Repetition; Conflicting Constraints; Bias / Loaded Framing; Formality / Audience Mismatch,7,0.639
9c5c9afd8bddb9e1fefd1517cbf881b0,4,Vague / Missing Context; Ambiguous References; Format Ambiguity; Overloaded Prompt; Prompt Bloat / Convoluted Prompt; Unnecessary Repetition; Conflicting Constraints; Bias / Loaded Framing; Formality / Audience Mismatch,19,0.631
2aef14f14769ecb728d76bb4947943f7,1,Vague / Missing Context; Ambiguous References,171,0.408
970bd8fb2cb0076848fb152b15becb6e,1,Ambiguous References; Format Ambiguity,195,0.409
bab13d84d7d2e053c9feee7a31db4b77,1,Ambiguous References; Format Ambiguity,195,0.380
e5d9c89c2c336e4bfaeeb420eb439391,1,Ambiguous References; Format Ambiguity,35,0.313
36815bb5e872da05bf6d61100ae0e472,3,Ambiguous References; Format Ambiguity,51,0.299
36815bb5e872da05bf6d61100ae0e472,4,Vague / Missing Context; Ambiguous References,33,0.338
0b82001902668cf0a0e6d01e379ddf76,1,Ambiguous References; Format Ambiguity,514,0.348
0b82001902668cf0a0e6d01e379ddf76,2,Ambiguous References; Format Ambiguity,546,0.350
0b82001902668cf0a0e6d01e379ddf76,3,Ambiguous References; Format Ambiguity,557,0.341
0b82001902668cf0a0e6d01e379ddf76,4,Vague / Missing Context; Format Ambiguity,470,0.355
0b82001902668cf0a0e6d01e379ddf76,5,Ambiguous References; Format Ambiguity,497,0.342
0b82001902668cf0a0e6d01e379ddf76,6,Vague / Missing Context; Ambiguous References; Format Ambiguity,410,0.381
0b82001902668cf0a0e6d01e379ddf76,7,Vague / Missing Context; Format Ambiguity,491,0.356
0b82001902668cf0a0e6d01e379ddf76,8,Vague / Missing Context; Ambiguous References; Format Ambiguity,413,0.381
0b82001902668cf0a0e6d01e379ddf76,9,Vague / Missing Context; Format Ambiguity,463,0.353
0b82001902668cf0a0e6d01e379ddf76,10,Vague / Missing Context; Ambiguous References; Format Ambiguity,411,0.383
0b82001902668cf0a0e6d01e379ddf76,11,Vague / Missing Context; Format Ambiguity,445,0.353
0b82001902668cf0a0e6d01e379ddf76,12,Vague / Missing Context; Format Ambiguity,473,0.353
0b82001902668cf0a0e6d01e379ddf76,13,Ambiguous References; Format Ambiguity,579,0.350
37a778978bee38f2f66753ad3a95d4cb,1,Ambiguous References; Format Ambiguity,195,0.409
37a778978bee38f2f66753ad3a95d4cb,2,Vague / Missing Context,43,0.247
0679145c86eafed4381c8c2adfc1db6b,1,Ambiguous References; Format Ambiguity,181,0.274
0679145c86eafed4381c8c2adfc1db6b,2,Vague / Missing Context; Ambiguous References; Format Ambiguity,135,0.351
0679145c86eafed4381c8c2adfc1db6b,3,Ambiguous References; Format Ambiguity,293,0.335
640f0d13a91e4a39607f816d2a5d8ac1,1,Ambiguous References; Format Ambiguity,39,0.277
640f0d13a91e4a39607f816d2a5d8ac1,2,Ambiguous References; Format Ambiguity,63,0.558
640f0d13a91e4a39607f816d2a5d8ac1,3,Ambiguous References; Format Ambiguity,61,0.333
f90c28a8e858ec25cad07494f90f0312,1,Vague / Missing Context; Format Ambiguity,3906,0.874
ba31c67eab212b85a7335fff189e7973,1,Vague / Missing Context; Format Ambiguity,3906,0.467
b70cc39a9f4693585a17231ccdc67028,1,Ambiguous References; Format Ambiguity,35,0.313
d73365358aa19db49110a1ac80891529,1,Ambiguous References; Format Ambiguity,195,0.411
d73365358aa19db49110a1ac80891529,2,Vague / Missing Context; Ambiguous References,87,0.336
d73365358aa19db49110a1ac80891529,3,Ambiguous References; Format Ambiguity,69,0.325
d9152ae073af70cdd1057725a282daaa,1,Vague / Missing Context; Ambiguous References,99,0.285
d9152ae073af70cdd1057725a282daaa,2,No Smell,27,0.193
3f3cced9121db005d31770a19c35fb76,1,Ambiguous References; Format Ambiguity,139,0.399
3f3cced9121db005d31770a19c35fb76,3,Ambiguous References; Format Ambiguity,82,0.339
3f3cced9121db005d31770a19c35fb76,5,Vague / Missing Context; Ambiguous References,26,0.285
3f3cced9121db005d31770a19c35fb76,6,Ambiguous References; Format Ambiguity,68,0.319
4bad63ddfa7df0c38b53934875b9da95,1,Vague / Missing Context; Format Ambiguity,3906,0.873
f0734a866c1508dec088c39cdbc1c0d1,1,Ambiguous References; Format Ambiguity,30,0.262
877299361509f184966262432a6a74c6,2,Ambiguous References; Format Ambiguity,48,0.332
564633a85f0db6ce6c09e3ad43657bf8,1,Ambiguous References; Format Ambiguity,34,0.327
564633a85f0db6ce6c09e3ad43657bf8,2,Ambiguous References; Format Ambiguity,46,0.301
564633a85f0db6ce6c09e3ad43657bf8,3,Vague / Missing Context; Ambiguous References,3733,0.744
564633a85f0db6ce6c09e3ad43657bf8,4,Vague / Missing Context,3741,0.689
564633a85f0db6ce6c09e3ad43657bf8,5,Vague / Missing Context; Ambiguous References,3569,0.664
564633a85f0db6ce6c09e3ad43657bf8,6,Vague / Missing Context; Ambiguous References,3432,0.578
44a17305e231e4f6631c8e8a13c63bd2,2,Vague / Missing Context,11,0.256
9d2bcfd66762688d0ce6f0835c3b74c4,1,Ambiguous References,36,0.203
9d2bcfd66762688d0ce6f0835c3b74c4,2,Ambiguous References,37,0.200
f250a786774d99aedd78a9e181ccb869,1,Ambiguous References; Format Ambiguity,43,0.257
f250a786774d99aedd78a9e181ccb869,2,Vague / Missing Context; Ambiguous References,44,0.310
ff414d72e01e142041fe47d746b85017,1,Ambiguous References,39,0.233
ff414d72e01e142041fe47d746b85017,2,Vague / Missing Context; Ambiguous References,174,0.287
ff414d72e01e142041fe47d746b85017,3,Vague / Missing Context; Ambiguous References,42,0.333
ff414d72e01e142041fe47d746b85017,4,Ambiguous References; Format Ambiguity,81,0.251
ff414d72e01e142041fe47d746b85017,5,Ambiguous References,45,0.233
ff414d72e01e142041fe47d746b85017,6,Ambiguous References; Format Ambiguity,29,0.290
ff414d72e01e142041fe47d746b85017,7,Ambiguous References; Format Ambiguity,47,0.457
ff414d72e01e142041fe47d746b85017,8,Ambiguous References,138,0.358
ff414d72e01e142041fe47d746b85017,9,Vague / Missing Context; Ambiguous References,44,0.278
ff414d72e01e142041fe47d746b85017,10,Ambiguous References; Format Ambiguity,40,0.273
ff414d72e01e142041fe47d746b85017,11,Ambiguous References; Format Ambiguity,71,0.292
ff414d72e01e142041fe47d746b85017,12,Ambiguous References; Format Ambiguity,46,0.267
ff414d72e01e142041fe47d746b85017,13,Ambiguous References; Format Ambiguity,108,0.260
ff414d72e01e142041fe47d746b85017,14,Ambiguous References; Format Ambiguity,103,0.287
0bcb1174bade23d2177888fd0f6ee68c,1,Ambiguous References; Format Ambiguity,42,0.257
6c873d849a2a29baa22902594c8d383b,1,Ambiguous References; Format Ambiguity,536,0.349
150fc9da76273154140e6a099db5c006,1,Ambiguous References; Format Ambiguity,53,0.260
150fc9da76273154140e6a099db5c006,2,Vague / Missing Context; Ambiguous References,14,0.238
ef0a1032946c9fca3ac7d8e130d84c27,1,Ambiguous References; Format Ambiguity,43,0.330
ef0a1032946c9fca3ac7d8e130d84c27,2,Ambiguous References; Format Ambiguity,43,0.259
ef0a1032946c9fca3ac7d8e130d84c27,3,Ambiguous References; Format Ambiguity,46,0.258
ef0a1032946c9fca3ac7d8e130d84c27,4,Ambiguous References; Format Ambiguity,43,0.259
5a4be8ebb61e3f462194db8c859279ed,1,Ambiguous References; Format Ambiguity,57,0.352
5a4be8ebb61e3f462194db8c859279ed,2,Ambiguous References; Format Ambiguity,66,0.268
19cdefdc0907c84cfd467e5d04d22e3a,1,Vague / Missing Context; Ambiguous References; Format Ambiguity; Overloaded Prompt; Unnecessary Repetition; Conflicting Constraints; Bias / Loaded Framing; Formality / Audience Mismatch,362,1.064
19cdefdc0907c84cfd467e5d04d22e3a,2,Vague / Missing Context; Ambiguous References,53,0.284
19cdefdc0907c84cfd467e5d04d22e3a,3,Ambiguous References; Overloaded Prompt; Format Ambiguity; Unnecessary Repetition; Conflicting Constraints; Bias / Loaded Framing; Vague / Missing Context,14,0.495
02f52eb11792b601ddb6786bba4a8b00,1,Vague / Missing Context; Ambiguous References,55,0.365
702182195e37c96e5efc3a5074027dd5,1,Vague / Missing Context; Ambiguous References,108,0.500
7110c8fa0797a9744e1ad1696cc23cf8,1,Ambiguous References; Format Ambiguity,63,0.264
7110c8fa0797a9744e1ad1696cc23cf8,2,Ambiguous References; Format Ambiguity,61,0.311
1b5c99bbabc433cba8a0805d096841e0,1,Ambiguous References; Format Ambiguity,69,0.252
1b5c99bbabc433cba8a0805d096841e0,2,Ambiguous References; Format Ambiguity,105,0.266
1b5c99bbabc433cba8a0805d096841e0,3,Ambiguous References; Format Ambiguity,39,0.258
0368d8e6015545ac481b1b1fdce3c17c,1,Vague / Missing Context; Ambiguous References,4000,0.739
0368d8e6015545ac481b1b1fdce3c17c,3,Ambiguous References,38,0.539
e309dade97d29a0bc6accc6e7e709489,1,Ambiguous References; Format Ambiguity,78,0.266
e309dade97d29a0bc6accc6e7e709489,2,Ambiguous References; Format Ambiguity,57,0.264
e309dade97d29a0bc6accc6e7e709489,3,Ambiguous References; Format Ambiguity,44,0.267
1d42fc0c11155448a59a02255dc67533,1,Ambiguous References; Format Ambiguity,94,0.320
7467aa9c23503ae9f4f18ce391309465,1,Vague / Missing Context; Ambiguous References; Format Ambiguity,459,0.388
7467aa9c23503ae9f4f18ce391309465,2,Vague / Missing Context; Ambiguous References; Format Ambiguity; Overloaded Prompt; Unnecessary Repetition; Conflicting Constraints; Bias / Loaded Framing,458,0.692
7467aa9c23503ae9f4f18ce391309465,3,Vague / Missing Context; Ambiguous References; Format Ambiguity; Overloaded Prompt; Unnecessary Repetition; Conflicting Constraints; Bias / Loaded Framing,458,0.685
7467aa9c23503ae9f4f18ce391309465,4,Vague / Missing Context; Ambiguous References; Format Ambiguity; Overloaded Prompt; Unnecessary Repetition; Conflicting Constraints; Bias / Loaded Framing,458,0.685
7467aa9c23503ae9f4f18ce391309465,5,Vague / Missing Context; Ambiguous References; Format Ambiguity; Overloaded Prompt; Unnecessary Repetition; Conflicting Constraints; Bias / Loaded Framing,458,0.686
7467aa9c23503ae9f4f18ce391309465,6,Vague / Missing Context; Ambiguous References; Format Ambiguity; Overloaded Prompt; Unnecessary Repetition; Conflicting Constraints; Bias / Loaded Framing,458,0.686
7467aa9c23503ae9f4f18ce391309465,7,Vague / Missing Context; Ambiguous References; Format Ambiguity; Overloaded Prompt; Unnecessary Repetition; Conflicting Constraints; Bias / Loaded Framing,458,0.687
7467aa9c23503ae9f4f18ce391309465,8,Vague / Missing Context; Ambiguous References; Format Ambiguity; Overloaded Prompt; Unnecessary Repetition; Conflicting Constraints; Bias / Loaded Framing,458,0.687
7467aa9c23503ae9f4f18ce391309465,9,Vague / Missing Context; Ambiguous References; Format Ambiguity; Overloaded Prompt; Unnecessary Repetition; Conflicting Constraints; Bias / Loaded Framing,458,0.687
7467aa9c23503ae9f4f18ce391309465,10,Vague / Missing Context; Ambiguous References; Format Ambiguity; Overloaded Prompt; Unnecessary Repetition; Conflicting Constraints; Bias / Loaded Framing,458,0.687
7467aa9c23503ae9f4f18ce391309465,11,Vague / Missing Context; Ambiguous References; Format Ambiguity; Overloaded Prompt; Unnecessary Repetition; Conflicting Constraints; Bias / Loaded Framing,458,0.688
79f083954c3c62925a94bffc301c841b,2,Ambiguous References; Overloaded Prompt; Format Ambiguity,20,0.292
79f083954c3c62925a94bffc301c841b,3,Ambiguous References,37,0.197
f23af18d88c21718def6d26a1d1a0683,1,Vague / Missing Context; Ambiguous References; Format Ambiguity; Overloaded Prompt; Unnecessary Repetition; Conflicting Constraints; Bias / Loaded Framing,452,0.693
f23af18d88c21718def6d26a1d1a0683,2,Vague / Missing Context; Ambiguous References; Format Ambiguity; Overloaded Prompt; Unnecessary Repetition; Conflicting Constraints; Bias / Loaded Framing,452,0.687
f23af18d88c21718def6d26a1d1a0683,3,Vague / Missing Context; Ambiguous References; Format Ambiguity; Overloaded Prompt; Unnecessary Repetition; Conflicting Constraints; Bias / Loaded Framing,452,0.685
f23af18d88c21718def6d26a1d1a0683,4,Vague / Missing Context; Ambiguous References; Format Ambiguity; Overloaded Prompt; Unnecessary Repetition; Conflicting Constraints; Bias / Loaded Framing,452,0.686
f23af18d88c21718def6d26a1d1a0683,5,Vague / Missing Context; Ambiguous References; Format Ambiguity; Overloaded Prompt; Unnecessary Repetition; Conflicting Constraints; Bias / Loaded Framing,452,0.687
f23af18d88c21718def6d26a1d1a0683,6,Vague / Missing Context; Ambiguous References; Format Ambiguity; Overloaded Prompt; Unnecessary Repetition; Conflicting Constraints; Bias / Loaded Framing,452,0.687
f23af18d88c21718def6d26a1d1a0683,7,Vague / Missing Context; Ambiguous References; Format Ambiguity; Overloaded Prompt; Unnecessary Repetition; Conflicting Constraints; Bias / Loaded Framing,452,0.691
f23af18d88c21718def6d26a1d1a0683,8,Vague / Missing Context; Ambiguous References; Format Ambiguity; Overloaded Prompt; Unnecessary Repetition; Conflicting Constraints; Bias / Loaded Framing,452,0.685
120df3e3fd35562e02a65fbd921ef7bf,1,Ambiguous References; Format Ambiguity; Overloaded Prompt; Prompt Bloat / Convoluted Prompt; Conflicting Constraints; Unnecessary Repetition; Bias / Loaded Framing; Formality / Audience Mismatch,3316,1.246
dbf9c02a91a9c4bae7bcef7a2958d89f,1,Ambiguous References; Format Ambiguity,93,0.258
ed2c54a02c754f98d59974ed63a87575,2,Ambiguous References; Format Ambiguity,88,0.342
ed2c54a02c754f98d59974ed63a87575,3,Vague / Missing Context; Ambiguous References,19,0.267
ed2c54a02c754f98d59974ed63a87575,4,Vague / Missing Context; Format Ambiguity,11,0.253
88f174a27ddc6ef33b768e86d472c6ce,5,Vague / Missing Context; Ambiguous References,100,0.280
88f174a27ddc6ef33b768e86d472c6ce,8,Vague / Missing Context; Format Ambiguity,325,0.397
88f174a27ddc6ef33b768e86d472c6ce,9,Vague / Missing Context,45,0.243
88f174a27ddc6ef33b768e86d472c6ce,10,Vague / Missing Context; Format Ambiguity,135,0.305
135735aa869f4101d4f057aa020d0d8c,1,Ambiguous References,4000,0.737
135735aa869f4101d4f057aa020d0d8c,2,Vague / Missing Context,3194,0.594
135735aa869f4101d4f057aa020d0d8c,3,Ambiguous References,3384,0.561
00b6685d1bbd7ddcfbd982df2b58c5ec,1,Vague / Missing Context; Format Ambiguity,120,0.367
1528265790057450d549beead37076d8,1,Ambiguous References; Format Ambiguity,27,0.247
1528265790057450d549beead37076d8,2,Ambiguous References; Format Ambiguity,50,0.296
fceb5e642d7b872e2c8f22a592b73b78,1,Ambiguous References; Format Ambiguity,899,0.669
fceb5e642d7b872e2c8f22a592b73b78,2,Vague / Missing Context; Ambiguous References,53,0.286
fceb5e642d7b872e2c8f22a592b73b78,3,Ambiguous References; Format Ambiguity,317,0.332
fceb5e642d7b872e2c8f22a592b73b78,4,Ambiguous References; Format Ambiguity,307,0.538
676c9d5f9af6c41b9b451bfdfb4c783e,1,Ambiguous References; Format Ambiguity; Overloaded Prompt; Conflicting Constraints; Unnecessary Repetition; Bias / Loaded Framing; Vague / Missing Context,743,1.062
676c9d5f9af6c41b9b451bfdfb4c783e,2,Ambiguous References; Format Ambiguity,160,0.325
676c9d5f9af6c41b9b451bfdfb4c783e,3,Ambiguous References; Format Ambiguity,191,0.319
676c9d5f9af6c41b9b451bfdfb4c783e,4,Ambiguous References; Format Ambiguity,187,0.400
676c9d5f9af6c41b9b451bfdfb4c783e,5,Ambiguous References; Format Ambiguity,146,0.338
676c9d5f9af6c41b9b451bfdfb4c783e,6,Ambiguous References; Format Ambiguity,216,0.313
676c9d5f9af6c41b9b451bfdfb4c783e,7,Vague / Missing Context; Ambiguous References; Format Ambiguity,284,0.498
676c9d5f9af6c41b9b451bfdfb4c783e,8,Ambiguous References; Format Ambiguity,152,0.365
e60ccb7000bc0f95a7284b4483aa0c73,1,Ambiguous References; Format Ambiguity,38,0.257
e60ccb7000bc0f95a7284b4483aa0c73,2,Vague / Missing Context; Ambiguous References,37,0.351
e60ccb7000bc0f95a7284b4483aa0c73,3,Vague / Missing Context; Ambiguous References,23,0.289
e60ccb7000bc0f95a7284b4483aa0c73,4,Vague / Missing Context; Ambiguous References,42,0.286
e60ccb7000bc0f95a7284b4483aa0c73,7,Ambiguous References; Format Ambiguity,24,0.262
e60ccb7000bc0f95a7284b4483aa0c73,8,Ambiguous References; Format Ambiguity,31,0.259
e60ccb7000bc0f95a7284b4483aa0c73,9,Ambiguous References; Format Ambiguity,79,0.250
e60ccb7000bc0f95a7284b4483aa0c73,10,Ambiguous References; Format Ambiguity,94,0.254
e60ccb7000bc0f95a7284b4483aa0c73,11,Ambiguous References; Format Ambiguity,94,0.251
e60ccb7000bc0f95a7284b4483aa0c73,12,Ambiguous References; Format Ambiguity,102,0.251
e60ccb7000bc0f95a7284b4483aa0c73,13,Vague / Missing Context; Ambiguous References,17,0.270
e60ccb7000bc0f95a7284b4483aa0c73,14,Vague / Missing Context; Ambiguous References,33,0.270
e60ccb7000bc0f95a7284b4483aa0c73,15,Ambiguous References; Format Ambiguity,38,0.264
e60ccb7000bc0f95a7284b4483aa0c73,16,Ambiguous References; Overloaded Prompt,192,0.264
e60ccb7000bc0f95a7284b4483aa0c73,17,Ambiguous References; Format Ambiguity,201,0.416
e60ccb7000bc0f95a7284b4483aa0c73,18,Vague / Missing Context; Ambiguous References; Format Ambiguity,207,0.503
e60ccb7000bc0f95a7284b4483aa0c73,19,Vague / Missing Context; Format Ambiguity,268,0.671
02f5798a701e0cda5c2abae693e0c0bc,1,Ambiguous References; Format Ambiguity; Overloaded Prompt; Conflicting Constraints; Unnecessary Repetition; Bias / Loaded Framing; Vague / Missing Context,743,1.063
02f5798a701e0cda5c2abae693e0c0bc,2,Ambiguous References; Format Ambiguity,150,0.324
b43c4b2fca3dfec9a8da6eebd542ff2e,1,Vague / Missing Context; Ambiguous References,47,0.280
b43c4b2fca3dfec9a8da6eebd542ff2e,2,Unnecessary Repetition,272,0.343
b43c4b2fca3dfec9a8da6eebd542ff2e,3,Format Ambiguity,192,0.359
7c0dd4ce477a38c0a4e880e28b4566c4,1,Ambiguous References; Format Ambiguity,2521,0.634
4e3a6bac4b1ba4786013fc7ec4b2a96f,1,Ambiguous References; Format Ambiguity,40,0.249
4e3a6bac4b1ba4786013fc7ec4b2a96f,2,Ambiguous References; Format Ambiguity,66,0.272
2af3cf133b233e2a161c91c003a3c6b8,2,Vague / Missing Context; Ambiguous References,38,0.273
7ad7176488731047c4ebaf515c3a5748,1,Vague / Missing Context; Ambiguous References,28,0.254
8e4e37d8e0c238420d08ac90ed6c94da,1,Ambiguous References; Format Ambiguity,992,0.768
53b41ef9b670ad2d0f133d997c7f4379,1,Ambiguous References; Format Ambiguity,36,0.263
88bddb51725da85fe382a74b082d6cf3,1,Vague / Missing Context; Format Ambiguity,1307,0.501
88bddb51725da85fe382a74b082d6cf3,3,Ambiguous References; Format Ambiguity,4000,1.496
cc40765d3bf4e6373a26f5d3a1f5fc18,1,Ambiguous References; Format Ambiguity,177,0.413
cc40765d3bf4e6373a26f5d3a1f5fc18,2,Ambiguous References,23,0.196
0ff3b6eb3d71e841a117cd23b5a32291,1,Ambiguous References; Format Ambiguity,4000,1.492
543be03f56efa6a88619092bcd7bd6dd,1,Ambiguous References,52,0.226
543be03f56efa6a88619092bcd7bd6dd,2,Ambiguous References; Format Ambiguity,106,0.264
543be03f56efa6a88619092bcd7bd6dd,3,Ambiguous References; Format Ambiguity,27,0.244
8bc34302414c8c6590c1a7225507f124,1,Ambiguous References; Format Ambiguity,55,0.339
fb4edc001eacb1b2cbbea602533f0e35,1,Vague / Missing Context; Format Ambiguity,3906,0.874
2f949ffa698bad5a02e0c7a2562b753d,1,Vague / Missing Context; Format Ambiguity,3906,0.469
bf840896e23368c8ab071a1b6c79475c,1,Vague / Missing Context; Format Ambiguity,3906,0.470
78af94a012305d950902d8d2c66bfe99,1,Ambiguous References; Format Ambiguity,1007,0.908
78af94a012305d950902d8d2c66bfe99,2,Ambiguous References; Format Ambiguity,574,0.284
78af94a012305d950902d8d2c66bfe99,3,Ambiguous References; Format Ambiguity,479,0.340
971b713d5b87df19848f9efb74449841,1,Vague / Missing Context; Ambiguous References; Format Ambiguity; Overloaded Prompt; Unnecessary Repetition; Conflicting Constraints; Bias / Loaded Framing; Formality / Audience Mismatch,342,0.662
971b713d5b87df19848f9efb74449841,2,Vague / Missing Context; Format Ambiguity,357,0.301
7fa57b5edb58608424cb678aade31e93,1,Ambiguous References; Format Ambiguity,69,0.285
7fa57b5edb58608424cb678aade31e93,2,Ambiguous References; Format Ambiguity,23,0.308
7fa57b5edb58608424cb678aade31e93,3,Ambiguous References; Format Ambiguity,260,0.368
7fa57b5edb58608424cb678aade31e93,4,Ambiguous References; Format Ambiguity,18,0.207
7fa57b5edb58608424cb678aade31e93,5,Ambiguous References; Format Ambiguity,65,0.259
7fa57b5edb58608424cb678aade31e93,6,Ambiguous References; Format Ambiguity,38,0.272
43ebfb629acc70f31d7b82bfd397479c,1,Vague / Missing Context; Ambiguous References,3031,0.633
8c6fb8c083ed56dc3976ad43002099c8,1,Vague / Missing Context; Ambiguous References; Format Ambiguity,186,0.334
8c6fb8c083ed56dc3976ad43002099c8,2,Ambiguous References; Format Ambiguity,94,0.226
8c6fb8c083ed56dc3976ad43002099c8,3,Vague / Missing Context; Format Ambiguity,154,0.394
8c6fb8c083ed56dc3976ad43002099c8,4,Ambiguous References; Format Ambiguity,127,0.364
8c6fb8c083ed56dc3976ad43002099c8,5,Format Ambiguity; Vague / Missing Context,592,0.637
8c6fb8c083ed56dc3976ad43002099c8,6,Vague / Missing Context; Format Ambiguity,84,0.340
8c6fb8c083ed56dc3976ad43002099c8,7,Vague / Missing Context; Format Ambiguity,125,0.286
8c6fb8c083ed56dc3976ad43002099c8,8,Vague / Missing Context,76,0.244
8c6fb8c083ed56dc3976ad43002099c8,9,Ambiguous References; Format Ambiguity,2183,0.651
e919440ad79c023d6864751d8eb34ee2,1,Ambiguous References; Format Ambiguity,11,0.247
e919440ad79c023d6864751d8eb34ee2,4,Vague / Missing Context,21,0.214
14516b61f2bf614fa60bd314e85e3d0e,1,Vague / Missing Context; Format Ambiguity,171,0.294
14516b61f2bf614fa60bd314e85e3d0e,2,Ambiguous References; Format Ambiguity,90,0.312
654c38f6e0392ac305506cc239c26c19,1,Ambiguous References; Overloaded Prompt,2465,0.635
654c38f6e0392ac305506cc239c26c19,2,Ambiguous References,1438,1.121
654c38f6e0392ac305506cc239c26c19,3,Vague / Missing Context; Format Ambiguity,3583,0.722
654c38f6e0392ac305506cc239c26c19,4,Ambiguous References; Format Ambiguity,24,0.303
654c38f6e0392ac305506cc239c26c19,5,Ambiguous References; Format Ambiguity; Overloaded Prompt; Unnecessary Repetition; Conflicting Constraints; Bias / Loaded Framing; Vague / Missing Context,963,1.108
e5fd738fe791cd992935af694531903e,1,Vague / Missing Context; Ambiguous References; Format Ambiguity,4000,0.958
e5fd738fe791cd992935af694531903e,2,Vague / Missing Context; Ambiguous References; Format Ambiguity; Overloaded Prompt; Unnecessary Repetition; Conflicting Constraints; Bias / Loaded Framing; Formality / Audience Mismatch,4000,1.626
e5fd738fe791cd992935af694531903e,3,Vague / Missing Context; Ambiguous References,85,0.395
dcd72e7212950a84fb0ab50c45654823,1,Vague / Missing Context; Format Ambiguity,904,0.875
7cd7ea9440085ae18aaa13e8170f7420,1,Vague / Missing Context; Format Ambiguity,4000,1.069
682cb8f036b3e8fc6bc5284d27dcc52a,1,Ambiguous References; Format Ambiguity,814,0.555
f9de752e851a330aeecebbde190d3402,1,Ambiguous References; Format Ambiguity,725,0.717
f9de752e851a330aeecebbde190d3402,2,Ambiguous References; Format Ambiguity; Overloaded Prompt; Unnecessary Repetition; Conflicting Constraints; Bias / Loaded Framing; Vague / Missing Context,752,1.009
f9de752e851a330aeecebbde190d3402,3,Vague / Missing Context; Ambiguous References,2794,0.600
f9de752e851a330aeecebbde190d3402,4,Vague / Missing Context; Ambiguous References,2854,0.603
7e98acf8d580ab5376f9eec01f9e23a6,1,Ambiguous References; Format Ambiguity,134,0.285
769188843a3bf76dfb78d5f5c566f622,1,Ambiguous References; Overloaded Prompt,2277,0.568
9af9d5d604b76a1e8440a66600105081,1,Vague / Missing Context; Ambiguous References; Format Ambiguity; Overloaded Prompt; Prompt Bloat / Convoluted Prompt; Unnecessary Repetition; Conflicting Constraints; Bias / Loaded Framing; Formality / Audience Mismatch,54,0.664
569bfcb9b4fba3e0d957b9521cfa2563,1,Ambiguous References; Format Ambiguity,287,0.330
84e72c821536ca33543a1c2c21d20547,1,Ambiguous References; Format Ambiguity,1967,0.945
429e9df4df9ac86d9359e8bf63a655a4,1,Ambiguous References,400,0.740
2d89fc2e5e3bfc5dc98cc4f95df35876,1,Ambiguous References,400,0.682
372906dd10c4bc5572db91743cf22289,1,Ambiguous References; Format Ambiguity,128,0.361
372906dd10c4bc5572db91743cf22289,2,Ambiguous References; Format Ambiguity,130,0.313
372906dd10c4bc5572db91743cf22289,3,Ambiguous References; Format Ambiguity,106,0.340
372906dd10c4bc5572db91743cf22289,4,Vague / Missing Context; Ambiguous References,200,0.287
372906dd10c4bc5572db91743cf22289,5,Ambiguous References; Format Ambiguity,165,0.413
372906dd10c4bc5572db91743cf22289,6,Ambiguous References,68,0.211
372906dd10c4bc5572db91743cf22289,7,Vague / Missing Context; Ambiguous References,62,0.331
372906dd10c4bc5572db91743cf22289,8,Ambiguous References; Format Ambiguity,146,0.354
372906dd10c4bc5572db91743cf22289,9,Vague / Missing Context; Format Ambiguity,124,0.307
89ab341713385f64c4a985e3f6a30633,1,Ambiguous References; Format Ambiguity,86,0.287
ec996b752bfcf6c7b1861761c5c8db6a,1,Ambiguous References; Format Ambiguity,697,0.561
ec996b752bfcf6c7b1861761c5c8db6a,2,Ambiguous References,24,0.257
ec996b752bfcf6c7b1861761c5c8db6a,3,Ambiguous References; Format Ambiguity,60,0.258
6579f9759fc590c13322df446f259f56,1,Vague / Missing Context; Ambiguous References,71,0.391
9d78d6d8a2609fd31f0013ef31fc8a6c,1,Ambiguous References; Overloaded Prompt,4000,1.477
9d78d6d8a2609fd31f0013ef31fc8a6c,2,Ambiguous References; Format Ambiguity,51,0.302
9d78d6d8a2609fd31f0013ef31fc8a6c,3,Vague / Missing Context; Ambiguous References,4000,0.809
9d78d6d8a2609fd31f0013ef31fc8a6c,4,Vague / Missing Context; Ambiguous References,4000,0.737
dce48f1e173208d09ca01ec06e23b835,1,Ambiguous References,569,0.864
9413ddf42d3bab111ef97539150cd16c,1,Ambiguous References,587,0.763
e398bd027c2bb11b5970f068e5662119,1,Ambiguous References; Format Ambiguity,2674,0.726
e398bd027c2bb11b5970f068e5662119,2,Ambiguous References; Format Ambiguity,2704,0.625
109a14debb2c734aafa01e57245d3460,2,Vague / Missing Context; Ambiguous References; Format Ambiguity; Overloaded Prompt; Unnecessary Repetition; Conflicting Constraints; Bias / Loaded Framing; Formality / Audience Mismatch,29,0.613
5520b94c412ed7d2a6d8a2c3cdc08a32,1,Ambiguous References,587,0.806
e1bd5aaf5bdf6ce0389d5caa38d502e4,1,Ambiguous References,662,0.717
a4275006698a7b58c392d55a1fb6e48e,1,Ambiguous References; Format Ambiguity,86,0.286
49958201ecddacd7893d205a8ef11582,1,Ambiguous References; Format Ambiguity,40,0.264
49958201ecddacd7893d205a8ef11582,2,Ambiguous References,70,0.211
627c43c7bf734ff74c911de8f0c26b8a,1,Ambiguous References; Format Ambiguity,826,0.338
627c43c7bf734ff74c911de8f0c26b8a,3,Ambiguous References; Overloaded Prompt; Format Ambiguity; Unnecessary Repetition; Conflicting Constraints; Bias / Loaded Framing; Vague / Missing Context,43,0.620
627c43c7bf734ff74c911de8f0c26b8a,5,Vague / Missing Context; Ambiguous References,41,0.279
627c43c7bf734ff74c911de8f0c26b8a,9,Ambiguous References,1374,0.525
627c43c7bf734ff74c911de8f0c26b8a,11,Ambiguous References; Format Ambiguity,16,0.341
627c43c7bf734ff74c911de8f0c26b8a,12,Ambiguous References; Format Ambiguity,20,0.221
627c43c7bf734ff74c911de8f0c26b8a,14,Ambiguous References; Format Ambiguity,40,0.264
695c0a1feac232f6ef9e4024f2dd5ecc,1,Ambiguous References; Format Ambiguity,1752,0.779
841d0cbc372bc330512490fe0a2ae913,1,Ambiguous References; Format Ambiguity; Overloaded Prompt; Unnecessary Repetition; Conflicting Constraints,738,0.907
7660343226c2716241074f3ebd84dc97,1,Ambiguous References; Format Ambiguity; Overloaded Prompt; Unnecessary Repetition; Conflicting Constraints,738,0.835
62a9f953666e7a974cd03c05c6d685c7,1,Ambiguous References; Format Ambiguity,86,0.285
bf9f3ae8bb2e9900cc6d14eca3d96429,1,Ambiguous References; Format Ambiguity; Overloaded Prompt; Unnecessary Repetition; Conflicting Constraints,738,0.907
025314e64cba6ce0e762400f70c957e0,1,Ambiguous References; Format Ambiguity,63,0.351
39ce77c72946252b843ca29dbb019838,1,Ambiguous References; Format Ambiguity,86,0.285
46f8deefa5b4a2fded045889851cadf7,1,Vague / Missing Context; Ambiguous References,243,0.291
46f8deefa5b4a2fded045889851cadf7,2,Vague / Missing Context; Ambiguous References,170,0.288
c0618c761e5a1c0aff3b4eae7739105d,1,Ambiguous References; Format Ambiguity,1007,0.906
c0618c761e5a1c0aff3b4eae7739105d,2,Ambiguous References; Format Ambiguity,631,0.727
c0618c761e5a1c0aff3b4eae7739105d,3,Ambiguous References; Format Ambiguity; Overloaded Prompt; Unnecessary Repetition; Conflicting Constraints; Bias / Loaded Framing; Vague / Missing Context,539,1.055
02d05bc2c8cbf68163609c06667d8deb,1,Ambiguous References; Format Ambiguity,615,0.352
02d05bc2c8cbf68163609c06667d8deb,2,Ambiguous References; Format Ambiguity,1695,0.450
02d05bc2c8cbf68163609c06667d8deb,3,Ambiguous References; Format Ambiguity; Overloaded Prompt; Unnecessary Repetition; Conflicting Constraints; Bias / Loaded Framing; Vague / Missing Context,2636,1.289
02d05bc2c8cbf68163609c06667d8deb,4,Ambiguous References; Format Ambiguity,673,0.372
02d05bc2c8cbf68163609c06667d8deb,5,Ambiguous References; Format Ambiguity,53,0.247
02d05bc2c8cbf68163609c06667d8deb,6,Vague / Missing Context; Ambiguous References; Format Ambiguity; Overloaded Prompt; Unnecessary Repetition; Conflicting Constraints; Bias / Loaded Framing; Formality / Audience Mismatch,467,0.702
02d05bc2c8cbf68163609c06667d8deb,7,Ambiguous References; Format Ambiguity,55,0.359
980023c0e0fce52b3c84362425813c9a,1,Vague / Missing Context; Ambiguous References,119,0.334
701f246a3bbec1f280212b00b2649030,1,Ambiguous References; Format Ambiguity,4000,0.942
e0afd19d761ecb8ffb926aef4507ca9e,1,Ambiguous References; Format Ambiguity; Overloaded Prompt; Unnecessary Repetition; Conflicting Constraints; Bias / Loaded Framing; Vague / Missing Context,2700,1.152
e0afd19d761ecb8ffb926aef4507ca9e,2,Ambiguous References; Format Ambiguity,452,0.489
e0afd19d761ecb8ffb926aef4507ca9e,3,Vague / Missing Context; Ambiguous References,82,0.279
e0afd19d761ecb8ffb926aef4507ca9e,4,Vague / Missing Context,50,0.244
e0afd19d761ecb8ffb926aef4507ca9e,5,Vague / Missing Context; Ambiguous References; Format Ambiguity,133,0.332
e0afd19d761ecb8ffb926aef4507ca9e,6,Ambiguous References; Format Ambiguity,122,0.387
e0afd19d761ecb8ffb926aef4507ca9e,7,Vague / Missing Context; Format Ambiguity,3025,0.856
5ac667e13a6f9aa528e1e08441aad421,1,Ambiguous References; Format Ambiguity,1508,0.631
e59bd8f0fc4497d7547efdcc4152fef5,1,Vague / Missing Context; Ambiguous References,464,0.314
73f10c084be43e6da3c343fa1734f13a,1,Ambiguous References; Format Ambiguity,472,0.329
73f10c084be43e6da3c343fa1734f13a,2,Vague / Missing Context; Ambiguous References; Format Ambiguity; Overloaded Prompt; Unnecessary Repetition; Conflicting Constraints; Bias / Loaded Framing; Formality / Audience Mismatch,564,0.665
64d5f122e2c0d8ec3dc9e80e8916d188,1,Vague / Missing Context; Ambiguous References,104,0.340
245ce303cea269b9519d425acc87fe8a,1,Vague / Missing Context; Format Ambiguity,3155,0.788
29382b93be6e3dbe11075310e41ea5b8,1,Ambiguous References,4000,1.512
8e36879f0329ff955c794d97c41504b9,1,Vague / Missing Context; Ambiguous References,161,0.316
8e36879f0329ff955c794d97c41504b9,2,Vague / Missing Context; Format Ambiguity,28,0.258
8e36879f0329ff955c794d97c41504b9,3,Vague / Missing Context; Ambiguous References,98,0.279
77e2d4edba748ec6d5aa59b67f01c05a,1,Ambiguous References; Format Ambiguity,54,0.285
77e2d4edba748ec6d5aa59b67f01c05a,2,Ambiguous References,32,0.184
4155f2bd2867fc750a2d5e2ca5f08cc6,1,Vague / Missing Context; Ambiguous References; Format Ambiguity; Overloaded Prompt; Unnecessary Repetition; Conflicting Constraints; Bias / Loaded Framing; Formality / Audience Mismatch,253,0.634
4155f2bd2867fc750a2d5e2ca5f08cc6,2,Vague / Missing Context; Ambiguous References,31,0.240
4155f2bd2867fc750a2d5e2ca5f08cc6,4,Ambiguous References,43,0.193
4155f2bd2867fc750a2d5e2ca5f08cc6,5,Ambiguous References; Overloaded Prompt; Format Ambiguity,43,0.306
4155f2bd2867fc750a2d5e2ca5f08cc6,6,Vague / Missing Context; Ambiguous References,97,0.312
4155f2bd2867fc750a2d5e2ca5f08cc6,7,Ambiguous References; Overloaded Prompt; Format Ambiguity; Unnecessary Repetition; Conflicting Constraints; Bias / Loaded Framing,33,0.417
4155f2bd2867fc750a2d5e2ca5f08cc6,8,Ambiguous References,51,0.232
4155f2bd2867fc750a2d5e2ca5f08cc6,9,Vague / Missing Context; Ambiguous References,75,0.279
4155f2bd2867fc750a2d5e2ca5f08cc6,10,Vague / Missing Context; Ambiguous References,67,0.331
9ef10078f41d18b6d61a362da2f653cb,1,Vague / Missing Context; Ambiguous References,1724,0.494
90ec52411eb7e0ebc6041a227847bdb6,1,Ambiguous References; Format Ambiguity,208,0.284
8996d0049ad78bb76f9c8a6bd688ba9d,1,Ambiguous References; Format Ambiguity,120,0.287
8996d0049ad78bb76f9c8a6bd688ba9d,3,Ambiguous References,156,0.294
8996d0049ad78bb76f9c8a6bd688ba9d,4,Vague / Missing Context; Ambiguous References,218,0.301
8996d0049ad78bb76f9c8a6bd688ba9d,5,Vague / Missing Context; Format Ambiguity,222,0.288
8996d0049ad78bb76f9c8a6bd688ba9d,6,Ambiguous References,85,0.206
8996d0049ad78bb76f9c8a6bd688ba9d,7,Vague / Missing Context; Ambiguous References,74,0.280
6ef4e10430e9b3d9323ca442db592836,1,Ambiguous References; Format Ambiguity,1007,0.906
6ef4e10430e9b3d9323ca442db592836,2,Ambiguous References; Format Ambiguity; Overloaded Prompt; Conflicting Constraints; Unnecessary Repetition; Bias / Loaded Framing; Vague / Missing Context,639,1.057
6ef4e10430e9b3d9323ca442db592836,3,Ambiguous References; Format Ambiguity; Overloaded Prompt; Unnecessary Repetition; Conflicting Constraints; Bias / Loaded Framing; Vague / Missing Context,539,1.058
4e4a30257640fb95f27ae5c821f58cd3,1,Ambiguous References; Format Ambiguity,4000,0.808
1cb37942d968e6b1aa03a783190d44fb,1,Ambiguous References; Format Ambiguity,248,0.284
1cb37942d968e6b1aa03a783190d44fb,2,Vague / Missing Context,27,0.244
1cb37942d968e6b1aa03a783190d44fb,3,Vague / Missing Context; Ambiguous References,213,0.289
ba3b84be2cd6597b8558b718b25afb12,1,Vague / Missing Context,4000,0.623
ba3b84be2cd6597b8558b718b25afb12,2,Ambiguous References; Format Ambiguity,56,0.332
931a394230ea521e7573258d15e0ff9d,1,Vague / Missing Context; Ambiguous References,3069,0.711
931a394230ea521e7573258d15e0ff9d,2,Vague / Missing Context; Format Ambiguity,3102,0.775
931a394230ea521e7573258d15e0ff9d,3,Vague / Missing Context; Format Ambiguity,3054,0.683
931a394230ea521e7573258d15e0ff9d,4,Ambiguous References,379,0.369
931a394230ea521e7573258d15e0ff9d,5,Ambiguous References,411,0.439
0d089c84e627cf7065c0db5b03761e11,1,Ambiguous References; Format Ambiguity,4000,0.943
0d089c84e627cf7065c0db5b03761e11,2,No Smell,27,0.281
0d089c84e627cf7065c0db5b03761e11,3,Ambiguous References; Format Ambiguity,67,0.244
0d089c84e627cf7065c0db5b03761e11,4,Ambiguous References; Format Ambiguity,67,0.259
df03311eff36667a986ccb87b6923374,1,Ambiguous References; Format Ambiguity,86,0.285
ff5bf7dd8390d160820d634aa098affc,1,Vague / Missing Context; Ambiguous References,4000,0.751
ae2a83a1f375f1401e3e97fe226203f3,2,Vague / Missing Context,36,0.231
51166707235a1ca0ae5ab8e585dc1542,2,Ambiguous References,40,0.231
3183588b5f5c18fb0118c7e463169611,1,Vague / Missing Context; Format Ambiguity; Overloaded Prompt; Unnecessary Repetition; Conflicting Constraints; Ambiguous References; Prompt Bloat / Convoluted Prompt; Bias / Loaded Framing,1519,1.147
db72047207df73bc35bbec2f756f672d,1,Ambiguous References; Format Ambiguity,1007,0.907
217ff16fb023168658795556c6262b7d,1,Ambiguous References; Format Ambiguity,1546,0.858
21435db40173437377af117c812d16f8,1,Vague / Missing Context; Ambiguous References,464,0.314
44f7c7d988bcfd590093c6c7d392991a,1,Vague / Missing Context; Ambiguous References,213,0.289
44f7c7d988bcfd590093c6c7d392991a,2,Vague / Missing Context; Ambiguous References; Format Ambiguity; Overloaded Prompt; Unnecessary Repetition; Conflicting Constraints; Bias / Loaded Framing; Formality / Audience Mismatch,17,0.623
44f7c7d988bcfd590093c6c7d392991a,3,Ambiguous References; Format Ambiguity,180,0.349
44f7c7d988bcfd590093c6c7d392991a,4,Vague / Missing Context,34,0.244
6449f421b1af4c801bb1981b1b961483,1,Ambiguous References; Format Ambiguity,4000,0.957
06a0ad2b41fbe164fc0649e3706fed70,1,Ambiguous References; Format Ambiguity,120,0.273
5a4351f4361472cf7bc39c47690b19c4,1,Ambiguous References; Format Ambiguity,121,0.333
5a4351f4361472cf7bc39c47690b19c4,2,Ambiguous References,40,0.225
a7d0531905bd7c676109e317c9338c74,1,Ambiguous References; Format Ambiguity,116,0.266
a7d0531905bd7c676109e317c9338c74,2,Vague / Missing Context; Ambiguous References; Format Ambiguity; Overloaded Prompt; Prompt Bloat / Convoluted Prompt; Unnecessary Repetition; Conflicting Constraints; Bias / Loaded Framing; Formality / Audience Mismatch,137,0.664
cfc41d12f22de2ebb7d2770cde51dd9b,1,Vague / Missing Context; Ambiguous References,250,0.291
4777e8252a7b7db71f6394dc92f0f777,1,Vague / Missing Context; Format Ambiguity,113,0.392
4777e8252a7b7db71f6394dc92f0f777,2,Ambiguous References; Format Ambiguity,21,0.274
4777e8252a7b7db71f6394dc92f0f777,3,Ambiguous References; Format Ambiguity,183,0.275
4777e8252a7b7db71f6394dc92f0f777,4,Format Ambiguity,3301,1.061
4777e8252a7b7db71f6394dc92f0f777,5,Ambiguous References; Format Ambiguity,98,0.307
4777e8252a7b7db71f6394dc92f0f777,6,Vague / Missing Context,70,0.245
4777e8252a7b7db71f6394dc92f0f777,7,Ambiguous References; Format Ambiguity,3310,0.681
4777e8252a7b7db71f6394dc92f0f777,8,Format Ambiguity; Overloaded Prompt,1770,0.882
230a17b4e97d95fac97c4a734bfd5fa7,1,Vague / Missing Context; Format Ambiguity,36,0.277
5d88301d584ab9f1f8085fdf86004444,1,Ambiguous References; Format Ambiguity,1089,0.879
5d88301d584ab9f1f8085fdf86004444,2,Vague / Missing Context; Ambiguous References,53,0.287
5d88301d584ab9f1f8085fdf86004444,3,Ambiguous References; Format Ambiguity,527,0.342
48cef2f01eaf767fded8ae280332bedc,1,Vague / Missing Context; Format Ambiguity,227,0.539
f443b28d33d4e126b54ac3ad98dbf7c7,1,Vague / Missing Context; Ambiguous References,266,0.291
f443b28d33d4e126b54ac3ad98dbf7c7,2,Vague / Missing Context; Ambiguous References,102,0.279
f443b28d33d4e126b54ac3ad98dbf7c7,3,Ambiguous References; Format Ambiguity,368,0.446
f443b28d33d4e126b54ac3ad98dbf7c7,4,Vague / Missing Context; Ambiguous References,101,0.279
f443b28d33d4e126b54ac3ad98dbf7c7,5,Vague / Missing Context; Ambiguous References; Format Ambiguity; Overloaded Prompt; Unnecessary Repetition; Conflicting Constraints; Bias / Loaded Framing; Formality / Audience Mismatch,332,0.660
f443b28d33d4e126b54ac3ad98dbf7c7,6,Vague / Missing Context; Ambiguous References; Format Ambiguity; Overloaded Prompt; Unnecessary Repetition; Conflicting Constraints; Bias / Loaded Framing; Formality / Audience Mismatch,478,0.666
15a4fd63fc2fb9d67968ca09a4c824d4,1,Vague / Missing Context; Ambiguous References,9,0.209
15a4fd63fc2fb9d67968ca09a4c824d4,2,Vague / Missing Context; Ambiguous References,58,0.271
15a4fd63fc2fb9d67968ca09a4c824d4,3,Ambiguous References; Format Ambiguity,59,0.264
15a4fd63fc2fb9d67968ca09a4c824d4,4,Ambiguous References; Format Ambiguity,41,0.283
15a4fd63fc2fb9d67968ca09a4c824d4,5,Ambiguous References; Format Ambiguity,100,0.319
f5af8a4bd43cd29617991db2d95ab5bb,1,Vague / Missing Context; Ambiguous References,21,0.284
fea282be5a78f0d6973cae8de465bbfe,1,Ambiguous References; Format Ambiguity,166,0.381
c81b89325eb53777cf1ec1135ddfaf8f,1,Ambiguous References,47,0.184
951392f185fffc326426677c574b351e,1,Ambiguous References; Format Ambiguity; Overloaded Prompt; Unnecessary Repetition; Conflicting Constraints,480,1.035
da0354bebabd4bbd687ba97fa805bb74,1,Vague / Missing Context; Format Ambiguity,747,0.427
44e9bb65071d06bf72821c375278fc50,1,Ambiguous References; Format Ambiguity,634,0.386
1421ad2e15058bfb60a2df122bd1583d,1,Ambiguous References; Format Ambiguity,1089,0.874
1421ad2e15058bfb60a2df122bd1583d,2,Vague / Missing Context; Ambiguous References,53,0.288
2645c8ff43df36533a35f2181bdb346f,1,Ambiguous References; Format Ambiguity,40,0.324
895081527702c290deeb02f3888051c8,2,Ambiguous References,107,0.247
e532068dff04599b49a14a2dcea07b44,1,Ambiguous References; Format Ambiguity,684,0.613
40dc954680a73bbe8f62e0d2b4e7a1b9,1,Vague / Missing Context; Format Ambiguity; Overloaded Prompt; Unnecessary Repetition; Conflicting Constraints; Bias / Loaded Framing; Formality / Audience Mismatch; Irrelevant / Excessive Persona; Ambiguous References,3662,1.337
514bcd1f05f28475d98ca61cf40c7df1,1,Ambiguous References; Format Ambiguity,42,0.274
4ecfb62c9829262af13576f47b7115ae,1,Ambiguous References; Format Ambiguity,825,0.368
57a24b9ddc09293f98687d1e1cbc4395,1,Ambiguous References,49,0.272
57a24b9ddc09293f98687d1e1cbc4395,2,Ambiguous References,50,0.206
08af82513fa61dc4e148bd06c89fe133,1,Vague / Missing Context; Ambiguous References,389,0.304
08af82513fa61dc4e148bd06c89fe133,2,Vague / Missing Context; Ambiguous References; Format Ambiguity; Overloaded Prompt; Unnecessary Repetition; Conflicting Constraints; Bias / Loaded Framing; Formality / Audience Mismatch,155,0.646
2fe9fce8649119707a05d48a52cc736f,4,Vague / Missing Context; Ambiguous References,126,0.306
1a8960172d0f0ffbb94a8ffc9751f610,1,Ambiguous References; Format Ambiguity,1283,0.724
3a84ad59ca5b0e2545b458e0068d4bfa,1,Ambiguous References; Format Ambiguity,61,0.319
f443b5e53a79f01685765ea5c4a5f91e,1,Ambiguous References; Format Ambiguity,1188,0.668
a59b4b976a24b9f74d4eab02ed141b8c,1,Vague / Missing Context; Ambiguous References; Format Ambiguity; Overloaded Prompt; Unnecessary Repetition; Conflicting Constraints; Bias / Loaded Framing; Formality / Audience Mismatch,2053,0.923
1805293fb4f1c3ae39bbaab5d9fb625e,1,Vague / Missing Context; Ambiguous References,667,0.369
33f0f2f8773fbf2316be15b5137a7799,1,Vague / Missing Context; Ambiguous References,4000,0.884
33f0f2f8773fbf2316be15b5137a7799,2,Ambiguous References; Format Ambiguity,52,0.271
33f0f2f8773fbf2316be15b5137a7799,3,Ambiguous References; Format Ambiguity,79,0.271
33f0f2f8773fbf2316be15b5137a7799,4,Vague / Missing Context,15,0.241
33f0f2f8773fbf2316be15b5137a7799,5,Vague / Missing Context; Ambiguous References,4000,0.707
ee0cf02eb781b3d551d90d2b2f940655,1,Ambiguous References; Format Ambiguity; Overloaded Prompt; Prompt Bloat / Convoluted Prompt; Unnecessary Repetition; Conflicting Constraints; Bias / Loaded Framing; Formality / Audience Mismatch; Vague / Missing Context,1235,1.105
0769a078d1c5c65fa2955d7e71ce589e,1,Ambiguous References; Format Ambiguity,1642,0.804
72f88d6705e54477b2c9e56fcac2a9fd,1,Ambiguous References,1290,0.999
51bc669b97949b32b584a21c915accb4,1,Ambiguous References; Overloaded Prompt,4000,0.915
51bc669b97949b32b584a21c915accb4,2,Vague / Missing Context; Ambiguous References,4000,0.750
f70407cf3670b423785d0afea2492150,2,Ambiguous References,166,0.280
f70407cf3670b423785d0afea2492150,3,Ambiguous References; Format Ambiguity,189,0.344
f70407cf3670b423785d0afea2492150,4,Ambiguous References; Format Ambiguity,220,0.346
f70407cf3670b423785d0afea2492150,5,Ambiguous References; Format Ambiguity,277,0.300
f70407cf3670b423785d0afea2492150,6,Ambiguous References; Format Ambiguity,330,0.274
47adda60ca66079df77f9a0252ba63f2,1,Vague / Missing Context; Ambiguous References,624,0.325
3bb5cac0741cf1c64a26f9fc6c722837,1,Ambiguous References; Format Ambiguity,645,0.685
3bb5cac0741cf1c64a26f9fc6c722837,2,Ambiguous References; Format Ambiguity,18,0.265
3bb5cac0741cf1c64a26f9fc6c722837,3,Ambiguous References; Format Ambiguity,52,0.266
3bb5cac0741cf1c64a26f9fc6c722837,4,Ambiguous References; Format Ambiguity,383,0.502
ede6219f4da9c473a4fb3d7a109817cb,1,Ambiguous References,1295,1.024
8772b0f847f34f8c2fd5622b9fbbc702,1,Vague / Missing Context; Ambiguous References; Format Ambiguity,940,0.446
a6a48f6e14bb41f081cd460f56ff563d,1,Ambiguous References,1295,1.024
7dd6e3ea500301333559a11004f8a683,1,Ambiguous References,1295,0.839
7dc0ea55865c716f8b3f8d8bceb3fb0a,1,Vague / Missing Context; Format Ambiguity,553,0.348
5f6b0f936266fd24f27f199583e7dfcf,1,Ambiguous References,269,0.727
5f6b0f936266fd24f27f199583e7dfcf,2,Ambiguous References,55,0.231
5f6b0f936266fd24f27f199583e7dfcf,3,Ambiguous References,33,0.190
5f6b0f936266fd24f27f199583e7dfcf,4,Vague / Missing Context; Ambiguous References,51,0.279
5f6b0f936266fd24f27f199583e7dfcf,5,Vague / Missing Context,19,0.240
5f6b0f936266fd24f27f199583e7dfcf,6,Vague / Missing Context,15,0.238
5f6b0f936266fd24f27f199583e7dfcf,7,Vague / Missing Context; Ambiguous References,39,0.286
b29a61dc31e104f87c51378d7538f548,1,Ambiguous References,1446,1.005
e17cd9631f50512d9703722d77e8a4f6,1,Ambiguous References,1446,0.815
276a0785a1c4e24bea369df051727391,1,Ambiguous References,1455,1.017
be081e809d452a51f7cd53e5c77ddf97,1,Ambiguous References,1455,1.017
96e131e8aed3439d8abe50940043b75d,1,Ambiguous References,1455,0.996
38f98fc65bff90bcf805891d13783e6d,1,Ambiguous References,35,0.249
c3f4a5fb7b24e1ede8b91695dfd5048b,1,Vague / Missing Context; Ambiguous References; Format Ambiguity; Overloaded Prompt; Unnecessary Repetition; Conflicting Constraints; Bias / Loaded Framing; Formality / Audience Mismatch; Irrelevant / Excessive Persona,4000,1.233
4f1ea10603f8787a8451c365c656e0d9,1,Vague / Missing Context; Ambiguous References; Format Ambiguity; Overloaded Prompt; Unnecessary Repetition; Conflicting Constraints; Bias / Loaded Framing; Formality / Audience Mismatch; Irrelevant / Excessive Persona,4000,0.713
a78afc983e30fe14f654c8764f548bb7,1,Ambiguous References; Format Ambiguity,1591,0.913
a78afc983e30fe14f654c8764f548bb7,2,Vague / Missing Context; Ambiguous References,53,0.286
a78afc983e30fe14f654c8764f548bb7,3,Ambiguous References; Format Ambiguity,553,0.348
a78afc983e30fe14f654c8764f548bb7,4,Ambiguous References; Format Ambiguity,123,0.371
020d0a1cd3e1475ddd472219a772219a,1,Vague / Missing Context; Ambiguous References; Format Ambiguity; Overloaded Prompt; Unnecessary Repetition; Conflicting Constraints; Bias / Loaded Framing; Formality / Audience Mismatch; Irrelevant / Excessive Persona,4000,1.239
e05d7ae65479d2425594d12f1ef872a7,1,Vague / Missing Context; Ambiguous References; Format Ambiguity; Overloaded Prompt; Unnecessary Repetition; Conflicting Constraints; Bias / Loaded Framing; Formality / Audience Mismatch; Irrelevant / Excessive Persona,4000,0.714
34da679e1f4cf9f4793b45d241994070,1,Ambiguous References; Format Ambiguity,1591,0.884
34da679e1f4cf9f4793b45d241994070,2,Vague / Missing Context; Ambiguous References,53,0.285
34da679e1f4cf9f4793b45d241994070,3,Ambiguous References; Format Ambiguity,527,0.342
34da679e1f4cf9f4793b45d241994070,4,Ambiguous References; Format Ambiguity,123,0.372
636e6ef3f184b823007e309f3bec98ab,1,Vague / Missing Context; Ambiguous References; Format Ambiguity; Overloaded Prompt; Unnecessary Repetition; Conflicting Constraints; Bias / Loaded Framing; Formality / Audience Mismatch; Irrelevant / Excessive Persona,4000,1.232
b504cd0e3f5e7ebdaefe883902ffb673,1,Ambiguous References; Format Ambiguity,723,0.480
2e30c9b8b8374528003c51d79123ba6d,1,Ambiguous References; Format Ambiguity,741,0.840
78ff696c036a8122440791429d99f9e3,1,Vague / Missing Context; Ambiguous References,31,0.280
ec6e8ea65c53a477d0a5f701a984bfa5,1,Ambiguous References; Format Ambiguity,1591,0.886
ec6e8ea65c53a477d0a5f701a984bfa5,2,Vague / Missing Context; Ambiguous References,53,0.287
ec6e8ea65c53a477d0a5f701a984bfa5,3,Vague / Missing Context; Format Ambiguity,649,0.683
ec6e8ea65c53a477d0a5f701a984bfa5,4,Ambiguous References; Format Ambiguity,194,0.349
05999ea9d1bfc5df96ede7602ac77b96,1,Ambiguous References; Format Ambiguity,132,0.338
05999ea9d1bfc5df96ede7602ac77b96,2,Ambiguous References; Format Ambiguity,26,0.257
2753cf6e6855e9221a9b7a5e47113b2e,1,Vague / Missing Context; Ambiguous References,4000,0.753
2753cf6e6855e9221a9b7a5e47113b2e,2,Vague / Missing Context; Ambiguous References,87,0.326
2753cf6e6855e9221a9b7a5e47113b2e,3,Vague / Missing Context; Ambiguous References,44,0.264
2753cf6e6855e9221a9b7a5e47113b2e,4,Ambiguous References; Format Ambiguity,124,0.380
2753cf6e6855e9221a9b7a5e47113b2e,5,Ambiguous References; Format Ambiguity,456,0.370
2753cf6e6855e9221a9b7a5e47113b2e,6,Ambiguous References; Format Ambiguity,26,0.229
2753cf6e6855e9221a9b7a5e47113b2e,7,Ambiguous References; Format Ambiguity,38,0.297
d0b83914cab8d6978ed52f4d2379893e,1,Ambiguous References; Format Ambiguity,354,0.474
d0b83914cab8d6978ed52f4d2379893e,2,Ambiguous References; Format Ambiguity,354,0.419
d0b83914cab8d6978ed52f4d2379893e,3,Ambiguous References; Format Ambiguity,354,0.387
d0b83914cab8d6978ed52f4d2379893e,4,Vague / Missing Context; Format Ambiguity,310,0.301
c34fa42fe0dded09c2d8470c22d14716,1,Vague / Missing Context; Ambiguous References,64,0.278
e82bfa429468dff67e4d8f2d4604ac3e,1,Vague / Missing Context; Ambiguous References,309,0.319
e82bfa429468dff67e4d8f2d4604ac3e,2,Ambiguous References; Format Ambiguity,354,0.441
8d339f4d74ac3bec7605505d0243d4ea,1,Vague / Missing Context; Ambiguous References,46,0.260
d16f83c3826d9c031706756605ec3616,1,Ambiguous References; Format Ambiguity,1591,0.885
d16f83c3826d9c031706756605ec3616,2,Ambiguous References; Format Ambiguity,65,0.325
d16f83c3826d9c031706756605ec3616,3,Ambiguous References; Format Ambiguity,464,0.690
d16f83c3826d9c031706756605ec3616,4,Ambiguous References; Format Ambiguity,206,0.309
fab52f6102b5fa2d884f07c10da6618f,1,Ambiguous References; Format Ambiguity,354,0.474
fab52f6102b5fa2d884f07c10da6618f,2,Vague / Missing Context; Format Ambiguity,299,0.265
fab52f6102b5fa2d884f07c10da6618f,3,Ambiguous References; Format Ambiguity,328,0.345
c98eb3d2c443b1f941e411837ee60d76,1,Ambiguous References; Format Ambiguity,56,0.313
2090c0f6204b29d90c9f7377b4d3cab4,2,Ambiguous References; Format Ambiguity,26,0.305
4ccff7468d3b93777bf711ee3471697b,1,Ambiguous References; Format Ambiguity,394,0.368
74282ff13a63e51bc5e8e3a97696d63f,1,Ambiguous References; Format Ambiguity,296,0.319
b2ac5d3a698402202490680373072869,1,Ambiguous References,38,0.211
b2ac5d3a698402202490680373072869,2,Ambiguous References; Vague / Missing Context,119,0.369
b2ac5d3a698402202490680373072869,3,Ambiguous References; Vague / Missing Context,129,0.391
b2ac5d3a698402202490680373072869,4,Ambiguous References; Format Ambiguity,163,0.365
dedd68d6adb91b9d8b44878954dc8118,1,Ambiguous References; Format Ambiguity,319,0.322
62b845f7f7d7bb108666fa9f20597b9d,1,Ambiguous References; Format Ambiguity,4000,1.050
62b845f7f7d7bb108666fa9f20597b9d,2,Vague / Missing Context,39,0.273
62b845f7f7d7bb108666fa9f20597b9d,3,Vague / Missing Context; Ambiguous References,14,0.280
21313f9c1996f931f98ad7ade62747d2,1,Ambiguous References; Format Ambiguity,354,0.326
a5bdf6dd22d1a48aa3ba17393158b73f,1,Ambiguous References; Format Ambiguity,110,0.294
a5bdf6dd22d1a48aa3ba17393158b73f,2,Ambiguous References; Format Ambiguity,111,0.368
a5bdf6dd22d1a48aa3ba17393158b73f,3,Ambiguous References; Format Ambiguity,110,0.241
a5bdf6dd22d1a48aa3ba17393158b73f,4,Ambiguous References,89,0.212
a5bdf6dd22d1a48aa3ba17393158b73f,5,Ambiguous References,89,0.190
a5bdf6dd22d1a48aa3ba17393158b73f,6,Ambiguous References; Format Ambiguity,107,0.252
3892f433d3565bc6683aa7c5df0aadba,1,Ambiguous References,180,0.411
cef46af2a9161d6c6734cf648d327d84,1,Ambiguous References; Format Ambiguity,189,0.380
111e1b90e63911443c0e5b33f9f6c41e,1,Ambiguous References; Format Ambiguity,185,0.369
07604129b49f0bf822466f35573b6798,1,Ambiguous References; Format Ambiguity,1247,0.813
a21e394f7617d05905ee05dd23b57230,1,Vague / Missing Context; Ambiguous References,4000,0.838
a21e394f7617d05905ee05dd23b57230,2,Vague / Missing Context; Ambiguous References,27,0.234
57cb02c7ab9bceb494ee2be524cf6aad,1,Ambiguous References; Format Ambiguity,185,0.381
e4093d20053a32d89c15abba07df0a40,1,Ambiguous References; Format Ambiguity,46,0.266
65c7f787c597e72d47501f814c5c6ce5,3,Ambiguous References; Format Ambiguity,64,0.312
0c06fb0f35b274f13dcd678907500893,1,Ambiguous References; Format Ambiguity,210,0.483
4f3352268eae854b4a276de985ca4f50,1,Ambiguous References; Format Ambiguity,209,0.461
7f59583df47f4c323941c1ac30d965df,1,Ambiguous References; Format Ambiguity,417,0.454
07ca17535781e9af31ca098bb1fac9ae,1,Ambiguous References; Format Ambiguity,209,0.483
de312fa83fc07161fc264b5398c31c20,1,Ambiguous References; Format Ambiguity,208,0.620
9516be5e654311bf39ca437201c46e00,1,Ambiguous References; Format Ambiguity,412,0.382
dd9dcf3ae1fb0be78f08711e634f7e5d,1,Ambiguous References; Format Ambiguity,402,0.548
a8e8e8d83857a3b410667428e81f9f1f,1,Ambiguous References; Format Ambiguity,412,0.382
18effa3b4cd91b2b1555734a8c8d438a,1,Ambiguous References; Format Ambiguity,746,0.661
02a334a163351e6ada47775f7f34cf92,2,Vague / Missing Context; Ambiguous References,26,0.229
e88f425f110e7ac59b9ce7203d250497,1,Vague / Missing Context; Ambiguous References,457,0.413
c0cf6378e512001daadd6f2cf80eae24,1,Ambiguous References; Format Ambiguity,746,0.624
7f4a83919ee3d06b3fc6cece8bda763e,1,Ambiguous References; Format Ambiguity,862,0.514
322ded381cce666aa86dac2b97688cc1,1,Ambiguous References; Format Ambiguity,529,0.697
049959debe662174168fe98db0c9c55a,1,Ambiguous References; Format Ambiguity,882,0.566
07e2e7f9bfca9272ed5f7057a06fa526,1,Vague / Missing Context; Ambiguous References; Format Ambiguity,1433,0.575
a1c516cf34b6ae35b2768619301b8507,1,Ambiguous References; Format Ambiguity,888,0.566
097b61623d11fab9f3f3970f47c801d2,1,Ambiguous References; Format Ambiguity,288,0.296
097b61623d11fab9f3f3970f47c801d2,2,Vague / Missing Context; Ambiguous References,287,0.291
097b61623d11fab9f3f3970f47c801d2,3,Vague / Missing Context; Ambiguous References,297,0.291
3c6e0b8aa35cab1f329164073a5ccba6,1,Ambiguous References; Format Ambiguity,930,0.575
a5d07b405041cbc6cfcc3b08ab4c3f84,1,Ambiguous References; Format Ambiguity,899,0.483
2013b1f7eb6db657685ad90bc5e2e7b1,1,Ambiguous References; Format Ambiguity,231,0.491
e3e73c856978fd0036e80f614f239e66,1,Vague / Missing Context,44,0.244
f3cac5c25944b225904731f6c9f2190c,1,Ambiguous References; Format Ambiguity,231,0.491
5cda33098eac3e4f102d02aabad9e7d5,1,Ambiguous References; Format Ambiguity,223,0.641
875995f9362411d4e6de4acd0b895eec,1,Ambiguous References; Format Ambiguity,527,0.658
fa0722770655bf100d263739d1b1f61e,1,Ambiguous References; Format Ambiguity,539,0.642
828f3b08c2d61d659f88456e817fa084,1,Ambiguous References; Format Ambiguity,207,0.485
51c57a0da0581ae80a3625a8244963d3,1,Vague / Missing Context; Ambiguous References; Format Ambiguity,205,0.534
a3c7368d7274d5b9cb66208d46e8f991,4,Ambiguous References,33,0.312
88faa396a348a4431cb1909fb2cc075d,1,Ambiguous References; Format Ambiguity,634,0.710
88faa396a348a4431cb1909fb2cc075d,2,Ambiguous References,552,0.742
b1b23b45f3d6c8c5b8910e3cc68ebc67,1,Ambiguous References; Format Ambiguity,206,0.423
3450964a110033db826343419ee325cd,1,Ambiguous References; Format Ambiguity,206,0.408
5e28dc6fdf8d64467b8ece464e22ba86,1,Ambiguous References; Format Ambiguity,194,0.399
b185d8c81f0ee4b1efd25cb27414437f,1,Ambiguous References; Format Ambiguity,575,0.655
08c273f23c1a86fd5ec1bfa413690d18,1,Ambiguous References; Format Ambiguity,278,0.577
08c273f23c1a86fd5ec1bfa413690d18,2,Vague / Missing Context; Ambiguous References,53,0.284
5616e65d0fea30d61799e4ce68880d94,1,Ambiguous References; Format Ambiguity,37,0.265
08476ca0445709615a6ecefd66a616ee,1,Ambiguous References; Format Ambiguity,196,0.376
c817239b8dc309493ee0e6b640708d83,1,Ambiguous References; Format Ambiguity,603,0.702
c389906b1584b25de4790f358ab16b18,1,Vague / Missing Context; Format Ambiguity,287,0.384
e7602808796afe88b902090b0ebf5ac5,2,Vague / Missing Context; Ambiguous References,60,0.284
82c3eeb4224c6092913e62880537df9d,1,Ambiguous References; Format Ambiguity,605,0.662
eafa18c96eca31a96aec4872178ad482,1,Vague / Missing Context; Ambiguous References,137,0.289
eafa18c96eca31a96aec4872178ad482,2,Vague / Missing Context; Ambiguous References,144,0.426
eafa18c96eca31a96aec4872178ad482,3,Vague / Missing Context; Ambiguous References,197,0.279
eafa18c96eca31a96aec4872178ad482,4,Vague / Missing Context; Ambiguous References,261,0.282
eafa18c96eca31a96aec4872178ad482,5,Ambiguous References; Format Ambiguity,380,0.317
eafa18c96eca31a96aec4872178ad482,6,Ambiguous References; Format Ambiguity,524,0.334
eafa18c96eca31a96aec4872178ad482,7,Ambiguous References; Format Ambiguity,607,0.314
eafa18c96eca31a96aec4872178ad482,8,Ambiguous References; Format Ambiguity,674,0.311
eafa18c96eca31a96aec4872178ad482,9,Ambiguous References; Format Ambiguity,696,0.313
c9f06b8ba76fdbb0470d5126e413e745,1,Ambiguous References; Format Ambiguity,634,0.665
3c291f3e5b1ec287f5d5d49705cc3f01,1,Ambiguous References; Format Ambiguity,637,0.357
d898302b9607842f6110906d34985286,1,Vague / Missing Context; Format Ambiguity,289,0.384
d898302b9607842f6110906d34985286,2,Vague / Missing Context; Ambiguous References,53,0.285
3853436543afd53c38198002ad698e8c,1,Ambiguous References; Format Ambiguity,83,0.358
1c30191a53cd4638288a92af7d56c61d,1,Ambiguous References; Format Ambiguity,3062,0.954
1c30191a53cd4638288a92af7d56c61d,2,Ambiguous References; Format Ambiguity,3141,1.028
8fc73cd8c9cb3d6c27245c8a11633b89,1,Ambiguous References; Format Ambiguity,646,0.719
bb8cac9c93e59df5c4bb039e13bbad08,1,Ambiguous References; Format Ambiguity,204,0.384
b4422c075a468cd3f5ae3b45a5141d16,1,Ambiguous References; Format Ambiguity,195,0.356
82a8425f6de97ed8508ce530371a7f3e,1,Vague / Missing Context; Ambiguous References,78,0.279
b7ea14efa45f6464673e14bad3660471,1,Vague / Missing Context; Ambiguous References,59,0.273
b7ea14efa45f6464673e14bad3660471,2,Ambiguous References; Format Ambiguity,799,0.635
b7ea14efa45f6464673e14bad3660471,3,Vague / Missing Context; Ambiguous References,91,0.280
b7ea14efa45f6464673e14bad3660471,4,Ambiguous References; Format Ambiguity,321,0.410
b7ea14efa45f6464673e14bad3660471,5,Vague / Missing Context; Format Ambiguity,598,0.368
b7ea14efa45f6464673e14bad3660471,6,Vague / Missing Context; Format Ambiguity,106,0.260
b7ea14efa45f6464673e14bad3660471,7,Vague / Missing Context; Format Ambiguity,106,0.299
70655e45841743b21b0a0058bf8ddb9b,1,Ambiguous References,34,0.217
70655e45841743b21b0a0058bf8ddb9b,2,No Smell,10,0.202
b19df29f2a058cf90171567d4eb82ce2,1,Ambiguous References; Format Ambiguity,685,0.670
33b02d549ff55ac88b87f9837a210708,1,Ambiguous References; Format Ambiguity,236,0.351
967bd49f5d97ec68baa8f438c5d88f80,1,Vague / Missing Context,30,0.243
eeb74df17287b35188256b82bd2749a3,1,Ambiguous References; Format Ambiguity,702,0.633
6a605d5a935dead394982d5f612008ba,1,Vague / Missing Context; Ambiguous References,649,0.701
c83e4a63ba064e9040f7527e56cdf0d3,1,Vague / Missing Context; Format Ambiguity; Overloaded Prompt; Unnecessary Repetition; Conflicting Constraints; Bias / Loaded Framing; Formality / Audience Mismatch; Ambiguous References,291,1.006
c83e4a63ba064e9040f7527e56cdf0d3,2,Vague / Missing Context; Ambiguous References,90,0.314
c83e4a63ba064e9040f7527e56cdf0d3,3,Vague / Missing Context; Ambiguous References; Format Ambiguity; Overloaded Prompt; Unnecessary Repetition; Conflicting Constraints; Bias / Loaded Framing; Formality / Audience Mismatch,48,0.701
053c4a93d892c319f970c6a6f1335044,1,Vague / Missing Context; Ambiguous References,240,0.309
053c4a93d892c319f970c6a6f1335044,2,Ambiguous References; Format Ambiguity,71,0.326
053c4a93d892c319f970c6a6f1335044,3,Ambiguous References; Format Ambiguity,66,0.345
053c4a93d892c319f970c6a6f1335044,4,Ambiguous References; Format Ambiguity,35,0.263
053c4a93d892c319f970c6a6f1335044,5,Vague / Missing Context,43,0.299
0a098ebd3b1b0616230604c66fdd4df4,2,Vague / Missing Context; Ambiguous References,22,0.333
0a098ebd3b1b0616230604c66fdd4df4,3,Vague / Missing Context; Ambiguous References; Format Ambiguity; Overloaded Prompt; Unnecessary Repetition; Conflicting Constraints; Bias / Loaded Framing; Formality / Audience Mismatch,95,0.639
0a098ebd3b1b0616230604c66fdd4df4,4,Vague / Missing Context; Ambiguous References,31,0.263
0a098ebd3b1b0616230604c66fdd4df4,6,Vague / Missing Context; Ambiguous References,69,0.286
0a098ebd3b1b0616230604c66fdd4df4,9,Vague / Missing Context; Ambiguous References,26,0.237
0a098ebd3b1b0616230604c66fdd4df4,10,Vague / Missing Context; Ambiguous References,37,0.257
0a098ebd3b1b0616230604c66fdd4df4,11,Vague / Missing Context,46,0.245
0a098ebd3b1b0616230604c66fdd4df4,12,Vague / Missing Context; Ambiguous References,71,0.277
0a098ebd3b1b0616230604c66fdd4df4,13,Vague / Missing Context,80,0.246
0a098ebd3b1b0616230604c66fdd4df4,14,No Smell,30,0.205
0a098ebd3b1b0616230604c66fdd4df4,15,Vague / Missing Context; Ambiguous References,52,0.298
0a098ebd3b1b0616230604c66fdd4df4,16,Vague / Missing Context; Ambiguous References,43,0.265
0a098ebd3b1b0616230604c66fdd4df4,17,Vague / Missing Context; Ambiguous References,109,0.293
0a098ebd3b1b0616230604c66fdd4df4,18,Vague / Missing Context; Ambiguous References,43,0.280
0a098ebd3b1b0616230604c66fdd4df4,19,Ambiguous References; Format Ambiguity,55,0.251
ef8cb74abd62475a2fef22269ea338f4,1,Ambiguous References; Format Ambiguity; Overloaded Prompt; Conflicting Constraints; Unnecessary Repetition; Bias / Loaded Framing; Vague / Missing Context,674,0.683
c10be9e563339cc02f6cb8faea9ee2c9,1,Ambiguous References; Format Ambiguity,43,0.271
c10be9e563339cc02f6cb8faea9ee2c9,2,Ambiguous References; Format Ambiguity,75,0.285
5dee1d8f2da3fb34eab034ef7aa5d78f,1,Ambiguous References; Format Ambiguity; Overloaded Prompt; Vague / Missing Context; Unnecessary Repetition; Conflicting Constraints; Bias / Loaded Framing,325,1.034
ea2a0aaf9db4288875ee84a7b2317f21,1,Vague / Missing Context; Format Ambiguity,370,0.446
49d1405254688e9d4a85bd2f61db6017,1,Vague / Missing Context; Ambiguous References,139,0.280
49d1405254688e9d4a85bd2f61db6017,2,Vague / Missing Context; Format Ambiguity,95,0.304
49d1405254688e9d4a85bd2f61db6017,3,Ambiguous References,55,0.234
49d1405254688e9d4a85bd2f61db6017,4,Ambiguous References; Format Ambiguity,94,0.274
49d1405254688e9d4a85bd2f61db6017,5,Vague / Missing Context; Ambiguous References,66,0.265
49d1405254688e9d4a85bd2f61db6017,6,Ambiguous References,39,0.225
90ab7cd637c0eed7575cb988c6512f4d,1,Ambiguous References; Format Ambiguity; Overloaded Prompt; Conflicting Constraints; Unnecessary Repetition; Bias / Loaded Framing; Vague / Missing Context,695,0.701
82c3408d5711ecd7f0f6a352aab02839,1,Ambiguous References; Format Ambiguity,649,0.453
aaee0713473a8232f300c584df683583,1,Ambiguous References; Format Ambiguity,425,0.508
aaee0713473a8232f300c584df683583,2,Ambiguous References; Format Ambiguity,65,0.324
35cbbf390fbb63457631ac8c7554ffde,1,Ambiguous References; Format Ambiguity,34,0.257
f8dbffdfc58b04e08fac8b0184e27e01,1,Ambiguous References; Format Ambiguity,669,0.387
095389d544cf5d87d73c6db09a003b63,1,Ambiguous References; Format Ambiguity,48,0.273
f08ff8291096f2a28a242b7cf888b9d6,3,Ambiguous References; Format Ambiguity,23,0.256
f08ff8291096f2a28a242b7cf888b9d6,4,Ambiguous References,19,0.289
f08ff8291096f2a28a242b7cf888b9d6,6,Ambiguous References; Format Ambiguity,275,0.611
f08ff8291096f2a28a242b7cf888b9d6,7,Ambiguous References,18,0.281
f08ff8291096f2a28a242b7cf888b9d6,11,Ambiguous References; Format Ambiguity,244,0.548
1c8cf6e36665c7028d051d67a2d8d588,1,Vague / Missing Context; Format Ambiguity,212,0.302
a95bf561e5b072e02ec11f4fe9657812,2,Ambiguous References; Format Ambiguity,21,0.221
a95bf561e5b072e02ec11f4fe9657812,3,Vague / Missing Context; Ambiguous References,44,0.277
ad426bea7e18969c0ae966fd90ff21aa,1,Ambiguous References; Format Ambiguity,666,0.378
72e96869a0f54d10bd0b44c70459f3e3,1,Vague / Missing Context; Ambiguous References,259,0.304
bca4719584567e1bc922854df872b244,1,Ambiguous References; Format Ambiguity,682,0.392
996bcbf0ba1d7123fd310fcf1d62e980,1,Vague / Missing Context; Ambiguous References; Format Ambiguity,226,0.330
996bcbf0ba1d7123fd310fcf1d62e980,2,Vague / Missing Context,50,0.258
73a374713fe0be0ddfd9160c22c738e0,1,Vague / Missing Context; Format Ambiguity,216,0.291
96bbb3c8e984f9b39d9575ede35f47f7,1,Ambiguous References; Format Ambiguity,794,0.764
96bbb3c8e984f9b39d9575ede35f47f7,2,Vague / Missing Context; Format Ambiguity,805,0.606
1315e5a6ba69563b925c4d21ac4319a1,1,Vague / Missing Context; Format Ambiguity,805,0.536
1ba66065101d84b02a1330f4dde2521f,1,Ambiguous References; Format Ambiguity,688,0.381
4e82c142da688268e5778653c44eda37,1,Vague / Missing Context; Format Ambiguity,342,0.307
e51f7b0bdd4b2fab4222e4f4b5bd2ba7,1,Vague / Missing Context; Ambiguous References,82,0.279
168c3814dafe903c5c96d94e345ce0b2,1,Ambiguous References; Format Ambiguity,425,0.507
168c3814dafe903c5c96d94e345ce0b2,2,Vague / Missing Context; Ambiguous References,53,0.285
168c3814dafe903c5c96d94e345ce0b2,3,Ambiguous References; Overloaded Prompt; Format Ambiguity; Unnecessary Repetition; Conflicting Constraints; Bias / Loaded Framing; Vague / Missing Context,13,0.540
1ae7d0c88fe72d89afa20cff9bef27e5,1,Vague / Missing Context; Format Ambiguity,343,0.308
b1e80cecffb6e2a0d74d3f118ff8dd36,1,Ambiguous References; Format Ambiguity; Overloaded Prompt; Unnecessary Repetition; Conflicting Constraints; Bias / Loaded Framing; Vague / Missing Context,2509,1.152
80f08d1a611cb040d70184e0a5f12671,1,Ambiguous References; Format Ambiguity,806,0.402
ce3fabca43492ac8a0b0209e8e858be5,1,Ambiguous References; Format Ambiguity,809,0.474
377cc569fcb0c3863be49e6d28a72d7a,1,Vague / Missing Context; Ambiguous References,53,0.280
377cc569fcb0c3863be49e6d28a72d7a,2,Ambiguous References; Overloaded Prompt; Format Ambiguity; Vague / Missing Context; Unnecessary Repetition; Conflicting Constraints; Bias / Loaded Framing,49,0.650
377cc569fcb0c3863be49e6d28a72d7a,3,Ambiguous References; Format Ambiguity,58,0.281
94377d31d0456bbd3b84bdff9f3f39f4,1,Ambiguous References; Format Ambiguity,794,0.763
94377d31d0456bbd3b84bdff9f3f39f4,2,Ambiguous References; Format Ambiguity,794,0.669
8836698304de740fcacf89a8619bc222,1,Vague / Missing Context; Format Ambiguity,395,0.313
f9879866fa52379d7061c97bfaa68130,1,Ambiguous References; Format Ambiguity,794,0.761
2ab23291c9c170b18b709cc603e08fdf,1,Ambiguous References; Format Ambiguity,830,0.648
cafdaae7fe97fdcadda45f7852d27066,1,Vague / Missing Context; Format Ambiguity,357,0.308
6111efc1df9f0cf295b2b571a831c90d,1,Ambiguous References; Format Ambiguity,877,0.716
43fadb7346fdaef98e87bdc1f741145e,1,Vague / Missing Context; Format Ambiguity,357,0.310
cc6f164fe603b81c6c186a2ca047b4ba,1,Ambiguous References; Format Ambiguity,878,0.800
994bfec1ebb369936837975fbfadce44,1,Vague / Missing Context; Ambiguous References; Format Ambiguity; Overloaded Prompt; Unnecessary Repetition; Conflicting Constraints; Bias / Loaded Framing; Formality / Audience Mismatch,33,0.605
83cecb006b8732393651e4750e33f32b,1,Ambiguous References; Format Ambiguity,839,0.565
f3a439b194779cc9f197fd08d2f44d43,1,Vague / Missing Context; Ambiguous References; Format Ambiguity; Overloaded Prompt; Unnecessary Repetition; Conflicting Constraints; Bias / Loaded Framing; Formality / Audience Mismatch,32,0.593
2200dd17a061b65848b4a8df6e026aec,1,Vague / Missing Context; Format Ambiguity,374,0.308
0fa110b93efa80df302ad6297cf9f666,1,Vague / Missing Context; Ambiguous References,401,0.290
93d7a0d67eb5440566f0eef711ab178c,1,Vague / Missing Context; Ambiguous References,82,0.278
93d7a0d67eb5440566f0eef711ab178c,2,Vague / Missing Context; Ambiguous References,107,0.327
7338c68017fc4611674c21419afff385,1,Ambiguous References; Format Ambiguity,80,0.251
7338c68017fc4611674c21419afff385,2,Ambiguous References; Format Ambiguity,379,0.384
7338c68017fc4611674c21419afff385,3,Ambiguous References; Format Ambiguity,31,0.266
7338c68017fc4611674c21419afff385,4,Vague / Missing Context; Ambiguous References,32,0.274
7338c68017fc4611674c21419afff385,5,Vague / Missing Context; Ambiguous References,43,0.278
7338c68017fc4611674c21419afff385,6,Ambiguous References; Format Ambiguity,34,0.336
7338c68017fc4611674c21419afff385,7,Vague / Missing Context; Ambiguous References,35,0.402
7338c68017fc4611674c21419afff385,8,Ambiguous References; Format Ambiguity,30,0.302
2d0aa2802de7c1b82d3043cee77809b7,1,Ambiguous References; Format Ambiguity; Overloaded Prompt; Conflicting Constraints; Unnecessary Repetition; Bias / Loaded Framing; Formality / Audience Mismatch; Vague / Missing Context,895,0.870
0ec3ed22da39577fa0b6ffa0ec03df11,1,Ambiguous References; Format Ambiguity,910,0.557
3c8161139f67130d90a2968fe3a8dc1b,1,Vague / Missing Context; Ambiguous References,11,0.243
3c8161139f67130d90a2968fe3a8dc1b,5,Ambiguous References; Format Ambiguity,46,0.263
3c8161139f67130d90a2968fe3a8dc1b,6,Vague / Missing Context; Ambiguous References; Format Ambiguity; Overloaded Prompt; Unnecessary Repetition; Conflicting Constraints; Bias / Loaded Framing; Formality / Audience Mismatch,29,0.625
3c8161139f67130d90a2968fe3a8dc1b,7,Vague / Missing Context; Format Ambiguity,12,0.260
e9440d1328b46645bd1360105b11f235,1,Vague / Missing Context; Ambiguous References,416,0.312
c7252fe2b285498b1906178ddcd7a45f,1,Vague / Missing Context; Ambiguous References,171,0.295
895e1c84a2688de62073345bf75eb92d,1,Ambiguous References; Format Ambiguity,938,0.715
caa644fde522e1c06fea6eaa7ac1e0c5,1,Ambiguous References; Format Ambiguity,86,0.252
839dc6a22f4c5ea838c070639c8aae36,1,Ambiguous References; Format Ambiguity,37,0.286
d0bee7fc592a8aef82002f96351c30fa,2,Vague / Missing Context; Ambiguous References,53,0.285
b306009088427515e0d6f09ee6e25412,1,Ambiguous References; Format Ambiguity,941,0.554
0f8e8a01893905f1eee096a29836f51b,1,Vague / Missing Context; Ambiguous References,2644,0.523
7e4ef8a45c0ff6c4c0908351a7869b36,1,Ambiguous References; Format Ambiguity,94,0.252
c96b4a18fde3a9692e477fef7b37b3b4,1,Vague / Missing Context; Format Ambiguity,290,0.631
c96b4a18fde3a9692e477fef7b37b3b4,2,Vague / Missing Context; Ambiguous References,32,0.275
c96b4a18fde3a9692e477fef7b37b3b4,3,Vague / Missing Context; Ambiguous References; Format Ambiguity; Overloaded Prompt; Unnecessary Repetition; Conflicting Constraints; Bias / Loaded Framing; Formality / Audience Mismatch,73,0.627
c96b4a18fde3a9692e477fef7b37b3b4,4,Ambiguous References,14,0.241
c96b4a18fde3a9692e477fef7b37b3b4,5,No Smell,36,0.164
c96b4a18fde3a9692e477fef7b37b3b4,6,Ambiguous References; Format Ambiguity; Overloaded Prompt; Unnecessary Repetition; Conflicting Constraints; Bias / Loaded Framing; Vague / Missing Context,68,0.589
0bc589ba07d839dea98d18d249fee0af,1,Ambiguous References; Format Ambiguity,865,0.682
5345e279f7912746182781843d560500,1,Ambiguous References; Format Ambiguity,102,0.335
6dd747b46fc60a9d73f5000491665060,1,Ambiguous References; Format Ambiguity,354,0.477
c2a0e152e6f27cafc5c7150a70c6d9c4,1,Vague / Missing Context; Format Ambiguity,1737,0.499
c2a0e152e6f27cafc5c7150a70c6d9c4,2,Ambiguous References; Format Ambiguity,3932,1.013
d5f56e4d203ddda87148a297394439f2,1,Ambiguous References; Format Ambiguity,868,0.749
67d3aa315eff8eb47219027b0aee5d02,1,Ambiguous References; Format Ambiguity,890,0.477
18e54d69af0b3c73f5a879c8b6184ac7,1,Ambiguous References; Format Ambiguity,787,0.418
18e54d69af0b3c73f5a879c8b6184ac7,2,Ambiguous References; Format Ambiguity,824,0.316
18e54d69af0b3c73f5a879c8b6184ac7,3,Ambiguous References; Format Ambiguity,824,0.292
18e54d69af0b3c73f5a879c8b6184ac7,4,Ambiguous References; Format Ambiguity,824,0.295
18e54d69af0b3c73f5a879c8b6184ac7,5,Ambiguous References; Format Ambiguity,853,0.324
f43ce58c40834dce23871d892de0f7ce,1,Ambiguous References; Format Ambiguity,897,0.680
de50c7c69e04bd93c016f628cf135784,1,Vague / Missing Context; Ambiguous References,74,0.552
cf53e31122b606104edb6eec2b96b371,1,Ambiguous References; Format Ambiguity,354,0.473
8a96dd61a6ed4fdaa39007ebfcdac3c1,1,Ambiguous References; Format Ambiguity,941,0.769
abe48398f1f401e5de6c92f2aeabd796,1,Ambiguous References; Format Ambiguity,1181,0.390
abe48398f1f401e5de6c92f2aeabd796,2,Ambiguous References; Format Ambiguity,1257,0.375
4de00ad4d1edc0a2df487524d9ae9413,1,Ambiguous References; Format Ambiguity; Overloaded Prompt; Conflicting Constraints; Unnecessary Repetition; Bias / Loaded Framing; Vague / Missing Context,936,1.047
7350f21f19297fec26038843106c7961,2,No Smell,18,0.184
7350f21f19297fec26038843106c7961,3,Vague / Missing Context,26,0.244
7350f21f19297fec26038843106c7961,5,Ambiguous References; Format Ambiguity,76,0.351
7350f21f19297fec26038843106c7961,6,Vague / Missing Context; Ambiguous References,34,0.257
4c5a65cb5a7713d72a2115ab3917188b,1,Vague / Missing Context; Format Ambiguity; Overloaded Prompt; Unnecessary Repetition; Conflicting Constraints; Bias / Loaded Framing; Formality / Audience Mismatch; Ambiguous References,4000,1.545
c931ae034b79ee9939d74882c64acccc,1,Vague / Missing Context; Format Ambiguity,387,0.313
6b336e20cea4da7f4494f43f49e309be,1,Ambiguous References; Format Ambiguity,935,0.597
96c7a98347fdf99084937fb8ec8638e9,1,Ambiguous References; Format Ambiguity,4000,1.005
02a8480befdf065e15fba96d5460580e,1,Vague / Missing Context; Format Ambiguity,388,0.314
85a9addc23bb1fa256f3233a0dbe93dc,1,Ambiguous References; Format Ambiguity,102,0.240
85a9addc23bb1fa256f3233a0dbe93dc,2,Ambiguous References; Format Ambiguity,113,0.238
85a9addc23bb1fa256f3233a0dbe93dc,3,Ambiguous References; Format Ambiguity,119,0.239
85a9addc23bb1fa256f3233a0dbe93dc,4,Ambiguous References; Format Ambiguity,126,0.238
85a9addc23bb1fa256f3233a0dbe93dc,5,Ambiguous References; Format Ambiguity,133,0.241
01e233f843a2f0d7aa0b8bec741ec660,1,Ambiguous References; Format Ambiguity; Overloaded Prompt; Conflicting Constraints; Unnecessary Repetition; Bias / Loaded Framing; Vague / Missing Context,959,1.027
aa4f49cce0c773dd139e793a7cea6d06,1,Vague / Missing Context; Format Ambiguity,226,0.536
506bf310e1a4fd44405f1476be43738a,1,Ambiguous References; Format Ambiguity,973,0.661
a48183e8f80cb20e89e8afc288cdcb61,1,Ambiguous References; Format Ambiguity,4000,0.729
a48183e8f80cb20e89e8afc288cdcb61,2,Vague / Missing Context; Ambiguous References,64,0.286
a48183e8f80cb20e89e8afc288cdcb61,3,Ambiguous References; Format Ambiguity,481,0.491
a48183e8f80cb20e89e8afc288cdcb61,4,Ambiguous References; Format Ambiguity,855,0.500
a48183e8f80cb20e89e8afc288cdcb61,5,Vague / Missing Context; Ambiguous References,111,0.300
a48183e8f80cb20e89e8afc288cdcb61,6,Ambiguous References,212,0.585
41ba9ca6fd66d12517a2b62451130e7c,1,Ambiguous References; Format Ambiguity; Overloaded Prompt; Conflicting Constraints; Unnecessary Repetition; Bias / Loaded Framing; Vague / Missing Context,937,0.997
02158d027d07be1d10e7a9462f585438,1,Vague / Missing Context; Format Ambiguity,226,0.535
ebc4fb10b0b65dc1569b87e62f910175,1,No Smell,214,0.351
18f34f00f67b603ef3ef78619102fe55,1,Ambiguous References; Format Ambiguity,945,0.564
7c70c27a76e15191cc4205b93f85b7ec,1,Ambiguous References; Overloaded Prompt,241,0.249
0f7895746147cf5383a494d735e791af,1,Vague / Missing Context; Format Ambiguity,233,0.577
4f3a66f8074879b0a8036e50ad288344,1,Ambiguous References; Format Ambiguity,250,0.408
e63369ce74bffa12e2b1801ca6490f9d,2,No Smell,24,0.197
b0a5c45228977c4eb86fb29ed015dcca,1,Ambiguous References; Format Ambiguity; Overloaded Prompt; Conflicting Constraints; Unnecessary Repetition; Bias / Loaded Framing; Vague / Missing Context,945,0.992
df20e1e45b5240b797432c01a8413aaf,4,Ambiguous References; Format Ambiguity,36,0.292
df20e1e45b5240b797432c01a8413aaf,7,Ambiguous References; Format Ambiguity,61,0.310
df20e1e45b5240b797432c01a8413aaf,8,Vague / Missing Context; Ambiguous References,85,0.324
df20e1e45b5240b797432c01a8413aaf,9,Ambiguous References; Format Ambiguity,72,0.278
df20e1e45b5240b797432c01a8413aaf,10,Ambiguous References; Format Ambiguity,80,0.270
df20e1e45b5240b797432c01a8413aaf,11,Ambiguous References; Format Ambiguity,100,0.334
df20e1e45b5240b797432c01a8413aaf,12,Vague / Missing Context; Ambiguous References; Format Ambiguity,78,0.318
6027b62b97ca5d2271634b35a09bea10,1,Vague / Missing Context; Format Ambiguity,226,0.537
6027b62b97ca5d2271634b35a09bea10,2,Vague / Missing Context; Format Ambiguity,189,0.407
9ee22f34b8e028245d09520dee8f3d47,5,Vague / Missing Context; Ambiguous References,52,0.316
9ee22f34b8e028245d09520dee8f3d47,6,Ambiguous References; Format Ambiguity,675,0.837
9ee22f34b8e028245d09520dee8f3d47,7,Ambiguous References; Format Ambiguity,461,0.586
9ee22f34b8e028245d09520dee8f3d47,8,Ambiguous References; Overloaded Prompt,43,0.284
a774120c80a420cd651221e27f0580f3,1,Ambiguous References,318,0.255
a774120c80a420cd651221e27f0580f3,2,Vague / Missing Context; Ambiguous References; Format Ambiguity; Overloaded Prompt; Unnecessary Repetition; Conflicting Constraints; Bias / Loaded Framing; Formality / Audience Mismatch,24,0.638
a774120c80a420cd651221e27f0580f3,3,Ambiguous References; Format Ambiguity,54,0.258
a774120c80a420cd651221e27f0580f3,4,Vague / Missing Context; Ambiguous References,63,0.286
a774120c80a420cd651221e27f0580f3,5,No Smell,40,0.183
a774120c80a420cd651221e27f0580f3,6,Vague / Missing Context; Ambiguous References,12,0.228
1ace5af0ce8db0fe90d4295f92edee88,1,Ambiguous References; Format Ambiguity; Overloaded Prompt; Conflicting Constraints; Unnecessary Repetition; Prompt Bloat / Convoluted Prompt,1029,1.006
a74b975a0e38df9a58ffda0f78d5b2fa,1,Vague / Missing Context; Ambiguous References; Format Ambiguity,234,0.449
6513a7f0bda7493faa3113e44d31ecdb,1,Vague / Missing Context; Format Ambiguity,226,0.538
706e26aa11ac6f3005c62032da9d776c,1,Vague / Missing Context; Format Ambiguity,455,0.321
8aeb795ed452e22f35a67be169d51ffe,1,Vague / Missing Context,107,0.246
8aeb795ed452e22f35a67be169d51ffe,2,Ambiguous References; Format Ambiguity,235,0.285
8aeb795ed452e22f35a67be169d51ffe,3,Vague / Missing Context; Ambiguous References,144,0.319
8aeb795ed452e22f35a67be169d51ffe,4,Ambiguous References; Format Ambiguity,98,0.266
30d9e3c43d7533f5e2a421d135885ce6,1,Ambiguous References; Format Ambiguity,51,0.397
30d9e3c43d7533f5e2a421d135885ce6,2,Vague / Missing Context; Ambiguous References,31,0.290
30d9e3c43d7533f5e2a421d135885ce6,3,Ambiguous References,36,0.274
21410778d69dc38e3df31e12cc6d6fe4,1,Ambiguous References; Format Ambiguity; Overloaded Prompt; Conflicting Constraints; Unnecessary Repetition,1071,0.981
1a157fdc11e5a82478dada6ca04500c8,1,Vague / Missing Context; Ambiguous References,35,0.252
aa11b1bc2f72a6da7d922508029fb43d,1,Ambiguous References; Format Ambiguity,1081,0.581
93637c3b24a84ddd849e776e805a34ce,1,Ambiguous References; Format Ambiguity,590,0.323
6a47d41ecb9a33561564f03c0ebcf633,1,Ambiguous References; Format Ambiguity,1112,0.678
202f019da661624edaedeebed9bf6716,1,Vague / Missing Context; Ambiguous References,1697,0.507
b333e993385b28fd88e8f0623fea3776,1,Vague / Missing Context; Format Ambiguity,429,0.476
b333e993385b28fd88e8f0623fea3776,2,Vague / Missing Context; Ambiguous References,53,0.284
b333e993385b28fd88e8f0623fea3776,3,Ambiguous References; Overloaded Prompt; Format Ambiguity; Unnecessary Repetition; Conflicting Constraints; Bias / Loaded Framing; Vague / Missing Context,14,0.496
b333e993385b28fd88e8f0623fea3776,4,Ambiguous References; Format Ambiguity,100,0.320
d43e518bb39fd5485f387d7525b9aedb,1,Vague / Missing Context; Format Ambiguity,390,0.312
9b008d7c2d7014992836c9a20bb40a51,1,Ambiguous References; Format Ambiguity,81,0.246
9b008d7c2d7014992836c9a20bb40a51,2,Ambiguous References; Format Ambiguity,72,0.253
bedc267123b0634da61cbd9d42d8e823,2,No Smell,22,0.151
bedc267123b0634da61cbd9d42d8e823,3,Ambiguous References; Format Ambiguity,25,0.267
bedc267123b0634da61cbd9d42d8e823,4,Vague / Missing Context; Ambiguous References,34,0.227
bedc267123b0634da61cbd9d42d8e823,5,Ambiguous References; Format Ambiguity,10,0.283
c3cd8dfbb5a56a3984b7dc076c5632af,1,Ambiguous References; Format Ambiguity,56,0.357
3f97330020c28742ba9959f6fc8ffe16,1,No Smell,4000,1.120
47fc7b25d3f2563d0e131224123b6a65,1,Ambiguous References,473,0.494
bfb142974f5e0ade51d751fbc932fa93,1,Vague / Missing Context; Ambiguous References,367,0.305
bfb142974f5e0ade51d751fbc932fa93,2,Vague / Missing Context; Ambiguous References; Format Ambiguity; Overloaded Prompt; Unnecessary Repetition; Conflicting Constraints; Bias / Loaded Framing; Formality / Audience Mismatch,155,0.644
00db9a5f40cc2a5fd9612223bc0dedc2,1,Ambiguous References; Format Ambiguity,1141,0.617
00db9a5f40cc2a5fd9612223bc0dedc2,2,Ambiguous References; Format Ambiguity,84,0.286
4b98b0da33b2bbcad08fcb4b2aa12841,2,Ambiguous References; Format Ambiguity,35,0.250
7f99f50f234a26f390f5057047cc6c1f,1,Ambiguous References; Format Ambiguity,486,0.316
d8a11a5c085d2deab19e4f75ee9268ea,1,Ambiguous References,558,0.602
17d4199527e203102f6d99f8d9ba5632,1,Ambiguous References; Format Ambiguity,1144,0.616
c681bdf9a5756237807f8d74db2ab341,1,Ambiguous References,557,0.660
d2ff2c1c4cb1bdc4e1d73d8c1a96008b,1,Ambiguous References; Format Ambiguity,1153,0.759
fd956cb72159534bdfbcaf812cf2036c,1,Format Ambiguity; Overloaded Prompt,1522,0.561
fd956cb72159534bdfbcaf812cf2036c,3,Ambiguous References; Format Ambiguity,148,0.318
fd956cb72159534bdfbcaf812cf2036c,5,Vague / Missing Context; Ambiguous References,12,0.247
fd956cb72159534bdfbcaf812cf2036c,6,Ambiguous References; Format Ambiguity,46,0.259
fd956cb72159534bdfbcaf812cf2036c,7,Ambiguous References; Format Ambiguity,62,0.239
fd956cb72159534bdfbcaf812cf2036c,8,Ambiguous References; Format Ambiguity,247,0.310
69e0033401b9831505b145179166f9f9,1,Vague / Missing Context; Ambiguous References,367,0.303
69e0033401b9831505b145179166f9f9,2,Vague / Missing Context; Ambiguous References; Format Ambiguity; Overloaded Prompt; Unnecessary Repetition; Conflicting Constraints; Bias / Loaded Framing; Formality / Audience Mismatch,155,0.646
69e0033401b9831505b145179166f9f9,3,Vague / Missing Context; Ambiguous References,384,0.305
69e0033401b9831505b145179166f9f9,4,Ambiguous References; Format Ambiguity; Overloaded Prompt; Vague / Missing Context; Unnecessary Repetition; Conflicting Constraints; Bias / Loaded Framing,154,0.811
69e0033401b9831505b145179166f9f9,5,Ambiguous References; Format Ambiguity,399,0.300
69e0033401b9831505b145179166f9f9,6,Ambiguous References; Format Ambiguity; Overloaded Prompt; Vague / Missing Context; Unnecessary Repetition; Conflicting Constraints; Bias / Loaded Framing,154,0.810
69e0033401b9831505b145179166f9f9,7,Vague / Missing Context; Ambiguous References,430,0.322
69e0033401b9831505b145179166f9f9,8,Ambiguous References; Format Ambiguity; Overloaded Prompt; Vague / Missing Context; Unnecessary Repetition; Conflicting Constraints; Bias / Loaded Framing,154,0.809
69e0033401b9831505b145179166f9f9,9,Vague / Missing Context; Ambiguous References,392,0.305
69e0033401b9831505b145179166f9f9,10,Ambiguous References; Format Ambiguity; Overloaded Prompt; Vague / Missing Context; Unnecessary Repetition; Conflicting Constraints; Bias / Loaded Framing,154,0.810
b6026964e51e95dd21ca6994fef1755d,1,Ambiguous References; Format Ambiguity,1157,0.596
322841ebf9b4d98683a96d893f90c305,1,Ambiguous References; Format Ambiguity,1216,0.606
1b812b451b011ae2056f8b0a42ee0d39,1,Vague / Missing Context,104,0.246
bfab086b2a5e3058554fb877f358d4da,1,Ambiguous References,24,0.213
8de087440b99154a3f5db9fbdf770839,1,Ambiguous References; Format Ambiguity,1271,0.608
10ac8a4a8d50ff9e8d5203246936c997,1,Vague / Missing Context; Format Ambiguity,226,0.537
56120c9355cdc166119609539326ce23,3,Vague / Missing Context; Ambiguous References,56,0.280
83e33fcb1546f4b611d9cd596652c2dc,1,Ambiguous References; Format Ambiguity,70,0.304
83e33fcb1546f4b611d9cd596652c2dc,2,Vague / Missing Context; Ambiguous References,60,0.278
83e33fcb1546f4b611d9cd596652c2dc,4,Vague / Missing Context; Ambiguous References,87,0.277
83e33fcb1546f4b611d9cd596652c2dc,5,Vague / Missing Context; Ambiguous References,102,0.273
83e33fcb1546f4b611d9cd596652c2dc,9,Vague / Missing Context; Ambiguous References; Format Ambiguity; Overloaded Prompt; Unnecessary Repetition; Conflicting Constraints; Bias / Loaded Framing; Formality / Audience Mismatch,21,0.618
83e33fcb1546f4b611d9cd596652c2dc,10,Ambiguous References; Format Ambiguity,38,0.346
83e33fcb1546f4b611d9cd596652c2dc,11,Ambiguous References; Format Ambiguity,50,0.264
cb92b02825eb060f93800999f90cf824,4,Ambiguous References; Format Ambiguity,26,0.269
0e883fb4f2df2ec9d17574db5e3eb092,1,Vague / Missing Context,104,0.252
0e883fb4f2df2ec9d17574db5e3eb092,2,Vague / Missing Context,76,0.244
0e883fb4f2df2ec9d17574db5e3eb092,3,Ambiguous References,108,0.264
0e883fb4f2df2ec9d17574db5e3eb092,4,Ambiguous References,85,0.219
0e883fb4f2df2ec9d17574db5e3eb092,5,Ambiguous References,87,0.198
2b91a865a3e3e49ac527def1c6b07c89,1,Ambiguous References; Format Ambiguity,232,0.261
2b91a865a3e3e49ac527def1c6b07c89,2,Ambiguous References; Format Ambiguity; Overloaded Prompt; Unnecessary Repetition; Conflicting Constraints; Bias / Loaded Framing; Formality / Audience Mismatch; Vague / Missing Context,256,0.715
7a18696a6fb5eb650c793b241886d62e,1,Ambiguous References; Format Ambiguity,1269,0.608
7a18696a6fb5eb650c793b241886d62e,2,Vague / Missing Context; Ambiguous References,82,0.331
7a18696a6fb5eb650c793b241886d62e,3,Ambiguous References; Format Ambiguity,102,0.320
ae581564861164c84276d2566b8e80c5,1,Vague / Missing Context; Format Ambiguity,443,0.701
ae581564861164c84276d2566b8e80c5,2,Vague / Missing Context; Ambiguous References,53,0.285
ae581564861164c84276d2566b8e80c5,3,Ambiguous References; Format Ambiguity,228,0.472
ae581564861164c84276d2566b8e80c5,5,Ambiguous References; Format Ambiguity,383,0.422
b5ec2003f317b16f2d03b6d86466235a,1,Ambiguous References; Format Ambiguity,3228,0.749
b5ec2003f317b16f2d03b6d86466235a,2,Ambiguous References; Format Ambiguity,45,0.277
b5ec2003f317b16f2d03b6d86466235a,3,No Smell,19,0.179
b5ec2003f317b16f2d03b6d86466235a,4,Ambiguous References; Format Ambiguity,118,0.387
b5ec2003f317b16f2d03b6d86466235a,5,Ambiguous References,137,0.283
b5ec2003f317b16f2d03b6d86466235a,6,Ambiguous References; Format Ambiguity,206,0.595
b5ec2003f317b16f2d03b6d86466235a,7,Ambiguous References; Format Ambiguity,122,0.372
b5ec2003f317b16f2d03b6d86466235a,8,Format Ambiguity; Ambiguous References,898,0.780
b5ec2003f317b16f2d03b6d86466235a,9,Ambiguous References; Format Ambiguity,130,0.420
b5ec2003f317b16f2d03b6d86466235a,10,Ambiguous References; Format Ambiguity,108,0.346
b5ec2003f317b16f2d03b6d86466235a,11,Vague / Missing Context; Ambiguous References; Format Ambiguity,192,0.330
f3edcfed607a8c20110c78f81b56ffaf,1,Vague / Missing Context; Ambiguous References,123,0.340
f3edcfed607a8c20110c78f81b56ffaf,2,Vague / Missing Context; Ambiguous References; Format Ambiguity,136,0.313
f3edcfed607a8c20110c78f81b56ffaf,3,Vague / Missing Context; Ambiguous References,154,0.282
f3edcfed607a8c20110c78f81b56ffaf,4,Ambiguous References,32,0.292
f3edcfed607a8c20110c78f81b56ffaf,5,Ambiguous References; Format Ambiguity,87,0.340
0da5c7c86f9f07cc23e0b48d74df4285,1,Ambiguous References; Format Ambiguity,403,0.481
8685dd9bdc07f9b413aee1e28b58f6a1,1,Ambiguous References; Format Ambiguity,1286,0.604
b7ba0287902f4408b149b1c74caf45ef,1,Ambiguous References; Format Ambiguity,416,0.491
629ecd3931b147fba513b5763c1b0efc,1,Ambiguous References,43,0.228
629ecd3931b147fba513b5763c1b0efc,2,Ambiguous References; Vague / Missing Context,40,0.271
8165171e2f2f2cbd4602bd1e81746d26,1,Ambiguous References; Format Ambiguity,1244,0.601
196c3762060e725b1389f2054bda0168,1,Ambiguous References; Format Ambiguity,402,0.660
0ef652b2b91d541f76a6766dd1018ebb,1,Vague / Missing Context,104,0.247
0ef652b2b91d541f76a6766dd1018ebb,2,Vague / Missing Context,76,0.244
0ef652b2b91d541f76a6766dd1018ebb,3,Ambiguous References,108,0.265
0ef652b2b91d541f76a6766dd1018ebb,4,Ambiguous References,85,0.218
0ef652b2b91d541f76a6766dd1018ebb,5,Ambiguous References,87,0.199
0ef652b2b91d541f76a6766dd1018ebb,6,Ambiguous References; Format Ambiguity,116,0.307
0ef652b2b91d541f76a6766dd1018ebb,7,Ambiguous References; Format Ambiguity,96,0.331
0ef652b2b91d541f76a6766dd1018ebb,8,Ambiguous References; Format Ambiguity,89,0.264
0ef652b2b91d541f76a6766dd1018ebb,9,Vague / Missing Context; Ambiguous References,108,0.279
0ef652b2b91d541f76a6766dd1018ebb,10,Ambiguous References; Format Ambiguity,127,0.317
8f4236ed1aab8e4b373e154883f960f1,1,Vague / Missing Context; Ambiguous References; Format Ambiguity; Overloaded Prompt; Unnecessary Repetition; Conflicting Constraints; Bias / Loaded Framing; Formality / Audience Mismatch; Irrelevant / Excessive Persona,636,1.087
d374993fd792fb354ff8e2c2a0c2ec7e,1,Vague / Missing Context; Ambiguous References; Format Ambiguity; Overloaded Prompt; Unnecessary Repetition; Conflicting Constraints; Bias / Loaded Framing; Formality / Audience Mismatch; Irrelevant / Excessive Persona,636,1.018
3a9fd4eb9504b6af1b20398bad1eb26d,1,Vague / Missing Context,104,0.246
3a9fd4eb9504b6af1b20398bad1eb26d,2,Vague / Missing Context,76,0.245
3a9fd4eb9504b6af1b20398bad1eb26d,3,Ambiguous References,108,0.265
3a9fd4eb9504b6af1b20398bad1eb26d,4,Ambiguous References,85,0.218
3a9fd4eb9504b6af1b20398bad1eb26d,5,Ambiguous References,87,0.198
3a9fd4eb9504b6af1b20398bad1eb26d,6,Ambiguous References; Format Ambiguity,116,0.307
3a9fd4eb9504b6af1b20398bad1eb26d,7,Ambiguous References; Format Ambiguity,96,0.333
3a9fd4eb9504b6af1b20398bad1eb26d,8,Ambiguous References; Format Ambiguity,89,0.264
3a9fd4eb9504b6af1b20398bad1eb26d,9,Vague / Missing Context; Ambiguous References,108,0.279
3a9fd4eb9504b6af1b20398bad1eb26d,10,Ambiguous References; Format Ambiguity,127,0.317
3a9fd4eb9504b6af1b20398bad1eb26d,11,Ambiguous References,108,0.264
91c6f1d75d98c66cea4f57db9b8131e2,1,Conflicting Constraints; Ambiguous References; Format Ambiguity; Overloaded Prompt; Vague / Missing Context; Unnecessary Repetition; Bias / Loaded Framing,677,0.816
6b503946dbd875ad424a527196928d31,1,Ambiguous References; Format Ambiguity,1276,0.611
dac490293fe1fd42d97b96d5432d80e9,1,Conflicting Constraints; Format Ambiguity; Vague / Missing Context; Ambiguous References; Overloaded Prompt; Unnecessary Repetition; Bias / Loaded Framing,722,1.027
20978fb106a5aad897f8783f9e3aa63a,1,Ambiguous References; Format Ambiguity,50,0.264
20978fb106a5aad897f8783f9e3aa63a,2,Ambiguous References; Format Ambiguity,51,0.259
20978fb106a5aad897f8783f9e3aa63a,3,Ambiguous References; Format Ambiguity,51,0.258
20978fb106a5aad897f8783f9e3aa63a,4,Ambiguous References; Format Ambiguity,50,0.256
20978fb106a5aad897f8783f9e3aa63a,5,Ambiguous References; Format Ambiguity,57,0.264
20978fb106a5aad897f8783f9e3aa63a,6,Vague / Missing Context; Ambiguous References; Format Ambiguity,69,0.318
20978fb106a5aad897f8783f9e3aa63a,7,Ambiguous References; Format Ambiguity,71,0.258
20978fb106a5aad897f8783f9e3aa63a,8,Ambiguous References; Format Ambiguity,70,0.254
20978fb106a5aad897f8783f9e3aa63a,9,Vague / Missing Context; Ambiguous References,149,0.324
20978fb106a5aad897f8783f9e3aa63a,10,Ambiguous References; Format Ambiguity,163,0.307
20978fb106a5aad897f8783f9e3aa63a,11,Ambiguous References; Format Ambiguity,207,0.315
20978fb106a5aad897f8783f9e3aa63a,13,Ambiguous References; Format Ambiguity,204,0.316
20978fb106a5aad897f8783f9e3aa63a,14,Vague / Missing Context; Ambiguous References,45,0.279
afbe6a0e6c3d98fd358ba50226482949,1,Ambiguous References; Format Ambiguity,1299,0.748
fc1de9d97a9f577b5608caaf80782e83,1,Vague / Missing Context; Format Ambiguity,443,0.702
fc1de9d97a9f577b5608caaf80782e83,2,Vague / Missing Context; Ambiguous References,53,0.285
fc1de9d97a9f577b5608caaf80782e83,3,Ambiguous References; Overloaded Prompt; Format Ambiguity; Unnecessary Repetition; Conflicting Constraints; Bias / Loaded Framing; Vague / Missing Context,14,0.497
fc1de9d97a9f577b5608caaf80782e83,4,Ambiguous References; Format Ambiguity,204,0.269
a7e7b20477362ebbdabe67f82c8bb085,1,Vague / Missing Context; Ambiguous References; Format Ambiguity; Overloaded Prompt; Unnecessary Repetition; Conflicting Constraints; Irrelevant / Excessive Persona; Bias / Loaded Framing; Formality / Audience Mismatch,806,1.084
6069a5acc7da5490a43d2b943df15b40,1,Ambiguous References; Format Ambiguity,82,0.325
6069a5acc7da5490a43d2b943df15b40,2,Vague / Missing Context; Format Ambiguity,15,0.260
9049cf839a7fa2ba018a003f76db5ce1,1,Ambiguous References; Format Ambiguity,45,0.241
b34e2b5759b2ba7fa05e119698bd3e5f,1,Ambiguous References; Format Ambiguity,1307,0.693
d0bfd4d640db9aff74114e47eed7e905,1,Vague / Missing Context; Ambiguous References; Format Ambiguity; Overloaded Prompt; Unnecessary Repetition; Conflicting Constraints; Irrelevant / Excessive Persona; Bias / Loaded Framing; Formality / Audience Mismatch,809,1.084
4e81046b9389a55e3ffab95a392a2a78,1,Ambiguous References,1279,1.128
bf564d00b073f98c625255af9045f46e,1,Ambiguous References; Format Ambiguity,4000,0.841
95bb4f130339c90459328335710896b3,1,Ambiguous References; Format Ambiguity,4000,0.324
b0be4e67bc50dc87764d766ee7026740,1,Vague / Missing Context; Format Ambiguity,443,0.703
b9bfe2b458c46f9f55d56923ad465091,1,Ambiguous References; Format Ambiguity,169,0.285
007786617f02698f844076a803c559e5,1,Ambiguous References; Format Ambiguity,4000,0.843
c6bc7b393330941ac74c6d3ff4919373,1,Ambiguous References; Format Ambiguity; Overloaded Prompt,924,0.544
54478b8b3715d5671fecdd4a8f9209a3,1,Ambiguous References; Format Ambiguity,4000,0.841
09873e50c440c60b5937fbfa4be5790a,1,Ambiguous References; Format Ambiguity; Overloaded Prompt,924,0.548
fea1eed332dd5ca892478174d4f5b631,1,Ambiguous References; Format Ambiguity,1278,0.600
fea1eed332dd5ca892478174d4f5b631,2,Vague / Missing Context; Ambiguous References,84,0.332
251f118e2953906143a1c68978fa087c,1,Vague / Missing Context; Format Ambiguity,443,0.704
251f118e2953906143a1c68978fa087c,2,Vague / Missing Context; Ambiguous References,53,0.285
a6978f918d1666b3d7a8337492d65e7f,1,Ambiguous References; Format Ambiguity; Overloaded Prompt; Unnecessary Repetition; Conflicting Constraints; Bias / Loaded Framing; Vague / Missing Context,973,0.899
5e9e27268ce5a4ac4ddec0c91a6ff683,1,Ambiguous References; Format Ambiguity,4000,0.840
3afd79d5455c41951017ba6028f6044a,1,Ambiguous References; Format Ambiguity; Overloaded Prompt; Unnecessary Repetition; Conflicting Constraints; Bias / Loaded Framing; Vague / Missing Context,973,0.900
9f1e06ef3e65ce91b649026f75112ed3,1,Ambiguous References; Format Ambiguity,1263,0.756
9f1e06ef3e65ce91b649026f75112ed3,2,Vague / Missing Context; Ambiguous References,86,0.345
ebaa71ae289b552414c2e72105510ad6,1,Ambiguous References; Format Ambiguity,4000,0.842
2c467973737f8e31c777840e260f5971,1,Ambiguous References; Format Ambiguity,4000,0.325
9087eb73c16839f623ac457bab66fe93,1,Vague / Missing Context; Ambiguous References; Format Ambiguity; Overloaded Prompt; Unnecessary Repetition; Conflicting Constraints; Bias / Loaded Framing; Formality / Audience Mismatch; Irrelevant / Excessive Persona,1036,1.126
114df681026fd9cc19d70edbba93ce85,1,Vague / Missing Context; Ambiguous References; Format Ambiguity; Overloaded Prompt; Unnecessary Repetition; Conflicting Constraints; Bias / Loaded Framing; Formality / Audience Mismatch; Irrelevant / Excessive Persona,1036,1.008
1fa1464324628892585cc6992419c9e3,1,Ambiguous References; Format Ambiguity; Overloaded Prompt; Conflicting Constraints; Unnecessary Repetition; Prompt Bloat / Convoluted Prompt,1290,0.930
20fb8e464b75e2af6a41925e76d8888b,1,Vague / Missing Context; Ambiguous References; Format Ambiguity; Overloaded Prompt; Unnecessary Repetition; Conflicting Constraints; Bias / Loaded Framing; Formality / Audience Mismatch; Irrelevant / Excessive Persona,1036,1.123
d177b5f8a51321eae48f058fbeb7a49e,1,Vague / Missing Context; Ambiguous References; Format Ambiguity; Overloaded Prompt; Unnecessary Repetition; Conflicting Constraints; Irrelevant / Excessive Persona; Bias / Loaded Framing; Formality / Audience Mismatch,938,1.023
e3c1e8867ae5b7921b4a67465cc954fb,1,Ambiguous References; Format Ambiguity,1186,0.595
57730e8214728c70b3a9436085349f54,1,Vague / Missing Context; Ambiguous References; Format Ambiguity; Overloaded Prompt; Unnecessary Repetition; Conflicting Constraints; Irrelevant / Excessive Persona; Bias / Loaded Framing; Formality / Audience Mismatch,938,1.119
789690ea337f18561fd3412826dd6ec3,1,Vague / Missing Context; Ambiguous References,31,0.270
11a5e7e0162df32b66339191dbe0b473,1,Vague / Missing Context; Ambiguous References; Format Ambiguity,110,0.325
11a5e7e0162df32b66339191dbe0b473,8,Ambiguous References; Format Ambiguity,147,0.307
4732d4b9c08cf47b676377db3b4edcd6,1,Ambiguous References; Format Ambiguity,1378,0.426
4732d4b9c08cf47b676377db3b4edcd6,2,Vague / Missing Context; Format Ambiguity,371,0.431
4732d4b9c08cf47b676377db3b4edcd6,3,Ambiguous References; Format Ambiguity,960,0.679
4732d4b9c08cf47b676377db3b4edcd6,4,Vague / Missing Context; Format Ambiguity,265,0.430
4732d4b9c08cf47b676377db3b4edcd6,5,Ambiguous References; Format Ambiguity,219,0.354
4732d4b9c08cf47b676377db3b4edcd6,6,Ambiguous References; Format Ambiguity,85,0.251
4732d4b9c08cf47b676377db3b4edcd6,7,Ambiguous References; Format Ambiguity,195,0.402
e4e663a822071091eceb295cdbc0311f,1,Ambiguous References; Format Ambiguity,1217,0.604
eaa7b77b319164008d028842b8240c98,1,Vague / Missing Context; Ambiguous References,55,0.297
fdbba3cfbaf901ac418f47e1699358be,1,Vague / Missing Context; Ambiguous References; Format Ambiguity; Overloaded Prompt; Unnecessary Repetition; Conflicting Constraints; Irrelevant / Excessive Persona; Bias / Loaded Framing; Formality / Audience Mismatch,2202,1.290
d35e6ba6e8a7db768fb93442bcf86970,1,Ambiguous References; Format Ambiguity,102,0.239
9b3369c9207183e34e5f706085fec24f,1,Ambiguous References; Format Ambiguity,1221,0.531
174d2ed738e3978ed2d91cd87f91be7b,1,Vague / Missing Context; Ambiguous References; Format Ambiguity; Overloaded Prompt; Unnecessary Repetition; Conflicting Constraints; Irrelevant / Excessive Persona; Bias / Loaded Framing; Formality / Audience Mismatch,2251,1.289
ed76a6f36ac77cae49a6b01d1abf4218,1,Vague / Missing Context; Format Ambiguity,453,0.416
ed76a6f36ac77cae49a6b01d1abf4218,2,Vague / Missing Context; Ambiguous References,53,0.284
ed76a6f36ac77cae49a6b01d1abf4218,3,Ambiguous References; Format Ambiguity,161,0.474
ed76a6f36ac77cae49a6b01d1abf4218,4,Ambiguous References; Format Ambiguity,187,0.393
b76836095101a846bcbc7c0b56fcb998,1,Ambiguous References; Format Ambiguity,115,0.454
ba9179a6d70363761020008deb7833bc,1,Ambiguous References; Format Ambiguity,90,0.378
74e912c00e6ad729985fa13ff4bdd2b7,1,Ambiguous References; Format Ambiguity,253,0.519
1611941bd4ccfdcd35e055280521ba4d,1,Ambiguous References; Format Ambiguity,87,0.360
13769fe724296fee1cd7dae18fa55ef8,1,Vague / Missing Context; Ambiguous References,84,0.337
91ab968b4c417ad1a5d94ff4c7a12a23,1,Ambiguous References; Format Ambiguity,75,0.378
c9d994db35bbe7e03e753adf183f1e28,1,Ambiguous References; Format Ambiguity,71,0.238
73bec3d3b16d6a41933f02b233d6867a,1,Vague / Missing Context; Ambiguous References,52,0.332
017914786e84c44e46bee970b82309a3,1,Vague / Missing Context; Format Ambiguity,2666,0.663
eee02fd9ac72cbc1c2e8fffc462503d5,1,Ambiguous References; Format Ambiguity,92,0.239
34970630be08b3061c7c4f804cf450ac,1,Ambiguous References; Format Ambiguity,633,0.774
e032dc1f13c1d430e84d9d45775416da,1,Ambiguous References; Format Ambiguity,54,0.245
e032dc1f13c1d430e84d9d45775416da,2,Vague / Missing Context; Ambiguous References,21,0.244
10193d6ad37c1fb53996017e32bf914a,1,Ambiguous References; Format Ambiguity,77,0.319
23332c5ba3b8bd4266648ef32ece0acf,1,Vague / Missing Context,17,0.238
45ed6a4586e8554032151621450b25d5,1,Ambiguous References; Format Ambiguity,194,0.460
3c72c543b2a42d4e63c5096b9f11b1df,1,Vague / Missing Context; Ambiguous References; Format Ambiguity; Overloaded Prompt; Unnecessary Repetition; Conflicting Constraints; Irrelevant / Excessive Persona; Bias / Loaded Framing; Formality / Audience Mismatch,2251,1.291
3329f553164253b08bd54d94503ec352,1,Ambiguous References; Format Ambiguity,238,0.285
87fdd141b706ab72d039180b54129046,1,Ambiguous References; Format Ambiguity,38,0.312
3c725dc36d176ab4b93402e6363a2bb3,2,Vague / Missing Context; Ambiguous References,28,0.263
8700e65cf37ca9de459c1fb4485a8a6f,1,Ambiguous References; Format Ambiguity,235,0.445
7ef6f960ada94cbde0fa5f9751fd09d1,1,Vague / Missing Context; Format Ambiguity,245,0.517
050ff024fa4944aa40c25f49a313823e,1,Ambiguous References; Format Ambiguity,2307,0.739
050ff024fa4944aa40c25f49a313823e,2,Vague / Missing Context; Format Ambiguity,2035,0.531
6058c6907a938e9a2aa104b710bc0e1d,1,Ambiguous References; Format Ambiguity,244,0.418
902b200b1edc12b849f15bcb9d5b1351,1,Ambiguous References; Format Ambiguity,590,0.307
11a975debe7a5403f965d9c6e31d462d,1,Ambiguous References; Format Ambiguity,249,0.491
58fcecca353a49884246a2cc2646b1ab,1,Ambiguous References; Format Ambiguity,249,0.457
e504bd0f0fd2b1bf3fef05515126a864,1,Ambiguous References; Format Ambiguity,599,0.423
402a9b677d3ae5f4662fe571542e7762,1,Vague / Missing Context; Ambiguous References; Format Ambiguity; Overloaded Prompt; Unnecessary Repetition; Conflicting Constraints; Bias / Loaded Framing; Formality / Audience Mismatch,145,0.653
4025d0ae99885f48805987d0f24a27f6,1,Ambiguous References; Format Ambiguity,617,0.310
67c2dbe6f2ff4589eda9054bbfe0de34,1,Ambiguous References; Format Ambiguity,326,0.304
7716955e8f71ce36fc2796ca624dccba,1,Ambiguous References; Format Ambiguity,37,0.406
16b8d6b1e0bfc4529a164293cc945abd,1,Ambiguous References,4000,1.156
96567b3498969f3439c06fcf0d6bafea,10,Ambiguous References; Format Ambiguity,14,0.261
298cc3b5a591fbe511ba52cdc7ff959c,1,Ambiguous References,4000,1.147
d174dcbbbe0f549656a54dbb32ad6e9f,1,Ambiguous References; Format Ambiguity,649,0.738
386957e74dd65ba75079d268d75aeb21,1,Ambiguous References; Format Ambiguity,678,0.419
026cceff58e872cb285c7034c06d07ac,1,Ambiguous References; Format Ambiguity,27,0.256
ad479e74a39e6f6e4d2d7ae0110ba4bc,1,Vague / Missing Context; Format Ambiguity,69,0.300
cafed52442604ba73513179f7b5647a7,1,Ambiguous References; Format Ambiguity,731,0.645
2d7669f500d48a2a78eeb16808fc8cb0,1,Vague / Missing Context; Format Ambiguity,159,0.330
2d7669f500d48a2a78eeb16808fc8cb0,2,Vague / Missing Context; Format Ambiguity,159,0.298
2d7669f500d48a2a78eeb16808fc8cb0,3,Vague / Missing Context; Ambiguous References,202,0.332
2d7669f500d48a2a78eeb16808fc8cb0,4,Vague / Missing Context; Ambiguous References; Format Ambiguity; Overloaded Prompt; Unnecessary Repetition; Conflicting Constraints; Bias / Loaded Framing; Formality / Audience Mismatch,203,0.672
5ff8f40dc7a13e9b57ef91305f6711f7,1,Ambiguous References; Format Ambiguity,742,0.363
5c6798e9bbfe0ae795d2ad20f4bb0dee,2,Vague / Missing Context; Ambiguous References; Format Ambiguity; Overloaded Prompt; Unnecessary Repetition; Conflicting Constraints; Bias / Loaded Framing; Formality / Audience Mismatch,19,0.591
5c6798e9bbfe0ae795d2ad20f4bb0dee,3,Ambiguous References; Format Ambiguity,44,0.295
5c6798e9bbfe0ae795d2ad20f4bb0dee,4,Vague / Missing Context; Ambiguous References,35,0.271
66d9a7dd63cd09c9a2133d02ca6ec84b,4,Ambiguous References; Format Ambiguity,29,0.278
e15350a96613c845a5fa75c6585f9fd7,1,Ambiguous References; Format Ambiguity,756,0.449
08c4bf85be387de997c02d99a393baad,2,Ambiguous References; Format Ambiguity,90,0.273
7f54262de17578f3a5e1a0d2764bc792,1,Vague / Missing Context; Ambiguous References,202,0.343
7f54262de17578f3a5e1a0d2764bc792,2,Vague / Missing Context; Ambiguous References; Format Ambiguity; Overloaded Prompt; Unnecessary Repetition; Conflicting Constraints; Bias / Loaded Framing; Formality / Audience Mismatch,247,0.643
7f54262de17578f3a5e1a0d2764bc792,3,Vague / Missing Context; Ambiguous References; Format Ambiguity; Overloaded Prompt; Unnecessary Repetition; Conflicting Constraints; Bias / Loaded Framing; Formality / Audience Mismatch,249,0.645
786b03bc11603e2524a98c66369457b3,1,Vague / Missing Context; Format Ambiguity,3725,0.919
8002fd5d4172e6b0345e82fa1660163b,1,Ambiguous References; Overloaded Prompt,4000,1.009
623665be11510a9b349d545f27cca154,1,Ambiguous References; Format Ambiguity,84,0.298
623665be11510a9b349d545f27cca154,2,Ambiguous References; Format Ambiguity,153,0.399
623665be11510a9b349d545f27cca154,3,Ambiguous References; Format Ambiguity,92,0.281
623665be11510a9b349d545f27cca154,4,Ambiguous References; Format Ambiguity,105,0.264
623665be11510a9b349d545f27cca154,5,Ambiguous References; Format Ambiguity,141,0.293
623665be11510a9b349d545f27cca154,6,Ambiguous References; Format Ambiguity,205,0.278
623665be11510a9b349d545f27cca154,7,Ambiguous References; Format Ambiguity,191,0.244
623665be11510a9b349d545f27cca154,8,Ambiguous References; Format Ambiguity,67,0.295
68a5d20019e135e5e244208f11fcb768,1,Ambiguous References; Format Ambiguity,738,0.693
5bd2110cb4e0eead4a8e505c358c165c,1,Ambiguous References; Format Ambiguity,254,0.290
7c169dbd890305bb34e63ccfec405c9f,1,Ambiguous References; Overloaded Prompt; Format Ambiguity,3859,1.118
7c169dbd890305bb34e63ccfec405c9f,2,Vague / Missing Context; Ambiguous References,53,0.286
7c169dbd890305bb34e63ccfec405c9f,3,Ambiguous References; Format Ambiguity,67,0.319
6f5be39463231c07a45abeb836ddb766,1,Vague / Missing Context; Format Ambiguity,392,0.690
5dcc3098a2ecb1e9281dcce1d6268e87,1,Ambiguous References; Format Ambiguity,100,0.274
5dcc3098a2ecb1e9281dcce1d6268e87,2,Ambiguous References; Format Ambiguity,123,0.272
b9c155cede4bd56866ee431c246c1979,1,Ambiguous References; Format Ambiguity,729,0.690
fa7acb9422197bee9e559cbbe8248dea,1,Ambiguous References; Format Ambiguity,157,0.466
1b2a845f590bb7671821431ed04f2ac6,1,Vague / Missing Context; Ambiguous References,114,0.405
1b2a845f590bb7671821431ed04f2ac6,2,Ambiguous References; Format Ambiguity,202,0.320
1b2a845f590bb7671821431ed04f2ac6,3,Ambiguous References; Format Ambiguity,214,0.345
1b2a845f590bb7671821431ed04f2ac6,4,Ambiguous References; Format Ambiguity,237,0.316
1b2a845f590bb7671821431ed04f2ac6,5,Ambiguous References; Format Ambiguity,238,0.302
1b2a845f590bb7671821431ed04f2ac6,6,Vague / Missing Context; Format Ambiguity,222,0.377
373a9044f43203af2d40f8a649d65cb1,1,Ambiguous References; Format Ambiguity,22,0.264
1cf611af1438753696ff5cfbda2e9c9c,1,Ambiguous References; Format Ambiguity,742,0.697
dcebe11cc0cfd094052379d802b6f959,1,Vague / Missing Context; Ambiguous References; Format Ambiguity,61,0.311
265441f1fd370de428ba1a56c8cd5e0e,4,Ambiguous References; Format Ambiguity,530,0.362
a7fda30135129bc45495971c4a8f4198,1,Ambiguous References,108,0.213
ce8666bcf577390be47e7ba7b39a06e7,1,Ambiguous References; Format Ambiguity,42,0.378
e01216e01546bc8ddde858fc31572f9d,1,Ambiguous References; Format Ambiguity,72,0.325
e01216e01546bc8ddde858fc31572f9d,2,Vague / Missing Context; Ambiguous References,52,0.293
af6d3d167186dbff9f14afd8607b47f6,1,Vague / Missing Context; Ambiguous References,223,0.371
cc6f2fc7af346065ae4ee5881cb95211,1,Ambiguous References; Format Ambiguity,726,0.655
2be329ff6e31925e7f5a98a347b20496,1,Ambiguous References; Format Ambiguity,139,0.272
3effdc6939010b41be7428d7df29ac19,1,Ambiguous References; Format Ambiguity; Overloaded Prompt; Conflicting Constraints; Vague / Missing Context; Prompt Bloat / Convoluted Prompt; Unnecessary Repetition; Bias / Loaded Framing,762,1.056
987870aed6731358fb7303bc0af31f38,1,Ambiguous References; Format Ambiguity,1144,0.504
6071921b3cab585f57c5471e862349a9,1,Vague / Missing Context; Ambiguous References,322,0.302
6071921b3cab585f57c5471e862349a9,2,Vague / Missing Context; Ambiguous References,53,0.278
6071921b3cab585f57c5471e862349a9,3,Vague / Missing Context; Ambiguous References; Format Ambiguity; Overloaded Prompt; Unnecessary Repetition; Conflicting Constraints; Bias / Loaded Framing; Formality / Audience Mismatch,7,0.650
6071921b3cab585f57c5471e862349a9,4,Vague / Missing Context; Format Ambiguity,339,0.310
aefd44816878268758b14b25ccec5381,1,Ambiguous References; Format Ambiguity,796,0.603
06947c3c06295cd5e2e7a0c3780c7704,1,Vague / Missing Context; Ambiguous References,432,0.315
06947c3c06295cd5e2e7a0c3780c7704,2,Vague / Missing Context; Ambiguous References,29,0.271
06947c3c06295cd5e2e7a0c3780c7704,3,Ambiguous References; Vague / Missing Context,28,0.290
0650ce9097212b57c18096cb96097585,1,Vague / Missing Context; Format Ambiguity,3884,1.102
0650ce9097212b57c18096cb96097585,2,Vague / Missing Context; Ambiguous References,53,0.285
0650ce9097212b57c18096cb96097585,3,Ambiguous References; Format Ambiguity,124,0.381
5f18519d0f776727f90c0b9fe0bf5c1f,1,Ambiguous References; Format Ambiguity,803,0.492
19cb2a77585a73723f913485fd919b03,1,Vague / Missing Context; Ambiguous References,432,0.314
ca47429ab3bd723a2e2a9bef64e0eb3e,1,Ambiguous References,1143,0.380
18f651d782c6bbab8a71b29eba000d1e,1,Ambiguous References,22,0.290
6365c16547823b0e8d3a553635e98179,1,Vague / Missing Context; Ambiguous References,127,0.313
6365c16547823b0e8d3a553635e98179,2,Ambiguous References; Format Ambiguity,12,0.219
6365c16547823b0e8d3a553635e98179,3,Vague / Missing Context; Ambiguous References,148,0.286
6365c16547823b0e8d3a553635e98179,5,Vague / Missing Context; Ambiguous References,52,0.305
dd50650de6c9d355f843d986e250f8aa,1,Ambiguous References; Format Ambiguity,853,0.720
b042fc4b5393c24a9b9004ac6658bf4f,1,Vague / Missing Context; Format Ambiguity,400,0.308
adfc79bf0cfdfa0414c200c1c766b0f1,1,Ambiguous References; Format Ambiguity,783,0.628
f6e879c436b7ff7a942615380770193e,1,Ambiguous References; Format Ambiguity,4000,0.721
f6e879c436b7ff7a942615380770193e,2,Ambiguous References; Format Ambiguity,83,0.254
f6e879c436b7ff7a942615380770193e,3,Vague / Missing Context; Ambiguous References; Format Ambiguity,209,0.691
f6e879c436b7ff7a942615380770193e,5,Vague / Missing Context; Ambiguous References,24,0.241
f64ddebe44dfe821ee9a01dc1962046d,1,Vague / Missing Context; Ambiguous References; Format Ambiguity; Overloaded Prompt; Unnecessary Repetition; Conflicting Constraints; Irrelevant / Excessive Persona; Bias / Loaded Framing; Formality / Audience Mismatch,3568,1.527
f64ddebe44dfe821ee9a01dc1962046d,2,Ambiguous References; Format Ambiguity,276,0.398
0d923d922dc0a846204a21be7e62d3f9,1,Ambiguous References; Format Ambiguity; Overloaded Prompt; Conflicting Constraints; Unnecessary Repetition; Vague / Missing Context,790,0.983
0d923d922dc0a846204a21be7e62d3f9,2,Vague / Missing Context; Ambiguous References; Format Ambiguity; Overloaded Prompt; Unnecessary Repetition; Conflicting Constraints; Bias / Loaded Framing; Formality / Audience Mismatch,109,0.673
0d923d922dc0a846204a21be7e62d3f9,3,Ambiguous References; Format Ambiguity,48,0.268
dc3b1ab6aa0f0043d560e2630d8c29b9,1,Ambiguous References; Overloaded Prompt; Format Ambiguity,3604,1.178
dc3b1ab6aa0f0043d560e2630d8c29b9,2,Ambiguous References; Format Ambiguity,93,0.320
e3fbc175eeb479b9a238b503f112e7a4,4,Ambiguous References; Format Ambiguity,26,0.308
e8b6890ca7b4308b238a1cdb6b2bc624,2,Vague / Missing Context,17,0.238
e8b6890ca7b4308b238a1cdb6b2bc624,3,Vague / Missing Context; Ambiguous References,26,0.261
e8b6890ca7b4308b238a1cdb6b2bc624,4,Vague / Missing Context; Ambiguous References,24,0.271
e8b6890ca7b4308b238a1cdb6b2bc624,5,Vague / Missing Context; Ambiguous References; Format Ambiguity; Overloaded Prompt; Prompt Bloat / Convoluted Prompt; Unnecessary Repetition; Conflicting Constraints; Bias / Loaded Framing; Formality / Audience Mismatch,38,0.676
e8b6890ca7b4308b238a1cdb6b2bc624,6,Vague / Missing Context,27,0.263
e8b6890ca7b4308b238a1cdb6b2bc624,7,Vague / Missing Context; Ambiguous References,35,0.238
e8b6890ca7b4308b238a1cdb6b2bc624,8,Ambiguous References,35,0.223
e8b6890ca7b4308b238a1cdb6b2bc624,9,Ambiguous References; Format Ambiguity,55,0.265
e8b6890ca7b4308b238a1cdb6b2bc624,10,Ambiguous References,23,0.227
328951ec9f2ebda604d2ce70c436f7c3,1,Ambiguous References,63,0.212
1108ccfb2ca6393e6ab4249169980734,1,Ambiguous References; Overloaded Prompt; Format Ambiguity,3682,1.257
1108ccfb2ca6393e6ab4249169980734,2,Ambiguous References; Format Ambiguity,190,0.283
4711cf3d3f7f9d23b9fe019e2acf31db,1,Vague / Missing Context,26,0.244
e99a6028b12f64c8ea401c76be4a0808,2,Vague / Missing Context; Format Ambiguity,61,0.290
e99a6028b12f64c8ea401c76be4a0808,3,Vague / Missing Context; Ambiguous References; Format Ambiguity; Overloaded Prompt; Unnecessary Repetition; Conflicting Constraints; Bias / Loaded Framing; Formality / Audience Mismatch,11,0.639
e99a6028b12f64c8ea401c76be4a0808,4,Vague / Missing Context,58,0.245
e99a6028b12f64c8ea401c76be4a0808,5,Vague / Missing Context; Ambiguous References,52,0.277
ca7d8460ac697b7c2ed061fc331df46c,1,Ambiguous References; Format Ambiguity,86,0.299
7d5885f9dcb646a2ff68809209494bfb,1,Vague / Missing Context,25,0.244
e300b4385b46301085cdbb5697aaf734,1,Ambiguous References; Format Ambiguity,298,0.590
e300b4385b46301085cdbb5697aaf734,3,Ambiguous References; Format Ambiguity,28,0.237
e300b4385b46301085cdbb5697aaf734,4,No Smell,28,0.161
e300b4385b46301085cdbb5697aaf734,5,Ambiguous References,35,0.224
7dc355eeacdb6df1e9758e02226f7a67,1,Ambiguous References; Format Ambiguity,48,0.264
7dc355eeacdb6df1e9758e02226f7a67,2,Vague / Missing Context; Ambiguous References,51,0.274
7dc355eeacdb6df1e9758e02226f7a67,3,Ambiguous References,64,0.214
7dc355eeacdb6df1e9758e02226f7a67,4,Ambiguous References; Format Ambiguity,58,0.277
7dc355eeacdb6df1e9758e02226f7a67,5,Ambiguous References,62,0.237
7dc355eeacdb6df1e9758e02226f7a67,6,Vague / Missing Context; Ambiguous References,26,0.240
7dc355eeacdb6df1e9758e02226f7a67,7,Ambiguous References; Format Ambiguity,77,0.291
7dc355eeacdb6df1e9758e02226f7a67,8,Vague / Missing Context; Ambiguous References,78,0.279
7dc355eeacdb6df1e9758e02226f7a67,9,Ambiguous References,45,0.219
7aa67d7495e1f9d4e5b1893281ebe499,2,Ambiguous References; Format Ambiguity,197,0.356
44e0eae4292df446451d819f7860bef9,1,Ambiguous References; Overloaded Prompt; Format Ambiguity; Vague / Missing Context; Unnecessary Repetition; Conflicting Constraints; Bias / Loaded Framing; Formality / Audience Mismatch,3736,1.519
44e0eae4292df446451d819f7860bef9,2,Ambiguous References; Format Ambiguity,163,0.315
3e111a55d2bc6aa3624e0ee2cbd58cdc,1,Ambiguous References,29,0.223
3e111a55d2bc6aa3624e0ee2cbd58cdc,2,Vague / Missing Context; Ambiguous References,72,0.245
3e111a55d2bc6aa3624e0ee2cbd58cdc,3,Ambiguous References; Format Ambiguity,47,0.278
3e111a55d2bc6aa3624e0ee2cbd58cdc,4,Ambiguous References; Format Ambiguity,40,0.330
6e1f69d935b5110ec98169c22ced408e,1,Ambiguous References; Overloaded Prompt,247,0.346
6e1f69d935b5110ec98169c22ced408e,2,Vague / Missing Context,36,0.218
6e1f69d935b5110ec98169c22ced408e,3,Format Ambiguity,1537,0.570
3b5b10e01f31ab1557429e159c7aeb45,1,Ambiguous References; Overloaded Prompt; Format Ambiguity; Vague / Missing Context; Unnecessary Repetition; Conflicting Constraints; Bias / Loaded Framing; Formality / Audience Mismatch,3736,1.522
2e9031a6f7bd668c3bd1fe90b29ecd21,3,Ambiguous References; Format Ambiguity,248,0.339
7e7cfcb2eb0ce05b1a77fcba3c1c4c38,1,Ambiguous References; Format Ambiguity,51,0.287
7e7cfcb2eb0ce05b1a77fcba3c1c4c38,2,Ambiguous References; Format Ambiguity,74,0.291
7e7cfcb2eb0ce05b1a77fcba3c1c4c38,3,Ambiguous References; Format Ambiguity,84,0.271
f1cdeaf05a3ccbd5e1407a1d84c5e4e9,1,Ambiguous References; Overloaded Prompt; Format Ambiguity; Vague / Missing Context; Prompt Bloat / Convoluted Prompt; Unnecessary Repetition; Conflicting Constraints; Bias / Loaded Framing; Formality / Audience Mismatch,4000,1.537
852335d5509053b252ebcd40814288f4,1,Ambiguous References; Format Ambiguity,81,0.346
ce792d06ccf117acc2eeb5cd62a78c53,2,Vague / Missing Context; Format Ambiguity,38,0.286
ce792d06ccf117acc2eeb5cd62a78c53,3,Ambiguous References; Format Ambiguity,38,0.238
ce792d06ccf117acc2eeb5cd62a78c53,4,Vague / Missing Context; Ambiguous References,91,0.280
ce792d06ccf117acc2eeb5cd62a78c53,5,Vague / Missing Context; Ambiguous References,92,0.280
ce792d06ccf117acc2eeb5cd62a78c53,6,Vague / Missing Context; Ambiguous References,52,0.278
ce792d06ccf117acc2eeb5cd62a78c53,7,Ambiguous References; Format Ambiguity,47,0.292
ce792d06ccf117acc2eeb5cd62a78c53,8,No Smell,18,0.190
ce792d06ccf117acc2eeb5cd62a78c53,9,Vague / Missing Context; Format Ambiguity,52,0.266
ce792d06ccf117acc2eeb5cd62a78c53,10,Vague / Missing Context; Format Ambiguity,7,0.248
ef54c1e7850b86bfe7dcfe78dfab39f1,2,Ambiguous References; Format Ambiguity,72,0.272
ef54c1e7850b86bfe7dcfe78dfab39f1,3,Vague / Missing Context; Ambiguous References,53,0.277
bab9b34ec44a91b8ab95fbe8b83a5954,1,Vague / Missing Context; Format Ambiguity,67,0.295
bab9b34ec44a91b8ab95fbe8b83a5954,2,Vague / Missing Context; Ambiguous References,653,0.387
bab9b34ec44a91b8ab95fbe8b83a5954,3,Ambiguous References; Format Ambiguity,173,0.335
bab9b34ec44a91b8ab95fbe8b83a5954,4,Vague / Missing Context; Ambiguous References,98,0.279
bab9b34ec44a91b8ab95fbe8b83a5954,5,Ambiguous References; Format Ambiguity,89,0.265
bab9b34ec44a91b8ab95fbe8b83a5954,6,Vague / Missing Context; Ambiguous References,91,0.333
bab9b34ec44a91b8ab95fbe8b83a5954,7,Ambiguous References,66,0.232
bab9b34ec44a91b8ab95fbe8b83a5954,8,Ambiguous References; Format Ambiguity,251,0.457
bab9b34ec44a91b8ab95fbe8b83a5954,9,Ambiguous References,60,0.227
8c49b9b22ef1e25d2bb01b302b363e86,1,Vague / Missing Context; Format Ambiguity,382,0.421
d129ef6b967e60bd1b7d21d672ca9740,1,Ambiguous References; Format Ambiguity,123,0.273
afef736e405e864a349fe916229f0b64,1,Vague / Missing Context; Format Ambiguity,4000,0.956
afef736e405e864a349fe916229f0b64,2,Vague / Missing Context; Format Ambiguity; Overloaded Prompt; Prompt Bloat / Convoluted Prompt; Unnecessary Repetition; Conflicting Constraints; Ambiguous References,2740,1.352
afef736e405e864a349fe916229f0b64,3,Ambiguous References; Format Ambiguity,181,0.541
529a714311b90a662b4f2ec943590d38,2,Vague / Missing Context; Ambiguous References; Format Ambiguity,4000,0.724
529a714311b90a662b4f2ec943590d38,3,Ambiguous References; Format Ambiguity,229,0.322
529a714311b90a662b4f2ec943590d38,4,Ambiguous References; Format Ambiguity,159,0.406
529a714311b90a662b4f2ec943590d38,5,Vague / Missing Context; Ambiguous References,186,0.288
529a714311b90a662b4f2ec943590d38,6,Ambiguous References; Format Ambiguity,66,0.284
529a714311b90a662b4f2ec943590d38,7,Vague / Missing Context; Ambiguous References,27,0.249
529a714311b90a662b4f2ec943590d38,8,Ambiguous References,21,0.198
529a714311b90a662b4f2ec943590d38,9,Ambiguous References; Format Ambiguity,60,0.306
da955095e2dd19fd621c770525cb83bb,1,Vague / Missing Context; Ambiguous References; Format Ambiguity; Overloaded Prompt; Unnecessary Repetition; Conflicting Constraints; Irrelevant / Excessive Persona; Bias / Loaded Framing; Formality / Audience Mismatch,2251,1.290
c7420bcb8167025331e328606092605c,1,Vague / Missing Context; Ambiguous References; Format Ambiguity,135,0.333
b7a8a2465631a533f1742bc4b6c3840e,1,Vague / Missing Context; Ambiguous References; Format Ambiguity; Overloaded Prompt; Unnecessary Repetition; Conflicting Constraints; Irrelevant / Excessive Persona; Bias / Loaded Framing; Formality / Audience Mismatch,2475,1.291
c39c983ebafb6528319539e91a6f4c01,1,Ambiguous References; Format Ambiguity,2751,0.842
c39c983ebafb6528319539e91a6f4c01,2,Vague / Missing Context; Ambiguous References,38,0.244
c39c983ebafb6528319539e91a6f4c01,3,Vague / Missing Context,37,0.244
c39c983ebafb6528319539e91a6f4c01,4,Ambiguous References; Overloaded Prompt,38,0.270
c39c983ebafb6528319539e91a6f4c01,5,Ambiguous References; Format Ambiguity,36,0.264
c39c983ebafb6528319539e91a6f4c01,6,Ambiguous References; Overloaded Prompt; Format Ambiguity,43,0.299
f72e6094eec3357e476012084f45c445,1,Ambiguous References; Format Ambiguity,945,0.619
381791116890b40965ddf2f13e3c04bf,1,Vague / Missing Context; Format Ambiguity,137,0.318
82d902deac806d89196022e0a52db658,1,Ambiguous References; Format Ambiguity; Overloaded Prompt; Unnecessary Repetition; Conflicting Constraints; Bias / Loaded Framing; Vague / Missing Context,988,1.040
06623239729362a7134040fa06e56c06,1,Ambiguous References; Format Ambiguity,398,0.448
06623239729362a7134040fa06e56c06,2,Ambiguous References; Format Ambiguity,54,0.291
06623239729362a7134040fa06e56c06,3,Ambiguous References; Format Ambiguity,305,0.607
a66649d51d89b9185e008c875ca81ed9,2,Ambiguous References; Format Ambiguity,143,0.272
5f209b5a601d455e799aa69e9a63871c,1,Vague / Missing Context; Format Ambiguity,1385,0.815
5f209b5a601d455e799aa69e9a63871c,2,Vague / Missing Context; Ambiguous References,26,0.231
5f209b5a601d455e799aa69e9a63871c,3,Ambiguous References,2775,0.955
6b08d16e7e2f035faab584b28ed1a834,1,Ambiguous References; Format Ambiguity,1002,0.717
6b08d16e7e2f035faab584b28ed1a834,2,Vague / Missing Context; Ambiguous References,52,0.362
a886b878e19fad082997ec4a8386aeaa,1,Vague / Missing Context; Ambiguous References,84,0.534
3601f31ac906bba1e393cbb1944b9cca,1,Ambiguous References; Format Ambiguity,69,0.264
29ff99c71f69b82cae49afc96662493a,1,Ambiguous References; Format Ambiguity,1001,0.777
bab3ae9ff5eb16930939f52b2732c0ef,1,Vague / Missing Context; Ambiguous References,86,0.271
bab3ae9ff5eb16930939f52b2732c0ef,2,Vague / Missing Context; Ambiguous References; Format Ambiguity; Overloaded Prompt; Unnecessary Repetition; Conflicting Constraints; Bias / Loaded Framing; Formality / Audience Mismatch,406,0.670
bab3ae9ff5eb16930939f52b2732c0ef,3,Ambiguous References; Format Ambiguity,101,0.272
ad9318b132529f36aae3c977e3706353,1,Ambiguous References; Format Ambiguity,1008,0.552
ec968648b61af40ff5e76f1764d9289e,1,Vague / Missing Context; Ambiguous References,93,0.280
b5d4fd3bbaae2e08a3b3fbe8bc71a42a,9,Vague / Missing Context; Ambiguous References,23,0.257
ffee2fa45797fea3168db6e10b9b8a9b,1,Vague / Missing Context; Format Ambiguity,2501,0.647
f6820f4939329f142f06a248f20ed0d1,1,Ambiguous References; Format Ambiguity,1012,0.664
0858adf0b85a489fa50f90b6a1718cfe,1,Vague / Missing Context; Ambiguous References; Format Ambiguity,45,0.340
0858adf0b85a489fa50f90b6a1718cfe,2,No Smell,11,0.181
0858adf0b85a489fa50f90b6a1718cfe,3,No Smell,11,0.170
0858adf0b85a489fa50f90b6a1718cfe,4,Vague / Missing Context; Ambiguous References,22,0.231
0858adf0b85a489fa50f90b6a1718cfe,5,No Smell,11,0.182
ee0132081092f9b33a691211d7d539df,1,Ambiguous References; Format Ambiguity,1014,0.756
030c745535c630dac51c595c29a17548,1,Ambiguous References; Format Ambiguity,1007,0.740
030c745535c630dac51c595c29a17548,2,Vague / Missing Context,61,0.285
c07b6cd94f4a8b0bab507aa376405573,1,Vague / Missing Context; Format Ambiguity,1923,0.523
c07b6cd94f4a8b0bab507aa376405573,2,Ambiguous References; Format Ambiguity,46,0.238
c07b6cd94f4a8b0bab507aa376405573,3,Ambiguous References; Format Ambiguity,63,0.251
c07b6cd94f4a8b0bab507aa376405573,4,Ambiguous References; Vague / Missing Context,21,0.252
c07b6cd94f4a8b0bab507aa376405573,5,No Smell,65,0.226
c07b6cd94f4a8b0bab507aa376405573,6,Ambiguous References; Format Ambiguity,641,0.376
c07b6cd94f4a8b0bab507aa376405573,7,Ambiguous References; Format Ambiguity,102,0.319
c07b6cd94f4a8b0bab507aa376405573,8,Vague / Missing Context; Ambiguous References,71,0.278
c07b6cd94f4a8b0bab507aa376405573,9,Ambiguous References,42,0.204
c07b6cd94f4a8b0bab507aa376405573,10,Vague / Missing Context; Format Ambiguity,150,0.305
c07b6cd94f4a8b0bab507aa376405573,11,Vague / Missing Context; Ambiguous References,95,0.313
c07b6cd94f4a8b0bab507aa376405573,12,Vague / Missing Context; Ambiguous References,182,0.286
c07b6cd94f4a8b0bab507aa376405573,13,Vague / Missing Context; Ambiguous References,160,0.287
9536723622b7c9d04e852c619b80852b,1,Ambiguous References; Format Ambiguity; Overloaded Prompt; Conflicting Constraints; Unnecessary Repetition; Prompt Bloat / Convoluted Prompt,1029,1.060
eae311638655cc956f21035856c59672,1,Vague / Missing Context; Format Ambiguity,525,0.347
eae311638655cc956f21035856c59672,2,No Smell,508,0.678
b00f486482d41cad8b42f86f9826344e,1,Ambiguous References; Format Ambiguity,562,0.420
b00f486482d41cad8b42f86f9826344e,2,Ambiguous References; Format Ambiguity,33,0.272
2ba438cb2a94c4abf0cd89df1262780e,1,Ambiguous References; Format Ambiguity,53,0.527
aeccb71666888bd3112f5e9e50f8ffa9,1,Vague / Missing Context; Ambiguous References,56,0.259
dbdd094e9c6a8b0ea7ce79d0d8abf81a,1,Vague / Missing Context; Format Ambiguity,1254,0.526
dbdd094e9c6a8b0ea7ce79d0d8abf81a,2,Ambiguous References; Format Ambiguity,180,0.274
dbdd094e9c6a8b0ea7ce79d0d8abf81a,3,Ambiguous References; Format Ambiguity,76,0.285
dbdd094e9c6a8b0ea7ce79d0d8abf81a,4,Ambiguous References; Format Ambiguity,40,0.265
dbdd094e9c6a8b0ea7ce79d0d8abf81a,5,Ambiguous References; Format Ambiguity,42,0.272
ccf28188f71050a3e9404d5a9e947df0,1,Vague / Missing Context; Ambiguous References,32,0.276
ccf28188f71050a3e9404d5a9e947df0,2,Vague / Missing Context; Ambiguous References,30,0.281
19cdba75d73931396cc58d0fc016aef0,1,Vague / Missing Context; Ambiguous References,56,0.260
d532b865943279f2076e9ea553229084,1,Ambiguous References; Format Ambiguity,76,0.452
2d1b19869e9d9a97b5002842bcfb55a1,10,Ambiguous References; Format Ambiguity,351,0.336
6536678d6e153d8bc6edbb9885f6d353,1,Ambiguous References; Format Ambiguity,53,0.264
05242ba503ac3d4c6cddf06524347ea8,1,Vague / Missing Context; Ambiguous References,80,0.413
05242ba503ac3d4c6cddf06524347ea8,2,Vague / Missing Context; Ambiguous References; Format Ambiguity; Overloaded Prompt; Unnecessary Repetition; Conflicting Constraints; Bias / Loaded Framing; Formality / Audience Mismatch,26,0.614
05242ba503ac3d4c6cddf06524347ea8,3,Ambiguous References; Format Ambiguity,70,0.271
05242ba503ac3d4c6cddf06524347ea8,4,Vague / Missing Context; Ambiguous References,72,0.271
05242ba503ac3d4c6cddf06524347ea8,5,Vague / Missing Context; Ambiguous References,28,0.272
05242ba503ac3d4c6cddf06524347ea8,6,Ambiguous References; Format Ambiguity,44,0.259
05242ba503ac3d4c6cddf06524347ea8,7,Ambiguous References; Format Ambiguity,47,0.268
05242ba503ac3d4c6cddf06524347ea8,8,Ambiguous References; Format Ambiguity,68,0.265
05242ba503ac3d4c6cddf06524347ea8,9,Format Ambiguity,164,0.756
efd6da6877a13e91e72105455c79ae2d,2,Vague / Missing Context; Ambiguous References,45,0.310
aaa20bc318e62778931a6c082789c77c,1,Ambiguous References; Format Ambiguity,133,0.266
edec19b2d18ce0ea2220744bd2f7a676,1,Vague / Missing Context; Ambiguous References,429,0.314
ad9200e3a960201d4a8e9b91d02366ed,1,Vague / Missing Context; Format Ambiguity,682,0.848
ad9200e3a960201d4a8e9b91d02366ed,2,Vague / Missing Context; Ambiguous References,53,0.286
ad9200e3a960201d4a8e9b91d02366ed,3,Ambiguous References; Overloaded Prompt; Format Ambiguity; Unnecessary Repetition; Conflicting Constraints; Bias / Loaded Framing; Vague / Missing Context,14,0.496
ad9200e3a960201d4a8e9b91d02366ed,4,Ambiguous References; Overloaded Prompt; Format Ambiguity; Unnecessary Repetition; Conflicting Constraints; Bias / Loaded Framing; Vague / Missing Context,14,0.509
0ac63fe49674ff681a1846418843ebf5,1,Vague / Missing Context; Format Ambiguity; Overloaded Prompt; Unnecessary Repetition; Conflicting Constraints; Ambiguous References; Prompt Bloat / Convoluted Prompt,682,1.158
dd34939112bce62d8534d2416d2066b9,1,Ambiguous References; Format Ambiguity,47,0.270
d349375b24713029f8b6c61be4fb62a1,1,Vague / Missing Context; Format Ambiguity,50,0.266
858c194148ccf08ae5994d99f3f4f3b0,1,Ambiguous References; Format Ambiguity,74,0.270
f09ddd9e47a1a19de1ea1fd1b2e7d545,1,Vague / Missing Context; Format Ambiguity,529,0.348
f09ddd9e47a1a19de1ea1fd1b2e7d545,2,Vague / Missing Context; Format Ambiguity,528,0.304
f09ddd9e47a1a19de1ea1fd1b2e7d545,3,Vague / Missing Context; Format Ambiguity,528,0.313
8713d11d66be6012867329ace7adaa2a,1,Ambiguous References; Format Ambiguity,364,0.484
d85f66cea72f3c7f73a12c4d6e4f1c40,1,Ambiguous References; Format Ambiguity; Vague / Missing Context; Conflicting Constraints; Overloaded Prompt; Unnecessary Repetition; Bias / Loaded Framing,1105,1.112
d85f66cea72f3c7f73a12c4d6e4f1c40,2,Ambiguous References; Format Ambiguity,116,0.621
fa5ad7f30eb6436596131e33b66a80ee,1,Vague / Missing Context; Ambiguous References,452,0.314
77fd7212983c1ebfa777deedaf110304,1,Vague / Missing Context; Ambiguous References,40,0.261
7d593f3d28f50ca0d2d8eada5a8fcc21,1,Vague / Missing Context; Format Ambiguity,528,0.349
c168e690c0d9affd8a557b4cc894a7d9,1,Vague / Missing Context; Format Ambiguity,4000,0.956
c168e690c0d9affd8a557b4cc894a7d9,2,Vague / Missing Context; Format Ambiguity,187,0.409
c168e690c0d9affd8a557b4cc894a7d9,3,Vague / Missing Context; Ambiguous References,9,0.259
61f500735059da78edae45364241b809,1,Vague / Missing Context; Ambiguous References; Format Ambiguity,331,0.679
61f500735059da78edae45364241b809,2,Ambiguous References; Format Ambiguity,155,0.283
61f500735059da78edae45364241b809,3,Vague / Missing Context; Format Ambiguity,138,0.447
6b9a4b2692fe0d1ebced73c7c75c08ff,1,Ambiguous References,49,0.227
a16139e426b9b1935bbd5ddd981ef06a,1,Ambiguous References,626,0.734
d5eb8ea7092ac900656cb9952b861e3a,1,Ambiguous References; Format Ambiguity,145,0.278
d5eb8ea7092ac900656cb9952b861e3a,2,Vague / Missing Context; Ambiguous References,77,0.251
d5eb8ea7092ac900656cb9952b861e3a,3,Ambiguous References; Format Ambiguity,110,0.327
6ab7b9636c1d4d0892e1330d0d93bd83,1,Vague / Missing Context; Ambiguous References,8,0.212
6ab7b9636c1d4d0892e1330d0d93bd83,7,Vague / Missing Context; Ambiguous References,25,0.256
46e7531c06f45c858b7d17143197a8ad,1,Ambiguous References; Format Ambiguity,314,0.384
827984832e117e7db5e822780d0ab2d4,1,Ambiguous References; Format Ambiguity,59,0.306
7d8b04ea4139375d8ccb064a7a58c978,1,Ambiguous References; Format Ambiguity,1059,0.653
a93d95e17cfbb5af39db31e58ea530d4,1,Vague / Missing Context; Format Ambiguity,519,0.342
2de0feb4bdad6f1636c0f2567a9833fc,1,Ambiguous References; Format Ambiguity,1024,0.747
e4d5e3c4bd1cdd9be3b01abc782aeea8,1,Ambiguous References; Format Ambiguity,808,0.388
a05066548563694e796116fb98ab8b24,1,Ambiguous References; Format Ambiguity,809,0.270
f22007d671978ad0b6a3646b15e1a90c,1,Ambiguous References; Format Ambiguity,1976,0.618
21dfac9c6ff67c054ed4a413a322ab9b,1,Ambiguous References; Format Ambiguity,1034,0.733
f95b5c2aa595c00273ec1f7ae7e8a11f,1,Vague / Missing Context; Format Ambiguity,1977,0.561
d818aec03309c9febeeed839254a89d3,1,Ambiguous References; Format Ambiguity,847,0.577
5e806f428ccb2c785648f3ce4db1118a,1,Ambiguous References; Format Ambiguity,1968,0.772
b3efe9f12c7c3f1f1f1764bbdb2fc557,1,Vague / Missing Context; Format Ambiguity,786,0.388
b3efe9f12c7c3f1f1f1764bbdb2fc557,2,Ambiguous References; Format Ambiguity,218,0.434
b3efe9f12c7c3f1f1f1764bbdb2fc557,3,Vague / Missing Context,27,0.243
b3efe9f12c7c3f1f1f1764bbdb2fc557,4,Vague / Missing Context,20,0.215
b3efe9f12c7c3f1f1f1764bbdb2fc557,5,Ambiguous References; Format Ambiguity,30,0.264
b078d41ad71b346b0173ca57f08dcbd6,1,Ambiguous References; Format Ambiguity,866,0.577
2bd59a5019bd50a6adb2984e740115d3,1,Vague / Missing Context; Format Ambiguity,527,0.342
4057f4df6c89c310697e39ffaf2da969,1,Ambiguous References; Format Ambiguity,1076,0.798
76f24579e31cd5e61670d274063c3bc6,1,Vague / Missing Context; Format Ambiguity,77,0.520
76f24579e31cd5e61670d274063c3bc6,2,Ambiguous References; Format Ambiguity,77,0.280
76f24579e31cd5e61670d274063c3bc6,3,Ambiguous References; Format Ambiguity,87,0.384
5502bec935ece018bacea1d946bd97e1,1,Ambiguous References; Format Ambiguity,274,0.309
5502bec935ece018bacea1d946bd97e1,2,Ambiguous References; Format Ambiguity,99,0.312
8eb06f1814c893afbc6ab9ec3296e864,1,Ambiguous References; Format Ambiguity,1943,0.726
e70a7ac3809113fdc5d0b7ec27653301,1,Ambiguous References,1078,0.743
a807acdfe09f1e603e9d9889af13f1a3,1,Ambiguous References; Format Ambiguity,1103,0.439
daa3d15f956f3c6635cb4ff7349faf2e,1,Vague / Missing Context; Format Ambiguity,521,0.341
faff7f8b86b96643d5913fe044ae1c14,1,Ambiguous References; Format Ambiguity,1103,0.538
f86622f2ea7b75d85b4d99b556613103,1,Vague / Missing Context; Ambiguous References; Format Ambiguity; Overloaded Prompt; Unnecessary Repetition; Conflicting Constraints; Bias / Loaded Framing; Formality / Audience Mismatch,57,0.611
f86622f2ea7b75d85b4d99b556613103,2,Ambiguous References; Format Ambiguity,29,0.250
92b6b761d144605ce4565257bd32a8c9,1,Vague / Missing Context; Ambiguous References,475,0.314
1a1b318595b98dd5475896474f19cafb,1,Vague / Missing Context; Ambiguous References,219,0.290
1a1b318595b98dd5475896474f19cafb,2,No Smell,54,0.193
1a1b318595b98dd5475896474f19cafb,3,Ambiguous References; Format Ambiguity,33,0.287
1a1b318595b98dd5475896474f19cafb,4,Vague / Missing Context; Ambiguous References,98,0.279
1a1b318595b98dd5475896474f19cafb,5,Vague / Missing Context; Ambiguous References,74,0.332
1a1b318595b98dd5475896474f19cafb,6,Vague / Missing Context; Ambiguous References; Format Ambiguity; Overloaded Prompt; Unnecessary Repetition; Conflicting Constraints; Bias / Loaded Framing; Formality / Audience Mismatch,180,0.644
add94755494514af9628e59580716f7e,1,Ambiguous References; Format Ambiguity,1220,0.462
fee301887498659af145cb6eedb26253,1,Ambiguous References,68,0.232
fee301887498659af145cb6eedb26253,2,Ambiguous References; Format Ambiguity,21,0.276
fee301887498659af145cb6eedb26253,3,Ambiguous References; Format Ambiguity,51,0.285
fee301887498659af145cb6eedb26253,4,Ambiguous References; Format Ambiguity,57,0.245
fee301887498659af145cb6eedb26253,5,Ambiguous References; Format Ambiguity,26,0.264
fee301887498659af145cb6eedb26253,6,Ambiguous References; Format Ambiguity,66,0.264
fee301887498659af145cb6eedb26253,7,Ambiguous References; Format Ambiguity,112,0.273
fee301887498659af145cb6eedb26253,8,Ambiguous References; Format Ambiguity,95,0.272
fee301887498659af145cb6eedb26253,9,Vague / Missing Context; Ambiguous References,57,0.298
fee301887498659af145cb6eedb26253,10,Vague / Missing Context; Format Ambiguity,99,0.265
973ba0d9de4027d0d8b43d8d9d61551a,1,Ambiguous References; Format Ambiguity,1088,0.743
973ba0d9de4027d0d8b43d8d9d61551a,2,Vague / Missing Context; Ambiguous References,128,0.485
973ba0d9de4027d0d8b43d8d9d61551a,3,Ambiguous References; Overloaded Prompt; Format Ambiguity,94,0.338
973ba0d9de4027d0d8b43d8d9d61551a,4,Vague / Missing Context; Ambiguous References; Format Ambiguity; Overloaded Prompt; Unnecessary Repetition; Conflicting Constraints; Bias / Loaded Framing; Formality / Audience Mismatch; Irrelevant / Excessive Persona,61,0.693
dc72fc5bd311a09078ccc2efc6c21998,1,Vague / Missing Context; Ambiguous References,85,0.286
dc72fc5bd311a09078ccc2efc6c21998,2,Ambiguous References; Format Ambiguity,85,0.267
dc72fc5bd311a09078ccc2efc6c21998,3,Ambiguous References; Format Ambiguity,85,0.267
40dfbe4ee391fe09ceaafbab67918ebd,1,Vague / Missing Context; Ambiguous References,452,0.313
734c10ac5a1beb28d7c0e612e82ef0fc,1,Ambiguous References; Format Ambiguity,1972,0.823
dbc570d09797047454acabb674aea7ee,1,Ambiguous References; Format Ambiguity,71,0.272
dbc570d09797047454acabb674aea7ee,2,Vague / Missing Context; Ambiguous References,40,0.281
83baccee1b7c5ea99c6f665517955304,1,Vague / Missing Context; Ambiguous References; Format Ambiguity; Overloaded Prompt; Unnecessary Repetition; Conflicting Constraints; Bias / Loaded Framing; Formality / Audience Mismatch,1969,1.249
81b0696ea44e12a659e265f7c141772e,1,Ambiguous References; Format Ambiguity,1976,0.657
312d9e4517ad267f8a7478d22ba7ac5c,1,Ambiguous References; Format Ambiguity,101,0.426
19ba1d05a332c28eddf8cfe62e24eb4d,1,Ambiguous References; Format Ambiguity,127,0.387
47a73f444cc698e866c5113172b090c2,1,Ambiguous References; Format Ambiguity,1935,0.587
813ea5f57680abd24fa7093047b39059,1,Ambiguous References; Format Ambiguity,1130,0.539
328ad8d3a731ac16e95585d8b146559f,1,Ambiguous References,123,0.302
328ad8d3a731ac16e95585d8b146559f,2,Ambiguous References; Format Ambiguity,60,0.287
250f951be46b9e5b8031ec812331729c,1,Ambiguous References; Format Ambiguity,884,0.611
6c062acdd415d62cb79b27897e7a8a90,1,Vague / Missing Context; Ambiguous References,52,0.284
6c062acdd415d62cb79b27897e7a8a90,2,Ambiguous References,65,0.231
6c062acdd415d62cb79b27897e7a8a90,3,Vague / Missing Context; Ambiguous References,48,0.277
6c062acdd415d62cb79b27897e7a8a90,4,Vague / Missing Context; Ambiguous References,20,0.278
54d45dea30d3e304be8dc8bd65c2f0ac,1,Ambiguous References; Format Ambiguity,1920,0.556
409b91460142fc3e2d116b7787dfeb87,1,Ambiguous References; Format Ambiguity,934,0.468
c67318e9833b218f8e447d2ad61f6cfa,1,Vague / Missing Context; Format Ambiguity,703,0.788
c67318e9833b218f8e447d2ad61f6cfa,2,Ambiguous References,36,0.213
c67318e9833b218f8e447d2ad61f6cfa,3,Vague / Missing Context; Ambiguous References,53,0.284
c67318e9833b218f8e447d2ad61f6cfa,4,Vague / Missing Context; Ambiguous References; Format Ambiguity; Overloaded Prompt; Prompt Bloat / Convoluted Prompt; Unnecessary Repetition; Conflicting Constraints; Bias / Loaded Framing; Formality / Audience Mismatch,67,0.661
c67318e9833b218f8e447d2ad61f6cfa,5,Ambiguous References; Format Ambiguity,162,0.458
ea68b3a1d89b19571390b2946ee8dbcf,1,Ambiguous References; Format Ambiguity,934,0.470
f5bce9964e5948b59ce715931099bee8,1,Vague / Missing Context; Format Ambiguity,543,0.342
96d721a827e12dca5b17a531d1f381c3,1,Ambiguous References; Overloaded Prompt,37,0.258
96d721a827e12dca5b17a531d1f381c3,2,Ambiguous References; Format Ambiguity,27,0.501
96d721a827e12dca5b17a531d1f381c3,4,Vague / Missing Context; Ambiguous References,41,0.319
96d721a827e12dca5b17a531d1f381c3,5,Vague / Missing Context; Ambiguous References,43,0.270
96d721a827e12dca5b17a531d1f381c3,6,Ambiguous References; Vague / Missing Context,47,0.257
96d721a827e12dca5b17a531d1f381c3,7,Vague / Missing Context; Ambiguous References,50,0.364
96d721a827e12dca5b17a531d1f381c3,8,Vague / Missing Context; Ambiguous References,24,0.307
96d721a827e12dca5b17a531d1f381c3,9,Vague / Missing Context; Ambiguous References,41,0.329
6f8f0256be30161f88ad02a6a3c250d7,1,Ambiguous References; Format Ambiguity,1056,0.713
58f1e3480d4027e155e65a07c5dfd7c8,1,Ambiguous References; Format Ambiguity,243,0.532
9a76e4e2d97fca51ef9ba61b2d222386,1,Ambiguous References; Format Ambiguity,181,0.569
86b7d4bdbaafc4b40dd6dc342cfd4fa4,1,Ambiguous References; Format Ambiguity,108,0.279
86b7d4bdbaafc4b40dd6dc342cfd4fa4,2,Ambiguous References; Format Ambiguity,189,0.518
48d11437f392f1a1d477fe9a9f5d38b6,1,Ambiguous References; Format Ambiguity; Overloaded Prompt; Unnecessary Repetition; Conflicting Constraints; Bias / Loaded Framing; Vague / Missing Context,1039,0.924
3c0734a1ef0cddcf32fb1f6231372cfb,1,Ambiguous References; Format Ambiguity; Overloaded Prompt; Unnecessary Repetition; Conflicting Constraints; Bias / Loaded Framing; Vague / Missing Context,1039,0.809
08bfe9e9ba11b3168d9fca276d579297,1,Ambiguous References; Format Ambiguity,1071,0.541
f120d28f008555185b4aa1074f3031b4,1,Vague / Missing Context; Format Ambiguity,703,0.791
71cc87776171aa7caa76ac3d09391c0e,1,Ambiguous References; Format Ambiguity,1120,0.636
bf2f8a8ef37faaa6fbbdd08d0dd48174,1,Ambiguous References; Format Ambiguity,1132,0.575
711a913bf883a8769fa50bf91ee7a746,1,Ambiguous References; Format Ambiguity,1168,0.500
137ee2358e68af77437be98aae78e5a4,1,Ambiguous References; Format Ambiguity,1244,0.587
0c5a725c1f5223279451d23eab9769a9,1,Ambiguous References; Format Ambiguity,1240,0.558
cbb9dc3d7528fb73589c5987083155ed,1,Ambiguous References; Format Ambiguity,1240,0.535
810c824fefe161d4d41802470341911e,1,Ambiguous References; Format Ambiguity,52,0.247
d9bebc0d052a60159a40ff4410a255cb,1,Ambiguous References; Format Ambiguity,1120,0.657
ab213ca7fb954966ad93cce288cb1e0f,1,Ambiguous References; Format Ambiguity; Overloaded Prompt; Prompt Bloat / Convoluted Prompt; Conflicting Constraints; Unnecessary Repetition; Bias / Loaded Framing,1320,1.128
6e00ebd25e925c28e46b78ef496e6345,1,Vague / Missing Context; Ambiguous References,43,0.271
6e00ebd25e925c28e46b78ef496e6345,2,Vague / Missing Context; Ambiguous References,50,0.324
6e00ebd25e925c28e46b78ef496e6345,3,Vague / Missing Context; Ambiguous References,35,0.287
6e00ebd25e925c28e46b78ef496e6345,4,Vague / Missing Context; Format Ambiguity,32,0.235
6e00ebd25e925c28e46b78ef496e6345,5,Ambiguous References; Format Ambiguity,48,0.286
6e00ebd25e925c28e46b78ef496e6345,6,Ambiguous References; Format Ambiguity,47,0.297
a59dd9ac916baeb4ef7c96d2477a7489,1,Ambiguous References; Format Ambiguity; Overloaded Prompt; Prompt Bloat / Convoluted Prompt; Conflicting Constraints; Unnecessary Repetition,1325,1.115
64f9b67c3edcf25122165315a7de28f1,1,Ambiguous References; Format Ambiguity,1110,0.398
fe2e47cd0a8ac385f85bc0dde78bd52f,1,Ambiguous References; Format Ambiguity,120,0.479
eb21fd183b3e217cf0a9d73135d61dfa,1,Ambiguous References; Format Ambiguity,1269,0.895
d9a6cdc60b04b06f34da8d2fafd472b7,1,Ambiguous References; Format Ambiguity,1269,0.766
bdab6302e6b0a20998477407f55f359a,1,Ambiguous References; Format Ambiguity,1120,0.400
d5a475748ed3c67e14528f0d155140c3,1,Ambiguous References; Format Ambiguity,1269,0.893
386c9aecb8c8f1cd0f38e9c6625ba1fb,1,Ambiguous References; Format Ambiguity,1120,0.400
5ba8861f8eaa4664dd47da847fdc3620,1,Ambiguous References; Format Ambiguity,126,0.481
5335866a682f626969a2119c7876b197,1,Ambiguous References; Format Ambiguity,1120,0.398
3ca8f9cafe9ddc12de20fb1b6fbb1307,1,Ambiguous References; Format Ambiguity,130,0.274
3ca8f9cafe9ddc12de20fb1b6fbb1307,2,Vague / Missing Context; Ambiguous References,15,0.221
3ca8f9cafe9ddc12de20fb1b6fbb1307,3,Vague / Missing Context; Ambiguous References,58,0.252
3ca8f9cafe9ddc12de20fb1b6fbb1307,4,Vague / Missing Context; Ambiguous References; Format Ambiguity; Overloaded Prompt; Prompt Bloat / Convoluted Prompt; Unnecessary Repetition; Conflicting Constraints; Bias / Loaded Framing; Formality / Audience Mismatch,20,0.747
3ca8f9cafe9ddc12de20fb1b6fbb1307,5,Ambiguous References; Format Ambiguity,25,0.229
8580c3e675b8f6ed442441237bc10345,1,Vague / Missing Context; Ambiguous References,127,0.273
199d30330f27a82c5fed41afa8b422e8,1,Ambiguous References; Format Ambiguity; Overloaded Prompt; Unnecessary Repetition; Conflicting Constraints; Bias / Loaded Framing; Formality / Audience Mismatch; Vague / Missing Context,1322,1.108
f307b8116fe5b1a741ae32b244a67492,1,Ambiguous References; Format Ambiguity,1127,0.372
19dfb267bba7904cb3f10b526edc5a41,1,Ambiguous References; Format Ambiguity; Overloaded Prompt; Unnecessary Repetition; Conflicting Constraints; Bias / Loaded Framing; Formality / Audience Mismatch; Vague / Missing Context,1322,1.107
7c87660c07cb777c78ccc539e68b61d0,1,Ambiguous References; Format Ambiguity,51,0.291
7c87660c07cb777c78ccc539e68b61d0,2,Ambiguous References; Format Ambiguity,27,0.261
7c87660c07cb777c78ccc539e68b61d0,3,No Smell,30,0.195
7c87660c07cb777c78ccc539e68b61d0,4,No Smell,21,0.190
55da03ac1f18695e4c37fcd878b8739d,1,Ambiguous References; Format Ambiguity,1161,0.718
29d7016da2af323dffe3b40a84e2730e,2,Vague / Missing Context; Ambiguous References,102,0.292
29d7016da2af323dffe3b40a84e2730e,3,Vague / Missing Context; Ambiguous References,88,0.265
2399e23b6d3fa551ded30690d61f8c7d,1,Ambiguous References; Format Ambiguity,1137,0.754
caf5631709e876a2d3635536aa8fa8a8,1,Vague / Missing Context,102,0.254
caf5631709e876a2d3635536aa8fa8a8,3,Ambiguous References; Format Ambiguity,122,0.311
e1142f75883adcd80914d3a9ddb844fc,1,Vague / Missing Context; Format Ambiguity,193,0.470
85b1ef56c452232bdfebd01301947e16,1,Vague / Missing Context; Ambiguous References; Format Ambiguity,46,0.311
916aace7f84e92b6e87a43a4a71bd124,1,Vague / Missing Context; Ambiguous References,452,0.314
20615b015942602c13f1ade22d04656c,1,Vague / Missing Context; Ambiguous References; Format Ambiguity; Overloaded Prompt; Unnecessary Repetition; Conflicting Constraints; Bias / Loaded Framing; Formality / Audience Mismatch,1829,1.067
cfb73ef46b06bcb41e7e02cb9aadf3eb,1,Vague / Missing Context; Format Ambiguity,757,0.757
cfb73ef46b06bcb41e7e02cb9aadf3eb,2,Vague / Missing Context; Ambiguous References,53,0.284
cfb73ef46b06bcb41e7e02cb9aadf3eb,3,Ambiguous References; Format Ambiguity,106,0.274
5d9735f90d3ee4515f4e24428b72c8a1,1,Vague / Missing Context; Ambiguous References,452,0.314
6e187d62604705a83e0e88279dcb9ff8,1,Ambiguous References; Format Ambiguity,569,0.684
66e6f1f513f2ad0435f8e9defb170e9d,1,Ambiguous References; Format Ambiguity; Overloaded Prompt; Vague / Missing Context; Unnecessary Repetition; Conflicting Constraints; Bias / Loaded Framing,188,0.951
928f392450509779fab187d390bb5eb1,1,Ambiguous References; Format Ambiguity,546,0.420
928f392450509779fab187d390bb5eb1,2,Vague / Missing Context; Ambiguous References,9,0.269
4950d1e85603056650e443b5df736457,1,Ambiguous References; Format Ambiguity,579,0.658
8de0cf58246d2bcda01cb387a5abc8db,1,Ambiguous References; Format Ambiguity,590,0.601
241e7a811dde7be55e0456488e5169a2,1,Ambiguous References; Format Ambiguity,602,0.577
55c02412b4a60846f36fc93e78f8d8e1,1,Ambiguous References; Format Ambiguity,616,0.703
200e7fb3d8d6fc19d57b733f14968850,1,Ambiguous References; Format Ambiguity,101,0.251
036caef155019cb77a86903ddb77b73d,1,Vague / Missing Context; Ambiguous References,634,0.368
0af8e358e486885ac47a0e0048b08d3e,1,Vague / Missing Context; Ambiguous References,96,0.299
9db6fabe2719422f37ad8cd90b98675f,1,Ambiguous References; Format Ambiguity,68,0.304
eb7c39bb8284b8a55f99b072654f9583,1,Vague / Missing Context; Ambiguous References,629,0.370
ce3147484e49db568496133fb8775e5a,1,Vague / Missing Context; Format Ambiguity,732,0.883
ce3147484e49db568496133fb8775e5a,2,Vague / Missing Context; Ambiguous References,53,0.285
ce3147484e49db568496133fb8775e5a,3,Ambiguous References; Format Ambiguity,111,0.400
fa79ccbb0017f23756efdb3a7bc35558,1,Vague / Missing Context; Ambiguous References,680,0.372
d05b0c986d3cbf2ce8ac320372082330,1,Ambiguous References,18,0.220
d05b0c986d3cbf2ce8ac320372082330,3,Ambiguous References,98,0.239
e47d45d176ccbb5190410c1383199609,1,Ambiguous References; Format Ambiguity,660,0.570
53da976f2c49a29cc38fb6f9b592bc48,1,Ambiguous References; Format Ambiguity,91,0.258
53da976f2c49a29cc38fb6f9b592bc48,2,Vague / Missing Context; Ambiguous References,29,0.241
53da976f2c49a29cc38fb6f9b592bc48,3,Ambiguous References,17,0.189
53da976f2c49a29cc38fb6f9b592bc48,4,Vague / Missing Context; Format Ambiguity,7,0.241
2a7907c14be4b2974aaeaaa910fb9cb1,1,Ambiguous References; Format Ambiguity,533,0.496
8a895508a1e2794b365d81768625bf7f,1,Ambiguous References; Format Ambiguity,183,0.265
efc42edaf00e52d833aa6cebb5de54f3,1,Vague / Missing Context; Ambiguous References,46,0.394
05fca4ceb71731de3d661b5faa5e95e2,1,Ambiguous References; Format Ambiguity,32,0.334
05fca4ceb71731de3d661b5faa5e95e2,2,Vague / Missing Context; Ambiguous References,33,0.331
05fca4ceb71731de3d661b5faa5e95e2,3,Ambiguous References; Format Ambiguity,82,0.299
05fca4ceb71731de3d661b5faa5e95e2,4,Ambiguous References; Format Ambiguity,83,0.368
e2b4e8bc5684db282fb6f0252f6617b2,1,Ambiguous References; Format Ambiguity,2178,0.554
e2b4e8bc5684db282fb6f0252f6617b2,2,Vague / Missing Context; Ambiguous References,402,0.364
e2b4e8bc5684db282fb6f0252f6617b2,3,Vague / Missing Context,398,0.434
8232c356df6d444819b7852968c43164,1,Ambiguous References; Format Ambiguity,349,0.472
98f3acc682c2ba3e248782ef364b4d10,1,Vague / Missing Context,397,0.437
736828ce766e108f9ba04b1b7888da48,2,Vague / Missing Context; Ambiguous References,25,0.243
736828ce766e108f9ba04b1b7888da48,3,Ambiguous References,29,0.190
7fb9164a58b7a85fdc55dc13296adc61,1,Ambiguous References; Format Ambiguity,413,0.374
f5d0d8939fb06286aac1828c0b49cf21,1,Ambiguous References; Format Ambiguity,427,0.669
c49358634fb2c62b89631049d8f97d27,1,Vague / Missing Context; Ambiguous References,118,0.313
c49358634fb2c62b89631049d8f97d27,2,Ambiguous References; Format Ambiguity,56,0.270
5c13336f430b7aa1a528e914cbbf552f,1,Ambiguous References; Format Ambiguity,103,0.251
5c13336f430b7aa1a528e914cbbf552f,2,Ambiguous References; Format Ambiguity,96,0.252
5c13336f430b7aa1a528e914cbbf552f,3,Ambiguous References; Format Ambiguity,78,0.245
5c13336f430b7aa1a528e914cbbf552f,4,Ambiguous References; Format Ambiguity,104,0.266
5c13336f430b7aa1a528e914cbbf552f,5,Vague / Missing Context; Ambiguous References,141,0.245
5c13336f430b7aa1a528e914cbbf552f,6,Ambiguous References; Format Ambiguity,97,0.260
5c13336f430b7aa1a528e914cbbf552f,7,Ambiguous References; Format Ambiguity,98,0.266
60eee059ea260701682621120a14fa98,1,Ambiguous References; Format Ambiguity,439,0.489
887a38bff87ba2a969144b72410ea502,1,Ambiguous References; Format Ambiguity; Overloaded Prompt; Unnecessary Repetition; Conflicting Constraints; Bias / Loaded Framing; Formality / Audience Mismatch; Vague / Missing Context,1322,1.109
30a781fe14d076ccb839fd031dc4f0c7,1,Ambiguous References; Format Ambiguity,439,0.490
16616ebb5242bb46636b51ac08dd7556,1,Ambiguous References; Format Ambiguity; Overloaded Prompt; Unnecessary Repetition; Conflicting Constraints; Bias / Loaded Framing; Formality / Audience Mismatch; Vague / Missing Context,1322,1.108
935fab9248630f2865d125a2b37e0276,1,Ambiguous References; Format Ambiguity; Overloaded Prompt; Unnecessary Repetition; Conflicting Constraints; Bias / Loaded Framing; Formality / Audience Mismatch; Vague / Missing Context,1322,0.968
f34ce669ccc5ba8b04d35fe66e2bd9e8,1,Ambiguous References; Format Ambiguity; Overloaded Prompt; Unnecessary Repetition; Conflicting Constraints; Bias / Loaded Framing; Formality / Audience Mismatch; Vague / Missing Context,1322,0.968
f04db073ccebeb7c2c48d11f16b190ae,1,Ambiguous References; Format Ambiguity,474,0.683
60bb12808e8eec5e5904768cd5f86f31,1,Ambiguous References; Format Ambiguity,248,0.377
cf770dc4fb4dd2cd133bb9de7a5f7ca4,1,Ambiguous References; Format Ambiguity,452,0.419
85ba770ce4d92548a5f3332b58250fb3,1,Ambiguous References; Format Ambiguity,59,0.315
c1f6e556d6e36a584bd88972e8e217b4,1,Ambiguous References; Format Ambiguity; Overloaded Prompt; Unnecessary Repetition; Conflicting Constraints; Bias / Loaded Framing; Formality / Audience Mismatch; Vague / Missing Context,1322,1.106
43bb459f6a3faee9e5961a264be35c70,1,Ambiguous References; Format Ambiguity,179,0.280
43bb459f6a3faee9e5961a264be35c70,2,No Smell,40,0.208
43bb459f6a3faee9e5961a264be35c70,3,Ambiguous References; Format Ambiguity,82,0.299
43bb459f6a3faee9e5961a264be35c70,4,Ambiguous References; Format Ambiguity,73,0.305
43bb459f6a3faee9e5961a264be35c70,5,Vague / Missing Context,30,0.243
43bb459f6a3faee9e5961a264be35c70,6,Ambiguous References; Format Ambiguity,227,0.284
43bb459f6a3faee9e5961a264be35c70,7,Ambiguous References; Format Ambiguity,153,0.342
43bb459f6a3faee9e5961a264be35c70,8,Ambiguous References,55,0.213
8db8a346e50a8aee9a28c4249c2127e3,1,Vague / Missing Context; Ambiguous References,54,0.260
2d29f847ead4d6483b60bd51427672af,1,Vague / Missing Context; Ambiguous References,48,0.267
2d29f847ead4d6483b60bd51427672af,2,Ambiguous References; Format Ambiguity,35,0.269
2d29f847ead4d6483b60bd51427672af,3,Ambiguous References; Format Ambiguity,61,0.313
e135a6e773a8751c9629923ce93008f1,2,Ambiguous References; Format Ambiguity,108,0.266
e135a6e773a8751c9629923ce93008f1,3,Ambiguous References; Format Ambiguity,129,0.279
e135a6e773a8751c9629923ce93008f1,4,Ambiguous References; Format Ambiguity,94,0.273
e135a6e773a8751c9629923ce93008f1,5,Vague / Missing Context; Ambiguous References,118,0.280
e135a6e773a8751c9629923ce93008f1,6,Ambiguous References; Format Ambiguity,84,0.357
b6a55f4d4bc31b4603336c52eaf7025f,1,Ambiguous References; Format Ambiguity,1814,0.504
8979b31eb5a7c82654f61849fbe8870f,1,Ambiguous References; Format Ambiguity,611,0.596
775bed6dae9f7539580a237808da7939,1,Ambiguous References; Format Ambiguity,1814,0.502
41fc4da2d2696c6c42eb9085a3b51d9d,1,Ambiguous References; Format Ambiguity,1814,0.307
b3677a94e4ee3817c869b5a10994ae8b,1,Ambiguous References; Format Ambiguity,1814,0.311
5e34f52bcb1de840f46a5ba102a2b3fc,1,Ambiguous References; Format Ambiguity,268,0.372
12424bc34b2cfcc1c502406dc361d712,1,Ambiguous References; Format Ambiguity,1814,0.502
f11da4480e2eb024d78b8cc451a66ba7,1,Ambiguous References; Format Ambiguity,632,0.516
f11da4480e2eb024d78b8cc451a66ba7,2,Ambiguous References; Format Ambiguity,65,0.535
d6c5e4af8f11e036c193bdaa7c76bfca,1,Vague / Missing Context; Ambiguous References,705,0.319
78ef67f4ad98f3fb4b49aeff9e858173,1,Ambiguous References; Format Ambiguity; Overloaded Prompt; Conflicting Constraints; Unnecessary Repetition; Prompt Bloat / Convoluted Prompt,803,0.844
d2c1730f0e631d8383d1bfdb099fb988,1,Vague / Missing Context; Format Ambiguity,2541,0.701
f9de115677e069cdc53ae77271fd2bab,1,Vague / Missing Context; Ambiguous References,98,0.281
d292ee3fed175694aa09539f550d3330,1,Ambiguous References; Format Ambiguity,124,0.293
d292ee3fed175694aa09539f550d3330,2,Ambiguous References,48,0.220
d292ee3fed175694aa09539f550d3330,3,Ambiguous References; Format Ambiguity,124,0.246
d292ee3fed175694aa09539f550d3330,4,Ambiguous References; Format Ambiguity,160,0.285
08a3f5a79944fa20e8b21ff6452a40c2,1,Ambiguous References; Format Ambiguity,39,0.264
08a3f5a79944fa20e8b21ff6452a40c2,2,Vague / Missing Context; Ambiguous References,35,0.303
08a3f5a79944fa20e8b21ff6452a40c2,3,Vague / Missing Context; Ambiguous References; Format Ambiguity; Overloaded Prompt; Unnecessary Repetition; Conflicting Constraints; Bias / Loaded Framing; Formality / Audience Mismatch,77,0.869
08a3f5a79944fa20e8b21ff6452a40c2,4,Ambiguous References,24,0.201
08a3f5a79944fa20e8b21ff6452a40c2,5,Ambiguous References; Format Ambiguity,74,0.312
c6bcf1707691b85da82f24142f518571,1,Ambiguous References; Format Ambiguity,817,0.492
c6bcf1707691b85da82f24142f518571,2,Vague / Missing Context; Format Ambiguity,110,0.493
be7132e28e882bae24f7f0c2af15b8d5,1,Ambiguous References; Format Ambiguity,772,0.485
105f771f6ef97f8d9b3478f606d7509f,1,Ambiguous References; Format Ambiguity,372,0.422
6899c0908e805eb0c5d6330ceeae580c,1,Vague / Missing Context; Ambiguous References,121,0.288
6899c0908e805eb0c5d6330ceeae580c,2,Vague / Missing Context; Ambiguous References,122,0.286
a7e5b7ad6d04970dedde9c35eb546df4,1,Vague / Missing Context,11,0.255
aeaaf7d61fb200c27dc21eaeab6534a5,1,Ambiguous References; Format Ambiguity; Overloaded Prompt,383,0.855
765d00742aa433c7da83c7371d40f0a1,1,Ambiguous References; Format Ambiguity,733,0.575
6697c3e390fe1d671269a9c8dc89e32d,1,Ambiguous References; Format Ambiguity,411,0.488
c0a6555a2e066b6dd30843077e28d384,1,Ambiguous References; Format Ambiguity,758,0.544
4b4b14f2fe282ec2d1c2b8e13ada3de1,1,Vague / Missing Context; Ambiguous References,456,0.314
e89ed0ef4724e9b58430b386c9b55cc6,1,Ambiguous References,624,0.961
ee36eeb7ad1c806a7ec4d4c1213dfe09,1,Ambiguous References; Format Ambiguity,782,0.359
138fda61fb28a9613558942c0e735dc2,1,Vague / Missing Context,514,0.361
138fda61fb28a9613558942c0e735dc2,2,Ambiguous References; Format Ambiguity,28,0.229
813ec253d1d6505056dea915726e0380,1,Vague / Missing Context,16,0.240
813ec253d1d6505056dea915726e0380,5,Vague / Missing Context; Ambiguous References; Format Ambiguity; Overloaded Prompt; Prompt Bloat / Convoluted Prompt; Unnecessary Repetition; Conflicting Constraints; Bias / Loaded Framing; Formality / Audience Mismatch,70,0.712
813ec253d1d6505056dea915726e0380,6,Vague / Missing Context; Ambiguous References; Format Ambiguity; Overloaded Prompt; Unnecessary Repetition; Conflicting Constraints; Bias / Loaded Framing; Formality / Audience Mismatch,198,0.866
813ec253d1d6505056dea915726e0380,7,Vague / Missing Context; Ambiguous References; Format Ambiguity; Overloaded Prompt; Unnecessary Repetition; Conflicting Constraints; Bias / Loaded Framing; Formality / Audience Mismatch,35,0.643
813ec253d1d6505056dea915726e0380,8,Vague / Missing Context; Ambiguous References,46,0.247
813ec253d1d6505056dea915726e0380,9,Ambiguous References; Format Ambiguity,24,0.267
813ec253d1d6505056dea915726e0380,10,Ambiguous References; Format Ambiguity,57,0.280
813ec253d1d6505056dea915726e0380,11,Ambiguous References; Format Ambiguity,114,0.260
813ec253d1d6505056dea915726e0380,12,Vague / Missing Context; Ambiguous References,78,0.332
813ec253d1d6505056dea915726e0380,13,Vague / Missing Context; Ambiguous References; Format Ambiguity; Overloaded Prompt; Unnecessary Repetition; Conflicting Constraints; Bias / Loaded Framing; Formality / Audience Mismatch,26,0.643
813ec253d1d6505056dea915726e0380,14,Vague / Missing Context; Ambiguous References,28,0.242
813ec253d1d6505056dea915726e0380,15,Ambiguous References; Format Ambiguity,62,0.303
813ec253d1d6505056dea915726e0380,16,Vague / Missing Context; Ambiguous References; Format Ambiguity; Overloaded Prompt; Unnecessary Repetition; Conflicting Constraints; Bias / Loaded Framing; Formality / Audience Mismatch,67,0.648
813ec253d1d6505056dea915726e0380,17,Ambiguous References; Format Ambiguity,275,0.502
813ec253d1d6505056dea915726e0380,18,Vague / Missing Context; Ambiguous References,16,0.247
813ec253d1d6505056dea915726e0380,20,Vague / Missing Context; Format Ambiguity,27,0.300
813ec253d1d6505056dea915726e0380,21,Vague / Missing Context; Format Ambiguity,1537,0.609
813ec253d1d6505056dea915726e0380,22,Vague / Missing Context; Ambiguous References,41,0.310
813ec253d1d6505056dea915726e0380,23,Vague / Missing Context,31,0.244
813ec253d1d6505056dea915726e0380,24,Vague / Missing Context; Ambiguous References; Format Ambiguity; Overloaded Prompt; Unnecessary Repetition; Conflicting Constraints; Bias / Loaded Framing; Formality / Audience Mismatch,47,0.644
813ec253d1d6505056dea915726e0380,25,Ambiguous References; Format Ambiguity,87,0.313
813ec253d1d6505056dea915726e0380,26,Ambiguous References; Format Ambiguity,33,0.285
c39b70dc6e5ca495c9b92eeb6c8aa42f,1,Ambiguous References; Format Ambiguity,816,0.452
8437aa8c170120ef46e1e196d2259c60,1,Ambiguous References; Format Ambiguity,817,0.311
f50810b1aa576a6aa082c2e63994273d,1,Ambiguous References; Format Ambiguity,817,0.292
e9a9502d645391df297f6cff538be34f,1,Vague / Missing Context; Ambiguous References; Format Ambiguity; Overloaded Prompt; Unnecessary Repetition; Conflicting Constraints; Bias / Loaded Framing; Formality / Audience Mismatch,226,0.651
e9a9502d645391df297f6cff538be34f,2,Ambiguous References; Format Ambiguity,419,0.349
581d5205da76b81d1fc62cdc85ea05bc,1,Ambiguous References; Format Ambiguity,817,0.467
e4e585cf51d03953523b97fd32fbe825,1,Ambiguous References; Format Ambiguity,418,0.349
3f2c785cae90c5b82ed677c3d14f6437,1,Ambiguous References; Format Ambiguity,16,0.262
3f2c785cae90c5b82ed677c3d14f6437,2,Vague / Missing Context; Ambiguous References; Format Ambiguity; Overloaded Prompt; Unnecessary Repetition; Conflicting Constraints; Bias / Loaded Framing; Formality / Audience Mismatch,29,0.618
8603be60215ee300e16630f575682d45,1,Ambiguous References; Format Ambiguity,817,0.467
ba9370980f3ce4fe07c13c892c168891,1,Ambiguous References,672,1.007
03f66d6fa3015364223a54847c0b0312,1,Ambiguous References; Format Ambiguity,817,0.467
03f66d6fa3015364223a54847c0b0312,2,Vague / Missing Context; Format Ambiguity,141,0.298
44ec945b8fbd3c63f7db535fae996f92,1,Ambiguous References; Format Ambiguity,830,0.361
497e2972d969161b82377cbd793607cd,1,Ambiguous References,687,0.897
912f2419fe58bac2e64a1c47c8bd9596,1,Ambiguous References; Format Ambiguity,687,0.864
d164c9ad991240d567feb41a2de18888,1,Vague / Missing Context; Ambiguous References; Format Ambiguity; Overloaded Prompt; Unnecessary Repetition; Conflicting Constraints; Bias / Loaded Framing; Formality / Audience Mismatch,192,0.807
d164c9ad991240d567feb41a2de18888,2,Vague / Missing Context; Format Ambiguity,289,0.702
d164c9ad991240d567feb41a2de18888,3,Ambiguous References; Format Ambiguity; Vague / Missing Context; Overloaded Prompt; Unnecessary Repetition; Conflicting Constraints; Bias / Loaded Framing,272,0.909
d164c9ad991240d567feb41a2de18888,4,Ambiguous References; Format Ambiguity; Overloaded Prompt; Vague / Missing Context; Unnecessary Repetition; Conflicting Constraints; Bias / Loaded Framing,219,0.928
d164c9ad991240d567feb41a2de18888,5,Vague / Missing Context; Ambiguous References; Format Ambiguity; Overloaded Prompt; Unnecessary Repetition; Conflicting Constraints; Bias / Loaded Framing; Formality / Audience Mismatch,177,0.951
d164c9ad991240d567feb41a2de18888,6,Vague / Missing Context; Ambiguous References; Format Ambiguity; Overloaded Prompt; Unnecessary Repetition; Conflicting Constraints; Bias / Loaded Framing; Formality / Audience Mismatch,173,0.980
d164c9ad991240d567feb41a2de18888,7,Vague / Missing Context; Format Ambiguity,184,0.653
d164c9ad991240d567feb41a2de18888,8,Vague / Missing Context; Ambiguous References; Format Ambiguity,165,0.623
dc7ca1115543a57b7936a743cad7f3fe,1,Ambiguous References,693,0.984
df2c876f974a75a8b11cb87cf35dfc2b,1,Vague / Missing Context; Format Ambiguity; Overloaded Prompt; Unnecessary Repetition; Conflicting Constraints; Bias / Loaded Framing; Formality / Audience Mismatch; Irrelevant / Excessive Persona; Ambiguous References,937,0.900
e7a94bc09c0e803921830df923a765b9,1,Vague / Missing Context; Ambiguous References,940,0.467
4835c04bbb449ec97049eef3abb861cb,1,Ambiguous References,791,1.013
00e997198d9ee26dfffabad0b6bf83a1,1,Vague / Missing Context; Ambiguous References,940,0.615
c0b48aae0c5ccf63a065b0ab9cfc4a65,1,Ambiguous References; Format Ambiguity,67,0.245
c0b48aae0c5ccf63a065b0ab9cfc4a65,2,Vague / Missing Context; Ambiguous References,11,0.246
c0b48aae0c5ccf63a065b0ab9cfc4a65,3,Vague / Missing Context; Ambiguous References,45,0.278
c0b48aae0c5ccf63a065b0ab9cfc4a65,4,Vague / Missing Context; Ambiguous References,34,0.259
c0b48aae0c5ccf63a065b0ab9cfc4a65,5,Vague / Missing Context,36,0.226
c0b48aae0c5ccf63a065b0ab9cfc4a65,6,Ambiguous References,32,0.209
c0b48aae0c5ccf63a065b0ab9cfc4a65,7,Vague / Missing Context,25,0.240
d9e18b85abb8f94a87ba2ed612246ffb,1,Vague / Missing Context; Ambiguous References; Format Ambiguity; Overloaded Prompt; Unnecessary Repetition; Conflicting Constraints; Bias / Loaded Framing; Formality / Audience Mismatch,250,0.873
15495e8ad0967e662fa324fd8866338f,1,Ambiguous References,784,0.994
89b83081c904ab124a273701f9499941,1,Ambiguous References; Format Ambiguity,677,0.369
442e2b41d3167cd6c848a9cf87457c8c,1,Ambiguous References,784,0.993
5d12498f03799f0e25ba8b7fb6ab1305,1,Ambiguous References; Format Ambiguity,708,0.379
d32d00b7c9b1582da79d2f04a36fbb73,1,Ambiguous References; Format Ambiguity,97,0.259
0bb78355ef31ff0c79587b73969bccb5,1,Ambiguous References,826,1.024
2a810fb4b8d1a94f1457890b369d7bc5,1,Ambiguous References,826,0.946
e8ed61b314481c70007bb2a366cd4a1a,1,Vague / Missing Context; Ambiguous References; Format Ambiguity; Overloaded Prompt; Unnecessary Repetition; Conflicting Constraints; Irrelevant / Excessive Persona; Bias / Loaded Framing; Formality / Audience Mismatch,750,1.064
a40c5638ec3db463740906bc54ef68c7,1,Ambiguous References,784,0.993
9ea702171237226f44eab744785322cc,1,Vague / Missing Context; Ambiguous References; Format Ambiguity; Overloaded Prompt; Unnecessary Repetition; Conflicting Constraints; Irrelevant / Excessive Persona; Bias / Loaded Framing; Formality / Audience Mismatch,750,1.067
5bccbd04802925a323a3319bc5e0424d,1,Vague / Missing Context; Format Ambiguity,1797,0.460
deb9ff189fb319464bb684e768682a70,1,Ambiguous References; Format Ambiguity,93,0.268
d1eebdbb4378d671909537307013e2b5,1,Vague / Missing Context; Ambiguous References; Format Ambiguity; Overloaded Prompt; Unnecessary Repetition; Conflicting Constraints; Irrelevant / Excessive Persona; Bias / Loaded Framing; Formality / Audience Mismatch,754,1.073
e0827f6cf1d283c61a0056528da3390e,1,Ambiguous References,792,1.007
a9634a0407fc6fd27aad3a0401c322bd,1,Vague / Missing Context; Ambiguous References,259,0.290
a9634a0407fc6fd27aad3a0401c322bd,2,Vague / Missing Context,29,0.245
5798a4a99599fd1dba130db06aaa0b45,1,Ambiguous References,796,1.005
b2ba5413ba6f1cfa23a7a2fe597631ba,1,Ambiguous References; Format Ambiguity,761,0.692
d02a8ce8c9eacb6d88a48b62475f174d,1,Ambiguous References,796,1.005
d799877c79c7e7a5bff0c71291e22737,1,Vague / Missing Context; Ambiguous References; Format Ambiguity; Overloaded Prompt; Unnecessary Repetition; Conflicting Constraints; Bias / Loaded Framing; Formality / Audience Mismatch,805,1.109
9a5d4349338507e5ffc9ecc979885b12,1,Vague / Missing Context; Ambiguous References; Format Ambiguity; Overloaded Prompt; Unnecessary Repetition; Conflicting Constraints; Irrelevant / Excessive Persona; Bias / Loaded Framing; Formality / Audience Mismatch,778,1.071
6b775da82214d57b81b1675717eb3232,1,Vague / Missing Context; Ambiguous References; Format Ambiguity; Overloaded Prompt; Unnecessary Repetition; Conflicting Constraints; Bias / Loaded Framing; Formality / Audience Mismatch,241,0.939
0d25c2b68dae714b2f091aef34490bc7,1,Ambiguous References,868,1.035
176f54689c7eadbdde9e1bfe7ece482c,1,Vague / Missing Context; Format Ambiguity,1941,0.559
176f54689c7eadbdde9e1bfe7ece482c,3,Vague / Missing Context; Format Ambiguity,1023,0.460
176f54689c7eadbdde9e1bfe7ece482c,4,Ambiguous References; Format Ambiguity,1136,0.446
176f54689c7eadbdde9e1bfe7ece482c,5,Ambiguous References; Format Ambiguity,1175,0.787
55870e03cebc78abd69e192bb9bde8f9,1,Vague / Missing Context; Ambiguous References; Format Ambiguity; Overloaded Prompt; Unnecessary Repetition; Conflicting Constraints; Irrelevant / Excessive Persona; Bias / Loaded Framing; Formality / Audience Mismatch,777,1.067
55870e03cebc78abd69e192bb9bde8f9,2,Vague / Missing Context; Format Ambiguity,50,0.279
1fcdc4d904e4268fc136fb39bc531402,1,Ambiguous References; Format Ambiguity,135,0.281
811cad1db0acbf392a28b77451996c2c,1,Vague / Missing Context; Ambiguous References; Format Ambiguity; Overloaded Prompt; Unnecessary Repetition; Conflicting Constraints; Irrelevant / Excessive Persona; Bias / Loaded Framing; Formality / Audience Mismatch,791,1.070
811cad1db0acbf392a28b77451996c2c,2,Vague / Missing Context; Format Ambiguity,50,0.278
d43ee66832c304afd0711865aea1eeeb,1,Ambiguous References; Format Ambiguity,882,0.514
64b521d9214c826f5ef91322bebbbbd8,1,Ambiguous References; Format Ambiguity; Overloaded Prompt; Unnecessary Repetition; Conflicting Constraints; Vague / Missing Context,883,0.920
55d5c893fd683f6f2c2d3bfc76c63032,1,Vague / Missing Context; Ambiguous References,54,0.270
55d5c893fd683f6f2c2d3bfc76c63032,2,Vague / Missing Context; Ambiguous References,50,0.279
55d5c893fd683f6f2c2d3bfc76c63032,3,Vague / Missing Context; Ambiguous References,106,0.280
55d5c893fd683f6f2c2d3bfc76c63032,4,Ambiguous References; Format Ambiguity,319,0.328
55d5c893fd683f6f2c2d3bfc76c63032,5,Ambiguous References; Format Ambiguity,125,0.274
55d5c893fd683f6f2c2d3bfc76c63032,6,Ambiguous References; Format Ambiguity,180,0.281
55d5c893fd683f6f2c2d3bfc76c63032,7,Ambiguous References; Format Ambiguity,117,0.313
bf725df9b950d34a33cc8ad66ed7d1f9,1,Vague / Missing Context; Ambiguous References; Format Ambiguity; Overloaded Prompt; Unnecessary Repetition; Conflicting Constraints; Irrelevant / Excessive Persona; Bias / Loaded Framing; Formality / Audience Mismatch,791,1.066
050cd4b02ceaa9fb7b3e2bf5b20d9082,1,Vague / Missing Context; Ambiguous References; Format Ambiguity; Overloaded Prompt; Unnecessary Repetition; Conflicting Constraints; Irrelevant / Excessive Persona; Bias / Loaded Framing; Formality / Audience Mismatch,827,1.053
ff4541b6b4ff9d78109daf36effa64fc,1,Ambiguous References,874,0.949
454fa11627c4f4cea8ec19547849fa04,1,Vague / Missing Context; Ambiguous References; Format Ambiguity,118,0.327
1eb15f4669dd3d258e25670ba42e2b16,1,Ambiguous References; Format Ambiguity,1814,0.502
b3be18a7c2079eeab05e6e87d18bd406,1,Ambiguous References; Overloaded Prompt; Format Ambiguity; Vague / Missing Context; Unnecessary Repetition; Conflicting Constraints; Bias / Loaded Framing,47,0.586
4656ced83b3237af6632bf1ae3893b78,1,Ambiguous References; Format Ambiguity,1814,0.502
074a7695689bd16f3d43c1feacdfd997,1,Ambiguous References; Format Ambiguity,1814,0.307
785a83096670782e061cc2ea407c6d76,1,Ambiguous References; Format Ambiguity,878,0.817
e84f507c3a88b6d64f16d1abc67745ac,2,Ambiguous References; Format Ambiguity,51,0.291
e84f507c3a88b6d64f16d1abc67745ac,3,Ambiguous References; Format Ambiguity,34,0.286
e84f507c3a88b6d64f16d1abc67745ac,4,Vague / Missing Context; Ambiguous References,44,0.281
e84f507c3a88b6d64f16d1abc67745ac,5,Vague / Missing Context; Ambiguous References,143,0.284
a7f9a8af8bf04f533f80d4d5b4193465,7,No Smell,17,0.197
d4adc98c963ec5590638066e8c8ac8b3,1,Vague / Missing Context; Ambiguous References,126,0.286
d4adc98c963ec5590638066e8c8ac8b3,2,Ambiguous References; Format Ambiguity,72,0.285
d4adc98c963ec5590638066e8c8ac8b3,3,Vague / Missing Context,44,0.255
d4adc98c963ec5590638066e8c8ac8b3,4,Vague / Missing Context,20,0.243
7d9a9d52baba5458b5e241b905ffe74d,1,Ambiguous References; Format Ambiguity,141,0.261
786d8b24bf2d090c21a846be44e01326,1,Ambiguous References; Format Ambiguity,854,0.668
c784b287d76a595c6a6f019756e30805,1,Ambiguous References; Format Ambiguity,1814,0.501
bfefa290050e9ec4673e2dcb0b37bb3a,1,Vague / Missing Context; Format Ambiguity,861,0.778
461ebaad05c0f9a14f5acefa70411a10,1,Ambiguous References; Format Ambiguity,1814,0.501
cf63f76341ece45f066dd001fc604980,1,Ambiguous References; Format Ambiguity; Overloaded Prompt; Unnecessary Repetition; Conflicting Constraints; Bias / Loaded Framing; Vague / Missing Context,17,0.605
cf63f76341ece45f066dd001fc604980,2,Vague / Missing Context; Ambiguous References,28,0.304
cf63f76341ece45f066dd001fc604980,3,Vague / Missing Context,31,0.243
1667fed141975c82e348443d69ee5733,1,Ambiguous References; Format Ambiguity,1814,0.501
ed281cb5efb34f3fc6a5e209ec1263a0,1,Ambiguous References; Format Ambiguity,1814,0.308
f9c577e230850faac673df00ae166c55,1,Ambiguous References; Format Ambiguity,1814,0.308
2a9fb52d482fdbeec726c9b395f61ae4,1,Vague / Missing Context; Ambiguous References,42,0.273
2a9fb52d482fdbeec726c9b395f61ae4,2,Ambiguous References; Format Ambiguity,51,0.311
2a9fb52d482fdbeec726c9b395f61ae4,3,Ambiguous References; Format Ambiguity,58,0.265
2a9fb52d482fdbeec726c9b395f61ae4,4,Ambiguous References; Format Ambiguity,128,0.306
2a9fb52d482fdbeec726c9b395f61ae4,5,Vague / Missing Context; Ambiguous References,89,0.312
2a9fb52d482fdbeec726c9b395f61ae4,6,Vague / Missing Context; Ambiguous References,120,0.304
2a9fb52d482fdbeec726c9b395f61ae4,7,Vague / Missing Context; Ambiguous References,49,0.254
2a9fb52d482fdbeec726c9b395f61ae4,8,Vague / Missing Context; Ambiguous References,184,0.290
b0bd6c1f11eec7750de220655858381c,1,Vague / Missing Context; Format Ambiguity,932,0.530
ce24c03e35f674d1994b2721f283a4ac,1,Ambiguous References; Format Ambiguity,1814,0.503
d90a920d138deeebae54a3f293a22a54,1,Vague / Missing Context; Format Ambiguity,2197,0.809
d90a920d138deeebae54a3f293a22a54,2,Vague / Missing Context; Ambiguous References,53,0.285
d90a920d138deeebae54a3f293a22a54,3,Ambiguous References; Format Ambiguity,312,0.423
47b7f9b4dd22b299f921a5a8f4e24b17,1,Ambiguous References; Format Ambiguity,893,0.656
9ca6263701e1613d28807fe348d300ca,1,Ambiguous References; Format Ambiguity,891,0.798
e91511cddc5201c6dbf83ed9acbe52f0,1,Ambiguous References,892,0.648
05838ddafa1f7f0a69ee4378486247cd,1,Ambiguous References,892,0.713
1b5897509d5da999435aa594d157d4a7,1,Ambiguous References; Format Ambiguity; Overloaded Prompt; Unnecessary Repetition; Conflicting Constraints; Bias / Loaded Framing; Formality / Audience Mismatch; Vague / Missing Context,872,0.808
a921a02db19f255637121ac897f12507,1,Ambiguous References; Format Ambiguity,897,0.722
0fcc37336a6d5f031cb0057b4057d1f6,1,Ambiguous References; Format Ambiguity,1814,0.501
9b691232ea789499cee1a39b08a20ca6,1,Ambiguous References; Format Ambiguity,98,0.279
9b691232ea789499cee1a39b08a20ca6,3,Vague / Missing Context; Ambiguous References,74,0.291
9b691232ea789499cee1a39b08a20ca6,4,Vague / Missing Context,12,0.228
9b691232ea789499cee1a39b08a20ca6,5,Ambiguous References; Format Ambiguity,51,0.266
9b691232ea789499cee1a39b08a20ca6,6,Ambiguous References; Format Ambiguity,25,0.227
9b691232ea789499cee1a39b08a20ca6,7,Ambiguous References,57,0.291
9b691232ea789499cee1a39b08a20ca6,8,Vague / Missing Context; Ambiguous References; Format Ambiguity; Overloaded Prompt; Unnecessary Repetition; Conflicting Constraints; Bias / Loaded Framing; Formality / Audience Mismatch,69,0.677
9b691232ea789499cee1a39b08a20ca6,9,Ambiguous References,18,0.228
9b691232ea789499cee1a39b08a20ca6,11,Ambiguous References; Format Ambiguity,19,0.250
9b691232ea789499cee1a39b08a20ca6,12,Ambiguous References; Format Ambiguity,48,0.313
9b691232ea789499cee1a39b08a20ca6,13,Vague / Missing Context,32,0.242
9b691232ea789499cee1a39b08a20ca6,14,Vague / Missing Context; Format Ambiguity,16,0.318
9b691232ea789499cee1a39b08a20ca6,15,Vague / Missing Context; Format Ambiguity,31,0.256
9b691232ea789499cee1a39b08a20ca6,16,Vague / Missing Context; Ambiguous References,17,0.249
9b691232ea789499cee1a39b08a20ca6,17,Vague / Missing Context; Ambiguous References,60,0.254
9b691232ea789499cee1a39b08a20ca6,18,Vague / Missing Context,35,0.247
9b691232ea789499cee1a39b08a20ca6,19,Ambiguous References; Format Ambiguity,51,0.244
9b691232ea789499cee1a39b08a20ca6,20,Ambiguous References; Format Ambiguity,180,0.359
9b691232ea789499cee1a39b08a20ca6,21,Vague / Missing Context; Ambiguous References,37,0.280
9b691232ea789499cee1a39b08a20ca6,22,Ambiguous References; Format Ambiguity,59,0.240
9b691232ea789499cee1a39b08a20ca6,23,Ambiguous References,28,0.230
9b691232ea789499cee1a39b08a20ca6,24,Ambiguous References; Format Ambiguity,140,0.353
9b691232ea789499cee1a39b08a20ca6,25,Vague / Missing Context; Ambiguous References; Format Ambiguity; Overloaded Prompt; Unnecessary Repetition; Conflicting Constraints; Bias / Loaded Framing; Formality / Audience Mismatch,54,0.645
9b691232ea789499cee1a39b08a20ca6,26,Ambiguous References; Format Ambiguity,81,0.266
9b691232ea789499cee1a39b08a20ca6,27,Ambiguous References; Format Ambiguity,42,0.271
593bef5084fe47d9888fc1f9e28e6af2,1,Ambiguous References; Format Ambiguity,852,0.650
717aa461dab90be9f26916a9cd7c5eeb,1,Ambiguous References; Format Ambiguity,1814,0.501
f2b4915c418693914f44982ee7f89ffb,1,Ambiguous References; Overloaded Prompt; Format Ambiguity,24,0.283
7034063b4a90d0a5deca82ba236c5e2a,1,Ambiguous References; Format Ambiguity,906,0.831
e3efbbd771b7f4e0cee09cca0daec1bc,1,Ambiguous References; Format Ambiguity,24,0.234
fd7002e955065b59da169b4a65c8bc65,1,Ambiguous References; Format Ambiguity,891,0.488
a860437418baa19ccc96e22c33237f45,1,Vague / Missing Context; Ambiguous References,91,0.312
a860437418baa19ccc96e22c33237f45,2,Ambiguous References; Format Ambiguity,55,0.282
d0967436d9fd429696b7a842fac351cd,1,Ambiguous References; Format Ambiguity,90,0.359
d0967436d9fd429696b7a842fac351cd,2,Vague / Missing Context; Ambiguous References,35,0.277
8a3ea292aa20f4b346b00e90ef84a03a,1,Ambiguous References; Format Ambiguity,1134,0.629
4d59c6b023d89cd2df289d8ea4989dfe,1,Vague / Missing Context; Ambiguous References,15,0.334
2cd5ec6526a867586c42ee300ec820a8,1,Ambiguous References,39,0.556
2cd5ec6526a867586c42ee300ec820a8,2,Ambiguous References,99,0.232
f4a4435b92c8f0cfdda7eb2d43c532bb,1,Ambiguous References,21,0.200
2f165a07c18a417e11a711036017d460,1,Vague / Missing Context; Format Ambiguity,2020,0.604
2f165a07c18a417e11a711036017d460,2,Vague / Missing Context; Ambiguous References; Format Ambiguity; Overloaded Prompt; Prompt Bloat / Convoluted Prompt; Unnecessary Repetition; Conflicting Constraints; Bias / Loaded Framing; Formality / Audience Mismatch,83,0.633
2f165a07c18a417e11a711036017d460,3,Vague / Missing Context; Ambiguous References,113,0.279
52cb8d452af9d85a74927606006809dc,1,Ambiguous References,38,0.225
1a19701c0fd6e653dded5a47bb4ccb7b,1,Ambiguous References; Format Ambiguity; Overloaded Prompt; Prompt Bloat / Convoluted Prompt; Conflicting Constraints; Unnecessary Repetition,1692,1.142
c7d7d60f3c15b10742e0c6f1a1bbf35a,1,Ambiguous References; Format Ambiguity; Overloaded Prompt; Prompt Bloat / Convoluted Prompt; Conflicting Constraints; Unnecessary Repetition,1692,0.951
9f0b3e617b31e37988b24d97af0f45d5,1,Vague / Missing Context; Ambiguous References,32,0.286
d0ed24fe93530a7505064e206a411939,1,Ambiguous References; Format Ambiguity,179,0.648
d0ed24fe93530a7505064e206a411939,2,Ambiguous References; Format Ambiguity,174,0.411
d0ed24fe93530a7505064e206a411939,3,Ambiguous References; Format Ambiguity,243,0.441
d0ed24fe93530a7505064e206a411939,4,Ambiguous References; Format Ambiguity; Overloaded Prompt; Unnecessary Repetition; Conflicting Constraints; Bias / Loaded Framing; Formality / Audience Mismatch; Vague / Missing Context,168,1.096
cd297d4e4ed9c635c6ce151cfee1526d,1,Ambiguous References; Format Ambiguity; Overloaded Prompt; Prompt Bloat / Convoluted Prompt; Conflicting Constraints; Unnecessary Repetition,1692,1.142
3d93dd5f710235d56d35acf7333588c0,1,Vague / Missing Context; Ambiguous References,43,0.259
4b948bd1ca33e0f79d823861cad669a0,1,Ambiguous References; Format Ambiguity; Overloaded Prompt; Prompt Bloat / Convoluted Prompt; Conflicting Constraints; Unnecessary Repetition,1692,1.143
dac5d9533f67724163024bdb43b7a9b0,1,Ambiguous References,39,0.226
890e495186fad8e0923095c8ac42ad50,1,Ambiguous References; Format Ambiguity,48,0.263
c80fae177c9369fe3017af87653c1ad6,1,Vague / Missing Context; Ambiguous References,46,0.287
c80fae177c9369fe3017af87653c1ad6,2,Vague / Missing Context; Ambiguous References,36,0.333
132ee86e00e8dd8ddba638a83f49ac0f,1,Ambiguous References,28,0.229
132ee86e00e8dd8ddba638a83f49ac0f,2,Vague / Missing Context,51,0.320
132ee86e00e8dd8ddba638a83f49ac0f,3,Ambiguous References; Format Ambiguity,98,0.306
132ee86e00e8dd8ddba638a83f49ac0f,4,Ambiguous References; Vague / Missing Context,61,0.328
132ee86e00e8dd8ddba638a83f49ac0f,5,Ambiguous References; Vague / Missing Context,56,0.273
132ee86e00e8dd8ddba638a83f49ac0f,6,No Smell,42,0.197
132ee86e00e8dd8ddba638a83f49ac0f,7,Vague / Missing Context; Ambiguous References,47,0.273
132ee86e00e8dd8ddba638a83f49ac0f,8,Ambiguous References; Format Ambiguity,79,0.398
132ee86e00e8dd8ddba638a83f49ac0f,9,Ambiguous References; Format Ambiguity,74,0.271
132ee86e00e8dd8ddba638a83f49ac0f,10,Vague / Missing Context,23,0.253
132ee86e00e8dd8ddba638a83f49ac0f,11,Vague / Missing Context; Ambiguous References,23,0.230
132ee86e00e8dd8ddba638a83f49ac0f,12,Ambiguous References; Format Ambiguity,93,0.272
132ee86e00e8dd8ddba638a83f49ac0f,13,Vague / Missing Context; Ambiguous References,41,0.285
132ee86e00e8dd8ddba638a83f49ac0f,14,Ambiguous References; Format Ambiguity,31,0.290
132ee86e00e8dd8ddba638a83f49ac0f,15,Vague / Missing Context; Format Ambiguity,24,0.277
9f81c0672158f634d0add55e0acea7f8,1,Vague / Missing Context; Ambiguous References; Format Ambiguity; Overloaded Prompt; Unnecessary Repetition; Conflicting Constraints; Irrelevant / Excessive Persona; Bias / Loaded Framing; Formality / Audience Mismatch,3049,1.596
9f81c0672158f634d0add55e0acea7f8,2,Vague / Missing Context; Ambiguous References,53,0.284
9f81c0672158f634d0add55e0acea7f8,3,Ambiguous References; Format Ambiguity,439,0.587
9f81c0672158f634d0add55e0acea7f8,4,Ambiguous References; Format Ambiguity,335,0.552
f4a7450efe4cb69c55ee14da2faffd1f,2,Ambiguous References; Format Ambiguity,20,0.361
f4a7450efe4cb69c55ee14da2faffd1f,4,Ambiguous References,14,0.228
f4a7450efe4cb69c55ee14da2faffd1f,5,Ambiguous References,25,0.194
c82a66fde468e8d367e1a682126fc733,1,Ambiguous References; Format Ambiguity,130,0.254
c82a66fde468e8d367e1a682126fc733,2,Vague / Missing Context; Format Ambiguity,9,0.236
c82a66fde468e8d367e1a682126fc733,3,Ambiguous References; Format Ambiguity,140,0.246
c82a66fde468e8d367e1a682126fc733,4,Ambiguous References; Format Ambiguity,142,0.253
c82a66fde468e8d367e1a682126fc733,5,Ambiguous References; Format Ambiguity,152,0.246
c82a66fde468e8d367e1a682126fc733,6,Ambiguous References; Format Ambiguity,65,0.244
c82a66fde468e8d367e1a682126fc733,7,Ambiguous References; Format Ambiguity,1999,0.490
c82a66fde468e8d367e1a682126fc733,8,Vague / Missing Context; Format Ambiguity,2006,0.659
93df1f0c89b3d19ece3b5f44430409f0,1,Ambiguous References; Format Ambiguity; Overloaded Prompt; Unnecessary Repetition; Conflicting Constraints; Vague / Missing Context,887,0.850
48de200714e2c07b5fd20ee86b4cccea,1,Ambiguous References; Format Ambiguity; Overloaded Prompt; Unnecessary Repetition; Conflicting Constraints; Vague / Missing Context,887,0.755
75ddcab39fbe5384b8fac9fa2b9fdad1,1,Ambiguous References; Format Ambiguity,28,0.244
3bd2561aa403a589e46d81854a5e93d1,1,Ambiguous References; Format Ambiguity,183,0.482
8986e4d150a850248618c7a82a1f359d,1,Ambiguous References; Format Ambiguity,168,0.539
bfd8dca4517044044b7e3f0bcffa8340,1,Vague / Missing Context; Ambiguous References; Format Ambiguity; Overloaded Prompt; Unnecessary Repetition; Conflicting Constraints; Bias / Loaded Framing; Formality / Audience Mismatch,31,0.597
dc709370774ecf208af53cab3faf6d46,1,Vague / Missing Context; Ambiguous References,878,0.841
b632a31e0524b8341c107d99b27d8936,1,Vague / Missing Context; Ambiguous References,191,0.458
654ab696c821551b8410bbf0000b2f3f,1,Ambiguous References; Format Ambiguity,885,0.529
df5772d926792c1a7fb5cdd7b1ae365f,1,Ambiguous References,861,0.773
050bedd55f053d981f9150090719fae8,1,Vague / Missing Context; Ambiguous References,55,0.278
050bedd55f053d981f9150090719fae8,2,Vague / Missing Context; Ambiguous References,68,0.287
050bedd55f053d981f9150090719fae8,3,Ambiguous References; Format Ambiguity,43,0.265
050bedd55f053d981f9150090719fae8,5,Ambiguous References; Format Ambiguity,90,0.290
5baaf2ee5b23f77373b0249a71e72c5d,1,Ambiguous References,861,0.836
af644f1744b0b5462dc3d88ed2825f8e,1,Ambiguous References; Format Ambiguity,54,0.251
af644f1744b0b5462dc3d88ed2825f8e,2,Vague / Missing Context; Ambiguous References; Format Ambiguity; Overloaded Prompt; Prompt Bloat / Convoluted Prompt; Unnecessary Repetition; Conflicting Constraints; Bias / Loaded Framing; Formality / Audience Mismatch,20,0.704
af644f1744b0b5462dc3d88ed2825f8e,3,Vague / Missing Context; Ambiguous References,30,0.283
668c5e78866d95eb9667c5a1fb214dd8,1,Ambiguous References,861,0.837
8e348a4e6ae6914d5367923013c71a0b,1,Ambiguous References; Format Ambiguity,45,0.266
8ec44f7de2900b4c702d92e80a5e3d2e,1,Ambiguous References; Format Ambiguity,900,0.867
dd7d48f5f54f976d13b0f193c7924dbf,1,Vague / Missing Context; Format Ambiguity,2012,0.637
5c94c2cbb9dead5e01fadf5222e20bb4,1,Ambiguous References; Format Ambiguity,1127,0.352
5c94c2cbb9dead5e01fadf5222e20bb4,2,Vague / Missing Context; Ambiguous References,451,0.307
5c94c2cbb9dead5e01fadf5222e20bb4,3,Vague / Missing Context; Ambiguous References,348,0.290
5c94c2cbb9dead5e01fadf5222e20bb4,4,Vague / Missing Context; Ambiguous References,293,0.291
5c94c2cbb9dead5e01fadf5222e20bb4,5,Vague / Missing Context; Ambiguous References,273,0.290
120de4b77dbc4879aea7fc09f2d6d499,1,Ambiguous References,811,1.019
6afed78d91599b76b556ade4d92f7ae4,1,Ambiguous References,1860,1.313
6afed78d91599b76b556ade4d92f7ae4,2,Vague / Missing Context; Ambiguous References,53,0.283
6afed78d91599b76b556ade4d92f7ae4,3,Ambiguous References; Format Ambiguity,539,0.678
4baf6815866042aee86bf81ce26dcbae,1,Ambiguous References; Format Ambiguity,50,0.299
4baf6815866042aee86bf81ce26dcbae,2,Ambiguous References; Format Ambiguity,46,0.299
4baf6815866042aee86bf81ce26dcbae,3,Vague / Missing Context; Format Ambiguity,32,0.256
4baf6815866042aee86bf81ce26dcbae,4,Ambiguous References; Format Ambiguity,35,0.263
4baf6815866042aee86bf81ce26dcbae,5,Ambiguous References; Format Ambiguity,94,0.312
8ae3722051890ca1245df36df686689a,1,Ambiguous References,820,0.862
9554c6e13543d8df547d8766cf4992b6,1,Vague / Missing Context; Format Ambiguity,2153,0.753
39e2fc122f9b9aa8821e21f24ededa22,1,Ambiguous References; Format Ambiguity; Overloaded Prompt,681,0.815
18b412c1fe51d29ba23cabeead42a3c0,1,Ambiguous References; Format Ambiguity,3152,0.788
18b412c1fe51d29ba23cabeead42a3c0,2,Ambiguous References; Format Ambiguity,3179,0.810
18b412c1fe51d29ba23cabeead42a3c0,3,Ambiguous References; Format Ambiguity,589,0.446
18b412c1fe51d29ba23cabeead42a3c0,4,Ambiguous References; Format Ambiguity,1640,0.703
eab649a8756a8df70ebeb47117a4c864,1,Ambiguous References; Format Ambiguity,666,0.447
e73e800b64d760b706682a245557691b,1,Ambiguous References; Format Ambiguity,486,0.307
e73e800b64d760b706682a245557691b,2,Ambiguous References; Format Ambiguity,352,0.329
e73e800b64d760b706682a245557691b,3,Ambiguous References; Format Ambiguity,547,0.615
e73e800b64d760b706682a245557691b,4,Ambiguous References; Format Ambiguity,288,0.295
e73e800b64d760b706682a245557691b,5,Vague / Missing Context; Format Ambiguity,746,0.613
e73e800b64d760b706682a245557691b,6,Vague / Missing Context; Ambiguous References,341,0.291
e73e800b64d760b706682a245557691b,7,Ambiguous References; Format Ambiguity,553,0.307
e73e800b64d760b706682a245557691b,8,Ambiguous References; Format Ambiguity,305,0.330
89debf5f001015b35ae85fa664a39810,2,Ambiguous References,11,0.251
89debf5f001015b35ae85fa664a39810,3,Vague / Missing Context; Format Ambiguity,1643,0.434
14215dda7ed7cdec11ac250ebdf8ecab,1,Ambiguous References; Format Ambiguity,44,0.266
14215dda7ed7cdec11ac250ebdf8ecab,2,Ambiguous References; Format Ambiguity,41,0.248
14215dda7ed7cdec11ac250ebdf8ecab,4,Vague / Missing Context; Ambiguous References,37,0.275
383570d91901150babf026383bd26a19,1,Vague / Missing Context; Format Ambiguity,1352,0.644
0eef34c02fe5d734c7b4a432ea68afdf,1,Vague / Missing Context; Format Ambiguity,1352,0.521
35c8cce2936fc5d04f2d56cad4d89e4c,1,Ambiguous References; Format Ambiguity,89,0.293
087a1fad6b195e32fc9dc9bce917bcff,1,Vague / Missing Context; Ambiguous References,36,0.241
7c95e6af72150cc07095e6e65c73b8ba,1,Ambiguous References; Format Ambiguity,67,0.267
7c95e6af72150cc07095e6e65c73b8ba,2,Vague / Missing Context; Ambiguous References,19,0.248
7c95e6af72150cc07095e6e65c73b8ba,3,Vague / Missing Context; Ambiguous References; Format Ambiguity,62,0.320
7c95e6af72150cc07095e6e65c73b8ba,4,Vague / Missing Context; Ambiguous References,21,0.241
7c95e6af72150cc07095e6e65c73b8ba,5,Vague / Missing Context; Ambiguous References; Format Ambiguity,39,0.419
7c95e6af72150cc07095e6e65c73b8ba,6,Vague / Missing Context; Format Ambiguity,36,0.271
a091cdd17ad40e3ee0eb5c1549ce4f08,2,Ambiguous References,28,0.281
a091cdd17ad40e3ee0eb5c1549ce4f08,3,Ambiguous References,18,0.281
9cd1eaa25dd9e5f8fc91562d1a67f466,1,Ambiguous References; Overloaded Prompt; Format Ambiguity,4000,1.306
9cd1eaa25dd9e5f8fc91562d1a67f466,2,Vague / Missing Context; Ambiguous References; Format Ambiguity; Overloaded Prompt; Unnecessary Repetition; Conflicting Constraints; Bias / Loaded Framing; Formality / Audience Mismatch,288,0.721
9cd1eaa25dd9e5f8fc91562d1a67f466,3,Ambiguous References; Overloaded Prompt; Format Ambiguity; Unnecessary Repetition; Conflicting Constraints; Bias / Loaded Framing; Vague / Missing Context,14,0.495
8390653367bc6d492ee432daa8306d4c,1,Vague / Missing Context; Ambiguous References,36,0.242
8390653367bc6d492ee432daa8306d4c,2,Ambiguous References,53,0.228
1ccbd683e05bd106388ca6fb7da11fa3,1,Vague / Missing Context; Ambiguous References; Format Ambiguity,51,0.305
1ccbd683e05bd106388ca6fb7da11fa3,3,Ambiguous References,28,0.203
1be3df9266ee3d8fc54b35f35415dc66,1,Ambiguous References; Format Ambiguity,737,0.645
1be3df9266ee3d8fc54b35f35415dc66,2,Ambiguous References; Format Ambiguity,73,0.245
1be3df9266ee3d8fc54b35f35415dc66,3,Ambiguous References; Format Ambiguity,15,0.239
1be3df9266ee3d8fc54b35f35415dc66,4,Ambiguous References,92,0.227
1be3df9266ee3d8fc54b35f35415dc66,5,Ambiguous References,57,0.204
d03322d17bdda72c66f7090633d7ec6e,1,Ambiguous References; Format Ambiguity,94,0.306
d03322d17bdda72c66f7090633d7ec6e,2,Ambiguous References; Format Ambiguity,94,0.284
d03322d17bdda72c66f7090633d7ec6e,3,Vague / Missing Context; Ambiguous References,27,0.248
5662ac6d992698f7e6f4e22a904ba35d,1,Vague / Missing Context; Ambiguous References,63,0.276
5662ac6d992698f7e6f4e22a904ba35d,2,Vague / Missing Context; Ambiguous References,28,0.257
5662ac6d992698f7e6f4e22a904ba35d,3,Vague / Missing Context,39,0.257
5662ac6d992698f7e6f4e22a904ba35d,4,Ambiguous References; Format Ambiguity,63,0.243
5662ac6d992698f7e6f4e22a904ba35d,5,Ambiguous References,106,0.367
5662ac6d992698f7e6f4e22a904ba35d,7,Ambiguous References; Format Ambiguity,52,0.311
d18deec38f1ff055f69207908069a908,2,Vague / Missing Context; Ambiguous References; Format Ambiguity,79,0.364
d18deec38f1ff055f69207908069a908,3,Vague / Missing Context,51,0.245
d18deec38f1ff055f69207908069a908,4,Ambiguous References,143,0.359
d18deec38f1ff055f69207908069a908,5,Vague / Missing Context; Format Ambiguity,89,0.313
d18deec38f1ff055f69207908069a908,6,Vague / Missing Context; Ambiguous References,21,0.255
d18deec38f1ff055f69207908069a908,7,Vague / Missing Context; Ambiguous References; Format Ambiguity,82,0.346
d18deec38f1ff055f69207908069a908,8,No Smell,26,0.184
d18deec38f1ff055f69207908069a908,9,Ambiguous References; Format Ambiguity,59,0.676
70a47c082b8c41ee2e4386a263b5246f,1,Ambiguous References; Overloaded Prompt,127,0.246
d80bc66c42e99d48cecd06ec5ce9684f,2,Ambiguous References; Format Ambiguity,85,0.300
28bf3336eead2746fd0cc3aa18843748,1,Format Ambiguity; Ambiguous References,220,0.315
90828c2f843afbab5ddfa926d747e5e3,1,Vague / Missing Context; Ambiguous References,445,0.313
90828c2f843afbab5ddfa926d747e5e3,2,Vague / Missing Context; Ambiguous References,45,0.264
0b93c325ffa4922071e2bf8baac90127,1,Ambiguous References; Format Ambiguity,117,0.320
0b93c325ffa4922071e2bf8baac90127,2,Vague / Missing Context; Ambiguous References,43,0.259
5135bffd1942b5fdff72b8fc6b312aea,1,Ambiguous References; Format Ambiguity,97,0.320
332617cd8dacea323d39da0797756b56,1,Vague / Missing Context; Ambiguous References,97,0.339
332617cd8dacea323d39da0797756b56,2,Vague / Missing Context; Ambiguous References,102,0.328
332617cd8dacea323d39da0797756b56,3,Ambiguous References; Format Ambiguity,142,0.392
332617cd8dacea323d39da0797756b56,4,Vague / Missing Context; Ambiguous References,19,0.244
332617cd8dacea323d39da0797756b56,5,Ambiguous References; Format Ambiguity,67,0.285
332617cd8dacea323d39da0797756b56,6,Vague / Missing Context; Ambiguous References; Format Ambiguity; Overloaded Prompt; Unnecessary Repetition; Conflicting Constraints; Bias / Loaded Framing; Formality / Audience Mismatch,75,0.642
332617cd8dacea323d39da0797756b56,7,Vague / Missing Context; Format Ambiguity,243,0.530
332617cd8dacea323d39da0797756b56,8,Ambiguous References; Format Ambiguity,89,0.298
332617cd8dacea323d39da0797756b56,9,Ambiguous References; Format Ambiguity,118,0.271
18ef2b6165f6be02bb7e01e5b5a030cd,1,Ambiguous References; Format Ambiguity,34,0.265
4f81ad463688b636e60b65d0f59c7348,1,Vague / Missing Context,38,0.277
8cd8cad8269430a123c93b14ccf1e04b,1,Vague / Missing Context,38,0.255
8eef2117d28c37748d5a1d8966581ae4,1,Vague / Missing Context,38,0.254
7a689cbe389ad2827c1ab1944605c330,1,Vague / Missing Context,38,0.255
81252a543423daac194f3e7a2dd5195f,1,Ambiguous References; Format Ambiguity,71,0.318
81252a543423daac194f3e7a2dd5195f,3,Ambiguous References; Format Ambiguity,50,0.370
81252a543423daac194f3e7a2dd5195f,4,Ambiguous References,1602,0.950
bde8c832a00f777723e825f7f8f343a4,1,Vague / Missing Context; Ambiguous References,26,0.257
28718cb6f3357f2ab176d9fd9e2c8a56,1,Ambiguous References,1583,0.950
7d747f0648951acd91f74c3396285397,1,Vague / Missing Context; Ambiguous References,102,0.280
7d747f0648951acd91f74c3396285397,2,Ambiguous References; Format Ambiguity,78,0.333
7d747f0648951acd91f74c3396285397,3,Vague / Missing Context; Ambiguous References; Format Ambiguity,93,0.325
7d747f0648951acd91f74c3396285397,4,Vague / Missing Context; Ambiguous References,49,0.314
7d747f0648951acd91f74c3396285397,5,Ambiguous References; Format Ambiguity,60,0.307
7d747f0648951acd91f74c3396285397,6,Vague / Missing Context; Ambiguous References,222,0.330
7d747f0648951acd91f74c3396285397,7,Ambiguous References; Format Ambiguity,188,0.343
bb3f5ac78492cd99217a1ce6b4ff3618,1,Ambiguous References,1583,0.950
f24d69342cb212e039df965f4cf0e33b,1,Ambiguous References,147,0.646
275080b290a2c4c098709b7dafe7bdeb,1,Vague / Missing Context; Ambiguous References,45,0.264
275080b290a2c4c098709b7dafe7bdeb,2,Vague / Missing Context; Ambiguous References,41,0.262
275080b290a2c4c098709b7dafe7bdeb,3,Vague / Missing Context; Ambiguous References,44,0.267
275080b290a2c4c098709b7dafe7bdeb,4,Vague / Missing Context; Ambiguous References,36,0.259
275080b290a2c4c098709b7dafe7bdeb,5,Vague / Missing Context; Ambiguous References,45,0.259
c875638a81fdfe07b13ba25783db5270,1,Ambiguous References; Format Ambiguity,1093,0.793
ff31211b619d1520467094a33d0939f1,1,Ambiguous References; Format Ambiguity,1093,0.691
709fe14d2939b7de98f7d42194944c64,1,Vague / Missing Context; Ambiguous References; Format Ambiguity; Overloaded Prompt; Unnecessary Repetition; Conflicting Constraints; Bias / Loaded Framing; Formality / Audience Mismatch,33,0.605
dd67e7191f8ac6eeda20836e6243f726,1,Vague / Missing Context; Format Ambiguity,3980,1.077
e9fee8047359fb2b1cda041e036bfc54,1,Vague / Missing Context; Format Ambiguity,3980,0.673
4c6d62d7d604a92dfd4a907ce558fdc2,2,Ambiguous References; Format Ambiguity,15,0.233
4c6d62d7d604a92dfd4a907ce558fdc2,3,Ambiguous References; Format Ambiguity,167,0.359
95d1673a83811f11ef209d86d4511acb,1,Ambiguous References; Format Ambiguity,71,0.305
6bfef795a9625dcb39f64b258a7e7ebb,1,Ambiguous References; Format Ambiguity,65,0.297
c4273b2dc6a1d4ea3ae8734dcdb5cfc6,1,Vague / Missing Context; Format Ambiguity; Overloaded Prompt; Ambiguous References; Unnecessary Repetition; Conflicting Constraints; Bias / Loaded Framing; Formality / Audience Mismatch,321,1.016
08dd45baf986348e5caa45ffd699312d,1,Ambiguous References; Format Ambiguity,74,0.252
babbe2c62ec6174580ea6bd6fc7e169b,1,Ambiguous References; Format Ambiguity,71,0.264
fa2276ce549d5061e7e1b9a6a8c0d652,1,Ambiguous References; Format Ambiguity,65,0.291
dc415abe44e6ea0a843c47470a1985c0,1,Vague / Missing Context; Ambiguous References,45,0.264
dc415abe44e6ea0a843c47470a1985c0,2,Vague / Missing Context; Ambiguous References,40,0.267
dc415abe44e6ea0a843c47470a1985c0,3,Vague / Missing Context; Ambiguous References,44,0.268
dc415abe44e6ea0a843c47470a1985c0,4,Vague / Missing Context; Ambiguous References,36,0.259
c37d0bffd0e1ad316c646906a2afef4e,1,Vague / Missing Context; Ambiguous References,21,0.259
c37d0bffd0e1ad316c646906a2afef4e,2,Vague / Missing Context; Ambiguous References,7,0.382
c37d0bffd0e1ad316c646906a2afef4e,3,Ambiguous References; Vague / Missing Context,10,0.253
65100e865b1ec38612458c52d5c02dd3,1,Ambiguous References,1602,0.952
588db44bb874198ab425ce6981c21a6a,1,Ambiguous References,1602,1.102
6a834581df08b5d2771eefedc6dae3f7,1,Ambiguous References; Format Ambiguity,106,0.393
6a834581df08b5d2771eefedc6dae3f7,2,Vague / Missing Context,13,0.251
6a834581df08b5d2771eefedc6dae3f7,3,Ambiguous References,50,0.234
6a834581df08b5d2771eefedc6dae3f7,4,Ambiguous References; Format Ambiguity,89,0.253
6a834581df08b5d2771eefedc6dae3f7,5,Vague / Missing Context; Ambiguous References,44,0.258
6a834581df08b5d2771eefedc6dae3f7,6,Vague / Missing Context; Format Ambiguity,38,0.280
6a834581df08b5d2771eefedc6dae3f7,7,Ambiguous References; Format Ambiguity,36,0.271
6a834581df08b5d2771eefedc6dae3f7,8,Ambiguous References; Format Ambiguity,102,0.373
6a834581df08b5d2771eefedc6dae3f7,9,Vague / Missing Context; Ambiguous References; Format Ambiguity; Overloaded Prompt; Unnecessary Repetition; Conflicting Constraints; Bias / Loaded Framing; Formality / Audience Mismatch,21,0.642
6a834581df08b5d2771eefedc6dae3f7,10,Ambiguous References; Format Ambiguity,87,0.264
6a834581df08b5d2771eefedc6dae3f7,11,Vague / Missing Context; Ambiguous References,78,0.273
6a834581df08b5d2771eefedc6dae3f7,12,Vague / Missing Context; Ambiguous References,130,0.435
c929294b5d38b7cd515f80171fcdcfe9,1,Vague / Missing Context; Ambiguous References,173,0.266
c929294b5d38b7cd515f80171fcdcfe9,2,Ambiguous References; Format Ambiguity,74,0.272
c929294b5d38b7cd515f80171fcdcfe9,3,Vague / Missing Context; Ambiguous References; Format Ambiguity; Overloaded Prompt; Unnecessary Repetition; Conflicting Constraints; Bias / Loaded Framing; Formality / Audience Mismatch,38,0.603
c929294b5d38b7cd515f80171fcdcfe9,4,Vague / Missing Context; Ambiguous References,108,0.307
c929294b5d38b7cd515f80171fcdcfe9,5,Vague / Missing Context,21,0.243
c929294b5d38b7cd515f80171fcdcfe9,6,Vague / Missing Context,70,0.245
c929294b5d38b7cd515f80171fcdcfe9,7,Ambiguous References; Format Ambiguity,44,0.271
5950fc875ec2779b679982411563ca49,1,Ambiguous References; Format Ambiguity,97,0.322
fdaf88b5a981137744e84b7aeee0df2e,1,Vague / Missing Context; Ambiguous References; Format Ambiguity,122,0.319
fdaf88b5a981137744e84b7aeee0df2e,2,Vague / Missing Context; Ambiguous References,45,0.305
fdaf88b5a981137744e84b7aeee0df2e,3,Vague / Missing Context; Ambiguous References,44,0.263
fdaf88b5a981137744e84b7aeee0df2e,4,Vague / Missing Context; Ambiguous References,55,0.300
c111c7af2f62baf1e9f9d7528ee7259f,1,Ambiguous References; Format Ambiguity,37,0.284
c111c7af2f62baf1e9f9d7528ee7259f,2,Ambiguous References,1615,1.023
c111c7af2f62baf1e9f9d7528ee7259f,3,Ambiguous References; Format Ambiguity,74,0.325
c111c7af2f62baf1e9f9d7528ee7259f,5,Ambiguous References; Format Ambiguity,59,0.316
fdabb9accb10c46fbeb9b20911613eea,1,Vague / Missing Context; Ambiguous References,38,0.383
fdabb9accb10c46fbeb9b20911613eea,2,Vague / Missing Context; Ambiguous References; Format Ambiguity; Overloaded Prompt; Prompt Bloat / Convoluted Prompt; Unnecessary Repetition; Conflicting Constraints; Bias / Loaded Framing; Formality / Audience Mismatch,6,0.796
fdabb9accb10c46fbeb9b20911613eea,3,Ambiguous References; Overloaded Prompt,18,0.392
fdabb9accb10c46fbeb9b20911613eea,5,Ambiguous References; Format Ambiguity,56,0.258
fdabb9accb10c46fbeb9b20911613eea,6,Vague / Missing Context; Ambiguous References,39,0.219
fdabb9accb10c46fbeb9b20911613eea,7,Vague / Missing Context; Ambiguous References,98,0.366
fb0dbf70dcc1838fcbd6030e25823d04,2,Ambiguous References; Format Ambiguity,86,0.340
ce93a458b5d27074dc7fc33bbd33b924,1,Vague / Missing Context; Ambiguous References,40,0.304
1a906a8b8313989e62b58f0cb0ca3a5a,1,Vague / Missing Context; Ambiguous References; Format Ambiguity; Overloaded Prompt; Prompt Bloat / Convoluted Prompt; Unnecessary Repetition; Conflicting Constraints; Bias / Loaded Framing; Formality / Audience Mismatch,173,0.672
1a906a8b8313989e62b58f0cb0ca3a5a,2,Ambiguous References; Format Ambiguity,74,0.271
1a906a8b8313989e62b58f0cb0ca3a5a,3,Vague / Missing Context; Ambiguous References,52,0.247
1a906a8b8313989e62b58f0cb0ca3a5a,4,Ambiguous References; Format Ambiguity,46,0.237
1a906a8b8313989e62b58f0cb0ca3a5a,5,Ambiguous References; Format Ambiguity,46,0.252
1a906a8b8313989e62b58f0cb0ca3a5a,6,Vague / Missing Context; Ambiguous References; Format Ambiguity; Overloaded Prompt; Unnecessary Repetition; Conflicting Constraints; Bias / Loaded Framing; Formality / Audience Mismatch,64,0.642
1a906a8b8313989e62b58f0cb0ca3a5a,7,Vague / Missing Context,55,0.246
2a0fa6a16e4a3e9a359af9be5af35995,1,Vague / Missing Context; Ambiguous References,49,0.310
2a0fa6a16e4a3e9a359af9be5af35995,2,Ambiguous References; Format Ambiguity,67,0.310
2a0fa6a16e4a3e9a359af9be5af35995,3,Vague / Missing Context; Ambiguous References,26,0.291
cc68c30ac5142b39d3629958bbdb2ba9,1,Vague / Missing Context; Ambiguous References,9,0.236
f90390e23423b79f452e091ee5040cd5,1,Ambiguous References; Format Ambiguity,55,0.260
c740ed5705bb625d21b162c7ab99af34,1,Ambiguous References; Format Ambiguity,868,0.420
d97cde2f824eef059d083d3f03cd0b2c,1,Ambiguous References; Overloaded Prompt; Format Ambiguity,37,0.312
927efbef28d8b70e585b546e5fed835c,1,Vague / Missing Context; Ambiguous References,44,0.271
927efbef28d8b70e585b546e5fed835c,2,Vague / Missing Context; Ambiguous References,45,0.268
927efbef28d8b70e585b546e5fed835c,3,Vague / Missing Context; Ambiguous References,37,0.255
927efbef28d8b70e585b546e5fed835c,4,Vague / Missing Context; Ambiguous References,43,0.262
cc2e385dde7ab9aa4ac16afc50f510e7,1,Ambiguous References; Format Ambiguity,132,0.379
cc2e385dde7ab9aa4ac16afc50f510e7,2,Ambiguous References; Format Ambiguity,66,0.278
cc2e385dde7ab9aa4ac16afc50f510e7,3,Ambiguous References,36,0.220
cc2e385dde7ab9aa4ac16afc50f510e7,4,Vague / Missing Context; Ambiguous References; Format Ambiguity; Overloaded Prompt; Unnecessary Repetition; Conflicting Constraints; Bias / Loaded Framing; Formality / Audience Mismatch,52,0.643
cc2e385dde7ab9aa4ac16afc50f510e7,5,Ambiguous References,82,0.246
90455cdaae5389e5cacfd67c489045ec,1,Ambiguous References; Format Ambiguity,190,0.400
90455cdaae5389e5cacfd67c489045ec,2,Ambiguous References; Format Ambiguity; Overloaded Prompt; Unnecessary Repetition; Conflicting Constraints; Bias / Loaded Framing; Vague / Missing Context,135,0.676
bb6b25b4b50d2bd4b3cdab13c648da54,1,Ambiguous References; Format Ambiguity,10,0.312
bf7cbee6d057d880a4017b0a261c9af8,1,Vague / Missing Context; Ambiguous References,108,0.312
bf7cbee6d057d880a4017b0a261c9af8,2,Vague / Missing Context; Ambiguous References,118,0.272
bece629dbea88fdcad24293df48f6b75,2,Vague / Missing Context; Ambiguous References; Format Ambiguity,13,0.296
ab33109550534875b81763727d836d3b,1,Ambiguous References; Format Ambiguity; Overloaded Prompt; Prompt Bloat / Convoluted Prompt; Conflicting Constraints; Unnecessary Repetition,1692,1.144
1e53da117000595ce2723a55f29f4a78,1,Vague / Missing Context; Ambiguous References,58,0.284
1e53da117000595ce2723a55f29f4a78,2,Ambiguous References; Format Ambiguity,96,0.266
e5929fc4a5ae4cece00ec811c95a27c5,1,Ambiguous References,75,0.213
e5929fc4a5ae4cece00ec811c95a27c5,2,Vague / Missing Context; Format Ambiguity,2212,0.559
a7766f48a8c83052e6a48c4106ece0e2,1,Vague / Missing Context; Format Ambiguity; Overloaded Prompt; Prompt Bloat / Convoluted Prompt; Unnecessary Repetition; Conflicting Constraints; Bias / Loaded Framing; Formality / Audience Mismatch; Irrelevant / Excessive Persona,2380,1.122
f7f8c79c3ff42ee60135177360210a4d,1,Ambiguous References; Overloaded Prompt,38,0.236
ec465292e8211536cc05bc384bbfe1e2,1,Vague / Missing Context; Ambiguous References; Format Ambiguity; Overloaded Prompt; Unnecessary Repetition; Conflicting Constraints; Bias / Loaded Framing; Formality / Audience Mismatch,231,0.653
ec465292e8211536cc05bc384bbfe1e2,2,Vague / Missing Context; Ambiguous References; Format Ambiguity; Overloaded Prompt; Unnecessary Repetition; Conflicting Constraints; Bias / Loaded Framing; Formality / Audience Mismatch,224,0.666
ec465292e8211536cc05bc384bbfe1e2,3,Vague / Missing Context,45,0.246
ec465292e8211536cc05bc384bbfe1e2,4,Vague / Missing Context; Ambiguous References; Format Ambiguity; Overloaded Prompt; Unnecessary Repetition; Conflicting Constraints; Bias / Loaded Framing; Formality / Audience Mismatch,108,0.654
47f58486d3bcf4a78bba991063a6f7dc,1,Ambiguous References; Format Ambiguity,571,0.376
c7a198a487108b77be5744b28186c0a6,1,Vague / Missing Context; Format Ambiguity; Overloaded Prompt; Prompt Bloat / Convoluted Prompt; Unnecessary Repetition; Conflicting Constraints; Bias / Loaded Framing; Formality / Audience Mismatch; Irrelevant / Excessive Persona,2380,1.122
a2d4ba3336f8ec1fba047ddfb4112175,2,Vague / Missing Context; Ambiguous References,75,0.325
9f574e8cbcbfe27c9370856cbb62c175,1,Ambiguous References; Format Ambiguity,63,0.252
406032a9040c5891d87aad42aace2fd4,1,Ambiguous References,193,0.251
10c976dc22e6fe2e1a630164a53d8c3f,1,Ambiguous References; Format Ambiguity,341,0.692
caa7862aa9f1e283e06607663aa3d0e9,1,Vague / Missing Context; Ambiguous References,365,0.347
4dd2b69870dab815bc9a4a7ee2e976b2,1,Vague / Missing Context; Ambiguous References,365,0.298
7f88a7cd856afae2a90fd9b4d531c249,1,Vague / Missing Context; Ambiguous References,358,0.311
bdceb943fe53af655ad7ca2507055455,1,Ambiguous References,48,0.325
bdceb943fe53af655ad7ca2507055455,2,Ambiguous References,30,0.243
bdceb943fe53af655ad7ca2507055455,3,Ambiguous References; Format Ambiguity,50,0.331
bdceb943fe53af655ad7ca2507055455,4,Vague / Missing Context; Ambiguous References,26,0.278
b9866548d8b356078840887ee2524e07,1,Ambiguous References; Format Ambiguity,956,0.396
e8f28266fc5bb4e01b4d19c5f6ddda90,1,Ambiguous References; Format Ambiguity,1015,0.316
90998a958f800a774b65b58b2695b282,1,Ambiguous References; Format Ambiguity,1236,0.306
5aebcac7a3e2829625c06447b027eb3c,1,Vague / Missing Context; Ambiguous References,32,0.332
44894a0f06ee4d7c828c551910577f51,2,No Smell,24,0.210
231c609cb9e36059e5e72e28b3656c54,1,Ambiguous References; Format Ambiguity,1743,0.466
869865636919ac70c7994b4a9f3e63ba,1,Ambiguous References; Format Ambiguity,2240,0.511
eed6fd491343eaddbbeca7091a148c1d,1,Vague / Missing Context; Ambiguous References,23,0.271
0300168fb61a1ea65ee9ac203ae9add2,1,Ambiguous References; Format Ambiguity,4000,0.831
e9a662a9e6700fa2063c5d873cebb461,1,Vague / Missing Context; Ambiguous References,13,0.233
839ff9751f0e7f12ebf36ec605f501e9,1,Vague / Missing Context; Ambiguous References,26,0.299
b2a1665527bf3b1e8e156262e947ca73,1,Ambiguous References; Format Ambiguity,4000,0.830
9c14680c9c15c331e97522d31ab00237,1,Ambiguous References; Format Ambiguity,4000,0.326
284b0e6dddd837f1310a537b1bee78b7,1,Ambiguous References,41,0.205
4771c8eac4157c2bcf2ead12f340a19d,1,Vague / Missing Context; Format Ambiguity,3874,0.782
4771c8eac4157c2bcf2ead12f340a19d,2,Vague / Missing Context,43,0.245
4771c8eac4157c2bcf2ead12f340a19d,3,Vague / Missing Context; Format Ambiguity,25,0.277
4771c8eac4157c2bcf2ead12f340a19d,4,Ambiguous References; Format Ambiguity,58,0.272
4771c8eac4157c2bcf2ead12f340a19d,5,Vague / Missing Context,10,0.199
f1c15271d72b0dbd7fec09d29b7ffb0e,1,Ambiguous References,25,0.225
f1c15271d72b0dbd7fec09d29b7ffb0e,2,Ambiguous References; Overloaded Prompt,41,0.625
f1c15271d72b0dbd7fec09d29b7ffb0e,3,Vague / Missing Context; Ambiguous References,41,0.286
064ef9a24dd6eb77b472243a92d2abcb,1,Ambiguous References; Format Ambiguity,4000,0.830
f81c874ee7a8f5bcf63e6c171264d83b,1,Ambiguous References; Format Ambiguity,59,0.266
d6c9731f13e11a3e3af4a424bdf049d5,1,Ambiguous References; Format Ambiguity,286,0.408
b9d40431992c38ca77909736622dbac2,1,Ambiguous References; Overloaded Prompt; Format Ambiguity,37,0.460
3398cd6c7db8038e8bbfd050398ca59a,1,Ambiguous References; Format Ambiguity,332,0.304
74e523b459af860cf6d9c372a0c56d1a,1,Ambiguous References; Format Ambiguity,4000,0.831
fc66d5e9383dd7589bed5f764bc1e88b,1,Ambiguous References; Format Ambiguity,401,0.369
3a571fe8a8723a67bb8ad4dfb371d2b5,1,Ambiguous References; Format Ambiguity,73,0.319
3a571fe8a8723a67bb8ad4dfb371d2b5,2,Ambiguous References,62,0.226
26dc7e393129c92547c27f36d8fba83d,3,Ambiguous References,98,0.287
4b8a8bca9771ef8bcb95ba1f4211ec7f,2,Ambiguous References; Format Ambiguity,25,0.348
4b8a8bca9771ef8bcb95ba1f4211ec7f,3,Vague / Missing Context; Ambiguous References,29,0.270
b4f7d69f8d95e031760881eb3c8b6b6d,1,Ambiguous References; Format Ambiguity,180,0.248
b4f7d69f8d95e031760881eb3c8b6b6d,2,Vague / Missing Context; Format Ambiguity,141,0.291
b4f7d69f8d95e031760881eb3c8b6b6d,3,Ambiguous References; Format Ambiguity,200,0.448
b4f7d69f8d95e031760881eb3c8b6b6d,4,Vague / Missing Context; Ambiguous References; Format Ambiguity; Overloaded Prompt; Unnecessary Repetition; Conflicting Constraints; Bias / Loaded Framing; Formality / Audience Mismatch,75,0.626
b4f7d69f8d95e031760881eb3c8b6b6d,5,Ambiguous References; Format Ambiguity,43,0.268
b4f7d69f8d95e031760881eb3c8b6b6d,6,Ambiguous References; Format Ambiguity,160,0.332
b4f7d69f8d95e031760881eb3c8b6b6d,7,Ambiguous References; Format Ambiguity,186,0.328
ee1480e6068c4353f782e50f4e7585a2,1,Ambiguous References; Format Ambiguity,4000,0.830
12e88ef88b7c3ab1aa800e4a6c6ecb63,1,Ambiguous References; Format Ambiguity,59,0.279
6b1cbb6b8fd2d1c201610f661f1e88b7,1,Ambiguous References; Format Ambiguity,42,0.271
16db4c53967461132be43f140c919c51,1,Ambiguous References; Format Ambiguity,63,0.358
2c0959ff82361c7b61d37832d6c8410d,1,Ambiguous References; Format Ambiguity,4000,0.833
de91ad53da973ef72d6ad773250302a6,1,Ambiguous References; Format Ambiguity,73,0.319
e791a9b05e378096b23cacc9767c1dae,1,Vague / Missing Context; Ambiguous References,80,0.272
e791a9b05e378096b23cacc9767c1dae,2,Vague / Missing Context; Ambiguous References,43,0.284
cf71b69b0863da2cead2edd3a0e67ea0,1,Ambiguous References; Format Ambiguity,528,0.315
9d5072f555d031441d273416847a8b50,1,Vague / Missing Context; Ambiguous References; Format Ambiguity; Overloaded Prompt; Unnecessary Repetition; Conflicting Constraints; Bias / Loaded Framing; Formality / Audience Mismatch,80,0.627
9d5072f555d031441d273416847a8b50,2,Vague / Missing Context; Format Ambiguity,80,0.521
ad5088c43803f7c4855684fac55d5ced,1,Ambiguous References; Format Ambiguity,106,0.432
e52304f034cfdda521fde31c44593774,2,Vague / Missing Context; Format Ambiguity,1045,0.633
e52304f034cfdda521fde31c44593774,3,Ambiguous References,36,0.250
e52304f034cfdda521fde31c44593774,4,Ambiguous References; Overloaded Prompt,703,0.302
e52304f034cfdda521fde31c44593774,5,Ambiguous References,711,0.259
e52304f034cfdda521fde31c44593774,6,Vague / Missing Context; Ambiguous References,16,0.271
e52304f034cfdda521fde31c44593774,7,Vague / Missing Context,12,0.235
8176dbdb9af2c1fcb75cdb1f80c928cd,1,Ambiguous References; Format Ambiguity,159,0.261
8176dbdb9af2c1fcb75cdb1f80c928cd,2,Ambiguous References,29,0.200
8176dbdb9af2c1fcb75cdb1f80c928cd,3,No Smell,14,0.207
c5310f8ce7a26eee13f8ef7660120e23,1,Ambiguous References; Format Ambiguity,44,0.301
c5310f8ce7a26eee13f8ef7660120e23,2,Vague / Missing Context; Ambiguous References,22,0.275
62c78add9adf7b961766d9c300f9e7e4,1,Vague / Missing Context; Ambiguous References; Format Ambiguity; Overloaded Prompt; Unnecessary Repetition; Conflicting Constraints; Bias / Loaded Framing; Formality / Audience Mismatch,243,0.663
18484a37b947919406779ae49e174f14,1,Vague / Missing Context; Ambiguous References; Format Ambiguity; Overloaded Prompt; Unnecessary Repetition; Conflicting Constraints; Bias / Loaded Framing; Formality / Audience Mismatch,243,0.632
3189a07d0c0261205f40bdf5d75e80b1,1,Vague / Missing Context; Ambiguous References,69,0.304
ce6ba122f9d06b13bccc13b3eda6c5f9,3,Ambiguous References,265,0.724
ce6ba122f9d06b13bccc13b3eda6c5f9,5,Ambiguous References; Format Ambiguity,67,0.265
4679c092af62e9f6352b1af7e974ad3e,1,Vague / Missing Context; Ambiguous References; Format Ambiguity; Overloaded Prompt; Prompt Bloat / Convoluted Prompt; Unnecessary Repetition; Conflicting Constraints; Bias / Loaded Framing; Formality / Audience Mismatch,10,0.798
4c2e9d5a30fc0515f196ba8d766d261f,1,Ambiguous References; Format Ambiguity,106,0.373
52d72af08b8dda7c81125e53f37f5b30,1,Vague / Missing Context; Ambiguous References,72,0.287
c0daf54bc13b6cb0615b631433763925,1,Ambiguous References; Format Ambiguity; Overloaded Prompt; Unnecessary Repetition; Conflicting Constraints; Bias / Loaded Framing; Formality / Audience Mismatch; Vague / Missing Context,4000,1.577
c51f14cd61f94983cc267ba01304d8ae,4,Vague / Missing Context; Format Ambiguity,17,0.303
d8891697fcfe13ff249e64e9f1a7cd45,1,Vague / Missing Context; Ambiguous References,52,0.345
d8891697fcfe13ff249e64e9f1a7cd45,2,Vague / Missing Context; Ambiguous References,69,0.317
fdba6ddf58fa35fc12968ed036f5f380,1,Ambiguous References; Format Ambiguity,4000,0.797
2253f4bbcc8deea4aa1344ae1f7dd36e,1,Vague / Missing Context; Ambiguous References,83,0.334
2253f4bbcc8deea4aa1344ae1f7dd36e,2,Ambiguous References; Format Ambiguity,82,0.401
a78c24ace35b7d530d559955c04b8efb,2,Vague / Missing Context; Ambiguous References,38,0.276
a78c24ace35b7d530d559955c04b8efb,3,Vague / Missing Context; Ambiguous References,60,0.344
a78c24ace35b7d530d559955c04b8efb,4,Vague / Missing Context; Ambiguous References; Format Ambiguity,113,0.608
a78c24ace35b7d530d559955c04b8efb,5,Vague / Missing Context; Ambiguous References; Format Ambiguity,76,0.401
a78c24ace35b7d530d559955c04b8efb,6,Vague / Missing Context; Ambiguous References; Format Ambiguity,100,0.423
0cc2f542d958884f6658cb64e1a38efc,1,Vague / Missing Context; Format Ambiguity,678,0.380
23a000141bab923a080238b3f23aa05a,1,Ambiguous References; Format Ambiguity,4000,0.798
2ac7151cbbce70f9bbad17cc0be35add,1,Vague / Missing Context; Format Ambiguity,824,0.384
2ac7151cbbce70f9bbad17cc0be35add,2,Format Ambiguity; Ambiguous References; Overloaded Prompt; Unnecessary Repetition; Conflicting Constraints; Bias / Loaded Framing; Vague / Missing Context,977,1.013
2ac7151cbbce70f9bbad17cc0be35add,3,Vague / Missing Context; Format Ambiguity,2031,0.865
b6ced884c9cda6dc83552155c945563e,1,Vague / Missing Context; Ambiguous References; Format Ambiguity,76,0.393
b9b0b4890d0f467349a730adde7a2d41,1,Vague / Missing Context; Ambiguous References,713,0.437
a2e7efa77de3297c2e5dcb49de9ae0ac,1,Vague / Missing Context; Ambiguous References,83,0.332
a2e7efa77de3297c2e5dcb49de9ae0ac,2,Ambiguous References; Format Ambiguity,82,0.402
a2e7efa77de3297c2e5dcb49de9ae0ac,3,Ambiguous References; Format Ambiguity,85,0.438
a2e7efa77de3297c2e5dcb49de9ae0ac,4,Ambiguous References; Format Ambiguity,105,0.452
c8d5eedc6d8f2b21efe531175524f896,2,Vague / Missing Context; Ambiguous References,50,0.304
4ff0aac0ccbf0e5b0e34e69de3f92a8f,1,Ambiguous References; Format Ambiguity,83,0.346
370ba055fe2def5e6e2e5d0422effcc9,1,Ambiguous References; Overloaded Prompt; Format Ambiguity,56,0.267
43e3016e9831fc891f2d805bc5cdbbe8,1,Vague / Missing Context; Ambiguous References,47,0.284
43e3016e9831fc891f2d805bc5cdbbe8,2,Vague / Missing Context; Ambiguous References,39,0.326
43e3016e9831fc891f2d805bc5cdbbe8,3,Vague / Missing Context; Ambiguous References,45,0.325
87d31a9295c07aabe5a484b129d65f7c,1,Ambiguous References; Format Ambiguity; Overloaded Prompt; Unnecessary Repetition; Conflicting Constraints; Bias / Loaded Framing; Formality / Audience Mismatch; Vague / Missing Context,4000,1.362
1774ccafb513217be2dfe5d34c035a18,1,Vague / Missing Context; Format Ambiguity,144,0.399
c7c49ff3ab9e6863f46f924c5cde695d,1,Ambiguous References; Format Ambiguity,106,0.318
c7c49ff3ab9e6863f46f924c5cde695d,2,Vague / Missing Context; Ambiguous References,108,0.318
d19348c7149b34451cec6b095910b3bc,1,Ambiguous References; Format Ambiguity,4000,0.875
45e9391055d88e991251b802852bcac9,1,Ambiguous References; Format Ambiguity,41,0.244
45e9391055d88e991251b802852bcac9,2,Vague / Missing Context; Ambiguous References; Format Ambiguity,57,0.351
45e9391055d88e991251b802852bcac9,3,Ambiguous References; Format Ambiguity,50,0.269
45e9391055d88e991251b802852bcac9,4,Ambiguous References; Format Ambiguity,66,0.237
45e9391055d88e991251b802852bcac9,5,Vague / Missing Context; Ambiguous References,40,0.278
45e9391055d88e991251b802852bcac9,6,Vague / Missing Context,41,0.242
45e9391055d88e991251b802852bcac9,7,Ambiguous References; Format Ambiguity,56,0.251
45e9391055d88e991251b802852bcac9,9,Ambiguous References,24,0.241
45e9391055d88e991251b802852bcac9,12,Ambiguous References,21,0.219
45e9391055d88e991251b802852bcac9,13,Ambiguous References; Vague / Missing Context,15,0.234
45e9391055d88e991251b802852bcac9,14,Ambiguous References; Format Ambiguity,48,0.271
45e9391055d88e991251b802852bcac9,15,Vague / Missing Context; Ambiguous References,43,0.278
45e9391055d88e991251b802852bcac9,16,Vague / Missing Context; Ambiguous References,66,0.281
45e9391055d88e991251b802852bcac9,19,Ambiguous References; Format Ambiguity,49,0.238
45e9391055d88e991251b802852bcac9,20,Vague / Missing Context; Ambiguous References,30,0.255
45e9391055d88e991251b802852bcac9,21,Vague / Missing Context; Ambiguous References,28,0.251
45e9391055d88e991251b802852bcac9,22,Vague / Missing Context,41,0.245
39f5ec6bc72b7b2e0fb451b88c8739cc,1,Ambiguous References; Format Ambiguity,41,0.290
39f5ec6bc72b7b2e0fb451b88c8739cc,2,Ambiguous References; Format Ambiguity,74,0.499
39f5ec6bc72b7b2e0fb451b88c8739cc,3,Ambiguous References; Format Ambiguity,71,0.513
39f5ec6bc72b7b2e0fb451b88c8739cc,4,Vague / Missing Context; Ambiguous References,53,0.324
739d60fc54aa715af5b60f0a9485d16c,1,Ambiguous References; Format Ambiguity,106,0.319
0e206aec95903554968ffa8d0f89f25a,1,Ambiguous References; Format Ambiguity,154,0.259
091eb7545c084c374cdcfc36714d59ed,1,Ambiguous References; Format Ambiguity,47,0.357
091eb7545c084c374cdcfc36714d59ed,2,Vague / Missing Context; Ambiguous References,40,0.333
091eb7545c084c374cdcfc36714d59ed,3,Vague / Missing Context; Ambiguous References; Format Ambiguity; Overloaded Prompt; Unnecessary Repetition; Conflicting Constraints; Bias / Loaded Framing; Formality / Audience Mismatch; Irrelevant / Excessive Persona,35,0.681
091eb7545c084c374cdcfc36714d59ed,4,Ambiguous References; Format Ambiguity,43,0.647
3408c99295878035eccb0611ee963614,1,Ambiguous References; Format Ambiguity,48,0.339
3408c99295878035eccb0611ee963614,2,Ambiguous References; Format Ambiguity,52,0.313
cbbed737bec72534e264dda36ca46909,1,Ambiguous References; Format Ambiguity,51,0.300
cbbed737bec72534e264dda36ca46909,3,Ambiguous References; Format Ambiguity,42,0.273
cbbed737bec72534e264dda36ca46909,5,Ambiguous References; Format Ambiguity,41,0.336
5e255f392d520fe86dd33131b8500176,1,Vague / Missing Context; Ambiguous References,36,0.286
5e255f392d520fe86dd33131b8500176,2,Ambiguous References; Format Ambiguity,54,0.251
ff06c93b6fc5d7184f226c4ae3be4d36,1,Vague / Missing Context; Ambiguous References,25,0.270
ff06c93b6fc5d7184f226c4ae3be4d36,2,Vague / Missing Context; Ambiguous References,43,0.253
ff06c93b6fc5d7184f226c4ae3be4d36,3,Ambiguous References; Format Ambiguity,45,0.254
ff06c93b6fc5d7184f226c4ae3be4d36,4,No Smell,29,0.291
ff06c93b6fc5d7184f226c4ae3be4d36,5,Vague / Missing Context; Ambiguous References,64,0.266
ff06c93b6fc5d7184f226c4ae3be4d36,6,Ambiguous References; Format Ambiguity,55,0.260
ff06c93b6fc5d7184f226c4ae3be4d36,7,Vague / Missing Context; Ambiguous References,41,0.267
ff06c93b6fc5d7184f226c4ae3be4d36,8,Ambiguous References; Format Ambiguity,144,0.377
ff06c93b6fc5d7184f226c4ae3be4d36,9,Ambiguous References; Format Ambiguity,54,0.264
3e8bcc2af550710c79ab9fa7c9cbe8bc,1,Ambiguous References; Format Ambiguity,57,0.265
3e8bcc2af550710c79ab9fa7c9cbe8bc,2,Ambiguous References; Format Ambiguity,78,0.254
6baaa23853b17a38aadb005d421ba3ed,1,Ambiguous References; Format Ambiguity,4000,0.812
398dbde5901ed11cf003821de8607df0,1,Ambiguous References; Format Ambiguity,152,0.349
398dbde5901ed11cf003821de8607df0,2,Ambiguous References,10,0.220
af58aaaf34b35c906cdc31b4b573cb4e,1,Ambiguous References; Format Ambiguity,47,0.264
af58aaaf34b35c906cdc31b4b573cb4e,2,Ambiguous References; Format Ambiguity,80,0.253
af58aaaf34b35c906cdc31b4b573cb4e,3,Ambiguous References; Format Ambiguity,60,0.264
0718b3f921261d45388998c3b1f14338,1,Ambiguous References; Format Ambiguity,59,0.274
0718b3f921261d45388998c3b1f14338,2,Ambiguous References; Format Ambiguity,46,0.271
0718b3f921261d45388998c3b1f14338,3,Ambiguous References; Format Ambiguity,77,0.271
0718b3f921261d45388998c3b1f14338,4,Ambiguous References; Format Ambiguity,45,0.265
0718b3f921261d45388998c3b1f14338,5,Ambiguous References; Format Ambiguity,53,0.280
6027b0fba751a5352c5882e39195c947,1,Ambiguous References; Format Ambiguity,1277,0.382
9066e1815d673be501601b8203a6cfc2,1,Ambiguous References; Format Ambiguity,59,0.266
9066e1815d673be501601b8203a6cfc2,2,Ambiguous References; Format Ambiguity,52,0.253
18db845d740264a90a2a3c2c1a8e83b5,1,Vague / Missing Context; Format Ambiguity,1445,0.434
7047e974a293e58f37e1bcd7f0e2beac,1,Ambiguous References; Format Ambiguity,513,0.356
25f041ec24b2db3006c01fe5392bdf30,1,Ambiguous References; Format Ambiguity; Overloaded Prompt; Unnecessary Repetition; Conflicting Constraints; Bias / Loaded Framing; Formality / Audience Mismatch; Vague / Missing Context,4000,1.724
576d8ad509168f77d3698c5ed0458aa7,1,Format Ambiguity; Ambiguous References,151,0.417
576d8ad509168f77d3698c5ed0458aa7,3,Vague / Missing Context; Format Ambiguity,712,0.415
636730cf4205d4996f3e9364d20d189e,1,Ambiguous References; Format Ambiguity,1166,0.809
f074237afd45470512fba05bf1f45158,1,Ambiguous References; Format Ambiguity,121,0.333
f074237afd45470512fba05bf1f45158,2,Vague / Missing Context; Ambiguous References,4000,0.903
f074237afd45470512fba05bf1f45158,3,Vague / Missing Context; Ambiguous References,4000,0.935
e633275a4168f18b2e54ed2de80eb822,1,Ambiguous References; Format Ambiguity,4000,1.234
27cf10cde659f7be3b6d84ee6add0356,1,Vague / Missing Context; Ambiguous References,243,0.373
b949abfeb8c48832c5ce5e645b47bce7,1,Ambiguous References,23,0.223
b949abfeb8c48832c5ce5e645b47bce7,2,Vague / Missing Context; Ambiguous References,25,0.237
b949abfeb8c48832c5ce5e645b47bce7,3,No Smell,19,0.194
844a083791eadcd3af7815c18b1ab046,1,Ambiguous References; Format Ambiguity; Overloaded Prompt; Unnecessary Repetition; Conflicting Constraints; Bias / Loaded Framing; Formality / Audience Mismatch; Vague / Missing Context,4000,1.556
afab7b892588f230812208e8e52e8722,1,Ambiguous References; Format Ambiguity,58,0.327
5b56ca1b19c3ad7f1601ee111ae77ba0,1,Vague / Missing Context; Ambiguous References,39,0.257
825090b978285265abdf03669f70c69f,1,Ambiguous References; Format Ambiguity,117,0.281
825090b978285265abdf03669f70c69f,2,Vague / Missing Context; Ambiguous References; Format Ambiguity; Overloaded Prompt; Prompt Bloat / Convoluted Prompt; Unnecessary Repetition; Conflicting Constraints; Bias / Loaded Framing; Formality / Audience Mismatch,123,0.697
825090b978285265abdf03669f70c69f,3,Ambiguous References; Format Ambiguity,113,0.273
5e0b62ee7bb17b6cfe275d884a7ae1a0,1,Ambiguous References; Format Ambiguity,105,0.299
5e0b62ee7bb17b6cfe275d884a7ae1a0,2,Vague / Missing Context; Format Ambiguity,30,0.250
52720388b7b8fe8d427d6317b615b72f,1,Format Ambiguity; Ambiguous References,176,0.400
52720388b7b8fe8d427d6317b615b72f,3,Format Ambiguity,146,0.409
52720388b7b8fe8d427d6317b615b72f,4,Format Ambiguity,146,0.363
52720388b7b8fe8d427d6317b615b72f,6,Format Ambiguity,230,0.389
9773a9a2170638254adc2e5682bf8aee,1,Ambiguous References; Format Ambiguity,430,0.332
9773a9a2170638254adc2e5682bf8aee,2,Vague / Missing Context; Ambiguous References,43,0.273
ff4fb78b7a5b1c7173fdeeab6b248ceb,1,Vague / Missing Context; Ambiguous References,83,0.287
ff4fb78b7a5b1c7173fdeeab6b248ceb,2,Vague / Missing Context; Ambiguous References,495,0.326
ff4fb78b7a5b1c7173fdeeab6b248ceb,3,Ambiguous References; Format Ambiguity,499,0.580
ff4fb78b7a5b1c7173fdeeab6b248ceb,7,Vague / Missing Context; Format Ambiguity,629,0.325
66617b4d03fdc170a92dfd477c68d8ea,1,Vague / Missing Context; Ambiguous References,101,0.284
6e6f2d7a40c43db18b8d1ad059d80e36,1,Vague / Missing Context; Ambiguous References,172,0.290
61f3ece568b70b415d7180da10a1698e,1,Vague / Missing Context; Ambiguous References; Format Ambiguity; Overloaded Prompt; Unnecessary Repetition; Conflicting Constraints; Bias / Loaded Framing; Formality / Audience Mismatch,42,0.597
61f3ece568b70b415d7180da10a1698e,2,Ambiguous References; Format Ambiguity,42,0.291
61f3ece568b70b415d7180da10a1698e,3,No Smell,26,0.196
61f3ece568b70b415d7180da10a1698e,4,Ambiguous References; Format Ambiguity,43,0.266
61f3ece568b70b415d7180da10a1698e,5,Ambiguous References; Format Ambiguity,72,0.264
61f3ece568b70b415d7180da10a1698e,7,Vague / Missing Context; Ambiguous References; Format Ambiguity; Overloaded Prompt; Unnecessary Repetition; Conflicting Constraints; Bias / Loaded Framing; Formality / Audience Mismatch,30,0.597
61f3ece568b70b415d7180da10a1698e,8,Ambiguous References,16,0.193
61f3ece568b70b415d7180da10a1698e,9,Ambiguous References; Format Ambiguity,212,0.448
61f3ece568b70b415d7180da10a1698e,10,Vague / Missing Context; Ambiguous References,180,0.288
c128e448c8d4a2a2d0ab7f678a0bbae6,1,Ambiguous References; Format Ambiguity,290,0.568
c128e448c8d4a2a2d0ab7f678a0bbae6,2,Ambiguous References; Format Ambiguity,257,0.632
e17a4b7d371f64c67812168771789105,1,Ambiguous References,63,0.312
e17a4b7d371f64c67812168771789105,2,Vague / Missing Context; Ambiguous References; Format Ambiguity; Overloaded Prompt; Unnecessary Repetition; Conflicting Constraints; Bias / Loaded Framing; Formality / Audience Mismatch,47,0.580
8ca58bf2b8e9f970845a574dcf6880ae,1,Ambiguous References,23,0.209
8ca58bf2b8e9f970845a574dcf6880ae,2,Ambiguous References; Format Ambiguity,25,0.251
bd9da6feb0fb6e6be4f577029c920b39,1,Ambiguous References; Format Ambiguity; Overloaded Prompt; Conflicting Constraints; Unnecessary Repetition; Bias / Loaded Framing; Formality / Audience Mismatch; Vague / Missing Context,4000,1.469
c3870004dba7c831e225ee041ad3d897,1,Ambiguous References; Format Ambiguity; Overloaded Prompt; Unnecessary Repetition; Conflicting Constraints; Bias / Loaded Framing; Formality / Audience Mismatch; Vague / Missing Context,4000,1.625
c8e924d279cc476e37155af8cccf765d,2,Ambiguous References; Format Ambiguity,255,0.461
7e09e399c79cb69b8d6a80953e094ec6,1,Vague / Missing Context; Ambiguous References,113,0.313
7e09e399c79cb69b8d6a80953e094ec6,2,Vague / Missing Context; Format Ambiguity,36,0.263
7e09e399c79cb69b8d6a80953e094ec6,3,Vague / Missing Context; Ambiguous References,33,0.250
7e09e399c79cb69b8d6a80953e094ec6,4,Format Ambiguity,39,0.196
7e09e399c79cb69b8d6a80953e094ec6,5,Ambiguous References; Format Ambiguity,88,0.272
7e09e399c79cb69b8d6a80953e094ec6,6,Vague / Missing Context; Format Ambiguity,21,0.247
7e09e399c79cb69b8d6a80953e094ec6,7,Format Ambiguity,39,0.196
7e09e399c79cb69b8d6a80953e094ec6,8,Ambiguous References; Format Ambiguity,83,0.272
7e09e399c79cb69b8d6a80953e094ec6,9,Vague / Missing Context; Format Ambiguity,32,0.237
7e09e399c79cb69b8d6a80953e094ec6,10,Vague / Missing Context; Ambiguous References,37,0.257
7e09e399c79cb69b8d6a80953e094ec6,11,Format Ambiguity,55,0.219
7e09e399c79cb69b8d6a80953e094ec6,12,Vague / Missing Context; Ambiguous References,22,0.240
97c3263bf859ddd624cf572de159c002,1,Vague / Missing Context; Ambiguous References,381,0.304
97c3263bf859ddd624cf572de159c002,2,Vague / Missing Context; Ambiguous References; Format Ambiguity; Overloaded Prompt; Unnecessary Repetition; Conflicting Constraints; Bias / Loaded Framing; Formality / Audience Mismatch,155,0.643
7d1b0abf2497ad343da0f7950e82ba52,2,Vague / Missing Context; Ambiguous References; Format Ambiguity; Overloaded Prompt; Unnecessary Repetition; Conflicting Constraints; Bias / Loaded Framing; Formality / Audience Mismatch,20,0.637
7d1b0abf2497ad343da0f7950e82ba52,4,Vague / Missing Context; Ambiguous References,20,0.233
378b6be6ff2572aa4c1ea226f9d4bf46,1,Ambiguous References; Format Ambiguity; Overloaded Prompt; Unnecessary Repetition; Conflicting Constraints; Bias / Loaded Framing; Formality / Audience Mismatch; Vague / Missing Context,4000,1.629
b2cd9b3dba480eb57e2f7da991f3c286,1,Vague / Missing Context; Ambiguous References,381,0.332
b2cd9b3dba480eb57e2f7da991f3c286,2,Vague / Missing Context; Ambiguous References; Format Ambiguity; Overloaded Prompt; Unnecessary Repetition; Conflicting Constraints; Bias / Loaded Framing; Formality / Audience Mismatch,155,0.645
b2cd9b3dba480eb57e2f7da991f3c286,3,Vague / Missing Context; Ambiguous References,438,0.321
b2cd9b3dba480eb57e2f7da991f3c286,4,Ambiguous References; Format Ambiguity; Overloaded Prompt; Vague / Missing Context; Unnecessary Repetition; Conflicting Constraints; Bias / Loaded Framing,154,0.812
445e5cc33cf42f3d32586a54169aa3f9,1,Ambiguous References; Format Ambiguity,4000,0.823
aaa615b181f36f32c479c62598552939,3,Ambiguous References; Format Ambiguity,9,0.258
e1cae45c4e1bbee0453b3ccc7599c431,1,Ambiguous References; Format Ambiguity,26,0.230
3ddde9de9a786fe9dbc6a8fe4b6e444d,1,Vague / Missing Context; Format Ambiguity,47,0.252
3ddde9de9a786fe9dbc6a8fe4b6e444d,4,Vague / Missing Context; Format Ambiguity,418,0.320
3ddde9de9a786fe9dbc6a8fe4b6e444d,5,Ambiguous References; Format Ambiguity,205,0.396
92774fc636bb34225fc764ee1e141bbc,1,Ambiguous References,30,0.267
92774fc636bb34225fc764ee1e141bbc,2,Ambiguous References; Overloaded Prompt,28,0.237
92774fc636bb34225fc764ee1e141bbc,3,Ambiguous References,33,0.281
92774fc636bb34225fc764ee1e141bbc,4,Ambiguous References,31,0.280
c45ebc37d04dafcd87a291c4d227b8e5,1,Ambiguous References; Format Ambiguity,1161,0.449
5953c85a43f6cff921c050418188a632,1,Vague / Missing Context; Format Ambiguity,1141,0.828
5c71148629cc9b35bdc4d9395b769e5a,1,Vague / Missing Context; Ambiguous References,378,0.306
5c71148629cc9b35bdc4d9395b769e5a,2,Vague / Missing Context; Ambiguous References; Format Ambiguity; Overloaded Prompt; Unnecessary Repetition; Conflicting Constraints; Bias / Loaded Framing; Formality / Audience Mismatch,156,0.644
5c71148629cc9b35bdc4d9395b769e5a,3,Vague / Missing Context; Ambiguous References,392,0.305
5c71148629cc9b35bdc4d9395b769e5a,4,Ambiguous References; Format Ambiguity; Overloaded Prompt; Vague / Missing Context; Unnecessary Repetition; Conflicting Constraints; Bias / Loaded Framing,154,0.812
5c71148629cc9b35bdc4d9395b769e5a,5,Vague / Missing Context; Ambiguous References,389,0.306
43d489af2fb3939361ae6799d07e4749,1,Ambiguous References; Format Ambiguity,41,0.290
43d489af2fb3939361ae6799d07e4749,2,Ambiguous References; Format Ambiguity,43,0.265
b3cb2f3a3347428d0e3fd9ab8501c143,1,Vague / Missing Context; Ambiguous References,48,0.258
009932cccc273e564034521942d9b29b,1,Vague / Missing Context; Format Ambiguity,1070,0.412
ffeadd618c316f8c27f5be7178c25b3f,1,Vague / Missing Context; Ambiguous References; Format Ambiguity; Overloaded Prompt; Unnecessary Repetition; Conflicting Constraints; Bias / Loaded Framing; Formality / Audience Mismatch,336,0.676
ffeadd618c316f8c27f5be7178c25b3f,2,Ambiguous References; Format Ambiguity,144,0.332
ffeadd618c316f8c27f5be7178c25b3f,3,Ambiguous References; Format Ambiguity,32,0.264
f45adb705f27060f5bd14143b08c67f3,1,Ambiguous References; Format Ambiguity,4000,1.141
a6a64ed3b3a5acb7e907d097ff18cb55,1,Ambiguous References; Format Ambiguity,61,0.255
febdc205374d9c3d857b77274ff310b2,1,Vague / Missing Context; Format Ambiguity,1052,0.418
c9884461346605e0165d4b15bf455197,1,Vague / Missing Context; Ambiguous References,112,0.281
c9884461346605e0165d4b15bf455197,2,Ambiguous References; Format Ambiguity,49,0.266
c9884461346605e0165d4b15bf455197,3,Ambiguous References; Format Ambiguity,42,0.294
1b8d2ab6aa38e92083945a623eb73db5,1,Ambiguous References; Format Ambiguity,4000,1.384
05f9c9dcb571ea0ccf68975e0422bc56,1,Ambiguous References,64,0.300
05f9c9dcb571ea0ccf68975e0422bc56,2,Vague / Missing Context; Ambiguous References,57,0.357
05f9c9dcb571ea0ccf68975e0422bc56,3,Ambiguous References; Format Ambiguity,99,0.310
05f9c9dcb571ea0ccf68975e0422bc56,4,Vague / Missing Context; Ambiguous References,42,0.258
05f9c9dcb571ea0ccf68975e0422bc56,5,Ambiguous References; Format Ambiguity,78,0.339
05f9c9dcb571ea0ccf68975e0422bc56,6,Vague / Missing Context; Ambiguous References,89,0.359
d2d9b212550e24b4a0835a7a9674a826,1,Ambiguous References,70,0.211
6c88288bc749c3d05941f82aceb722df,1,Vague / Missing Context; Ambiguous References,48,0.286
6c88288bc749c3d05941f82aceb722df,2,Vague / Missing Context; Ambiguous References,48,0.264
6c88288bc749c3d05941f82aceb722df,3,Vague / Missing Context; Ambiguous References,94,0.339
6c88288bc749c3d05941f82aceb722df,6,Vague / Missing Context; Ambiguous References,74,0.346
6c88288bc749c3d05941f82aceb722df,7,Vague / Missing Context; Ambiguous References,80,0.330
6c88288bc749c3d05941f82aceb722df,8,Ambiguous References; Format Ambiguity,35,0.252
6c88288bc749c3d05941f82aceb722df,11,Ambiguous References,38,0.534
184f15f783bd23a82cff7166b2efa3ef,1,Ambiguous References; Format Ambiguity,1582,0.562
184f15f783bd23a82cff7166b2efa3ef,2,Vague / Missing Context; Format Ambiguity; Overloaded Prompt; Unnecessary Repetition; Conflicting Constraints; Ambiguous References; Prompt Bloat / Convoluted Prompt; Bias / Loaded Framing,959,0.953
184f15f783bd23a82cff7166b2efa3ef,3,Vague / Missing Context; Ambiguous References; Format Ambiguity; Overloaded Prompt; Unnecessary Repetition; Conflicting Constraints; Bias / Loaded Framing; Formality / Audience Mismatch,821,0.720
184f15f783bd23a82cff7166b2efa3ef,4,Vague / Missing Context,61,0.244
184f15f783bd23a82cff7166b2efa3ef,5,Vague / Missing Context; Format Ambiguity,27,0.279
184f15f783bd23a82cff7166b2efa3ef,6,Vague / Missing Context; Ambiguous References; Format Ambiguity; Overloaded Prompt; Unnecessary Repetition; Conflicting Constraints; Bias / Loaded Framing; Formality / Audience Mismatch,90,0.659
184f15f783bd23a82cff7166b2efa3ef,7,Ambiguous References; Format Ambiguity,290,0.304
184f15f783bd23a82cff7166b2efa3ef,8,Ambiguous References; Format Ambiguity,199,0.286
184f15f783bd23a82cff7166b2efa3ef,9,Ambiguous References; Format Ambiguity,539,0.347
6473f48e71416ba4b2571deb41ae7c19,1,Ambiguous References; Format Ambiguity,31,0.297
6473f48e71416ba4b2571deb41ae7c19,2,Vague / Missing Context; Format Ambiguity,7,0.242
6473f48e71416ba4b2571deb41ae7c19,3,Vague / Missing Context; Format Ambiguity,41,0.310
6473f48e71416ba4b2571deb41ae7c19,4,Vague / Missing Context; Format Ambiguity,30,0.292
d8e1d80aeb35e75e94702d6312c46a1b,7,No Smell,17,0.191
e62ebb28be10d3fa67ffa8936b21b883,1,Ambiguous References; Format Ambiguity,4000,1.385
8eea8678ac2a6c3d976ed562ebd5899f,1,Vague / Missing Context; Ambiguous References,376,0.304
8eea8678ac2a6c3d976ed562ebd5899f,2,Vague / Missing Context; Ambiguous References; Format Ambiguity; Overloaded Prompt; Unnecessary Repetition; Conflicting Constraints; Bias / Loaded Framing; Formality / Audience Mismatch,155,0.644
8eea8678ac2a6c3d976ed562ebd5899f,3,Vague / Missing Context; Ambiguous References,378,0.306
8eea8678ac2a6c3d976ed562ebd5899f,4,Ambiguous References; Format Ambiguity; Overloaded Prompt; Vague / Missing Context; Unnecessary Repetition; Conflicting Constraints; Bias / Loaded Framing,154,0.813
8eea8678ac2a6c3d976ed562ebd5899f,6,Vague / Missing Context; Ambiguous References,378,0.303
8eea8678ac2a6c3d976ed562ebd5899f,7,Ambiguous References; Format Ambiguity; Overloaded Prompt; Vague / Missing Context; Unnecessary Repetition; Conflicting Constraints; Bias / Loaded Framing,154,0.810
8eea8678ac2a6c3d976ed562ebd5899f,8,Vague / Missing Context; Ambiguous References,389,0.306
8eea8678ac2a6c3d976ed562ebd5899f,9,Ambiguous References; Format Ambiguity; Overloaded Prompt; Vague / Missing Context; Unnecessary Repetition; Conflicting Constraints; Bias / Loaded Framing,154,0.810
8eea8678ac2a6c3d976ed562ebd5899f,10,Vague / Missing Context; Ambiguous References,434,0.323
8eea8678ac2a6c3d976ed562ebd5899f,11,Ambiguous References; Format Ambiguity; Overloaded Prompt; Vague / Missing Context; Unnecessary Repetition; Conflicting Constraints; Bias / Loaded Framing,154,0.810
8eea8678ac2a6c3d976ed562ebd5899f,12,Vague / Missing Context; Ambiguous References,396,0.306
8eea8678ac2a6c3d976ed562ebd5899f,13,Ambiguous References; Format Ambiguity; Overloaded Prompt; Vague / Missing Context; Unnecessary Repetition; Conflicting Constraints; Bias / Loaded Framing,154,0.811
8eea8678ac2a6c3d976ed562ebd5899f,14,Vague / Missing Context; Ambiguous References,410,0.306
8eea8678ac2a6c3d976ed562ebd5899f,15,Ambiguous References; Format Ambiguity; Overloaded Prompt; Vague / Missing Context; Unnecessary Repetition; Conflicting Constraints; Bias / Loaded Framing,154,0.810
8eea8678ac2a6c3d976ed562ebd5899f,16,Vague / Missing Context; Format Ambiguity,390,0.305
8eea8678ac2a6c3d976ed562ebd5899f,17,Ambiguous References; Format Ambiguity; Overloaded Prompt; Vague / Missing Context; Unnecessary Repetition; Conflicting Constraints; Bias / Loaded Framing,154,0.809
8eea8678ac2a6c3d976ed562ebd5899f,18,Vague / Missing Context; Ambiguous References,397,0.306
8eea8678ac2a6c3d976ed562ebd5899f,19,Vague / Missing Context; Ambiguous References; Format Ambiguity; Overloaded Prompt; Unnecessary Repetition; Conflicting Constraints; Bias / Loaded Framing; Formality / Audience Mismatch,156,0.642
8eea8678ac2a6c3d976ed562ebd5899f,20,Vague / Missing Context; Ambiguous References,380,0.306
8eea8678ac2a6c3d976ed562ebd5899f,21,Vague / Missing Context; Ambiguous References; Format Ambiguity; Overloaded Prompt; Unnecessary Repetition; Conflicting Constraints; Bias / Loaded Framing; Formality / Audience Mismatch,155,0.644
8eea8678ac2a6c3d976ed562ebd5899f,22,Vague / Missing Context; Ambiguous References,380,0.307
8eea8678ac2a6c3d976ed562ebd5899f,23,Vague / Missing Context; Ambiguous References; Format Ambiguity; Overloaded Prompt; Unnecessary Repetition; Conflicting Constraints; Bias / Loaded Framing; Formality / Audience Mismatch,155,0.645
8eea8678ac2a6c3d976ed562ebd5899f,24,Vague / Missing Context; Ambiguous References,417,0.321
8eea8678ac2a6c3d976ed562ebd5899f,25,Vague / Missing Context; Ambiguous References; Format Ambiguity; Overloaded Prompt; Unnecessary Repetition; Conflicting Constraints; Bias / Loaded Framing; Formality / Audience Mismatch,155,0.645
8eea8678ac2a6c3d976ed562ebd5899f,26,Vague / Missing Context; Ambiguous References,380,0.307
8eea8678ac2a6c3d976ed562ebd5899f,27,Vague / Missing Context; Ambiguous References; Format Ambiguity; Overloaded Prompt; Unnecessary Repetition; Conflicting Constraints; Bias / Loaded Framing; Formality / Audience Mismatch,155,0.645
8eea8678ac2a6c3d976ed562ebd5899f,28,Vague / Missing Context; Ambiguous References,417,0.322
8eea8678ac2a6c3d976ed562ebd5899f,29,Vague / Missing Context; Ambiguous References; Format Ambiguity; Overloaded Prompt; Unnecessary Repetition; Conflicting Constraints; Bias / Loaded Framing; Formality / Audience Mismatch,155,0.645
8eea8678ac2a6c3d976ed562ebd5899f,30,Vague / Missing Context; Ambiguous References,388,0.306
8eea8678ac2a6c3d976ed562ebd5899f,31,Vague / Missing Context; Ambiguous References; Format Ambiguity; Overloaded Prompt; Unnecessary Repetition; Conflicting Constraints; Bias / Loaded Framing; Formality / Audience Mismatch,155,0.645
8eea8678ac2a6c3d976ed562ebd5899f,32,Vague / Missing Context; Ambiguous References,421,0.322
8eea8678ac2a6c3d976ed562ebd5899f,33,Vague / Missing Context; Ambiguous References; Format Ambiguity; Overloaded Prompt; Unnecessary Repetition; Conflicting Constraints; Bias / Loaded Framing; Formality / Audience Mismatch,155,0.645
8eea8678ac2a6c3d976ed562ebd5899f,34,Vague / Missing Context; Ambiguous References,381,0.306
8eea8678ac2a6c3d976ed562ebd5899f,35,Vague / Missing Context; Ambiguous References; Format Ambiguity; Overloaded Prompt; Unnecessary Repetition; Conflicting Constraints; Bias / Loaded Framing; Formality / Audience Mismatch,155,0.645
8eea8678ac2a6c3d976ed562ebd5899f,36,Vague / Missing Context; Ambiguous References,400,0.323
ee9911677693093c8ef0df1da0d2ab60,1,Vague / Missing Context; Format Ambiguity,1141,0.829
158d0297008e76f551ee6a12789183d2,1,Vague / Missing Context; Ambiguous References,404,0.319
9900365ae9739f74647fc35b8ac89f07,1,Ambiguous References; Format Ambiguity,736,0.410
8e503c44490bffef5cdd44b1a8b9370f,1,Ambiguous References; Format Ambiguity; Overloaded Prompt; Unnecessary Repetition; Conflicting Constraints; Bias / Loaded Framing; Formality / Audience Mismatch; Vague / Missing Context,4000,1.387
abf104dbb3e0aa23c7bf8bbad12f81e9,2,Vague / Missing Context; Ambiguous References,90,0.327
7fd14a34f8d1c387be978e9ff9bda4aa,1,Vague / Missing Context; Ambiguous References; Format Ambiguity; Overloaded Prompt; Unnecessary Repetition; Conflicting Constraints; Bias / Loaded Framing,291,0.829
e2e229e6950c975808759a160ed837b9,1,Vague / Missing Context; Ambiguous References,56,0.287
e2e229e6950c975808759a160ed837b9,2,Vague / Missing Context; Ambiguous References,64,0.319
6821b67a85cb954cdc08951d4f7a82f2,1,Vague / Missing Context; Ambiguous References,1229,0.609
3b9b97ecdb6712c59624e1459d5d8ac8,1,Ambiguous References; Format Ambiguity,117,0.267
3b9b97ecdb6712c59624e1459d5d8ac8,2,Vague / Missing Context; Format Ambiguity,40,0.292
094d3a7c639a2dbcf6193220443132dd,1,Vague / Missing Context; Ambiguous References,404,0.321
094d3a7c639a2dbcf6193220443132dd,2,Vague / Missing Context; Ambiguous References; Format Ambiguity; Overloaded Prompt; Unnecessary Repetition; Conflicting Constraints; Bias / Loaded Framing; Formality / Audience Mismatch,155,0.646
094d3a7c639a2dbcf6193220443132dd,3,Vague / Missing Context; Ambiguous References,387,0.306
094d3a7c639a2dbcf6193220443132dd,4,Vague / Missing Context; Ambiguous References; Format Ambiguity; Overloaded Prompt; Unnecessary Repetition; Conflicting Constraints; Bias / Loaded Framing; Formality / Audience Mismatch,155,0.643
094d3a7c639a2dbcf6193220443132dd,5,Vague / Missing Context; Ambiguous References,436,0.323
094d3a7c639a2dbcf6193220443132dd,6,Vague / Missing Context; Ambiguous References; Format Ambiguity; Overloaded Prompt; Unnecessary Repetition; Conflicting Constraints; Bias / Loaded Framing; Formality / Audience Mismatch,155,0.644
094d3a7c639a2dbcf6193220443132dd,7,Vague / Missing Context; Ambiguous References,388,0.307
094d3a7c639a2dbcf6193220443132dd,8,Vague / Missing Context; Ambiguous References; Format Ambiguity; Overloaded Prompt; Unnecessary Repetition; Conflicting Constraints; Bias / Loaded Framing; Formality / Audience Mismatch,155,0.644
094d3a7c639a2dbcf6193220443132dd,9,Vague / Missing Context; Ambiguous References,434,0.323
094d3a7c639a2dbcf6193220443132dd,10,Vague / Missing Context; Ambiguous References; Format Ambiguity; Overloaded Prompt; Unnecessary Repetition; Conflicting Constraints; Bias / Loaded Framing; Formality / Audience Mismatch,155,0.643
094d3a7c639a2dbcf6193220443132dd,11,Vague / Missing Context; Ambiguous References,378,0.306
094d3a7c639a2dbcf6193220443132dd,12,Vague / Missing Context; Ambiguous References; Format Ambiguity; Overloaded Prompt; Unnecessary Repetition; Conflicting Constraints; Bias / Loaded Framing; Formality / Audience Mismatch,155,0.643
094d3a7c639a2dbcf6193220443132dd,13,Vague / Missing Context; Ambiguous References,365,0.305
094d3a7c639a2dbcf6193220443132dd,14,Vague / Missing Context; Ambiguous References; Format Ambiguity; Overloaded Prompt; Unnecessary Repetition; Conflicting Constraints; Bias / Loaded Framing; Formality / Audience Mismatch,155,0.646
094d3a7c639a2dbcf6193220443132dd,15,Vague / Missing Context; Ambiguous References,438,0.328
094d3a7c639a2dbcf6193220443132dd,16,Vague / Missing Context; Ambiguous References; Format Ambiguity; Overloaded Prompt; Unnecessary Repetition; Conflicting Constraints; Bias / Loaded Framing; Formality / Audience Mismatch,155,0.645
094d3a7c639a2dbcf6193220443132dd,17,Vague / Missing Context; Ambiguous References,398,0.307
094d3a7c639a2dbcf6193220443132dd,18,Vague / Missing Context; Ambiguous References; Format Ambiguity; Overloaded Prompt; Unnecessary Repetition; Conflicting Constraints; Bias / Loaded Framing; Formality / Audience Mismatch,155,0.645
094d3a7c639a2dbcf6193220443132dd,19,Vague / Missing Context; Ambiguous References,383,0.307
094d3a7c639a2dbcf6193220443132dd,20,Vague / Missing Context; Ambiguous References; Format Ambiguity; Overloaded Prompt; Unnecessary Repetition; Conflicting Constraints; Bias / Loaded Framing; Formality / Audience Mismatch,155,0.644
094d3a7c639a2dbcf6193220443132dd,21,Vague / Missing Context; Ambiguous References,389,0.306
094d3a7c639a2dbcf6193220443132dd,22,Vague / Missing Context; Ambiguous References; Format Ambiguity; Overloaded Prompt; Unnecessary Repetition; Conflicting Constraints; Bias / Loaded Framing; Formality / Audience Mismatch,155,0.645
094d3a7c639a2dbcf6193220443132dd,23,Vague / Missing Context; Ambiguous References,398,0.307
094d3a7c639a2dbcf6193220443132dd,24,Vague / Missing Context; Ambiguous References; Format Ambiguity; Overloaded Prompt; Unnecessary Repetition; Conflicting Constraints; Bias / Loaded Framing; Formality / Audience Mismatch,155,0.643
094d3a7c639a2dbcf6193220443132dd,25,Vague / Missing Context; Ambiguous References,387,0.307
094d3a7c639a2dbcf6193220443132dd,26,Vague / Missing Context; Ambiguous References; Format Ambiguity; Overloaded Prompt; Unnecessary Repetition; Conflicting Constraints; Bias / Loaded Framing; Formality / Audience Mismatch,155,0.644
094d3a7c639a2dbcf6193220443132dd,27,Vague / Missing Context; Ambiguous References,397,0.307
094d3a7c639a2dbcf6193220443132dd,29,Vague / Missing Context; Ambiguous References,394,0.302
094d3a7c639a2dbcf6193220443132dd,30,Vague / Missing Context; Ambiguous References; Format Ambiguity; Overloaded Prompt; Unnecessary Repetition; Conflicting Constraints; Bias / Loaded Framing; Formality / Audience Mismatch,155,0.645
cc5fa689171862c1d07ed5af9323ff73,1,Vague / Missing Context; Format Ambiguity,119,0.441
cc5fa689171862c1d07ed5af9323ff73,2,Ambiguous References; Format Ambiguity,47,0.258
cc5fa689171862c1d07ed5af9323ff73,3,Vague / Missing Context; Ambiguous References,240,0.321
cc5fa689171862c1d07ed5af9323ff73,4,Vague / Missing Context; Ambiguous References,250,0.283
cc5fa689171862c1d07ed5af9323ff73,5,Vague / Missing Context; Ambiguous References,129,0.280
cc5fa689171862c1d07ed5af9323ff73,6,Ambiguous References; Format Ambiguity,117,0.306
cc5fa689171862c1d07ed5af9323ff73,7,Vague / Missing Context; Ambiguous References,75,0.279
cc5fa689171862c1d07ed5af9323ff73,8,Ambiguous References; Format Ambiguity,114,0.346
cc5fa689171862c1d07ed5af9323ff73,9,Vague / Missing Context; Ambiguous References,231,0.348
a4c59ae45e9497ea8c54424dd5cb5fb0,1,Vague / Missing Context; Format Ambiguity,1086,0.369
a4c59ae45e9497ea8c54424dd5cb5fb0,2,Vague / Missing Context; Format Ambiguity,1279,0.513
928b74900a138adb211b4d5703bbfb10,2,Vague / Missing Context; Format Ambiguity,168,0.484
89745d8364bc20d652a74bb095ae99ef,1,Vague / Missing Context; Ambiguous References,397,0.306
89745d8364bc20d652a74bb095ae99ef,2,Vague / Missing Context; Ambiguous References; Format Ambiguity; Overloaded Prompt; Unnecessary Repetition; Conflicting Constraints; Bias / Loaded Framing; Formality / Audience Mismatch,155,0.644
89745d8364bc20d652a74bb095ae99ef,3,Vague / Missing Context; Ambiguous References,388,0.305
89745d8364bc20d652a74bb095ae99ef,4,Vague / Missing Context; Ambiguous References; Format Ambiguity; Overloaded Prompt; Unnecessary Repetition; Conflicting Constraints; Bias / Loaded Framing; Formality / Audience Mismatch,155,0.646
89745d8364bc20d652a74bb095ae99ef,5,Vague / Missing Context; Ambiguous References,388,0.305
89745d8364bc20d652a74bb095ae99ef,6,Vague / Missing Context; Ambiguous References; Format Ambiguity; Overloaded Prompt; Unnecessary Repetition; Conflicting Constraints; Bias / Loaded Framing; Formality / Audience Mismatch,155,0.646
89745d8364bc20d652a74bb095ae99ef,7,Vague / Missing Context; Ambiguous References,393,0.305
89745d8364bc20d652a74bb095ae99ef,8,Vague / Missing Context; Ambiguous References; Format Ambiguity; Overloaded Prompt; Unnecessary Repetition; Conflicting Constraints; Bias / Loaded Framing; Formality / Audience Mismatch,155,0.646
8168adfecbca4bc659c4daea8f4d4ac9,1,Vague / Missing Context; Format Ambiguity,44,0.271
8168adfecbca4bc659c4daea8f4d4ac9,2,Ambiguous References,65,0.211
8168adfecbca4bc659c4daea8f4d4ac9,3,Vague / Missing Context; Ambiguous References; Format Ambiguity,64,0.312
8168adfecbca4bc659c4daea8f4d4ac9,4,Ambiguous References; Format Ambiguity,105,0.254
8168adfecbca4bc659c4daea8f4d4ac9,5,Ambiguous References; Format Ambiguity,51,0.303
8168adfecbca4bc659c4daea8f4d4ac9,6,Vague / Missing Context; Format Ambiguity,7,0.242
2c2d9d793845ebc79115a913b75847d5,1,Ambiguous References; Format Ambiguity,1582,0.561
2c2d9d793845ebc79115a913b75847d5,2,Ambiguous References; Format Ambiguity,184,0.366
2c2d9d793845ebc79115a913b75847d5,3,Ambiguous References; Format Ambiguity,324,0.339
2c2d9d793845ebc79115a913b75847d5,4,Vague / Missing Context; Format Ambiguity,675,0.659
2c2d9d793845ebc79115a913b75847d5,5,Vague / Missing Context; Format Ambiguity,325,0.440
2c2d9d793845ebc79115a913b75847d5,6,Vague / Missing Context; Ambiguous References,624,0.376
2c2d9d793845ebc79115a913b75847d5,7,Vague / Missing Context; Ambiguous References; Format Ambiguity,276,0.379
34822fe66adf80ec05514531c870bea8,1,Vague / Missing Context; Ambiguous References,438,0.322
34822fe66adf80ec05514531c870bea8,2,Vague / Missing Context; Ambiguous References; Format Ambiguity; Overloaded Prompt; Unnecessary Repetition; Conflicting Constraints; Bias / Loaded Framing; Formality / Audience Mismatch,155,0.644
34822fe66adf80ec05514531c870bea8,3,Vague / Missing Context; Ambiguous References,389,0.306
34822fe66adf80ec05514531c870bea8,4,Vague / Missing Context; Ambiguous References; Format Ambiguity; Overloaded Prompt; Unnecessary Repetition; Conflicting Constraints; Bias / Loaded Framing; Formality / Audience Mismatch,155,0.646
34822fe66adf80ec05514531c870bea8,5,Vague / Missing Context; Ambiguous References,388,0.306
34822fe66adf80ec05514531c870bea8,6,Vague / Missing Context; Ambiguous References; Format Ambiguity; Overloaded Prompt; Unnecessary Repetition; Conflicting Constraints; Bias / Loaded Framing; Formality / Audience Mismatch,155,0.646
34822fe66adf80ec05514531c870bea8,7,Vague / Missing Context; Ambiguous References,434,0.321
34822fe66adf80ec05514531c870bea8,8,Vague / Missing Context; Ambiguous References; Format Ambiguity; Overloaded Prompt; Unnecessary Repetition; Conflicting Constraints; Bias / Loaded Framing; Formality / Audience Mismatch,155,0.646
34822fe66adf80ec05514531c870bea8,9,Vague / Missing Context; Ambiguous References,415,0.305
34822fe66adf80ec05514531c870bea8,10,Vague / Missing Context; Ambiguous References; Format Ambiguity; Overloaded Prompt; Unnecessary Repetition; Conflicting Constraints; Bias / Loaded Framing; Formality / Audience Mismatch,155,0.644
34822fe66adf80ec05514531c870bea8,11,Vague / Missing Context; Ambiguous References,387,0.326
34822fe66adf80ec05514531c870bea8,12,Vague / Missing Context; Ambiguous References; Format Ambiguity; Overloaded Prompt; Unnecessary Repetition; Conflicting Constraints; Bias / Loaded Framing; Formality / Audience Mismatch,155,0.644
34822fe66adf80ec05514531c870bea8,13,Vague / Missing Context; Ambiguous References,399,0.307
34822fe66adf80ec05514531c870bea8,14,Vague / Missing Context; Ambiguous References; Format Ambiguity; Overloaded Prompt; Unnecessary Repetition; Conflicting Constraints; Bias / Loaded Framing; Formality / Audience Mismatch,155,0.644
34822fe66adf80ec05514531c870bea8,15,Vague / Missing Context; Ambiguous References,405,0.306
34822fe66adf80ec05514531c870bea8,16,Vague / Missing Context; Ambiguous References; Format Ambiguity; Overloaded Prompt; Unnecessary Repetition; Conflicting Constraints; Bias / Loaded Framing; Formality / Audience Mismatch,155,0.645
2428f7bdf62fc7955629f40c9fc03eaf,1,Ambiguous References; Format Ambiguity,22,0.354
2428f7bdf62fc7955629f40c9fc03eaf,2,Ambiguous References,45,0.221
5810088abeb7da8d59cbea27e859cc8c,1,Vague / Missing Context; Ambiguous References,367,0.305
5810088abeb7da8d59cbea27e859cc8c,2,Vague / Missing Context; Ambiguous References; Format Ambiguity; Overloaded Prompt; Unnecessary Repetition; Conflicting Constraints; Bias / Loaded Framing; Formality / Audience Mismatch,155,0.644
5810088abeb7da8d59cbea27e859cc8c,3,Vague / Missing Context; Ambiguous References,402,0.307
5810088abeb7da8d59cbea27e859cc8c,4,Vague / Missing Context; Ambiguous References; Format Ambiguity; Overloaded Prompt; Unnecessary Repetition; Conflicting Constraints; Bias / Loaded Framing; Formality / Audience Mismatch,155,0.646
5810088abeb7da8d59cbea27e859cc8c,5,Vague / Missing Context; Ambiguous References,397,0.306
5810088abeb7da8d59cbea27e859cc8c,6,Vague / Missing Context; Ambiguous References; Format Ambiguity; Overloaded Prompt; Unnecessary Repetition; Conflicting Constraints; Bias / Loaded Framing; Formality / Audience Mismatch,155,0.646
5810088abeb7da8d59cbea27e859cc8c,7,Vague / Missing Context; Ambiguous References,376,0.305
5810088abeb7da8d59cbea27e859cc8c,8,Vague / Missing Context; Ambiguous References; Format Ambiguity; Overloaded Prompt; Unnecessary Repetition; Conflicting Constraints; Bias / Loaded Framing; Formality / Audience Mismatch,155,0.643
eaf52c287d517eb62d4d7e945a217361,3,Format Ambiguity,727,0.782
eaf52c287d517eb62d4d7e945a217361,4,Ambiguous References; Format Ambiguity,140,0.393
eaf52c287d517eb62d4d7e945a217361,5,Format Ambiguity,90,0.252
eaf52c287d517eb62d4d7e945a217361,7,Ambiguous References; Format Ambiguity,3904,1.304
0e00a183f2b8c6f6e2cfb336e8402d46,1,Vague / Missing Context; Ambiguous References,388,0.336
0e00a183f2b8c6f6e2cfb336e8402d46,2,Vague / Missing Context; Ambiguous References; Format Ambiguity; Overloaded Prompt; Unnecessary Repetition; Conflicting Constraints; Bias / Loaded Framing; Formality / Audience Mismatch,155,0.646
0e00a183f2b8c6f6e2cfb336e8402d46,3,Vague / Missing Context; Ambiguous References,375,0.305
16a9358d0cb545561e7de32d95c7182a,1,Ambiguous References; Format Ambiguity,125,0.307
e698a18765656330429980f1346a0066,1,Vague / Missing Context; Ambiguous References,375,0.306
e698a18765656330429980f1346a0066,2,Vague / Missing Context; Ambiguous References; Format Ambiguity; Overloaded Prompt; Unnecessary Repetition; Conflicting Constraints; Bias / Loaded Framing; Formality / Audience Mismatch,155,0.646
e698a18765656330429980f1346a0066,3,Ambiguous References; Format Ambiguity,388,0.300
e698a18765656330429980f1346a0066,4,Vague / Missing Context; Ambiguous References; Format Ambiguity; Overloaded Prompt; Unnecessary Repetition; Conflicting Constraints; Bias / Loaded Framing; Formality / Audience Mismatch,155,0.645
e698a18765656330429980f1346a0066,5,Vague / Missing Context; Ambiguous References,385,0.306
e698a18765656330429980f1346a0066,6,Vague / Missing Context; Ambiguous References; Format Ambiguity; Overloaded Prompt; Unnecessary Repetition; Conflicting Constraints; Bias / Loaded Framing; Formality / Audience Mismatch,155,0.645
e698a18765656330429980f1346a0066,7,Vague / Missing Context; Ambiguous References,367,0.304
e698a18765656330429980f1346a0066,8,Vague / Missing Context; Ambiguous References; Format Ambiguity; Overloaded Prompt; Unnecessary Repetition; Conflicting Constraints; Bias / Loaded Framing; Formality / Audience Mismatch,155,0.646
e698a18765656330429980f1346a0066,9,Vague / Missing Context; Ambiguous References,434,0.305
e698a18765656330429980f1346a0066,10,Vague / Missing Context; Ambiguous References; Format Ambiguity; Overloaded Prompt; Unnecessary Repetition; Conflicting Constraints; Bias / Loaded Framing; Formality / Audience Mismatch,155,0.645
e698a18765656330429980f1346a0066,11,Vague / Missing Context; Ambiguous References,357,0.305
e698a18765656330429980f1346a0066,12,Vague / Missing Context; Ambiguous References; Format Ambiguity; Overloaded Prompt; Unnecessary Repetition; Conflicting Constraints; Bias / Loaded Framing; Formality / Audience Mismatch,155,0.646
e698a18765656330429980f1346a0066,13,Vague / Missing Context; Ambiguous References,388,0.306
e698a18765656330429980f1346a0066,14,Vague / Missing Context; Ambiguous References; Format Ambiguity; Overloaded Prompt; Unnecessary Repetition; Conflicting Constraints; Bias / Loaded Framing; Formality / Audience Mismatch,155,0.646
e698a18765656330429980f1346a0066,15,Vague / Missing Context; Ambiguous References,434,0.321
3f81af630a246be55b8bb9a8d0d0f4ba,1,Vague / Missing Context; Ambiguous References,60,0.274
3f81af630a246be55b8bb9a8d0d0f4ba,2,Vague / Missing Context; Ambiguous References,38,0.284
3f81af630a246be55b8bb9a8d0d0f4ba,3,Ambiguous References,47,0.266
3f81af630a246be55b8bb9a8d0d0f4ba,4,Ambiguous References; Overloaded Prompt; Format Ambiguity; Unnecessary Repetition; Conflicting Constraints; Bias / Loaded Framing; Vague / Missing Context,51,0.480
3f81af630a246be55b8bb9a8d0d0f4ba,5,Vague / Missing Context; Ambiguous References,63,0.251
3f81af630a246be55b8bb9a8d0d0f4ba,6,Vague / Missing Context; Ambiguous References,66,0.274
3f81af630a246be55b8bb9a8d0d0f4ba,7,Ambiguous References; Format Ambiguity,46,0.297
01b4a6211e5d4a382b4bd22a25d11fdc,1,Ambiguous References; Format Ambiguity,1309,0.419
01b4a6211e5d4a382b4bd22a25d11fdc,2,Vague / Missing Context; Ambiguous References,156,0.339
01b4a6211e5d4a382b4bd22a25d11fdc,3,Ambiguous References; Format Ambiguity,1335,0.438
32da683fce4f8e12f758b97444386fef,1,Ambiguous References; Format Ambiguity,1600,0.562
32da683fce4f8e12f758b97444386fef,2,Vague / Missing Context; Ambiguous References,459,0.309
32da683fce4f8e12f758b97444386fef,3,Ambiguous References; Format Ambiguity,384,0.297
32da683fce4f8e12f758b97444386fef,4,Ambiguous References; Format Ambiguity,402,0.379
32da683fce4f8e12f758b97444386fef,5,Ambiguous References; Format Ambiguity,418,0.705
32742e61f06c16558a1964d5bcbf5d28,1,Vague / Missing Context; Ambiguous References,408,0.307
32742e61f06c16558a1964d5bcbf5d28,2,Vague / Missing Context; Ambiguous References; Format Ambiguity; Overloaded Prompt; Unnecessary Repetition; Conflicting Constraints; Bias / Loaded Framing; Formality / Audience Mismatch,155,0.644
32742e61f06c16558a1964d5bcbf5d28,3,Vague / Missing Context; Ambiguous References,438,0.322
32742e61f06c16558a1964d5bcbf5d28,4,Vague / Missing Context; Ambiguous References; Format Ambiguity; Overloaded Prompt; Unnecessary Repetition; Conflicting Constraints; Bias / Loaded Framing; Formality / Audience Mismatch,155,0.644
32742e61f06c16558a1964d5bcbf5d28,5,Vague / Missing Context; Ambiguous References,405,0.305
32742e61f06c16558a1964d5bcbf5d28,6,Vague / Missing Context; Ambiguous References; Format Ambiguity; Overloaded Prompt; Unnecessary Repetition; Conflicting Constraints; Bias / Loaded Framing; Formality / Audience Mismatch,155,0.643
32742e61f06c16558a1964d5bcbf5d28,7,Vague / Missing Context; Ambiguous References,409,0.306
32742e61f06c16558a1964d5bcbf5d28,8,Vague / Missing Context; Ambiguous References; Format Ambiguity; Overloaded Prompt; Unnecessary Repetition; Conflicting Constraints; Bias / Loaded Framing; Formality / Audience Mismatch,155,0.644
32742e61f06c16558a1964d5bcbf5d28,9,Vague / Missing Context; Ambiguous References,389,0.304
32742e61f06c16558a1964d5bcbf5d28,10,Vague / Missing Context; Ambiguous References; Format Ambiguity; Overloaded Prompt; Unnecessary Repetition; Conflicting Constraints; Bias / Loaded Framing; Formality / Audience Mismatch,155,0.645
32742e61f06c16558a1964d5bcbf5d28,11,Vague / Missing Context; Ambiguous References,378,0.306
32742e61f06c16558a1964d5bcbf5d28,12,Vague / Missing Context; Ambiguous References; Format Ambiguity; Overloaded Prompt; Unnecessary Repetition; Conflicting Constraints; Bias / Loaded Framing; Formality / Audience Mismatch,155,0.645
32742e61f06c16558a1964d5bcbf5d28,13,Vague / Missing Context; Ambiguous References,398,0.306
32742e61f06c16558a1964d5bcbf5d28,14,Vague / Missing Context; Ambiguous References; Format Ambiguity; Overloaded Prompt; Unnecessary Repetition; Conflicting Constraints; Bias / Loaded Framing; Formality / Audience Mismatch,155,0.646
32742e61f06c16558a1964d5bcbf5d28,15,Vague / Missing Context; Ambiguous References,418,0.306
32742e61f06c16558a1964d5bcbf5d28,16,Vague / Missing Context; Ambiguous References; Format Ambiguity; Overloaded Prompt; Unnecessary Repetition; Conflicting Constraints; Bias / Loaded Framing; Formality / Audience Mismatch,155,0.645
32742e61f06c16558a1964d5bcbf5d28,17,Vague / Missing Context; Ambiguous References,365,0.305
32742e61f06c16558a1964d5bcbf5d28,18,Vague / Missing Context; Ambiguous References; Format Ambiguity; Overloaded Prompt; Unnecessary Repetition; Conflicting Constraints; Bias / Loaded Framing; Formality / Audience Mismatch,155,0.645
32742e61f06c16558a1964d5bcbf5d28,19,Vague / Missing Context; Ambiguous References,380,0.306
32742e61f06c16558a1964d5bcbf5d28,20,Vague / Missing Context; Ambiguous References; Format Ambiguity; Overloaded Prompt; Unnecessary Repetition; Conflicting Constraints; Bias / Loaded Framing; Formality / Audience Mismatch,155,0.644
32742e61f06c16558a1964d5bcbf5d28,21,Vague / Missing Context; Ambiguous References,419,0.321
32742e61f06c16558a1964d5bcbf5d28,22,Vague / Missing Context; Ambiguous References; Format Ambiguity; Overloaded Prompt; Unnecessary Repetition; Conflicting Constraints; Bias / Loaded Framing; Formality / Audience Mismatch,155,0.643
32742e61f06c16558a1964d5bcbf5d28,23,Vague / Missing Context; Ambiguous References,388,0.306
32742e61f06c16558a1964d5bcbf5d28,24,Vague / Missing Context; Ambiguous References; Format Ambiguity; Overloaded Prompt; Unnecessary Repetition; Conflicting Constraints; Bias / Loaded Framing; Formality / Audience Mismatch,155,0.643
32742e61f06c16558a1964d5bcbf5d28,25,Vague / Missing Context; Ambiguous References,377,0.304
32742e61f06c16558a1964d5bcbf5d28,26,Vague / Missing Context; Ambiguous References; Format Ambiguity; Overloaded Prompt; Unnecessary Repetition; Conflicting Constraints; Bias / Loaded Framing; Formality / Audience Mismatch,155,0.644
32742e61f06c16558a1964d5bcbf5d28,27,Vague / Missing Context; Ambiguous References,369,0.304
32742e61f06c16558a1964d5bcbf5d28,28,Vague / Missing Context; Ambiguous References; Format Ambiguity; Overloaded Prompt; Unnecessary Repetition; Conflicting Constraints; Bias / Loaded Framing; Formality / Audience Mismatch,155,0.644
32742e61f06c16558a1964d5bcbf5d28,29,Vague / Missing Context; Ambiguous References,380,0.305
32742e61f06c16558a1964d5bcbf5d28,30,Vague / Missing Context; Ambiguous References; Format Ambiguity; Overloaded Prompt; Unnecessary Repetition; Conflicting Constraints; Bias / Loaded Framing; Formality / Audience Mismatch,155,0.644
32742e61f06c16558a1964d5bcbf5d28,31,Vague / Missing Context; Ambiguous References,373,0.305
32742e61f06c16558a1964d5bcbf5d28,32,Vague / Missing Context; Ambiguous References; Format Ambiguity; Overloaded Prompt; Unnecessary Repetition; Conflicting Constraints; Bias / Loaded Framing; Formality / Audience Mismatch,155,0.645
32742e61f06c16558a1964d5bcbf5d28,33,Vague / Missing Context; Ambiguous References,390,0.305
32742e61f06c16558a1964d5bcbf5d28,34,Vague / Missing Context; Ambiguous References; Format Ambiguity; Overloaded Prompt; Unnecessary Repetition; Conflicting Constraints; Bias / Loaded Framing; Formality / Audience Mismatch,155,0.643
32742e61f06c16558a1964d5bcbf5d28,35,Vague / Missing Context; Ambiguous References,360,0.305
32742e61f06c16558a1964d5bcbf5d28,36,Vague / Missing Context; Ambiguous References; Format Ambiguity; Overloaded Prompt; Unnecessary Repetition; Conflicting Constraints; Bias / Loaded Framing; Formality / Audience Mismatch,155,0.644
32742e61f06c16558a1964d5bcbf5d28,37,Vague / Missing Context; Ambiguous References,409,0.306
32742e61f06c16558a1964d5bcbf5d28,38,Vague / Missing Context; Ambiguous References; Format Ambiguity; Overloaded Prompt; Unnecessary Repetition; Conflicting Constraints; Bias / Loaded Framing; Formality / Audience Mismatch,155,0.642
b2b00e2ae69cd9d18f2d26acc56ff1d0,1,Vague / Missing Context,16,0.251
b2b00e2ae69cd9d18f2d26acc56ff1d0,2,Ambiguous References; Format Ambiguity,323,0.438
88ae6a525f6efae9d60033b5d8c7ff2d,1,Ambiguous References,229,0.237
58ea16f76ba1f67eeb03fbd990543a36,1,Ambiguous References; Format Ambiguity,123,0.287
58ea16f76ba1f67eeb03fbd990543a36,2,Ambiguous References,31,0.224
5ff012fd994759b3b4f03c437138cc0b,1,Vague / Missing Context; Ambiguous References,375,0.304
5ff012fd994759b3b4f03c437138cc0b,2,Vague / Missing Context; Ambiguous References; Format Ambiguity; Overloaded Prompt; Unnecessary Repetition; Conflicting Constraints; Bias / Loaded Framing; Formality / Audience Mismatch,155,0.645
5ff012fd994759b3b4f03c437138cc0b,3,Vague / Missing Context; Ambiguous References,375,0.304
5ff012fd994759b3b4f03c437138cc0b,4,Vague / Missing Context; Ambiguous References; Format Ambiguity; Overloaded Prompt; Unnecessary Repetition; Conflicting Constraints; Bias / Loaded Framing; Formality / Audience Mismatch,155,0.646
5ff012fd994759b3b4f03c437138cc0b,5,Vague / Missing Context; Ambiguous References,378,0.304
5ff012fd994759b3b4f03c437138cc0b,6,Vague / Missing Context; Ambiguous References; Format Ambiguity; Overloaded Prompt; Unnecessary Repetition; Conflicting Constraints; Bias / Loaded Framing; Formality / Audience Mismatch,155,0.644
5ff012fd994759b3b4f03c437138cc0b,7,Vague / Missing Context; Ambiguous References,410,0.305
5ff012fd994759b3b4f03c437138cc0b,8,Vague / Missing Context; Ambiguous References; Format Ambiguity; Overloaded Prompt; Unnecessary Repetition; Conflicting Constraints; Bias / Loaded Framing; Formality / Audience Mismatch,155,0.645
5ff012fd994759b3b4f03c437138cc0b,9,Vague / Missing Context; Ambiguous References,354,0.302
5ff012fd994759b3b4f03c437138cc0b,10,Vague / Missing Context; Ambiguous References; Format Ambiguity; Overloaded Prompt; Unnecessary Repetition; Conflicting Constraints; Bias / Loaded Framing; Formality / Audience Mismatch,155,0.645
5ff012fd994759b3b4f03c437138cc0b,11,Vague / Missing Context; Ambiguous References,378,0.304
5ff012fd994759b3b4f03c437138cc0b,12,Vague / Missing Context; Ambiguous References; Format Ambiguity; Overloaded Prompt; Unnecessary Repetition; Conflicting Constraints; Bias / Loaded Framing; Formality / Audience Mismatch,155,0.645
5ff012fd994759b3b4f03c437138cc0b,13,Vague / Missing Context; Ambiguous References,409,0.306
5ff012fd994759b3b4f03c437138cc0b,14,Vague / Missing Context; Ambiguous References; Format Ambiguity; Overloaded Prompt; Unnecessary Repetition; Conflicting Constraints; Bias / Loaded Framing; Formality / Audience Mismatch,155,0.644
5ff012fd994759b3b4f03c437138cc0b,15,Vague / Missing Context; Ambiguous References,369,0.303
5ff012fd994759b3b4f03c437138cc0b,16,Vague / Missing Context; Ambiguous References; Format Ambiguity; Overloaded Prompt; Unnecessary Repetition; Conflicting Constraints; Bias / Loaded Framing; Formality / Audience Mismatch,155,0.646
5ff012fd994759b3b4f03c437138cc0b,17,Vague / Missing Context; Ambiguous References,389,0.304
5ff012fd994759b3b4f03c437138cc0b,18,Vague / Missing Context; Ambiguous References; Format Ambiguity; Overloaded Prompt; Unnecessary Repetition; Conflicting Constraints; Bias / Loaded Framing; Formality / Audience Mismatch,155,0.645
5ff012fd994759b3b4f03c437138cc0b,19,Vague / Missing Context; Ambiguous References,395,0.306
5ff012fd994759b3b4f03c437138cc0b,20,Vague / Missing Context; Ambiguous References; Format Ambiguity; Overloaded Prompt; Unnecessary Repetition; Conflicting Constraints; Bias / Loaded Framing; Formality / Audience Mismatch,155,0.645
ceaea190dd17f4dd8eb071458c967ce5,1,Ambiguous References; Format Ambiguity,100,0.279
91da32e185b389c590bf9ea43626d879,1,Vague / Missing Context; Ambiguous References,49,0.352
91da32e185b389c590bf9ea43626d879,2,Ambiguous References; Format Ambiguity,282,0.523
91da32e185b389c590bf9ea43626d879,3,Vague / Missing Context; Format Ambiguity,372,0.666
91da32e185b389c590bf9ea43626d879,4,Vague / Missing Context; Format Ambiguity,297,0.408
46ff692248dd88b845e65ac5839cf058,1,Ambiguous References; Format Ambiguity,20,0.262
46ff692248dd88b845e65ac5839cf058,2,Vague / Missing Context; Format Ambiguity,30,0.257
74284444d393e6acf7eb94b5e35d08a7,1,Ambiguous References; Format Ambiguity,50,0.264
74284444d393e6acf7eb94b5e35d08a7,2,Vague / Missing Context,49,0.247
8ffbf69a8a0e8d30f9a9680ccfb2a760,1,Vague / Missing Context; Ambiguous References; Format Ambiguity; Overloaded Prompt; Unnecessary Repetition,141,0.541
fa091c33eae423b5e0a4622f1090b3a3,1,Vague / Missing Context; Format Ambiguity,627,0.563
3d0663916939591770464f5439377d25,1,Ambiguous References; Format Ambiguity,58,0.305
3d0663916939591770464f5439377d25,2,Vague / Missing Context; Ambiguous References,49,0.293
12622ec12050a4f98ccf85d4785002dd,1,Ambiguous References; Format Ambiguity,78,0.282
12622ec12050a4f98ccf85d4785002dd,2,Ambiguous References; Format Ambiguity,67,0.245
12622ec12050a4f98ccf85d4785002dd,3,Vague / Missing Context,57,0.244
dcd97490f4e6ba2dc9dd292671749c22,1,Vague / Missing Context; Ambiguous References,82,0.250
6b43670c70aa1549386de7855e11c8cf,1,Vague / Missing Context; Ambiguous References,38,0.264
6b43670c70aa1549386de7855e11c8cf,2,Ambiguous References,55,0.226
a1eff590924ac49555413d34911b5334,1,Vague / Missing Context; Ambiguous References,32,0.264
ab376ad8584e6fd75f545740320724b5,1,Vague / Missing Context; Format Ambiguity,847,0.738
ab376ad8584e6fd75f545740320724b5,2,Ambiguous References; Format Ambiguity,39,0.259
4cdad97c6288a21e34f126dd8263b052,1,Ambiguous References,45,0.224
4cdad97c6288a21e34f126dd8263b052,2,Vague / Missing Context,40,0.240
4cdad97c6288a21e34f126dd8263b052,3,Vague / Missing Context,47,0.247
4cdad97c6288a21e34f126dd8263b052,4,Vague / Missing Context; Ambiguous References,74,0.266
de9ff9914beb0f969c5b2fd94e73f96c,1,Ambiguous References; Format Ambiguity,1474,0.797
de9ff9914beb0f969c5b2fd94e73f96c,3,Ambiguous References; Format Ambiguity,76,0.464
de9ff9914beb0f969c5b2fd94e73f96c,4,Ambiguous References; Format Ambiguity,49,0.287
de9ff9914beb0f969c5b2fd94e73f96c,5,Ambiguous References; Format Ambiguity,131,0.372
de9ff9914beb0f969c5b2fd94e73f96c,6,Vague / Missing Context; Ambiguous References,45,0.280
0267db1c52cf294c9bdc4d98a6b2a244,1,Vague / Missing Context; Format Ambiguity,1141,0.833
3eb2f684494861972a3bacba30a541df,1,Vague / Missing Context; Format Ambiguity,2495,0.549
3eb2f684494861972a3bacba30a541df,2,Vague / Missing Context; Format Ambiguity,2495,0.302
46ca88882a0bb5034911bf2c6ba31c07,1,Ambiguous References; Format Ambiguity,62,0.244
46ca88882a0bb5034911bf2c6ba31c07,2,Ambiguous References; Format Ambiguity,81,0.251
9987edd789e9bee673fda8a748d583b7,1,Ambiguous References; Format Ambiguity,221,0.397
80a7aef2cc6b929cfe0bdf484c3c9dc5,1,Ambiguous References; Format Ambiguity,88,0.311
80a7aef2cc6b929cfe0bdf484c3c9dc5,2,Ambiguous References; Format Ambiguity,82,0.298
80a7aef2cc6b929cfe0bdf484c3c9dc5,3,Vague / Missing Context; Ambiguous References,114,0.238
80a7aef2cc6b929cfe0bdf484c3c9dc5,4,Vague / Missing Context; Ambiguous References,666,0.329
80a7aef2cc6b929cfe0bdf484c3c9dc5,5,Vague / Missing Context; Ambiguous References; Format Ambiguity; Overloaded Prompt; Unnecessary Repetition; Conflicting Constraints; Bias / Loaded Framing; Formality / Audience Mismatch,340,0.668
80a7aef2cc6b929cfe0bdf484c3c9dc5,6,Ambiguous References; Overloaded Prompt,314,0.302
80a7aef2cc6b929cfe0bdf484c3c9dc5,7,Ambiguous References; Format Ambiguity,806,0.315
80a7aef2cc6b929cfe0bdf484c3c9dc5,8,Vague / Missing Context; Ambiguous References,359,0.324
80a7aef2cc6b929cfe0bdf484c3c9dc5,9,Ambiguous References; Format Ambiguity,647,0.321
80a7aef2cc6b929cfe0bdf484c3c9dc5,10,Ambiguous References; Format Ambiguity,687,0.416
80a7aef2cc6b929cfe0bdf484c3c9dc5,11,Ambiguous References; Format Ambiguity,707,0.456
7fa4a3b562b5ed8cae98d64af8d9b6bd,1,Ambiguous References; Format Ambiguity,2604,0.623
0bc6b83fcfe8121a95b3e4e39da9b8a2,1,Ambiguous References; Format Ambiguity,241,0.510
9a3b9cd13e5773970ddab7db463302f7,1,Ambiguous References; Format Ambiguity,22,0.248
9a3b9cd13e5773970ddab7db463302f7,2,Vague / Missing Context; Ambiguous References,26,0.277
9a3b9cd13e5773970ddab7db463302f7,3,Vague / Missing Context; Ambiguous References,14,0.283
9a3b9cd13e5773970ddab7db463302f7,4,Vague / Missing Context; Format Ambiguity,223,0.530
9a3b9cd13e5773970ddab7db463302f7,5,Vague / Missing Context; Ambiguous References; Format Ambiguity; Overloaded Prompt; Unnecessary Repetition; Conflicting Constraints; Bias / Loaded Framing; Formality / Audience Mismatch,79,0.643
9a3b9cd13e5773970ddab7db463302f7,6,Vague / Missing Context; Ambiguous References,13,0.300
7b21b22a9ca15b7b0808ff025099afdc,1,Ambiguous References; Format Ambiguity,259,0.483
633f761ffbd343163e309ff02732fb7e,1,Ambiguous References; Format Ambiguity,82,0.272
0eaf9ee8294715035bf5995fd722aa79,1,Ambiguous References; Format Ambiguity,77,0.277
0fd4b824ea5d505ad33ed48818fc1771,1,Ambiguous References,30,0.230
0fd4b824ea5d505ad33ed48818fc1771,2,Vague / Missing Context; Ambiguous References,63,0.319
0fd4b824ea5d505ad33ed48818fc1771,3,Ambiguous References; Format Ambiguity,50,0.251
0fd4b824ea5d505ad33ed48818fc1771,5,Vague / Missing Context; Ambiguous References,19,0.252
0fd4b824ea5d505ad33ed48818fc1771,6,Ambiguous References; Format Ambiguity,46,0.292
0fd4b824ea5d505ad33ed48818fc1771,8,Ambiguous References,4,0.213
c126506e5181804220540f016148442a,1,Ambiguous References; Format Ambiguity,375,0.572
06f953b0754b72568ae3b8691bda2124,1,Ambiguous References; Format Ambiguity,989,0.387
06f953b0754b72568ae3b8691bda2124,2,Ambiguous References; Format Ambiguity,111,0.253
06f953b0754b72568ae3b8691bda2124,3,Vague / Missing Context; Ambiguous References,126,0.300
48f5439eee5c55a5ff05a2f626aa45df,1,Ambiguous References,15,0.208
48f5439eee5c55a5ff05a2f626aa45df,2,Vague / Missing Context,23,0.241
197044e8c3a4b9a899496771cd8305c7,1,Ambiguous References; Format Ambiguity,195,0.329
197044e8c3a4b9a899496771cd8305c7,2,Ambiguous References; Format Ambiguity,61,0.231
197044e8c3a4b9a899496771cd8305c7,3,Vague / Missing Context; Ambiguous References,212,0.329
197044e8c3a4b9a899496771cd8305c7,4,Vague / Missing Context,85,0.246
197044e8c3a4b9a899496771cd8305c7,5,Ambiguous References,119,0.288
197044e8c3a4b9a899496771cd8305c7,6,Ambiguous References; Format Ambiguity,204,0.424
197044e8c3a4b9a899496771cd8305c7,7,Ambiguous References; Format Ambiguity,51,0.258
197044e8c3a4b9a899496771cd8305c7,8,Vague / Missing Context; Ambiguous References,146,0.287
b374c48f2b566bd061d3430c4b333d14,1,Ambiguous References; Format Ambiguity,375,0.571
68bbeaa92da611f3dd14f43f8d5a64c1,1,Vague / Missing Context; Ambiguous References,75,0.278
68bbeaa92da611f3dd14f43f8d5a64c1,2,Vague / Missing Context; Ambiguous References,48,0.280
62afb6d2b4993ee9f6e098f2177356a6,1,Ambiguous References; Format Ambiguity,58,0.286
19868ca046f984c62124124c9c24639b,1,Vague / Missing Context; Format Ambiguity,669,0.548
19868ca046f984c62124124c9c24639b,2,Ambiguous References; Format Ambiguity,706,0.309
94712c1c464d1b34f96b7b595ed8e90a,1,Ambiguous References; Format Ambiguity,706,0.245
33157839d4fda135098fa16ed4ae0c49,1,Ambiguous References; Format Ambiguity,42,0.258
33157839d4fda135098fa16ed4ae0c49,2,Ambiguous References; Format Ambiguity,42,0.259
33157839d4fda135098fa16ed4ae0c49,3,Ambiguous References; Format Ambiguity,43,0.258
33157839d4fda135098fa16ed4ae0c49,4,Ambiguous References; Format Ambiguity,42,0.258
33157839d4fda135098fa16ed4ae0c49,5,Ambiguous References,42,0.212
33157839d4fda135098fa16ed4ae0c49,6,Ambiguous References; Format Ambiguity,43,0.331
33157839d4fda135098fa16ed4ae0c49,7,Ambiguous References; Format Ambiguity,44,0.261
4dfb31afd6de73d62475d691c6670304,1,Ambiguous References; Format Ambiguity,26,0.250
fccc584758b55ac4ba87cfbc346f158d,1,Ambiguous References; Format Ambiguity,375,0.571
fccc584758b55ac4ba87cfbc346f158d,2,Ambiguous References; Format Ambiguity,440,0.601
16c60cb0bb020db1cb31b589e56e1144,1,Ambiguous References; Format Ambiguity,440,0.578
18da6808a04898d092f5b943f180ef91,1,Ambiguous References,103,0.257
c03bfad0a5f5b126063506cb1428d54e,1,Ambiguous References; Format Ambiguity,440,0.640
984204f908ecc58181321d88418de61f,1,Vague / Missing Context,28,0.253
984204f908ecc58181321d88418de61f,2,Ambiguous References; Format Ambiguity,45,0.251
984204f908ecc58181321d88418de61f,3,Ambiguous References; Format Ambiguity,41,0.251
984204f908ecc58181321d88418de61f,4,Ambiguous References; Format Ambiguity,50,0.273
984204f908ecc58181321d88418de61f,5,Vague / Missing Context; Ambiguous References; Format Ambiguity; Overloaded Prompt; Unnecessary Repetition; Conflicting Constraints; Bias / Loaded Framing; Formality / Audience Mismatch,314,0.670
984204f908ecc58181321d88418de61f,6,Ambiguous References; Format Ambiguity,205,0.328
984204f908ecc58181321d88418de61f,7,Ambiguous References; Format Ambiguity,51,0.264
984204f908ecc58181321d88418de61f,8,Ambiguous References; Format Ambiguity,119,0.302
984204f908ecc58181321d88418de61f,9,Vague / Missing Context; Ambiguous References,42,0.271
984204f908ecc58181321d88418de61f,10,Ambiguous References,35,0.218
9880b7423930fff8e450610f773339c9,1,Ambiguous References; Format Ambiguity,477,0.607
470c730d3fed3b9e462cfd2232eb0f27,2,Vague / Missing Context; Ambiguous References,59,0.311
87f0a2a0aadc730e475baccedcbf24fc,1,Vague / Missing Context; Ambiguous References,57,0.278
87f0a2a0aadc730e475baccedcbf24fc,2,Vague / Missing Context; Ambiguous References,46,0.282
87f0a2a0aadc730e475baccedcbf24fc,4,Ambiguous References,51,0.233
87f0a2a0aadc730e475baccedcbf24fc,6,Vague / Missing Context,24,0.282
87f0a2a0aadc730e475baccedcbf24fc,7,Ambiguous References,87,0.213
87f0a2a0aadc730e475baccedcbf24fc,8,Ambiguous References,22,0.311
87f0a2a0aadc730e475baccedcbf24fc,9,Vague / Missing Context,22,0.243
87f0a2a0aadc730e475baccedcbf24fc,10,Ambiguous References,56,0.252
87f0a2a0aadc730e475baccedcbf24fc,12,Ambiguous References,41,0.293
87f0a2a0aadc730e475baccedcbf24fc,13,Ambiguous References; Format Ambiguity,64,0.379
87f0a2a0aadc730e475baccedcbf24fc,14,Ambiguous References,58,0.232
87f0a2a0aadc730e475baccedcbf24fc,18,Ambiguous References,25,0.330
87f0a2a0aadc730e475baccedcbf24fc,19,Ambiguous References; Format Ambiguity,52,0.253
87f0a2a0aadc730e475baccedcbf24fc,20,Ambiguous References; Format Ambiguity,55,0.251
87f0a2a0aadc730e475baccedcbf24fc,21,Vague / Missing Context,35,0.238
a34f2b49ae9e2853da0bc324b44fd254,1,Ambiguous References; Format Ambiguity,477,0.635
0b0784576da87ea222e4d8bddbffe92b,1,Vague / Missing Context; Ambiguous References,254,0.465
0b0784576da87ea222e4d8bddbffe92b,2,Vague / Missing Context; Format Ambiguity,382,0.386
b8a5cc82c7a520a51d8c92a68f942844,1,Vague / Missing Context; Ambiguous References,120,0.274
586938350d20710a21da1440306cdd8f,1,Ambiguous References; Format Ambiguity,227,0.344
586938350d20710a21da1440306cdd8f,2,Ambiguous References; Format Ambiguity,235,0.322
586938350d20710a21da1440306cdd8f,3,Ambiguous References; Format Ambiguity,204,0.320
586938350d20710a21da1440306cdd8f,4,Ambiguous References,52,0.213
586938350d20710a21da1440306cdd8f,5,Ambiguous References,71,0.211
586938350d20710a21da1440306cdd8f,6,Vague / Missing Context; Ambiguous References,87,0.286
586938350d20710a21da1440306cdd8f,7,Ambiguous References,87,0.252
7ad7a26ce6b187e407b6c70afa1948b1,1,Ambiguous References; Format Ambiguity,770,0.669
7ad7a26ce6b187e407b6c70afa1948b1,2,Vague / Missing Context; Ambiguous References,7,0.264
7ad7a26ce6b187e407b6c70afa1948b1,3,Ambiguous References; Format Ambiguity,105,0.274
fb7889902e3c695fe9c32367e19a33ca,1,Vague / Missing Context; Ambiguous References,114,0.274
be97e3402e594b188fa5a2b800335154,3,Vague / Missing Context; Ambiguous References,98,0.299
be97e3402e594b188fa5a2b800335154,5,Vague / Missing Context; Ambiguous References,92,0.290
31e57b8ea1ee0f3708a742efcfd520d4,1,Vague / Missing Context; Ambiguous References; Format Ambiguity,44,0.318
31e57b8ea1ee0f3708a742efcfd520d4,2,Ambiguous References; Format Ambiguity,31,0.323
31e57b8ea1ee0f3708a742efcfd520d4,3,Ambiguous References; Format Ambiguity,31,0.327
31e57b8ea1ee0f3708a742efcfd520d4,4,Ambiguous References; Format Ambiguity,39,0.260
31e57b8ea1ee0f3708a742efcfd520d4,5,Ambiguous References; Format Ambiguity,72,0.298
31e57b8ea1ee0f3708a742efcfd520d4,6,Ambiguous References; Format Ambiguity,99,0.338
31e57b8ea1ee0f3708a742efcfd520d4,7,Ambiguous References; Format Ambiguity,40,0.274
c63b3a50ad42a280f11d722f656f7429,1,Vague / Missing Context; Ambiguous References; Format Ambiguity; Overloaded Prompt; Unnecessary Repetition; Conflicting Constraints; Bias / Loaded Framing; Prompt Bloat / Convoluted Prompt,488,0.708
a190e9f0c7a81a8e7cd86e9744926027,1,Ambiguous References; Format Ambiguity,86,0.322
a190e9f0c7a81a8e7cd86e9744926027,2,Ambiguous References; Format Ambiguity,127,0.292
a190e9f0c7a81a8e7cd86e9744926027,3,Ambiguous References; Format Ambiguity,159,0.307
a190e9f0c7a81a8e7cd86e9744926027,4,Vague / Missing Context; Ambiguous References,170,0.280
a190e9f0c7a81a8e7cd86e9744926027,5,Vague / Missing Context; Ambiguous References,188,0.354
a190e9f0c7a81a8e7cd86e9744926027,6,Vague / Missing Context; Ambiguous References,158,0.273
a190e9f0c7a81a8e7cd86e9744926027,7,Vague / Missing Context; Ambiguous References,204,0.386
a190e9f0c7a81a8e7cd86e9744926027,8,Vague / Missing Context; Ambiguous References; Format Ambiguity; Overloaded Prompt; Prompt Bloat / Convoluted Prompt; Unnecessary Repetition; Conflicting Constraints; Bias / Loaded Framing; Formality / Audience Mismatch,214,0.681
a190e9f0c7a81a8e7cd86e9744926027,9,Ambiguous References; Format Ambiguity,186,0.326
a190e9f0c7a81a8e7cd86e9744926027,10,Ambiguous References; Format Ambiguity,142,0.306
a190e9f0c7a81a8e7cd86e9744926027,11,Vague / Missing Context; Ambiguous References,198,0.363
a190e9f0c7a81a8e7cd86e9744926027,12,Vague / Missing Context; Ambiguous References,235,0.297
a190e9f0c7a81a8e7cd86e9744926027,13,Ambiguous References; Format Ambiguity,191,0.323
a190e9f0c7a81a8e7cd86e9744926027,14,Ambiguous References; Format Ambiguity,182,0.383
a190e9f0c7a81a8e7cd86e9744926027,15,Ambiguous References; Format Ambiguity,153,0.345
a190e9f0c7a81a8e7cd86e9744926027,16,Vague / Missing Context; Ambiguous References,189,0.285
a190e9f0c7a81a8e7cd86e9744926027,17,Vague / Missing Context; Ambiguous References,198,0.286
a190e9f0c7a81a8e7cd86e9744926027,18,Ambiguous References; Format Ambiguity,133,0.319
a190e9f0c7a81a8e7cd86e9744926027,19,Ambiguous References; Format Ambiguity,201,0.296
a190e9f0c7a81a8e7cd86e9744926027,20,Ambiguous References; Format Ambiguity,172,0.336
a190e9f0c7a81a8e7cd86e9744926027,21,Ambiguous References; Format Ambiguity,175,0.274
a190e9f0c7a81a8e7cd86e9744926027,22,Vague / Missing Context; Ambiguous References,199,0.286
a190e9f0c7a81a8e7cd86e9744926027,23,Ambiguous References; Format Ambiguity,179,0.380
a190e9f0c7a81a8e7cd86e9744926027,24,Vague / Missing Context; Ambiguous References,164,0.300
a190e9f0c7a81a8e7cd86e9744926027,25,Vague / Missing Context; Ambiguous References,221,0.303
a190e9f0c7a81a8e7cd86e9744926027,26,Vague / Missing Context; Ambiguous References,205,0.286
a190e9f0c7a81a8e7cd86e9744926027,27,Vague / Missing Context; Ambiguous References,228,0.443
a190e9f0c7a81a8e7cd86e9744926027,28,Vague / Missing Context; Ambiguous References,160,0.285
a190e9f0c7a81a8e7cd86e9744926027,29,Vague / Missing Context; Ambiguous References,190,0.286
a190e9f0c7a81a8e7cd86e9744926027,30,Vague / Missing Context; Ambiguous References,231,0.286
a190e9f0c7a81a8e7cd86e9744926027,31,Vague / Missing Context; Ambiguous References,217,0.363
a190e9f0c7a81a8e7cd86e9744926027,32,Vague / Missing Context; Ambiguous References,170,0.279
a190e9f0c7a81a8e7cd86e9744926027,33,Ambiguous References; Format Ambiguity,216,0.441
a190e9f0c7a81a8e7cd86e9744926027,34,Vague / Missing Context; Ambiguous References; Format Ambiguity; Overloaded Prompt; Unnecessary Repetition; Conflicting Constraints; Bias / Loaded Framing; Formality / Audience Mismatch,236,0.667
a190e9f0c7a81a8e7cd86e9744926027,35,Ambiguous References; Format Ambiguity,174,0.329
a190e9f0c7a81a8e7cd86e9744926027,36,Ambiguous References; Format Ambiguity,215,0.304
a190e9f0c7a81a8e7cd86e9744926027,37,Ambiguous References; Format Ambiguity,166,0.352
a190e9f0c7a81a8e7cd86e9744926027,38,Vague / Missing Context; Ambiguous References,248,0.299
a190e9f0c7a81a8e7cd86e9744926027,39,Vague / Missing Context; Ambiguous References,180,0.295
a190e9f0c7a81a8e7cd86e9744926027,40,Vague / Missing Context; Ambiguous References,188,0.286
a190e9f0c7a81a8e7cd86e9744926027,41,Vague / Missing Context; Format Ambiguity,195,0.427
a190e9f0c7a81a8e7cd86e9744926027,42,Vague / Missing Context; Ambiguous References; Format Ambiguity,184,0.337
a190e9f0c7a81a8e7cd86e9744926027,43,Vague / Missing Context; Ambiguous References,182,0.357
a190e9f0c7a81a8e7cd86e9744926027,44,Ambiguous References; Format Ambiguity,203,0.336
a190e9f0c7a81a8e7cd86e9744926027,45,Vague / Missing Context; Ambiguous References,159,0.320
a190e9f0c7a81a8e7cd86e9744926027,46,Ambiguous References; Format Ambiguity,181,0.357
a190e9f0c7a81a8e7cd86e9744926027,47,Ambiguous References; Format Ambiguity,201,0.376
a190e9f0c7a81a8e7cd86e9744926027,48,Vague / Missing Context; Ambiguous References,183,0.295
a190e9f0c7a81a8e7cd86e9744926027,49,Vague / Missing Context; Ambiguous References; Format Ambiguity; Overloaded Prompt; Prompt Bloat / Convoluted Prompt; Unnecessary Repetition; Conflicting Constraints; Bias / Loaded Framing; Formality / Audience Mismatch,204,0.680
a190e9f0c7a81a8e7cd86e9744926027,50,Vague / Missing Context; Ambiguous References,267,0.286
a190e9f0c7a81a8e7cd86e9744926027,51,Ambiguous References; Format Ambiguity,210,0.349
66049985af46f63fd7f3257d23645403,2,Ambiguous References,29,0.223
66049985af46f63fd7f3257d23645403,3,Vague / Missing Context; Ambiguous References,105,0.314
66049985af46f63fd7f3257d23645403,4,Vague / Missing Context; Ambiguous References,106,0.294
6dd2f9365faee8eb1e33086094143d02,1,Vague / Missing Context; Format Ambiguity,630,0.429
6dd2f9365faee8eb1e33086094143d02,2,Ambiguous References; Format Ambiguity,541,0.503
ac02605399b5ff202676ebae26124aea,1,Vague / Missing Context; Ambiguous References,34,0.270
4aa9d8d35d749e9c086e77dc65333d3c,3,Vague / Missing Context; Ambiguous References; Format Ambiguity,116,0.372
a8717cead46fe618bc43a5e354d755d3,1,Vague / Missing Context; Format Ambiguity,97,0.344
a8717cead46fe618bc43a5e354d755d3,2,Vague / Missing Context,15,0.239
a8717cead46fe618bc43a5e354d755d3,3,Ambiguous References; Format Ambiguity,29,0.256
26396b5e7f90fa25407e805fb8c1db1d,1,Ambiguous References; Format Ambiguity,1015,0.683
58843d79629ee31544ae49d31dcb3a17,1,Vague / Missing Context; Format Ambiguity,1000,0.382
58843d79629ee31544ae49d31dcb3a17,4,Vague / Missing Context,35,0.255
58843d79629ee31544ae49d31dcb3a17,5,No Smell,28,0.244
975b5514d3fabc46263edfc81fae5e99,1,Ambiguous References; Format Ambiguity,86,0.323
975b5514d3fabc46263edfc81fae5e99,2,Vague / Missing Context; Ambiguous References,191,0.296
975b5514d3fabc46263edfc81fae5e99,3,Vague / Missing Context; Ambiguous References,184,0.295
975b5514d3fabc46263edfc81fae5e99,4,Vague / Missing Context; Ambiguous References,216,0.304
975b5514d3fabc46263edfc81fae5e99,5,Vague / Missing Context; Ambiguous References,152,0.278
975b5514d3fabc46263edfc81fae5e99,6,Vague / Missing Context; Ambiguous References,173,0.323
975b5514d3fabc46263edfc81fae5e99,7,Vague / Missing Context; Ambiguous References,211,0.298
975b5514d3fabc46263edfc81fae5e99,8,Ambiguous References; Format Ambiguity,176,0.324
975b5514d3fabc46263edfc81fae5e99,9,Vague / Missing Context; Ambiguous References,207,0.301
975b5514d3fabc46263edfc81fae5e99,10,Vague / Missing Context; Ambiguous References; Format Ambiguity; Overloaded Prompt; Unnecessary Repetition; Conflicting Constraints; Bias / Loaded Framing; Formality / Audience Mismatch,159,0.661
975b5514d3fabc46263edfc81fae5e99,11,Vague / Missing Context; Ambiguous References,170,0.309
975b5514d3fabc46263edfc81fae5e99,12,Ambiguous References; Format Ambiguity,137,0.286
975b5514d3fabc46263edfc81fae5e99,13,Ambiguous References; Format Ambiguity,160,0.293
975b5514d3fabc46263edfc81fae5e99,14,Ambiguous References; Format Ambiguity,165,0.352
975b5514d3fabc46263edfc81fae5e99,15,Ambiguous References; Format Ambiguity,163,0.328
975b5514d3fabc46263edfc81fae5e99,16,Vague / Missing Context; Ambiguous References,179,0.280
975b5514d3fabc46263edfc81fae5e99,17,Vague / Missing Context; Ambiguous References,212,0.321
975b5514d3fabc46263edfc81fae5e99,18,Vague / Missing Context; Ambiguous References,151,0.286
975b5514d3fabc46263edfc81fae5e99,19,Vague / Missing Context; Ambiguous References,218,0.286
975b5514d3fabc46263edfc81fae5e99,20,Ambiguous References; Format Ambiguity,143,0.323
975b5514d3fabc46263edfc81fae5e99,21,Ambiguous References; Format Ambiguity,221,0.303
975b5514d3fabc46263edfc81fae5e99,22,Ambiguous References; Format Ambiguity,236,0.453
975b5514d3fabc46263edfc81fae5e99,23,Ambiguous References; Format Ambiguity,193,0.470
975b5514d3fabc46263edfc81fae5e99,24,Ambiguous References; Format Ambiguity,156,0.295
975b5514d3fabc46263edfc81fae5e99,25,Ambiguous References; Format Ambiguity,161,0.411
975b5514d3fabc46263edfc81fae5e99,26,Ambiguous References; Format Ambiguity,142,0.273
975b5514d3fabc46263edfc81fae5e99,27,Vague / Missing Context; Format Ambiguity,162,0.339
975b5514d3fabc46263edfc81fae5e99,28,Ambiguous References; Format Ambiguity,178,0.300
975b5514d3fabc46263edfc81fae5e99,29,Vague / Missing Context; Ambiguous References,163,0.291
975b5514d3fabc46263edfc81fae5e99,30,Ambiguous References; Format Ambiguity,172,0.320
975b5514d3fabc46263edfc81fae5e99,31,Ambiguous References; Format Ambiguity,224,0.369
975b5514d3fabc46263edfc81fae5e99,32,Vague / Missing Context; Ambiguous References,168,0.297
975b5514d3fabc46263edfc81fae5e99,33,Ambiguous References; Format Ambiguity,226,0.383
975b5514d3fabc46263edfc81fae5e99,34,Vague / Missing Context; Format Ambiguity,183,0.349
975b5514d3fabc46263edfc81fae5e99,35,Ambiguous References; Format Ambiguity,122,0.293
975b5514d3fabc46263edfc81fae5e99,36,Vague / Missing Context; Ambiguous References,201,0.279
975b5514d3fabc46263edfc81fae5e99,37,Vague / Missing Context; Ambiguous References,173,0.281
975b5514d3fabc46263edfc81fae5e99,38,Ambiguous References; Format Ambiguity,196,0.377
975b5514d3fabc46263edfc81fae5e99,39,Ambiguous References; Format Ambiguity,221,0.289
975b5514d3fabc46263edfc81fae5e99,40,Vague / Missing Context; Ambiguous References,132,0.288
975b5514d3fabc46263edfc81fae5e99,41,Ambiguous References; Format Ambiguity,183,0.310
975b5514d3fabc46263edfc81fae5e99,42,Vague / Missing Context; Ambiguous References,161,0.290
975b5514d3fabc46263edfc81fae5e99,43,Vague / Missing Context; Ambiguous References,212,0.292
975b5514d3fabc46263edfc81fae5e99,44,Ambiguous References; Format Ambiguity,163,0.366
975b5514d3fabc46263edfc81fae5e99,45,Ambiguous References; Format Ambiguity,208,0.322
975b5514d3fabc46263edfc81fae5e99,46,Ambiguous References; Format Ambiguity,187,0.289
975b5514d3fabc46263edfc81fae5e99,47,Ambiguous References; Format Ambiguity,202,0.355
975b5514d3fabc46263edfc81fae5e99,48,Vague / Missing Context; Ambiguous References,188,0.281
975b5514d3fabc46263edfc81fae5e99,49,Ambiguous References; Format Ambiguity,191,0.369
975b5514d3fabc46263edfc81fae5e99,50,Vague / Missing Context; Ambiguous References,175,0.364
975b5514d3fabc46263edfc81fae5e99,51,Vague / Missing Context; Ambiguous References,128,0.288
a0426a4518d4eb808a840a76ebf42f52,1,Vague / Missing Context; Ambiguous References,13,0.259
560a5fa2fdf7296986f203b3cb19956c,3,Ambiguous References; Format Ambiguity,222,0.298
6625a60a9dc2f09e6446f60102927550,1,Ambiguous References; Format Ambiguity,4000,1.347
3790c72e2cfac5190d33e62114759cd7,1,Ambiguous References; Format Ambiguity,889,0.637
3790c72e2cfac5190d33e62114759cd7,2,Ambiguous References; Format Ambiguity,53,0.259
3790c72e2cfac5190d33e62114759cd7,3,Ambiguous References; Overloaded Prompt; Format Ambiguity; Unnecessary Repetition; Conflicting Constraints; Bias / Loaded Framing,82,0.405
ad47a32eaa43adfe455e36f82f656fb6,1,Ambiguous References; Format Ambiguity,4000,1.079
e3fd1e17606e2ec7ba82489d4dad16f7,2,Ambiguous References; Format Ambiguity,110,0.320
70375d2f66a51bd042b2c558fec1b2e5,1,Vague / Missing Context; Format Ambiguity; Overloaded Prompt; Unnecessary Repetition; Conflicting Constraints; Ambiguous References; Prompt Bloat / Convoluted Prompt; Bias / Loaded Framing,1150,1.186
3db000c23b9db1b2499cd11171e7e714,1,Ambiguous References; Format Ambiguity,942,0.756
3db000c23b9db1b2499cd11171e7e714,2,Ambiguous References; Format Ambiguity,84,0.298
3db000c23b9db1b2499cd11171e7e714,3,No Smell,66,0.224
3db000c23b9db1b2499cd11171e7e714,4,Ambiguous References; Format Ambiguity,106,0.314
3db000c23b9db1b2499cd11171e7e714,5,Ambiguous References; Format Ambiguity,61,0.287
6f9a72c3ce6b73144b04bb165dc35fd7,2,Ambiguous References; Format Ambiguity,42,0.285
6f9a72c3ce6b73144b04bb165dc35fd7,4,Vague / Missing Context,30,0.244
6f9a72c3ce6b73144b04bb165dc35fd7,9,Ambiguous References,134,0.299
6f9a72c3ce6b73144b04bb165dc35fd7,10,Ambiguous References,14,0.290
6f9a72c3ce6b73144b04bb165dc35fd7,11,Ambiguous References,11,0.308
6f9a72c3ce6b73144b04bb165dc35fd7,13,Ambiguous References,12,0.301
6f9a72c3ce6b73144b04bb165dc35fd7,15,Ambiguous References,20,0.571
bf6c46774e9f5803e34ade907e6f7f2d,1,Ambiguous References; Format Ambiguity,66,0.325
bf6c46774e9f5803e34ade907e6f7f2d,2,Ambiguous References,73,0.211
bf6c46774e9f5803e34ade907e6f7f2d,3,Ambiguous References,104,0.213
bf6c46774e9f5803e34ade907e6f7f2d,4,Ambiguous References; Format Ambiguity,62,0.285
bf6c46774e9f5803e34ade907e6f7f2d,5,Ambiguous References; Vague / Missing Context,33,0.236
bf6c46774e9f5803e34ade907e6f7f2d,6,Ambiguous References,19,0.222
2403dd7f4bd56170d9f393895a437a9d,1,Vague / Missing Context; Format Ambiguity,1201,0.765
51c2fc23f7b007c92ef459e8f133865d,1,Vague / Missing Context; Format Ambiguity,308,0.315
a2064bb0d9762ecbb0c706e38a1d69c3,1,Ambiguous References; Format Ambiguity,49,0.352
558449367e5487327f21430ee60053f4,1,Ambiguous References; Format Ambiguity,958,0.707
a64ffe0175d19ce41137f6e04c3c89f1,1,Ambiguous References; Format Ambiguity,2934,0.896
2d2cb5222f9d8561712bde562de9ae8d,1,Vague / Missing Context; Ambiguous References,22,0.246
109c782e3b95ef0bf8bd71589f9627a2,1,Vague / Missing Context,8,0.186
109c782e3b95ef0bf8bd71589f9627a2,2,Ambiguous References; Format Ambiguity,39,0.266
109c782e3b95ef0bf8bd71589f9627a2,3,Ambiguous References; Format Ambiguity,48,0.240
109c782e3b95ef0bf8bd71589f9627a2,4,Ambiguous References; Format Ambiguity,38,0.264
21a97dad3892e888a2cb7df2306c4299,1,Ambiguous References; Format Ambiguity,938,0.711
cb2276e19ebed5e0fe08237efd1a7e83,1,Ambiguous References; Format Ambiguity,4000,0.828
6a8d205bb8cd67798477c7341f480ce1,1,Vague / Missing Context; Ambiguous References,40,0.262
ab89209b21156276892eaf7ad587b038,1,Ambiguous References; Format Ambiguity,2144,0.753
ab89209b21156276892eaf7ad587b038,2,Ambiguous References; Format Ambiguity,65,0.293
ab89209b21156276892eaf7ad587b038,3,Ambiguous References; Overloaded Prompt; Format Ambiguity; Unnecessary Repetition; Conflicting Constraints; Bias / Loaded Framing; Vague / Missing Context,57,0.596
ab89209b21156276892eaf7ad587b038,4,Vague / Missing Context; Ambiguous References,208,0.288
ab89209b21156276892eaf7ad587b038,5,Ambiguous References; Format Ambiguity,178,0.286
9c21ac833061af5a7b6ac9f588b524b1,1,Ambiguous References; Format Ambiguity,35,0.311
1272b7c7967a89623847bbe29c384a2f,1,Ambiguous References; Format Ambiguity,50,0.552
1272b7c7967a89623847bbe29c384a2f,2,Ambiguous References; Format Ambiguity,98,0.639
1272b7c7967a89623847bbe29c384a2f,4,Ambiguous References; Format Ambiguity,72,0.365
1272b7c7967a89623847bbe29c384a2f,5,Ambiguous References; Format Ambiguity,51,0.392
1272b7c7967a89623847bbe29c384a2f,6,Ambiguous References; Format Ambiguity,51,0.264
1272b7c7967a89623847bbe29c384a2f,7,Ambiguous References; Format Ambiguity,53,0.312
7ee7bf7767db3f8e8b6beb24dc341302,1,Ambiguous References; Format Ambiguity,937,0.679
76618c1317ef84c119dda911cd8e137a,1,Ambiguous References; Format Ambiguity,41,0.632
76618c1317ef84c119dda911cd8e137a,2,Ambiguous References; Format Ambiguity,74,0.484
01555df2d90627c79467a2b119132a61,1,Ambiguous References; Format Ambiguity,972,0.680
62cad8882570749ff2e65a73c01edd4b,1,Ambiguous References; Format Ambiguity,38,0.259
62cad8882570749ff2e65a73c01edd4b,3,Ambiguous References; Format Ambiguity,61,0.285
62cad8882570749ff2e65a73c01edd4b,4,Ambiguous References; Format Ambiguity,113,0.252
62cad8882570749ff2e65a73c01edd4b,5,Vague / Missing Context; Ambiguous References,122,0.333
62cad8882570749ff2e65a73c01edd4b,6,Vague / Missing Context; Ambiguous References,235,0.343
84405689229d1e49133984ac5d57ebfc,1,Vague / Missing Context; Format Ambiguity,21,0.715
84405689229d1e49133984ac5d57ebfc,2,Vague / Missing Context; Ambiguous References; Format Ambiguity; Overloaded Prompt; Prompt Bloat / Convoluted Prompt,32,0.405
84405689229d1e49133984ac5d57ebfc,3,Vague / Missing Context; Format Ambiguity,17,0.247
b08841f21a10be74161967ab54a74e76,1,Ambiguous References; Format Ambiguity,66,0.398
b08841f21a10be74161967ab54a74e76,2,Ambiguous References; Format Ambiguity,90,0.360
aeb3e747123ef87c5e2e545dfc57fa77,1,Ambiguous References; Format Ambiguity; Overloaded Prompt; Prompt Bloat / Convoluted Prompt,586,1.053
d28aee5ced3ed7392aa540b0a1744415,1,Vague / Missing Context; Ambiguous References; Format Ambiguity; Overloaded Prompt; Unnecessary Repetition; Conflicting Constraints; Irrelevant / Excessive Persona; Bias / Loaded Framing; Formality / Audience Mismatch,991,1.115
eae0dac2aba8dce8ff0ab839c7d7a85c,1,Ambiguous References; Format Ambiguity; Overloaded Prompt; Prompt Bloat / Convoluted Prompt,586,1.054
55b0ff0918331bdde0b71ff0299fcd38,1,Vague / Missing Context; Ambiguous References,43,0.304
55b0ff0918331bdde0b71ff0299fcd38,2,Vague / Missing Context; Ambiguous References,79,0.353
8f9202c145082488be737dde946b0ce9,1,Ambiguous References; Format Ambiguity,969,0.705
8f9202c145082488be737dde946b0ce9,2,Vague / Missing Context; Ambiguous References; Format Ambiguity; Overloaded Prompt; Unnecessary Repetition; Conflicting Constraints; Bias / Loaded Framing; Formality / Audience Mismatch,70,0.646
9c181dda3adae4b87fbf6dc0012d7965,1,Ambiguous References; Format Ambiguity,593,0.631
39d9e2a7f72d882684878f5b7d003d40,1,Ambiguous References,58,0.259
acac80086fef9eefa9e98cace091c636,1,Ambiguous References; Overloaded Prompt; Unnecessary Repetition; Conflicting Constraints; Bias / Loaded Framing; Formality / Audience Mismatch; Irrelevant / Excessive Persona,4000,1.660
47b805cc2f745ec55347bfa7a7eef402,1,Ambiguous References; Format Ambiguity,600,0.468
8cb6a11eee3c8204625dff44c5eeb673,1,Ambiguous References; Format Ambiguity,226,0.323
8cb6a11eee3c8204625dff44c5eeb673,2,Ambiguous References; Format Ambiguity,44,0.260
8cb6a11eee3c8204625dff44c5eeb673,3,Ambiguous References; Format Ambiguity,316,0.391
8cb6a11eee3c8204625dff44c5eeb673,4,Vague / Missing Context; Ambiguous References; Format Ambiguity; Overloaded Prompt; Unnecessary Repetition; Conflicting Constraints; Bias / Loaded Framing; Formality / Audience Mismatch,173,0.643
8cb6a11eee3c8204625dff44c5eeb673,5,Ambiguous References; Format Ambiguity,51,0.251
6d3020e5c37efaf2eff34a937c0d91eb,1,Vague / Missing Context; Ambiguous References,42,0.298
6d3020e5c37efaf2eff34a937c0d91eb,2,Vague / Missing Context; Ambiguous References,90,0.270
6d3020e5c37efaf2eff34a937c0d91eb,3,Vague / Missing Context; Ambiguous References,37,0.316
6d3020e5c37efaf2eff34a937c0d91eb,4,Vague / Missing Context; Format Ambiguity,53,0.323
6d3020e5c37efaf2eff34a937c0d91eb,5,Vague / Missing Context; Ambiguous References,85,0.311
6d3020e5c37efaf2eff34a937c0d91eb,6,Vague / Missing Context; Ambiguous References; Format Ambiguity; Overloaded Prompt; Unnecessary Repetition; Conflicting Constraints; Bias / Loaded Framing; Formality / Audience Mismatch,57,0.654
6d3020e5c37efaf2eff34a937c0d91eb,7,Vague / Missing Context; Ambiguous References,51,0.310
0240a1387b5ae62c216e986dcfb92f0f,1,Vague / Missing Context; Ambiguous References,61,0.297
0240a1387b5ae62c216e986dcfb92f0f,2,Ambiguous References; Format Ambiguity,89,0.273
0240a1387b5ae62c216e986dcfb92f0f,3,Vague / Missing Context; Ambiguous References; Format Ambiguity; Overloaded Prompt; Unnecessary Repetition; Conflicting Constraints; Bias / Loaded Framing; Formality / Audience Mismatch,53,0.589
f4143fe9b6f15e446c3f86c42b6d6f7c,1,Ambiguous References; Format Ambiguity,58,0.344
f4143fe9b6f15e446c3f86c42b6d6f7c,2,Ambiguous References; Format Ambiguity,277,0.515
94a14e976bb0e7f37dab2de5bc04ee5b,1,Ambiguous References; Format Ambiguity,577,0.437
73dc0ff614e73085d61838878970b49e,1,Ambiguous References; Format Ambiguity,94,0.260
73dc0ff614e73085d61838878970b49e,2,Vague / Missing Context; Ambiguous References,83,0.352
73dc0ff614e73085d61838878970b49e,3,Ambiguous References; Format Ambiguity,71,0.271
73dc0ff614e73085d61838878970b49e,4,Ambiguous References,42,0.231
628646460b4b3d89e6a8aec2f2ff49ac,1,Vague / Missing Context; Format Ambiguity,48,0.344
6d8a36b53daabe74c97be215d31f5477,1,Vague / Missing Context; Ambiguous References; Format Ambiguity; Overloaded Prompt; Unnecessary Repetition; Conflicting Constraints; Bias / Loaded Framing; Formality / Audience Mismatch,63,0.612
6d8a36b53daabe74c97be215d31f5477,2,Ambiguous References; Format Ambiguity,67,0.311
8be5951e57e52ae3ffa6fb262334a734,1,Ambiguous References; Format Ambiguity,906,0.630
bb397e631217dd7893b534a6a0f25fa7,1,Vague / Missing Context; Ambiguous References,90,0.340
bb397e631217dd7893b534a6a0f25fa7,2,Vague / Missing Context; Ambiguous References,110,0.280
bb397e631217dd7893b534a6a0f25fa7,3,Vague / Missing Context; Ambiguous References,155,0.278
bb397e631217dd7893b534a6a0f25fa7,4,Vague / Missing Context; Ambiguous References,146,0.279
bb397e631217dd7893b534a6a0f25fa7,5,No Smell,26,0.261
bb397e631217dd7893b534a6a0f25fa7,6,Vague / Missing Context,97,0.247
0b274cd130141615c01eaea9f45ea913,1,Ambiguous References; Format Ambiguity,378,0.426
b75696e3a470963aeb0bcd3bbcd0d401,1,Ambiguous References; Format Ambiguity,4000,0.789
1662fe7f93b187a68f39b19de29e858c,1,Ambiguous References; Format Ambiguity,158,0.396
1662fe7f93b187a68f39b19de29e858c,2,Ambiguous References; Format Ambiguity,145,0.590
1662fe7f93b187a68f39b19de29e858c,3,Vague / Missing Context; Ambiguous References,158,0.337
1662fe7f93b187a68f39b19de29e858c,4,Vague / Missing Context; Ambiguous References,141,0.291
1662fe7f93b187a68f39b19de29e858c,5,Ambiguous References; Format Ambiguity,129,0.376
873698205c219ecedd85c4d76f22ca28,1,Ambiguous References,68,0.549
c2c135244b13fba516d1119ac67d2f9c,1,Ambiguous References; Format Ambiguity,912,0.658
062b61d42fc2d4b64d0b05aea0f7fe17,1,Vague / Missing Context; Ambiguous References,204,0.336
f200f34f5695a10814f0f1551bf2f792,6,Ambiguous References,161,0.425
7d425a65b7d4f21a51eaa47b038974e8,1,Ambiguous References; Format Ambiguity,519,0.685
2a62b22b555ae1079e139aea36110322,1,Ambiguous References; Format Ambiguity,927,0.694
d090b26d07c2c66b2085cf6852c0320e,1,Vague / Missing Context; Ambiguous References; Format Ambiguity; Overloaded Prompt; Unnecessary Repetition; Conflicting Constraints; Bias / Loaded Framing; Formality / Audience Mismatch,68,0.611
d090b26d07c2c66b2085cf6852c0320e,2,Ambiguous References; Format Ambiguity,65,0.312
d090b26d07c2c66b2085cf6852c0320e,3,Ambiguous References,67,0.211
d090b26d07c2c66b2085cf6852c0320e,4,Vague / Missing Context; Ambiguous References,7,0.255
f7029c7359c984e73016bae6bb03d1fa,1,Ambiguous References; Format Ambiguity,947,0.597
523badaa18fd5dd6fa09b435124fd912,1,Ambiguous References; Format Ambiguity,4000,0.754
9f6871b17ff28d10c3ff4d8e82d86d5b,1,Ambiguous References; Format Ambiguity,58,0.271
9f6871b17ff28d10c3ff4d8e82d86d5b,2,Vague / Missing Context; Ambiguous References,258,0.341
9f6871b17ff28d10c3ff4d8e82d86d5b,3,Vague / Missing Context; Ambiguous References,245,0.341
9f6871b17ff28d10c3ff4d8e82d86d5b,4,Vague / Missing Context; Ambiguous References,362,0.349
9f6871b17ff28d10c3ff4d8e82d86d5b,5,Ambiguous References; Format Ambiguity,320,0.296
9f6871b17ff28d10c3ff4d8e82d86d5b,6,Ambiguous References; Format Ambiguity,276,0.284
2bedcd0c0621450ff0550ced9057b937,1,Vague / Missing Context; Ambiguous References,62,0.271
2bedcd0c0621450ff0550ced9057b937,2,Vague / Missing Context; Ambiguous References,124,0.279
2bedcd0c0621450ff0550ced9057b937,3,Vague / Missing Context; Ambiguous References,117,0.279
2bedcd0c0621450ff0550ced9057b937,4,Vague / Missing Context; Format Ambiguity,299,0.308
2bedcd0c0621450ff0550ced9057b937,5,Vague / Missing Context; Ambiguous References,151,0.358
2bedcd0c0621450ff0550ced9057b937,6,Vague / Missing Context; Ambiguous References; Format Ambiguity; Overloaded Prompt; Unnecessary Repetition; Conflicting Constraints; Bias / Loaded Framing,185,0.568
2bedcd0c0621450ff0550ced9057b937,7,Vague / Missing Context; Ambiguous References,120,0.347
2bedcd0c0621450ff0550ced9057b937,8,Ambiguous References; Format Ambiguity,151,0.334
58177980a80af5ad0fcac3cbf13a23d1,1,Ambiguous References; Format Ambiguity,105,0.380
2c82242fd7ba61184aa72fee45e8516d,1,Ambiguous References; Format Ambiguity,66,0.311
2c82242fd7ba61184aa72fee45e8516d,2,Ambiguous References; Format Ambiguity,65,0.324
2c82242fd7ba61184aa72fee45e8516d,3,Ambiguous References; Format Ambiguity,52,0.400
413af815d3e4e270af2c7c868f38c5c3,1,Ambiguous References; Format Ambiguity,922,0.575
d6185792d7ddd4799f5afb3f6ca45320,2,Vague / Missing Context,13,0.231
d6185792d7ddd4799f5afb3f6ca45320,3,Ambiguous References,21,0.181
d4867cb58ae33a8559b24ef2c489ab89,1,Ambiguous References; Format Ambiguity,74,0.304
d4867cb58ae33a8559b24ef2c489ab89,2,Ambiguous References; Format Ambiguity,90,0.345
ebbfa07312eaa43ee8620ece6679a86e,1,Ambiguous References; Format Ambiguity,936,0.632
397c463316b87ce5fcd96acaf4bf60c6,3,Ambiguous References,4,0.295
7fcf4d9ed4eca17cc983b35755e095c5,1,Ambiguous References; Format Ambiguity,944,0.612
5f5f75c66690f97c44ebd7c50f68dde0,1,Vague / Missing Context; Ambiguous References,44,0.291
c129eb24715936196d8ab82c8975bca4,1,Vague / Missing Context,15,0.211
908520aa2c8ebca81638f85feeec08ba,1,Ambiguous References; Format Ambiguity,278,0.388
a2c7dc6e4a2aa9d033c7b863d0c639bb,1,Vague / Missing Context; Ambiguous References,83,0.339
a2c7dc6e4a2aa9d033c7b863d0c639bb,2,Ambiguous References; Format Ambiguity,41,0.313
3a8819cb73f1fa2e74dd5e30a276f469,1,Vague / Missing Context; Ambiguous References,66,0.278
5e33a0510e530a8a6b6c219e4b3c4d42,1,Ambiguous References; Format Ambiguity,885,0.407
514016e94a150957b77456993dbb05d7,1,Vague / Missing Context; Ambiguous References; Format Ambiguity; Overloaded Prompt; Unnecessary Repetition; Conflicting Constraints; Bias / Loaded Framing; Formality / Audience Mismatch,8,0.596
514016e94a150957b77456993dbb05d7,2,Vague / Missing Context; Ambiguous References,159,0.284
3f5c3e2fc4cbada42702827785d5e683,1,Ambiguous References; Format Ambiguity,892,0.459
cc4e8d783fe04b292991963a3d9d88f0,1,Vague / Missing Context; Ambiguous References,53,0.284
cc4e8d783fe04b292991963a3d9d88f0,2,Vague / Missing Context; Ambiguous References,60,0.293
928bdc6f650411bff2dfb600cee76763,1,Vague / Missing Context; Ambiguous References,88,0.345
65e36dd34f962f8fdf78d98e5ce12a4d,1,Ambiguous References; Format Ambiguity,921,0.477
508ccc3cf3b5de475a5ec81d72678f6d,1,Ambiguous References; Format Ambiguity,4000,0.809
8cb5913e9e6f03faf5d49666718a6de4,1,Ambiguous References; Format Ambiguity,206,0.349
13534624512f98a0fa1bda7226b72a4e,1,Ambiguous References; Format Ambiguity,58,0.266
13534624512f98a0fa1bda7226b72a4e,2,Ambiguous References; Format Ambiguity,59,0.284
6b77db34d6b2627de633a5a8d09cbf0f,1,Ambiguous References; Format Ambiguity,946,0.534
d64c3d025acf1e4ce3a0031b301b24ac,2,Ambiguous References; Format Ambiguity,38,0.263
d64c3d025acf1e4ce3a0031b301b24ac,3,Vague / Missing Context; Ambiguous References,100,0.279
d64c3d025acf1e4ce3a0031b301b24ac,4,Vague / Missing Context; Ambiguous References,47,0.277
d64c3d025acf1e4ce3a0031b301b24ac,5,Vague / Missing Context; Ambiguous References,47,0.257
d64c3d025acf1e4ce3a0031b301b24ac,6,Vague / Missing Context; Ambiguous References,51,0.280
d64c3d025acf1e4ce3a0031b301b24ac,7,Vague / Missing Context; Ambiguous References; Format Ambiguity,67,0.319
d64c3d025acf1e4ce3a0031b301b24ac,8,Vague / Missing Context; Ambiguous References,124,0.380
d64c3d025acf1e4ce3a0031b301b24ac,9,Vague / Missing Context; Ambiguous References; Format Ambiguity,141,0.341
d64c3d025acf1e4ce3a0031b301b24ac,10,Ambiguous References; Format Ambiguity,47,0.265
76d8a271c2f3fdc1e480ff1acb3b0200,1,Vague / Missing Context; Ambiguous References,284,0.304
6ceda9683c78b527acbedb46822bb45b,1,Ambiguous References; Format Ambiguity,969,0.530
f921a991037f821630d0fdcf73275aac,1,Ambiguous References; Format Ambiguity,969,0.436
4eeb9c686fd99cd0b7f60cd97faad1ee,2,Vague / Missing Context; Ambiguous References,76,0.318
4eeb9c686fd99cd0b7f60cd97faad1ee,3,Ambiguous References; Format Ambiguity,87,0.273
5a06b7505115eff4a232182e83023370,1,Ambiguous References; Format Ambiguity,4000,0.887
16e176a94e4e594eb4460cd5c1d70c0b,1,Ambiguous References; Format Ambiguity,4000,0.482
9732cd400e6d98ab4d58de452b61c45f,1,Ambiguous References; Format Ambiguity,983,0.554
63e8f7d0c6e1e6b2b1968ff87947bde1,1,Ambiguous References; Format Ambiguity,86,0.322
e9f7b5c4e592105f001b69d585085967,3,Ambiguous References; Format Ambiguity,1163,0.686
52d97b1f5ed3bc6f888e18362cc87d40,1,Ambiguous References; Format Ambiguity,981,0.532
284df930277f381bb74de03bcbf1fdfb,1,Ambiguous References; Format Ambiguity,988,0.546
9468d59c30d041d0e5c45c309937b5a9,1,No Smell,26,0.216
9468d59c30d041d0e5c45c309937b5a9,2,Vague / Missing Context; Ambiguous References; Format Ambiguity; Overloaded Prompt; Prompt Bloat / Convoluted Prompt; Unnecessary Repetition; Conflicting Constraints; Bias / Loaded Framing; Formality / Audience Mismatch,129,0.664
b8ad02f44236ba0a76880e4c7cabd4e4,1,Ambiguous References; Format Ambiguity,994,0.505
a7982a98a8cbbb555af7af2f95d5a2d3,1,Ambiguous References; Format Ambiguity,994,0.529
e53313b2efca6181433e1d489e0f3421,6,Ambiguous References; Vague / Missing Context,19,0.298
e53313b2efca6181433e1d489e0f3421,9,Ambiguous References; Format Ambiguity,65,0.439
04e509c9c721ed5bf2a8df8666e80958,1,Ambiguous References; Format Ambiguity,453,0.293
7094d5fd09ae3f5c5f91a7502501a664,1,Ambiguous References,36,0.214
6340a8f365261bbbd627d9dd21016dd3,1,Ambiguous References; Format Ambiguity,1022,0.557
f87d113610216b3bd96e0548394d5bb1,1,Vague / Missing Context; Ambiguous References,64,0.274
f87d113610216b3bd96e0548394d5bb1,2,Vague / Missing Context; Ambiguous References,117,0.281
f87d113610216b3bd96e0548394d5bb1,3,Vague / Missing Context; Format Ambiguity,299,0.308
f87d113610216b3bd96e0548394d5bb1,4,Vague / Missing Context; Ambiguous References,157,0.312
f87d113610216b3bd96e0548394d5bb1,5,Vague / Missing Context; Ambiguous References; Format Ambiguity; Overloaded Prompt; Unnecessary Repetition; Conflicting Constraints; Bias / Loaded Framing,184,0.618
f87d113610216b3bd96e0548394d5bb1,6,Vague / Missing Context; Ambiguous References,120,0.347
f87d113610216b3bd96e0548394d5bb1,7,Ambiguous References; Format Ambiguity,149,0.333
f87d113610216b3bd96e0548394d5bb1,8,Ambiguous References; Format Ambiguity,277,0.356
d7a61f480a9f8ac9c832f7b3437dbfee,1,Ambiguous References,37,0.214
d7a61f480a9f8ac9c832f7b3437dbfee,2,Vague / Missing Context; Ambiguous References; Format Ambiguity,463,0.347
229b8f3ff936b418bd74c055858ddf80,1,Ambiguous References; Format Ambiguity,1027,0.548
0045a8e2db254a536a5954906f627e7a,1,Vague / Missing Context; Ambiguous References,7,0.250
6c34d0b3bd2d58fb4769b5f14d607ddc,1,Ambiguous References; Format Ambiguity,149,0.379
034df59038b37f4a33178b1c5138545b,1,Ambiguous References; Format Ambiguity,1016,0.568
84b060ee66c652cb0fc1f446063b8c1a,2,Ambiguous References; Overloaded Prompt,62,0.251
5af2d5663b1630f0dc772b65bf29344d,1,Ambiguous References,3149,1.060
5af2d5663b1630f0dc772b65bf29344d,2,Vague / Missing Context; Ambiguous References; Format Ambiguity; Overloaded Prompt; Unnecessary Repetition; Conflicting Constraints; Irrelevant / Excessive Persona; Bias / Loaded Framing; Formality / Audience Mismatch,3221,1.543
5d842ad95b9058de4600947066260a15,1,Ambiguous References; Format Ambiguity,9,0.244
a19fab3c96b82eff43c9ce2e0bda12bb,3,Ambiguous References; Format Ambiguity,70,0.348
a19fab3c96b82eff43c9ce2e0bda12bb,4,Ambiguous References; Format Ambiguity,42,0.324
792b462fb8612e6bc719a5231138a420,1,No Smell,242,0.364
792b462fb8612e6bc719a5231138a420,2,Vague / Missing Context; Format Ambiguity,243,0.283
792b462fb8612e6bc719a5231138a420,3,Vague / Missing Context; Format Ambiguity,246,0.283
792b462fb8612e6bc719a5231138a420,4,Vague / Missing Context; Format Ambiguity,287,0.311
792b462fb8612e6bc719a5231138a420,5,Vague / Missing Context; Format Ambiguity,286,0.633
792b462fb8612e6bc719a5231138a420,6,Vague / Missing Context; Format Ambiguity,274,0.439
7fd020e5269edc057b3a8cac8342220e,1,Ambiguous References; Format Ambiguity,42,0.279
7fd020e5269edc057b3a8cac8342220e,2,Ambiguous References; Format Ambiguity,28,0.231
f4bc17f9d6b3efc46fdf44a3b26a3b85,1,Ambiguous References; Format Ambiguity,86,0.323
f4bc17f9d6b3efc46fdf44a3b26a3b85,2,Ambiguous References; Format Ambiguity,216,0.442
f4bc17f9d6b3efc46fdf44a3b26a3b85,3,Vague / Missing Context; Ambiguous References; Format Ambiguity; Overloaded Prompt; Unnecessary Repetition; Conflicting Constraints; Bias / Loaded Framing; Formality / Audience Mismatch,236,0.668
f4bc17f9d6b3efc46fdf44a3b26a3b85,4,Ambiguous References; Format Ambiguity,174,0.330
f4bc17f9d6b3efc46fdf44a3b26a3b85,5,Ambiguous References; Format Ambiguity,215,0.303
f4bc17f9d6b3efc46fdf44a3b26a3b85,6,Ambiguous References; Format Ambiguity,166,0.354
f4bc17f9d6b3efc46fdf44a3b26a3b85,7,Vague / Missing Context; Ambiguous References,248,0.299
f4bc17f9d6b3efc46fdf44a3b26a3b85,8,Vague / Missing Context; Ambiguous References,180,0.296
f4bc17f9d6b3efc46fdf44a3b26a3b85,9,Vague / Missing Context; Ambiguous References,188,0.287
f4bc17f9d6b3efc46fdf44a3b26a3b85,10,Vague / Missing Context; Format Ambiguity,195,0.428
f4bc17f9d6b3efc46fdf44a3b26a3b85,11,Vague / Missing Context; Ambiguous References; Format Ambiguity,184,0.338
3737a75f890ad0f5866cf11084567d01,1,Vague / Missing Context; Ambiguous References,118,0.267
aca33452f51c77145809eb6d20a7513b,1,Ambiguous References; Format Ambiguity,1036,0.481
cc573147a25607cb8db29fc875d17bbb,2,Vague / Missing Context; Ambiguous References,45,0.265
cc573147a25607cb8db29fc875d17bbb,3,Ambiguous References; Format Ambiguity,32,0.257
cc573147a25607cb8db29fc875d17bbb,4,Ambiguous References; Format Ambiguity,56,0.292
cc573147a25607cb8db29fc875d17bbb,5,Ambiguous References; Format Ambiguity,99,0.331
cc573147a25607cb8db29fc875d17bbb,6,Ambiguous References; Format Ambiguity,46,0.285
cc573147a25607cb8db29fc875d17bbb,7,Ambiguous References; Format Ambiguity,54,0.262
cc573147a25607cb8db29fc875d17bbb,8,Ambiguous References; Format Ambiguity,104,0.253
cc573147a25607cb8db29fc875d17bbb,9,Ambiguous References,46,0.264
92316b4eb271130622463812f6d2e992,1,Vague / Missing Context; Ambiguous References,287,0.391
92316b4eb271130622463812f6d2e992,2,Ambiguous References,76,0.325
92316b4eb271130622463812f6d2e992,4,Ambiguous References,164,0.301
92316b4eb271130622463812f6d2e992,5,Format Ambiguity; Ambiguous References,413,0.536
92316b4eb271130622463812f6d2e992,6,Vague / Missing Context; Format Ambiguity,91,0.439
92316b4eb271130622463812f6d2e992,7,Vague / Missing Context; Format Ambiguity; Overloaded Prompt,355,0.481
85fec89d9227f25c836787b385ffe116,1,Ambiguous References; Format Ambiguity,56,0.266
85fec89d9227f25c836787b385ffe116,2,Ambiguous References; Format Ambiguity,32,0.243
85fec89d9227f25c836787b385ffe116,3,Ambiguous References; Overloaded Prompt,29,0.248
85fec89d9227f25c836787b385ffe116,4,Ambiguous References; Format Ambiguity,47,0.299
85fec89d9227f25c836787b385ffe116,5,Ambiguous References; Overloaded Prompt; Format Ambiguity; Unnecessary Repetition; Conflicting Constraints; Bias / Loaded Framing; Vague / Missing Context,7,0.508
85fec89d9227f25c836787b385ffe116,6,Ambiguous References; Format Ambiguity,82,0.300
85fec89d9227f25c836787b385ffe116,7,Ambiguous References; Format Ambiguity,30,0.268
85fec89d9227f25c836787b385ffe116,8,Vague / Missing Context; Ambiguous References; Format Ambiguity; Overloaded Prompt; Unnecessary Repetition; Conflicting Constraints; Bias / Loaded Framing; Formality / Audience Mismatch,54,0.620
85fec89d9227f25c836787b385ffe116,9,Vague / Missing Context; Ambiguous References; Format Ambiguity,34,0.539
6186a4ca01c54c5b3a245450222b73ad,1,Ambiguous References; Format Ambiguity,23,0.289
8479222c4f169f14919cada3730eedf5,1,Format Ambiguity,91,0.306
8479222c4f169f14919cada3730eedf5,3,Vague / Missing Context; Ambiguous References,2934,0.881
82157bc0ff6dfbb74cc986df8692326c,1,Ambiguous References; Format Ambiguity,163,0.283
82157bc0ff6dfbb74cc986df8692326c,2,Vague / Missing Context,21,0.251
f49bd6edfdfd5ac948f0f3a8f66791a0,1,Ambiguous References; Format Ambiguity,1066,0.502
1a910e20d5a98a942b1507357e44f912,1,Ambiguous References; Format Ambiguity,59,0.251
22dfdab689cdd0b59869bca5523e02fc,1,Ambiguous References; Format Ambiguity,79,0.271
22dfdab689cdd0b59869bca5523e02fc,2,Vague / Missing Context,50,0.276
22dfdab689cdd0b59869bca5523e02fc,3,Ambiguous References; Format Ambiguity,105,0.334
22dfdab689cdd0b59869bca5523e02fc,4,Ambiguous References; Overloaded Prompt; Format Ambiguity; Unnecessary Repetition; Conflicting Constraints; Bias / Loaded Framing; Vague / Missing Context,44,0.504
464c27107e3c3fb41bde2432c258a494,1,Vague / Missing Context; Format Ambiguity; Overloaded Prompt; Ambiguous References; Conflicting Constraints; Unnecessary Repetition; Bias / Loaded Framing; Formality / Audience Mismatch,1438,1.134
86a82e6c887d02acdeb2ace4808f4b1f,1,Ambiguous References; Format Ambiguity,71,0.258
fdedbb92ffcff641123474f33a4e754c,1,Vague / Missing Context; Ambiguous References; Format Ambiguity; Overloaded Prompt; Unnecessary Repetition; Conflicting Constraints; Bias / Loaded Framing; Formality / Audience Mismatch,186,0.636
fdedbb92ffcff641123474f33a4e754c,2,Ambiguous References; Format Ambiguity,153,0.280
6666a1dcd3ce68a2868f23099d67cb87,1,Ambiguous References; Format Ambiguity,1076,0.764
0036446488c4a387cb3058ca2d6a4c06,1,Ambiguous References; Format Ambiguity,1093,0.700
d5524b895bae75bd449533cf7460fcb4,1,Ambiguous References; Format Ambiguity; Overloaded Prompt; Unnecessary Repetition; Conflicting Constraints; Bias / Loaded Framing; Vague / Missing Context,522,1.057
a48bce6fa69db8606aa57474a049a64d,1,Ambiguous References; Format Ambiguity; Overloaded Prompt; Conflicting Constraints; Unnecessary Repetition; Prompt Bloat / Convoluted Prompt,1135,0.963
e635064dacd7000895ce862191e8de6a,1,Vague / Missing Context; Format Ambiguity,1102,0.791
a171ba9cf569033e0c2fcd0f549a17d0,1,Ambiguous References; Format Ambiguity,843,0.602
a171ba9cf569033e0c2fcd0f549a17d0,3,Ambiguous References; Format Ambiguity,102,0.319
aaa2bc63eda660be7a8f725a8059994a,1,Ambiguous References; Format Ambiguity,445,0.570
6d0cda3dbbd383e8d77b5b5159c07bb3,1,Ambiguous References; Format Ambiguity,148,0.378
c89e3a02af7140c3c149e96ae2102930,2,Ambiguous References; Format Ambiguity,973,0.595
c89e3a02af7140c3c149e96ae2102930,3,Vague / Missing Context; Ambiguous References,130,0.335
b05c488627e935758fb6329c75681086,1,Ambiguous References; Format Ambiguity,148,0.379
6416cba0fdcbf12ba7e5f87d5e973ad6,1,Vague / Missing Context; Ambiguous References,137,0.280
6416cba0fdcbf12ba7e5f87d5e973ad6,2,Ambiguous References; Format Ambiguity,87,0.273
8316943d047c26bf6f8ce3beeefb6e34,1,Ambiguous References; Format Ambiguity,79,0.271
8316943d047c26bf6f8ce3beeefb6e34,2,Ambiguous References,38,0.291
8316943d047c26bf6f8ce3beeefb6e34,3,Ambiguous References; Format Ambiguity,84,0.434
8316943d047c26bf6f8ce3beeefb6e34,4,Ambiguous References; Format Ambiguity,77,0.292
8316943d047c26bf6f8ce3beeefb6e34,5,Ambiguous References; Format Ambiguity,71,0.278
8316943d047c26bf6f8ce3beeefb6e34,6,Ambiguous References,54,0.208
8316943d047c26bf6f8ce3beeefb6e34,7,Ambiguous References; Format Ambiguity,86,0.265
8316943d047c26bf6f8ce3beeefb6e34,8,Ambiguous References; Format Ambiguity,105,0.319
92a037666245d2fbc7b6749dac0dda86,1,Vague / Missing Context; Ambiguous References,119,0.280
0538c8f425b331c193abcfe960dc7215,1,Vague / Missing Context; Format Ambiguity,1112,0.791
074207c15f3ede619b207c5b58105af5,1,Ambiguous References; Format Ambiguity,36,0.255
f31534310e7bb35cd68a3c23f7f68ef3,1,Ambiguous References; Format Ambiguity,1117,0.685
e139463a82ef58d06ff542e012164ff9,1,Ambiguous References; Format Ambiguity,86,0.322
e139463a82ef58d06ff542e012164ff9,2,Vague / Missing Context; Ambiguous References,227,0.295
e139463a82ef58d06ff542e012164ff9,3,Vague / Missing Context; Format Ambiguity,184,0.303
e139463a82ef58d06ff542e012164ff9,4,Ambiguous References; Format Ambiguity,122,0.292
e139463a82ef58d06ff542e012164ff9,5,Vague / Missing Context; Ambiguous References,201,0.280
e139463a82ef58d06ff542e012164ff9,6,Vague / Missing Context; Ambiguous References,173,0.282
e139463a82ef58d06ff542e012164ff9,7,Ambiguous References; Format Ambiguity,196,0.377
e139463a82ef58d06ff542e012164ff9,8,Ambiguous References; Format Ambiguity,223,0.290
e139463a82ef58d06ff542e012164ff9,9,Vague / Missing Context; Ambiguous References,132,0.290
e139463a82ef58d06ff542e012164ff9,10,Ambiguous References; Format Ambiguity,184,0.311
e139463a82ef58d06ff542e012164ff9,11,Vague / Missing Context; Ambiguous References,162,0.357
e139463a82ef58d06ff542e012164ff9,12,Vague / Missing Context; Ambiguous References,212,0.292
e139463a82ef58d06ff542e012164ff9,13,Ambiguous References; Format Ambiguity,163,0.366
e139463a82ef58d06ff542e012164ff9,14,Ambiguous References; Format Ambiguity,208,0.322
e139463a82ef58d06ff542e012164ff9,15,Ambiguous References; Format Ambiguity,187,0.289
e139463a82ef58d06ff542e012164ff9,16,Ambiguous References; Format Ambiguity,202,0.354
e139463a82ef58d06ff542e012164ff9,17,Vague / Missing Context; Ambiguous References,188,0.281
e139463a82ef58d06ff542e012164ff9,18,Ambiguous References; Format Ambiguity,191,0.370
e139463a82ef58d06ff542e012164ff9,19,Vague / Missing Context; Ambiguous References,175,0.364
e139463a82ef58d06ff542e012164ff9,20,Vague / Missing Context; Ambiguous References,129,0.293
e139463a82ef58d06ff542e012164ff9,21,Ambiguous References; Format Ambiguity,155,0.274
e139463a82ef58d06ff542e012164ff9,22,Ambiguous References; Format Ambiguity,200,0.363
e139463a82ef58d06ff542e012164ff9,23,Ambiguous References; Format Ambiguity,187,0.299
e139463a82ef58d06ff542e012164ff9,24,Vague / Missing Context; Ambiguous References; Format Ambiguity; Overloaded Prompt; Prompt Bloat / Convoluted Prompt; Unnecessary Repetition; Conflicting Constraints; Bias / Loaded Framing; Formality / Audience Mismatch,179,0.675
e139463a82ef58d06ff542e012164ff9,25,Ambiguous References; Format Ambiguity,186,0.273
e139463a82ef58d06ff542e012164ff9,26,Ambiguous References; Format Ambiguity,172,0.297
e139463a82ef58d06ff542e012164ff9,27,Ambiguous References; Format Ambiguity,215,0.390
e139463a82ef58d06ff542e012164ff9,28,Ambiguous References; Format Ambiguity,145,0.319
e139463a82ef58d06ff542e012164ff9,29,Vague / Missing Context; Ambiguous References,186,0.297
e139463a82ef58d06ff542e012164ff9,30,Ambiguous References; Format Ambiguity,202,0.353
e139463a82ef58d06ff542e012164ff9,31,Ambiguous References; Format Ambiguity,141,0.273
e139463a82ef58d06ff542e012164ff9,32,Vague / Missing Context; Ambiguous References,173,0.344
e139463a82ef58d06ff542e012164ff9,33,Ambiguous References; Format Ambiguity,209,0.390
e139463a82ef58d06ff542e012164ff9,34,Ambiguous References; Format Ambiguity,149,0.303
e139463a82ef58d06ff542e012164ff9,35,Ambiguous References; Format Ambiguity,161,0.273
e139463a82ef58d06ff542e012164ff9,36,Ambiguous References; Format Ambiguity,201,0.391
e139463a82ef58d06ff542e012164ff9,37,Vague / Missing Context; Ambiguous References; Format Ambiguity,166,0.321
e139463a82ef58d06ff542e012164ff9,38,Ambiguous References; Format Ambiguity,183,0.334
e139463a82ef58d06ff542e012164ff9,39,Vague / Missing Context; Ambiguous References; Format Ambiguity; Overloaded Prompt; Prompt Bloat / Convoluted Prompt; Unnecessary Repetition; Conflicting Constraints; Bias / Loaded Framing; Formality / Audience Mismatch,210,0.686
e139463a82ef58d06ff542e012164ff9,40,Vague / Missing Context; Ambiguous References,203,0.329
e139463a82ef58d06ff542e012164ff9,41,Vague / Missing Context; Ambiguous References,207,0.295
e139463a82ef58d06ff542e012164ff9,42,Ambiguous References; Format Ambiguity,183,0.318
e139463a82ef58d06ff542e012164ff9,43,Ambiguous References; Format Ambiguity,136,0.293
e139463a82ef58d06ff542e012164ff9,44,Ambiguous References; Format Ambiguity,209,0.318
e139463a82ef58d06ff542e012164ff9,45,Ambiguous References; Format Ambiguity,197,0.341
e139463a82ef58d06ff542e012164ff9,46,Ambiguous References; Format Ambiguity,175,0.321
e139463a82ef58d06ff542e012164ff9,47,Ambiguous References; Format Ambiguity,157,0.316
e139463a82ef58d06ff542e012164ff9,48,Ambiguous References; Format Ambiguity,165,0.294
e139463a82ef58d06ff542e012164ff9,49,Vague / Missing Context; Ambiguous References; Format Ambiguity,196,0.320
e139463a82ef58d06ff542e012164ff9,50,Ambiguous References; Format Ambiguity,206,0.363
e139463a82ef58d06ff542e012164ff9,51,Ambiguous References; Format Ambiguity,202,0.436
6d8ef573701ceed7689eb07054cc7a0e,1,Vague / Missing Context; Ambiguous References; Format Ambiguity,199,0.356
6d8ef573701ceed7689eb07054cc7a0e,2,Vague / Missing Context; Ambiguous References; Format Ambiguity,211,0.341
6d8ef573701ceed7689eb07054cc7a0e,3,Vague / Missing Context; Ambiguous References; Format Ambiguity,228,0.341
6d8ef573701ceed7689eb07054cc7a0e,4,Vague / Missing Context; Ambiguous References; Format Ambiguity; Overloaded Prompt; Unnecessary Repetition; Conflicting Constraints; Bias / Loaded Framing; Formality / Audience Mismatch,259,0.675
6d8ef573701ceed7689eb07054cc7a0e,5,Ambiguous References,48,0.226
6d8ef573701ceed7689eb07054cc7a0e,6,Vague / Missing Context; Ambiguous References,59,0.279
6d8ef573701ceed7689eb07054cc7a0e,7,Vague / Missing Context; Ambiguous References,73,0.277
6d8ef573701ceed7689eb07054cc7a0e,8,Vague / Missing Context; Ambiguous References,98,0.276
6d8ef573701ceed7689eb07054cc7a0e,9,Ambiguous References; Overloaded Prompt,109,0.245
6d8ef573701ceed7689eb07054cc7a0e,10,Vague / Missing Context; Ambiguous References,95,0.280
6d8ef573701ceed7689eb07054cc7a0e,11,Vague / Missing Context; Ambiguous References,155,0.446
6d8ef573701ceed7689eb07054cc7a0e,12,Ambiguous References; Format Ambiguity,263,0.547
6d8ef573701ceed7689eb07054cc7a0e,13,Ambiguous References,57,0.224
f633faba3500ff23f3718b6bf6b89322,1,Vague / Missing Context; Ambiguous References,60,0.298
f633faba3500ff23f3718b6bf6b89322,2,Vague / Missing Context,47,0.226
8f1c11c71afc9f494df327bfda4639fb,1,Ambiguous References,57,0.224
1b1edba9534759d5b4e73858e21d30af,1,Ambiguous References; Format Ambiguity,1122,0.696
2ddee9f2f7f8f9c0075395290f731a1b,1,Vague / Missing Context; Format Ambiguity,719,0.364
61e5ed405550ff31ef07e787cc7f506b,1,Vague / Missing Context; Ambiguous References,52,0.259
61e5ed405550ff31ef07e787cc7f506b,3,Ambiguous References,180,0.239
2b468b0f9ed69d8b73bba1e7b168ae4e,1,Ambiguous References,180,0.211
0ca5b86d57437f21e75272e74d1a0b78,1,Vague / Missing Context; Format Ambiguity,154,0.347
707e47ce33fcefcdd143f08a860eeff4,1,Ambiguous References; Format Ambiguity,139,0.254
09f85ae92c1b8b745fdd2931250a57c3,2,Vague / Missing Context,18,0.241
5ce422f0d74b74f701aaa921493957cc,1,Ambiguous References; Format Ambiguity,86,0.322
5ce422f0d74b74f701aaa921493957cc,2,Vague / Missing Context; Ambiguous References,231,0.298
5ce422f0d74b74f701aaa921493957cc,3,Ambiguous References; Format Ambiguity,193,0.463
5ce422f0d74b74f701aaa921493957cc,4,Vague / Missing Context; Ambiguous References,242,0.287
5ce422f0d74b74f701aaa921493957cc,5,Ambiguous References; Format Ambiguity,228,0.390
5ce422f0d74b74f701aaa921493957cc,6,Vague / Missing Context; Ambiguous References,201,0.303
5ce422f0d74b74f701aaa921493957cc,7,Ambiguous References; Format Ambiguity,234,0.425
5ce422f0d74b74f701aaa921493957cc,8,Vague / Missing Context; Ambiguous References; Format Ambiguity,188,0.330
5ce422f0d74b74f701aaa921493957cc,9,Ambiguous References; Format Ambiguity,214,0.365
5ce422f0d74b74f701aaa921493957cc,10,Ambiguous References; Format Ambiguity,168,0.358
5ce422f0d74b74f701aaa921493957cc,11,Vague / Missing Context; Ambiguous References; Format Ambiguity; Overloaded Prompt; Prompt Bloat / Convoluted Prompt; Unnecessary Repetition; Conflicting Constraints; Bias / Loaded Framing; Formality / Audience Mismatch,136,0.672
5ce422f0d74b74f701aaa921493957cc,12,Ambiguous References; Format Ambiguity,152,0.376
5ce422f0d74b74f701aaa921493957cc,13,Ambiguous References; Format Ambiguity,149,0.377
5ce422f0d74b74f701aaa921493957cc,14,Vague / Missing Context; Ambiguous References,185,0.280
5ce422f0d74b74f701aaa921493957cc,15,Vague / Missing Context; Ambiguous References,245,0.296
5ce422f0d74b74f701aaa921493957cc,16,Ambiguous References; Format Ambiguity,185,0.293
5ce422f0d74b74f701aaa921493957cc,17,Ambiguous References; Format Ambiguity,181,0.368
5ce422f0d74b74f701aaa921493957cc,18,Ambiguous References; Format Ambiguity,187,0.324
5ce422f0d74b74f701aaa921493957cc,19,Ambiguous References; Format Ambiguity,135,0.339
5ce422f0d74b74f701aaa921493957cc,20,Vague / Missing Context; Ambiguous References,183,0.280
5ce422f0d74b74f701aaa921493957cc,21,Ambiguous References; Format Ambiguity,193,0.365
5ce422f0d74b74f701aaa921493957cc,22,Ambiguous References; Format Ambiguity,190,0.381
5ce422f0d74b74f701aaa921493957cc,23,Ambiguous References; Format Ambiguity,145,0.354
5ce422f0d74b74f701aaa921493957cc,24,Ambiguous References; Format Ambiguity,186,0.391
5ce422f0d74b74f701aaa921493957cc,25,Ambiguous References; Format Ambiguity,214,0.337
5ce422f0d74b74f701aaa921493957cc,26,Vague / Missing Context; Format Ambiguity,171,0.327
5ce422f0d74b74f701aaa921493957cc,27,Ambiguous References; Format Ambiguity,228,0.461
5ce422f0d74b74f701aaa921493957cc,28,Vague / Missing Context; Ambiguous References,181,0.296
5ce422f0d74b74f701aaa921493957cc,29,Vague / Missing Context; Ambiguous References,177,0.290
5ce422f0d74b74f701aaa921493957cc,30,Vague / Missing Context; Format Ambiguity,206,0.373
5ce422f0d74b74f701aaa921493957cc,31,Ambiguous References; Format Ambiguity,192,0.307
5ce422f0d74b74f701aaa921493957cc,32,Ambiguous References; Format Ambiguity,209,0.278
5ce422f0d74b74f701aaa921493957cc,33,Ambiguous References; Format Ambiguity,208,0.289
5ce422f0d74b74f701aaa921493957cc,34,Ambiguous References; Format Ambiguity,162,0.329
5ce422f0d74b74f701aaa921493957cc,35,Vague / Missing Context; Ambiguous References,198,0.296
5ce422f0d74b74f701aaa921493957cc,36,Vague / Missing Context; Ambiguous References,196,0.284
5ce422f0d74b74f701aaa921493957cc,37,Ambiguous References; Format Ambiguity,222,0.329
5ce422f0d74b74f701aaa921493957cc,38,Vague / Missing Context; Ambiguous References,163,0.343
5ce422f0d74b74f701aaa921493957cc,39,Ambiguous References; Format Ambiguity,200,0.391
5ce422f0d74b74f701aaa921493957cc,40,Ambiguous References; Format Ambiguity,150,0.274
5ce422f0d74b74f701aaa921493957cc,41,Vague / Missing Context; Ambiguous References,211,0.297
5ce422f0d74b74f701aaa921493957cc,42,Vague / Missing Context; Ambiguous References,194,0.408
5ce422f0d74b74f701aaa921493957cc,43,Vague / Missing Context; Ambiguous References,193,0.295
5ce422f0d74b74f701aaa921493957cc,44,Vague / Missing Context; Ambiguous References,210,0.297
5ce422f0d74b74f701aaa921493957cc,45,Ambiguous References; Format Ambiguity,162,0.266
5ce422f0d74b74f701aaa921493957cc,46,Vague / Missing Context; Ambiguous References,146,0.356
5ce422f0d74b74f701aaa921493957cc,47,Ambiguous References; Format Ambiguity,183,0.336
5ce422f0d74b74f701aaa921493957cc,48,Vague / Missing Context; Ambiguous References,168,0.285
5ce422f0d74b74f701aaa921493957cc,49,Ambiguous References; Format Ambiguity,163,0.334
5ce422f0d74b74f701aaa921493957cc,50,Ambiguous References; Format Ambiguity,144,0.259
5ce422f0d74b74f701aaa921493957cc,51,Ambiguous References; Format Ambiguity,166,0.271
1f62bc1ca969e283f8a4cb2297d08fc5,1,Ambiguous References; Format Ambiguity,3721,1.097
16089c27d63251964206788765e0854b,1,Vague / Missing Context; Format Ambiguity,365,0.312
16089c27d63251964206788765e0854b,2,Vague / Missing Context,28,0.244
16089c27d63251964206788765e0854b,3,No Smell,75,0.197
16089c27d63251964206788765e0854b,4,Vague / Missing Context; Ambiguous References,160,0.286
16089c27d63251964206788765e0854b,5,Vague / Missing Context; Ambiguous References,73,0.272
16089c27d63251964206788765e0854b,6,Vague / Missing Context,22,0.239
16089c27d63251964206788765e0854b,7,Vague / Missing Context; Ambiguous References,87,0.251
16089c27d63251964206788765e0854b,8,Vague / Missing Context,121,0.248
1d2284cdfb27bd59a170b5db80062d6a,1,Vague / Missing Context; Format Ambiguity,16,0.298
1d2284cdfb27bd59a170b5db80062d6a,2,Vague / Missing Context; Ambiguous References,17,0.255
1d2284cdfb27bd59a170b5db80062d6a,3,Ambiguous References; Format Ambiguity,30,0.266
1d2284cdfb27bd59a170b5db80062d6a,4,Ambiguous References; Format Ambiguity,65,0.251
1d2284cdfb27bd59a170b5db80062d6a,5,Ambiguous References,35,0.227
1d2284cdfb27bd59a170b5db80062d6a,6,Ambiguous References,34,0.227
1d2284cdfb27bd59a170b5db80062d6a,7,Ambiguous References; Format Ambiguity,51,0.272
1d2284cdfb27bd59a170b5db80062d6a,8,Vague / Missing Context; Format Ambiguity,24,0.275
1d2284cdfb27bd59a170b5db80062d6a,10,Vague / Missing Context; Ambiguous References,23,0.349
06f5d5c0211ead49cc0d406218abeae0,1,Ambiguous References; Format Ambiguity,119,0.366
06f5d5c0211ead49cc0d406218abeae0,2,Vague / Missing Context; Ambiguous References,228,0.329
06f5d5c0211ead49cc0d406218abeae0,4,Vague / Missing Context; Format Ambiguity,632,0.357
06f5d5c0211ead49cc0d406218abeae0,5,Ambiguous References; Format Ambiguity,529,0.489
06f5d5c0211ead49cc0d406218abeae0,6,Ambiguous References; Format Ambiguity,1250,0.416
06f5d5c0211ead49cc0d406218abeae0,7,Vague / Missing Context; Format Ambiguity,998,0.389
06f5d5c0211ead49cc0d406218abeae0,8,Vague / Missing Context; Format Ambiguity,1275,0.396
06f5d5c0211ead49cc0d406218abeae0,9,Vague / Missing Context; Format Ambiguity,1795,0.438
001a8972a4f7b0f61c14ce9dd99013e0,1,Ambiguous References; Format Ambiguity,148,0.379
8fb2fab423561623ff1274b958eeb65b,1,Vague / Missing Context; Format Ambiguity,143,0.359
8fb2fab423561623ff1274b958eeb65b,2,Ambiguous References; Format Ambiguity,132,0.462
8fb2fab423561623ff1274b958eeb65b,3,Ambiguous References; Format Ambiguity,132,0.419
02e7cc23adaa51368ba65d8b46447f1e,1,Vague / Missing Context; Ambiguous References,116,0.298
02e7cc23adaa51368ba65d8b46447f1e,2,Ambiguous References; Format Ambiguity,141,0.285
02e7cc23adaa51368ba65d8b46447f1e,3,Vague / Missing Context; Ambiguous References,93,0.298
02e7cc23adaa51368ba65d8b46447f1e,4,Ambiguous References; Format Ambiguity,92,0.306
02e7cc23adaa51368ba65d8b46447f1e,5,Vague / Missing Context; Ambiguous References; Format Ambiguity,99,0.329
02e7cc23adaa51368ba65d8b46447f1e,6,Vague / Missing Context; Ambiguous References,113,0.299
02e7cc23adaa51368ba65d8b46447f1e,7,Ambiguous References; Format Ambiguity; Vague / Missing Context; Unnecessary Repetition; Overloaded Prompt; Conflicting Constraints; Bias / Loaded Framing; Formality / Audience Mismatch,101,0.699
02e7cc23adaa51368ba65d8b46447f1e,8,Ambiguous References; Format Ambiguity,102,0.283
02e7cc23adaa51368ba65d8b46447f1e,9,Vague / Missing Context; Ambiguous References,107,0.298
02e7cc23adaa51368ba65d8b46447f1e,10,Vague / Missing Context; Ambiguous References,67,0.245
02e7cc23adaa51368ba65d8b46447f1e,11,Ambiguous References; Format Ambiguity,108,0.297
40c69465a784b57ff24d6f9127c51eee,2,Vague / Missing Context; Format Ambiguity,301,0.457
40c69465a784b57ff24d6f9127c51eee,3,Vague / Missing Context; Ambiguous References,128,0.285
40c69465a784b57ff24d6f9127c51eee,4,Ambiguous References; Format Ambiguity,107,0.273
40c69465a784b57ff24d6f9127c51eee,5,Vague / Missing Context; Ambiguous References,196,0.289
40c69465a784b57ff24d6f9127c51eee,6,Vague / Missing Context; Ambiguous References,164,0.301
40c69465a784b57ff24d6f9127c51eee,7,Ambiguous References,87,0.240
40c69465a784b57ff24d6f9127c51eee,8,Ambiguous References; Format Ambiguity,80,0.333
40c69465a784b57ff24d6f9127c51eee,9,Ambiguous References; Format Ambiguity,323,0.598
40c69465a784b57ff24d6f9127c51eee,10,Ambiguous References,38,0.211
e25b5ad8aee31494a920755adfacb005,1,Ambiguous References; Format Ambiguity,148,0.378
b3f045721f572f8bb528d4b96dd05f86,1,Ambiguous References; Format Ambiguity,120,0.280
b3f045721f572f8bb528d4b96dd05f86,2,Ambiguous References; Format Ambiguity,148,0.280
b3f045721f572f8bb528d4b96dd05f86,3,Ambiguous References; Format Ambiguity,437,0.309
b3f045721f572f8bb528d4b96dd05f86,4,Vague / Missing Context; Format Ambiguity,1156,0.412
b3f045721f572f8bb528d4b96dd05f86,5,Vague / Missing Context; Ambiguous References; Format Ambiguity; Overloaded Prompt; Prompt Bloat / Convoluted Prompt; Unnecessary Repetition; Conflicting Constraints; Bias / Loaded Framing; Formality / Audience Mismatch,36,0.731
b3f045721f572f8bb528d4b96dd05f86,6,Vague / Missing Context; Format Ambiguity,1302,0.424
b3f045721f572f8bb528d4b96dd05f86,7,Ambiguous References; Format Ambiguity,1325,0.500
b3f045721f572f8bb528d4b96dd05f86,10,Vague / Missing Context; Ambiguous References,201,0.280
b3f045721f572f8bb528d4b96dd05f86,11,Ambiguous References; Format Ambiguity,88,0.280
b3f045721f572f8bb528d4b96dd05f86,13,Vague / Missing Context; Format Ambiguity,1204,0.461
787ffc7cc9f4b9e88c5dec55cad767cd,1,Vague / Missing Context; Format Ambiguity,2298,1.015
787ffc7cc9f4b9e88c5dec55cad767cd,2,Vague / Missing Context; Ambiguous References,165,0.401
787ffc7cc9f4b9e88c5dec55cad767cd,3,Ambiguous References; Overloaded Prompt; Format Ambiguity; Unnecessary Repetition; Conflicting Constraints; Bias / Loaded Framing; Vague / Missing Context,14,0.495
787ffc7cc9f4b9e88c5dec55cad767cd,4,Ambiguous References; Format Ambiguity,112,0.253
3872863052f34fbcf499bedff1b51200,1,Ambiguous References; Format Ambiguity,86,0.322
3872863052f34fbcf499bedff1b51200,2,Ambiguous References; Format Ambiguity,162,0.266
3872863052f34fbcf499bedff1b51200,3,Vague / Missing Context; Ambiguous References,165,0.281
3872863052f34fbcf499bedff1b51200,4,Vague / Missing Context; Ambiguous References,173,0.310
3872863052f34fbcf499bedff1b51200,5,Ambiguous References; Format Ambiguity,191,0.304
3872863052f34fbcf499bedff1b51200,6,Ambiguous References; Format Ambiguity,145,0.296
3872863052f34fbcf499bedff1b51200,7,Ambiguous References; Format Ambiguity,193,0.344
3872863052f34fbcf499bedff1b51200,8,Ambiguous References; Format Ambiguity,180,0.340
3872863052f34fbcf499bedff1b51200,9,Ambiguous References; Format Ambiguity,183,0.294
3872863052f34fbcf499bedff1b51200,10,Ambiguous References; Format Ambiguity,154,0.340
3872863052f34fbcf499bedff1b51200,11,Ambiguous References; Format Ambiguity,214,0.363
3872863052f34fbcf499bedff1b51200,12,Ambiguous References,206,0.370
3872863052f34fbcf499bedff1b51200,13,Ambiguous References; Format Ambiguity,159,0.298
3872863052f34fbcf499bedff1b51200,14,Ambiguous References; Format Ambiguity,145,0.366
3872863052f34fbcf499bedff1b51200,15,Ambiguous References; Format Ambiguity,162,0.353
3872863052f34fbcf499bedff1b51200,16,Ambiguous References; Format Ambiguity,189,0.342
3872863052f34fbcf499bedff1b51200,17,Ambiguous References; Format Ambiguity,140,0.283
3872863052f34fbcf499bedff1b51200,18,Ambiguous References; Format Ambiguity,224,0.280
3872863052f34fbcf499bedff1b51200,19,Vague / Missing Context; Ambiguous References,223,0.285
3872863052f34fbcf499bedff1b51200,20,Ambiguous References; Format Ambiguity,170,0.372
3872863052f34fbcf499bedff1b51200,21,Vague / Missing Context; Ambiguous References; Format Ambiguity; Overloaded Prompt; Unnecessary Repetition; Conflicting Constraints; Bias / Loaded Framing; Formality / Audience Mismatch,216,0.644
3872863052f34fbcf499bedff1b51200,22,Ambiguous References; Format Ambiguity,218,0.313
3872863052f34fbcf499bedff1b51200,23,Ambiguous References; Format Ambiguity,197,0.376
3872863052f34fbcf499bedff1b51200,24,Ambiguous References; Format Ambiguity,228,0.296
3872863052f34fbcf499bedff1b51200,25,Ambiguous References; Format Ambiguity,163,0.287
3872863052f34fbcf499bedff1b51200,26,Ambiguous References; Format Ambiguity,178,0.456
3872863052f34fbcf499bedff1b51200,27,Ambiguous References; Overloaded Prompt,196,0.333
3872863052f34fbcf499bedff1b51200,28,Vague / Missing Context; Ambiguous References,265,0.287
3872863052f34fbcf499bedff1b51200,29,Ambiguous References; Format Ambiguity,145,0.282
3872863052f34fbcf499bedff1b51200,30,Vague / Missing Context; Ambiguous References,165,0.279
3872863052f34fbcf499bedff1b51200,31,Ambiguous References; Format Ambiguity,188,0.260
3872863052f34fbcf499bedff1b51200,32,Ambiguous References; Format Ambiguity,188,0.317
3872863052f34fbcf499bedff1b51200,33,Ambiguous References; Format Ambiguity,217,0.313
3872863052f34fbcf499bedff1b51200,34,Vague / Missing Context; Ambiguous References,168,0.279
3872863052f34fbcf499bedff1b51200,35,Ambiguous References; Format Ambiguity,207,0.253
3872863052f34fbcf499bedff1b51200,36,Ambiguous References; Format Ambiguity,143,0.339
3872863052f34fbcf499bedff1b51200,37,Ambiguous References; Format Ambiguity,145,0.296
3872863052f34fbcf499bedff1b51200,38,Vague / Missing Context; Ambiguous References,150,0.308
3872863052f34fbcf499bedff1b51200,39,Ambiguous References; Format Ambiguity,162,0.344
3872863052f34fbcf499bedff1b51200,40,Ambiguous References; Format Ambiguity,181,0.317
3872863052f34fbcf499bedff1b51200,41,Vague / Missing Context; Format Ambiguity,189,0.329
3872863052f34fbcf499bedff1b51200,42,Ambiguous References; Format Ambiguity,153,0.277
3872863052f34fbcf499bedff1b51200,43,Ambiguous References; Format Ambiguity,190,0.360
3872863052f34fbcf499bedff1b51200,44,Vague / Missing Context; Ambiguous References,149,0.397
3872863052f34fbcf499bedff1b51200,45,Ambiguous References; Format Ambiguity,188,0.305
3872863052f34fbcf499bedff1b51200,46,Ambiguous References; Format Ambiguity,166,0.373
3872863052f34fbcf499bedff1b51200,47,Ambiguous References; Format Ambiguity,166,0.286
3872863052f34fbcf499bedff1b51200,48,Ambiguous References; Format Ambiguity,209,0.309
3872863052f34fbcf499bedff1b51200,49,Vague / Missing Context; Ambiguous References,184,0.321
3872863052f34fbcf499bedff1b51200,50,Ambiguous References; Format Ambiguity,157,0.339
9cbfd3a08ebae53309f41ece1b1d4275,1,Ambiguous References; Format Ambiguity,148,0.379
3eda9b55d13219e818597b04df62cec8,3,Ambiguous References,70,0.301
d03125fb4d143db2e3b1d8c0cf1e6043,1,Ambiguous References; Format Ambiguity,87,0.452
d03125fb4d143db2e3b1d8c0cf1e6043,2,Ambiguous References; Format Ambiguity,103,0.286
d03125fb4d143db2e3b1d8c0cf1e6043,3,Ambiguous References; Format Ambiguity,72,0.418
d03125fb4d143db2e3b1d8c0cf1e6043,4,Ambiguous References; Format Ambiguity,51,0.276
d03125fb4d143db2e3b1d8c0cf1e6043,5,Ambiguous References; Format Ambiguity,55,0.280
f7cdd4dac9d89158861bd099f2573308,3,Ambiguous References; Overloaded Prompt,43,0.291
f7cdd4dac9d89158861bd099f2573308,5,Ambiguous References; Format Ambiguity,164,0.415
a8dc465a7085b15ce0b4dc2dca8e0876,1,Vague / Missing Context; Format Ambiguity,1205,0.460
61a9e5cf083d2c722b23b439ef279a32,1,Vague / Missing Context; Ambiguous References,62,0.298
72fdc16def51631284e2166ca63663cb,1,Ambiguous References,109,0.247
72fdc16def51631284e2166ca63663cb,3,Ambiguous References,295,0.279
fb72c273828fdab9a44afab2fed11ea1,1,Ambiguous References; Format Ambiguity,127,0.405
2156d622806ed471691de9c9e961db46,1,Vague / Missing Context; Ambiguous References,47,0.305
2156d622806ed471691de9c9e961db46,2,Vague / Missing Context; Format Ambiguity,50,0.304
bca1218e021c0bffb33ca888235cdae4,1,Ambiguous References; Format Ambiguity,86,0.322
bca1218e021c0bffb33ca888235cdae4,2,Ambiguous References,143,0.244
bca1218e021c0bffb33ca888235cdae4,3,Ambiguous References; Format Ambiguity,168,0.336
bca1218e021c0bffb33ca888235cdae4,4,Ambiguous References; Format Ambiguity,140,0.382
bca1218e021c0bffb33ca888235cdae4,5,Vague / Missing Context; Ambiguous References,175,0.321
bca1218e021c0bffb33ca888235cdae4,6,Ambiguous References; Format Ambiguity,176,0.293
bca1218e021c0bffb33ca888235cdae4,7,Vague / Missing Context; Ambiguous References; Format Ambiguity; Overloaded Prompt; Unnecessary Repetition; Conflicting Constraints; Bias / Loaded Framing; Formality / Audience Mismatch,198,0.661
bca1218e021c0bffb33ca888235cdae4,8,Ambiguous References; Format Ambiguity,214,0.303
bca1218e021c0bffb33ca888235cdae4,9,Ambiguous References; Format Ambiguity,183,0.344
bca1218e021c0bffb33ca888235cdae4,10,Ambiguous References; Format Ambiguity,141,0.273
bca1218e021c0bffb33ca888235cdae4,11,Ambiguous References; Overloaded Prompt,131,0.267
bca1218e021c0bffb33ca888235cdae4,12,Ambiguous References; Format Ambiguity,179,0.361
bca1218e021c0bffb33ca888235cdae4,13,Vague / Missing Context; Ambiguous References,148,0.299
bca1218e021c0bffb33ca888235cdae4,14,Ambiguous References; Format Ambiguity,193,0.350
bca1218e021c0bffb33ca888235cdae4,15,Ambiguous References; Format Ambiguity,145,0.298
bca1218e021c0bffb33ca888235cdae4,16,Vague / Missing Context; Ambiguous References,203,0.285
bca1218e021c0bffb33ca888235cdae4,17,Ambiguous References; Format Ambiguity,172,0.367
bca1218e021c0bffb33ca888235cdae4,18,Vague / Missing Context; Ambiguous References,180,0.287
bca1218e021c0bffb33ca888235cdae4,19,Ambiguous References; Format Ambiguity,198,0.373
bca1218e021c0bffb33ca888235cdae4,20,Ambiguous References; Format Ambiguity,192,0.346
bca1218e021c0bffb33ca888235cdae4,21,Ambiguous References; Format Ambiguity,152,0.260
bca1218e021c0bffb33ca888235cdae4,22,Ambiguous References; Format Ambiguity,151,0.327
bca1218e021c0bffb33ca888235cdae4,23,Ambiguous References; Format Ambiguity,125,0.265
bca1218e021c0bffb33ca888235cdae4,24,Ambiguous References; Format Ambiguity,194,0.279
bca1218e021c0bffb33ca888235cdae4,25,Ambiguous References; Format Ambiguity,172,0.338
bca1218e021c0bffb33ca888235cdae4,26,Ambiguous References; Format Ambiguity,206,0.382
bca1218e021c0bffb33ca888235cdae4,27,Vague / Missing Context; Ambiguous References,171,0.307
bca1218e021c0bffb33ca888235cdae4,28,Vague / Missing Context; Ambiguous References; Format Ambiguity; Overloaded Prompt; Unnecessary Repetition; Conflicting Constraints; Bias / Loaded Framing; Formality / Audience Mismatch,168,0.656
bca1218e021c0bffb33ca888235cdae4,29,Ambiguous References; Format Ambiguity,161,0.386
bca1218e021c0bffb33ca888235cdae4,30,Ambiguous References; Format Ambiguity,175,0.308
bca1218e021c0bffb33ca888235cdae4,31,Ambiguous References; Format Ambiguity,145,0.297
bca1218e021c0bffb33ca888235cdae4,32,Vague / Missing Context; Ambiguous References; Format Ambiguity; Overloaded Prompt; Unnecessary Repetition; Conflicting Constraints; Bias / Loaded Framing; Formality / Audience Mismatch,137,0.619
bca1218e021c0bffb33ca888235cdae4,33,Ambiguous References; Format Ambiguity,170,0.277
bca1218e021c0bffb33ca888235cdae4,34,Ambiguous References; Format Ambiguity,165,0.327
bca1218e021c0bffb33ca888235cdae4,35,Ambiguous References; Format Ambiguity,207,0.398
bca1218e021c0bffb33ca888235cdae4,36,Vague / Missing Context; Ambiguous References,191,0.453
bca1218e021c0bffb33ca888235cdae4,37,Ambiguous References; Format Ambiguity,226,0.351
bca1218e021c0bffb33ca888235cdae4,38,Ambiguous References; Format Ambiguity,136,0.273
bca1218e021c0bffb33ca888235cdae4,39,Vague / Missing Context; Ambiguous References; Format Ambiguity,147,0.326
bca1218e021c0bffb33ca888235cdae4,40,Ambiguous References; Format Ambiguity,184,0.310
bca1218e021c0bffb33ca888235cdae4,41,Ambiguous References; Format Ambiguity,172,0.303
bca1218e021c0bffb33ca888235cdae4,42,Ambiguous References; Format Ambiguity,145,0.297
bca1218e021c0bffb33ca888235cdae4,43,Ambiguous References; Format Ambiguity,191,0.406
bca1218e021c0bffb33ca888235cdae4,44,Ambiguous References; Format Ambiguity,207,0.387
bca1218e021c0bffb33ca888235cdae4,45,Ambiguous References; Format Ambiguity,183,0.355
bca1218e021c0bffb33ca888235cdae4,46,Ambiguous References; Format Ambiguity,132,0.273
bca1218e021c0bffb33ca888235cdae4,47,Ambiguous References; Format Ambiguity,157,0.286
bca1218e021c0bffb33ca888235cdae4,48,Ambiguous References; Format Ambiguity,128,0.307
bca1218e021c0bffb33ca888235cdae4,49,Ambiguous References; Format Ambiguity,149,0.290
bca1218e021c0bffb33ca888235cdae4,50,Ambiguous References; Format Ambiguity,196,0.291
bca1218e021c0bffb33ca888235cdae4,51,Ambiguous References; Format Ambiguity,171,0.285
7313ec278570b39018aa9d90a9fd2094,1,Ambiguous References; Format Ambiguity,77,0.333
b45176d9ef8584e3904e05c3a00935e7,1,Vague / Missing Context; Format Ambiguity,79,0.372
124269035ab63f64fd0472a55c59860b,1,Vague / Missing Context; Ambiguous References,111,0.347
124269035ab63f64fd0472a55c59860b,2,Ambiguous References; Overloaded Prompt,11,0.238
124269035ab63f64fd0472a55c59860b,4,Ambiguous References; Format Ambiguity,72,0.312
2cf23df14115324a0d8619a3d2a74940,2,Vague / Missing Context; Format Ambiguity,422,0.361
2cf23df14115324a0d8619a3d2a74940,4,Vague / Missing Context; Ambiguous References,227,0.283
b6ebe5a455a04584a15ce78bfc48a6c5,1,Vague / Missing Context; Format Ambiguity,2308,1.065
b6ebe5a455a04584a15ce78bfc48a6c5,2,Vague / Missing Context; Ambiguous References,53,0.285
b6ebe5a455a04584a15ce78bfc48a6c5,3,Vague / Missing Context; Ambiguous References,224,0.419
b6ebe5a455a04584a15ce78bfc48a6c5,4,Ambiguous References; Format Ambiguity,156,0.358
d047c9bb2b6e02aa72360e53d99ed2f6,1,Vague / Missing Context; Ambiguous References,34,0.257
9b5081dee54ff3911f43ca4c620a900d,1,Vague / Missing Context; Ambiguous References,19,0.263
9b5081dee54ff3911f43ca4c620a900d,2,Ambiguous References; Format Ambiguity,28,0.264
9b5081dee54ff3911f43ca4c620a900d,3,Ambiguous References; Format Ambiguity,27,0.251
9b5081dee54ff3911f43ca4c620a900d,4,Ambiguous References; Format Ambiguity,27,0.241
9b5081dee54ff3911f43ca4c620a900d,5,Ambiguous References; Format Ambiguity,27,0.273
9b5081dee54ff3911f43ca4c620a900d,6,Ambiguous References; Format Ambiguity,40,0.261
9b5081dee54ff3911f43ca4c620a900d,7,Ambiguous References; Format Ambiguity,39,0.277
9b5081dee54ff3911f43ca4c620a900d,8,Vague / Missing Context; Ambiguous References,8,0.291
9b5081dee54ff3911f43ca4c620a900d,9,Ambiguous References; Format Ambiguity,14,0.278
9b5081dee54ff3911f43ca4c620a900d,10,Ambiguous References; Format Ambiguity,94,0.304
8574263ffa62bb58f3ab33de994997fc,1,Vague / Missing Context; Ambiguous References,197,0.341
8574263ffa62bb58f3ab33de994997fc,2,Vague / Missing Context; Ambiguous References,170,0.337
81df335ff689a5670ef1ff010500444d,1,Ambiguous References; Format Ambiguity,63,0.286
81df335ff689a5670ef1ff010500444d,2,Ambiguous References; Format Ambiguity,84,0.332
97d7374fcc5125ca8b8da3fbc225a55a,6,Vague / Missing Context; Ambiguous References,782,0.372
4768a83ffc071a2788aa8c63ee8f4f19,1,Ambiguous References; Format Ambiguity,43,0.434
4768a83ffc071a2788aa8c63ee8f4f19,2,Ambiguous References; Format Ambiguity,48,0.468
4768a83ffc071a2788aa8c63ee8f4f19,4,Ambiguous References; Format Ambiguity,39,0.327
4768a83ffc071a2788aa8c63ee8f4f19,5,Vague / Missing Context; Ambiguous References,20,0.264
cab9bebb67a1e6c6856273f3791f9fe2,1,Vague / Missing Context; Format Ambiguity,2308,1.064
cab9bebb67a1e6c6856273f3791f9fe2,2,Vague / Missing Context; Ambiguous References,53,0.286
cab9bebb67a1e6c6856273f3791f9fe2,3,Ambiguous References; Format Ambiguity,138,0.366
7546d33e884f3cf63426292e3a14e971,1,Ambiguous References; Format Ambiguity,86,0.323
7546d33e884f3cf63426292e3a14e971,2,Ambiguous References; Format Ambiguity,142,0.307
7546d33e884f3cf63426292e3a14e971,3,Vague / Missing Context; Ambiguous References,198,0.363
7546d33e884f3cf63426292e3a14e971,4,Ambiguous References; Format Ambiguity,235,0.290
7546d33e884f3cf63426292e3a14e971,5,Ambiguous References; Format Ambiguity,191,0.323
7546d33e884f3cf63426292e3a14e971,6,Ambiguous References; Format Ambiguity,182,0.383
7546d33e884f3cf63426292e3a14e971,7,Ambiguous References; Format Ambiguity,153,0.344
7546d33e884f3cf63426292e3a14e971,8,Vague / Missing Context; Ambiguous References,189,0.285
7546d33e884f3cf63426292e3a14e971,9,Vague / Missing Context; Ambiguous References,198,0.286
7546d33e884f3cf63426292e3a14e971,10,Ambiguous References; Format Ambiguity,133,0.319
7546d33e884f3cf63426292e3a14e971,11,Ambiguous References; Format Ambiguity,201,0.296
7546d33e884f3cf63426292e3a14e971,12,Ambiguous References; Format Ambiguity,172,0.335
7546d33e884f3cf63426292e3a14e971,13,Ambiguous References; Format Ambiguity,175,0.274
7546d33e884f3cf63426292e3a14e971,14,Vague / Missing Context; Ambiguous References,199,0.286
7546d33e884f3cf63426292e3a14e971,15,Ambiguous References; Format Ambiguity,179,0.381
7546d33e884f3cf63426292e3a14e971,16,Vague / Missing Context; Ambiguous References,164,0.300
7546d33e884f3cf63426292e3a14e971,17,Vague / Missing Context; Ambiguous References,221,0.303
7546d33e884f3cf63426292e3a14e971,18,Vague / Missing Context; Ambiguous References,205,0.286
7546d33e884f3cf63426292e3a14e971,19,Vague / Missing Context; Ambiguous References,228,0.443
7546d33e884f3cf63426292e3a14e971,20,Vague / Missing Context; Ambiguous References,160,0.284
7546d33e884f3cf63426292e3a14e971,21,Vague / Missing Context; Ambiguous References,190,0.286
7546d33e884f3cf63426292e3a14e971,22,Vague / Missing Context; Ambiguous References,231,0.287
7546d33e884f3cf63426292e3a14e971,23,Vague / Missing Context; Ambiguous References,217,0.363
7546d33e884f3cf63426292e3a14e971,24,Vague / Missing Context; Ambiguous References,170,0.279
7546d33e884f3cf63426292e3a14e971,25,Ambiguous References; Format Ambiguity,216,0.335
7546d33e884f3cf63426292e3a14e971,26,Vague / Missing Context; Ambiguous References; Format Ambiguity; Overloaded Prompt; Unnecessary Repetition; Conflicting Constraints; Bias / Loaded Framing; Formality / Audience Mismatch,236,0.668
7546d33e884f3cf63426292e3a14e971,27,Ambiguous References; Format Ambiguity,174,0.330
7546d33e884f3cf63426292e3a14e971,28,Ambiguous References; Format Ambiguity,215,0.304
7546d33e884f3cf63426292e3a14e971,29,Ambiguous References; Format Ambiguity,166,0.354
7546d33e884f3cf63426292e3a14e971,30,Vague / Missing Context; Ambiguous References,248,0.298
7546d33e884f3cf63426292e3a14e971,31,Vague / Missing Context; Ambiguous References,180,0.295
7546d33e884f3cf63426292e3a14e971,32,Vague / Missing Context; Ambiguous References,188,0.286
7546d33e884f3cf63426292e3a14e971,33,Vague / Missing Context; Format Ambiguity,195,0.427
7546d33e884f3cf63426292e3a14e971,34,Vague / Missing Context; Ambiguous References; Format Ambiguity,184,0.337
7546d33e884f3cf63426292e3a14e971,35,Vague / Missing Context; Ambiguous References,182,0.358
7546d33e884f3cf63426292e3a14e971,36,Ambiguous References; Format Ambiguity,203,0.336
7546d33e884f3cf63426292e3a14e971,37,Vague / Missing Context; Ambiguous References,159,0.321
7546d33e884f3cf63426292e3a14e971,38,Ambiguous References; Format Ambiguity,181,0.357
7546d33e884f3cf63426292e3a14e971,39,Ambiguous References; Format Ambiguity,201,0.377
7546d33e884f3cf63426292e3a14e971,40,Vague / Missing Context; Ambiguous References,183,0.297
7546d33e884f3cf63426292e3a14e971,41,Vague / Missing Context; Ambiguous References; Format Ambiguity; Overloaded Prompt; Prompt Bloat / Convoluted Prompt; Unnecessary Repetition; Conflicting Constraints; Bias / Loaded Framing; Formality / Audience Mismatch,204,0.679
7546d33e884f3cf63426292e3a14e971,42,Vague / Missing Context; Ambiguous References,267,0.287
7546d33e884f3cf63426292e3a14e971,43,Ambiguous References; Format Ambiguity,211,0.446
7546d33e884f3cf63426292e3a14e971,44,Vague / Missing Context; Ambiguous References,191,0.295
7546d33e884f3cf63426292e3a14e971,45,Vague / Missing Context; Ambiguous References,184,0.297
7546d33e884f3cf63426292e3a14e971,46,Vague / Missing Context; Ambiguous References,216,0.302
7546d33e884f3cf63426292e3a14e971,47,Vague / Missing Context; Ambiguous References,152,0.278
7546d33e884f3cf63426292e3a14e971,48,Vague / Missing Context; Ambiguous References,173,0.324
7546d33e884f3cf63426292e3a14e971,49,Vague / Missing Context; Ambiguous References,211,0.299
7546d33e884f3cf63426292e3a14e971,50,Ambiguous References; Format Ambiguity,176,0.324
7546d33e884f3cf63426292e3a14e971,51,Vague / Missing Context; Ambiguous References,207,0.300
4b503b4a0aa1b1f042c72f7eb08e7896,1,Ambiguous References; Format Ambiguity,33,0.428
4b503b4a0aa1b1f042c72f7eb08e7896,2,Vague / Missing Context; Ambiguous References,60,0.334
4b503b4a0aa1b1f042c72f7eb08e7896,3,Ambiguous References; Format Ambiguity,37,0.277
4b503b4a0aa1b1f042c72f7eb08e7896,4,Ambiguous References; Format Ambiguity,37,0.244
4b503b4a0aa1b1f042c72f7eb08e7896,5,Ambiguous References; Format Ambiguity,41,0.246
4b503b4a0aa1b1f042c72f7eb08e7896,6,Ambiguous References; Format Ambiguity,53,0.250
4b503b4a0aa1b1f042c72f7eb08e7896,7,Ambiguous References; Format Ambiguity,61,0.252
4b503b4a0aa1b1f042c72f7eb08e7896,8,Ambiguous References; Overloaded Prompt,20,0.251
4b503b4a0aa1b1f042c72f7eb08e7896,9,Vague / Missing Context; Ambiguous References,12,0.221
4b503b4a0aa1b1f042c72f7eb08e7896,11,Ambiguous References; Overloaded Prompt,56,0.257
bcf5bb1f6efce3e27dcee16df3934039,1,Ambiguous References; Overloaded Prompt,56,0.236
40036380002cff420704a330ff65d11a,1,Ambiguous References; Format Ambiguity,92,0.381
e5d23d788085d51e2dcf919e44ec6206,1,Ambiguous References; Format Ambiguity,92,0.245
0bdccfe1f21b5f0256b41e0c8b42ab40,2,Vague / Missing Context; Ambiguous References,56,0.278
0bdccfe1f21b5f0256b41e0c8b42ab40,3,Vague / Missing Context; Ambiguous References,209,0.289
0bdccfe1f21b5f0256b41e0c8b42ab40,4,Ambiguous References,51,0.226
b97abb3788fdc5874d5b55fa148aa99f,1,Ambiguous References; Format Ambiguity,58,0.319
09d05af0b30963fa3c09bb8add0d8c82,1,Ambiguous References; Format Ambiguity,761,0.370
c9bdd64e11ce89068e875c479a77567e,1,Vague / Missing Context,8,0.186
c9bdd64e11ce89068e875c479a77567e,2,Vague / Missing Context; Format Ambiguity,62,0.304
5daa705af3b24994dbfbf5346009fbc5,1,Vague / Missing Context; Format Ambiguity,1795,0.439
5daa705af3b24994dbfbf5346009fbc5,2,Vague / Missing Context; Ambiguous References; Format Ambiguity; Overloaded Prompt; Unnecessary Repetition; Conflicting Constraints; Bias / Loaded Framing; Formality / Audience Mismatch,824,0.720
5daa705af3b24994dbfbf5346009fbc5,3,Ambiguous References; Format Ambiguity,1331,0.415
5daa705af3b24994dbfbf5346009fbc5,4,Vague / Missing Context; Ambiguous References,601,0.315
5daa705af3b24994dbfbf5346009fbc5,5,Ambiguous References; Format Ambiguity,1324,0.696
5f6c1244af7d1c9175aca4e4d9c7464a,1,Ambiguous References; Format Ambiguity,86,0.323
5f6c1244af7d1c9175aca4e4d9c7464a,2,Vague / Missing Context; Ambiguous References; Format Ambiguity; Overloaded Prompt; Unnecessary Repetition; Conflicting Constraints; Bias / Loaded Framing; Formality / Audience Mismatch,160,0.660
5f6c1244af7d1c9175aca4e4d9c7464a,3,Vague / Missing Context; Ambiguous References,170,0.309
5f6c1244af7d1c9175aca4e4d9c7464a,4,Ambiguous References; Format Ambiguity,137,0.286
5f6c1244af7d1c9175aca4e4d9c7464a,5,Vague / Missing Context; Ambiguous References; Format Ambiguity; Overloaded Prompt; Unnecessary Repetition; Conflicting Constraints; Bias / Loaded Framing; Formality / Audience Mismatch,161,0.650
5f6c1244af7d1c9175aca4e4d9c7464a,6,Ambiguous References; Format Ambiguity,166,0.358
5f6c1244af7d1c9175aca4e4d9c7464a,7,Vague / Missing Context; Ambiguous References,164,0.280
5f6c1244af7d1c9175aca4e4d9c7464a,8,Vague / Missing Context; Ambiguous References,179,0.280
5f6c1244af7d1c9175aca4e4d9c7464a,9,Vague / Missing Context; Ambiguous References,212,0.323
5f6c1244af7d1c9175aca4e4d9c7464a,10,Vague / Missing Context; Ambiguous References,151,0.286
5f6c1244af7d1c9175aca4e4d9c7464a,11,Ambiguous References; Format Ambiguity,219,0.399
5f6c1244af7d1c9175aca4e4d9c7464a,12,Ambiguous References; Format Ambiguity,143,0.322
5f6c1244af7d1c9175aca4e4d9c7464a,13,Vague / Missing Context; Ambiguous References,222,0.295
5f6c1244af7d1c9175aca4e4d9c7464a,14,Ambiguous References; Format Ambiguity,236,0.452
5f6c1244af7d1c9175aca4e4d9c7464a,15,Ambiguous References; Format Ambiguity,193,0.470
5f6c1244af7d1c9175aca4e4d9c7464a,16,Ambiguous References; Format Ambiguity,156,0.292
5f6c1244af7d1c9175aca4e4d9c7464a,17,Ambiguous References; Format Ambiguity,161,0.411
5f6c1244af7d1c9175aca4e4d9c7464a,18,Ambiguous References; Format Ambiguity,142,0.272
5f6c1244af7d1c9175aca4e4d9c7464a,19,Ambiguous References; Format Ambiguity,166,0.264
5f6c1244af7d1c9175aca4e4d9c7464a,20,Ambiguous References; Format Ambiguity,178,0.301
5f6c1244af7d1c9175aca4e4d9c7464a,21,Vague / Missing Context; Ambiguous References,163,0.291
5f6c1244af7d1c9175aca4e4d9c7464a,22,Ambiguous References; Format Ambiguity,173,0.319
5f6c1244af7d1c9175aca4e4d9c7464a,23,Ambiguous References; Format Ambiguity,225,0.369
5f6c1244af7d1c9175aca4e4d9c7464a,24,Vague / Missing Context; Ambiguous References,168,0.297
5f6c1244af7d1c9175aca4e4d9c7464a,25,Vague / Missing Context; Ambiguous References,227,0.296
5f6c1244af7d1c9175aca4e4d9c7464a,26,Vague / Missing Context; Format Ambiguity,184,0.302
5f6c1244af7d1c9175aca4e4d9c7464a,27,Ambiguous References; Format Ambiguity,122,0.291
5f6c1244af7d1c9175aca4e4d9c7464a,28,Vague / Missing Context; Ambiguous References,201,0.281
5f6c1244af7d1c9175aca4e4d9c7464a,29,Vague / Missing Context; Ambiguous References,173,0.279
5f6c1244af7d1c9175aca4e4d9c7464a,30,Ambiguous References; Format Ambiguity,196,0.378
5f6c1244af7d1c9175aca4e4d9c7464a,31,Ambiguous References; Format Ambiguity,223,0.289
5f6c1244af7d1c9175aca4e4d9c7464a,32,Vague / Missing Context; Ambiguous References,132,0.289
5f6c1244af7d1c9175aca4e4d9c7464a,33,Ambiguous References; Format Ambiguity,184,0.311
5f6c1244af7d1c9175aca4e4d9c7464a,34,Vague / Missing Context; Ambiguous References,162,0.356
5f6c1244af7d1c9175aca4e4d9c7464a,35,Vague / Missing Context; Ambiguous References,212,0.292
5f6c1244af7d1c9175aca4e4d9c7464a,36,Ambiguous References; Format Ambiguity,163,0.367
5f6c1244af7d1c9175aca4e4d9c7464a,37,Ambiguous References; Format Ambiguity,208,0.323
5f6c1244af7d1c9175aca4e4d9c7464a,38,Ambiguous References; Format Ambiguity,187,0.289
5f6c1244af7d1c9175aca4e4d9c7464a,39,Ambiguous References; Format Ambiguity,202,0.354
5f6c1244af7d1c9175aca4e4d9c7464a,40,Vague / Missing Context; Ambiguous References,188,0.281
5f6c1244af7d1c9175aca4e4d9c7464a,41,Ambiguous References; Format Ambiguity,191,0.371
5f6c1244af7d1c9175aca4e4d9c7464a,42,Vague / Missing Context; Ambiguous References,175,0.365
5f6c1244af7d1c9175aca4e4d9c7464a,43,Vague / Missing Context; Ambiguous References,129,0.291
5f6c1244af7d1c9175aca4e4d9c7464a,44,Ambiguous References; Format Ambiguity,155,0.273
5f6c1244af7d1c9175aca4e4d9c7464a,45,Ambiguous References; Format Ambiguity,200,0.351
5f6c1244af7d1c9175aca4e4d9c7464a,46,Ambiguous References; Format Ambiguity,187,0.300
5f6c1244af7d1c9175aca4e4d9c7464a,47,Vague / Missing Context; Ambiguous References; Format Ambiguity; Overloaded Prompt; Prompt Bloat / Convoluted Prompt; Unnecessary Repetition; Conflicting Constraints; Bias / Loaded Framing; Formality / Audience Mismatch,179,0.676
5f6c1244af7d1c9175aca4e4d9c7464a,48,Ambiguous References; Format Ambiguity,186,0.275
5f6c1244af7d1c9175aca4e4d9c7464a,49,Ambiguous References; Format Ambiguity,172,0.298
5f6c1244af7d1c9175aca4e4d9c7464a,50,Ambiguous References; Format Ambiguity,215,0.390
5f6c1244af7d1c9175aca4e4d9c7464a,51,Ambiguous References; Format Ambiguity,145,0.318
3ccaab59c32b125b98e329fbaaaeb199,1,Ambiguous References; Format Ambiguity,754,0.322
921f3ade2648a47ced1b25107c0c358d,1,Ambiguous References; Format Ambiguity,150,0.379
bd92c91309400c18118724543db82651,1,Ambiguous References; Format Ambiguity,86,0.339
bd92c91309400c18118724543db82651,2,Ambiguous References; Format Ambiguity,74,0.307
bd92c91309400c18118724543db82651,3,Vague / Missing Context; Ambiguous References,63,0.445
bd92c91309400c18118724543db82651,4,Ambiguous References; Format Ambiguity,93,0.251
bd92c91309400c18118724543db82651,5,Ambiguous References; Format Ambiguity,65,0.333
bd92c91309400c18118724543db82651,6,Ambiguous References; Format Ambiguity,62,0.305
913be62fd1d0079fc872b208bf229d71,1,Ambiguous References; Format Ambiguity,4000,1.532
913be62fd1d0079fc872b208bf229d71,3,Ambiguous References,248,0.333
2450856a02df14965593df2d7527a0db,1,Ambiguous References; Format Ambiguity,51,0.264
2450856a02df14965593df2d7527a0db,2,Ambiguous References; Format Ambiguity,77,0.265
07d5939a336201c6ad8fd0bd3a57dbca,1,Vague / Missing Context; Ambiguous References,304,0.300
07d5939a336201c6ad8fd0bd3a57dbca,2,Vague / Missing Context; Format Ambiguity,278,0.297
8a0b3ba9339faf5126a9624f41612f5c,1,Ambiguous References; Format Ambiguity,86,0.322
8a0b3ba9339faf5126a9624f41612f5c,2,Vague / Missing Context; Ambiguous References,186,0.298
8a0b3ba9339faf5126a9624f41612f5c,3,Ambiguous References; Format Ambiguity,202,0.352
8a0b3ba9339faf5126a9624f41612f5c,4,Ambiguous References; Format Ambiguity,141,0.272
8a0b3ba9339faf5126a9624f41612f5c,5,Vague / Missing Context; Ambiguous References,173,0.343
8a0b3ba9339faf5126a9624f41612f5c,6,Ambiguous References; Format Ambiguity,209,0.390
8a0b3ba9339faf5126a9624f41612f5c,7,Ambiguous References; Format Ambiguity,149,0.301
8a0b3ba9339faf5126a9624f41612f5c,8,Ambiguous References; Format Ambiguity,161,0.273
8a0b3ba9339faf5126a9624f41612f5c,9,Ambiguous References; Format Ambiguity,201,0.391
8a0b3ba9339faf5126a9624f41612f5c,10,Vague / Missing Context; Ambiguous References; Format Ambiguity,166,0.320
8a0b3ba9339faf5126a9624f41612f5c,11,Ambiguous References; Format Ambiguity,183,0.329
8a0b3ba9339faf5126a9624f41612f5c,12,Vague / Missing Context; Ambiguous References; Format Ambiguity; Overloaded Prompt; Prompt Bloat / Convoluted Prompt; Unnecessary Repetition; Conflicting Constraints; Bias / Loaded Framing; Formality / Audience Mismatch,210,0.681
8a0b3ba9339faf5126a9624f41612f5c,13,Vague / Missing Context; Ambiguous References,203,0.323
8a0b3ba9339faf5126a9624f41612f5c,14,Vague / Missing Context; Ambiguous References,207,0.296
8a0b3ba9339faf5126a9624f41612f5c,15,Ambiguous References; Format Ambiguity,183,0.318
8a0b3ba9339faf5126a9624f41612f5c,16,Ambiguous References; Format Ambiguity,136,0.294
8a0b3ba9339faf5126a9624f41612f5c,17,Ambiguous References; Format Ambiguity,209,0.317
8a0b3ba9339faf5126a9624f41612f5c,18,Ambiguous References; Format Ambiguity,197,0.340
8a0b3ba9339faf5126a9624f41612f5c,19,Ambiguous References; Format Ambiguity,175,0.317
8a0b3ba9339faf5126a9624f41612f5c,20,Ambiguous References; Format Ambiguity,157,0.318
8a0b3ba9339faf5126a9624f41612f5c,21,Ambiguous References; Format Ambiguity,165,0.293
8a0b3ba9339faf5126a9624f41612f5c,22,Vague / Missing Context; Ambiguous References; Format Ambiguity,196,0.319
8a0b3ba9339faf5126a9624f41612f5c,23,Ambiguous References; Format Ambiguity,206,0.362
8a0b3ba9339faf5126a9624f41612f5c,24,Ambiguous References; Format Ambiguity,202,0.436
8a0b3ba9339faf5126a9624f41612f5c,25,Vague / Missing Context; Ambiguous References,231,0.296
8a0b3ba9339faf5126a9624f41612f5c,26,Ambiguous References; Format Ambiguity,193,0.463
8a0b3ba9339faf5126a9624f41612f5c,27,Vague / Missing Context; Ambiguous References,242,0.285
8a0b3ba9339faf5126a9624f41612f5c,28,Ambiguous References; Format Ambiguity,228,0.390
8a0b3ba9339faf5126a9624f41612f5c,29,Vague / Missing Context; Ambiguous References,201,0.303
8a0b3ba9339faf5126a9624f41612f5c,30,Ambiguous References; Format Ambiguity,234,0.423
8a0b3ba9339faf5126a9624f41612f5c,31,Vague / Missing Context; Ambiguous References; Format Ambiguity,188,0.330
8a0b3ba9339faf5126a9624f41612f5c,32,Ambiguous References; Format Ambiguity,214,0.366
8a0b3ba9339faf5126a9624f41612f5c,33,Ambiguous References; Format Ambiguity,168,0.356
8a0b3ba9339faf5126a9624f41612f5c,34,Vague / Missing Context; Ambiguous References; Format Ambiguity; Overloaded Prompt; Prompt Bloat / Convoluted Prompt; Unnecessary Repetition; Conflicting Constraints; Bias / Loaded Framing; Formality / Audience Mismatch,136,0.672
8a0b3ba9339faf5126a9624f41612f5c,35,Ambiguous References; Format Ambiguity,152,0.373
8a0b3ba9339faf5126a9624f41612f5c,36,Ambiguous References; Format Ambiguity,149,0.377
8a0b3ba9339faf5126a9624f41612f5c,37,Vague / Missing Context; Ambiguous References,185,0.281
8a0b3ba9339faf5126a9624f41612f5c,38,Vague / Missing Context; Ambiguous References,245,0.296
8a0b3ba9339faf5126a9624f41612f5c,39,Ambiguous References; Format Ambiguity,185,0.294
8a0b3ba9339faf5126a9624f41612f5c,40,Ambiguous References; Format Ambiguity,181,0.366
8a0b3ba9339faf5126a9624f41612f5c,41,Ambiguous References; Format Ambiguity,187,0.323
8a0b3ba9339faf5126a9624f41612f5c,42,Ambiguous References; Format Ambiguity,135,0.339
8a0b3ba9339faf5126a9624f41612f5c,43,Vague / Missing Context; Ambiguous References,183,0.280
8a0b3ba9339faf5126a9624f41612f5c,44,Ambiguous References; Format Ambiguity,193,0.364
8a0b3ba9339faf5126a9624f41612f5c,45,Ambiguous References; Format Ambiguity,190,0.381
8a0b3ba9339faf5126a9624f41612f5c,46,Ambiguous References; Format Ambiguity,145,0.353
8a0b3ba9339faf5126a9624f41612f5c,47,Ambiguous References; Format Ambiguity,186,0.390
8a0b3ba9339faf5126a9624f41612f5c,48,Ambiguous References; Format Ambiguity,214,0.336
8a0b3ba9339faf5126a9624f41612f5c,49,Vague / Missing Context; Format Ambiguity,171,0.327
8a0b3ba9339faf5126a9624f41612f5c,50,Ambiguous References; Format Ambiguity,228,0.461
8a0b3ba9339faf5126a9624f41612f5c,51,Vague / Missing Context; Ambiguous References,181,0.295
70cb5ec47c84ec0b39b7a0603397f0ff,1,Vague / Missing Context; Ambiguous References,368,0.383
70cb5ec47c84ec0b39b7a0603397f0ff,2,Vague / Missing Context,602,0.368
96aba9142305f25516e6b7dd8700d7af,2,Ambiguous References,28,0.216
6a2ce9e01595986b2d8d37089516cef5,1,Ambiguous References; Format Ambiguity,77,0.264
6a2ce9e01595986b2d8d37089516cef5,2,Ambiguous References; Format Ambiguity,93,0.246
6a2ce9e01595986b2d8d37089516cef5,3,Ambiguous References; Format Ambiguity,74,0.269
c25dce8b732a0b985ba96aff7259794d,2,Vague / Missing Context; Ambiguous References,67,0.260
1f1faa30a3eb01bbd01720fafd93137c,2,Format Ambiguity,126,0.254
5e462b3f369032a5ca8729e9688ec0c7,1,Ambiguous References; Format Ambiguity,86,0.323
5e462b3f369032a5ca8729e9688ec0c7,2,Vague / Missing Context; Ambiguous References,177,0.290
5e462b3f369032a5ca8729e9688ec0c7,3,Vague / Missing Context; Format Ambiguity,206,0.373
5e462b3f369032a5ca8729e9688ec0c7,4,Ambiguous References; Format Ambiguity,192,0.307
5e462b3f369032a5ca8729e9688ec0c7,5,Ambiguous References; Format Ambiguity,209,0.280
5e462b3f369032a5ca8729e9688ec0c7,6,Ambiguous References; Format Ambiguity,208,0.289
5e462b3f369032a5ca8729e9688ec0c7,7,Ambiguous References; Format Ambiguity,162,0.331
5e462b3f369032a5ca8729e9688ec0c7,8,Vague / Missing Context; Ambiguous References,198,0.297
5e462b3f369032a5ca8729e9688ec0c7,9,Vague / Missing Context; Ambiguous References,196,0.285
5e462b3f369032a5ca8729e9688ec0c7,10,Ambiguous References; Format Ambiguity,222,0.329
5e462b3f369032a5ca8729e9688ec0c7,11,Vague / Missing Context; Ambiguous References,163,0.344
5e462b3f369032a5ca8729e9688ec0c7,12,Ambiguous References; Format Ambiguity,200,0.389
5e462b3f369032a5ca8729e9688ec0c7,13,Ambiguous References; Format Ambiguity,150,0.273
5e462b3f369032a5ca8729e9688ec0c7,14,Vague / Missing Context; Ambiguous References,211,0.296
5e462b3f369032a5ca8729e9688ec0c7,15,Vague / Missing Context; Ambiguous References,194,0.409
5e462b3f369032a5ca8729e9688ec0c7,16,Vague / Missing Context; Ambiguous References,193,0.296
5e462b3f369032a5ca8729e9688ec0c7,17,Vague / Missing Context; Ambiguous References,210,0.297
5e462b3f369032a5ca8729e9688ec0c7,18,Ambiguous References; Format Ambiguity,162,0.267
5e462b3f369032a5ca8729e9688ec0c7,19,Vague / Missing Context; Ambiguous References,146,0.354
5e462b3f369032a5ca8729e9688ec0c7,20,Ambiguous References; Format Ambiguity,183,0.337
5e462b3f369032a5ca8729e9688ec0c7,21,Vague / Missing Context; Ambiguous References,168,0.285
5e462b3f369032a5ca8729e9688ec0c7,22,Ambiguous References; Format Ambiguity,163,0.334
5e462b3f369032a5ca8729e9688ec0c7,23,Ambiguous References; Format Ambiguity,144,0.259
5e462b3f369032a5ca8729e9688ec0c7,24,Ambiguous References; Format Ambiguity,166,0.270
5e462b3f369032a5ca8729e9688ec0c7,25,Ambiguous References; Format Ambiguity,162,0.266
5e462b3f369032a5ca8729e9688ec0c7,26,Vague / Missing Context; Ambiguous References,165,0.280
5e462b3f369032a5ca8729e9688ec0c7,27,Vague / Missing Context; Ambiguous References,173,0.312
5e462b3f369032a5ca8729e9688ec0c7,28,Ambiguous References; Format Ambiguity,191,0.305
5e462b3f369032a5ca8729e9688ec0c7,29,Ambiguous References; Format Ambiguity,145,0.299
5e462b3f369032a5ca8729e9688ec0c7,30,Ambiguous References; Format Ambiguity,193,0.344
5e462b3f369032a5ca8729e9688ec0c7,31,Ambiguous References; Format Ambiguity,180,0.340
5e462b3f369032a5ca8729e9688ec0c7,32,Ambiguous References; Format Ambiguity,183,0.294
5e462b3f369032a5ca8729e9688ec0c7,33,Ambiguous References; Format Ambiguity,154,0.340
5e462b3f369032a5ca8729e9688ec0c7,34,Ambiguous References; Format Ambiguity,214,0.362
5e462b3f369032a5ca8729e9688ec0c7,35,Ambiguous References,206,0.371
5e462b3f369032a5ca8729e9688ec0c7,36,Ambiguous References; Format Ambiguity,159,0.297
5e462b3f369032a5ca8729e9688ec0c7,37,Ambiguous References; Format Ambiguity,145,0.365
5e462b3f369032a5ca8729e9688ec0c7,38,Ambiguous References; Format Ambiguity,162,0.355
5e462b3f369032a5ca8729e9688ec0c7,39,Ambiguous References; Format Ambiguity,189,0.340
5e462b3f369032a5ca8729e9688ec0c7,40,Ambiguous References; Format Ambiguity,140,0.283
5e462b3f369032a5ca8729e9688ec0c7,41,Ambiguous References; Format Ambiguity,224,0.281
5e462b3f369032a5ca8729e9688ec0c7,42,Vague / Missing Context; Ambiguous References,223,0.287
5e462b3f369032a5ca8729e9688ec0c7,43,Ambiguous References; Format Ambiguity,170,0.372
5e462b3f369032a5ca8729e9688ec0c7,44,Vague / Missing Context; Ambiguous References; Format Ambiguity; Overloaded Prompt; Unnecessary Repetition; Conflicting Constraints; Bias / Loaded Framing; Formality / Audience Mismatch,216,0.643
5e462b3f369032a5ca8729e9688ec0c7,45,Ambiguous References; Format Ambiguity,218,0.313
5e462b3f369032a5ca8729e9688ec0c7,46,Ambiguous References; Format Ambiguity,197,0.376
5e462b3f369032a5ca8729e9688ec0c7,47,Ambiguous References; Format Ambiguity,228,0.296
5e462b3f369032a5ca8729e9688ec0c7,48,Ambiguous References; Format Ambiguity,163,0.288
5e462b3f369032a5ca8729e9688ec0c7,49,Ambiguous References; Format Ambiguity,178,0.456
5e462b3f369032a5ca8729e9688ec0c7,50,Ambiguous References; Overloaded Prompt,196,0.333
5e462b3f369032a5ca8729e9688ec0c7,51,Vague / Missing Context; Ambiguous References,265,0.288
0cd8e17acefbc020fa6cc137e7e77317,1,Ambiguous References; Format Ambiguity,166,0.495
0cd8e17acefbc020fa6cc137e7e77317,2,Ambiguous References; Format Ambiguity,200,0.341
0cd8e17acefbc020fa6cc137e7e77317,3,Ambiguous References; Format Ambiguity,178,0.360
0cd8e17acefbc020fa6cc137e7e77317,4,Ambiguous References; Format Ambiguity,111,0.266
01f312d6c632e6caa1bc05d63153ba73,1,Ambiguous References; Format Ambiguity,23,0.262
01f312d6c632e6caa1bc05d63153ba73,2,Vague / Missing Context,34,0.253
01f312d6c632e6caa1bc05d63153ba73,3,Ambiguous References; Format Ambiguity,57,0.274
07eaef0c73df81e6334127e3a5e7ef77,1,Ambiguous References; Format Ambiguity; Overloaded Prompt; Unnecessary Repetition; Conflicting Constraints; Bias / Loaded Framing; Formality / Audience Mismatch; Vague / Missing Context,3590,1.368
07eaef0c73df81e6334127e3a5e7ef77,2,Vague / Missing Context; Ambiguous References,53,0.285
e822a82971f23b24cb5ef4878894fc88,1,Vague / Missing Context,8,0.185
3124cf4da1b5789b095458c8dbfcab1a,4,Vague / Missing Context,20,0.240
94bc611f47a7de3b286a664c8ee5393e,1,Ambiguous References; Format Ambiguity,135,0.414
94bc611f47a7de3b286a664c8ee5393e,2,Ambiguous References; Format Ambiguity,117,0.385
b257aa36dcda54b09b633812384fd1fa,1,Vague / Missing Context; Format Ambiguity,887,0.342
b257aa36dcda54b09b633812384fd1fa,2,Vague / Missing Context; Format Ambiguity,1186,0.373
b257aa36dcda54b09b633812384fd1fa,3,Ambiguous References; Format Ambiguity,1002,0.334
b257aa36dcda54b09b633812384fd1fa,4,Format Ambiguity; Ambiguous References; Overloaded Prompt; Unnecessary Repetition; Conflicting Constraints; Bias / Loaded Framing; Formality / Audience Mismatch; Vague / Missing Context,1005,1.054
b257aa36dcda54b09b633812384fd1fa,5,Ambiguous References; Format Ambiguity,1678,0.486
68047fee50425f5e2635154c750456ee,3,Vague / Missing Context; Ambiguous References,15,0.285
147f0703577075d8673f4c6f44d24c7f,1,Ambiguous References; Format Ambiguity,85,0.284
cdfcc92aa0c613ddbf57b23fdde8b943,1,Vague / Missing Context; Ambiguous References,20,0.234
cdfcc92aa0c613ddbf57b23fdde8b943,2,Vague / Missing Context; Format Ambiguity,7,0.222
cdfcc92aa0c613ddbf57b23fdde8b943,3,Vague / Missing Context; Ambiguous References; Format Ambiguity; Overloaded Prompt; Unnecessary Repetition; Conflicting Constraints; Bias / Loaded Framing; Formality / Audience Mismatch,55,0.645
cdfcc92aa0c613ddbf57b23fdde8b943,4,Vague / Missing Context; Ambiguous References,22,0.301
cdfcc92aa0c613ddbf57b23fdde8b943,5,Vague / Missing Context; Format Ambiguity,22,0.254
cdfcc92aa0c613ddbf57b23fdde8b943,6,Vague / Missing Context; Format Ambiguity,29,0.243
cdfcc92aa0c613ddbf57b23fdde8b943,7,Vague / Missing Context; Ambiguous References,55,0.298
cdfcc92aa0c613ddbf57b23fdde8b943,8,Vague / Missing Context,18,0.240
9dfea71b4b75eef635e0ed53b378f2a7,1,Vague / Missing Context; Ambiguous References,38,0.311
9dfea71b4b75eef635e0ed53b378f2a7,2,Vague / Missing Context; Ambiguous References,42,0.270
9dfea71b4b75eef635e0ed53b378f2a7,4,Vague / Missing Context,54,0.273
9dfea71b4b75eef635e0ed53b378f2a7,5,Ambiguous References; Format Ambiguity,36,0.263
9de04f661e76ff9d92cddd32df006879,1,Ambiguous References; Format Ambiguity,22,0.268
93eaeae19ad7573167e4284f003f9ce4,1,Vague / Missing Context; Ambiguous References,40,0.312
93eaeae19ad7573167e4284f003f9ce4,2,Vague / Missing Context; Ambiguous References,20,0.291
93eaeae19ad7573167e4284f003f9ce4,3,Vague / Missing Context; Ambiguous References,29,0.317
d49e42f80c7d95bdba98513600001635,1,Ambiguous References; Format Ambiguity,70,0.271
d49e42f80c7d95bdba98513600001635,2,Vague / Missing Context; Ambiguous References,92,0.315
d49e42f80c7d95bdba98513600001635,3,Vague / Missing Context; Ambiguous References,103,0.280
d49e42f80c7d95bdba98513600001635,4,Ambiguous References; Format Ambiguity,54,0.365
d49e42f80c7d95bdba98513600001635,5,Ambiguous References; Format Ambiguity,211,0.353
d49e42f80c7d95bdba98513600001635,6,Ambiguous References; Format Ambiguity,174,0.420
d49e42f80c7d95bdba98513600001635,7,Ambiguous References; Format Ambiguity,89,0.424
02bca2e0c9f5b58deb0f3b5a287572c4,1,Ambiguous References; Format Ambiguity,1232,0.359
02bca2e0c9f5b58deb0f3b5a287572c4,2,Ambiguous References; Format Ambiguity,1094,0.365
02bca2e0c9f5b58deb0f3b5a287572c4,3,Vague / Missing Context; Ambiguous References; Format Ambiguity; Overloaded Prompt; Unnecessary Repetition; Conflicting Constraints; Bias / Loaded Framing; Formality / Audience Mismatch,616,0.680
02bca2e0c9f5b58deb0f3b5a287572c4,4,Vague / Missing Context; Format Ambiguity,1347,0.381
02bca2e0c9f5b58deb0f3b5a287572c4,5,Vague / Missing Context; Format Ambiguity,1826,0.461
efe2b5c9c68dbabfe6a91b9e19efdb5a,1,Vague / Missing Context; Ambiguous References,62,0.272
604820e69196dc01c1872f7677db38f0,1,Vague / Missing Context; Format Ambiguity,453,0.417
604820e69196dc01c1872f7677db38f0,2,Vague / Missing Context; Ambiguous References,53,0.285
604820e69196dc01c1872f7677db38f0,3,Ambiguous References; Overloaded Prompt; Format Ambiguity; Unnecessary Repetition; Conflicting Constraints; Bias / Loaded Framing; Vague / Missing Context,14,0.494
604820e69196dc01c1872f7677db38f0,4,Ambiguous References; Format Ambiguity,427,0.535
9ddc6ad537830862409be2817c1b7c37,1,Vague / Missing Context,141,0.251
9ddc6ad537830862409be2817c1b7c37,2,Ambiguous References; Format Ambiguity,262,0.281
75f49fc6c302ed5db925c80d61df43aa,1,Vague / Missing Context; Ambiguous References,104,0.279
75f49fc6c302ed5db925c80d61df43aa,2,No Smell,123,0.185
75f49fc6c302ed5db925c80d61df43aa,3,Ambiguous References; Format Ambiguity,86,0.374
1165ec5383de88d65079b95c1a93c9d2,1,Ambiguous References; Format Ambiguity,143,0.369
1165ec5383de88d65079b95c1a93c9d2,2,Ambiguous References; Format Ambiguity,134,0.305
1165ec5383de88d65079b95c1a93c9d2,3,Ambiguous References; Format Ambiguity,83,0.280
1165ec5383de88d65079b95c1a93c9d2,4,Ambiguous References; Format Ambiguity,73,0.231
7e8d25878186c22a4b2dd43b9af10bce,2,Vague / Missing Context; Format Ambiguity,19,0.274
28da01cc66e8384132130ae9021dbf48,1,Vague / Missing Context; Ambiguous References,36,0.304
cf2bc0fce4ea33821ed1ad5c64f8d491,1,Ambiguous References; Format Ambiguity,2804,0.703
5fdc9b5313b8632b9a1f5867c370f04e,1,Vague / Missing Context; Ambiguous References,145,0.285
fcba91e4b4ad35d924006b122f695f8a,1,Ambiguous References; Format Ambiguity; Overloaded Prompt; Conflicting Constraints; Unnecessary Repetition; Bias / Loaded Framing,2166,1.078
fcba91e4b4ad35d924006b122f695f8a,2,Ambiguous References,31,0.196
fcba91e4b4ad35d924006b122f695f8a,3,Ambiguous References,39,0.267
fcba91e4b4ad35d924006b122f695f8a,4,Ambiguous References; Format Ambiguity,40,0.277
edf0e587da83a7d10fbb563dd4cea5f9,1,Vague / Missing Context; Ambiguous References,275,0.347
1e1b4e925cb9f90a26d28b4ab8668b9f,2,Ambiguous References; Overloaded Prompt,19,0.262
867bbc733e7b3afaecc8b45e217d2971,1,Ambiguous References; Format Ambiguity,22,0.267
c2487c7302ffeef3ae49813e4840e354,1,Vague / Missing Context; Format Ambiguity,2027,0.447
c2487c7302ffeef3ae49813e4840e354,2,Ambiguous References; Format Ambiguity,694,0.543
c2487c7302ffeef3ae49813e4840e354,3,Ambiguous References; Format Ambiguity,1622,0.728
c2487c7302ffeef3ae49813e4840e354,4,Vague / Missing Context; Format Ambiguity,1726,0.438
9536a9557717cd022c5d841975929ae5,6,Ambiguous References; Format Ambiguity,20,0.326
fb1ae5cf902e4d699cfcd01fdfb79252,1,Vague / Missing Context,11,0.263
177fc66e8542ccb1b2cbe0b60e29a9fc,1,Vague / Missing Context; Format Ambiguity,133,0.386
ee6f1c7d50979054533dcdae0463d7d0,2,Vague / Missing Context; Format Ambiguity,78,0.313
ee6f1c7d50979054533dcdae0463d7d0,4,Ambiguous References; Format Ambiguity,111,0.321
e5c00403b6ae226954ee5a1ea461adf1,1,Ambiguous References; Format Ambiguity; Overloaded Prompt; Unnecessary Repetition; Conflicting Constraints; Bias / Loaded Framing; Formality / Audience Mismatch; Vague / Missing Context,3590,1.367
e5c00403b6ae226954ee5a1ea461adf1,2,Ambiguous References; Format Ambiguity,384,0.454
e5c00403b6ae226954ee5a1ea461adf1,3,Ambiguous References; Format Ambiguity,210,0.422
e5c00403b6ae226954ee5a1ea461adf1,4,Ambiguous References; Format Ambiguity,204,0.503
dddd56965a1e8a631bcfd392c8013c79,1,Ambiguous References; Format Ambiguity,161,0.278
dddd56965a1e8a631bcfd392c8013c79,2,Ambiguous References; Format Ambiguity,161,0.267
dddd56965a1e8a631bcfd392c8013c79,3,Ambiguous References; Format Ambiguity,129,0.321
b98c7a7a20ef664bcd9ccc7616ce0473,1,Ambiguous References; Format Ambiguity,4000,0.865
75bccc1747fd3a262c20e8523da3b2cd,2,Ambiguous References; Format Ambiguity,12,0.287
75bccc1747fd3a262c20e8523da3b2cd,3,Ambiguous References; Overloaded Prompt,56,0.332
75bccc1747fd3a262c20e8523da3b2cd,4,Vague / Missing Context; Ambiguous References,168,0.300
75bccc1747fd3a262c20e8523da3b2cd,6,Ambiguous References; Overloaded Prompt,211,0.490
75bccc1747fd3a262c20e8523da3b2cd,8,Vague / Missing Context; Format Ambiguity,640,0.599
a78db106e66b22d1cb73517c592dbc13,1,Ambiguous References,124,0.392
a78db106e66b22d1cb73517c592dbc13,2,Ambiguous References; Format Ambiguity,217,0.584
e8002782f8d63faeef787a3a04fdcfe7,1,Ambiguous References; Format Ambiguity,62,0.294
e8002782f8d63faeef787a3a04fdcfe7,2,Ambiguous References; Format Ambiguity,17,0.227
bd5c40dc117e397206eeeff31e6c9bef,1,Ambiguous References; Format Ambiguity,86,0.322
bd5c40dc117e397206eeeff31e6c9bef,2,Vague / Missing Context; Ambiguous References,188,0.292
bd5c40dc117e397206eeeff31e6c9bef,3,Vague / Missing Context; Ambiguous References,148,0.291
bd5c40dc117e397206eeeff31e6c9bef,4,Vague / Missing Context; Ambiguous References; Format Ambiguity; Overloaded Prompt; Prompt Bloat / Convoluted Prompt; Unnecessary Repetition; Conflicting Constraints; Bias / Loaded Framing; Formality / Audience Mismatch,144,0.673
bd5c40dc117e397206eeeff31e6c9bef,5,Ambiguous References; Format Ambiguity,160,0.432
bd5c40dc117e397206eeeff31e6c9bef,6,Ambiguous References; Format Ambiguity,156,0.314
bd5c40dc117e397206eeeff31e6c9bef,7,Vague / Missing Context; Ambiguous References,153,0.280
bd5c40dc117e397206eeeff31e6c9bef,8,Ambiguous References; Format Ambiguity,127,0.405
bd5c40dc117e397206eeeff31e6c9bef,9,Ambiguous References; Format Ambiguity,172,0.290
bd5c40dc117e397206eeeff31e6c9bef,10,Vague / Missing Context; Ambiguous References; Format Ambiguity; Overloaded Prompt; Unnecessary Repetition; Conflicting Constraints; Bias / Loaded Framing; Formality / Audience Mismatch,215,0.649
bd5c40dc117e397206eeeff31e6c9bef,11,Vague / Missing Context; Ambiguous References; Format Ambiguity; Overloaded Prompt; Unnecessary Repetition; Conflicting Constraints; Bias / Loaded Framing; Formality / Audience Mismatch,168,0.655
bd5c40dc117e397206eeeff31e6c9bef,12,Vague / Missing Context; Ambiguous References,186,0.286
bd5c40dc117e397206eeeff31e6c9bef,13,Ambiguous References; Format Ambiguity,150,0.263
bd5c40dc117e397206eeeff31e6c9bef,14,Vague / Missing Context; Ambiguous References,178,0.288
bd5c40dc117e397206eeeff31e6c9bef,15,Vague / Missing Context; Ambiguous References,148,0.295
bd5c40dc117e397206eeeff31e6c9bef,16,Vague / Missing Context; Ambiguous References; Format Ambiguity; Overloaded Prompt; Prompt Bloat / Convoluted Prompt; Unnecessary Repetition; Conflicting Constraints; Bias / Loaded Framing; Formality / Audience Mismatch,185,0.687
bd5c40dc117e397206eeeff31e6c9bef,17,Vague / Missing Context; Ambiguous References; Format Ambiguity; Overloaded Prompt; Prompt Bloat / Convoluted Prompt; Unnecessary Repetition; Conflicting Constraints; Bias / Loaded Framing; Formality / Audience Mismatch,140,0.843
bd5c40dc117e397206eeeff31e6c9bef,18,Ambiguous References; Format Ambiguity,147,0.357
bd5c40dc117e397206eeeff31e6c9bef,19,Ambiguous References; Format Ambiguity,188,0.330
bd5c40dc117e397206eeeff31e6c9bef,20,Vague / Missing Context; Ambiguous References,156,0.278
bd5c40dc117e397206eeeff31e6c9bef,21,Ambiguous References; Format Ambiguity,181,0.383
bd5c40dc117e397206eeeff31e6c9bef,22,Ambiguous References; Format Ambiguity,139,0.357
bd5c40dc117e397206eeeff31e6c9bef,23,Ambiguous References; Format Ambiguity,145,0.297
bd5c40dc117e397206eeeff31e6c9bef,24,Vague / Missing Context; Ambiguous References,225,0.286
bd5c40dc117e397206eeeff31e6c9bef,25,Ambiguous References; Format Ambiguity,222,0.353
bd5c40dc117e397206eeeff31e6c9bef,26,Ambiguous References; Format Ambiguity,213,0.387
bd5c40dc117e397206eeeff31e6c9bef,27,Vague / Missing Context; Ambiguous References,205,0.293
bd5c40dc117e397206eeeff31e6c9bef,28,Ambiguous References; Format Ambiguity,184,0.281
bd5c40dc117e397206eeeff31e6c9bef,29,Ambiguous References; Format Ambiguity,137,0.298
bd5c40dc117e397206eeeff31e6c9bef,30,Vague / Missing Context; Ambiguous References,180,0.316
bd5c40dc117e397206eeeff31e6c9bef,31,Ambiguous References; Format Ambiguity,148,0.266
bd5c40dc117e397206eeeff31e6c9bef,32,Vague / Missing Context; Format Ambiguity,199,0.306
bd5c40dc117e397206eeeff31e6c9bef,33,Ambiguous References; Format Ambiguity,174,0.300
bd5c40dc117e397206eeeff31e6c9bef,34,Ambiguous References; Format Ambiguity,135,0.312
bd5c40dc117e397206eeeff31e6c9bef,35,Ambiguous References; Format Ambiguity,215,0.345
bd5c40dc117e397206eeeff31e6c9bef,36,Vague / Missing Context; Ambiguous References,175,0.285
bd5c40dc117e397206eeeff31e6c9bef,37,Ambiguous References; Format Ambiguity,168,0.430
bd5c40dc117e397206eeeff31e6c9bef,38,Ambiguous References; Format Ambiguity,166,0.284
bd5c40dc117e397206eeeff31e6c9bef,39,Ambiguous References; Format Ambiguity,206,0.273
bd5c40dc117e397206eeeff31e6c9bef,40,Vague / Missing Context; Ambiguous References,194,0.284
bd5c40dc117e397206eeeff31e6c9bef,41,Ambiguous References; Format Ambiguity,151,0.309
bd5c40dc117e397206eeeff31e6c9bef,42,Ambiguous References; Format Ambiguity,190,0.327
bd5c40dc117e397206eeeff31e6c9bef,43,Ambiguous References; Format Ambiguity,182,0.369
bd5c40dc117e397206eeeff31e6c9bef,44,Ambiguous References; Format Ambiguity,144,0.281
bd5c40dc117e397206eeeff31e6c9bef,45,Vague / Missing Context; Ambiguous References,186,0.316
bd5c40dc117e397206eeeff31e6c9bef,46,Vague / Missing Context; Ambiguous References,206,0.303
bd5c40dc117e397206eeeff31e6c9bef,47,Vague / Missing Context; Ambiguous References,193,0.297
bd5c40dc117e397206eeeff31e6c9bef,48,Ambiguous References; Format Ambiguity,219,0.268
db3a9c23b57784ef0a3492f0abdc6542,1,Ambiguous References; Format Ambiguity,1191,0.650
db3a9c23b57784ef0a3492f0abdc6542,2,Ambiguous References; Format Ambiguity,1413,0.419
db3a9c23b57784ef0a3492f0abdc6542,3,Vague / Missing Context; Format Ambiguity,1980,0.467
db3a9c23b57784ef0a3492f0abdc6542,4,Vague / Missing Context; Format Ambiguity,1862,0.432
3c473ace121eee584732e43c513b5258,1,Vague / Missing Context; Format Ambiguity,1052,0.410
3c473ace121eee584732e43c513b5258,2,Ambiguous References,594,0.908
9b15a82e0dafaf4340a9b77558349615,1,Vague / Missing Context; Ambiguous References,599,0.309
86e9fd4f73856ae1692f9a3a76d47b81,1,Ambiguous References; Format Ambiguity,35,0.276
86e9fd4f73856ae1692f9a3a76d47b81,2,Vague / Missing Context; Ambiguous References,12,0.259
86e9fd4f73856ae1692f9a3a76d47b81,4,Vague / Missing Context,27,0.243
86e9fd4f73856ae1692f9a3a76d47b81,5,Vague / Missing Context; Ambiguous References,30,0.281
fa95483fd5d790040c4de9510da33f00,3,Ambiguous References; Format Ambiguity,107,0.339
efe049b8a2afbd920c727daa3441005a,1,Vague / Missing Context; Format Ambiguity,1862,0.432
efe049b8a2afbd920c727daa3441005a,2,Vague / Missing Context; Format Ambiguity,960,0.348
575b8d75a5468225ac884c1c16de3173,1,Ambiguous References; Overloaded Prompt,28,0.253
575b8d75a5468225ac884c1c16de3173,2,Vague / Missing Context; Ambiguous References,207,0.286
911345ae93fded353620cba2358bd5a3,1,Vague / Missing Context; Ambiguous References; Format Ambiguity; Overloaded Prompt; Prompt Bloat / Convoluted Prompt; Unnecessary Repetition; Conflicting Constraints; Bias / Loaded Framing; Formality / Audience Mismatch,32,0.642
87b8e6048f316ff985b1fdd85303797c,1,Vague / Missing Context; Ambiguous References; Format Ambiguity,4000,1.018
c02712db474216ae2518fbb6ed939b89,1,Vague / Missing Context; Ambiguous References; Format Ambiguity,4000,0.564
143c4de87bfe838fb9f318107a085ebf,2,Vague / Missing Context; Ambiguous References,6,0.236
143c4de87bfe838fb9f318107a085ebf,3,Ambiguous References; Format Ambiguity,129,0.332
143c4de87bfe838fb9f318107a085ebf,4,Ambiguous References; Format Ambiguity,159,0.341
739c18b974e3a0c9b26b660ad2ce5bce,1,Ambiguous References; Format Ambiguity,86,0.322
739c18b974e3a0c9b26b660ad2ce5bce,2,Ambiguous References; Format Ambiguity,201,0.338
739c18b974e3a0c9b26b660ad2ce5bce,3,Vague / Missing Context; Ambiguous References,132,0.278
739c18b974e3a0c9b26b660ad2ce5bce,4,Vague / Missing Context; Ambiguous References; Format Ambiguity; Overloaded Prompt; Unnecessary Repetition; Conflicting Constraints; Bias / Loaded Framing; Formality / Audience Mismatch,177,0.624
739c18b974e3a0c9b26b660ad2ce5bce,5,Ambiguous References; Format Ambiguity,145,0.297
739c18b974e3a0c9b26b660ad2ce5bce,6,Ambiguous References; Format Ambiguity,178,0.297
739c18b974e3a0c9b26b660ad2ce5bce,7,Vague / Missing Context; Format Ambiguity,196,0.378
739c18b974e3a0c9b26b660ad2ce5bce,8,Vague / Missing Context; Ambiguous References,179,0.311
739c18b974e3a0c9b26b660ad2ce5bce,9,Ambiguous References; Format Ambiguity,209,0.283
739c18b974e3a0c9b26b660ad2ce5bce,10,Vague / Missing Context; Ambiguous References,141,0.306
739c18b974e3a0c9b26b660ad2ce5bce,11,Ambiguous References; Format Ambiguity,172,0.298
739c18b974e3a0c9b26b660ad2ce5bce,12,Vague / Missing Context; Ambiguous References,139,0.286
739c18b974e3a0c9b26b660ad2ce5bce,13,Vague / Missing Context; Ambiguous References,156,0.353
739c18b974e3a0c9b26b660ad2ce5bce,14,Ambiguous References; Format Ambiguity,193,0.417
739c18b974e3a0c9b26b660ad2ce5bce,15,Ambiguous References; Format Ambiguity,147,0.318
739c18b974e3a0c9b26b660ad2ce5bce,16,Vague / Missing Context; Ambiguous References; Format Ambiguity; Overloaded Prompt; Unnecessary Repetition; Conflicting Constraints; Bias / Loaded Framing; Formality / Audience Mismatch,182,0.654
739c18b974e3a0c9b26b660ad2ce5bce,17,Ambiguous References; Format Ambiguity,127,0.292
739c18b974e3a0c9b26b660ad2ce5bce,18,Ambiguous References; Format Ambiguity,159,0.306
739c18b974e3a0c9b26b660ad2ce5bce,19,Vague / Missing Context; Ambiguous References,170,0.281
739c18b974e3a0c9b26b660ad2ce5bce,20,Vague / Missing Context; Ambiguous References,188,0.353
739c18b974e3a0c9b26b660ad2ce5bce,21,Vague / Missing Context; Ambiguous References,158,0.273
739c18b974e3a0c9b26b660ad2ce5bce,22,Vague / Missing Context; Ambiguous References,204,0.383
739c18b974e3a0c9b26b660ad2ce5bce,23,Vague / Missing Context; Ambiguous References; Format Ambiguity; Overloaded Prompt; Prompt Bloat / Convoluted Prompt; Unnecessary Repetition; Conflicting Constraints; Bias / Loaded Framing; Formality / Audience Mismatch,214,0.679
739c18b974e3a0c9b26b660ad2ce5bce,24,Ambiguous References; Format Ambiguity,186,0.325
739c18b974e3a0c9b26b660ad2ce5bce,25,Ambiguous References; Format Ambiguity,142,0.307
739c18b974e3a0c9b26b660ad2ce5bce,26,Vague / Missing Context; Ambiguous References,198,0.362
739c18b974e3a0c9b26b660ad2ce5bce,27,Vague / Missing Context; Ambiguous References,235,0.298
739c18b974e3a0c9b26b660ad2ce5bce,28,Ambiguous References; Format Ambiguity,191,0.322
739c18b974e3a0c9b26b660ad2ce5bce,29,Ambiguous References; Format Ambiguity,182,0.385
739c18b974e3a0c9b26b660ad2ce5bce,30,Ambiguous References; Format Ambiguity,153,0.343
739c18b974e3a0c9b26b660ad2ce5bce,31,Vague / Missing Context; Ambiguous References,189,0.285
739c18b974e3a0c9b26b660ad2ce5bce,32,Vague / Missing Context; Ambiguous References,198,0.285
739c18b974e3a0c9b26b660ad2ce5bce,33,Ambiguous References; Format Ambiguity,133,0.320
739c18b974e3a0c9b26b660ad2ce5bce,34,Ambiguous References; Format Ambiguity,201,0.295
739c18b974e3a0c9b26b660ad2ce5bce,35,Ambiguous References; Format Ambiguity,172,0.336
739c18b974e3a0c9b26b660ad2ce5bce,36,Ambiguous References; Format Ambiguity,175,0.274
739c18b974e3a0c9b26b660ad2ce5bce,37,Vague / Missing Context; Ambiguous References,199,0.285
739c18b974e3a0c9b26b660ad2ce5bce,38,Ambiguous References; Format Ambiguity,179,0.380
739c18b974e3a0c9b26b660ad2ce5bce,39,Vague / Missing Context; Ambiguous References,164,0.301
739c18b974e3a0c9b26b660ad2ce5bce,40,Vague / Missing Context; Ambiguous References,221,0.304
739c18b974e3a0c9b26b660ad2ce5bce,41,Vague / Missing Context; Ambiguous References,205,0.286
739c18b974e3a0c9b26b660ad2ce5bce,42,Vague / Missing Context; Ambiguous References,228,0.443
739c18b974e3a0c9b26b660ad2ce5bce,43,Vague / Missing Context; Ambiguous References,160,0.286
739c18b974e3a0c9b26b660ad2ce5bce,44,Vague / Missing Context; Ambiguous References,190,0.285
739c18b974e3a0c9b26b660ad2ce5bce,45,Vague / Missing Context; Ambiguous References,231,0.289
739c18b974e3a0c9b26b660ad2ce5bce,46,Vague / Missing Context; Ambiguous References,217,0.363
739c18b974e3a0c9b26b660ad2ce5bce,47,Vague / Missing Context; Ambiguous References,170,0.281
739c18b974e3a0c9b26b660ad2ce5bce,48,Ambiguous References; Format Ambiguity,216,0.439
739c18b974e3a0c9b26b660ad2ce5bce,49,Vague / Missing Context; Ambiguous References; Format Ambiguity; Overloaded Prompt; Unnecessary Repetition; Conflicting Constraints; Bias / Loaded Framing; Formality / Audience Mismatch,236,0.667
739c18b974e3a0c9b26b660ad2ce5bce,50,Ambiguous References; Format Ambiguity,174,0.331
739c18b974e3a0c9b26b660ad2ce5bce,51,Ambiguous References; Format Ambiguity,215,0.302
3a5398ca3ed22a932b51cdf0a66ce35e,1,Ambiguous References; Format Ambiguity,540,0.365
3a5398ca3ed22a932b51cdf0a66ce35e,2,Ambiguous References; Format Ambiguity,186,0.558
3a5398ca3ed22a932b51cdf0a66ce35e,3,Vague / Missing Context; Ambiguous References,25,0.268
6ccb8fbfe32823b5a426f2bbe4111385,1,Vague / Missing Context; Ambiguous References; Format Ambiguity; Overloaded Prompt; Unnecessary Repetition; Conflicting Constraints; Bias / Loaded Framing; Formality / Audience Mismatch,97,0.546
1fd77541f5e217cf438b3caca04b65e3,1,Vague / Missing Context; Ambiguous References,28,0.270
cab7da0d06ccc444d1d190ccbab18881,1,Ambiguous References; Format Ambiguity,353,0.477
cab7da0d06ccc444d1d190ccbab18881,2,Ambiguous References; Format Ambiguity,455,0.669
cab7da0d06ccc444d1d190ccbab18881,3,Vague / Missing Context; Ambiguous References; Format Ambiguity; Overloaded Prompt; Unnecessary Repetition; Conflicting Constraints; Bias / Loaded Framing; Formality / Audience Mismatch,84,0.653
cab7da0d06ccc444d1d190ccbab18881,4,Ambiguous References; Format Ambiguity,65,0.258
c693a47b3368defc1163e0cbcc85e3a2,1,Ambiguous References; Format Ambiguity,177,0.288
c203d85eaad1f8f29519ab1ca2c7e9c3,1,Ambiguous References; Format Ambiguity,4000,0.825
2a1fc23e9eb58ca68fbf9fb45c60b43c,1,Vague / Missing Context; Ambiguous References,28,0.270
2a1fc23e9eb58ca68fbf9fb45c60b43c,2,Ambiguous References,28,0.215
9a19cffdc1b3ca8dd328679a74f3f597,1,Vague / Missing Context; Ambiguous References,24,0.263
992ea3a453b7e6df5f5fa4d9de2a6d17,1,Ambiguous References; Format Ambiguity,1097,0.733
992ea3a453b7e6df5f5fa4d9de2a6d17,2,Vague / Missing Context; Ambiguous References,104,0.332
d42165a4b9640538b6e86671ece4f0d8,1,Ambiguous References; Format Ambiguity,1097,0.734
f382ac299a5dad709760898de0d584f4,1,Vague / Missing Context; Ambiguous References; Format Ambiguity; Overloaded Prompt; Unnecessary Repetition; Conflicting Constraints; Bias / Loaded Framing; Formality / Audience Mismatch,169,0.662
1708e91e2134a36049c8759b1784352e,1,Ambiguous References; Format Ambiguity,86,0.322
1708e91e2134a36049c8759b1784352e,2,Ambiguous References; Format Ambiguity,166,0.353
1708e91e2134a36049c8759b1784352e,3,Vague / Missing Context; Ambiguous References,248,0.298
1708e91e2134a36049c8759b1784352e,4,Vague / Missing Context; Ambiguous References,180,0.296
1708e91e2134a36049c8759b1784352e,5,Vague / Missing Context; Ambiguous References,188,0.286
1708e91e2134a36049c8759b1784352e,6,Vague / Missing Context; Format Ambiguity,195,0.427
1708e91e2134a36049c8759b1784352e,7,Vague / Missing Context; Ambiguous References; Format Ambiguity,184,0.338
1708e91e2134a36049c8759b1784352e,8,Vague / Missing Context; Ambiguous References,182,0.357
1708e91e2134a36049c8759b1784352e,9,Ambiguous References; Format Ambiguity,203,0.334
1708e91e2134a36049c8759b1784352e,10,Vague / Missing Context; Ambiguous References,159,0.320
1708e91e2134a36049c8759b1784352e,11,Ambiguous References; Format Ambiguity,181,0.357
1708e91e2134a36049c8759b1784352e,12,Ambiguous References; Format Ambiguity,201,0.376
1708e91e2134a36049c8759b1784352e,13,Vague / Missing Context; Ambiguous References,183,0.296
1708e91e2134a36049c8759b1784352e,14,Vague / Missing Context; Ambiguous References; Format Ambiguity; Overloaded Prompt; Prompt Bloat / Convoluted Prompt; Unnecessary Repetition; Conflicting Constraints; Bias / Loaded Framing; Formality / Audience Mismatch,204,0.679
1708e91e2134a36049c8759b1784352e,15,Vague / Missing Context; Ambiguous References,267,0.286
1708e91e2134a36049c8759b1784352e,16,Ambiguous References; Format Ambiguity,211,0.444
1708e91e2134a36049c8759b1784352e,17,Vague / Missing Context; Ambiguous References,191,0.295
1708e91e2134a36049c8759b1784352e,18,Vague / Missing Context; Ambiguous References,184,0.296
1708e91e2134a36049c8759b1784352e,19,Vague / Missing Context; Ambiguous References,216,0.302
1708e91e2134a36049c8759b1784352e,20,Vague / Missing Context; Ambiguous References,152,0.278
1708e91e2134a36049c8759b1784352e,21,Vague / Missing Context; Ambiguous References,173,0.325
1708e91e2134a36049c8759b1784352e,22,Vague / Missing Context; Ambiguous References,211,0.299
1708e91e2134a36049c8759b1784352e,23,Ambiguous References; Format Ambiguity,176,0.324
1708e91e2134a36049c8759b1784352e,24,Vague / Missing Context; Ambiguous References,207,0.301
1708e91e2134a36049c8759b1784352e,25,Vague / Missing Context; Ambiguous References; Format Ambiguity; Overloaded Prompt; Unnecessary Repetition; Conflicting Constraints; Bias / Loaded Framing; Formality / Audience Mismatch,160,0.663
1708e91e2134a36049c8759b1784352e,26,Vague / Missing Context; Ambiguous References,170,0.309
1708e91e2134a36049c8759b1784352e,27,Ambiguous References; Format Ambiguity,137,0.287
1708e91e2134a36049c8759b1784352e,28,Vague / Missing Context; Ambiguous References; Format Ambiguity; Overloaded Prompt; Unnecessary Repetition; Conflicting Constraints; Bias / Loaded Framing; Formality / Audience Mismatch,161,0.651
1708e91e2134a36049c8759b1784352e,29,Ambiguous References; Format Ambiguity,166,0.358
1708e91e2134a36049c8759b1784352e,30,Vague / Missing Context; Ambiguous References,164,0.280
1708e91e2134a36049c8759b1784352e,31,Vague / Missing Context; Ambiguous References,179,0.280
1708e91e2134a36049c8759b1784352e,32,Vague / Missing Context; Ambiguous References,212,0.320
1708e91e2134a36049c8759b1784352e,33,Vague / Missing Context; Ambiguous References,151,0.286
1708e91e2134a36049c8759b1784352e,34,Ambiguous References; Format Ambiguity,219,0.398
1708e91e2134a36049c8759b1784352e,35,Ambiguous References; Format Ambiguity,143,0.322
1708e91e2134a36049c8759b1784352e,36,Vague / Missing Context; Ambiguous References,222,0.296
1708e91e2134a36049c8759b1784352e,37,Ambiguous References; Format Ambiguity,236,0.451
1708e91e2134a36049c8759b1784352e,38,Ambiguous References; Format Ambiguity,193,0.469
1708e91e2134a36049c8759b1784352e,39,Ambiguous References; Format Ambiguity,156,0.293
1708e91e2134a36049c8759b1784352e,40,Ambiguous References; Format Ambiguity,161,0.410
1708e91e2134a36049c8759b1784352e,41,Ambiguous References; Format Ambiguity,142,0.272
1708e91e2134a36049c8759b1784352e,42,Ambiguous References; Format Ambiguity,166,0.263
1708e91e2134a36049c8759b1784352e,43,Ambiguous References; Format Ambiguity,178,0.300
1708e91e2134a36049c8759b1784352e,44,Vague / Missing Context; Ambiguous References,163,0.291
1708e91e2134a36049c8759b1784352e,45,Ambiguous References; Format Ambiguity,173,0.320
1708e91e2134a36049c8759b1784352e,46,Ambiguous References; Format Ambiguity,225,0.369
1708e91e2134a36049c8759b1784352e,47,Vague / Missing Context; Ambiguous References,168,0.298
1708e91e2134a36049c8759b1784352e,48,Vague / Missing Context; Ambiguous References,227,0.296
1708e91e2134a36049c8759b1784352e,49,Vague / Missing Context; Format Ambiguity,184,0.301
1708e91e2134a36049c8759b1784352e,50,Ambiguous References; Format Ambiguity,122,0.291
1708e91e2134a36049c8759b1784352e,51,Vague / Missing Context; Ambiguous References,201,0.281
c6d887fa76ff92a390f0caa5ebc23593,1,Vague / Missing Context; Ambiguous References; Format Ambiguity; Overloaded Prompt; Unnecessary Repetition; Conflicting Constraints; Bias / Loaded Framing; Formality / Audience Mismatch,169,0.663
5a76d12fdf66715344f9453efeaefbe4,1,Ambiguous References; Format Ambiguity,1780,0.770
116123abafee7751d2fce94da9f37680,1,Vague / Missing Context; Ambiguous References; Format Ambiguity; Overloaded Prompt; Unnecessary Repetition; Conflicting Constraints; Bias / Loaded Framing; Formality / Audience Mismatch,171,0.665
544b1418bdcc500cb246a22de99a1688,1,Ambiguous References; Format Ambiguity,1122,0.730
d664ccc9e9e011c272184e960f9cc5ee,1,Vague / Missing Context; Ambiguous References,133,0.301
ac99c6a334d12e9765b991582e355a0b,1,Ambiguous References; Format Ambiguity,1123,0.789
92e5d6380967ef516d165ec394e1c75f,1,Vague / Missing Context; Ambiguous References,193,0.287
a7e2b4d7cc8ba3b839805af6c1149d69,1,Vague / Missing Context; Ambiguous References,26,0.251
0361608c38fcc734a0cbe65426adbb08,1,Ambiguous References,185,0.291
c3bfa6c1e3a4f8c731521cb7ff0beb03,1,Ambiguous References; Format Ambiguity,1151,0.754
01317cea0c4341637d3a72d32df4b9f6,1,Vague / Missing Context; Ambiguous References,28,0.251
06f50cee7d0b85219e1008d4632d1a38,1,Vague / Missing Context; Ambiguous References,42,0.270
7cfb9a7a57b83324d762e222350ebfc0,1,Vague / Missing Context; Ambiguous References,45,0.290
0f9463babb56b34061be5e4ef5cc712d,1,Ambiguous References; Format Ambiguity,4000,0.812
ef0a8ab9314d15b72782fb8965625421,1,Vague / Missing Context; Ambiguous References,118,0.353
ef0a8ab9314d15b72782fb8965625421,2,Vague / Missing Context; Ambiguous References; Format Ambiguity; Overloaded Prompt; Unnecessary Repetition; Conflicting Constraints; Bias / Loaded Framing; Formality / Audience Mismatch,58,0.598
ef0a8ab9314d15b72782fb8965625421,3,Format Ambiguity,372,0.272
ef0a8ab9314d15b72782fb8965625421,4,Ambiguous References; Overloaded Prompt; Format Ambiguity; Vague / Missing Context; Unnecessary Repetition; Conflicting Constraints; Bias / Loaded Framing,4000,1.592
ef0a8ab9314d15b72782fb8965625421,5,Vague / Missing Context; Ambiguous References; Format Ambiguity,72,0.356
ef0a8ab9314d15b72782fb8965625421,6,Format Ambiguity,135,0.327
ef0a8ab9314d15b72782fb8965625421,7,Format Ambiguity,135,0.299
ef0a8ab9314d15b72782fb8965625421,8,Ambiguous References,136,0.313
ef0a8ab9314d15b72782fb8965625421,9,Format Ambiguity; Vague / Missing Context; Ambiguous References,208,0.910
ef0a8ab9314d15b72782fb8965625421,10,Ambiguous References; Format Ambiguity,89,0.358
80e2a8afeed1702802ae669908fccb1d,1,Ambiguous References; Format Ambiguity,38,0.257
80e2a8afeed1702802ae669908fccb1d,3,Vague / Missing Context; Ambiguous References,41,0.300
80e2a8afeed1702802ae669908fccb1d,4,Vague / Missing Context; Ambiguous References,77,0.311
80e2a8afeed1702802ae669908fccb1d,5,Vague / Missing Context; Ambiguous References,34,0.297
4640ce38ae13a74c7d8e215aaf5fcff6,1,Ambiguous References; Format Ambiguity,1172,0.700
5c108e733ce7aff9fd6f0edaf057950d,1,Ambiguous References; Format Ambiguity,86,0.322
5c108e733ce7aff9fd6f0edaf057950d,2,Vague / Missing Context; Ambiguous References,173,0.280
5c108e733ce7aff9fd6f0edaf057950d,3,Ambiguous References; Format Ambiguity,196,0.377
5c108e733ce7aff9fd6f0edaf057950d,4,Ambiguous References; Format Ambiguity,223,0.289
5c108e733ce7aff9fd6f0edaf057950d,5,Vague / Missing Context; Ambiguous References,132,0.289
5c108e733ce7aff9fd6f0edaf057950d,6,Ambiguous References; Format Ambiguity,184,0.310
5c108e733ce7aff9fd6f0edaf057950d,7,Vague / Missing Context; Ambiguous References,162,0.356
5c108e733ce7aff9fd6f0edaf057950d,8,Vague / Missing Context; Ambiguous References,212,0.292
5c108e733ce7aff9fd6f0edaf057950d,9,Ambiguous References; Format Ambiguity,163,0.368
5c108e733ce7aff9fd6f0edaf057950d,10,Ambiguous References; Format Ambiguity,208,0.323
5c108e733ce7aff9fd6f0edaf057950d,11,Ambiguous References; Format Ambiguity,187,0.289
5c108e733ce7aff9fd6f0edaf057950d,12,Ambiguous References; Format Ambiguity,202,0.353
5c108e733ce7aff9fd6f0edaf057950d,13,Vague / Missing Context; Ambiguous References,188,0.280
5c108e733ce7aff9fd6f0edaf057950d,14,Ambiguous References; Format Ambiguity,191,0.370
5c108e733ce7aff9fd6f0edaf057950d,15,Vague / Missing Context; Ambiguous References,175,0.370
5c108e733ce7aff9fd6f0edaf057950d,16,Vague / Missing Context; Ambiguous References,129,0.291
5c108e733ce7aff9fd6f0edaf057950d,17,Ambiguous References; Format Ambiguity,155,0.273
5c108e733ce7aff9fd6f0edaf057950d,18,Ambiguous References; Format Ambiguity,200,0.352
5c108e733ce7aff9fd6f0edaf057950d,19,Ambiguous References; Format Ambiguity,187,0.300
5c108e733ce7aff9fd6f0edaf057950d,20,Vague / Missing Context; Ambiguous References; Format Ambiguity; Overloaded Prompt; Prompt Bloat / Convoluted Prompt; Unnecessary Repetition; Conflicting Constraints; Bias / Loaded Framing; Formality / Audience Mismatch,179,0.677
5c108e733ce7aff9fd6f0edaf057950d,21,Ambiguous References; Format Ambiguity,186,0.274
5c108e733ce7aff9fd6f0edaf057950d,22,Ambiguous References; Format Ambiguity,172,0.297
5c108e733ce7aff9fd6f0edaf057950d,23,Ambiguous References; Format Ambiguity,215,0.390
5c108e733ce7aff9fd6f0edaf057950d,24,Ambiguous References; Format Ambiguity,145,0.319
5c108e733ce7aff9fd6f0edaf057950d,25,Vague / Missing Context; Ambiguous References,186,0.300
5c108e733ce7aff9fd6f0edaf057950d,26,Ambiguous References; Format Ambiguity,202,0.354
5c108e733ce7aff9fd6f0edaf057950d,27,Ambiguous References; Format Ambiguity,141,0.272
5c108e733ce7aff9fd6f0edaf057950d,28,Vague / Missing Context; Ambiguous References,173,0.346
5c108e733ce7aff9fd6f0edaf057950d,29,Ambiguous References; Format Ambiguity,209,0.391
5c108e733ce7aff9fd6f0edaf057950d,30,Ambiguous References; Format Ambiguity,149,0.303
5c108e733ce7aff9fd6f0edaf057950d,31,Ambiguous References; Format Ambiguity,161,0.274
5c108e733ce7aff9fd6f0edaf057950d,32,Ambiguous References; Format Ambiguity,201,0.396
5c108e733ce7aff9fd6f0edaf057950d,33,Vague / Missing Context; Ambiguous References; Format Ambiguity,166,0.320
5c108e733ce7aff9fd6f0edaf057950d,34,Ambiguous References; Format Ambiguity,183,0.329
5c108e733ce7aff9fd6f0edaf057950d,35,Vague / Missing Context; Ambiguous References; Format Ambiguity; Overloaded Prompt; Prompt Bloat / Convoluted Prompt; Unnecessary Repetition; Conflicting Constraints; Bias / Loaded Framing; Formality / Audience Mismatch,210,0.682
5c108e733ce7aff9fd6f0edaf057950d,36,Vague / Missing Context; Ambiguous References,203,0.324
5c108e733ce7aff9fd6f0edaf057950d,37,Vague / Missing Context; Ambiguous References,207,0.297
5c108e733ce7aff9fd6f0edaf057950d,38,Ambiguous References; Format Ambiguity,183,0.320
5c108e733ce7aff9fd6f0edaf057950d,39,Ambiguous References; Format Ambiguity,136,0.294
5c108e733ce7aff9fd6f0edaf057950d,40,Ambiguous References; Format Ambiguity,209,0.316
5c108e733ce7aff9fd6f0edaf057950d,41,Ambiguous References; Format Ambiguity,197,0.340
5c108e733ce7aff9fd6f0edaf057950d,42,Ambiguous References; Format Ambiguity,175,0.319
5c108e733ce7aff9fd6f0edaf057950d,43,Ambiguous References; Format Ambiguity,157,0.318
5c108e733ce7aff9fd6f0edaf057950d,44,Ambiguous References; Format Ambiguity,165,0.292
5c108e733ce7aff9fd6f0edaf057950d,45,Vague / Missing Context; Ambiguous References; Format Ambiguity,196,0.321
5c108e733ce7aff9fd6f0edaf057950d,46,Ambiguous References; Format Ambiguity,206,0.362
5c108e733ce7aff9fd6f0edaf057950d,47,Ambiguous References; Format Ambiguity,202,0.437
5c108e733ce7aff9fd6f0edaf057950d,48,Vague / Missing Context; Ambiguous References,231,0.296
5c108e733ce7aff9fd6f0edaf057950d,49,Ambiguous References; Format Ambiguity,193,0.464
5c108e733ce7aff9fd6f0edaf057950d,50,Vague / Missing Context; Ambiguous References,242,0.285
5c108e733ce7aff9fd6f0edaf057950d,51,Ambiguous References; Format Ambiguity,228,0.389
b4875590c406569f2af5e909bd69e553,1,Ambiguous References; Format Ambiguity,1174,0.534
7066437c6dd8162177f16c3f3aeabf5e,1,Ambiguous References; Format Ambiguity,4000,0.811
4898671b3f7fb36a095bbe5eb84acccf,1,Ambiguous References; Format Ambiguity,1195,0.718
de0d143dd26522095cd23b52d729f2e2,1,Ambiguous References; Format Ambiguity; Overloaded Prompt; Unnecessary Repetition; Conflicting Constraints; Bias / Loaded Framing; Formality / Audience Mismatch; Vague / Missing Context,3590,1.367
de0d143dd26522095cd23b52d729f2e2,2,Ambiguous References; Format Ambiguity,384,0.454
de0d143dd26522095cd23b52d729f2e2,3,Ambiguous References; Format Ambiguity,303,0.683
de0d143dd26522095cd23b52d729f2e2,4,Ambiguous References; Format Ambiguity,259,0.496
36a885465491f9dce7273cb13c6807ff,1,Ambiguous References; Format Ambiguity,1292,0.628
9655a22f4fa2615406a769831a3f318c,1,Vague / Missing Context; Ambiguous References,8,0.215
9655a22f4fa2615406a769831a3f318c,3,Vague / Missing Context; Ambiguous References,47,0.285
9655a22f4fa2615406a769831a3f318c,4,Ambiguous References; Format Ambiguity,94,0.325
9655a22f4fa2615406a769831a3f318c,5,Ambiguous References; Format Ambiguity,75,0.305
9655a22f4fa2615406a769831a3f318c,6,Ambiguous References; Format Ambiguity,77,0.314
9655a22f4fa2615406a769831a3f318c,7,Ambiguous References; Format Ambiguity,96,0.318
9655a22f4fa2615406a769831a3f318c,8,Ambiguous References; Format Ambiguity,61,0.273
58d70efa4f9cfbf4b637d6052f5458d8,1,Ambiguous References; Format Ambiguity,924,0.807
c45173b0ad0c6b5dd12e8cc1ccfa6296,1,Ambiguous References; Format Ambiguity,924,0.713
6515f510300c19fdbac74674b2249fb9,4,Ambiguous References,22,0.185
bdbd253134a06335c140b42c4447026c,1,Ambiguous References; Format Ambiguity,336,0.276
bdbd253134a06335c140b42c4447026c,2,Ambiguous References; Format Ambiguity,286,0.297
bdbd253134a06335c140b42c4447026c,3,Ambiguous References; Format Ambiguity,213,0.283
bdbd253134a06335c140b42c4447026c,4,Ambiguous References; Format Ambiguity,174,0.259
bdbd253134a06335c140b42c4447026c,5,Ambiguous References; Format Ambiguity,99,0.251
bdbd253134a06335c140b42c4447026c,6,Vague / Missing Context; Ambiguous References; Format Ambiguity; Overloaded Prompt; Unnecessary Repetition; Conflicting Constraints; Bias / Loaded Framing; Formality / Audience Mismatch,29,0.619
baf49525605fcccd89ea8994d7a3c8af,1,Ambiguous References; Format Ambiguity,917,0.740
2153ca3d0e0b59302a6f5225239ed71b,1,Vague / Missing Context; Ambiguous References,179,0.397
2153ca3d0e0b59302a6f5225239ed71b,2,Vague / Missing Context; Ambiguous References,4000,0.892
2153ca3d0e0b59302a6f5225239ed71b,3,Vague / Missing Context,77,0.277
7e8ea875c4e1685905e5bb552f207ea1,1,Vague / Missing Context; Ambiguous References; Format Ambiguity; Overloaded Prompt; Unnecessary Repetition; Conflicting Constraints; Bias / Loaded Framing; Formality / Audience Mismatch,124,0.626
7e8ea875c4e1685905e5bb552f207ea1,2,Ambiguous References; Format Ambiguity,103,0.300
7e8ea875c4e1685905e5bb552f207ea1,3,Vague / Missing Context; Ambiguous References,107,0.280
b52c2263b082c56b0fe4e024fcd90fde,1,Ambiguous References,22,0.261
b52c2263b082c56b0fe4e024fcd90fde,2,Ambiguous References; Vague / Missing Context,17,0.263
2c714015812065f25baf349b302d6e87,1,Format Ambiguity; Ambiguous References; Overloaded Prompt; Unnecessary Repetition; Conflicting Constraints; Bias / Loaded Framing; Formality / Audience Mismatch; Vague / Missing Context,1292,0.988
2c714015812065f25baf349b302d6e87,2,Vague / Missing Context; Ambiguous References,94,0.333
2c714015812065f25baf349b302d6e87,3,Format Ambiguity,389,0.382
2c714015812065f25baf349b302d6e87,4,Vague / Missing Context,57,0.245
2c714015812065f25baf349b302d6e87,5,Ambiguous References; Format Ambiguity,301,0.342
2c714015812065f25baf349b302d6e87,6,Vague / Missing Context; Ambiguous References,74,0.299
34f0e986baaf4289b84964984544a70d,1,Ambiguous References; Format Ambiguity,4000,0.840
f1486f3a2e8af9ca2919c9ec10ec031d,1,Vague / Missing Context; Ambiguous References,45,0.286
7864d40ebc1f458c4a18d81b2a324f55,1,Vague / Missing Context; Ambiguous References; Format Ambiguity; Overloaded Prompt; Unnecessary Repetition; Conflicting Constraints; Irrelevant / Excessive Persona; Bias / Loaded Framing; Formality / Audience Mismatch,906,1.097
36a5b7ecd8894c16a1f9ec443fc51d81,1,Ambiguous References; Format Ambiguity,2247,0.495
36a5b7ecd8894c16a1f9ec443fc51d81,2,Vague / Missing Context; Format Ambiguity,2214,0.488
36a5b7ecd8894c16a1f9ec443fc51d81,3,Ambiguous References; Format Ambiguity,383,0.258
6cad0e03b113ca297b1b38c3ca562a8f,1,Ambiguous References; Format Ambiguity,915,0.694
2f26f1be2aa1b5b9896077c4fe242a07,1,Ambiguous References; Format Ambiguity,3691,0.961
86f9e4302e3b568a2fcbdd1ceb4fbe74,1,Ambiguous References; Format Ambiguity,86,0.323
86f9e4302e3b568a2fcbdd1ceb4fbe74,2,Ambiguous References; Format Ambiguity,145,0.297
86f9e4302e3b568a2fcbdd1ceb4fbe74,3,Ambiguous References; Format Ambiguity,193,0.344
86f9e4302e3b568a2fcbdd1ceb4fbe74,4,Ambiguous References; Format Ambiguity,180,0.340
86f9e4302e3b568a2fcbdd1ceb4fbe74,5,Ambiguous References; Format Ambiguity,183,0.294
86f9e4302e3b568a2fcbdd1ceb4fbe74,6,Ambiguous References; Format Ambiguity,154,0.340
86f9e4302e3b568a2fcbdd1ceb4fbe74,7,Ambiguous References; Format Ambiguity,214,0.362
86f9e4302e3b568a2fcbdd1ceb4fbe74,8,Ambiguous References,206,0.371
86f9e4302e3b568a2fcbdd1ceb4fbe74,9,Ambiguous References; Format Ambiguity,159,0.297
86f9e4302e3b568a2fcbdd1ceb4fbe74,10,Ambiguous References; Format Ambiguity,145,0.366
86f9e4302e3b568a2fcbdd1ceb4fbe74,11,Ambiguous References; Format Ambiguity,162,0.354
86f9e4302e3b568a2fcbdd1ceb4fbe74,12,Ambiguous References; Format Ambiguity,189,0.341
86f9e4302e3b568a2fcbdd1ceb4fbe74,13,Ambiguous References; Format Ambiguity,140,0.282
86f9e4302e3b568a2fcbdd1ceb4fbe74,14,Ambiguous References; Format Ambiguity,224,0.282
86f9e4302e3b568a2fcbdd1ceb4fbe74,15,Vague / Missing Context; Ambiguous References,223,0.287
86f9e4302e3b568a2fcbdd1ceb4fbe74,16,Ambiguous References; Format Ambiguity,170,0.373
86f9e4302e3b568a2fcbdd1ceb4fbe74,17,Vague / Missing Context; Ambiguous References; Format Ambiguity; Overloaded Prompt; Unnecessary Repetition; Conflicting Constraints; Bias / Loaded Framing; Formality / Audience Mismatch,216,0.646
86f9e4302e3b568a2fcbdd1ceb4fbe74,18,Ambiguous References; Format Ambiguity,218,0.313
86f9e4302e3b568a2fcbdd1ceb4fbe74,19,Ambiguous References; Format Ambiguity,197,0.377
86f9e4302e3b568a2fcbdd1ceb4fbe74,20,Ambiguous References; Format Ambiguity,228,0.297
86f9e4302e3b568a2fcbdd1ceb4fbe74,21,Ambiguous References; Format Ambiguity,163,0.286
86f9e4302e3b568a2fcbdd1ceb4fbe74,22,Ambiguous References; Format Ambiguity,178,0.457
86f9e4302e3b568a2fcbdd1ceb4fbe74,23,Ambiguous References; Overloaded Prompt,196,0.333
86f9e4302e3b568a2fcbdd1ceb4fbe74,24,Vague / Missing Context; Ambiguous References,265,0.287
86f9e4302e3b568a2fcbdd1ceb4fbe74,25,Ambiguous References; Format Ambiguity,145,0.283
86f9e4302e3b568a2fcbdd1ceb4fbe74,26,Vague / Missing Context; Ambiguous References,165,0.280
86f9e4302e3b568a2fcbdd1ceb4fbe74,27,Ambiguous References; Format Ambiguity,188,0.261
86f9e4302e3b568a2fcbdd1ceb4fbe74,28,Ambiguous References; Format Ambiguity,188,0.316
86f9e4302e3b568a2fcbdd1ceb4fbe74,29,Ambiguous References; Format Ambiguity,217,0.314
86f9e4302e3b568a2fcbdd1ceb4fbe74,30,Vague / Missing Context; Ambiguous References,168,0.279
86f9e4302e3b568a2fcbdd1ceb4fbe74,31,Ambiguous References; Format Ambiguity,207,0.253
86f9e4302e3b568a2fcbdd1ceb4fbe74,32,Ambiguous References; Format Ambiguity,143,0.339
86f9e4302e3b568a2fcbdd1ceb4fbe74,33,Ambiguous References; Format Ambiguity,145,0.297
86f9e4302e3b568a2fcbdd1ceb4fbe74,34,Vague / Missing Context; Ambiguous References,150,0.307
86f9e4302e3b568a2fcbdd1ceb4fbe74,35,Ambiguous References; Format Ambiguity,162,0.344
86f9e4302e3b568a2fcbdd1ceb4fbe74,36,Ambiguous References; Format Ambiguity,181,0.320
86f9e4302e3b568a2fcbdd1ceb4fbe74,37,Vague / Missing Context; Format Ambiguity,189,0.338
86f9e4302e3b568a2fcbdd1ceb4fbe74,38,Ambiguous References; Format Ambiguity,153,0.277
86f9e4302e3b568a2fcbdd1ceb4fbe74,39,Ambiguous References; Format Ambiguity,190,0.361
86f9e4302e3b568a2fcbdd1ceb4fbe74,40,Vague / Missing Context; Ambiguous References,149,0.397
86f9e4302e3b568a2fcbdd1ceb4fbe74,41,Ambiguous References; Format Ambiguity,188,0.305
86f9e4302e3b568a2fcbdd1ceb4fbe74,42,Ambiguous References; Format Ambiguity,166,0.374
86f9e4302e3b568a2fcbdd1ceb4fbe74,43,Ambiguous References; Format Ambiguity,166,0.286
86f9e4302e3b568a2fcbdd1ceb4fbe74,44,Ambiguous References; Format Ambiguity,209,0.310
86f9e4302e3b568a2fcbdd1ceb4fbe74,45,Vague / Missing Context; Ambiguous References,184,0.320
86f9e4302e3b568a2fcbdd1ceb4fbe74,46,Ambiguous References; Format Ambiguity,157,0.339
86f9e4302e3b568a2fcbdd1ceb4fbe74,47,Ambiguous References; Format Ambiguity,201,0.385
86f9e4302e3b568a2fcbdd1ceb4fbe74,48,Ambiguous References,143,0.242
86f9e4302e3b568a2fcbdd1ceb4fbe74,49,Ambiguous References; Format Ambiguity,168,0.336
86f9e4302e3b568a2fcbdd1ceb4fbe74,50,Ambiguous References; Format Ambiguity,140,0.383
86f9e4302e3b568a2fcbdd1ceb4fbe74,51,Vague / Missing Context; Ambiguous References,175,0.320
2e6076a5ac6aca73f386742c3fdd9e02,1,Vague / Missing Context; Ambiguous References,24,0.242
4f992d5a3e4e00e357ed897979f5a6f9,1,Ambiguous References; Format Ambiguity,3696,1.077
bd5ad70e7ef241690d5be1ccae2158a6,1,Ambiguous References,35,0.230
bd5ad70e7ef241690d5be1ccae2158a6,2,Vague / Missing Context; Ambiguous References,35,0.276
7a6d8677ccce9750567bb46206db66d6,1,Ambiguous References; Format Ambiguity,4000,0.826
e936a52039a91b18cc7dfe2e42b0e34e,1,Ambiguous References; Format Ambiguity,3696,0.962
b13747b079d47378997894d5cb586af6,1,Ambiguous References; Format Ambiguity,929,0.625
10bac3f4958eaa3243ff271f1d5f41e1,1,Vague / Missing Context; Ambiguous References; Format Ambiguity; Overloaded Prompt; Unnecessary Repetition; Conflicting Constraints; Bias / Loaded Framing; Formality / Audience Mismatch; Irrelevant / Excessive Persona,3505,1.282
a020f91d1117ce09c31b68d9d25d29b2,1,Vague / Missing Context; Format Ambiguity,3672,0.800
a020f91d1117ce09c31b68d9d25d29b2,2,Vague / Missing Context,18,0.270
6d66f7b3fc73ea43f8cee20f41d5e8fb,1,Vague / Missing Context; Ambiguous References,423,0.362
6d66f7b3fc73ea43f8cee20f41d5e8fb,2,Vague / Missing Context; Ambiguous References,507,0.331
6d66f7b3fc73ea43f8cee20f41d5e8fb,3,Ambiguous References; Format Ambiguity,436,0.301
bf74c8b8600326e8344340c1b8bdd23f,1,Ambiguous References; Format Ambiguity; Overloaded Prompt; Conflicting Constraints; Unnecessary Repetition; Prompt Bloat / Convoluted Prompt,928,1.034
03b0e6f296c4a90b3890625d46bb1574,1,Ambiguous References; Format Ambiguity,958,0.556
d586094fd90581c1362b50c2d0694b8b,1,Vague / Missing Context; Ambiguous References,92,0.330
f107883a6de07127a4e9b814642197ec,1,Ambiguous References; Format Ambiguity,970,0.489
2302377c69212fe4267b0faefa068669,1,Ambiguous References; Format Ambiguity,52,0.280
2302377c69212fe4267b0faefa068669,2,Ambiguous References; Format Ambiguity,19,0.234
2302377c69212fe4267b0faefa068669,3,Ambiguous References,35,0.284
2302377c69212fe4267b0faefa068669,4,Vague / Missing Context; Ambiguous References,35,0.271
2302377c69212fe4267b0faefa068669,5,Vague / Missing Context; Ambiguous References,34,0.263
2302377c69212fe4267b0faefa068669,6,Ambiguous References,20,0.504
b8e4ee25b5399da6ad123eb4d2a56843,1,Vague / Missing Context; Ambiguous References,179,0.395
b8e4ee25b5399da6ad123eb4d2a56843,2,Vague / Missing Context; Ambiguous References,4000,0.895
b8e4ee25b5399da6ad123eb4d2a56843,3,Vague / Missing Context,77,0.247
b8e4ee25b5399da6ad123eb4d2a56843,4,Vague / Missing Context; Ambiguous References,135,0.393
ccd7c8f51a452a6c0e32d6fb680ca3da,1,Ambiguous References; Format Ambiguity; Overloaded Prompt; Conflicting Constraints; Unnecessary Repetition; Bias / Loaded Framing; Formality / Audience Mismatch; Vague / Missing Context,1250,0.747
ccd7c8f51a452a6c0e32d6fb680ca3da,2,Vague / Missing Context; Format Ambiguity,1590,0.507
ccd7c8f51a452a6c0e32d6fb680ca3da,3,Vague / Missing Context; Format Ambiguity,439,0.533
c7c663c913c1b9065dcc38ed8e78eddf,1,Ambiguous References; Format Ambiguity,167,0.399
c7c663c913c1b9065dcc38ed8e78eddf,2,Ambiguous References; Format Ambiguity,34,0.263
c7c663c913c1b9065dcc38ed8e78eddf,3,Vague / Missing Context; Ambiguous References,171,0.286
c7c663c913c1b9065dcc38ed8e78eddf,4,Ambiguous References; Format Ambiguity,32,0.271
c7c663c913c1b9065dcc38ed8e78eddf,5,Ambiguous References; Format Ambiguity,126,0.327
c7c663c913c1b9065dcc38ed8e78eddf,7,Vague / Missing Context; Ambiguous References,34,0.271
c7c663c913c1b9065dcc38ed8e78eddf,8,Ambiguous References; Format Ambiguity,38,0.270
171bcb9caf576760d8b1f43055753063,1,Ambiguous References; Vague / Missing Context,100,0.260
171bcb9caf576760d8b1f43055753063,6,Ambiguous References; Vague / Missing Context,106,0.261
171bcb9caf576760d8b1f43055753063,8,Ambiguous References; Format Ambiguity,104,0.273
171bcb9caf576760d8b1f43055753063,11,Ambiguous References; Format Ambiguity,105,0.250
171bcb9caf576760d8b1f43055753063,12,Vague / Missing Context; Ambiguous References; Format Ambiguity; Overloaded Prompt; Unnecessary Repetition; Conflicting Constraints; Bias / Loaded Framing; Formality / Audience Mismatch,928,0.718
171bcb9caf576760d8b1f43055753063,13,Vague / Missing Context; Ambiguous References,28,0.257
171bcb9caf576760d8b1f43055753063,15,Vague / Missing Context; Ambiguous References; Format Ambiguity; Overloaded Prompt; Unnecessary Repetition; Conflicting Constraints; Bias / Loaded Framing; Formality / Audience Mismatch,73,0.669
171bcb9caf576760d8b1f43055753063,16,Ambiguous References; Format Ambiguity,438,0.347
171bcb9caf576760d8b1f43055753063,18,Ambiguous References; Format Ambiguity,69,0.292
171bcb9caf576760d8b1f43055753063,19,No Smell,18,0.183
171bcb9caf576760d8b1f43055753063,20,Vague / Missing Context; Ambiguous References,40,0.278
d766931ca67affc54934d6952303566f,1,Ambiguous References; Format Ambiguity,968,0.434
4f26c3197bbbe7526012e7f5bec65d0b,1,Ambiguous References; Format Ambiguity,365,0.298
4f26c3197bbbe7526012e7f5bec65d0b,2,Vague / Missing Context; Format Ambiguity,63,0.292
5f1bb8d38ce15c7e7504b96b02d524e7,1,Ambiguous References; Format Ambiguity,26,0.250
5f1bb8d38ce15c7e7504b96b02d524e7,2,Ambiguous References; Format Ambiguity,19,0.228
5f1bb8d38ce15c7e7504b96b02d524e7,3,Ambiguous References; Format Ambiguity,45,0.258
fdc3aad994d00891f75b2f17c9e76cb8,1,Ambiguous References; Format Ambiguity,206,0.387
fdc3aad994d00891f75b2f17c9e76cb8,2,Vague / Missing Context; Format Ambiguity,269,0.389
029f8132237856ddefc560feb6fda26e,1,Ambiguous References; Format Ambiguity,53,0.276
029f8132237856ddefc560feb6fda26e,2,Ambiguous References; Format Ambiguity,65,0.305
8aa2d1f1742aa503817c81e12933d7ba,1,Ambiguous References; Format Ambiguity,968,0.434
5472a4ac0448935034abf8c3808c7a5a,1,Vague / Missing Context; Ambiguous References,216,0.291
382274e4f9301aeaabb4a8f1ee530971,1,Ambiguous References; Format Ambiguity,530,0.336
d3f1f136739c63c84b2f5503ebfbb74a,1,Ambiguous References; Format Ambiguity,86,0.323
d3f1f136739c63c84b2f5503ebfbb74a,2,Ambiguous References; Format Ambiguity,192,0.479
d3f1f136739c63c84b2f5503ebfbb74a,3,Ambiguous References; Format Ambiguity,205,0.341
d3f1f136739c63c84b2f5503ebfbb74a,4,Ambiguous References; Format Ambiguity,195,0.306
d3f1f136739c63c84b2f5503ebfbb74a,5,Ambiguous References; Format Ambiguity,152,0.273
d3f1f136739c63c84b2f5503ebfbb74a,6,Vague / Missing Context; Ambiguous References,205,0.285
d3f1f136739c63c84b2f5503ebfbb74a,7,Vague / Missing Context; Ambiguous References,191,0.454
d3f1f136739c63c84b2f5503ebfbb74a,8,Ambiguous References; Format Ambiguity,226,0.350
d3f1f136739c63c84b2f5503ebfbb74a,9,Vague / Missing Context; Format Ambiguity,214,0.446
d3f1f136739c63c84b2f5503ebfbb74a,10,Ambiguous References; Format Ambiguity,179,0.322
d3f1f136739c63c84b2f5503ebfbb74a,11,Vague / Missing Context; Ambiguous References,197,0.285
d3f1f136739c63c84b2f5503ebfbb74a,12,Vague / Missing Context; Ambiguous References,195,0.281
d3f1f136739c63c84b2f5503ebfbb74a,13,Vague / Missing Context; Ambiguous References,143,0.279
d3f1f136739c63c84b2f5503ebfbb74a,14,Ambiguous References; Format Ambiguity,145,0.297
d3f1f136739c63c84b2f5503ebfbb74a,15,Vague / Missing Context; Ambiguous References,182,0.396
d3f1f136739c63c84b2f5503ebfbb74a,16,Vague / Missing Context; Ambiguous References,160,0.290
d3f1f136739c63c84b2f5503ebfbb74a,17,Vague / Missing Context; Ambiguous References,194,0.285
3d3d554f4bd9c02ed53b131afc9bf1b2,1,Ambiguous References; Format Ambiguity,969,0.690
ea20feeddb1b1e6dbf128304f2fb82a7,2,Vague / Missing Context; Ambiguous References,81,0.278
c1fc1a8e52553b0382ac56a01edea872,1,Ambiguous References,225,0.257
c1fc1a8e52553b0382ac56a01edea872,2,Ambiguous References; Format Ambiguity,54,0.339
c1fc1a8e52553b0382ac56a01edea872,3,Ambiguous References; Format Ambiguity,55,0.292
c1fc1a8e52553b0382ac56a01edea872,4,Vague / Missing Context; Ambiguous References,64,0.317
c1fc1a8e52553b0382ac56a01edea872,5,Ambiguous References,28,0.203
c1fc1a8e52553b0382ac56a01edea872,6,Vague / Missing Context; Ambiguous References,107,0.281
c1fc1a8e52553b0382ac56a01edea872,7,Ambiguous References; Format Ambiguity,159,0.710
c1fc1a8e52553b0382ac56a01edea872,8,Ambiguous References; Format Ambiguity,99,0.273
5881d60832000007f8c7dbaf55f97e70,1,Ambiguous References; Format Ambiguity,302,0.314
f224355fdd4963c10a4204f283eee573,1,Ambiguous References; Format Ambiguity,286,0.297
f224355fdd4963c10a4204f283eee573,2,Vague / Missing Context; Ambiguous References,54,0.281
c9c644bf649fa554adeec562d505abe8,1,Ambiguous References; Format Ambiguity,196,0.716
c9c644bf649fa554adeec562d505abe8,2,Ambiguous References,40,0.230
c9c644bf649fa554adeec562d505abe8,3,Ambiguous References,67,0.284
c9c644bf649fa554adeec562d505abe8,4,Ambiguous References; Format Ambiguity,103,0.340
c9c644bf649fa554adeec562d505abe8,5,Vague / Missing Context; Ambiguous References,110,0.280
c9c644bf649fa554adeec562d505abe8,6,Vague / Missing Context,26,0.210
60b5ac012907eb014ce829561e4f6068,1,Ambiguous References; Format Ambiguity,841,0.627
2afda67e3776508e28b33ee710cb8d84,2,Ambiguous References,44,0.279
2a9574b79b9738882aabf671eda661f4,1,Vague / Missing Context; Ambiguous References,179,0.397
2a9574b79b9738882aabf671eda661f4,2,Vague / Missing Context; Ambiguous References,4000,0.894
2a9574b79b9738882aabf671eda661f4,3,Vague / Missing Context; Ambiguous References,135,0.394
2a9574b79b9738882aabf671eda661f4,4,Vague / Missing Context,77,0.245
0c12d194cd06520b6d1d14cf3f4c3496,1,Vague / Missing Context; Format Ambiguity,994,0.417
0780384bba0d399794e7553df8b63c9c,1,Vague / Missing Context; Ambiguous References; Format Ambiguity; Overloaded Prompt; Unnecessary Repetition; Conflicting Constraints; Irrelevant / Excessive Persona; Bias / Loaded Framing; Formality / Audience Mismatch,880,1.154
473a750cbfffc5253a001ba409706172,1,Vague / Missing Context; Ambiguous References,381,0.309
473a750cbfffc5253a001ba409706172,2,Ambiguous References; Format Ambiguity,179,0.461
26713e468bfc860911064ea5113be4d0,1,Ambiguous References,32,0.224
26713e468bfc860911064ea5113be4d0,2,Ambiguous References,34,0.223
26713e468bfc860911064ea5113be4d0,3,Ambiguous References,52,0.214
26713e468bfc860911064ea5113be4d0,4,Ambiguous References,68,0.325
26713e468bfc860911064ea5113be4d0,5,Ambiguous References; Format Ambiguity,63,0.264
6533d32bc16c268251572685db13e7cf,1,Ambiguous References; Format Ambiguity,896,0.403
94ce1d163feb4222b4febd3ae26b1b7f,6,Ambiguous References; Format Ambiguity,55,0.311
e92d9f0ace14d4a9b1ca374d28200622,1,Ambiguous References; Format Ambiguity,838,0.597
8f59a4c77f5b4dddb5032deecb8646b6,1,Ambiguous References; Format Ambiguity; Overloaded Prompt; Unnecessary Repetition; Conflicting Constraints; Bias / Loaded Framing; Formality / Audience Mismatch; Vague / Missing Context,3590,1.367
8f59a4c77f5b4dddb5032deecb8646b6,2,Ambiguous References; Format Ambiguity; Overloaded Prompt; Conflicting Constraints; Unnecessary Repetition; Bias / Loaded Framing,754,0.918
8f59a4c77f5b4dddb5032deecb8646b6,3,Ambiguous References; Format Ambiguity,545,0.742
8f59a4c77f5b4dddb5032deecb8646b6,4,Ambiguous References; Format Ambiguity,290,0.463
cc75dfd4b73b8e2c40c65a22c662c42b,1,Ambiguous References; Format Ambiguity,273,0.628
c19f90ae4b6ae50a39994bfa79fe8d64,1,Ambiguous References; Format Ambiguity,782,0.559
ff056d819cb9ea5a2c0eccb132376617,1,Vague / Missing Context; Ambiguous References,162,0.339
183a511ed8e80c66f0182d41fd0b62a1,1,Ambiguous References; Format Ambiguity,699,0.351
183a511ed8e80c66f0182d41fd0b62a1,2,Vague / Missing Context; Ambiguous References,14,0.279
183a511ed8e80c66f0182d41fd0b62a1,3,Vague / Missing Context; Ambiguous References,263,0.290
6a5e62616829c6a5b1a8af16d25fba7f,1,Vague / Missing Context; Format Ambiguity,996,0.384
6a5e62616829c6a5b1a8af16d25fba7f,2,Vague / Missing Context; Ambiguous References,70,0.281
6a5e62616829c6a5b1a8af16d25fba7f,4,Vague / Missing Context; Ambiguous References,71,0.265
6a5e62616829c6a5b1a8af16d25fba7f,6,Vague / Missing Context,68,0.254
6a5e62616829c6a5b1a8af16d25fba7f,10,Vague / Missing Context; Ambiguous References,137,0.289
acdb71e1294d9d2c924ffc841f6297ce,1,Vague / Missing Context; Format Ambiguity,62,0.333
acdb71e1294d9d2c924ffc841f6297ce,2,Ambiguous References; Format Ambiguity,160,0.334
acdb71e1294d9d2c924ffc841f6297ce,3,Vague / Missing Context; Ambiguous References,121,0.279
acdb71e1294d9d2c924ffc841f6297ce,4,Vague / Missing Context; Ambiguous References,95,0.287
acdb71e1294d9d2c924ffc841f6297ce,5,Ambiguous References,122,0.212
acdb71e1294d9d2c924ffc841f6297ce,6,Vague / Missing Context; Format Ambiguity,291,0.283
acdb71e1294d9d2c924ffc841f6297ce,7,Vague / Missing Context; Format Ambiguity,164,0.290
c4b5e5327fe9f7d59a0e4ca43aa740f9,5,Ambiguous References; Format Ambiguity,327,0.496
c4b5e5327fe9f7d59a0e4ca43aa740f9,8,Conflicting Constraints; Ambiguous References,141,0.456
c4b5e5327fe9f7d59a0e4ca43aa740f9,9,Vague / Missing Context; Format Ambiguity,266,0.472
c4b5e5327fe9f7d59a0e4ca43aa740f9,10,Vague / Missing Context; Format Ambiguity,201,0.464
c4b5e5327fe9f7d59a0e4ca43aa740f9,11,Vague / Missing Context; Format Ambiguity,682,0.422
7db5a0377efa635d03feb357a3bba72e,1,Vague / Missing Context; Ambiguous References,60,0.311
7db5a0377efa635d03feb357a3bba72e,2,Ambiguous References; Format Ambiguity,68,0.298
7db5a0377efa635d03feb357a3bba72e,3,Ambiguous References,80,0.224
7db5a0377efa635d03feb357a3bba72e,4,Ambiguous References; Format Ambiguity,56,0.271
7db5a0377efa635d03feb357a3bba72e,5,Ambiguous References; Format Ambiguity,451,0.528
7db5a0377efa635d03feb357a3bba72e,6,Ambiguous References; Format Ambiguity,87,0.326
c96a536f6e0e253b87ed551696b88ff2,1,Ambiguous References; Format Ambiguity,888,0.568
ee6dc3635687c1792556355f9a0ef3c6,1,Ambiguous References,57,0.246
5833c34656ac9853830f4451538032e1,1,Ambiguous References; Format Ambiguity,83,0.253
74485fb4a83bc1e0cd7ee58404b11da8,1,Ambiguous References; Format Ambiguity,826,0.440
0055cfa45994c96ca3f1bc4a2c5742e8,1,Ambiguous References; Format Ambiguity,231,0.359
d60000e40dc782a4c3548e177a0a2696,1,Ambiguous References; Format Ambiguity,294,0.587
62cd8f3e0c4230c6bc1f432e909086d3,1,Vague / Missing Context; Ambiguous References,58,0.292
2b0ade3fe8ec4b898d0135b003198551,1,Ambiguous References; Format Ambiguity,939,0.723
3167c8b150f04400cb33ba9c40fa72ab,1,Vague / Missing Context; Ambiguous References,93,0.355
bbb76d129f0c43cd342fc69fab59d832,1,Vague / Missing Context; Format Ambiguity,4000,0.811
bbb76d129f0c43cd342fc69fab59d832,2,Vague / Missing Context; Ambiguous References; Format Ambiguity; Overloaded Prompt; Unnecessary Repetition; Conflicting Constraints; Irrelevant / Excessive Persona; Bias / Loaded Framing; Formality / Audience Mismatch,4000,1.210
c2e8a48c7ee422f8312637b1942b524d,1,Ambiguous References; Format Ambiguity; Overloaded Prompt; Unnecessary Repetition; Conflicting Constraints; Bias / Loaded Framing; Formality / Audience Mismatch; Vague / Missing Context,622,1.240
e7f0a105f857e9a8f0206041fb19fd6f,1,Vague / Missing Context; Ambiguous References; Format Ambiguity; Overloaded Prompt; Unnecessary Repetition; Conflicting Constraints; Irrelevant / Excessive Persona; Bias / Loaded Framing; Formality / Audience Mismatch,4000,1.222
0ed8d2f31f5d099dbf921adfb04db2ba,1,Ambiguous References; Format Ambiguity; Overloaded Prompt; Conflicting Constraints; Unnecessary Repetition; Bias / Loaded Framing; Vague / Missing Context,1026,0.870
8f0d941486135db496215ed4be3367ea,1,Vague / Missing Context; Ambiguous References,98,0.280
e6dbb9de44acc29e9dd7b684327fc555,1,Vague / Missing Context; Ambiguous References; Format Ambiguity; Overloaded Prompt; Unnecessary Repetition; Conflicting Constraints; Bias / Loaded Framing; Formality / Audience Mismatch; Irrelevant / Excessive Persona,107,0.649
e6dbb9de44acc29e9dd7b684327fc555,2,Ambiguous References; Format Ambiguity,1159,0.558
3a39b5735398aa4192fbd674010e47a4,1,Ambiguous References; Format Ambiguity,1166,0.626
4bf1c45bf3ca0df9af18913680611d4d,1,Ambiguous References; Format Ambiguity,98,0.318
4bf1c45bf3ca0df9af18913680611d4d,2,Vague / Missing Context; Ambiguous References,54,0.265
5a312efcc9a8f45cce0f833ef5783811,1,Ambiguous References; Format Ambiguity,67,0.284
89778f568d28a4f545f5c1717564bc5d,1,Ambiguous References; Format Ambiguity,735,0.521
89778f568d28a4f545f5c1717564bc5d,2,Vague / Missing Context; Ambiguous References,45,0.246
0119099e125be1ca4b5a5537e36742a0,1,Vague / Missing Context; Format Ambiguity,507,0.421
0119099e125be1ca4b5a5537e36742a0,4,Ambiguous References; Overloaded Prompt,18,0.328
68cc72ef1120afef14a20a11404a6ad8,1,Ambiguous References; Format Ambiguity,49,0.312
68cc72ef1120afef14a20a11404a6ad8,2,Ambiguous References; Format Ambiguity,57,0.292
68cc72ef1120afef14a20a11404a6ad8,3,Ambiguous References; Format Ambiguity,42,0.330
68cc72ef1120afef14a20a11404a6ad8,4,Ambiguous References; Format Ambiguity,63,0.352
39133f12d418cb3741fe8c31e327d432,1,Vague / Missing Context; Format Ambiguity,349,0.697
52445ea7dcfb05465db25af87544ad1b,1,Ambiguous References; Format Ambiguity,232,0.261
6efc3e19d646a1e40dace13e5b9706c9,1,Vague / Missing Context; Format Ambiguity,952,0.695
7c54072f16819d4465459f30a5e4949d,1,Ambiguous References; Format Ambiguity,65,0.231
f0653832b5dbc8f94c3ec14bcd94af6a,1,Ambiguous References; Format Ambiguity,42,0.284
f0653832b5dbc8f94c3ec14bcd94af6a,2,Vague / Missing Context; Ambiguous References,43,0.313
f0653832b5dbc8f94c3ec14bcd94af6a,3,Ambiguous References; Format Ambiguity,44,0.298
f0653832b5dbc8f94c3ec14bcd94af6a,4,Ambiguous References; Format Ambiguity,41,0.269
f0653832b5dbc8f94c3ec14bcd94af6a,5,Ambiguous References; Format Ambiguity,46,0.347
f0653832b5dbc8f94c3ec14bcd94af6a,6,Ambiguous References; Format Ambiguity,61,0.331
f0653832b5dbc8f94c3ec14bcd94af6a,7,Ambiguous References; Format Ambiguity,45,0.283
acc39e714044a15a1535584f867e8a93,1,Ambiguous References; Format Ambiguity,65,0.230
feeb03dc6e473fe3307beed4de8419ab,1,Vague / Missing Context,77,0.245
feeb03dc6e473fe3307beed4de8419ab,2,Ambiguous References; Format Ambiguity,79,0.324
feeb03dc6e473fe3307beed4de8419ab,3,Ambiguous References; Format Ambiguity,81,0.293
feeb03dc6e473fe3307beed4de8419ab,4,Vague / Missing Context; Ambiguous References,77,0.288
feeb03dc6e473fe3307beed4de8419ab,5,Ambiguous References,43,0.224
feeb03dc6e473fe3307beed4de8419ab,6,Ambiguous References,32,0.267
27fdd33b53d927d509d61d17b154b3d7,1,Ambiguous References; Format Ambiguity,87,0.264
3cbaebe875894fc84219e32e92faebc2,1,Vague / Missing Context; Format Ambiguity,97,0.391
4f267d51df05354b801fc97dcde954c9,2,Vague / Missing Context; Format Ambiguity,347,0.300
4f267d51df05354b801fc97dcde954c9,3,Vague / Missing Context; Ambiguous References,332,0.268
4f267d51df05354b801fc97dcde954c9,6,Vague / Missing Context; Ambiguous References,331,0.290
db2d7935f50e11dbd33ff597fd249d30,1,Vague / Missing Context; Ambiguous References,14,0.232
82f94b5b55bbd70f0e497fa3508a9810,1,Vague / Missing Context; Ambiguous References; Format Ambiguity; Overloaded Prompt; Unnecessary Repetition; Conflicting Constraints; Bias / Loaded Framing; Formality / Audience Mismatch,97,0.620
e022959fe7204caf3be690e3c69d15a1,1,Vague / Missing Context; Format Ambiguity,1023,0.410
e022959fe7204caf3be690e3c69d15a1,3,Vague / Missing Context,74,0.245
e022959fe7204caf3be690e3c69d15a1,4,Vague / Missing Context; Format Ambiguity,282,0.304
e022959fe7204caf3be690e3c69d15a1,5,Vague / Missing Context; Format Ambiguity,280,0.286
6b8f5420d58d96402e96bd67e76de87e,1,Ambiguous References; Format Ambiguity,65,0.318
6b8f5420d58d96402e96bd67e76de87e,2,Ambiguous References; Format Ambiguity,63,0.331
7cad64fd7d5aedf1e8424c7ead00bae8,1,Ambiguous References; Format Ambiguity,985,0.565
7cad64fd7d5aedf1e8424c7ead00bae8,3,Vague / Missing Context; Format Ambiguity,993,0.286
7cad64fd7d5aedf1e8424c7ead00bae8,4,Vague / Missing Context; Format Ambiguity,992,0.284
7cad64fd7d5aedf1e8424c7ead00bae8,8,Vague / Missing Context; Format Ambiguity,289,0.309
92241ebb04c8f57be67dd832ed6eee30,1,Vague / Missing Context,9,0.243
92241ebb04c8f57be67dd832ed6eee30,11,Vague / Missing Context; Ambiguous References,67,0.280
1497efbbd7a60aeaf12e0236e5931fd9,1,Vague / Missing Context; Ambiguous References; Format Ambiguity,473,0.744
e6200af6d84d7b16b0172c8a58545e29,1,Vague / Missing Context; Format Ambiguity,1201,0.763
0fb4ef7066978e5a9d497b39fe2e4fc9,1,Ambiguous References; Format Ambiguity,379,0.368
0fb4ef7066978e5a9d497b39fe2e4fc9,2,Ambiguous References; Format Ambiguity,12,0.228
0fb4ef7066978e5a9d497b39fe2e4fc9,3,Ambiguous References; Format Ambiguity,28,0.248
0fb4ef7066978e5a9d497b39fe2e4fc9,4,Ambiguous References; Format Ambiguity,379,0.333
0fb4ef7066978e5a9d497b39fe2e4fc9,5,Ambiguous References; Format Ambiguity,398,0.295
0fb4ef7066978e5a9d497b39fe2e4fc9,6,Ambiguous References; Format Ambiguity,277,0.312
d2fb26d483edf14eaa8bb331ea4f22fb,1,Ambiguous References,26,0.485
d2fb26d483edf14eaa8bb331ea4f22fb,2,Vague / Missing Context; Ambiguous References,39,0.277
d2fb26d483edf14eaa8bb331ea4f22fb,3,No Smell,35,0.197
2aa77ce30b0e8608d35dcd85a116b9fc,1,Vague / Missing Context; Ambiguous References,189,0.286
2aa77ce30b0e8608d35dcd85a116b9fc,2,Vague / Missing Context; Ambiguous References,189,0.257
2aa77ce30b0e8608d35dcd85a116b9fc,3,Ambiguous References; Format Ambiguity,156,0.407
2aa77ce30b0e8608d35dcd85a116b9fc,4,Ambiguous References; Format Ambiguity,148,0.253
98b2a6573e2e8afe8a34aa8cf53f95ff,1,Vague / Missing Context; Format Ambiguity,2308,1.045
98b2a6573e2e8afe8a34aa8cf53f95ff,2,Vague / Missing Context; Format Ambiguity,86,0.333
98b2a6573e2e8afe8a34aa8cf53f95ff,3,Ambiguous References; Format Ambiguity,234,0.291
98b2a6573e2e8afe8a34aa8cf53f95ff,4,Ambiguous References; Format Ambiguity,76,0.351
ccf5c14b89f02402257fad1fb02777f9,1,Vague / Missing Context; Ambiguous References,87,0.321
1689c5d5b13bdf3ff9d04cda63d84100,1,Vague / Missing Context; Format Ambiguity,288,0.309
1689c5d5b13bdf3ff9d04cda63d84100,2,Ambiguous References; Format Ambiguity,289,0.346
f439d355cb274831b2d67a2b75b3cfed,3,Vague / Missing Context; Ambiguous References,83,0.318
f439d355cb274831b2d67a2b75b3cfed,4,Ambiguous References; Format Ambiguity,40,0.264
f439d355cb274831b2d67a2b75b3cfed,5,Ambiguous References; Format Ambiguity,39,0.264
f439d355cb274831b2d67a2b75b3cfed,6,Ambiguous References; Format Ambiguity,200,0.401
f439d355cb274831b2d67a2b75b3cfed,7,Ambiguous References; Format Ambiguity,101,0.313
aa126717e6dac3a16aa60426b2e9ec91,1,Ambiguous References; Format Ambiguity,3921,0.794
aa126717e6dac3a16aa60426b2e9ec91,2,Vague / Missing Context; Ambiguous References; Format Ambiguity; Overloaded Prompt; Unnecessary Repetition; Conflicting Constraints; Bias / Loaded Framing; Formality / Audience Mismatch,66,0.642
2f9ad7146bc5084f79a8ff4cc7be3612,1,Ambiguous References; Format Ambiguity; Overloaded Prompt; Unnecessary Repetition; Conflicting Constraints; Bias / Loaded Framing; Formality / Audience Mismatch; Vague / Missing Context,3590,1.366
2f9ad7146bc5084f79a8ff4cc7be3612,2,Ambiguous References; Format Ambiguity,860,0.760
df07d8cde58ede01764cd1501093d292,1,Vague / Missing Context; Format Ambiguity,29,0.260
df07d8cde58ede01764cd1501093d292,2,Vague / Missing Context; Format Ambiguity,93,0.308
df07d8cde58ede01764cd1501093d292,3,Vague / Missing Context; Format Ambiguity,149,0.313
df07d8cde58ede01764cd1501093d292,4,Ambiguous References; Format Ambiguity,106,0.305
df07d8cde58ede01764cd1501093d292,5,Ambiguous References; Format Ambiguity,180,0.306
df07d8cde58ede01764cd1501093d292,6,Vague / Missing Context; Ambiguous References,41,0.252
df07d8cde58ede01764cd1501093d292,7,Ambiguous References,75,0.211
df07d8cde58ede01764cd1501093d292,8,Vague / Missing Context,64,0.246
df07d8cde58ede01764cd1501093d292,9,Ambiguous References,105,0.247
3c3112c0b5380036e46e05e0e862dc9c,1,Vague / Missing Context; Ambiguous References; Format Ambiguity,93,0.360
3c3112c0b5380036e46e05e0e862dc9c,2,Ambiguous References; Format Ambiguity,74,0.283
3c3112c0b5380036e46e05e0e862dc9c,3,Ambiguous References,81,0.205
3c3112c0b5380036e46e05e0e862dc9c,4,Ambiguous References; Format Ambiguity,74,0.276
3c3112c0b5380036e46e05e0e862dc9c,5,Vague / Missing Context; Ambiguous References; Format Ambiguity,83,0.315
b98b1c753f22e3a4c5b6953f99752611,1,Vague / Missing Context; Ambiguous References,183,0.287
b98b1c753f22e3a4c5b6953f99752611,2,Ambiguous References; Format Ambiguity,175,0.380
b98b1c753f22e3a4c5b6953f99752611,3,Ambiguous References; Format Ambiguity,166,0.431
f4bde4435ea2a8e4fe0614ac61d0b6d4,1,Ambiguous References; Format Ambiguity,50,0.233
566e81fb2334aef0e7d95581cfecba65,1,Ambiguous References,42,0.225
566e81fb2334aef0e7d95581cfecba65,2,Vague / Missing Context; Ambiguous References,32,0.244
566e81fb2334aef0e7d95581cfecba65,3,Vague / Missing Context; Ambiguous References,237,0.288
566e81fb2334aef0e7d95581cfecba65,4,Ambiguous References,40,0.185
9707ef6a34937e8cd6c96d54f1ec712f,4,Ambiguous References; Format Ambiguity; Overloaded Prompt; Vague / Missing Context; Unnecessary Repetition; Conflicting Constraints; Bias / Loaded Framing; Formality / Audience Mismatch,551,0.666
9707ef6a34937e8cd6c96d54f1ec712f,5,Ambiguous References; Format Ambiguity,647,0.316
9707ef6a34937e8cd6c96d54f1ec712f,6,Vague / Missing Context; Ambiguous References,186,0.289
9707ef6a34937e8cd6c96d54f1ec712f,7,Vague / Missing Context; Ambiguous References,185,0.283
9707ef6a34937e8cd6c96d54f1ec712f,8,Ambiguous References; Format Ambiguity,138,0.534
9707ef6a34937e8cd6c96d54f1ec712f,9,Vague / Missing Context; Ambiguous References,214,0.306
9707ef6a34937e8cd6c96d54f1ec712f,10,Vague / Missing Context; Ambiguous References,214,0.314
dd1a42f58173424949bce53c377a05bf,1,Vague / Missing Context; Ambiguous References,129,0.281
dd1a42f58173424949bce53c377a05bf,2,Vague / Missing Context; Ambiguous References,28,0.238
dd1a42f58173424949bce53c377a05bf,3,Ambiguous References; Format Ambiguity,44,0.256
5775c8ee0bc7d4333689e63514273ca4,1,Vague / Missing Context; Format Ambiguity,837,0.419
5775c8ee0bc7d4333689e63514273ca4,2,Ambiguous References; Format Ambiguity; Overloaded Prompt; Unnecessary Repetition; Conflicting Constraints; Bias / Loaded Framing; Formality / Audience Mismatch; Irrelevant / Excessive Persona; Vague / Missing Context,4000,1.366
1ab03972ff68767f2dd3a3beb25082ec,1,Ambiguous References,47,0.271
1ab03972ff68767f2dd3a3beb25082ec,2,Ambiguous References; Format Ambiguity,113,0.347
c3dac7b6b86503aa7f1f82a8b079edec,1,Vague / Missing Context; Ambiguous References,61,0.273
c3dac7b6b86503aa7f1f82a8b079edec,2,Ambiguous References; Format Ambiguity,70,0.259
c3dac7b6b86503aa7f1f82a8b079edec,3,Vague / Missing Context; Ambiguous References,69,0.262
783f530199cbe9476e6f499ab813db07,1,Vague / Missing Context; Ambiguous References,96,0.278
783f530199cbe9476e6f499ab813db07,2,Ambiguous References; Format Ambiguity,32,0.266
f99ab5fd8194118380f4e267e4084e3d,1,Vague / Missing Context; Format Ambiguity,1614,0.476
38deb9fe55039747371bbe181ededbcf,1,Vague / Missing Context; Ambiguous References,69,0.271
8fb3951900c3f7019f6afa1d9c840731,2,Vague / Missing Context; Ambiguous References; Format Ambiguity,34,0.367
8fb3951900c3f7019f6afa1d9c840731,3,Ambiguous References; Format Ambiguity,44,0.267
8fb3951900c3f7019f6afa1d9c840731,4,Vague / Missing Context; Ambiguous References,35,0.257
8fb3951900c3f7019f6afa1d9c840731,6,Ambiguous References,57,0.218
8fb3951900c3f7019f6afa1d9c840731,7,Ambiguous References; Format Ambiguity,26,0.243
8fb3951900c3f7019f6afa1d9c840731,9,Vague / Missing Context,11,0.235
8fb3951900c3f7019f6afa1d9c840731,10,Vague / Missing Context,11,0.223
8fb3951900c3f7019f6afa1d9c840731,11,Ambiguous References; Vague / Missing Context,57,0.251
8fb3951900c3f7019f6afa1d9c840731,12,Ambiguous References,26,0.544
8fb3951900c3f7019f6afa1d9c840731,13,Ambiguous References,30,0.223
8fb3951900c3f7019f6afa1d9c840731,14,Ambiguous References,26,0.319
8fb3951900c3f7019f6afa1d9c840731,15,Ambiguous References,24,0.223
8fb3951900c3f7019f6afa1d9c840731,16,Ambiguous References; Format Ambiguity,41,0.265
8fb3951900c3f7019f6afa1d9c840731,17,Vague / Missing Context; Ambiguous References,26,0.276
8fb3951900c3f7019f6afa1d9c840731,18,Vague / Missing Context; Format Ambiguity,16,0.259
8fb3951900c3f7019f6afa1d9c840731,19,Vague / Missing Context,11,0.235
8fb3951900c3f7019f6afa1d9c840731,21,Vague / Missing Context; Format Ambiguity,22,0.240
8fb3951900c3f7019f6afa1d9c840731,22,Vague / Missing Context; Ambiguous References,21,0.235
8fb3951900c3f7019f6afa1d9c840731,23,Vague / Missing Context; Format Ambiguity,17,0.235
8fb3951900c3f7019f6afa1d9c840731,24,Vague / Missing Context; Ambiguous References,19,0.238
8fb3951900c3f7019f6afa1d9c840731,25,Vague / Missing Context; Ambiguous References,19,0.235
8fb3951900c3f7019f6afa1d9c840731,26,Ambiguous References,39,0.220
8fb3951900c3f7019f6afa1d9c840731,27,Ambiguous References; Format Ambiguity,270,0.328
8fb3951900c3f7019f6afa1d9c840731,28,Vague / Missing Context; Ambiguous References,10,0.273
176de06222c205be8bb8ff16ecc23c2e,1,Vague / Missing Context; Ambiguous References,33,0.273
749f4aa69e207d4072126b7bfffa8eed,3,Vague / Missing Context; Ambiguous References,179,0.302
749f4aa69e207d4072126b7bfffa8eed,4,Vague / Missing Context; Ambiguous References,383,0.356
749f4aa69e207d4072126b7bfffa8eed,5,Vague / Missing Context; Format Ambiguity,463,0.364
749f4aa69e207d4072126b7bfffa8eed,6,Ambiguous References; Format Ambiguity,262,0.423
749f4aa69e207d4072126b7bfffa8eed,7,Vague / Missing Context; Ambiguous References,232,0.403
749f4aa69e207d4072126b7bfffa8eed,8,Vague / Missing Context; Format Ambiguity,351,0.358
e4544d7af1aa863f348a51f602f7bd22,1,Ambiguous References; Overloaded Prompt; Format Ambiguity,128,0.293
e4544d7af1aa863f348a51f602f7bd22,2,No Smell,52,0.199
634935de785a2d0f62f224d8e9019c66,1,Vague / Missing Context; Ambiguous References; Format Ambiguity; Overloaded Prompt; Unnecessary Repetition; Conflicting Constraints; Bias / Loaded Framing; Formality / Audience Mismatch,33,0.607
ca88146d4c8f2f5cb202a4f8f5e58c12,1,Vague / Missing Context; Format Ambiguity,3497,0.854
5f68bc500079c8dd2cf838d4b2a7bde6,3,Vague / Missing Context; Format Ambiguity,202,0.428
21aaa14d3601d3105d4e3290e4baba0b,2,Ambiguous References; Format Ambiguity,13,0.285
204e02f120eb382eb635e24789861936,1,Vague / Missing Context; Ambiguous References,71,0.272
ab9cfbfdaf93497cc8a3868db9d12f60,1,Vague / Missing Context; Format Ambiguity,4000,0.658
ab9cfbfdaf93497cc8a3868db9d12f60,2,Vague / Missing Context; Ambiguous References,53,0.287
ab9cfbfdaf93497cc8a3868db9d12f60,3,Vague / Missing Context; Ambiguous References,46,0.296
ab9cfbfdaf93497cc8a3868db9d12f60,4,Vague / Missing Context; Ambiguous References,58,0.281
ab9cfbfdaf93497cc8a3868db9d12f60,5,Vague / Missing Context; Ambiguous References,41,0.260
68c1a5f9c7b9739ed4fefc0ffd964a3d,1,Vague / Missing Context; Ambiguous References,41,0.237
c50d93b49997de7e21f1274ddb65a69b,1,Ambiguous References; Format Ambiguity,133,0.354
c50d93b49997de7e21f1274ddb65a69b,2,Ambiguous References,17,0.254
8fadc219cd1b101b3f59ac49ad05e822,1,Vague / Missing Context; Format Ambiguity,344,0.355
8fadc219cd1b101b3f59ac49ad05e822,2,Vague / Missing Context; Ambiguous References,257,0.304
8fadc219cd1b101b3f59ac49ad05e822,3,Vague / Missing Context; Ambiguous References,292,0.308
d216d57de3217c1603e48258f3237237,1,Vague / Missing Context; Ambiguous References,71,0.279
d216d57de3217c1603e48258f3237237,2,Ambiguous References; Format Ambiguity,887,0.351
d216d57de3217c1603e48258f3237237,3,Ambiguous References; Format Ambiguity,103,0.286
af3f847d6231cd603d4b2e59597610bc,1,Ambiguous References; Format Ambiguity,88,0.245
af3f847d6231cd603d4b2e59597610bc,3,Vague / Missing Context; Ambiguous References,13,0.245
d959e3ce2132b1b9e86e8f97f1ea0aca,1,Vague / Missing Context; Format Ambiguity,2485,0.563
f464382e7db8e52173f0ab9e22069727,5,Vague / Missing Context; Format Ambiguity,289,0.309
f464382e7db8e52173f0ab9e22069727,6,Vague / Missing Context; Ambiguous References,77,0.325
f464382e7db8e52173f0ab9e22069727,7,Vague / Missing Context; Format Ambiguity,297,0.370
2e432161b8e2a41d21a6b84849a962e8,1,Vague / Missing Context; Ambiguous References,51,0.298
2e432161b8e2a41d21a6b84849a962e8,2,Vague / Missing Context; Ambiguous References,208,0.290
10f3ead5d93a0e3c2b6b3e19300d526c,1,Vague / Missing Context; Ambiguous References,95,0.319
10f3ead5d93a0e3c2b6b3e19300d526c,2,Vague / Missing Context; Ambiguous References,67,0.312
10f3ead5d93a0e3c2b6b3e19300d526c,3,Vague / Missing Context; Ambiguous References,77,0.300
10f3ead5d93a0e3c2b6b3e19300d526c,4,Ambiguous References,290,0.418
10f3ead5d93a0e3c2b6b3e19300d526c,5,Format Ambiguity; Ambiguous References; Overloaded Prompt; Unnecessary Repetition; Conflicting Constraints; Bias / Loaded Framing,328,0.825
d8109c873a7ca3223ed38720b8f55f37,1,Vague / Missing Context; Format Ambiguity,2485,0.563
a2e621324e724bf2685befdc226cbe73,1,Format Ambiguity; Ambiguous References; Overloaded Prompt; Conflicting Constraints; Unnecessary Repetition; Prompt Bloat / Convoluted Prompt,3383,1.877
a2e621324e724bf2685befdc226cbe73,2,Vague / Missing Context; Format Ambiguity,197,0.445
a2e621324e724bf2685befdc226cbe73,3,Ambiguous References; Overloaded Prompt,50,0.231
a2e621324e724bf2685befdc226cbe73,4,Ambiguous References; Format Ambiguity,2243,0.821
a2e621324e724bf2685befdc226cbe73,5,Ambiguous References,36,0.218
a2e621324e724bf2685befdc226cbe73,6,Vague / Missing Context; Ambiguous References,54,0.278
8d3f5e69decb067ed366342aa75886de,1,Ambiguous References; Format Ambiguity,755,0.306
8d3f5e69decb067ed366342aa75886de,2,Ambiguous References; Format Ambiguity,90,0.292
8d3f5e69decb067ed366342aa75886de,3,Vague / Missing Context; Format Ambiguity,1232,0.433
8d3f5e69decb067ed366342aa75886de,5,Vague / Missing Context,36,0.243
8d3f5e69decb067ed366342aa75886de,6,Vague / Missing Context; Ambiguous References,242,0.290
544fe8c41b5513749880f86cd64ddf37,1,Vague / Missing Context; Format Ambiguity,420,0.313
9953b346d5944bb7785577e05bd2fe84,1,Ambiguous References; Format Ambiguity,81,0.265
58687edb209a38648593339c97a1106b,1,Ambiguous References; Format Ambiguity,262,0.458
dd3f1ceca4bd9a7bfadb4e54d6ded2a7,1,Vague / Missing Context; Ambiguous References,857,0.329
dd3f1ceca4bd9a7bfadb4e54d6ded2a7,2,Ambiguous References; Overloaded Prompt,115,0.228
c25ad48872441ce3175eef19b7cb9782,2,Vague / Missing Context; Ambiguous References,199,0.502
c25ad48872441ce3175eef19b7cb9782,3,Ambiguous References; Overloaded Prompt,118,0.260
c25ad48872441ce3175eef19b7cb9782,4,Vague / Missing Context; Ambiguous References,97,0.279
c25ad48872441ce3175eef19b7cb9782,5,Ambiguous References; Format Ambiguity,97,0.313
c25ad48872441ce3175eef19b7cb9782,6,Vague / Missing Context,24,0.244
c25ad48872441ce3175eef19b7cb9782,7,Vague / Missing Context; Ambiguous References,97,0.325
c25ad48872441ce3175eef19b7cb9782,8,Ambiguous References; Format Ambiguity,81,0.347
c25ad48872441ce3175eef19b7cb9782,9,Ambiguous References; Format Ambiguity,55,0.266
8e50ac626d949f35976e14ca6d11bf58,1,Ambiguous References; Format Ambiguity,1597,0.486
8e50ac626d949f35976e14ca6d11bf58,2,Vague / Missing Context; Ambiguous References,262,0.292
dec93fca5e8dff1d194f1358fdd45229,1,Ambiguous References; Format Ambiguity,41,0.337
dec93fca5e8dff1d194f1358fdd45229,2,Ambiguous References; Format Ambiguity,66,0.307
a6ef99cfeb21780e3b970d2bd43cf69a,3,Ambiguous References,23,0.271
a6ef99cfeb21780e3b970d2bd43cf69a,4,Vague / Missing Context,15,0.265
1390f5bc94c47e13aa8ddf2432cd963a,1,Ambiguous References; Format Ambiguity,40,0.267
d9d363a981d73b5a1394c75e50c43307,1,Vague / Missing Context; Format Ambiguity,1418,0.616
f8b095f36d26c26a8349212a110a09c9,1,Ambiguous References; Format Ambiguity,70,0.311
615a2e342547fe91a48c5380cb8f38fa,1,Vague / Missing Context; Format Ambiguity,453,0.416
615a2e342547fe91a48c5380cb8f38fa,2,Vague / Missing Context; Ambiguous References,90,0.393
9fa1b9c3f37b0513d4117b061455464f,1,Vague / Missing Context; Ambiguous References; Format Ambiguity,460,0.529
15abfa2b235274f6aebd4e33473c6507,2,Ambiguous References; Format Ambiguity,60,0.251
15abfa2b235274f6aebd4e33473c6507,4,Ambiguous References,34,0.211
15abfa2b235274f6aebd4e33473c6507,5,Ambiguous References,34,0.213
15abfa2b235274f6aebd4e33473c6507,6,Ambiguous References,35,0.212
15abfa2b235274f6aebd4e33473c6507,7,Ambiguous References; Format Ambiguity,42,0.324
15abfa2b235274f6aebd4e33473c6507,8,Ambiguous References; Format Ambiguity,59,0.251
15abfa2b235274f6aebd4e33473c6507,9,Vague / Missing Context,24,0.246
ee073b287440271a20232c0f53600ada,1,Ambiguous References; Format Ambiguity,42,0.321
ee073b287440271a20232c0f53600ada,2,Ambiguous References; Format Ambiguity,72,0.251
ee073b287440271a20232c0f53600ada,3,Ambiguous References; Format Ambiguity,74,0.255
e61152facc5b4d8571e764edbda1c7c7,1,Ambiguous References; Format Ambiguity,51,0.290
872c3260351ac10f330a92413379f288,1,Ambiguous References; Format Ambiguity,79,0.276
872c3260351ac10f330a92413379f288,2,Vague / Missing Context; Ambiguous References,69,0.278
872c3260351ac10f330a92413379f288,3,Ambiguous References; Format Ambiguity,71,0.425
872c3260351ac10f330a92413379f288,4,Ambiguous References; Format Ambiguity,141,0.292
872c3260351ac10f330a92413379f288,5,Ambiguous References; Format Ambiguity,93,0.274
872c3260351ac10f330a92413379f288,6,Ambiguous References; Format Ambiguity,62,0.274
872c3260351ac10f330a92413379f288,7,Ambiguous References; Format Ambiguity,62,0.272
872c3260351ac10f330a92413379f288,8,Ambiguous References; Format Ambiguity,58,0.249
872c3260351ac10f330a92413379f288,9,Ambiguous References; Format Ambiguity,62,0.326
872c3260351ac10f330a92413379f288,10,Ambiguous References; Format Ambiguity,64,0.261
872c3260351ac10f330a92413379f288,11,Vague / Missing Context; Ambiguous References,71,0.277
5aaca94b8af80f6e3e955b3b8c755a21,1,Vague / Missing Context; Ambiguous References,71,0.257
43af628835f2503775b5d47c6d82bfa5,1,Ambiguous References; Format Ambiguity,86,0.322
43af628835f2503775b5d47c6d82bfa5,2,Ambiguous References; Format Ambiguity,182,0.386
43af628835f2503775b5d47c6d82bfa5,3,Ambiguous References; Format Ambiguity,153,0.345
43af628835f2503775b5d47c6d82bfa5,4,Vague / Missing Context; Ambiguous References,189,0.285
43af628835f2503775b5d47c6d82bfa5,5,Vague / Missing Context; Ambiguous References,198,0.287
43af628835f2503775b5d47c6d82bfa5,6,Ambiguous References; Format Ambiguity,133,0.320
43af628835f2503775b5d47c6d82bfa5,7,Ambiguous References; Format Ambiguity,201,0.296
43af628835f2503775b5d47c6d82bfa5,8,Ambiguous References; Format Ambiguity,171,0.335
af0f173a152788d345fcc080a80d2aad,1,Ambiguous References; Format Ambiguity,74,0.271
af0f173a152788d345fcc080a80d2aad,2,Ambiguous References; Format Ambiguity,186,0.280
af0f173a152788d345fcc080a80d2aad,3,Ambiguous References; Format Ambiguity,26,0.299
af0f173a152788d345fcc080a80d2aad,4,Ambiguous References,13,0.289
18e2c7174b83d092d79cf0d37704b8cd,2,Ambiguous References; Format Ambiguity,79,0.338
18e2c7174b83d092d79cf0d37704b8cd,3,Ambiguous References; Format Ambiguity,38,0.284
f9050fead3dfcda6031304db1fc22331,1,Ambiguous References; Format Ambiguity,491,0.286
81985ecf14fc6833ffb78c7341cc9366,1,Vague / Missing Context; Format Ambiguity,455,0.819
81985ecf14fc6833ffb78c7341cc9366,2,Vague / Missing Context; Ambiguous References,53,0.285
81985ecf14fc6833ffb78c7341cc9366,3,Ambiguous References; Overloaded Prompt; Format Ambiguity; Unnecessary Repetition; Conflicting Constraints; Bias / Loaded Framing; Vague / Missing Context,14,0.497
7d680aa1427a81fd45d01d35a9c9c2af,1,Ambiguous References; Format Ambiguity,59,0.351
f5628eeb1ccb720dba4483e31a91e3f3,1,Vague / Missing Context; Ambiguous References,486,0.313
8aa2f9ec96ed9658b0eeb0e89eb963f9,1,Ambiguous References; Format Ambiguity,4000,0.668
022e15065a6c37be70ed17b0de37be9d,1,Ambiguous References; Format Ambiguity,145,0.258
022e15065a6c37be70ed17b0de37be9d,2,Vague / Missing Context; Ambiguous References,98,0.280
022e15065a6c37be70ed17b0de37be9d,3,Ambiguous References,109,0.212
022e15065a6c37be70ed17b0de37be9d,4,Ambiguous References; Format Ambiguity,47,0.265
022e15065a6c37be70ed17b0de37be9d,5,Ambiguous References; Format Ambiguity,63,0.284
022e15065a6c37be70ed17b0de37be9d,6,Ambiguous References; Format Ambiguity,89,0.319
022e15065a6c37be70ed17b0de37be9d,7,Ambiguous References; Format Ambiguity,102,0.266
022e15065a6c37be70ed17b0de37be9d,9,Ambiguous References; Format Ambiguity,133,0.259
022e15065a6c37be70ed17b0de37be9d,10,Ambiguous References,109,0.296
022e15065a6c37be70ed17b0de37be9d,11,Ambiguous References; Format Ambiguity,68,0.252
a3759f1694cb7e4ce3a99ae70a08f80f,6,Format Ambiguity,25,0.269
a3759f1694cb7e4ce3a99ae70a08f80f,7,Vague / Missing Context; Format Ambiguity,143,0.605
a3759f1694cb7e4ce3a99ae70a08f80f,8,Ambiguous References; Overloaded Prompt,28,0.264
ab144ccbcd85f93bede2a060f7c80afa,1,Vague / Missing Context; Ambiguous References,136,0.286
2ca101c7d28c6e5b4d84a8214c79511d,7,Format Ambiguity,77,0.618
4c82e558f00bde97b3461512b57f981f,1,Ambiguous References; Format Ambiguity,81,0.311
4c82e558f00bde97b3461512b57f981f,2,Ambiguous References; Format Ambiguity,72,0.312
4c82e558f00bde97b3461512b57f981f,3,Ambiguous References; Format Ambiguity,79,0.318
4c82e558f00bde97b3461512b57f981f,4,Vague / Missing Context; Ambiguous References,69,0.326
ddfcbdd8bc758f14a9ec3e75beb36a61,1,Ambiguous References; Format Ambiguity,111,0.429
ddfcbdd8bc758f14a9ec3e75beb36a61,3,Ambiguous References; Format Ambiguity,296,0.430
ddfcbdd8bc758f14a9ec3e75beb36a61,5,Format Ambiguity,118,0.312
ddfcbdd8bc758f14a9ec3e75beb36a61,6,Vague / Missing Context; Format Ambiguity,117,0.342
ddfcbdd8bc758f14a9ec3e75beb36a61,7,Ambiguous References; Format Ambiguity,187,0.314
96592088dfa7ee7bb6c5201a5ad71bc2,1,Ambiguous References; Format Ambiguity,39,0.284
7b1f81291298485799c75725efb0f9b1,1,Vague / Missing Context; Ambiguous References,274,0.307
7b1f81291298485799c75725efb0f9b1,2,Vague / Missing Context; Ambiguous References,63,0.319
ae58cef69ae786bda1b6c9854ec6de3a,1,Vague / Missing Context; Ambiguous References,61,0.298
ae58cef69ae786bda1b6c9854ec6de3a,2,Ambiguous References; Format Ambiguity,69,0.291
8b2ca039fca2fedab753966b9f5331e3,2,Vague / Missing Context; Ambiguous References,65,0.304
9f1093fd06f9d1bdf8904dbaacb2c2c2,2,Vague / Missing Context; Ambiguous References,37,0.303
a5786711b76393c321eeb2f28962b1c5,1,Vague / Missing Context; Format Ambiguity,150,0.388
ebe8eea0f8e4ba2ec2e2e3f9b99a0090,1,Vague / Missing Context; Format Ambiguity,505,0.313
ebe8eea0f8e4ba2ec2e2e3f9b99a0090,2,Vague / Missing Context; Ambiguous References,282,0.291
314a72fc0148e47ad147c49555f50a19,2,Ambiguous References; Format Ambiguity,59,0.351
314a72fc0148e47ad147c49555f50a19,3,Vague / Missing Context; Ambiguous References,55,0.344
314a72fc0148e47ad147c49555f50a19,4,Ambiguous References; Format Ambiguity,55,0.417
37ed5b43e375878c8ea2381b7e85d542,1,Ambiguous References; Overloaded Prompt; Format Ambiguity; Unnecessary Repetition; Conflicting Constraints; Bias / Loaded Framing; Vague / Missing Context,29,0.539
602c6befd9087852d4cd84752397846d,1,Vague / Missing Context; Ambiguous References; Format Ambiguity; Overloaded Prompt; Unnecessary Repetition; Conflicting Constraints; Bias / Loaded Framing; Formality / Audience Mismatch; Irrelevant / Excessive Persona,2250,1.102
602c6befd9087852d4cd84752397846d,2,Vague / Missing Context; Ambiguous References,53,0.285
602c6befd9087852d4cd84752397846d,3,Ambiguous References; Format Ambiguity,80,0.365
602c6befd9087852d4cd84752397846d,4,Vague / Missing Context; Ambiguous References; Format Ambiguity; Overloaded Prompt; Unnecessary Repetition; Conflicting Constraints; Bias / Loaded Framing; Formality / Audience Mismatch,293,0.834
5b3778910bd6e3befcef5e58d418560c,1,Vague / Missing Context; Ambiguous References,37,0.278
5b3778910bd6e3befcef5e58d418560c,2,Ambiguous References; Format Ambiguity,43,0.272
5b3778910bd6e3befcef5e58d418560c,3,Vague / Missing Context,37,0.248
5b3778910bd6e3befcef5e58d418560c,4,Vague / Missing Context; Format Ambiguity,71,0.363
03b04665937db24f23b78099315efe2d,2,Vague / Missing Context; Format Ambiguity,969,0.702
03b04665937db24f23b78099315efe2d,3,Ambiguous References; Format Ambiguity,880,0.609
1468f563d622e0478fcdc576af81352c,1,Ambiguous References; Format Ambiguity,1463,0.625
09c62607008cf792f16604d46a7fb02b,1,Vague / Missing Context; Ambiguous References,62,0.285
09c62607008cf792f16604d46a7fb02b,2,Vague / Missing Context; Format Ambiguity,472,0.388
09c62607008cf792f16604d46a7fb02b,3,Ambiguous References,63,0.232
8f253ab107ee7a50f22e9f8dfa1d9c09,1,Vague / Missing Context,40,0.245
8f253ab107ee7a50f22e9f8dfa1d9c09,2,Ambiguous References,44,0.223
790de5229eed1e730cde262893f4688d,1,Vague / Missing Context; Ambiguous References; Format Ambiguity; Overloaded Prompt; Unnecessary Repetition; Conflicting Constraints; Bias / Loaded Framing; Formality / Audience Mismatch; Irrelevant / Excessive Persona,2250,1.088
790de5229eed1e730cde262893f4688d,2,Vague / Missing Context; Ambiguous References,53,0.284
790de5229eed1e730cde262893f4688d,3,Ambiguous References; Format Ambiguity,211,0.634
5cf547544c0142b6148dd8dc9a44f9db,1,Ambiguous References; Format Ambiguity,58,0.274
5cf547544c0142b6148dd8dc9a44f9db,2,Vague / Missing Context; Ambiguous References,69,0.332
5cf547544c0142b6148dd8dc9a44f9db,4,Ambiguous References; Format Ambiguity,28,0.304
5cf547544c0142b6148dd8dc9a44f9db,5,Ambiguous References; Format Ambiguity,87,0.347
22f7b37227314cc96aa06cdb60145bf7,1,Vague / Missing Context; Format Ambiguity,861,0.556
f10dd13d2d05f7fb26ee18a932b1f2ce,1,Ambiguous References; Format Ambiguity,217,0.438
f10dd13d2d05f7fb26ee18a932b1f2ce,3,Ambiguous References; Format Ambiguity,74,0.313
f10dd13d2d05f7fb26ee18a932b1f2ce,5,Ambiguous References; Format Ambiguity,22,0.244
b749a5c15ac89a745e011ec244fbd56c,1,Vague / Missing Context; Ambiguous References; Format Ambiguity; Overloaded Prompt; Unnecessary Repetition; Conflicting Constraints; Bias / Loaded Framing; Formality / Audience Mismatch; Irrelevant / Excessive Persona,2250,1.087
b749a5c15ac89a745e011ec244fbd56c,2,Vague / Missing Context; Ambiguous References,53,0.285
b749a5c15ac89a745e011ec244fbd56c,3,Ambiguous References; Format Ambiguity,211,0.634
b749a5c15ac89a745e011ec244fbd56c,4,Vague / Missing Context; Ambiguous References; Format Ambiguity; Overloaded Prompt; Unnecessary Repetition; Conflicting Constraints; Bias / Loaded Framing; Formality / Audience Mismatch,339,0.632
7b93c4a568df061ffed194cae28efda6,1,Vague / Missing Context; Ambiguous References,31,0.274
1a48cf0af441a2eef33052a8d9ba30db,1,Vague / Missing Context; Ambiguous References,463,0.448
1a48cf0af441a2eef33052a8d9ba30db,2,Vague / Missing Context; Ambiguous References,433,0.314
3ed4c298f41415519cd71ccf238c65cc,1,Ambiguous References; Format Ambiguity,755,0.306
3ed4c298f41415519cd71ccf238c65cc,2,Ambiguous References; Format Ambiguity,292,0.257
3ed4c298f41415519cd71ccf238c65cc,3,Vague / Missing Context; Ambiguous References,45,0.277
b2df80c55bee5bb29b92d63d9784b10f,1,Vague / Missing Context; Format Ambiguity,522,0.349
71315b4bed4917ec22fd1f7f655b5dc3,1,Ambiguous References; Format Ambiguity,104,0.334
a9b56caf9fa4584819cce328a7b2baf4,1,Vague / Missing Context; Ambiguous References; Format Ambiguity; Overloaded Prompt; Prompt Bloat / Convoluted Prompt; Unnecessary Repetition; Conflicting Constraints; Bias / Loaded Framing; Formality / Audience Mismatch; Irrelevant / Excessive Persona,55,0.661
a9b56caf9fa4584819cce328a7b2baf4,2,Vague / Missing Context; Ambiguous References,4000,0.859
a9b56caf9fa4584819cce328a7b2baf4,3,Ambiguous References,61,0.265
a9b56caf9fa4584819cce328a7b2baf4,4,Vague / Missing Context,20,0.241
a9b56caf9fa4584819cce328a7b2baf4,5,Ambiguous References,21,0.228
a9b56caf9fa4584819cce328a7b2baf4,6,Ambiguous References; Format Ambiguity,19,0.280
42b83001833da67aa084f935cd18360c,1,Vague / Missing Context; Ambiguous References; Format Ambiguity; Overloaded Prompt; Unnecessary Repetition; Conflicting Constraints; Bias / Loaded Framing; Formality / Audience Mismatch; Irrelevant / Excessive Persona,2250,1.088
42b83001833da67aa084f935cd18360c,2,Vague / Missing Context; Ambiguous References,53,0.285
42b83001833da67aa084f935cd18360c,3,Ambiguous References; Format Ambiguity,284,0.371
42b83001833da67aa084f935cd18360c,4,Ambiguous References; Format Ambiguity,114,0.429
ce93f68b1b40761a1a5f820cf197ba96,1,Vague / Missing Context; Ambiguous References; Format Ambiguity,19,0.341
ce93f68b1b40761a1a5f820cf197ba96,2,Vague / Missing Context,62,0.257
ce93f68b1b40761a1a5f820cf197ba96,3,Vague / Missing Context; Ambiguous References,44,0.283
eab769b703f0a71f4ddc8b0b6624f9aa,1,Vague / Missing Context,1386,0.632
9da3a54eb617b47b920a3140c32c54ce,1,Vague / Missing Context; Format Ambiguity,827,0.549
8f997f1f3fddb7e809f9337555064c8d,1,Vague / Missing Context; Ambiguous References,265,0.363
9d3045d27f7bea6bd08a66d16fcaa48a,2,Ambiguous References,23,0.190
9d3045d27f7bea6bd08a66d16fcaa48a,3,Vague / Missing Context; Ambiguous References; Format Ambiguity; Overloaded Prompt; Prompt Bloat / Convoluted Prompt; Unnecessary Repetition; Conflicting Constraints; Bias / Loaded Framing; Formality / Audience Mismatch,39,0.741
bbbfec0404b130f514c6f38bcc56d593,1,Vague / Missing Context; Ambiguous References; Format Ambiguity; Overloaded Prompt; Unnecessary Repetition; Conflicting Constraints; Bias / Loaded Framing; Formality / Audience Mismatch,928,0.719
bbbfec0404b130f514c6f38bcc56d593,2,Ambiguous References; Format Ambiguity,3011,0.531
bbbfec0404b130f514c6f38bcc56d593,3,Ambiguous References; Format Ambiguity,97,0.287
bbbfec0404b130f514c6f38bcc56d593,4,Ambiguous References; Format Ambiguity,172,0.285
bbbfec0404b130f514c6f38bcc56d593,5,Ambiguous References; Vague / Missing Context,40,0.264
bbbfec0404b130f514c6f38bcc56d593,6,Ambiguous References; Format Ambiguity,4000,0.560
be68b87524080e02dce119bda412ce44,1,Vague / Missing Context; Ambiguous References,229,0.316
a1e033d8d1675d56de63d1348612e26e,1,Ambiguous References; Format Ambiguity,173,0.279
9bb2bd93d0620ff6a1bd77362b05b8b2,1,Vague / Missing Context; Ambiguous References,17,0.254
9bb2bd93d0620ff6a1bd77362b05b8b2,2,Vague / Missing Context; Ambiguous References,39,0.317
9bb2bd93d0620ff6a1bd77362b05b8b2,3,Vague / Missing Context; Ambiguous References,36,0.317
9bb2bd93d0620ff6a1bd77362b05b8b2,4,Vague / Missing Context; Ambiguous References,42,0.324
9bb2bd93d0620ff6a1bd77362b05b8b2,5,Vague / Missing Context; Ambiguous References,38,0.311
9bb2bd93d0620ff6a1bd77362b05b8b2,6,Ambiguous References; Format Ambiguity,28,0.531
9bb2bd93d0620ff6a1bd77362b05b8b2,7,Vague / Missing Context; Ambiguous References; Format Ambiguity; Overloaded Prompt; Unnecessary Repetition; Conflicting Constraints; Bias / Loaded Framing; Formality / Audience Mismatch,32,0.606
9bb2bd93d0620ff6a1bd77362b05b8b2,8,Vague / Missing Context; Ambiguous References,42,0.248
793b84fe24ba687ad46c868c27fe8139,1,Ambiguous References; Format Ambiguity,4000,0.648
522371e67acaaa74cde195e5e4ddd712,2,Vague / Missing Context; Format Ambiguity,175,0.472
522371e67acaaa74cde195e5e4ddd712,3,Ambiguous References; Format Ambiguity,323,0.522
799c8c6033ab41546ef7adb961b92984,1,Vague / Missing Context; Ambiguous References; Format Ambiguity; Overloaded Prompt; Unnecessary Repetition; Conflicting Constraints; Bias / Loaded Framing; Formality / Audience Mismatch,2291,1.281
799c8c6033ab41546ef7adb961b92984,2,Vague / Missing Context; Ambiguous References,91,0.300
799c8c6033ab41546ef7adb961b92984,3,Ambiguous References; Format Ambiguity,334,0.607
3c232022c8f156e85ce527211b3878b0,1,Vague / Missing Context; Ambiguous References,67,0.292
3c232022c8f156e85ce527211b3878b0,2,Ambiguous References; Overloaded Prompt; Format Ambiguity; Unnecessary Repetition; Conflicting Constraints; Bias / Loaded Framing; Vague / Missing Context,65,0.513
3c232022c8f156e85ce527211b3878b0,3,Ambiguous References,30,0.227
e60b8a3f2f930f1af56a79d6acccae69,1,Ambiguous References; Format Ambiguity,989,0.675
5cbda611904126f0b6c01918c11e5928,1,Ambiguous References; Format Ambiguity,992,0.683
acd8cf11dc6fd85f91a03f34e3afb461,1,Ambiguous References; Format Ambiguity,1118,0.540
9a49e783be8281f4138b674849d5f3bb,2,Vague / Missing Context; Format Ambiguity,86,0.287
3a5c40dc1e174a09e161139798510173,1,Ambiguous References; Format Ambiguity,4000,0.668
3a5c40dc1e174a09e161139798510173,2,Ambiguous References; Format Ambiguity,864,0.506
3a5c40dc1e174a09e161139798510173,3,Ambiguous References; Format Ambiguity,96,0.278
55282e281a891a488a6d7b7d555e882d,1,Vague / Missing Context; Ambiguous References,29,0.249
55282e281a891a488a6d7b7d555e882d,2,Vague / Missing Context; Format Ambiguity,384,0.309
5c5391d4b69e759604dbaad0ca41f049,2,Ambiguous References,34,0.224
5d5739ac41274827dd7b58e423f676ac,1,Ambiguous References; Format Ambiguity,848,0.462
34414b973a4b201e7c3304590009b657,1,Ambiguous References; Format Ambiguity,849,0.420
b3146a289dbce70b4844f7f91fcc1857,1,Vague / Missing Context; Format Ambiguity,4000,0.750
8c66f08b5ee9d997dcf6802d37f24a20,1,Ambiguous References; Format Ambiguity,66,0.245
8c66f08b5ee9d997dcf6802d37f24a20,2,Ambiguous References; Format Ambiguity,66,0.244
a1c33f41107959f8647cabae70e19bb3,1,Ambiguous References; Format Ambiguity,859,0.463
a16dc0ba390f1b5731457c208ada026f,1,Ambiguous References,156,0.259
a16dc0ba390f1b5731457c208ada026f,2,Ambiguous References,53,0.225
a16dc0ba390f1b5731457c208ada026f,3,No Smell,32,0.197
a16dc0ba390f1b5731457c208ada026f,4,Ambiguous References; Format Ambiguity,220,0.437
a16dc0ba390f1b5731457c208ada026f,5,Ambiguous References; Format Ambiguity,62,0.264
a16dc0ba390f1b5731457c208ada026f,6,Ambiguous References; Overloaded Prompt,212,0.344
a16dc0ba390f1b5731457c208ada026f,7,Ambiguous References; Format Ambiguity,194,0.280
216f4a73469fbeca27a946e1023cb007,1,Ambiguous References; Format Ambiguity; Overloaded Prompt; Conflicting Constraints; Unnecessary Repetition; Prompt Bloat / Convoluted Prompt,870,0.839
864fdd42736c8581591db8d7dee44605,1,Ambiguous References; Format Ambiguity,71,0.252
e558b215257f619888ed8a5e86ace180,1,Ambiguous References; Format Ambiguity,938,0.709
476e1ce49504f30e5d777717225913aa,1,Ambiguous References; Format Ambiguity,54,0.472
476e1ce49504f30e5d777717225913aa,2,Ambiguous References; Format Ambiguity,53,0.386
476e1ce49504f30e5d777717225913aa,3,Ambiguous References; Format Ambiguity,56,0.436
476e1ce49504f30e5d777717225913aa,4,Ambiguous References; Format Ambiguity,58,0.290
476e1ce49504f30e5d777717225913aa,5,Ambiguous References; Format Ambiguity,107,0.465
5d1bd901b948c4f3d3d5b14c8027e294,1,Ambiguous References; Format Ambiguity,288,0.289
5d1bd901b948c4f3d3d5b14c8027e294,2,Ambiguous References; Format Ambiguity,26,0.272
1be0f3e049a73b997f2a9cbf600eecd8,1,Vague / Missing Context; Ambiguous References; Format Ambiguity,844,0.376
1be0f3e049a73b997f2a9cbf600eecd8,2,Vague / Missing Context; Format Ambiguity,1790,0.460
15e3e5f0787afaa18bbb3ff35f5026c2,1,Ambiguous References; Format Ambiguity,128,0.248
996f782b103f404aefd74db8463addf8,1,Ambiguous References; Format Ambiguity,421,0.652
946f16408d778708cb868f1b3f8c0221,3,Ambiguous References; Format Ambiguity,47,0.305
946f16408d778708cb868f1b3f8c0221,4,Ambiguous References; Overloaded Prompt; Format Ambiguity,21,0.626
946f16408d778708cb868f1b3f8c0221,5,Vague / Missing Context; Ambiguous References,52,0.280
946f16408d778708cb868f1b3f8c0221,6,Vague / Missing Context,42,0.245
946f16408d778708cb868f1b3f8c0221,7,No Smell,37,0.205
cc1f9ae2aa28351e4594aedfc7c2d98c,1,Vague / Missing Context; Format Ambiguity,128,0.291
cc1f9ae2aa28351e4594aedfc7c2d98c,2,Vague / Missing Context; Ambiguous References,134,0.279
747bbbd28feaeaf80bf3dc36ce3588d7,1,Vague / Missing Context; Ambiguous References,38,0.266
747bbbd28feaeaf80bf3dc36ce3588d7,2,Ambiguous References; Format Ambiguity,46,0.280
747bbbd28feaeaf80bf3dc36ce3588d7,3,Ambiguous References,34,0.223
6fb66c229eb57681ba2f1a544ab578cb,1,Vague / Missing Context; Ambiguous References,53,0.280
6fb66c229eb57681ba2f1a544ab578cb,2,Vague / Missing Context; Ambiguous References; Format Ambiguity; Overloaded Prompt; Prompt Bloat / Convoluted Prompt; Unnecessary Repetition; Conflicting Constraints; Bias / Loaded Framing; Formality / Audience Mismatch,68,0.661
6fb66c229eb57681ba2f1a544ab578cb,3,Vague / Missing Context; Ambiguous References; Format Ambiguity,50,0.312
6a5df0ef4b379678d53e64db583bb8d9,1,Ambiguous References; Format Ambiguity,2729,0.881
6a5df0ef4b379678d53e64db583bb8d9,2,Vague / Missing Context; Ambiguous References,53,0.287
6a5df0ef4b379678d53e64db583bb8d9,3,Vague / Missing Context; Ambiguous References; Format Ambiguity; Overloaded Prompt; Unnecessary Repetition; Conflicting Constraints; Bias / Loaded Framing; Formality / Audience Mismatch,332,0.673
6a5df0ef4b379678d53e64db583bb8d9,4,Vague / Missing Context; Ambiguous References,52,0.305
d72db00321aff50414a7a2c7de4c8df2,1,Ambiguous References; Format Ambiguity,1005,0.546
b6f8ff34b71a1faac16ac6d77b919676,1,Ambiguous References; Format Ambiguity,1002,0.493
59189e68dd732e5a4402566bddf57d2b,1,Ambiguous References; Format Ambiguity,1066,0.701
40892d11ef68730d2bbe656a2482226d,1,Ambiguous References; Format Ambiguity,2729,0.877
40892d11ef68730d2bbe656a2482226d,2,Vague / Missing Context; Ambiguous References,53,0.287
40892d11ef68730d2bbe656a2482226d,3,Ambiguous References; Format Ambiguity,408,0.307
7432e537a217afb5b4c96adcc163a5a2,1,Ambiguous References; Format Ambiguity,839,0.342
79f861796de90569f1278243d2031ff5,2,Ambiguous References; Format Ambiguity,587,0.438
53f5d914063a47994706018ae5590da7,1,Ambiguous References; Format Ambiguity,86,0.239
53f5d914063a47994706018ae5590da7,2,Ambiguous References; Format Ambiguity,124,0.420
fd66c09a338bca3d383913f8355c1fa0,1,Ambiguous References; Format Ambiguity,116,0.305
d66600e01b17cd6dcd455d767034ad65,1,Ambiguous References; Format Ambiguity,94,0.246
d6bc0b0cc2be36f5d0c37baad7cb8555,1,Ambiguous References; Format Ambiguity,144,0.272
39a890e394354f8bf17bc3e5713ea779,1,Ambiguous References; Format Ambiguity,1334,0.790
d09b3cc4d2e2e49dbc5e4d6262ea8797,2,Ambiguous References,109,0.226
d09b3cc4d2e2e49dbc5e4d6262ea8797,3,Ambiguous References,27,0.228
3939242f24c39a3c375c15dcf42e9988,2,Ambiguous References; Format Ambiguity,31,0.293
b0631af33bc4462d359207ce9fbbbea8,1,Vague / Missing Context; Format Ambiguity,829,0.725
19ee3ca70053213aa3b5165720f4cd9f,1,Vague / Missing Context; Format Ambiguity,178,0.309
19ee3ca70053213aa3b5165720f4cd9f,2,Vague / Missing Context; Ambiguous References,564,0.375
19ee3ca70053213aa3b5165720f4cd9f,3,Ambiguous References; Format Ambiguity,613,0.536
ad40372f0b09c38b3ec367aa8aa5285f,1,Ambiguous References; Format Ambiguity,847,0.627
ed68ce75444a0a6a8c77079034c4ad92,1,Ambiguous References; Format Ambiguity; Overloaded Prompt; Unnecessary Repetition; Conflicting Constraints; Bias / Loaded Framing; Vague / Missing Context,3483,1.328
715d77be1ecb09b8ff35685c83b3b376,1,Ambiguous References; Format Ambiguity,839,0.646
47d5fdc7d4f6c6021a33705cd67c0789,1,Vague / Missing Context; Ambiguous References; Format Ambiguity; Overloaded Prompt; Unnecessary Repetition; Conflicting Constraints; Bias / Loaded Framing; Formality / Audience Mismatch,66,0.634
47d5fdc7d4f6c6021a33705cd67c0789,2,Vague / Missing Context; Ambiguous References; Format Ambiguity; Overloaded Prompt; Unnecessary Repetition; Conflicting Constraints; Bias / Loaded Framing; Formality / Audience Mismatch,60,0.636
bf4a3af76d4bcb340fee3429d4d0fe3b,2,No Smell,24,0.197
1e2c48395709ca81c2574a1aa30acbfe,1,Ambiguous References; Format Ambiguity,3466,0.795
28d637604bc2bfd5e63b6c80fef40db7,1,Ambiguous References; Format Ambiguity,66,0.313
28d637604bc2bfd5e63b6c80fef40db7,2,Ambiguous References; Format Ambiguity,96,0.253
28d637604bc2bfd5e63b6c80fef40db7,4,Ambiguous References; Format Ambiguity,64,0.258
28d637604bc2bfd5e63b6c80fef40db7,5,Ambiguous References; Format Ambiguity,61,0.320
cb5a7e15c8d14b07c0320f22bf4ec2db,1,Vague / Missing Context; Ambiguous References,37,0.270
cb5a7e15c8d14b07c0320f22bf4ec2db,2,Ambiguous References; Format Ambiguity,62,0.253
cb5a7e15c8d14b07c0320f22bf4ec2db,3,Vague / Missing Context; Ambiguous References; Format Ambiguity; Overloaded Prompt; Unnecessary Repetition; Conflicting Constraints; Bias / Loaded Framing; Formality / Audience Mismatch,7,0.650
cb5a7e15c8d14b07c0320f22bf4ec2db,4,Ambiguous References; Format Ambiguity,28,0.269
cb5a7e15c8d14b07c0320f22bf4ec2db,5,Vague / Missing Context; Ambiguous References; Format Ambiguity; Overloaded Prompt; Unnecessary Repetition; Conflicting Constraints; Bias / Loaded Framing; Formality / Audience Mismatch,8,0.629
cb5a7e15c8d14b07c0320f22bf4ec2db,6,Ambiguous References; Vague / Missing Context,10,0.242
cb5a7e15c8d14b07c0320f22bf4ec2db,7,Vague / Missing Context; Ambiguous References; Format Ambiguity; Overloaded Prompt; Unnecessary Repetition; Conflicting Constraints; Bias / Loaded Framing; Formality / Audience Mismatch,7,0.650
f8cf1ab9191b81e51023a5278433b43f,1,Vague / Missing Context; Format Ambiguity,178,0.408
f8cf1ab9191b81e51023a5278433b43f,2,Ambiguous References; Format Ambiguity,53,0.299
748b25b213b2051e9c196c277e46355e,1,Ambiguous References; Format Ambiguity,3489,0.804
fa43e51027ccb2bb9222b06fc47feac7,1,Ambiguous References; Format Ambiguity,42,0.250
1838b24328c1dd3508c61f3eb7a12390,2,Vague / Missing Context; Ambiguous References,45,0.239
1838b24328c1dd3508c61f3eb7a12390,3,Ambiguous References; Format Ambiguity,97,0.399
1838b24328c1dd3508c61f3eb7a12390,4,Ambiguous References; Format Ambiguity,230,0.284
1838b24328c1dd3508c61f3eb7a12390,5,Vague / Missing Context; Ambiguous References; Format Ambiguity; Overloaded Prompt; Unnecessary Repetition; Conflicting Constraints; Bias / Loaded Framing; Formality / Audience Mismatch,7,0.593
1838b24328c1dd3508c61f3eb7a12390,6,Ambiguous References; Format Ambiguity,155,0.326
1838b24328c1dd3508c61f3eb7a12390,7,Vague / Missing Context; Ambiguous References,85,0.280
cc89505a8979eaa8d15976b65dc565d1,1,Ambiguous References; Format Ambiguity,931,0.556
86612b69409b770a574fed967514440c,1,Ambiguous References; Overloaded Prompt; Format Ambiguity,15,0.374
86612b69409b770a574fed967514440c,2,Ambiguous References; Overloaded Prompt; Format Ambiguity,25,0.323
86612b69409b770a574fed967514440c,3,Ambiguous References; Overloaded Prompt; Format Ambiguity; Unnecessary Repetition; Conflicting Constraints; Bias / Loaded Framing; Vague / Missing Context,25,0.532
86612b69409b770a574fed967514440c,4,Ambiguous References; Overloaded Prompt; Format Ambiguity; Unnecessary Repetition; Conflicting Constraints; Bias / Loaded Framing; Vague / Missing Context,39,0.537
86612b69409b770a574fed967514440c,5,Ambiguous References; Overloaded Prompt; Format Ambiguity; Unnecessary Repetition; Conflicting Constraints; Bias / Loaded Framing; Vague / Missing Context,39,0.529
86612b69409b770a574fed967514440c,6,Ambiguous References; Format Ambiguity,33,0.302
86612b69409b770a574fed967514440c,7,Ambiguous References; Overloaded Prompt,41,0.247
86612b69409b770a574fed967514440c,8,Ambiguous References,41,0.253
e5a320e0dee4ea79705871e8833ba27e,1,Ambiguous References; Format Ambiguity,939,0.556
16fb5f3bdc3c0d21cb859606a80ff168,1,Ambiguous References; Format Ambiguity,3489,0.806
be62c54a824fbcd9541c17c0c7e597cc,2,Vague / Missing Context; Ambiguous References,72,0.352
48ab321dc6153385e35fc31eb7d05374,1,Ambiguous References; Format Ambiguity,958,0.568
dfed43c54cf863fbfa12b1129f892a82,1,Vague / Missing Context; Ambiguous References; Format Ambiguity,4000,1.016
dfed43c54cf863fbfa12b1129f892a82,2,Ambiguous References; Format Ambiguity,394,0.605
e260b7ee20c1a867ccf11e8bdb7e9779,3,Vague / Missing Context; Ambiguous References; Format Ambiguity; Overloaded Prompt; Unnecessary Repetition; Conflicting Constraints; Bias / Loaded Framing; Formality / Audience Mismatch,2172,0.999
92828e19671027900ae1bb29030ba7d4,1,Vague / Missing Context; Format Ambiguity; Bias / Loaded Framing; Unnecessary Repetition; Conflicting Constraints; Overloaded Prompt; Prompt Bloat / Convoluted Prompt; Ambiguous References,994,1.050
a67678df34f3cb452c3e18de8fe6564d,1,Ambiguous References; Format Ambiguity,82,0.260
a67678df34f3cb452c3e18de8fe6564d,2,Vague / Missing Context; Ambiguous References,107,0.305
cd6cf804cbc35db37f6947fc2167bfc9,1,Vague / Missing Context; Ambiguous References,21,0.263
91ba00c054952ca61d624209c7265e6a,5,Ambiguous References,95,0.313
dfab03ae297b9db27d6cb935350c18d9,1,Vague / Missing Context; Ambiguous References,25,0.250
c28553fbb7fb26d249b588dd70b5cbef,1,Vague / Missing Context; Format Ambiguity,4000,0.988
e4fbc371b1acb1b500c1124472025c31,1,Ambiguous References; Format Ambiguity,956,0.422
ac8b22cd8dfbfab31c0b86371c0f79f6,1,Vague / Missing Context; Ambiguous References; Format Ambiguity,4000,1.017
50e31abce022729c3bf0a4b1f897ce8d,1,Vague / Missing Context; Format Ambiguity,4000,0.985
55bb0ff256d1745ea2691084a2a097a3,1,Ambiguous References; Format Ambiguity,980,0.550
70114dd3e3506e51c57964b207739438,1,Ambiguous References; Format Ambiguity,4000,0.828
81dfffe3a4503b0cf0099dcf510040b9,1,Vague / Missing Context; Format Ambiguity,829,0.424
81dfffe3a4503b0cf0099dcf510040b9,2,Vague / Missing Context; Format Ambiguity,840,0.754
8f6cd60f9ccb4c0c64d712b28920695a,1,Vague / Missing Context; Ambiguous References,47,0.275
8f6cd60f9ccb4c0c64d712b28920695a,2,Vague / Missing Context; Ambiguous References,69,0.271
214f6f82d6de69f5a4fe57ba8b0c08ff,1,Ambiguous References; Format Ambiguity,4000,0.830
b938280506a3d5a423b15f975fb5423c,1,Ambiguous References; Format Ambiguity,1020,0.510
4b7fc339d8bbf4a83a56b8865c6ff48e,1,Ambiguous References; Format Ambiguity,1597,0.486
4b7fc339d8bbf4a83a56b8865c6ff48e,2,Vague / Missing Context; Ambiguous References,441,0.313
0554229cbb30e7a5a7e77d4570fc23fe,1,Ambiguous References; Format Ambiguity,4000,0.815
d414f65f1fca845f436ed69ef66ac6c9,1,Ambiguous References; Format Ambiguity,1022,0.531
557e45cd15928a003737bfae64499c16,1,Ambiguous References; Format Ambiguity,3907,0.816
d1972636857e185531a39276a5fbd7ae,1,Ambiguous References; Format Ambiguity,1026,0.323
71d2c2ec44b91432e2a4be1465f916cc,1,Ambiguous References; Format Ambiguity,1037,0.366
41506b59cde7311883ccfa99bf97a894,1,Vague / Missing Context; Ambiguous References,213,0.291
5a02a0d6da734ee5889b4364c3be0934,2,Vague / Missing Context; Ambiguous References,21,0.255
5a02a0d6da734ee5889b4364c3be0934,3,Vague / Missing Context,20,0.293
5a02a0d6da734ee5889b4364c3be0934,4,Ambiguous References; Overloaded Prompt; Format Ambiguity,22,0.301
5a02a0d6da734ee5889b4364c3be0934,6,Ambiguous References; Overloaded Prompt; Format Ambiguity; Unnecessary Repetition; Conflicting Constraints; Bias / Loaded Framing; Vague / Missing Context,19,0.499
211232df5617718435283eb52763aa8b,7,Vague / Missing Context; Ambiguous References,33,0.257
a64f222908c7343cee62eb3d9914c3e8,1,Vague / Missing Context; Format Ambiguity,1106,0.417
5a31d4524a12c4efb14786b8ba30be5b,1,Ambiguous References; Format Ambiguity,458,0.515
38b740b05016bd6495891fa3fe8d1651,1,Ambiguous References; Format Ambiguity,493,0.523
e6b80e5c79ec67e66cfda80c66fe191d,1,Ambiguous References; Format Ambiguity,69,0.253
e6b80e5c79ec67e66cfda80c66fe191d,2,Ambiguous References; Format Ambiguity,68,0.279
e5910b37d42ec96ee5474914bde2073f,1,Ambiguous References; Format Ambiguity,183,0.260
e5910b37d42ec96ee5474914bde2073f,2,Vague / Missing Context; Ambiguous References,122,0.340
e5910b37d42ec96ee5474914bde2073f,3,Ambiguous References,191,0.426
ea2db85a7f86328c726fe64cf78cca4b,1,Vague / Missing Context; Format Ambiguity,4000,0.950
ea2db85a7f86328c726fe64cf78cca4b,2,Vague / Missing Context; Format Ambiguity; Overloaded Prompt; Unnecessary Repetition; Conflicting Constraints; Bias / Loaded Framing; Formality / Audience Mismatch; Irrelevant / Excessive Persona; Ambiguous References,3917,1.382
ea2db85a7f86328c726fe64cf78cca4b,3,Vague / Missing Context; Ambiguous References,134,0.454
58bec9e7afbbf8eea02c0aee5fa974aa,2,Ambiguous References; Format Ambiguity,71,0.251
58bec9e7afbbf8eea02c0aee5fa974aa,3,Vague / Missing Context; Ambiguous References,52,0.351
58bec9e7afbbf8eea02c0aee5fa974aa,4,Vague / Missing Context; Ambiguous References,34,0.289
58bec9e7afbbf8eea02c0aee5fa974aa,5,Ambiguous References; Format Ambiguity,48,0.298
012be8b25606703bb4e8b7d422aa224f,1,Ambiguous References; Format Ambiguity,58,0.359
012be8b25606703bb4e8b7d422aa224f,2,Ambiguous References; Format Ambiguity,74,0.352
2b9c8778307a0eac3eecf0f6a363744b,1,Ambiguous References; Format Ambiguity,538,0.448
031d1269d53431d40dd26ad502054efb,1,Vague / Missing Context; Ambiguous References,84,0.326
031d1269d53431d40dd26ad502054efb,2,No Smell,17,0.192
031d1269d53431d40dd26ad502054efb,3,No Smell,13,0.189
9660dce87579b2f66967d870ec93ced7,2,Vague / Missing Context; Format Ambiguity,924,0.610
9660dce87579b2f66967d870ec93ced7,5,Ambiguous References; Vague / Missing Context; Format Ambiguity; Overloaded Prompt; Unnecessary Repetition; Conflicting Constraints; Bias / Loaded Framing,1846,1.397
09b4aaea077402081020f8fbe187fdea,1,Ambiguous References; Format Ambiguity,60,0.310
76bad785cbeb0813aeb0410912fbb214,1,Ambiguous References,242,0.220
984a333a54901bf44e86b75c784a6ed1,1,Vague / Missing Context; Ambiguous References; Format Ambiguity,4000,1.017
eb329a445eafa83d5803227d75c9b52b,1,Ambiguous References; Format Ambiguity,161,0.261
bd47c91d790bbdb62792252ce3315806,1,Vague / Missing Context; Format Ambiguity,4000,1.090
cedcd77b8a77057b6b989590354ed10f,1,Ambiguous References; Format Ambiguity,439,0.330
bc51ff6de4ebd3ba80cac81c03b454d9,1,Vague / Missing Context; Format Ambiguity,4000,0.956
bc51ff6de4ebd3ba80cac81c03b454d9,2,Vague / Missing Context; Ambiguous References,4000,0.796
6b8df72b6bd16d59695bad9711960ce8,1,Vague / Missing Context; Format Ambiguity; Ambiguous References; Overloaded Prompt; Prompt Bloat / Convoluted Prompt; Unnecessary Repetition; Conflicting Constraints; Bias / Loaded Framing; Formality / Audience Mismatch; Irrelevant / Excessive Persona,2845,1.354
c5a13321533a62719bc075031f3f52b4,1,Ambiguous References,48,0.250
c5a13321533a62719bc075031f3f52b4,2,Ambiguous References,55,0.224
c5a13321533a62719bc075031f3f52b4,3,Ambiguous References; Format Ambiguity,63,0.309
c216b8f6aa38303ff7ad2f8241113448,1,Format Ambiguity; Vague / Missing Context,148,0.378
c216b8f6aa38303ff7ad2f8241113448,2,Vague / Missing Context; Format Ambiguity,75,0.326
c216b8f6aa38303ff7ad2f8241113448,3,Vague / Missing Context; Ambiguous References,57,0.271
c216b8f6aa38303ff7ad2f8241113448,4,Vague / Missing Context; Format Ambiguity,80,0.272
c216b8f6aa38303ff7ad2f8241113448,5,Vague / Missing Context; Ambiguous References,31,0.238
628bec98c4d5258b3e5a5d35d6455000,1,Ambiguous References; Format Ambiguity,461,0.439
bc7752f13f96420f0db2655a1f3d13cf,1,Vague / Missing Context; Format Ambiguity,2054,0.473
bda07a2d84c53617cd2f0fb68fa92d75,1,Ambiguous References; Format Ambiguity,140,0.307
bda07a2d84c53617cd2f0fb68fa92d75,2,Vague / Missing Context; Format Ambiguity,1590,0.607
bda07a2d84c53617cd2f0fb68fa92d75,3,Vague / Missing Context; Ambiguous References,31,0.240
bda07a2d84c53617cd2f0fb68fa92d75,4,Vague / Missing Context; Ambiguous References,45,0.270
2ffbfb114acd1a2c9d22caf8e71b01ff,1,Vague / Missing Context; Ambiguous References,37,0.271
d6549366062e85601035897933f1e5ce,1,Ambiguous References; Format Ambiguity,55,0.251
aa16f207312acc7cd91b8979baa8a595,1,Ambiguous References; Format Ambiguity,41,0.384
aa16f207312acc7cd91b8979baa8a595,2,Ambiguous References; Format Ambiguity,41,0.253
9b200d2ecbee772a6e5983c207ecb512,1,Vague / Missing Context; Ambiguous References,96,0.260
f2e65ba0c04f4f74ce4e340c97357807,1,Ambiguous References; Format Ambiguity,57,0.332
21afada9aac3a5e9d8baada0fe044088,1,Ambiguous References; Format Ambiguity,1600,0.439
21afada9aac3a5e9d8baada0fe044088,2,Vague / Missing Context; Ambiguous References,2055,0.473
21afada9aac3a5e9d8baada0fe044088,3,Vague / Missing Context,62,0.300
ba981e62790522513bc65a6fa9945332,1,Vague / Missing Context; Ambiguous References; Format Ambiguity; Overloaded Prompt; Unnecessary Repetition; Conflicting Constraints; Bias / Loaded Framing; Formality / Audience Mismatch,350,0.666
ad6fc67577642b76899804e8dddb1356,1,Ambiguous References; Format Ambiguity,4000,0.647
ad6fc67577642b76899804e8dddb1356,2,Ambiguous References; Vague / Missing Context,38,0.264
ad6fc67577642b76899804e8dddb1356,3,Vague / Missing Context; Format Ambiguity,41,0.278
ad6fc67577642b76899804e8dddb1356,4,Ambiguous References; Format Ambiguity,25,0.248
ad6fc67577642b76899804e8dddb1356,5,Ambiguous References; Format Ambiguity,156,0.266
ad6fc67577642b76899804e8dddb1356,6,Ambiguous References; Format Ambiguity; Overloaded Prompt; Unnecessary Repetition; Conflicting Constraints; Bias / Loaded Framing; Formality / Audience Mismatch; Vague / Missing Context,3071,1.083
d4c65a44ea28e503b573c7a116807e7a,1,Ambiguous References; Format Ambiguity,67,0.267
d4c65a44ea28e503b573c7a116807e7a,2,Vague / Missing Context,16,0.238
d4c65a44ea28e503b573c7a116807e7a,3,Ambiguous References; Format Ambiguity,14,0.265
906c31f2629667101e18c390763dd3f8,1,Ambiguous References; Format Ambiguity,66,0.371
906c31f2629667101e18c390763dd3f8,2,Ambiguous References; Format Ambiguity,69,0.350
906c31f2629667101e18c390763dd3f8,3,Ambiguous References; Format Ambiguity,48,0.324
906c31f2629667101e18c390763dd3f8,4,Ambiguous References; Format Ambiguity,41,0.257
5e5d37f9a3f01b2988b19a6ebe8047e9,1,Ambiguous References,65,0.211
082e76a513057ca0380249ea475c33eb,1,Vague / Missing Context; Format Ambiguity,4000,1.284
a2928b830b8b66809296a0ee17fcde35,1,Vague / Missing Context; Ambiguous References,63,0.319
a2928b830b8b66809296a0ee17fcde35,2,Vague / Missing Context; Ambiguous References,139,0.263
a2928b830b8b66809296a0ee17fcde35,3,Vague / Missing Context; Format Ambiguity,217,0.554
a2928b830b8b66809296a0ee17fcde35,4,Vague / Missing Context; Ambiguous References,46,0.293
a2928b830b8b66809296a0ee17fcde35,5,Ambiguous References,81,0.283
a2928b830b8b66809296a0ee17fcde35,6,Ambiguous References; Format Ambiguity,2157,0.476
a2928b830b8b66809296a0ee17fcde35,7,Ambiguous References,64,0.231
22df480a7cccdaf26b977216e78f1916,1,Ambiguous References; Format Ambiguity,110,0.307
22df480a7cccdaf26b977216e78f1916,2,Ambiguous References; Format Ambiguity,120,0.306
22df480a7cccdaf26b977216e78f1916,3,Ambiguous References; Format Ambiguity,166,0.307
22df480a7cccdaf26b977216e78f1916,4,Ambiguous References; Format Ambiguity,166,0.298
22df480a7cccdaf26b977216e78f1916,5,Ambiguous References; Format Ambiguity,152,0.306
22df480a7cccdaf26b977216e78f1916,6,Ambiguous References; Format Ambiguity,150,0.313
22df480a7cccdaf26b977216e78f1916,7,Vague / Missing Context; Ambiguous References,172,0.319
22df480a7cccdaf26b977216e78f1916,8,Vague / Missing Context; Ambiguous References,178,0.313
22df480a7cccdaf26b977216e78f1916,9,Ambiguous References; Format Ambiguity,164,0.312
22df480a7cccdaf26b977216e78f1916,10,Ambiguous References; Format Ambiguity,178,0.307
22df480a7cccdaf26b977216e78f1916,11,Ambiguous References; Format Ambiguity,216,0.310
1d84139c02bc3886afa71e575a9bdde9,1,Vague / Missing Context; Format Ambiguity,2790,0.859
1d84139c02bc3886afa71e575a9bdde9,2,Vague / Missing Context; Ambiguous References,53,0.285
b75f03a9f27ba3b39b23884b0b7173df,1,Format Ambiguity; Ambiguous References,903,0.760
49ff4aef339ebeac0e6e28107a63a89d,1,Ambiguous References,1020,0.462
304cca7b286629c77f9134647807ed97,1,Ambiguous References,1020,0.368
b0b2cc61068cb97ffe08568ea64348d1,1,Vague / Missing Context; Format Ambiguity,2283,0.502
b613b60731b80269a55c95b10e1027d8,1,Vague / Missing Context; Ambiguous References; Format Ambiguity; Overloaded Prompt; Unnecessary Repetition; Conflicting Constraints; Bias / Loaded Framing; Formality / Audience Mismatch,3898,1.370
c4a657a1d90c47e0934d416a4586becb,1,Vague / Missing Context; Ambiguous References; Format Ambiguity,4000,1.017
ae9c4fe55611e9a7732ed743f00faea2,1,Ambiguous References; Format Ambiguity,908,0.616
a05f2c0a1af0010a7abc4bfda8b90dec,1,Ambiguous References,55,0.265
4bdf3fcd8baf50fcbbb09ad9b2299baa,2,Vague / Missing Context; Ambiguous References,16,0.221
4bdf3fcd8baf50fcbbb09ad9b2299baa,3,No Smell,22,0.181
6e54e77edc1a209246c0254e11dc438e,1,Vague / Missing Context; Ambiguous References; Format Ambiguity; Overloaded Prompt; Unnecessary Repetition; Conflicting Constraints; Bias / Loaded Framing; Formality / Audience Mismatch; Irrelevant / Excessive Persona,2744,1.214
6e54e77edc1a209246c0254e11dc438e,2,Vague / Missing Context; Ambiguous References,53,0.284
4bbff2588fbe7a79c8035e61a3155e4d,1,Vague / Missing Context; Ambiguous References; Format Ambiguity; Overloaded Prompt; Unnecessary Repetition; Conflicting Constraints; Bias / Loaded Framing; Formality / Audience Mismatch,3898,1.367
4bbff2588fbe7a79c8035e61a3155e4d,2,Vague / Missing Context; Ambiguous References; Format Ambiguity; Overloaded Prompt; Unnecessary Repetition; Conflicting Constraints; Bias / Loaded Framing; Formality / Audience Mismatch,3898,0.961
4bbff2588fbe7a79c8035e61a3155e4d,3,Vague / Missing Context; Ambiguous References; Format Ambiguity; Overloaded Prompt; Unnecessary Repetition; Conflicting Constraints; Bias / Loaded Framing; Formality / Audience Mismatch,3898,0.963
04fa3a92407f54cacc334be1ca248843,1,Ambiguous References; Format Ambiguity,41,0.304
a272311ccd7e810abf1af487ef668c60,1,Ambiguous References; Format Ambiguity,865,0.676
da4521f81e03414b54c83b1feb54071a,3,Ambiguous References,372,0.628
73446e4befe18d86b7059b099a7b980d,1,Vague / Missing Context; Ambiguous References; Format Ambiguity,4000,1.017
df9446d2054c063853c5f96f8ea3256c,1,Ambiguous References; Format Ambiguity,183,0.315
df9446d2054c063853c5f96f8ea3256c,2,Format Ambiguity; Ambiguous References,500,0.661
353957890fab866044e851417a2c361a,3,Ambiguous References,65,0.232
353957890fab866044e851417a2c361a,6,Ambiguous References; Format Ambiguity,101,0.326
f8cd2d5e2fdd48e5f78cfad7dd65cb39,1,Vague / Missing Context; Ambiguous References; Format Ambiguity; Overloaded Prompt; Unnecessary Repetition; Conflicting Constraints; Bias / Loaded Framing; Formality / Audience Mismatch,2283,1.346
d1f2354a35b4742e7b690b3b6ea89ce1,1,Vague / Missing Context; Ambiguous References; Format Ambiguity; Overloaded Prompt; Unnecessary Repetition; Conflicting Constraints; Bias / Loaded Framing,447,0.721
d1f2354a35b4742e7b690b3b6ea89ce1,2,Ambiguous References,57,0.251
d1f2354a35b4742e7b690b3b6ea89ce1,3,Vague / Missing Context; Ambiguous References,194,0.289
06640152cc14fcdad5cd2bb91ed0c2e1,1,Ambiguous References; Format Ambiguity,114,0.321
e8800bf6ab1d144dac7470e746907ff1,1,Ambiguous References,23,0.192
e8800bf6ab1d144dac7470e746907ff1,2,Ambiguous References,28,0.194
3dff6625d827f9f4dedab19135eea8f3,1,Vague / Missing Context; Ambiguous References; Format Ambiguity,4000,1.018
4c96ab726ae7c89b7d3935b72ed2ea47,1,Vague / Missing Context; Ambiguous References,8,0.262
4c96ab726ae7c89b7d3935b72ed2ea47,3,Ambiguous References,16,0.260
4c96ab726ae7c89b7d3935b72ed2ea47,4,Vague / Missing Context,40,0.260
4c96ab726ae7c89b7d3935b72ed2ea47,6,Vague / Missing Context; Ambiguous References,22,0.254
cdab1b85bf0ca877ac1e56035238c449,1,Vague / Missing Context; Ambiguous References; Format Ambiguity; Overloaded Prompt; Unnecessary Repetition; Conflicting Constraints; Bias / Loaded Framing; Formality / Audience Mismatch; Irrelevant / Excessive Persona,2749,1.232
cdab1b85bf0ca877ac1e56035238c449,2,Vague / Missing Context; Ambiguous References,53,0.285
cdab1b85bf0ca877ac1e56035238c449,3,Ambiguous References; Overloaded Prompt; Format Ambiguity; Unnecessary Repetition; Conflicting Constraints; Bias / Loaded Framing; Vague / Missing Context,14,0.497
57cc0c20f5f69e84d8e9f78a1b3fc14c,1,Vague / Missing Context; Format Ambiguity; Overloaded Prompt; Unnecessary Repetition; Conflicting Constraints; Bias / Loaded Framing,1795,1.367
8b68fcca6d6f5028e44e20f3580cf028,1,Vague / Missing Context; Ambiguous References; Format Ambiguity; Overloaded Prompt; Unnecessary Repetition; Conflicting Constraints; Bias / Loaded Framing; Formality / Audience Mismatch,267,0.696
8b68fcca6d6f5028e44e20f3580cf028,2,Vague / Missing Context; Ambiguous References; Format Ambiguity; Overloaded Prompt; Unnecessary Repetition; Conflicting Constraints; Bias / Loaded Framing; Formality / Audience Mismatch,268,0.641
8b68fcca6d6f5028e44e20f3580cf028,3,Vague / Missing Context; Ambiguous References; Format Ambiguity; Overloaded Prompt; Unnecessary Repetition; Conflicting Constraints; Bias / Loaded Framing; Formality / Audience Mismatch,305,0.665
8b68fcca6d6f5028e44e20f3580cf028,4,Ambiguous References; Format Ambiguity,356,0.314
8b68fcca6d6f5028e44e20f3580cf028,5,Ambiguous References; Format Ambiguity,387,0.313
8b68fcca6d6f5028e44e20f3580cf028,6,Ambiguous References; Format Ambiguity,407,0.307
8b68fcca6d6f5028e44e20f3580cf028,7,Ambiguous References; Format Ambiguity,440,0.313
8b68fcca6d6f5028e44e20f3580cf028,8,Ambiguous References; Format Ambiguity; Overloaded Prompt; Vague / Missing Context; Conflicting Constraints; Unnecessary Repetition; Bias / Loaded Framing,467,0.677
8b68fcca6d6f5028e44e20f3580cf028,9,Ambiguous References,49,0.224
8b68fcca6d6f5028e44e20f3580cf028,10,Vague / Missing Context; Ambiguous References,45,0.332
8b68fcca6d6f5028e44e20f3580cf028,11,Ambiguous References,62,0.231
780bf7a1dd3c7f89cea49ebd6add8546,2,Vague / Missing Context,27,0.251
780bf7a1dd3c7f89cea49ebd6add8546,3,Vague / Missing Context; Ambiguous References,69,0.311
780bf7a1dd3c7f89cea49ebd6add8546,4,Vague / Missing Context; Ambiguous References,46,0.318
53dce996e055f1b550cc5ee6adff6f17,1,No Smell,76,0.199
53dce996e055f1b550cc5ee6adff6f17,2,Ambiguous References; Format Ambiguity,27,0.260
53dce996e055f1b550cc5ee6adff6f17,3,Ambiguous References; Format Ambiguity,58,0.253
53dce996e055f1b550cc5ee6adff6f17,4,Ambiguous References,37,0.227
53dce996e055f1b550cc5ee6adff6f17,5,Ambiguous References; Format Ambiguity,27,0.261
53dce996e055f1b550cc5ee6adff6f17,6,Ambiguous References; Format Ambiguity,57,0.278
53dce996e055f1b550cc5ee6adff6f17,7,Vague / Missing Context; Ambiguous References,51,0.294
53dce996e055f1b550cc5ee6adff6f17,8,Ambiguous References,31,0.223
53dce996e055f1b550cc5ee6adff6f17,9,Ambiguous References,40,0.214
53dce996e055f1b550cc5ee6adff6f17,10,Ambiguous References; Format Ambiguity,61,0.266
53dce996e055f1b550cc5ee6adff6f17,11,Ambiguous References; Format Ambiguity,73,0.252
76c522db243ca2b9abbe6c84efc0e795,1,Vague / Missing Context; Ambiguous References,30,0.250
76c522db243ca2b9abbe6c84efc0e795,2,Ambiguous References; Format Ambiguity,38,0.292
76c522db243ca2b9abbe6c84efc0e795,3,Ambiguous References; Format Ambiguity,50,0.257
51326e142b5e18d5afde534f3de591ff,1,Vague / Missing Context,31,0.297
51326e142b5e18d5afde534f3de591ff,2,Ambiguous References,38,0.225
e124ff44310e240124b6464ceb8a53a7,1,Vague / Missing Context; Ambiguous References,187,0.288
e124ff44310e240124b6464ceb8a53a7,2,Ambiguous References; Format Ambiguity,142,0.285
e124ff44310e240124b6464ceb8a53a7,3,Vague / Missing Context; Format Ambiguity,147,0.320
e124ff44310e240124b6464ceb8a53a7,4,Ambiguous References; Format Ambiguity,464,0.516
e124ff44310e240124b6464ceb8a53a7,5,Vague / Missing Context; Format Ambiguity,99,0.294
e124ff44310e240124b6464ceb8a53a7,6,Vague / Missing Context; Ambiguous References,43,0.244
e124ff44310e240124b6464ceb8a53a7,7,Ambiguous References; Format Ambiguity,203,0.260
e124ff44310e240124b6464ceb8a53a7,8,Vague / Missing Context; Format Ambiguity,419,0.313
e124ff44310e240124b6464ceb8a53a7,9,Ambiguous References; Format Ambiguity,302,0.297
65a44b8cc00fc117f989836c6c2e4260,2,Vague / Missing Context; Format Ambiguity,35,0.264
7113c99e3f58b5875780d71a3b53b621,1,Vague / Missing Context; Ambiguous References,19,0.260
7113c99e3f58b5875780d71a3b53b621,2,Vague / Missing Context; Ambiguous References,16,0.234
7113c99e3f58b5875780d71a3b53b621,3,Vague / Missing Context; Ambiguous References,35,0.262
4be001190b0f9657c36947cd637a27b3,1,Vague / Missing Context; Ambiguous References,292,0.304
4be001190b0f9657c36947cd637a27b3,2,Vague / Missing Context; Ambiguous References,154,0.284
6780b31e26682462ccae6d27ab20b216,1,Vague / Missing Context; Ambiguous References,69,0.285
6780b31e26682462ccae6d27ab20b216,2,Ambiguous References; Format Ambiguity,63,0.280
6780b31e26682462ccae6d27ab20b216,3,Ambiguous References; Format Ambiguity,44,0.292
6780b31e26682462ccae6d27ab20b216,4,Vague / Missing Context; Ambiguous References,92,0.306
6780b31e26682462ccae6d27ab20b216,5,Vague / Missing Context; Ambiguous References,77,0.279
156dcc644bebbed4ba9bf7f567c38a1f,1,Ambiguous References; Format Ambiguity,52,0.298
156dcc644bebbed4ba9bf7f567c38a1f,2,Ambiguous References; Format Ambiguity,63,0.298
156dcc644bebbed4ba9bf7f567c38a1f,3,Ambiguous References; Format Ambiguity,73,0.318
85e6d1b3c1e5774be99a589888a34b88,1,Vague / Missing Context; Ambiguous References,292,0.301
85e6d1b3c1e5774be99a589888a34b88,2,Ambiguous References; Format Ambiguity,227,0.344
85e6d1b3c1e5774be99a589888a34b88,3,Vague / Missing Context; Ambiguous References,292,0.302
d2aabbb2bf34695f0909d31a7f502b65,1,Vague / Missing Context; Ambiguous References,273,0.525
1e7496fab057ed21b3d18a88112df921,1,Vague / Missing Context,52,0.247
1e7496fab057ed21b3d18a88112df921,2,Ambiguous References,49,0.254
1e7496fab057ed21b3d18a88112df921,3,Ambiguous References,75,0.233
1e7496fab057ed21b3d18a88112df921,4,Vague / Missing Context; Ambiguous References,59,0.279
e6594384c91e67ec9e90d2f206ac1ad0,1,Ambiguous References; Format Ambiguity,189,0.295
e6594384c91e67ec9e90d2f206ac1ad0,2,Vague / Missing Context; Ambiguous References,30,0.237
e6594384c91e67ec9e90d2f206ac1ad0,3,Ambiguous References,56,0.277
ccd2b4ecde031d5bcb36d0269b3b3fbd,1,Ambiguous References; Format Ambiguity,181,0.355
1668c06e97338b3722dc48d8ed78ced2,1,Ambiguous References; Format Ambiguity,48,0.323
2aa4f557d951dd061afa73d14cb9faaf,1,Ambiguous References,67,0.284
2aa4f557d951dd061afa73d14cb9faaf,2,Ambiguous References,33,0.223
2aa4f557d951dd061afa73d14cb9faaf,4,Ambiguous References,37,0.224
2aa4f557d951dd061afa73d14cb9faaf,5,Ambiguous References; Format Ambiguity,87,0.291
2aa4f557d951dd061afa73d14cb9faaf,8,Vague / Missing Context; Ambiguous References,116,0.300
cb5098b5f13c074efe26dddf15b8c885,1,No Smell,71,0.204
ed541ffbaaf39e21f6e58eca2c558b84,1,Vague / Missing Context; Ambiguous References; Format Ambiguity; Overloaded Prompt; Unnecessary Repetition; Conflicting Constraints; Bias / Loaded Framing; Formality / Audience Mismatch,102,0.639
ed541ffbaaf39e21f6e58eca2c558b84,3,Ambiguous References; Format Ambiguity,410,0.414
33822b668f27ae082c7edda2c2a14c26,1,Vague / Missing Context; Format Ambiguity,334,0.405
46c2145b19c0c221f402bb5b722b6d9d,1,Vague / Missing Context; Ambiguous References,49,0.291
46c2145b19c0c221f402bb5b722b6d9d,2,Vague / Missing Context; Ambiguous References,36,0.317
565a669ec514fbd69bee6b8b22258d24,1,Vague / Missing Context,25,0.263
1a9450cc974284dbe6529f2f4da49d4b,1,Vague / Missing Context; Ambiguous References,29,0.290
ca0526cce1cf6225c9f89567446893d2,1,Vague / Missing Context; Ambiguous References,54,0.419
ca0526cce1cf6225c9f89567446893d2,2,Vague / Missing Context,167,0.400
ca0526cce1cf6225c9f89567446893d2,3,Ambiguous References,34,0.547
ca0526cce1cf6225c9f89567446893d2,4,Ambiguous References; Format Ambiguity,101,0.311
ca0526cce1cf6225c9f89567446893d2,5,Ambiguous References; Format Ambiguity,101,0.290
735a531a9ed59f5b3e86268d029665b7,1,Vague / Missing Context; Ambiguous References,32,0.291
ccfe4da45c4b229b193b3fa9fb2046db,1,Ambiguous References; Format Ambiguity,101,0.311
2f060bd7c188ffd23dfd64d5a33782c9,1,Vague / Missing Context; Ambiguous References,268,0.302
2f060bd7c188ffd23dfd64d5a33782c9,2,Ambiguous References; Format Ambiguity,150,0.272
2f060bd7c188ffd23dfd64d5a33782c9,3,Ambiguous References; Format Ambiguity,109,0.326
2f060bd7c188ffd23dfd64d5a33782c9,4,Ambiguous References; Format Ambiguity,68,0.261
2f060bd7c188ffd23dfd64d5a33782c9,5,Ambiguous References; Format Ambiguity,139,0.299
2f060bd7c188ffd23dfd64d5a33782c9,6,Ambiguous References,128,0.395
2f060bd7c188ffd23dfd64d5a33782c9,7,Ambiguous References; Format Ambiguity,116,0.312
895f139554c87758f139e0c83c00e3ea,1,Ambiguous References; Format Ambiguity,68,0.266
17e209aebcdf8e4ecc1852604ad98378,1,Ambiguous References,18,0.262
17e209aebcdf8e4ecc1852604ad98378,2,Ambiguous References; Format Ambiguity,50,0.285
52842797e80f3728a3e85e74a0f2ecf9,1,Ambiguous References; Format Ambiguity,2239,0.598
52842797e80f3728a3e85e74a0f2ecf9,2,Ambiguous References; Overloaded Prompt; Format Ambiguity; Conflicting Constraints; Unnecessary Repetition,3380,1.169
52842797e80f3728a3e85e74a0f2ecf9,3,Vague / Missing Context; Format Ambiguity,429,0.322
52842797e80f3728a3e85e74a0f2ecf9,4,Ambiguous References,128,0.244
52842797e80f3728a3e85e74a0f2ecf9,5,Ambiguous References; Format Ambiguity,143,0.341
52842797e80f3728a3e85e74a0f2ecf9,6,Ambiguous References; Format Ambiguity,1767,0.757
36c561c5f4be27680dee9d92d437000d,1,Ambiguous References; Format Ambiguity,68,0.267
911bc135af2f3ca3fd0a63e13ba40fd8,1,Vague / Missing Context; Ambiguous References,99,0.427
911bc135af2f3ca3fd0a63e13ba40fd8,2,Vague / Missing Context; Ambiguous References; Format Ambiguity,212,0.330
911bc135af2f3ca3fd0a63e13ba40fd8,3,Vague / Missing Context; Ambiguous References; Format Ambiguity; Overloaded Prompt; Prompt Bloat / Convoluted Prompt; Unnecessary Repetition; Conflicting Constraints; Bias / Loaded Framing; Formality / Audience Mismatch,34,0.633
911bc135af2f3ca3fd0a63e13ba40fd8,4,Ambiguous References; Format Ambiguity,106,0.251
911bc135af2f3ca3fd0a63e13ba40fd8,5,Ambiguous References; Format Ambiguity,122,0.286
911bc135af2f3ca3fd0a63e13ba40fd8,6,Vague / Missing Context; Ambiguous References; Format Ambiguity; Overloaded Prompt; Prompt Bloat / Convoluted Prompt; Unnecessary Repetition; Conflicting Constraints; Bias / Loaded Framing; Formality / Audience Mismatch,135,0.695
911bc135af2f3ca3fd0a63e13ba40fd8,7,Ambiguous References; Format Ambiguity,62,0.307
911bc135af2f3ca3fd0a63e13ba40fd8,8,Ambiguous References; Format Ambiguity,176,0.439
911bc135af2f3ca3fd0a63e13ba40fd8,9,Vague / Missing Context; Ambiguous References,85,0.287
911bc135af2f3ca3fd0a63e13ba40fd8,10,Ambiguous References; Format Ambiguity,107,0.295
911bc135af2f3ca3fd0a63e13ba40fd8,11,Ambiguous References; Format Ambiguity,111,0.264
911bc135af2f3ca3fd0a63e13ba40fd8,12,Ambiguous References; Format Ambiguity,92,0.264
911bc135af2f3ca3fd0a63e13ba40fd8,13,Ambiguous References; Format Ambiguity,264,0.530
a7c95c63b036eebfc4c5e9d05706259c,1,Vague / Missing Context; Format Ambiguity,695,0.330
a7c95c63b036eebfc4c5e9d05706259c,2,Vague / Missing Context; Ambiguous References,297,0.303
a7c95c63b036eebfc4c5e9d05706259c,3,Ambiguous References; Format Ambiguity,219,0.530
a7c95c63b036eebfc4c5e9d05706259c,4,Ambiguous References; Format Ambiguity,129,0.319
131fc0e7cbb8cb29c7e64b04c55bbba5,1,Ambiguous References; Format Ambiguity,84,0.251
40ba2d6d4fba77f9a896cf0731ca95b4,1,Vague / Missing Context,16,0.239
40ba2d6d4fba77f9a896cf0731ca95b4,3,Vague / Missing Context,61,0.245
40ba2d6d4fba77f9a896cf0731ca95b4,4,Ambiguous References,55,0.218
40ba2d6d4fba77f9a896cf0731ca95b4,5,Vague / Missing Context,14,0.301
40ba2d6d4fba77f9a896cf0731ca95b4,6,Vague / Missing Context; Ambiguous References,31,0.269
40ba2d6d4fba77f9a896cf0731ca95b4,7,Vague / Missing Context; Ambiguous References,40,0.252
40ba2d6d4fba77f9a896cf0731ca95b4,8,Ambiguous References; Format Ambiguity,42,0.326
40ba2d6d4fba77f9a896cf0731ca95b4,9,Vague / Missing Context; Ambiguous References; Format Ambiguity,27,0.318
40ba2d6d4fba77f9a896cf0731ca95b4,10,Vague / Missing Context; Format Ambiguity,16,0.283
80502dfc9a823b862f0f89fe9d4903f9,1,Ambiguous References; Format Ambiguity,557,0.376
80502dfc9a823b862f0f89fe9d4903f9,4,Ambiguous References; Format Ambiguity; Overloaded Prompt; Vague / Missing Context,740,0.957
80502dfc9a823b862f0f89fe9d4903f9,8,Ambiguous References; Format Ambiguity,71,0.347
2d960fc876359acee8c6ffe77cb96dcf,1,Ambiguous References; Format Ambiguity,31,0.264
bc612a6ca7d5d22ea91b92015f515fa3,1,Vague / Missing Context; Ambiguous References; Format Ambiguity; Overloaded Prompt; Unnecessary Repetition; Conflicting Constraints; Bias / Loaded Framing; Formality / Audience Mismatch,40,0.596
bc612a6ca7d5d22ea91b92015f515fa3,2,Vague / Missing Context; Ambiguous References,417,0.366
c4187cd0293c77084a7556740a19eed1,1,Vague / Missing Context; Ambiguous References,491,0.314
951302be3adc9870ad74f8a970cb5cd5,1,Ambiguous References; Format Ambiguity,32,0.254
951302be3adc9870ad74f8a970cb5cd5,2,Ambiguous References; Format Ambiguity,27,0.240
951302be3adc9870ad74f8a970cb5cd5,3,No Smell,12,0.179
951302be3adc9870ad74f8a970cb5cd5,4,Vague / Missing Context; Format Ambiguity,865,0.430
951302be3adc9870ad74f8a970cb5cd5,5,Vague / Missing Context,56,0.244
951302be3adc9870ad74f8a970cb5cd5,6,Vague / Missing Context,41,0.243
9654c8926914e5aa82bb1947d0976868,1,Vague / Missing Context; Ambiguous References; Format Ambiguity; Overloaded Prompt; Unnecessary Repetition; Conflicting Constraints; Bias / Loaded Framing; Formality / Audience Mismatch,313,0.660
9654c8926914e5aa82bb1947d0976868,2,Vague / Missing Context; Ambiguous References,90,0.325
9654c8926914e5aa82bb1947d0976868,3,Vague / Missing Context; Ambiguous References,118,0.358
abfb580635d761ac2f1829a49cacde87,1,Prompt Bloat / Convoluted Prompt; Overloaded Prompt; Ambiguous References; Format Ambiguity; Conflicting Constraints; Unnecessary Repetition; Bias / Loaded Framing; Formality / Audience Mismatch; Vague / Missing Context,1894,1.409
abfb580635d761ac2f1829a49cacde87,2,Vague / Missing Context,55,0.297
abfb580635d761ac2f1829a49cacde87,3,Vague / Missing Context; Ambiguous References; Format Ambiguity; Overloaded Prompt; Unnecessary Repetition; Conflicting Constraints; Bias / Loaded Framing; Formality / Audience Mismatch,35,0.586
9bb6f0e99b565679e9f613e7d48adc96,1,Ambiguous References; Format Ambiguity,748,0.343
69eb29ac526b828b342cd07a93a21f51,1,Vague / Missing Context,11,0.242
c7a1cdf0795db1611684afaf3c978cc0,1,Ambiguous References; Format Ambiguity,179,0.273
c7a1cdf0795db1611684afaf3c978cc0,2,Ambiguous References; Format Ambiguity,569,0.336
c7a1cdf0795db1611684afaf3c978cc0,3,Ambiguous References; Overloaded Prompt,109,0.226
c7a1cdf0795db1611684afaf3c978cc0,4,Vague / Missing Context,82,0.231
ecd63662ea955feac9d542ae6b8e69d0,1,Vague / Missing Context; Ambiguous References; Format Ambiguity; Overloaded Prompt; Unnecessary Repetition; Conflicting Constraints; Bias / Loaded Framing; Formality / Audience Mismatch,194,0.628
ecd63662ea955feac9d542ae6b8e69d0,2,Ambiguous References; Format Ambiguity,690,0.551
ecd63662ea955feac9d542ae6b8e69d0,3,Ambiguous References; Format Ambiguity,108,0.347
2482330b1cdd52358d77afd0023ddfa9,1,Vague / Missing Context; Ambiguous References,99,0.286
2482330b1cdd52358d77afd0023ddfa9,2,Ambiguous References; Format Ambiguity,754,0.517
7d765ff0274266474553566c38b2281b,1,Ambiguous References; Format Ambiguity,114,0.352
7d765ff0274266474553566c38b2281b,2,Ambiguous References; Format Ambiguity,106,0.278
7d765ff0274266474553566c38b2281b,3,Ambiguous References; Format Ambiguity,114,0.305
7d765ff0274266474553566c38b2281b,4,Ambiguous References; Format Ambiguity,134,0.305
7d765ff0274266474553566c38b2281b,5,Ambiguous References; Format Ambiguity,173,0.305
7d765ff0274266474553566c38b2281b,6,Ambiguous References; Format Ambiguity,191,0.306
bb557385541a6e01c035cd9d801f73f7,2,Ambiguous References; Format Ambiguity,40,0.251
bb557385541a6e01c035cd9d801f73f7,3,Vague / Missing Context; Ambiguous References,68,0.271
bb557385541a6e01c035cd9d801f73f7,4,Vague / Missing Context; Ambiguous References,43,0.261
6024ae2c388129d76a191bc8cd0773d9,4,Ambiguous References; Overloaded Prompt,15,0.321
00c0c16fb160e1e24d9f0bb5b8c90224,2,Vague / Missing Context; Ambiguous References,15,0.274
2f6d4ff6ceaaacb875f0fa8475de4325,2,Vague / Missing Context; Ambiguous References,17,0.266
9f71ce87003c1ceaaa760c31f4ba9767,1,Ambiguous References; Format Ambiguity,114,0.257
9f71ce87003c1ceaaa760c31f4ba9767,2,Ambiguous References; Format Ambiguity,84,0.259
45470949976318a42ad2e8310a896db8,1,Vague / Missing Context; Format Ambiguity,22,0.284
45470949976318a42ad2e8310a896db8,2,Ambiguous References; Format Ambiguity; Overloaded Prompt; Conflicting Constraints; Unnecessary Repetition; Bias / Loaded Framing; Vague / Missing Context,4000,1.266
70def80bd76a9dae365bfe9a14e63a45,1,Vague / Missing Context; Ambiguous References,4000,0.799
70def80bd76a9dae365bfe9a14e63a45,2,Vague / Missing Context; Format Ambiguity,42,0.278
70def80bd76a9dae365bfe9a14e63a45,4,Ambiguous References; Format Ambiguity,61,0.291
86614d4221a9365d36375e477f0785cb,1,Vague / Missing Context; Ambiguous References,64,0.304
86614d4221a9365d36375e477f0785cb,3,Vague / Missing Context; Ambiguous References,82,0.321
86614d4221a9365d36375e477f0785cb,4,Ambiguous References; Format Ambiguity,36,0.265
2aa7bf4cd637894cc144afda6354d989,2,Vague / Missing Context; Format Ambiguity,276,0.496
2aa7bf4cd637894cc144afda6354d989,3,Ambiguous References; Format Ambiguity,73,0.319
2aa7bf4cd637894cc144afda6354d989,4,Vague / Missing Context; Ambiguous References,84,0.299
2aa7bf4cd637894cc144afda6354d989,5,Vague / Missing Context; Ambiguous References,87,0.325
2aa7bf4cd637894cc144afda6354d989,6,Vague / Missing Context; Ambiguous References,81,0.264
2aa7bf4cd637894cc144afda6354d989,7,Ambiguous References; Format Ambiguity,96,0.347
2aa7bf4cd637894cc144afda6354d989,8,Vague / Missing Context; Format Ambiguity,166,0.418
1518a558e71d2a8e585b9173f3a2e6ea,1,Vague / Missing Context; Format Ambiguity,22,0.276
1518a558e71d2a8e585b9173f3a2e6ea,2,Ambiguous References; Format Ambiguity,722,0.425
1518a558e71d2a8e585b9173f3a2e6ea,3,Vague / Missing Context; Format Ambiguity,22,0.276
1518a558e71d2a8e585b9173f3a2e6ea,4,Ambiguous References; Format Ambiguity,722,0.425
890e6f35fd262f4aee2afae45caef1c9,1,Vague / Missing Context; Ambiguous References; Format Ambiguity; Overloaded Prompt; Unnecessary Repetition; Conflicting Constraints; Irrelevant / Excessive Persona; Bias / Loaded Framing; Formality / Audience Mismatch,3049,1.597
890e6f35fd262f4aee2afae45caef1c9,2,Vague / Missing Context; Ambiguous References; Format Ambiguity; Overloaded Prompt; Unnecessary Repetition; Conflicting Constraints; Bias / Loaded Framing; Formality / Audience Mismatch,311,0.852
890e6f35fd262f4aee2afae45caef1c9,3,Ambiguous References; Format Ambiguity,217,0.391
9f5c35a3da8cb55a693aabd686ccc5e3,1,Ambiguous References; Format Ambiguity,102,0.360
9f5c35a3da8cb55a693aabd686ccc5e3,2,Ambiguous References; Format Ambiguity,37,0.265
9f5c35a3da8cb55a693aabd686ccc5e3,3,Ambiguous References; Format Ambiguity,47,0.331
a4cb87e50191d2c4b69e409d61db138b,1,Vague / Missing Context; Ambiguous References,63,0.273
a4cb87e50191d2c4b69e409d61db138b,2,Vague / Missing Context; Ambiguous References,116,0.261
a4cb87e50191d2c4b69e409d61db138b,3,Vague / Missing Context; Format Ambiguity,296,0.308
a4cb87e50191d2c4b69e409d61db138b,4,Vague / Missing Context; Ambiguous References,154,0.358
a4cb87e50191d2c4b69e409d61db138b,5,Vague / Missing Context; Ambiguous References; Format Ambiguity,176,0.328
a4cb87e50191d2c4b69e409d61db138b,6,Vague / Missing Context; Ambiguous References,119,0.333
a4cb87e50191d2c4b69e409d61db138b,7,Vague / Missing Context; Ambiguous References,158,0.287
a4cb87e50191d2c4b69e409d61db138b,8,Ambiguous References; Overloaded Prompt,278,0.324
d8da71b984fb61415459e56ae3f493b4,1,Vague / Missing Context; Format Ambiguity,64,0.304
eacf1d673cfa8b0e971c7a73113aeab2,1,Ambiguous References; Format Ambiguity,107,0.273
a294ea5c4a1aff915205c56051f09a78,4,Vague / Missing Context; Ambiguous References; Format Ambiguity; Overloaded Prompt; Unnecessary Repetition; Conflicting Constraints; Bias / Loaded Framing; Formality / Audience Mismatch,28,0.638
a294ea5c4a1aff915205c56051f09a78,5,Vague / Missing Context; Ambiguous References,349,0.303
a294ea5c4a1aff915205c56051f09a78,6,Vague / Missing Context; Ambiguous References,284,0.438
c32afc0fe230e4e863059c8c149772ee,1,Vague / Missing Context; Ambiguous References; Format Ambiguity; Overloaded Prompt; Unnecessary Repetition; Conflicting Constraints; Irrelevant / Excessive Persona; Bias / Loaded Framing; Formality / Audience Mismatch,3049,1.596
c32afc0fe230e4e863059c8c149772ee,2,Ambiguous References; Format Ambiguity,342,0.537
c32afc0fe230e4e863059c8c149772ee,3,Vague / Missing Context; Ambiguous References; Format Ambiguity; Overloaded Prompt; Unnecessary Repetition; Conflicting Constraints; Bias / Loaded Framing; Formality / Audience Mismatch,63,0.690
c32afc0fe230e4e863059c8c149772ee,4,Ambiguous References; Format Ambiguity,98,0.307
a3c5bf9e61f5ab8dae2285578e56cee1,1,Ambiguous References; Format Ambiguity,100,0.293
2f7957f78aa231066b7b3da04040db4c,1,Vague / Missing Context; Ambiguous References; Format Ambiguity; Overloaded Prompt; Unnecessary Repetition; Conflicting Constraints; Bias / Loaded Framing; Formality / Audience Mismatch,45,0.615
2f7957f78aa231066b7b3da04040db4c,2,Vague / Missing Context,9,0.196
2f7957f78aa231066b7b3da04040db4c,3,Vague / Missing Context; Ambiguous References,39,0.289
f088cd830adeaac4c69bad53e60479a4,1,Vague / Missing Context; Format Ambiguity,2288,0.608
551676f73f4688c9e60aa9a3f8351626,1,No Smell,48,0.191
9438bd8d28e72bd25a8206bb8d1fc6eb,1,Ambiguous References; Format Ambiguity,67,0.266
9438bd8d28e72bd25a8206bb8d1fc6eb,2,Vague / Missing Context; Ambiguous References,71,0.273
9438bd8d28e72bd25a8206bb8d1fc6eb,3,Vague / Missing Context; Ambiguous References,22,0.255
88aa929992d44fcdfc7baa03450f2334,1,Ambiguous References; Format Ambiguity,64,0.299
622b33b138c5e0c9ddce07f531e7786d,1,Ambiguous References,506,0.656
888f7c70517c86a3745454445a6c20a1,1,Ambiguous References; Format Ambiguity,617,0.318
888f7c70517c86a3745454445a6c20a1,2,Ambiguous References; Format Ambiguity,51,0.252
374bdfb5c0ab37ad491a25861d5b631f,1,Ambiguous References,506,0.655
c8bede48a0633644981c70b1cf731f95,1,Vague / Missing Context; Ambiguous References,101,0.280
c8bede48a0633644981c70b1cf731f95,2,Ambiguous References,105,0.225
c8bede48a0633644981c70b1cf731f95,3,Ambiguous References; Format Ambiguity,156,0.293
c8bede48a0633644981c70b1cf731f95,4,Ambiguous References; Format Ambiguity,117,0.293
3e9027de77076efb3f51e11e1aca566e,1,Format Ambiguity,266,0.413
3e9027de77076efb3f51e11e1aca566e,2,Format Ambiguity; Ambiguous References; Overloaded Prompt; Unnecessary Repetition; Conflicting Constraints; Bias / Loaded Framing; Vague / Missing Context,658,0.915
3e9027de77076efb3f51e11e1aca566e,3,Vague / Missing Context; Format Ambiguity,752,0.426
3e9027de77076efb3f51e11e1aca566e,4,Format Ambiguity; Ambiguous References; Overloaded Prompt; Unnecessary Repetition; Conflicting Constraints; Bias / Loaded Framing; Vague / Missing Context,827,0.973
3e9027de77076efb3f51e11e1aca566e,5,Format Ambiguity,161,0.335
6cdb5a45423f2b22c53ef8dfa313313f,1,Vague / Missing Context; Ambiguous References,101,0.280
6cdb5a45423f2b22c53ef8dfa313313f,2,Ambiguous References,105,0.226
6cdb5a45423f2b22c53ef8dfa313313f,3,Ambiguous References; Format Ambiguity,156,0.293
6cdb5a45423f2b22c53ef8dfa313313f,4,Ambiguous References; Format Ambiguity,117,0.292
6cdb5a45423f2b22c53ef8dfa313313f,5,Ambiguous References; Format Ambiguity,117,0.270
6cdb5a45423f2b22c53ef8dfa313313f,6,Ambiguous References; Format Ambiguity,168,0.252
1febc9d4b6ca3201cb6867014df81114,1,Ambiguous References,506,0.653
8f5422247f766a1b3b78a7f9f4b58ac0,1,Ambiguous References,506,0.589
cfd74a0a6a930aadab677e87e5501dac,1,Ambiguous References; Format Ambiguity,536,0.766
1e96ae76e05124802f50c21d55713ea8,1,Vague / Missing Context; Ambiguous References,79,0.320
1e96ae76e05124802f50c21d55713ea8,2,Ambiguous References; Format Ambiguity,225,0.316
97a7ac52cbdae3a553329db653ce855d,3,Vague / Missing Context,467,0.396
7a3cb18ffc2be58e485cc41fae7d081c,1,Format Ambiguity; Ambiguous References; Overloaded Prompt; Unnecessary Repetition; Conflicting Constraints; Bias / Loaded Framing; Vague / Missing Context,827,0.972
7a3cb18ffc2be58e485cc41fae7d081c,2,Format Ambiguity,156,0.360
7a3cb18ffc2be58e485cc41fae7d081c,3,Ambiguous References,167,0.296
58cd9520c7b1663297cf5dd0e184dc5c,1,Vague / Missing Context; Ambiguous References,51,0.274
49553aa624bdf3054f591ec0fef2aac4,1,Ambiguous References; Format Ambiguity,754,0.570
8fa3db939cd79ea9cd30a736d737a036,1,Ambiguous References; Format Ambiguity,720,0.491
c64c1dd8ef9179f3f31e56844f16e713,1,Ambiguous References,4000,0.922
06b81d8cfba634eca6eda9ba064fb40f,1,Ambiguous References; Overloaded Prompt; Conflicting Constraints; Unnecessary Repetition; Bias / Loaded Framing; Formality / Audience Mismatch; Vague / Missing Context; Format Ambiguity,4000,1.555
06b81d8cfba634eca6eda9ba064fb40f,2,Ambiguous References; Format Ambiguity,572,0.753
7dc346e50ce4e8d69590e66792f77b0f,1,Ambiguous References; Format Ambiguity,205,0.382
7dc346e50ce4e8d69590e66792f77b0f,3,Vague / Missing Context; Format Ambiguity,2065,0.682
7dc346e50ce4e8d69590e66792f77b0f,4,Ambiguous References; Format Ambiguity; Overloaded Prompt; Conflicting Constraints; Unnecessary Repetition; Bias / Loaded Framing,2424,1.225
7dc346e50ce4e8d69590e66792f77b0f,5,Ambiguous References; Format Ambiguity,2658,0.651
259371a477871706add040ce2ef413e3,1,Vague / Missing Context; Ambiguous References; Format Ambiguity; Overloaded Prompt; Unnecessary Repetition; Conflicting Constraints; Bias / Loaded Framing; Formality / Audience Mismatch,57,0.614
259371a477871706add040ce2ef413e3,2,Vague / Missing Context; Ambiguous References,97,0.281
259371a477871706add040ce2ef413e3,3,Vague / Missing Context; Format Ambiguity,12,0.242
46484da6fe4defc8aef91d6ce200d93a,1,Ambiguous References; Format Ambiguity,838,0.677
12396be2ab529a0ba4362b59e39393cc,1,Vague / Missing Context; Format Ambiguity,367,0.538
74d22e1a92ec63e5dddb8fc4622d5f8d,1,Ambiguous References; Format Ambiguity,986,0.620
2175de857ac6ecb377dfbc50f3b2dfb5,1,Ambiguous References; Overloaded Prompt; Conflicting Constraints; Unnecessary Repetition; Bias / Loaded Framing; Formality / Audience Mismatch; Vague / Missing Context; Format Ambiguity,4000,1.553
2175de857ac6ecb377dfbc50f3b2dfb5,2,Ambiguous References; Format Ambiguity,731,0.712
b3d787879516a90c812aa019ba52e613,1,Ambiguous References; Format Ambiguity,4000,0.725
745085a8b8efe9ca8abb83d940844fc3,4,Ambiguous References,48,0.205
aa46f9328fb6c5f3bb762011862dc955,1,Ambiguous References; Format Ambiguity,1033,0.623
6e8a5faa0c61a47fce91051658b21b78,1,Vague / Missing Context; Format Ambiguity,2082,0.564
6e8a5faa0c61a47fce91051658b21b78,2,Ambiguous References; Format Ambiguity,202,0.450
6e8a5faa0c61a47fce91051658b21b78,3,No Smell,55,0.160
6e8a5faa0c61a47fce91051658b21b78,4,Vague / Missing Context; Ambiguous References; Format Ambiguity; Overloaded Prompt; Prompt Bloat / Convoluted Prompt; Unnecessary Repetition; Conflicting Constraints; Bias / Loaded Framing; Formality / Audience Mismatch,426,0.691
6e8a5faa0c61a47fce91051658b21b78,5,Vague / Missing Context,113,0.305
6e8a5faa0c61a47fce91051658b21b78,6,Ambiguous References; Format Ambiguity,56,0.331
12c44250ea29007d2f9f669926e8c41a,2,Vague / Missing Context; Ambiguous References,24,0.269
12c44250ea29007d2f9f669926e8c41a,5,Ambiguous References,20,0.248
12c44250ea29007d2f9f669926e8c41a,7,Ambiguous References,33,0.191
12c44250ea29007d2f9f669926e8c41a,8,Ambiguous References,21,0.247
57457379b1ff09e6e69e4c6deaa9156d,1,Ambiguous References; Format Ambiguity,1072,0.742
8dfcfa7b781d4e518f7fb8347997c86e,1,Ambiguous References; Format Ambiguity,1100,0.657
1d051bede095b4245427910552b00047,1,Vague / Missing Context; Ambiguous References,161,0.288
1d051bede095b4245427910552b00047,2,Ambiguous References; Format Ambiguity,196,0.375
1d051bede095b4245427910552b00047,3,Ambiguous References; Format Ambiguity,30,0.244
1d051bede095b4245427910552b00047,4,Vague / Missing Context; Ambiguous References,156,0.288
ffde04f27b2e31a90653954b0e90cdab,1,Vague / Missing Context,11,0.263
f70b38a6e01bf265e266ce0298b57183,1,Vague / Missing Context; Format Ambiguity,369,0.691
501ec836b3192e2dd589dcd84df766be,1,Ambiguous References; Format Ambiguity,2510,0.978
c561cc0dc6074a443088bbc4698ef8db,1,Ambiguous References; Format Ambiguity,23,0.270
c561cc0dc6074a443088bbc4698ef8db,2,Ambiguous References,30,0.282
c561cc0dc6074a443088bbc4698ef8db,3,No Smell,28,0.194
c561cc0dc6074a443088bbc4698ef8db,4,Ambiguous References,17,0.584
c561cc0dc6074a443088bbc4698ef8db,5,Ambiguous References; Format Ambiguity,34,0.267
c561cc0dc6074a443088bbc4698ef8db,6,Ambiguous References; Format Ambiguity,40,0.273
c561cc0dc6074a443088bbc4698ef8db,7,Vague / Missing Context,8,0.216
c561cc0dc6074a443088bbc4698ef8db,8,Ambiguous References; Format Ambiguity,41,0.249
c561cc0dc6074a443088bbc4698ef8db,9,Ambiguous References; Format Ambiguity,34,0.256
c561cc0dc6074a443088bbc4698ef8db,10,Ambiguous References; Format Ambiguity,42,0.289
c561cc0dc6074a443088bbc4698ef8db,11,Ambiguous References; Format Ambiguity,35,0.256
825d105282319ec4ed78595691d3be3c,1,Vague / Missing Context; Ambiguous References,51,0.299
753dd244765f23abc8e512fa03e6a61d,7,Ambiguous References; Format Ambiguity,43,0.304
d72247a23990e5cd6aaac107ccf995db,1,Vague / Missing Context; Ambiguous References,43,0.278
484d3266f39e28c0660450c686c537e3,1,Vague / Missing Context; Format Ambiguity,369,0.689
db2f05635044fecb90b1898d76a10fa6,1,Vague / Missing Context; Ambiguous References,178,0.353
db2f05635044fecb90b1898d76a10fa6,2,Ambiguous References; Format Ambiguity,163,0.338
db2f05635044fecb90b1898d76a10fa6,3,Ambiguous References; Format Ambiguity,121,0.307
db2f05635044fecb90b1898d76a10fa6,4,Vague / Missing Context; Ambiguous References; Format Ambiguity; Overloaded Prompt; Unnecessary Repetition; Conflicting Constraints; Bias / Loaded Framing; Formality / Audience Mismatch,344,0.661
453346fdd0ccb03b8318e4977473af25,1,Vague / Missing Context; Format Ambiguity,162,0.333
453346fdd0ccb03b8318e4977473af25,2,No Smell,10,0.190
453346fdd0ccb03b8318e4977473af25,3,Ambiguous References; Format Ambiguity,261,0.462
fef5b5b8f56db62e199c71d4350d960a,1,Vague / Missing Context; Ambiguous References,201,0.297
fef5b5b8f56db62e199c71d4350d960a,2,Vague / Missing Context; Ambiguous References,181,0.268
fef5b5b8f56db62e199c71d4350d960a,3,Vague / Missing Context; Ambiguous References,202,0.268
fef5b5b8f56db62e199c71d4350d960a,4,Vague / Missing Context; Ambiguous References,237,0.361
fef5b5b8f56db62e199c71d4350d960a,5,Vague / Missing Context; Format Ambiguity,133,0.298
fef5b5b8f56db62e199c71d4350d960a,6,Vague / Missing Context; Ambiguous References,134,0.259
fef5b5b8f56db62e199c71d4350d960a,7,Vague / Missing Context,116,0.206
fef5b5b8f56db62e199c71d4350d960a,8,Vague / Missing Context,151,0.248
fef5b5b8f56db62e199c71d4350d960a,9,Vague / Missing Context; Ambiguous References,200,0.286
fef5b5b8f56db62e199c71d4350d960a,10,Vague / Missing Context; Ambiguous References,214,0.285
fef5b5b8f56db62e199c71d4350d960a,11,Vague / Missing Context; Ambiguous References,217,0.286
fef5b5b8f56db62e199c71d4350d960a,12,Ambiguous References; Format Ambiguity,184,0.307
fef5b5b8f56db62e199c71d4350d960a,13,Vague / Missing Context; Ambiguous References,104,0.313
fef5b5b8f56db62e199c71d4350d960a,14,Ambiguous References,29,0.230
fef5b5b8f56db62e199c71d4350d960a,15,Ambiguous References; Format Ambiguity,74,0.276
fef5b5b8f56db62e199c71d4350d960a,16,Vague / Missing Context; Ambiguous References,125,0.253
fef5b5b8f56db62e199c71d4350d960a,17,Vague / Missing Context; Ambiguous References,138,0.293
fef5b5b8f56db62e199c71d4350d960a,18,Vague / Missing Context; Format Ambiguity,97,0.273
d118f8697b743c5dea8b15802c3b3224,1,Vague / Missing Context; Ambiguous References,223,0.288
0e88267cc6b81e183fff26da28467c74,1,Ambiguous References; Format Ambiguity,1154,0.505
0e88267cc6b81e183fff26da28467c74,2,Format Ambiguity,866,0.396
f65088ce1df7aa08ede28cd5bcaa80b8,1,Ambiguous References; Format Ambiguity; Overloaded Prompt; Conflicting Constraints; Unnecessary Repetition; Bias / Loaded Framing,373,0.658
8944a06921a76500e630a0f0cff7eb78,1,Vague / Missing Context; Ambiguous References,81,0.279
a28fdf33ddfc9acefe689dd3b3912d26,1,Ambiguous References; Format Ambiguity; Overloaded Prompt; Conflicting Constraints; Unnecessary Repetition,454,0.631
ca9a887572726446b7086c231835f3ce,1,Vague / Missing Context; Format Ambiguity,855,0.408
6c9de37b1cd75040f367362ac29709f8,1,Vague / Missing Context; Format Ambiguity,369,0.691
4ad5b0c19e07f4dee4ba397f3e81c723,1,Vague / Missing Context; Format Ambiguity,875,0.920
c267998625b20a5ea3a2ec77fe0c729e,2,Ambiguous References; Format Ambiguity,58,0.266
c267998625b20a5ea3a2ec77fe0c729e,3,Ambiguous References; Format Ambiguity,504,0.396
c267998625b20a5ea3a2ec77fe0c729e,4,Ambiguous References; Format Ambiguity,156,0.326
c267998625b20a5ea3a2ec77fe0c729e,5,Ambiguous References; Format Ambiguity,283,0.673
c267998625b20a5ea3a2ec77fe0c729e,6,Ambiguous References; Format Ambiguity,478,0.554
c267998625b20a5ea3a2ec77fe0c729e,8,Vague / Missing Context; Ambiguous References,346,0.306
c267998625b20a5ea3a2ec77fe0c729e,9,Ambiguous References; Format Ambiguity,273,0.645
c267998625b20a5ea3a2ec77fe0c729e,10,Ambiguous References; Format Ambiguity,64,0.265
c267998625b20a5ea3a2ec77fe0c729e,11,Vague / Missing Context; Ambiguous References; Format Ambiguity,317,0.593
c267998625b20a5ea3a2ec77fe0c729e,12,Ambiguous References; Format Ambiguity,112,0.319
a7b87f2511d13554156336390932578b,1,Ambiguous References; Format Ambiguity,894,0.802
1aa245de869fa8f56a8a4406acf11782,1,Vague / Missing Context; Format Ambiguity,169,0.413
1aa245de869fa8f56a8a4406acf11782,2,Vague / Missing Context; Format Ambiguity,130,0.321
1aa245de869fa8f56a8a4406acf11782,3,Vague / Missing Context; Ambiguous References; Format Ambiguity; Overloaded Prompt; Unnecessary Repetition; Conflicting Constraints; Bias / Loaded Framing,496,0.639
1aa245de869fa8f56a8a4406acf11782,4,Vague / Missing Context; Ambiguous References,213,0.261
1aa245de869fa8f56a8a4406acf11782,5,Ambiguous References; Format Ambiguity,201,0.356
1aa245de869fa8f56a8a4406acf11782,6,Ambiguous References; Format Ambiguity,254,0.302
7f90605f295e14c28ddadb551cfb79e5,1,Ambiguous References; Format Ambiguity; Overloaded Prompt; Conflicting Constraints; Unnecessary Repetition,515,0.636
5aa6660c33ab41565dab1e6654a9bd50,1,Ambiguous References; Format Ambiguity,790,0.590
5aa6660c33ab41565dab1e6654a9bd50,2,Vague / Missing Context; Ambiguous References; Format Ambiguity; Overloaded Prompt; Unnecessary Repetition; Conflicting Constraints; Bias / Loaded Framing; Formality / Audience Mismatch,795,0.920
1872cdcb14f75579908caba0ebaeecec,1,Ambiguous References; Format Ambiguity; Overloaded Prompt; Conflicting Constraints; Unnecessary Repetition,515,0.638
2da6942b704a88a34c2c4a3d67b4779f,1,Ambiguous References; Format Ambiguity; Overloaded Prompt; Conflicting Constraints; Unnecessary Repetition,511,0.590
1492a2256de00838ed7a94597bda17bb,1,Ambiguous References; Format Ambiguity,563,0.318
01a200bc346ff843b56c5db195fb13e1,1,Ambiguous References; Format Ambiguity,597,0.319
192bed87f37c4e6189c4efc495a5c333,1,Ambiguous References; Format Ambiguity,613,0.412
791a7209413e075ee30d8216ab449dba,1,Vague / Missing Context; Ambiguous References; Format Ambiguity,4000,1.007
791a7209413e075ee30d8216ab449dba,2,Ambiguous References; Format Ambiguity; Overloaded Prompt; Conflicting Constraints; Unnecessary Repetition; Bias / Loaded Framing; Vague / Missing Context,813,1.177
791a7209413e075ee30d8216ab449dba,3,Ambiguous References; Format Ambiguity,163,0.278
731aab677c4bc0990762945f79271867,1,Ambiguous References; Format Ambiguity,665,0.445
3351e6564b14e40c488448ee011b71cd,1,Vague / Missing Context; Ambiguous References,27,0.244
3351e6564b14e40c488448ee011b71cd,2,Ambiguous References; Format Ambiguity,48,0.250
c6262b6536402e2bd31b0efccc18436d,1,Ambiguous References; Format Ambiguity,697,0.447
1d8f36a5e7044c7520069e98ce8fcdd1,2,Vague / Missing Context; Ambiguous References,6,0.282
33796f66201da3ccad43df82ac8d1f40,1,Vague / Missing Context; Ambiguous References,191,0.290
33796f66201da3ccad43df82ac8d1f40,2,Vague / Missing Context; Ambiguous References,118,0.253
1a047c938b4151f1d568fedc1a37c523,1,Ambiguous References; Format Ambiguity,1203,0.478
63b2f337340916c45bac88d7f303ef12,1,Ambiguous References; Format Ambiguity,2267,0.436
34a9e24b9bae6dffcc4ed3e7080fb54d,1,Vague / Missing Context; Ambiguous References,12,0.302
34a9e24b9bae6dffcc4ed3e7080fb54d,3,Vague / Missing Context; Ambiguous References; Format Ambiguity; Overloaded Prompt; Unnecessary Repetition; Conflicting Constraints; Bias / Loaded Framing; Formality / Audience Mismatch,36,0.621
34a9e24b9bae6dffcc4ed3e7080fb54d,4,Ambiguous References; Format Ambiguity,67,0.270
eb25414794b6db79e128f4c90df189ec,1,Ambiguous References; Format Ambiguity,69,0.311
007faedd5ed342b8df55ff12eaa56585,1,Ambiguous References; Format Ambiguity; Overloaded Prompt; Unnecessary Repetition; Conflicting Constraints; Bias / Loaded Framing; Vague / Missing Context,1091,1.029
206b8207860cb3eb40faeea850b4b011,1,Vague / Missing Context; Ambiguous References; Format Ambiguity,4000,1.004
206b8207860cb3eb40faeea850b4b011,2,Ambiguous References; Format Ambiguity,783,0.783
206b8207860cb3eb40faeea850b4b011,3,Ambiguous References; Format Ambiguity,203,0.281
e9071667cf61cc3e5cdabbfae46c23f3,1,Ambiguous References,76,0.265
eab2731631b45b0e4f51b02efd249386,1,Vague / Missing Context; Ambiguous References,13,0.250
91fa61c60d1c0d1a2fb3f98d7df25ddb,1,Ambiguous References; Format Ambiguity,200,0.300
1ae015dde23e52372e5fe798d6033e00,1,Ambiguous References; Format Ambiguity,2267,0.556
7bbbf68ec52f694758cd1a688998895b,3,Vague / Missing Context; Ambiguous References,164,0.288
7bbbf68ec52f694758cd1a688998895b,5,Ambiguous References; Overloaded Prompt,27,0.311
7bbbf68ec52f694758cd1a688998895b,6,Format Ambiguity; Ambiguous References; Overloaded Prompt; Conflicting Constraints; Unnecessary Repetition; Bias / Loaded Framing,655,1.036
7bbbf68ec52f694758cd1a688998895b,8,Ambiguous References,71,0.279
e24333cb5218725d5c49723209b6a806,1,Vague / Missing Context; Ambiguous References,79,0.297
697349207f9f66368b29852302e1bd62,1,Vague / Missing Context; Ambiguous References; Format Ambiguity,47,0.326
16b86603fbcf7c57d051b880845f4b24,6,Vague / Missing Context; Format Ambiguity,9,0.269
ed0b8ef829f3e0e31b22a4c7af4444be,1,Vague / Missing Context; Ambiguous References,191,0.291
ed0b8ef829f3e0e31b22a4c7af4444be,2,Vague / Missing Context; Ambiguous References,105,0.279
ed0b8ef829f3e0e31b22a4c7af4444be,3,Vague / Missing Context; Ambiguous References,85,0.279
ed0b8ef829f3e0e31b22a4c7af4444be,4,Ambiguous References; Format Ambiguity,61,0.264
7976acc8898e6571a13029d2ac50fe91,1,Vague / Missing Context; Ambiguous References; Format Ambiguity; Overloaded Prompt; Unnecessary Repetition; Conflicting Constraints; Bias / Loaded Framing; Formality / Audience Mismatch,425,0.661
7976acc8898e6571a13029d2ac50fe91,2,Vague / Missing Context; Ambiguous References; Format Ambiguity,51,0.324
7976acc8898e6571a13029d2ac50fe91,3,Ambiguous References; Overloaded Prompt; Format Ambiguity; Unnecessary Repetition; Conflicting Constraints; Bias / Loaded Framing; Vague / Missing Context,22,0.618
7976acc8898e6571a13029d2ac50fe91,4,Vague / Missing Context; Ambiguous References,24,0.277
7530eb591db79dfd4bdba7d862913c6f,1,Ambiguous References; Overloaded Prompt,4000,1.160
7530eb591db79dfd4bdba7d862913c6f,2,Ambiguous References; Format Ambiguity,718,0.789
7530eb591db79dfd4bdba7d862913c6f,3,Ambiguous References; Format Ambiguity,342,0.530
dd03403720a9946232a7bd42a3e6a9d5,1,Vague / Missing Context,8,0.187
04eea3615285124e24a9f370da3fef85,1,Vague / Missing Context; Ambiguous References; Format Ambiguity; Overloaded Prompt; Unnecessary Repetition; Conflicting Constraints; Bias / Loaded Framing; Formality / Audience Mismatch,46,0.633
268882f1d749e67266f14e8de0874ec7,1,Vague / Missing Context; Ambiguous References,48,0.336
ba3ed4e1a16f2ae1e656310ac925207a,1,Ambiguous References; Format Ambiguity,76,0.314
61c1679a2425b86f12314d107b823a7b,2,Ambiguous References; Overloaded Prompt,25,0.237
3eec63895c796d96dba731328a4ff921,1,Vague / Missing Context; Ambiguous References,114,0.307
c759c3a2305fd1fa753eaebab9411534,1,Vague / Missing Context; Ambiguous References,41,0.318
c759c3a2305fd1fa753eaebab9411534,2,Vague / Missing Context; Ambiguous References,33,0.294
41ebe08cb2d63271cb2eef7fd4405f15,1,Ambiguous References; Overloaded Prompt,4000,1.160
41ebe08cb2d63271cb2eef7fd4405f15,2,Ambiguous References; Format Ambiguity,831,0.814
41ebe08cb2d63271cb2eef7fd4405f15,3,Ambiguous References; Format Ambiguity,414,0.663
e036d28e6cd2aecd958a5ed36067be3b,1,Vague / Missing Context; Format Ambiguity,4000,0.968
e036d28e6cd2aecd958a5ed36067be3b,2,Vague / Missing Context; Format Ambiguity,146,0.333
e036d28e6cd2aecd958a5ed36067be3b,3,Ambiguous References; Format Ambiguity,134,0.353
e036d28e6cd2aecd958a5ed36067be3b,4,Vague / Missing Context; Ambiguous References; Format Ambiguity; Overloaded Prompt; Unnecessary Repetition; Conflicting Constraints; Bias / Loaded Framing,331,0.632
e036d28e6cd2aecd958a5ed36067be3b,5,Vague / Missing Context; Ambiguous References; Format Ambiguity,305,0.345
e036d28e6cd2aecd958a5ed36067be3b,6,Vague / Missing Context; Ambiguous References,231,0.290
7c52a18df06971c6cd903f787e235733,1,Vague / Missing Context; Ambiguous References,47,0.278
a6e0df144227e83400d0ad9e6856d6d2,1,Ambiguous References; Format Ambiguity,190,0.258
a6e0df144227e83400d0ad9e6856d6d2,2,Ambiguous References; Format Ambiguity,218,0.254
2ad1cd52ac0f31cace3028489ed4d526,1,Ambiguous References; Overloaded Prompt; Format Ambiguity; Conflicting Constraints; Unnecessary Repetition,4000,1.387
2ad1cd52ac0f31cace3028489ed4d526,2,Ambiguous References; Format Ambiguity,831,0.812
2ad1cd52ac0f31cace3028489ed4d526,3,Ambiguous References; Format Ambiguity,414,0.664
81c0a89dc00cb557993de5b4473774da,1,Ambiguous References; Format Ambiguity,114,0.406
81c0a89dc00cb557993de5b4473774da,2,Vague / Missing Context; Ambiguous References,43,0.311
81c0a89dc00cb557993de5b4473774da,3,Ambiguous References; Format Ambiguity,105,0.267
81c0a89dc00cb557993de5b4473774da,4,Vague / Missing Context; Ambiguous References; Format Ambiguity,37,0.695
81c0a89dc00cb557993de5b4473774da,5,Vague / Missing Context; Ambiguous References,44,0.257
81c0a89dc00cb557993de5b4473774da,6,Vague / Missing Context; Ambiguous References,24,0.296
81c0a89dc00cb557993de5b4473774da,7,Vague / Missing Context; Ambiguous References,21,0.274
81c0a89dc00cb557993de5b4473774da,8,Ambiguous References; Format Ambiguity,21,0.267
81c0a89dc00cb557993de5b4473774da,9,Ambiguous References; Format Ambiguity,54,0.331
81c0a89dc00cb557993de5b4473774da,10,Ambiguous References; Format Ambiguity,149,0.329
81c0a89dc00cb557993de5b4473774da,11,Vague / Missing Context; Format Ambiguity,76,0.285
e6da6c7e116567ba65bb8d352527f300,1,Ambiguous References; Format Ambiguity,54,0.390
e6da6c7e116567ba65bb8d352527f300,2,Vague / Missing Context; Ambiguous References,28,0.247
e6da6c7e116567ba65bb8d352527f300,3,Ambiguous References; Overloaded Prompt,70,0.258
e6da6c7e116567ba65bb8d352527f300,4,Ambiguous References; Format Ambiguity,59,0.258
e6da6c7e116567ba65bb8d352527f300,5,Ambiguous References; Format Ambiguity,91,0.280
72b8d798d6fc169a1d61eeebb71378bd,1,Ambiguous References; Format Ambiguity,117,0.346
72b8d798d6fc169a1d61eeebb71378bd,2,Ambiguous References; Format Ambiguity,24,0.256
50874815c196147db493493745f63bfd,1,Ambiguous References; Format Ambiguity,54,0.245
50874815c196147db493493745f63bfd,2,Vague / Missing Context,101,0.267
1909051ef3d63d92d3be551e03ac9db2,3,Ambiguous References; Format Ambiguity,37,0.256
1909051ef3d63d92d3be551e03ac9db2,4,Ambiguous References; Format Ambiguity,413,0.501
1909051ef3d63d92d3be551e03ac9db2,5,Ambiguous References; Format Ambiguity,240,0.342
1909051ef3d63d92d3be551e03ac9db2,6,Ambiguous References; Format Ambiguity,232,0.284
29898dbe40eea074c5e2d4adeff4964c,1,Ambiguous References; Overloaded Prompt; Format Ambiguity; Conflicting Constraints; Unnecessary Repetition,4000,1.386
29898dbe40eea074c5e2d4adeff4964c,2,Ambiguous References; Format Ambiguity,956,0.827
8a1cf3a11808da4856defc295372002c,1,Ambiguous References; Format Ambiguity,179,0.347
8a1cf3a11808da4856defc295372002c,2,Vague / Missing Context; Ambiguous References,26,0.273
0ef9ca531f05135c065742fbb5974e0a,3,Vague / Missing Context; Format Ambiguity,397,0.394
a51bf57d38d37546d268cc78b1c324a5,2,Ambiguous References; Format Ambiguity,226,0.373
a51bf57d38d37546d268cc78b1c324a5,3,Ambiguous References; Format Ambiguity,23,0.242
a51bf57d38d37546d268cc78b1c324a5,4,Vague / Missing Context; Format Ambiguity,16,0.254
a51bf57d38d37546d268cc78b1c324a5,5,Vague / Missing Context; Ambiguous References,20,0.276
a51bf57d38d37546d268cc78b1c324a5,6,Vague / Missing Context; Ambiguous References,19,0.257
a51bf57d38d37546d268cc78b1c324a5,7,No Smell,7,0.150
a51bf57d38d37546d268cc78b1c324a5,8,Vague / Missing Context; Format Ambiguity,9,0.287
a51bf57d38d37546d268cc78b1c324a5,9,Vague / Missing Context; Ambiguous References,15,0.242
a51bf57d38d37546d268cc78b1c324a5,10,Ambiguous References; Format Ambiguity,88,0.332
4fabb2708205dab9cca1528ffcb28cf3,1,Vague / Missing Context; Format Ambiguity,2049,0.662
553a75c9a93925679db99dc5d3051cc5,1,Vague / Missing Context; Ambiguous References; Format Ambiguity; Overloaded Prompt; Unnecessary Repetition; Conflicting Constraints; Bias / Loaded Framing; Formality / Audience Mismatch,566,0.664
c14eb9f901aa89890331e8202ef0c4a1,1,Vague / Missing Context; Ambiguous References,557,0.285
5b0178b3ee00832177ed0fb06851c8ee,1,Ambiguous References; Overloaded Prompt; Format Ambiguity; Unnecessary Repetition; Conflicting Constraints; Bias / Loaded Framing; Vague / Missing Context,4000,1.480
5b0178b3ee00832177ed0fb06851c8ee,2,Ambiguous References; Format Ambiguity,902,0.806
5b0178b3ee00832177ed0fb06851c8ee,3,Ambiguous References; Format Ambiguity,427,0.574
95652ea60c06cc41698d443abf216189,1,Ambiguous References; Format Ambiguity,571,0.327
95652ea60c06cc41698d443abf216189,2,Vague / Missing Context; Format Ambiguity,1338,0.458
95652ea60c06cc41698d443abf216189,3,Ambiguous References,146,0.409
95652ea60c06cc41698d443abf216189,4,Ambiguous References; Format Ambiguity,1760,0.522
95652ea60c06cc41698d443abf216189,5,Vague / Missing Context; Format Ambiguity,411,0.457
95652ea60c06cc41698d443abf216189,6,Ambiguous References; Overloaded Prompt,1735,0.760
a546350348cd3e96189a540a327be94c,1,Vague / Missing Context; Ambiguous References,211,0.290
722f1ca80f8daa005b8fc2526fb0df57,1,Ambiguous References; Format Ambiguity,104,0.254
722f1ca80f8daa005b8fc2526fb0df57,2,Ambiguous References; Format Ambiguity; Overloaded Prompt; Unnecessary Repetition; Conflicting Constraints; Bias / Loaded Framing; Vague / Missing Context,1206,0.929
722f1ca80f8daa005b8fc2526fb0df57,3,Ambiguous References; Format Ambiguity,1393,0.344
722f1ca80f8daa005b8fc2526fb0df57,4,Vague / Missing Context; Ambiguous References; Format Ambiguity; Overloaded Prompt; Unnecessary Repetition; Conflicting Constraints; Bias / Loaded Framing; Formality / Audience Mismatch,1093,0.733
722f1ca80f8daa005b8fc2526fb0df57,5,Ambiguous References; Format Ambiguity,1919,0.501
722f1ca80f8daa005b8fc2526fb0df57,6,Vague / Missing Context; Format Ambiguity,140,0.293
722f1ca80f8daa005b8fc2526fb0df57,7,Vague / Missing Context; Format Ambiguity,1246,0.396
722f1ca80f8daa005b8fc2526fb0df57,8,Vague / Missing Context,590,0.366
722f1ca80f8daa005b8fc2526fb0df57,9,Vague / Missing Context; Ambiguous References,645,0.400
722f1ca80f8daa005b8fc2526fb0df57,10,Vague / Missing Context; Ambiguous References,403,0.306
722f1ca80f8daa005b8fc2526fb0df57,11,Vague / Missing Context; Ambiguous References; Format Ambiguity; Overloaded Prompt; Unnecessary Repetition; Conflicting Constraints; Bias / Loaded Framing; Formality / Audience Mismatch,1010,0.713
b14410647c14e4710af5e23e3fd64885,1,Ambiguous References,44,0.245
ef2c036fae50d0f00d76d8615d10950b,1,Vague / Missing Context,66,0.258
ef2c036fae50d0f00d76d8615d10950b,2,Ambiguous References; Format Ambiguity,39,0.292
ef2c036fae50d0f00d76d8615d10950b,3,Vague / Missing Context; Ambiguous References,39,0.251
1e7e3f405c5cd6deb7b575ddcce9a646,1,Ambiguous References; Format Ambiguity,3461,1.196
1e7e3f405c5cd6deb7b575ddcce9a646,2,Format Ambiguity,2199,1.109
1e7e3f405c5cd6deb7b575ddcce9a646,3,Format Ambiguity; Ambiguous References,3039,1.321
f66180bc2a14f244f012196cfcb14fcf,1,Format Ambiguity; Overloaded Prompt,375,0.437
4c7d5d510d66c5ee187e5cc576889be6,1,Ambiguous References; Format Ambiguity,115,0.305
4c7d5d510d66c5ee187e5cc576889be6,2,Ambiguous References; Format Ambiguity,169,0.258
4c7d5d510d66c5ee187e5cc576889be6,3,Vague / Missing Context; Format Ambiguity,349,0.308
4c7d5d510d66c5ee187e5cc576889be6,4,Vague / Missing Context; Ambiguous References,155,0.359
4c7d5d510d66c5ee187e5cc576889be6,5,Vague / Missing Context; Ambiguous References; Format Ambiguity; Overloaded Prompt; Unnecessary Repetition; Conflicting Constraints; Bias / Loaded Framing,236,0.666
9bec695c5f401031ef71731328170799,1,Ambiguous References; Overloaded Prompt; Conflicting Constraints; Unnecessary Repetition; Format Ambiguity; Vague / Missing Context,4000,1.463
9bec695c5f401031ef71731328170799,2,Ambiguous References; Format Ambiguity,736,0.804
9bec695c5f401031ef71731328170799,3,Vague / Missing Context; Ambiguous References,196,0.287
eb3c8fb3f55cc910b4f0545ae1d52ac1,1,Vague / Missing Context; Ambiguous References,42,0.271
d7b647f38efb83bb1a53f235423539ed,2,Vague / Missing Context; Ambiguous References,28,0.281
d7b647f38efb83bb1a53f235423539ed,3,Ambiguous References,25,0.230
186f02901f43745794fd8428b1f2f629,1,Vague / Missing Context; Ambiguous References,101,0.312
186f02901f43745794fd8428b1f2f629,2,Vague / Missing Context; Ambiguous References,78,0.284
186f02901f43745794fd8428b1f2f629,3,Vague / Missing Context; Ambiguous References,60,0.313
186f02901f43745794fd8428b1f2f629,4,Ambiguous References; Format Ambiguity,113,0.311
186f02901f43745794fd8428b1f2f629,5,Vague / Missing Context; Ambiguous References,94,0.312
186f02901f43745794fd8428b1f2f629,6,Ambiguous References; Format Ambiguity,167,0.314
186f02901f43745794fd8428b1f2f629,7,Vague / Missing Context; Ambiguous References,116,0.313
6303ae55bcf2bdea92c27ebf8ba18c38,1,Ambiguous References; Format Ambiguity,78,0.264
3a954b386bbacfd4b60ba244a5d549f9,1,Vague / Missing Context; Ambiguous References; Format Ambiguity,209,0.360
3a954b386bbacfd4b60ba244a5d549f9,2,Vague / Missing Context; Ambiguous References; Format Ambiguity,71,0.351
3a954b386bbacfd4b60ba244a5d549f9,3,Vague / Missing Context; Ambiguous References,112,0.281
3a954b386bbacfd4b60ba244a5d549f9,4,Vague / Missing Context; Ambiguous References,49,0.299
07a97475c35edd0b9053db928fd79b76,1,Vague / Missing Context; Ambiguous References; Format Ambiguity,346,0.471
363f8ce0e86f77092078368f8be6cf64,1,Ambiguous References; Format Ambiguity,41,0.385
f801db3e492cc93bff743df87a82ecb0,1,Vague / Missing Context; Ambiguous References; Format Ambiguity,361,0.471
fcf8a7347a8deeefa84416f33bac05cc,1,Ambiguous References; Format Ambiguity,289,0.396
fcf8a7347a8deeefa84416f33bac05cc,2,No Smell,26,0.200
a34d995d3a0c42c0d3f167bbaf39bf85,1,Vague / Missing Context; Ambiguous References; Format Ambiguity,404,0.445
4664526cf81ccd02293f7b7f26bacadd,1,Vague / Missing Context; Ambiguous References; Format Ambiguity,404,0.397
2e108a974fca0d7f86db1ca311c55749,1,Ambiguous References; Overloaded Prompt,4000,1.101
2e108a974fca0d7f86db1ca311c55749,2,Ambiguous References; Format Ambiguity,840,0.828
2e108a974fca0d7f86db1ca311c55749,3,Vague / Missing Context; Ambiguous References,200,0.286
2e108a974fca0d7f86db1ca311c55749,4,Ambiguous References; Format Ambiguity,78,0.265
1e9fb9c9c7f867bc668037a51cc76fed,1,Ambiguous References,32,0.223
1e9fb9c9c7f867bc668037a51cc76fed,2,Ambiguous References; Format Ambiguity,72,0.295
c4275c848f806e56861b98e4cd05bc94,1,Vague / Missing Context; Ambiguous References; Format Ambiguity,404,0.446
635f90c4d2e88dceb1b898f969f4194b,1,Vague / Missing Context; Ambiguous References,122,0.319
635f90c4d2e88dceb1b898f969f4194b,2,Ambiguous References; Format Ambiguity,730,0.381
635f90c4d2e88dceb1b898f969f4194b,3,Vague / Missing Context; Ambiguous References,41,0.302
635f90c4d2e88dceb1b898f969f4194b,4,Ambiguous References,24,0.230
78282df8b4806e8bacc2c1cdd38cc49f,1,Vague / Missing Context; Ambiguous References; Format Ambiguity; Overloaded Prompt; Prompt Bloat / Convoluted Prompt; Unnecessary Repetition; Conflicting Constraints; Bias / Loaded Framing; Formality / Audience Mismatch,67,0.661
d18b3a71a0254c80c5389141f6ecbea2,2,Vague / Missing Context; Ambiguous References,391,0.374
d18b3a71a0254c80c5389141f6ecbea2,3,Vague / Missing Context; Ambiguous References,472,0.338
6ca4c4b06567ddbad5bccc26e48835de,1,Vague / Missing Context; Ambiguous References,43,0.279
6ca4c4b06567ddbad5bccc26e48835de,2,Ambiguous References; Format Ambiguity,68,0.286
011d4d84cd5da3f2133c253999905cf3,1,Vague / Missing Context; Format Ambiguity; Conflicting Constraints; Overloaded Prompt; Unnecessary Repetition; Bias / Loaded Framing,751,0.846
011d4d84cd5da3f2133c253999905cf3,2,Ambiguous References; Format Ambiguity; Overloaded Prompt; Conflicting Constraints; Bias / Loaded Framing; Unnecessary Repetition,780,0.757
011d4d84cd5da3f2133c253999905cf3,3,Vague / Missing Context; Format Ambiguity,429,0.696
011d4d84cd5da3f2133c253999905cf3,4,Format Ambiguity; Overloaded Prompt; Ambiguous References,192,0.315
011d4d84cd5da3f2133c253999905cf3,5,Ambiguous References; Format Ambiguity,93,0.280
011d4d84cd5da3f2133c253999905cf3,6,Ambiguous References; Format Ambiguity,110,0.418
011d4d84cd5da3f2133c253999905cf3,7,Ambiguous References; Format Ambiguity,215,0.343
011d4d84cd5da3f2133c253999905cf3,8,Vague / Missing Context; Format Ambiguity,397,0.354
011d4d84cd5da3f2133c253999905cf3,9,Vague / Missing Context; Ambiguous References; Format Ambiguity; Overloaded Prompt; Unnecessary Repetition; Conflicting Constraints; Bias / Loaded Framing; Formality / Audience Mismatch,246,0.677
c77ac4ce9c71fef0d239f97a4b25b757,1,Ambiguous References; Format Ambiguity,54,0.292
c77ac4ce9c71fef0d239f97a4b25b757,2,Ambiguous References; Format Ambiguity,32,0.223
c77ac4ce9c71fef0d239f97a4b25b757,3,Ambiguous References,45,0.211
d2f62d510007bc92154f152c1f0be678,1,Vague / Missing Context; Ambiguous References; Format Ambiguity; Overloaded Prompt; Unnecessary Repetition; Conflicting Constraints; Bias / Loaded Framing,236,0.668
d2f62d510007bc92154f152c1f0be678,2,Vague / Missing Context; Format Ambiguity,627,0.304
d2f62d510007bc92154f152c1f0be678,3,Vague / Missing Context; Format Ambiguity,173,0.440
d2f62d510007bc92154f152c1f0be678,4,Ambiguous References; Format Ambiguity,210,0.335
d2f62d510007bc92154f152c1f0be678,5,Ambiguous References; Format Ambiguity,120,0.297
d2f62d510007bc92154f152c1f0be678,6,Ambiguous References; Format Ambiguity,350,0.484
d2f62d510007bc92154f152c1f0be678,7,Ambiguous References; Format Ambiguity,254,0.275
d2f62d510007bc92154f152c1f0be678,8,Ambiguous References; Format Ambiguity,122,0.300
14197bbef18690e8ff91863d1aedd9f6,1,Ambiguous References; Format Ambiguity,507,0.688
ce00ba9a703087714c8183707c466d47,1,Vague / Missing Context; Ambiguous References,78,0.337
ce00ba9a703087714c8183707c466d47,2,Ambiguous References; Format Ambiguity,75,0.271
ce00ba9a703087714c8183707c466d47,3,Ambiguous References; Format Ambiguity,102,0.325
ce00ba9a703087714c8183707c466d47,4,Vague / Missing Context; Ambiguous References; Format Ambiguity; Overloaded Prompt; Prompt Bloat / Convoluted Prompt; Unnecessary Repetition; Conflicting Constraints; Bias / Loaded Framing; Formality / Audience Mismatch,63,0.863
ce00ba9a703087714c8183707c466d47,5,Vague / Missing Context,8,0.239
ce00ba9a703087714c8183707c466d47,6,Ambiguous References; Format Ambiguity,61,0.244
9204e34e9f6caced40c3eb182a0a98a1,1,Vague / Missing Context; Format Ambiguity,1838,0.599
f0aba989afa9d17b5cb99a5bb0932695,1,Format Ambiguity; Overloaded Prompt,863,0.650
f0aba989afa9d17b5cb99a5bb0932695,3,Format Ambiguity,134,0.333
0e2e8faca90b65a3bf776f125f5dada5,1,Vague / Missing Context; Ambiguous References,472,0.375
0e2e8faca90b65a3bf776f125f5dada5,2,Ambiguous References,114,0.213
0e2e8faca90b65a3bf776f125f5dada5,3,Ambiguous References; Format Ambiguity,55,0.266
0e2e8faca90b65a3bf776f125f5dada5,4,Ambiguous References; Format Ambiguity,185,0.306
0e2e8faca90b65a3bf776f125f5dada5,5,Ambiguous References; Format Ambiguity,92,0.298
0e2e8faca90b65a3bf776f125f5dada5,6,Vague / Missing Context; Ambiguous References,180,0.288
0e2e8faca90b65a3bf776f125f5dada5,7,Ambiguous References,80,0.227
0e2e8faca90b65a3bf776f125f5dada5,8,Vague / Missing Context; Ambiguous References,224,0.290
12bf56e52d17281f15162ad15f8d204a,1,Format Ambiguity,978,0.650
8d9c824ff3d1de6bd4b25650a8866c7e,1,Vague / Missing Context; Ambiguous References; Format Ambiguity; Overloaded Prompt; Unnecessary Repetition; Conflicting Constraints; Bias / Loaded Framing; Formality / Audience Mismatch,395,0.685
8d9c824ff3d1de6bd4b25650a8866c7e,2,Ambiguous References,28,0.211
8d9c824ff3d1de6bd4b25650a8866c7e,3,Vague / Missing Context; Format Ambiguity,315,0.355
8d9c824ff3d1de6bd4b25650a8866c7e,4,Ambiguous References; Format Ambiguity,1563,0.441
8d9c824ff3d1de6bd4b25650a8866c7e,5,Vague / Missing Context; Ambiguous References,131,0.288
8d9c824ff3d1de6bd4b25650a8866c7e,6,Ambiguous References; Format Ambiguity,1883,0.431
8d9c824ff3d1de6bd4b25650a8866c7e,7,Ambiguous References; Format Ambiguity,58,0.325
8d9c824ff3d1de6bd4b25650a8866c7e,8,Ambiguous References; Format Ambiguity,273,0.283
38f5891ca5bc191f19ae6aed4b206c96,1,Vague / Missing Context; Ambiguous References; Format Ambiguity,54,0.371
38f5891ca5bc191f19ae6aed4b206c96,2,Ambiguous References,37,0.230
afce0019c28d2adefeee3e0a874bb6e8,1,Vague / Missing Context; Ambiguous References,4000,0.807
afce0019c28d2adefeee3e0a874bb6e8,2,Ambiguous References; Format Ambiguity,290,0.422
afce0019c28d2adefeee3e0a874bb6e8,3,Vague / Missing Context; Format Ambiguity,317,0.311
afce0019c28d2adefeee3e0a874bb6e8,4,Vague / Missing Context; Format Ambiguity,341,0.353
afce0019c28d2adefeee3e0a874bb6e8,5,Ambiguous References; Format Ambiguity,272,0.435
afce0019c28d2adefeee3e0a874bb6e8,6,Vague / Missing Context; Ambiguous References,164,0.321
afce0019c28d2adefeee3e0a874bb6e8,7,Vague / Missing Context; Format Ambiguity,106,0.326
afce0019c28d2adefeee3e0a874bb6e8,8,Ambiguous References; Format Ambiguity,199,0.564
afce0019c28d2adefeee3e0a874bb6e8,9,Ambiguous References; Format Ambiguity,201,0.394
3c8e53fce3dbbff4564fae9784d42789,1,Vague / Missing Context; Ambiguous References,159,0.374
3c8e53fce3dbbff4564fae9784d42789,2,Ambiguous References; Format Ambiguity,79,0.266
985c7f3589a65cc7529499d77a84e4fa,1,Ambiguous References,29,0.345
2afb6dfda4111752350251b39b3bab7f,1,Vague / Missing Context; Format Ambiguity,1237,0.514
80db260e5cdf6d3953f3e3a8d087fe3a,1,Ambiguous References; Format Ambiguity,46,0.279
80db260e5cdf6d3953f3e3a8d087fe3a,2,Vague / Missing Context; Ambiguous References; Format Ambiguity; Overloaded Prompt; Unnecessary Repetition; Conflicting Constraints; Bias / Loaded Framing; Formality / Audience Mismatch,32,0.617
80db260e5cdf6d3953f3e3a8d087fe3a,3,Ambiguous References; Format Ambiguity,135,0.420
80db260e5cdf6d3953f3e3a8d087fe3a,4,No Smell,13,0.173
80db260e5cdf6d3953f3e3a8d087fe3a,5,Ambiguous References; Format Ambiguity,99,0.333
80db260e5cdf6d3953f3e3a8d087fe3a,6,No Smell,13,0.174
b5c0e3ff0df1789534c94ada7809b9e1,1,Vague / Missing Context; Ambiguous References,135,0.315
b5c0e3ff0df1789534c94ada7809b9e1,2,Vague / Missing Context; Ambiguous References,94,0.273
919db39a75a2a6294f92f88e78c2beea,1,Ambiguous References; Format Ambiguity,54,0.252
