conversation_id,user_turn,top1_smell,top1_p,top2_smell,top2_p,top3_smell,top3_p,top4_smell,top4_p,chars_sent,seconds
9deee0d4f93c6a7867eef08fe3be63be,1,No Smell,0.1541,Format Ambiguity,0.1136,Ambiguous References,0.1047,Conflicting Constraints,0.1000,116,0.617
9deee0d4f93c6a7867eef08fe3be63be,4,No Smell,0.1665,Format Ambiguity,0.1229,Overloaded Prompt,0.1132,Vague / Missing Context,0.1021,41,0.293
9deee0d4f93c6a7867eef08fe3be63be,6,No Smell,0.1952,Format Ambiguity,0.1183,Ambiguous References,0.0969,Conflicting Constraints,0.0951,105,0.293
9deee0d4f93c6a7867eef08fe3be63be,7,No Smell,0.1905,Format Ambiguity,0.1171,Ambiguous References,0.1126,Conflicting Constraints,0.0945,246,0.323
6d4b097a71e2c582c7b26e10589599ea,2,No Smell,0.1696,Format Ambiguity,0.1641,Overloaded Prompt,0.1308,Vague / Missing Context,0.1117,22,0.298
45b1bae8034accbf0aafe01ba9732485,2,No Smell,0.1592,Ambiguous References,0.1165,Format Ambiguity,0.1151,Vague / Missing Context,0.1142,2355,0.501
75a8afbd34d0158422ad6a9e33005729,1,No Smell,0.1366,Vague / Missing Context,0.1266,Format Ambiguity,0.1237,Ambiguous References,0.1058,9,0.292
75a8afbd34d0158422ad6a9e33005729,2,No Smell,0.2058,Vague / Missing Context,0.1580,Format Ambiguity,0.1270,Irrelevant / Excessive Persona,0.0762,32,0.294
75a8afbd34d0158422ad6a9e33005729,3,No Smell,0.1793,Format Ambiguity,0.1200,Vague / Missing Context,0.1093,Ambiguous References,0.0910,31,0.293
75a8afbd34d0158422ad6a9e33005729,6,No Smell,0.1366,Vague / Missing Context,0.1266,Format Ambiguity,0.1237,Ambiguous References,0.1058,9,0.249
258523717d4e397987b402c3f3518af6,1,No Smell,0.1657,Vague / Missing Context,0.1520,Format Ambiguity,0.1409,Irrelevant / Excessive Persona,0.0898,111,0.295
258523717d4e397987b402c3f3518af6,2,Vague / Missing Context,0.2257,Format Ambiguity,0.1105,No Smell,0.1090,Overloaded Prompt,0.1017,22,0.293
258523717d4e397987b402c3f3518af6,3,Vague / Missing Context,0.1525,No Smell,0.1455,Format Ambiguity,0.1381,Ambiguous References,0.0894,79,0.293
258523717d4e397987b402c3f3518af6,4,No Smell,0.1540,Vague / Missing Context,0.1506,Format Ambiguity,0.1123,Unnecessary Repetition,0.0885,57,0.294
258523717d4e397987b402c3f3518af6,5,Vague / Missing Context,0.2027,Format Ambiguity,0.1364,No Smell,0.1231,Ambiguous References,0.1206,59,0.293
258523717d4e397987b402c3f3518af6,6,No Smell,0.1841,Vague / Missing Context,0.1489,Format Ambiguity,0.1348,Ambiguous References,0.0874,142,0.294
258523717d4e397987b402c3f3518af6,7,Vague / Missing Context,0.1927,No Smell,0.1592,Format Ambiguity,0.1448,Unnecessary Repetition,0.0833,81,0.294
88d5fd13c3e0ff9bd7b131b9c251dd0f,2,No Smell,0.2390,Format Ambiguity,0.1377,Vague / Missing Context,0.0902,Ambiguous References,0.0864,166,0.295
88d5fd13c3e0ff9bd7b131b9c251dd0f,3,No Smell,0.2355,Format Ambiguity,0.1132,Ambiguous References,0.1024,Unnecessary Repetition,0.0818,80,0.294
88d5fd13c3e0ff9bd7b131b9c251dd0f,4,No Smell,0.1941,Format Ambiguity,0.1272,Ambiguous References,0.1129,Vague / Missing Context,0.1029,84,0.294
88d5fd13c3e0ff9bd7b131b9c251dd0f,5,No Smell,0.1613,Format Ambiguity,0.1277,Vague / Missing Context,0.1204,Ambiguous References,0.1073,144,0.294
88d5fd13c3e0ff9bd7b131b9c251dd0f,6,Vague / Missing Context,0.1651,No Smell,0.1499,Format Ambiguity,0.1083,Formality / Audience Mismatch,0.0883,55,0.293
88d5fd13c3e0ff9bd7b131b9c251dd0f,7,No Smell,0.1975,Format Ambiguity,0.1197,Ambiguous References,0.1028,Vague / Missing Context,0.0981,63,0.293
88d5fd13c3e0ff9bd7b131b9c251dd0f,8,No Smell,0.1338,Ambiguous References,0.1282,Vague / Missing Context,0.1251,Format Ambiguity,0.1154,55,0.292
291e8752b1737c209223ee3bf67ae1d1,1,No Smell,0.1721,Ambiguous References,0.1296,Format Ambiguity,0.1210,Vague / Missing Context,0.0945,163,0.295
c73581ad3758c37c98116e078620eafe,1,No Smell,0.1916,Format Ambiguity,0.1174,Ambiguous References,0.0987,Vague / Missing Context,0.0956,63,0.293
832ab4fa124860200c24bd2f62aa7a96,1,No Smell,0.1819,Ambiguous References,0.1197,Format Ambiguity,0.1193,Vague / Missing Context,0.0936,153,0.295
dd30dda76e25051559a149044f07aba2,1,Vague / Missing Context,0.1825,Format Ambiguity,0.1487,Overloaded Prompt,0.1073,No Smell,0.1023,2083,0.515
dd30dda76e25051559a149044f07aba2,2,Format Ambiguity,0.1865,Vague / Missing Context,0.1706,No Smell,0.1395,Overloaded Prompt,0.0840,53,0.294
dd30dda76e25051559a149044f07aba2,3,No Smell,0.1776,Format Ambiguity,0.1354,Ambiguous References,0.1041,Vague / Missing Context,0.1034,278,0.320
dd30dda76e25051559a149044f07aba2,4,Format Ambiguity,0.1662,No Smell,0.1502,Vague / Missing Context,0.1319,Overloaded Prompt,0.0898,14,0.292
c54c8e5554496318b8ab2999a19ad5c3,1,No Smell,0.1497,Vague / Missing Context,0.1467,Format Ambiguity,0.1218,Ambiguous References,0.0954,45,0.292
c84dca042d2b4f1b24cea4bc11f4b595,1,Format Ambiguity,0.1492,No Smell,0.1336,Vague / Missing Context,0.1170,Prompt Bloat / Convoluted Prompt,0.1054,3292,0.627
c84dca042d2b4f1b24cea4bc11f4b595,2,Format Ambiguity,0.1422,No Smell,0.1356,Prompt Bloat / Convoluted Prompt,0.1178,Vague / Missing Context,0.1077,3520,0.696
c84dca042d2b4f1b24cea4bc11f4b595,3,Prompt Bloat / Convoluted Prompt,0.1547,Unnecessary Repetition,0.1297,Vague / Missing Context,0.1176,Conflicting Constraints,0.1049,355,0.320
dbce78a84bbd564d9450ef90c771e978,1,Ambiguous References,0.1406,No Smell,0.1182,Unnecessary Repetition,0.1048,Prompt Bloat / Convoluted Prompt,0.1027,934,0.400
5bd6a59c6ad22b7d1b76c9d8b3e3680b,1,No Smell,0.1820,Format Ambiguity,0.1181,Ambiguous References,0.1053,Prompt Bloat / Convoluted Prompt,0.0992,3642,0.718
5bd6a59c6ad22b7d1b76c9d8b3e3680b,2,No Smell,0.1680,Format Ambiguity,0.1209,Conflicting Constraints,0.0949,Ambiguous References,0.0921,93,0.295
5bd6a59c6ad22b7d1b76c9d8b3e3680b,3,No Smell,0.1864,Format Ambiguity,0.1207,Ambiguous References,0.0993,Prompt Bloat / Convoluted Prompt,0.0959,3635,0.717
5bd6a59c6ad22b7d1b76c9d8b3e3680b,4,No Smell,0.1990,Format Ambiguity,0.1189,Ambiguous References,0.0917,Vague / Missing Context,0.0887,93,0.294
5bd6a59c6ad22b7d1b76c9d8b3e3680b,5,No Smell,0.1568,Ambiguous References,0.1288,Format Ambiguity,0.1231,Conflicting Constraints,0.0938,60,0.293
faab586b26de1d8cc1e32d321ab0b882,2,No Smell,0.1922,Format Ambiguity,0.1303,Overloaded Prompt,0.0951,Unnecessary Repetition,0.0934,25,0.292
a9434495a678a26f909b3443105d1ad6,1,Format Ambiguity,0.1484,No Smell,0.1338,Vague / Missing Context,0.1168,Prompt Bloat / Convoluted Prompt,0.1056,3292,0.626
5afe97f2562c06667a7f1d4b5eea53da,1,Format Ambiguity,0.2163,No Smell,0.1616,Vague / Missing Context,0.1391,Unnecessary Repetition,0.0771,144,0.293
5afe97f2562c06667a7f1d4b5eea53da,2,Formality / Audience Mismatch,0.2626,No Smell,0.1146,Conflicting Constraints,0.0902,Format Ambiguity,0.0901,41,0.293
1aac1590f0db2983e8bb2a0c2c96ce56,1,No Smell,0.1971,Format Ambiguity,0.1108,Unnecessary Repetition,0.1067,Overloaded Prompt,0.0976,298,0.323
1aac1590f0db2983e8bb2a0c2c96ce56,3,No Smell,0.1843,Format Ambiguity,0.1072,Unnecessary Repetition,0.1017,Vague / Missing Context,0.0961,237,0.323
d81d3ffa8545e347a16837db586256dc,1,No Smell,0.1366,Vague / Missing Context,0.1266,Format Ambiguity,0.1237,Ambiguous References,0.1058,9,0.292
08ec9fe37d232fcce5a07588ab0b0432,1,Overloaded Prompt,0.1528,Format Ambiguity,0.1319,Vague / Missing Context,0.1058,Ambiguous References,0.0970,3468,0.656
08ec9fe37d232fcce5a07588ab0b0432,3,Overloaded Prompt,0.1471,Format Ambiguity,0.1285,Vague / Missing Context,0.1100,No Smell,0.0994,1986,0.579
da8ade9c68c3981ba0d3bc15bdecfac9,1,No Smell,0.1936,Format Ambiguity,0.1285,Ambiguous References,0.1037,Irrelevant / Excessive Persona,0.0900,45,0.292
da8ade9c68c3981ba0d3bc15bdecfac9,2,No Smell,0.1705,Format Ambiguity,0.1266,Ambiguous References,0.1235,Vague / Missing Context,0.1034,162,0.296
38dc452aa55fbc7e418345978bc3aeb6,1,Vague / Missing Context,0.1749,Format Ambiguity,0.1456,Overloaded Prompt,0.1086,No Smell,0.1038,2089,0.515
38dc452aa55fbc7e418345978bc3aeb6,2,Format Ambiguity,0.2087,No Smell,0.1539,Vague / Missing Context,0.1376,Overloaded Prompt,0.1010,42,0.292
7d369dccf0ed993cf940cc746a0ade6c,1,Format Ambiguity,0.1744,No Smell,0.1673,Vague / Missing Context,0.1317,Overloaded Prompt,0.0855,43,0.293
7d369dccf0ed993cf940cc746a0ade6c,2,No Smell,0.1837,Format Ambiguity,0.1773,Vague / Missing Context,0.1280,Unnecessary Repetition,0.0802,44,0.294
7d369dccf0ed993cf940cc746a0ade6c,3,No Smell,0.1757,Format Ambiguity,0.1722,Vague / Missing Context,0.1274,Unnecessary Repetition,0.0807,46,0.292
392c0683b1aa48270e6b6aab823467f5,2,Vague / Missing Context,0.1852,No Smell,0.1135,Conflicting Constraints,0.1032,Unnecessary Repetition,0.0958,22,0.293
aab5ef96395efa0ff9bc5e23319384ec,1,No Smell,0.1779,Format Ambiguity,0.1754,Vague / Missing Context,0.1191,Overloaded Prompt,0.0845,41,0.293
74b48bb91c7f3db21c88801ab87dc778,1,No Smell,0.1936,Format Ambiguity,0.1285,Ambiguous References,0.1037,Irrelevant / Excessive Persona,0.0900,45,0.293
74b48bb91c7f3db21c88801ab87dc778,2,No Smell,0.1628,Format Ambiguity,0.1178,Ambiguous References,0.1113,Vague / Missing Context,0.1060,357,0.321
1d08dc6c69f0f17f09d9acab87c2a357,1,No Smell,0.1972,Format Ambiguity,0.1184,Ambiguous References,0.0924,Prompt Bloat / Convoluted Prompt,0.0900,1659,0.514
1d08dc6c69f0f17f09d9acab87c2a357,2,No Smell,0.1754,Format Ambiguity,0.1189,Ambiguous References,0.1030,Vague / Missing Context,0.1029,93,0.293
1d08dc6c69f0f17f09d9acab87c2a357,3,No Smell,0.1733,Format Ambiguity,0.1051,Unnecessary Repetition,0.0969,Conflicting Constraints,0.0910,79,0.294
1d08dc6c69f0f17f09d9acab87c2a357,4,No Smell,0.1719,Vague / Missing Context,0.1207,Format Ambiguity,0.1181,Unnecessary Repetition,0.0990,29,0.295
7956439c6fcef5135bb6960d55454af6,1,Vague / Missing Context,0.1395,Ambiguous References,0.1220,Prompt Bloat / Convoluted Prompt,0.1102,No Smell,0.1088,4000,0.830
64747a6df61fbd0eee082be44933fe1d,1,Ambiguous References,0.1317,Format Ambiguity,0.1238,Vague / Missing Context,0.1145,No Smell,0.1138,4000,0.771
d63fb47bec60dbb883140603322f3333,1,No Smell,0.1694,Unnecessary Repetition,0.1201,Format Ambiguity,0.1082,Ambiguous References,0.0953,507,0.366
d63fb47bec60dbb883140603322f3333,2,No Smell,0.1812,Format Ambiguity,0.1164,Ambiguous References,0.1140,Prompt Bloat / Convoluted Prompt,0.1022,3711,0.712
d63fb47bec60dbb883140603322f3333,3,No Smell,0.1977,Format Ambiguity,0.1197,Ambiguous References,0.0958,Prompt Bloat / Convoluted Prompt,0.0895,3745,0.712
d63fb47bec60dbb883140603322f3333,4,No Smell,0.1729,Format Ambiguity,0.1167,Ambiguous References,0.1072,Prompt Bloat / Convoluted Prompt,0.1010,3724,0.710
f01f3f40c1fd00d9462f9f7bb7434d01,1,Vague / Missing Context,0.1879,Format Ambiguity,0.1454,Overloaded Prompt,0.1040,No Smell,0.1014,2189,0.578
f01f3f40c1fd00d9462f9f7bb7434d01,2,Format Ambiguity,0.2087,No Smell,0.1539,Vague / Missing Context,0.1376,Overloaded Prompt,0.1010,42,0.293
f01f3f40c1fd00d9462f9f7bb7434d01,3,Format Ambiguity,0.1633,Vague / Missing Context,0.1591,No Smell,0.1396,Prompt Bloat / Convoluted Prompt,0.0792,100,0.293
5ce4b255aa05816f322e9e37e82cac74,1,No Smell,0.2206,Format Ambiguity,0.1254,Ambiguous References,0.0934,Irrelevant / Excessive Persona,0.0898,53,0.292
17c3cd1299ca6cf343e0deddd4653ff3,1,No Smell,0.2038,Format Ambiguity,0.1341,Ambiguous References,0.0948,Vague / Missing Context,0.0933,25,0.292
17c3cd1299ca6cf343e0deddd4653ff3,2,No Smell,0.2045,Format Ambiguity,0.1351,Ambiguous References,0.1024,Vague / Missing Context,0.0852,26,0.292
616ef4f28c0a8bd91f5affc39d811137,1,No Smell,0.1341,Vague / Missing Context,0.1248,Ambiguous References,0.1171,Format Ambiguity,0.1085,1742,0.516
f4eb0bddc7ffd481c6b79bdce07175f4,1,No Smell,0.1756,Format Ambiguity,0.1540,Ambiguous References,0.1202,Vague / Missing Context,0.0834,384,0.381
f4eb0bddc7ffd481c6b79bdce07175f4,2,No Smell,0.1785,Format Ambiguity,0.1517,Ambiguous References,0.1167,Vague / Missing Context,0.0822,386,0.395
f4eb0bddc7ffd481c6b79bdce07175f4,3,No Smell,0.1744,Vague / Missing Context,0.1739,Format Ambiguity,0.1449,Irrelevant / Excessive Persona,0.0761,42,0.292
f4eb0bddc7ffd481c6b79bdce07175f4,4,No Smell,0.1835,Format Ambiguity,0.1608,Ambiguous References,0.1066,Vague / Missing Context,0.0978,97,0.293
f4eb0bddc7ffd481c6b79bdce07175f4,5,No Smell,0.2066,Format Ambiguity,0.1719,Vague / Missing Context,0.1022,Ambiguous References,0.0972,116,0.293
f4eb0bddc7ffd481c6b79bdce07175f4,6,No Smell,0.1619,Format Ambiguity,0.1475,Vague / Missing Context,0.1357,Overloaded Prompt,0.0910,132,0.293
f4eb0bddc7ffd481c6b79bdce07175f4,7,Format Ambiguity,0.1694,No Smell,0.1655,Vague / Missing Context,0.1163,Overloaded Prompt,0.1113,146,0.293
f4eb0bddc7ffd481c6b79bdce07175f4,8,No Smell,0.1632,Format Ambiguity,0.1550,Vague / Missing Context,0.1213,Overloaded Prompt,0.1172,178,0.295
f4eb0bddc7ffd481c6b79bdce07175f4,9,No Smell,0.1643,Format Ambiguity,0.1535,Vague / Missing Context,0.1138,Overloaded Prompt,0.1129,184,0.299
f4eb0bddc7ffd481c6b79bdce07175f4,10,Format Ambiguity,0.1698,No Smell,0.1341,Vague / Missing Context,0.1272,Overloaded Prompt,0.1257,197,0.295
5d83792e0c9e68edf7c45d4aebe4eb05,1,Vague / Missing Context,0.1532,Format Ambiguity,0.1465,No Smell,0.1345,Overloaded Prompt,0.1123,282,0.299
5d83792e0c9e68edf7c45d4aebe4eb05,2,Vague / Missing Context,0.1485,Format Ambiguity,0.1408,No Smell,0.1322,Overloaded Prompt,0.1185,284,0.319
5748601dbbe8f733849d51cf2a2e690b,1,Vague / Missing Context,0.1851,Format Ambiguity,0.1455,Overloaded Prompt,0.1049,No Smell,0.1025,2192,0.578
5748601dbbe8f733849d51cf2a2e690b,2,Format Ambiguity,0.1865,Vague / Missing Context,0.1706,No Smell,0.1395,Overloaded Prompt,0.0840,53,0.292
7fc6366846ce9ff89f6924e7b3c8d4c8,1,Ambiguous References,0.1403,No Smell,0.1213,Format Ambiguity,0.1192,Prompt Bloat / Convoluted Prompt,0.1080,4000,0.831
df2afa71c26c48849489d86dfa7ec726,1,Format Ambiguity,0.1712,No Smell,0.1589,Overloaded Prompt,0.1192,Ambiguous References,0.1030,221,0.296
df2afa71c26c48849489d86dfa7ec726,2,No Smell,0.1671,Format Ambiguity,0.1661,Overloaded Prompt,0.1162,Ambiguous References,0.0988,232,0.296
df2afa71c26c48849489d86dfa7ec726,3,Format Ambiguity,0.1668,No Smell,0.1613,Overloaded Prompt,0.1223,Vague / Missing Context,0.0953,242,0.296
df2afa71c26c48849489d86dfa7ec726,4,Format Ambiguity,0.1698,No Smell,0.1573,Overloaded Prompt,0.1194,Vague / Missing Context,0.0982,248,0.296
df2afa71c26c48849489d86dfa7ec726,5,No Smell,0.1666,Format Ambiguity,0.1645,Overloaded Prompt,0.1133,Vague / Missing Context,0.1126,308,0.297
df2afa71c26c48849489d86dfa7ec726,6,Format Ambiguity,0.1661,No Smell,0.1605,Vague / Missing Context,0.1173,Overloaded Prompt,0.1141,326,0.319
8f0fbb46a6c0184baa35b4cae1f5b446,1,No Smell,0.1243,Conflicting Constraints,0.1211,Format Ambiguity,0.1074,Vague / Missing Context,0.1045,1592,0.454
c362c8843ab14016013b911e2d82113f,1,Format Ambiguity,0.1788,No Smell,0.1707,Vague / Missing Context,0.1264,Overloaded Prompt,0.0804,42,0.293
c362c8843ab14016013b911e2d82113f,2,Format Ambiguity,0.1792,No Smell,0.1749,Vague / Missing Context,0.1263,Overloaded Prompt,0.0854,43,0.294
c362c8843ab14016013b911e2d82113f,3,Format Ambiguity,0.1794,No Smell,0.1740,Vague / Missing Context,0.1248,Overloaded Prompt,0.0847,43,0.293
b44ee4237d92d517b139751e73797678,1,No Smell,0.2698,Format Ambiguity,0.1543,Vague / Missing Context,0.0813,Conflicting Constraints,0.0798,24,0.293
b44ee4237d92d517b139751e73797678,2,No Smell,0.2231,Format Ambiguity,0.1663,Ambiguous References,0.1175,Irrelevant / Excessive Persona,0.1169,33,0.292
b44ee4237d92d517b139751e73797678,3,Ambiguous References,0.1995,No Smell,0.1542,Format Ambiguity,0.1482,Irrelevant / Excessive Persona,0.0937,41,0.292
b44ee4237d92d517b139751e73797678,4,No Smell,0.2039,Format Ambiguity,0.1386,Ambiguous References,0.1338,Irrelevant / Excessive Persona,0.1091,58,0.294
b44ee4237d92d517b139751e73797678,5,No Smell,0.2388,Format Ambiguity,0.1477,Conflicting Constraints,0.0845,Irrelevant / Excessive Persona,0.0782,41,0.292
b44ee4237d92d517b139751e73797678,6,No Smell,0.1796,Vague / Missing Context,0.1282,Format Ambiguity,0.1157,Ambiguous References,0.0885,34,0.292
b44ee4237d92d517b139751e73797678,7,No Smell,0.2155,Format Ambiguity,0.1374,Ambiguous References,0.1084,Vague / Missing Context,0.0904,54,0.292
b44ee4237d92d517b139751e73797678,8,No Smell,0.2314,Format Ambiguity,0.1511,Conflicting Constraints,0.0832,Irrelevant / Excessive Persona,0.0797,37,0.292
b44ee4237d92d517b139751e73797678,9,No Smell,0.1897,Format Ambiguity,0.1547,Ambiguous References,0.1321,Vague / Missing Context,0.0848,47,0.293
b44ee4237d92d517b139751e73797678,10,Overloaded Prompt,0.2134,No Smell,0.1838,Format Ambiguity,0.1459,Unnecessary Repetition,0.0713,78,0.292
b44ee4237d92d517b139751e73797678,11,No Smell,0.1912,Format Ambiguity,0.1765,Ambiguous References,0.1028,Vague / Missing Context,0.0888,52,0.293
b44ee4237d92d517b139751e73797678,12,No Smell,0.1840,Format Ambiguity,0.1063,Vague / Missing Context,0.1039,Ambiguous References,0.0931,48,0.292
b44ee4237d92d517b139751e73797678,13,No Smell,0.2050,Format Ambiguity,0.1192,Ambiguous References,0.1152,Unnecessary Repetition,0.0904,34,0.292
b44ee4237d92d517b139751e73797678,14,No Smell,0.2659,Format Ambiguity,0.1076,Conflicting Constraints,0.1005,Unnecessary Repetition,0.0842,24,0.292
b44ee4237d92d517b139751e73797678,15,No Smell,0.2571,Format Ambiguity,0.1088,Conflicting Constraints,0.1044,Unnecessary Repetition,0.0855,24,0.292
b44ee4237d92d517b139751e73797678,16,No Smell,0.2654,Format Ambiguity,0.1074,Conflicting Constraints,0.1007,Unnecessary Repetition,0.0851,24,0.292
b44ee4237d92d517b139751e73797678,17,No Smell,0.2730,Format Ambiguity,0.1083,Conflicting Constraints,0.1015,Unnecessary Repetition,0.0835,24,0.292
42ead422a122093601240f7496e6537f,1,Format Ambiguity,0.1309,Vague / Missing Context,0.1246,No Smell,0.1221,Ambiguous References,0.1159,1760,0.498
45b2f12895cb672859d9b6507db9339e,1,No Smell,0.1420,Format Ambiguity,0.1305,Ambiguous References,0.1069,Overloaded Prompt,0.1044,393,0.323
45b2f12895cb672859d9b6507db9339e,2,No Smell,0.1373,Format Ambiguity,0.1304,Overloaded Prompt,0.1111,Ambiguous References,0.1064,415,0.317
45b2f12895cb672859d9b6507db9339e,3,No Smell,0.1392,Format Ambiguity,0.1371,Overloaded Prompt,0.1234,Ambiguous References,0.1010,437,0.317
45b2f12895cb672859d9b6507db9339e,4,Format Ambiguity,0.1322,No Smell,0.1301,Overloaded Prompt,0.1244,Ambiguous References,0.1043,463,0.317
3d001b2e1d09d4ae2f7ee0961682ee5d,1,Vague / Missing Context,0.2038,No Smell,0.1619,Format Ambiguity,0.1485,Overloaded Prompt,0.0806,42,0.292
3d001b2e1d09d4ae2f7ee0961682ee5d,2,No Smell,0.1683,Vague / Missing Context,0.1655,Format Ambiguity,0.1531,Overloaded Prompt,0.0883,58,0.293
44d3b955c79c997c0131b7c4990839c1,1,Vague / Missing Context,0.2336,No Smell,0.1386,Format Ambiguity,0.1158,Formality / Audience Mismatch,0.0854,324,0.321
44d3b955c79c997c0131b7c4990839c1,2,No Smell,0.1445,Format Ambiguity,0.1232,Ambiguous References,0.1215,Overloaded Prompt,0.1040,419,0.362
44d3b955c79c997c0131b7c4990839c1,3,No Smell,0.1984,Vague / Missing Context,0.1328,Format Ambiguity,0.1275,Irrelevant / Excessive Persona,0.0825,113,0.294
44d3b955c79c997c0131b7c4990839c1,4,No Smell,0.1714,Format Ambiguity,0.1206,Ambiguous References,0.1184,Prompt Bloat / Convoluted Prompt,0.0948,218,0.296
44d3b955c79c997c0131b7c4990839c1,5,No Smell,0.1592,Unnecessary Repetition,0.1412,Ambiguous References,0.1131,Format Ambiguity,0.1055,361,0.317
44d3b955c79c997c0131b7c4990839c1,6,No Smell,0.1710,Format Ambiguity,0.1328,Ambiguous References,0.1038,Conflicting Constraints,0.1035,380,0.330
44d3b955c79c997c0131b7c4990839c1,7,No Smell,0.1554,Unnecessary Repetition,0.1545,Ambiguous References,0.1010,Conflicting Constraints,0.0994,21,0.293
44d3b955c79c997c0131b7c4990839c1,8,No Smell,0.1846,Ambiguous References,0.1168,Format Ambiguity,0.1143,Conflicting Constraints,0.0885,149,0.295
d65912ae471dffed009fb1ac360a84f5,1,Vague / Missing Context,0.1719,Format Ambiguity,0.1502,No Smell,0.1109,Overloaded Prompt,0.1042,2325,0.578
d65912ae471dffed009fb1ac360a84f5,2,Format Ambiguity,0.2087,No Smell,0.1539,Vague / Missing Context,0.1376,Overloaded Prompt,0.1010,42,0.292
d65912ae471dffed009fb1ac360a84f5,3,Format Ambiguity,0.1958,No Smell,0.1519,Vague / Missing Context,0.1312,Overloaded Prompt,0.1173,42,0.291
cebacd34ed76b23773b6a2db4505e54c,1,Vague / Missing Context,0.1240,Format Ambiguity,0.1201,Ambiguous References,0.1104,Prompt Bloat / Convoluted Prompt,0.1057,2869,0.565
34376502e5220e6797c7e4c90f37587e,1,No Smell,0.2074,Format Ambiguity,0.1165,Ambiguous References,0.0932,Irrelevant / Excessive Persona,0.0925,57,0.292
56459807252a73e8ac58b4cf25468ca8,1,No Smell,0.1607,Format Ambiguity,0.1481,Overloaded Prompt,0.1017,Irrelevant / Excessive Persona,0.0914,207,0.319
56459807252a73e8ac58b4cf25468ca8,2,No Smell,0.1943,Format Ambiguity,0.1433,Overloaded Prompt,0.0932,Irrelevant / Excessive Persona,0.0908,169,0.296
56459807252a73e8ac58b4cf25468ca8,3,No Smell,0.1837,Format Ambiguity,0.1538,Overloaded Prompt,0.0911,Irrelevant / Excessive Persona,0.0909,156,0.295
55d3249f94b2c1e3e9e38a7289f32649,3,No Smell,0.1599,Format Ambiguity,0.1410,Unnecessary Repetition,0.0965,Irrelevant / Excessive Persona,0.0954,34,0.292
55d3249f94b2c1e3e9e38a7289f32649,4,No Smell,0.1784,Overloaded Prompt,0.1482,Format Ambiguity,0.1192,Unnecessary Repetition,0.1025,2591,0.615
1733c027a122d8bfe53fabed7c7840e1,1,No Smell,0.1558,Format Ambiguity,0.1260,Vague / Missing Context,0.1244,Ambiguous References,0.1128,46,0.292
b731f06b0eb7b120ea7a79ed65076bd0,1,No Smell,0.1674,Vague / Missing Context,0.1330,Format Ambiguity,0.1247,Ambiguous References,0.1024,49,0.292
a882fd412453d0b7e06c50b7468613ba,1,Vague / Missing Context,0.1684,Format Ambiguity,0.1502,No Smell,0.1135,Overloaded Prompt,0.1044,2348,0.579
a882fd412453d0b7e06c50b7468613ba,2,Format Ambiguity,0.2087,No Smell,0.1539,Vague / Missing Context,0.1376,Overloaded Prompt,0.1010,42,0.292
a882fd412453d0b7e06c50b7468613ba,3,Format Ambiguity,0.1608,No Smell,0.1490,Vague / Missing Context,0.1345,Conflicting Constraints,0.0882,14,0.292
d317c4eee990cf80a0d8928c0d90f0a1,1,Format Ambiguity,0.1652,No Smell,0.1612,Overloaded Prompt,0.1176,Vague / Missing Context,0.1106,355,0.320
d317c4eee990cf80a0d8928c0d90f0a1,2,Format Ambiguity,0.1644,No Smell,0.1541,Overloaded Prompt,0.1268,Vague / Missing Context,0.1173,369,0.320
d317c4eee990cf80a0d8928c0d90f0a1,3,Format Ambiguity,0.1621,No Smell,0.1557,Overloaded Prompt,0.1249,Vague / Missing Context,0.1181,378,0.320
d317c4eee990cf80a0d8928c0d90f0a1,4,Format Ambiguity,0.1645,No Smell,0.1577,Vague / Missing Context,0.1179,Overloaded Prompt,0.1171,484,0.316
d317c4eee990cf80a0d8928c0d90f0a1,5,Format Ambiguity,0.1638,No Smell,0.1580,Overloaded Prompt,0.1181,Vague / Missing Context,0.1152,503,0.317
d317c4eee990cf80a0d8928c0d90f0a1,6,Format Ambiguity,0.1620,No Smell,0.1549,Overloaded Prompt,0.1237,Vague / Missing Context,0.1124,536,0.318
6339ec912a47a3e7c62fe47afe6c7934,1,No Smell,0.1808,Format Ambiguity,0.1671,Vague / Missing Context,0.1107,Overloaded Prompt,0.0857,64,0.293
6339ec912a47a3e7c62fe47afe6c7934,2,Format Ambiguity,0.1717,No Smell,0.1712,Vague / Missing Context,0.1145,Overloaded Prompt,0.1047,77,0.293
6339ec912a47a3e7c62fe47afe6c7934,3,No Smell,0.1981,Format Ambiguity,0.1581,Vague / Missing Context,0.1073,Overloaded Prompt,0.0865,73,0.293
6339ec912a47a3e7c62fe47afe6c7934,4,Vague / Missing Context,0.1817,Format Ambiguity,0.1687,No Smell,0.1343,Unnecessary Repetition,0.0786,103,0.293
6339ec912a47a3e7c62fe47afe6c7934,5,No Smell,0.1578,Format Ambiguity,0.1452,Vague / Missing Context,0.1257,Unnecessary Repetition,0.0805,69,0.293
6339ec912a47a3e7c62fe47afe6c7934,6,Format Ambiguity,0.1730,No Smell,0.1496,Vague / Missing Context,0.1294,Overloaded Prompt,0.0960,70,0.293
c720ddeee4370c528344c92da8d9ac42,1,No Smell,0.1376,Format Ambiguity,0.1307,Vague / Missing Context,0.1154,Overloaded Prompt,0.1037,413,0.317
c720ddeee4370c528344c92da8d9ac42,2,No Smell,0.1404,Format Ambiguity,0.1368,Overloaded Prompt,0.1153,Ambiguous References,0.1001,445,0.317
c720ddeee4370c528344c92da8d9ac42,3,No Smell,0.1347,Format Ambiguity,0.1335,Vague / Missing Context,0.1136,Overloaded Prompt,0.1078,461,0.317
c720ddeee4370c528344c92da8d9ac42,4,No Smell,0.1348,Format Ambiguity,0.1336,Overloaded Prompt,0.1085,Ambiguous References,0.1037,507,0.329
4e78a3a5e6ba06bf89fe7fb5b78cf731,1,Format Ambiguity,0.1710,No Smell,0.1697,Vague / Missing Context,0.1219,Overloaded Prompt,0.0861,64,0.293
4e78a3a5e6ba06bf89fe7fb5b78cf731,2,No Smell,0.1745,Format Ambiguity,0.1572,Vague / Missing Context,0.1270,Overloaded Prompt,0.0853,42,0.293
4e78a3a5e6ba06bf89fe7fb5b78cf731,3,No Smell,0.1743,Format Ambiguity,0.1682,Vague / Missing Context,0.1134,Overloaded Prompt,0.0963,89,0.293
4e78a3a5e6ba06bf89fe7fb5b78cf731,4,No Smell,0.1556,Format Ambiguity,0.1475,Vague / Missing Context,0.1245,Overloaded Prompt,0.0933,78,0.294
5021452989189b1ff82a664ea8c124fb,2,No Smell,0.2337,Format Ambiguity,0.1429,Vague / Missing Context,0.0917,Unnecessary Repetition,0.0861,77,0.293
5021452989189b1ff82a664ea8c124fb,3,No Smell,0.2224,Format Ambiguity,0.1247,Vague / Missing Context,0.1029,Overloaded Prompt,0.0870,120,0.293
0b19b1cb8f9deef46841275438dc4765,1,Vague / Missing Context,0.1702,Format Ambiguity,0.1414,No Smell,0.1125,Overloaded Prompt,0.1048,2534,0.562
0b19b1cb8f9deef46841275438dc4765,2,Format Ambiguity,0.2087,No Smell,0.1539,Vague / Missing Context,0.1376,Overloaded Prompt,0.1010,42,0.292
4ea618132c3dcf80a67b9cb8f5279205,1,Format Ambiguity,0.1810,No Smell,0.1736,Vague / Missing Context,0.1094,Formality / Audience Mismatch,0.0891,64,0.293
4ea618132c3dcf80a67b9cb8f5279205,2,No Smell,0.1742,Format Ambiguity,0.1674,Vague / Missing Context,0.1239,Overloaded Prompt,0.0870,39,0.294
4ea618132c3dcf80a67b9cb8f5279205,3,Format Ambiguity,0.1889,No Smell,0.1660,Vague / Missing Context,0.1171,Overloaded Prompt,0.0951,58,0.294
8535de3de8c94feb6cff4afb95782919,1,No Smell,0.2284,Format Ambiguity,0.1197,Unnecessary Repetition,0.1017,Vague / Missing Context,0.0841,77,0.294
8535de3de8c94feb6cff4afb95782919,2,No Smell,0.2417,Format Ambiguity,0.1106,Unnecessary Repetition,0.1044,Ambiguous References,0.0801,121,0.294
8535de3de8c94feb6cff4afb95782919,3,No Smell,0.2067,Ambiguous References,0.0971,Format Ambiguity,0.0953,Prompt Bloat / Convoluted Prompt,0.0922,2905,0.625
41a4f2940c03e1dd6816128196e6787c,1,No Smell,0.2224,Format Ambiguity,0.1247,Vague / Missing Context,0.1029,Overloaded Prompt,0.0870,120,0.294
41a4f2940c03e1dd6816128196e6787c,2,No Smell,0.2095,Format Ambiguity,0.1192,Vague / Missing Context,0.0954,Overloaded Prompt,0.0951,133,0.294
bd598ae526030b07d9eff9ab600b4cf7,1,Format Ambiguity,0.1656,No Smell,0.1554,Formality / Audience Mismatch,0.1128,Vague / Missing Context,0.1093,46,0.294
bd598ae526030b07d9eff9ab600b4cf7,2,No Smell,0.1606,Format Ambiguity,0.1571,Formality / Audience Mismatch,0.1568,Vague / Missing Context,0.1025,66,0.294
bd598ae526030b07d9eff9ab600b4cf7,3,No Smell,0.1654,Format Ambiguity,0.1631,Formality / Audience Mismatch,0.1265,Vague / Missing Context,0.1096,59,0.293
bd598ae526030b07d9eff9ab600b4cf7,4,Format Ambiguity,0.1562,No Smell,0.1562,Vague / Missing Context,0.1107,Formality / Audience Mismatch,0.1049,85,0.294
28555bb29b98b5dc33f22e96ef0d7b56,1,Vague / Missing Context,0.2079,No Smell,0.1398,Format Ambiguity,0.1159,Overloaded Prompt,0.0909,158,0.296
28555bb29b98b5dc33f22e96ef0d7b56,2,Overloaded Prompt,0.1293,No Smell,0.1289,Vague / Missing Context,0.1263,Format Ambiguity,0.1144,122,0.294
28555bb29b98b5dc33f22e96ef0d7b56,3,Overloaded Prompt,0.1619,Ambiguous References,0.1242,Vague / Missing Context,0.1111,Format Ambiguity,0.1100,235,0.296
28555bb29b98b5dc33f22e96ef0d7b56,4,Format Ambiguity,0.1985,No Smell,0.1655,Vague / Missing Context,0.1605,Unnecessary Repetition,0.0696,68,0.294
2bf363330a7638d9a0c7b1191c89d75f,1,Format Ambiguity,0.1576,No Smell,0.1411,Vague / Missing Context,0.1314,Ambiguous References,0.0839,743,0.378
475ad57dfe922dd98aca931f8c2a09f6,1,No Smell,0.1683,Format Ambiguity,0.1671,Vague / Missing Context,0.1192,Overloaded Prompt,0.0922,87,0.294
475ad57dfe922dd98aca931f8c2a09f6,2,Format Ambiguity,0.1834,No Smell,0.1633,Vague / Missing Context,0.1138,Overloaded Prompt,0.0877,39,0.294
475ad57dfe922dd98aca931f8c2a09f6,3,Format Ambiguity,0.1731,No Smell,0.1470,Vague / Missing Context,0.1262,Overloaded Prompt,0.0911,55,0.293
ef8c862ea5c5800d5c65b573254f7ed2,1,No Smell,0.1680,Format Ambiguity,0.1679,Vague / Missing Context,0.1237,Overloaded Prompt,0.0939,42,0.294
5afe5d488eec233bdf0f6ec8451178a5,1,No Smell,0.1636,Format Ambiguity,0.1224,Vague / Missing Context,0.1183,Ambiguous References,0.1083,61,0.293
5afe5d488eec233bdf0f6ec8451178a5,2,No Smell,0.1695,Format Ambiguity,0.1148,Ambiguous References,0.1102,Vague / Missing Context,0.1059,84,0.294
5afe5d488eec233bdf0f6ec8451178a5,3,No Smell,0.1582,Ambiguous References,0.1181,Format Ambiguity,0.1168,Vague / Missing Context,0.1104,73,0.294
5afe5d488eec233bdf0f6ec8451178a5,4,No Smell,0.1646,Format Ambiguity,0.1257,Ambiguous References,0.1183,Vague / Missing Context,0.1095,71,0.295
76e29925b2e582e984a3c1aea2d4081a,2,No Smell,0.1638,Format Ambiguity,0.1099,Ambiguous References,0.1038,Conflicting Constraints,0.1033,3547,0.965
76e29925b2e582e984a3c1aea2d4081a,3,No Smell,0.1484,Ambiguous References,0.1229,Format Ambiguity,0.1072,Unnecessary Repetition,0.0932,367,0.319
76e29925b2e582e984a3c1aea2d4081a,4,No Smell,0.1442,Format Ambiguity,0.1315,Ambiguous References,0.1216,Conflicting Constraints,0.1125,1043,0.453
6c326c2ea06711f6ca1f806b32ea3a5e,1,No Smell,0.1779,Format Ambiguity,0.1555,Vague / Missing Context,0.1373,Overloaded Prompt,0.0857,45,0.293
6c326c2ea06711f6ca1f806b32ea3a5e,2,No Smell,0.1989,Format Ambiguity,0.1633,Vague / Missing Context,0.1169,Overloaded Prompt,0.0886,55,0.294
6c326c2ea06711f6ca1f806b32ea3a5e,3,No Smell,0.1748,Format Ambiguity,0.1547,Vague / Missing Context,0.1171,Overloaded Prompt,0.0873,62,0.294
8ee0f9527e1b1ba8201316462acff0f7,1,Vague / Missing Context,0.1843,No Smell,0.1471,Format Ambiguity,0.1452,Overloaded Prompt,0.0809,44,0.294
1cdb6d242025f6de9100b3a80e595f4c,1,No Smell,0.1623,Format Ambiguity,0.1584,Vague / Missing Context,0.1289,Overloaded Prompt,0.0960,77,0.293
fb7b32b547e5eb8ee4090ec5866ace52,1,Vague / Missing Context,0.1664,Format Ambiguity,0.1385,No Smell,0.1124,Overloaded Prompt,0.1078,2554,0.563
fb7b32b547e5eb8ee4090ec5866ace52,2,Format Ambiguity,0.1865,Vague / Missing Context,0.1706,No Smell,0.1395,Overloaded Prompt,0.0840,53,0.293
fb7b32b547e5eb8ee4090ec5866ace52,3,Format Ambiguity,0.1623,Vague / Missing Context,0.1512,No Smell,0.1301,Unnecessary Repetition,0.0879,122,0.294
fb7b32b547e5eb8ee4090ec5866ace52,4,No Smell,0.1987,Format Ambiguity,0.1463,Vague / Missing Context,0.1314,Overloaded Prompt,0.0841,235,0.296
91e876ce2d80cf5eb7beae3c4efcbe66,1,No Smell,0.1619,Format Ambiguity,0.1420,Vague / Missing Context,0.1142,Conflicting Constraints,0.0856,39,0.293
d0d2e661936dd698804f79d34a9699e5,1,No Smell,0.1770,Vague / Missing Context,0.1438,Format Ambiguity,0.1346,Unnecessary Repetition,0.0849,59,0.294
660e8c9fb6103749c4ef086801e964c6,1,No Smell,0.1765,Unnecessary Repetition,0.1122,Format Ambiguity,0.1102,Ambiguous References,0.1060,416,0.362
eeb989073e7ab60321c993cafc533abb,1,No Smell,0.1534,Format Ambiguity,0.1344,Vague / Missing Context,0.1288,Ambiguous References,0.0907,48,0.293
eeb989073e7ab60321c993cafc533abb,2,Format Ambiguity,0.1606,No Smell,0.1496,Vague / Missing Context,0.1442,Overloaded Prompt,0.0847,47,0.294
86cc5905ec3863c9676e4c9b9751ac8c,1,No Smell,0.1524,Format Ambiguity,0.1275,Overloaded Prompt,0.1124,Vague / Missing Context,0.1038,416,0.316
86cc5905ec3863c9676e4c9b9751ac8c,2,No Smell,0.1531,Format Ambiguity,0.1315,Overloaded Prompt,0.1156,Ambiguous References,0.0974,442,0.317
86cc5905ec3863c9676e4c9b9751ac8c,3,No Smell,0.1354,Format Ambiguity,0.1336,Overloaded Prompt,0.1200,Ambiguous References,0.1035,473,0.318
86cc5905ec3863c9676e4c9b9751ac8c,4,No Smell,0.1491,Overloaded Prompt,0.1303,Format Ambiguity,0.1301,Ambiguous References,0.0931,463,0.317
86cc5905ec3863c9676e4c9b9751ac8c,5,No Smell,0.1529,Format Ambiguity,0.1241,Overloaded Prompt,0.1176,Unnecessary Repetition,0.0961,440,0.317
6711582e3c0b01bf1d23334ee57721dd,1,No Smell,0.2152,Format Ambiguity,0.1289,Overloaded Prompt,0.0976,Vague / Missing Context,0.0894,144,0.294
6711582e3c0b01bf1d23334ee57721dd,2,No Smell,0.1979,Format Ambiguity,0.1193,Vague / Missing Context,0.1069,Overloaded Prompt,0.0962,157,0.295
6711582e3c0b01bf1d23334ee57721dd,3,No Smell,0.1589,Vague / Missing Context,0.1300,Format Ambiguity,0.1230,Overloaded Prompt,0.1060,169,0.295
6711582e3c0b01bf1d23334ee57721dd,4,No Smell,0.1612,Vague / Missing Context,0.1320,Format Ambiguity,0.1249,Overloaded Prompt,0.1073,181,0.295
6711582e3c0b01bf1d23334ee57721dd,9,No Smell,0.1526,Vague / Missing Context,0.1353,Format Ambiguity,0.1311,Overloaded Prompt,0.0990,222,0.296
6711582e3c0b01bf1d23334ee57721dd,10,No Smell,0.1525,Vague / Missing Context,0.1374,Format Ambiguity,0.1327,Overloaded Prompt,0.0964,231,0.297
6711582e3c0b01bf1d23334ee57721dd,11,No Smell,0.1499,Format Ambiguity,0.1357,Vague / Missing Context,0.1291,Overloaded Prompt,0.1234,256,0.296
6711582e3c0b01bf1d23334ee57721dd,12,Vague / Missing Context,0.1371,No Smell,0.1331,Format Ambiguity,0.1196,Overloaded Prompt,0.1053,225,0.296
6711582e3c0b01bf1d23334ee57721dd,13,No Smell,0.1399,Format Ambiguity,0.1231,Vague / Missing Context,0.1212,Overloaded Prompt,0.1005,250,0.297
a6e7a10e4752376d2540f96510b04891,2,No Smell,0.1399,Format Ambiguity,0.1231,Vague / Missing Context,0.1212,Overloaded Prompt,0.1005,250,0.250
a6e7a10e4752376d2540f96510b04891,3,No Smell,0.1399,Format Ambiguity,0.1231,Vague / Missing Context,0.1212,Overloaded Prompt,0.1005,250,0.250
12ccc550a6b54b0419ff77997e5a545b,1,No Smell,0.1399,Format Ambiguity,0.1231,Vague / Missing Context,0.1212,Overloaded Prompt,0.1005,250,0.250
2013cd94425524db11d07d890cffca44,1,No Smell,0.1681,Format Ambiguity,0.1350,Vague / Missing Context,0.1149,Overloaded Prompt,0.1104,212,0.296
94094e5ba0e50d68d0cd19ae3b18d784,1,Vague / Missing Context,0.2114,No Smell,0.1390,Format Ambiguity,0.1220,Overloaded Prompt,0.0893,157,0.295
94094e5ba0e50d68d0cd19ae3b18d784,2,Overloaded Prompt,0.1332,Ambiguous References,0.1262,Vague / Missing Context,0.1186,Format Ambiguity,0.1099,316,0.322
94094e5ba0e50d68d0cd19ae3b18d784,3,Format Ambiguity,0.2065,No Smell,0.1574,Vague / Missing Context,0.1508,Overloaded Prompt,0.0817,71,0.295
0592b24b8bc84df4d9b0e29306d36554,1,No Smell,0.1802,Format Ambiguity,0.1602,Vague / Missing Context,0.1223,Overloaded Prompt,0.1028,31,0.293
b6c78eb91043e8f78757f1dfbdd8191c,1,Vague / Missing Context,0.1520,Format Ambiguity,0.1287,No Smell,0.1135,Overloaded Prompt,0.1113,3568,0.720
b6c78eb91043e8f78757f1dfbdd8191c,2,Format Ambiguity,0.2087,No Smell,0.1539,Vague / Missing Context,0.1376,Overloaded Prompt,0.1010,42,0.293
b6c78eb91043e8f78757f1dfbdd8191c,3,Format Ambiguity,0.1636,No Smell,0.1624,Vague / Missing Context,0.1448,Unnecessary Repetition,0.0786,151,0.295
b6c78eb91043e8f78757f1dfbdd8191c,4,No Smell,0.1389,Format Ambiguity,0.1317,Vague / Missing Context,0.1279,Ambiguous References,0.1215,589,0.363
b6c78eb91043e8f78757f1dfbdd8191c,5,No Smell,0.1651,Format Ambiguity,0.1559,Vague / Missing Context,0.1514,Unnecessary Repetition,0.0833,95,0.293
bffa6132aec65f26c6dd2042169f4847,1,No Smell,0.1726,Format Ambiguity,0.1333,Vague / Missing Context,0.1066,Unnecessary Repetition,0.0954,48,0.292
bffa6132aec65f26c6dd2042169f4847,2,No Smell,0.1582,Format Ambiguity,0.1418,Vague / Missing Context,0.1364,Overloaded Prompt,0.0915,49,0.293
bffa6132aec65f26c6dd2042169f4847,3,No Smell,0.1748,Format Ambiguity,0.1218,Vague / Missing Context,0.1129,Irrelevant / Excessive Persona,0.0892,67,0.294
32f372a25a9d5e8976ed714b4ba7d06f,1,Vague / Missing Context,0.1501,Format Ambiguity,0.1276,No Smell,0.1146,Overloaded Prompt,0.1123,3568,0.721
32f372a25a9d5e8976ed714b4ba7d06f,2,No Smell,0.1897,Format Ambiguity,0.1537,Vague / Missing Context,0.1424,Overloaded Prompt,0.0870,249,0.297
5def889dca13d5b2339239cc3c42b376,1,No Smell,0.1596,Vague / Missing Context,0.1134,Ambiguous References,0.1093,Format Ambiguity,0.1084,437,0.322
5def889dca13d5b2339239cc3c42b376,2,No Smell,0.1760,Format Ambiguity,0.1240,Vague / Missing Context,0.1165,Ambiguous References,0.1028,823,0.490
5def889dca13d5b2339239cc3c42b376,3,No Smell,0.1787,Format Ambiguity,0.1542,Vague / Missing Context,0.1006,Irrelevant / Excessive Persona,0.0852,1019,0.388
5def889dca13d5b2339239cc3c42b376,4,No Smell,0.1307,Format Ambiguity,0.1069,Vague / Missing Context,0.1066,Ambiguous References,0.1035,65,0.293
5def889dca13d5b2339239cc3c42b376,5,No Smell,0.1354,Format Ambiguity,0.1113,Unnecessary Repetition,0.1097,Ambiguous References,0.0996,165,0.295
5def889dca13d5b2339239cc3c42b376,6,Format Ambiguity,0.1288,No Smell,0.1237,Ambiguous References,0.1184,Vague / Missing Context,0.0982,106,0.294
5def889dca13d5b2339239cc3c42b376,7,No Smell,0.1785,Format Ambiguity,0.1130,Ambiguous References,0.0992,Overloaded Prompt,0.0982,522,0.317
5def889dca13d5b2339239cc3c42b376,8,No Smell,0.1873,Format Ambiguity,0.1242,Unnecessary Repetition,0.0988,Ambiguous References,0.0915,363,0.320
5def889dca13d5b2339239cc3c42b376,9,No Smell,0.1643,Format Ambiguity,0.1272,Vague / Missing Context,0.1149,Ambiguous References,0.1091,281,0.319
5def889dca13d5b2339239cc3c42b376,10,No Smell,0.1416,Vague / Missing Context,0.1124,Ambiguous References,0.1086,Format Ambiguity,0.1021,27,0.293
5def889dca13d5b2339239cc3c42b376,11,No Smell,0.1413,Format Ambiguity,0.1221,Vague / Missing Context,0.1184,Ambiguous References,0.1178,303,0.320
5def889dca13d5b2339239cc3c42b376,12,No Smell,0.1439,Vague / Missing Context,0.1274,Format Ambiguity,0.1239,Unnecessary Repetition,0.0977,19,0.293
5def889dca13d5b2339239cc3c42b376,13,No Smell,0.1575,Vague / Missing Context,0.1142,Unnecessary Repetition,0.1085,Format Ambiguity,0.1073,29,0.293
5def889dca13d5b2339239cc3c42b376,14,No Smell,0.1749,Format Ambiguity,0.1152,Vague / Missing Context,0.0958,Conflicting Constraints,0.0929,39,0.292
5def889dca13d5b2339239cc3c42b376,15,No Smell,0.1847,Format Ambiguity,0.1366,Ambiguous References,0.1095,Vague / Missing Context,0.1055,374,0.322
5def889dca13d5b2339239cc3c42b376,16,No Smell,0.1575,Vague / Missing Context,0.1142,Unnecessary Repetition,0.1085,Format Ambiguity,0.1073,29,0.249
5def889dca13d5b2339239cc3c42b376,17,No Smell,0.1573,Format Ambiguity,0.1202,Ambiguous References,0.1186,Vague / Missing Context,0.1037,431,0.323
5def889dca13d5b2339239cc3c42b376,18,No Smell,0.1613,Format Ambiguity,0.1180,Unnecessary Repetition,0.1025,Vague / Missing Context,0.0982,288,0.319
5def889dca13d5b2339239cc3c42b376,19,No Smell,0.1598,Format Ambiguity,0.1144,Unnecessary Repetition,0.1069,Vague / Missing Context,0.0986,32,0.292
5def889dca13d5b2339239cc3c42b376,20,No Smell,0.1341,Format Ambiguity,0.1135,Overloaded Prompt,0.1083,Vague / Missing Context,0.1020,409,0.322
5def889dca13d5b2339239cc3c42b376,21,No Smell,0.1352,Format Ambiguity,0.1314,Vague / Missing Context,0.1122,Ambiguous References,0.0927,362,0.323
5def889dca13d5b2339239cc3c42b376,22,Format Ambiguity,0.1297,No Smell,0.1175,Vague / Missing Context,0.1159,Prompt Bloat / Convoluted Prompt,0.1065,276,0.297
5def889dca13d5b2339239cc3c42b376,23,No Smell,0.1502,Format Ambiguity,0.1219,Vague / Missing Context,0.1140,Unnecessary Repetition,0.1031,63,0.293
5def889dca13d5b2339239cc3c42b376,24,No Smell,0.1428,Format Ambiguity,0.1187,Ambiguous References,0.1091,Unnecessary Repetition,0.1041,388,0.320
fa0f2acd924cbcee9ef0ec4e608a66e3,1,Format Ambiguity,0.1727,Vague / Missing Context,0.1559,No Smell,0.1334,Overloaded Prompt,0.1219,89,0.294
87316e2a9cf556cbb4e05390bd687557,1,No Smell,0.1594,Format Ambiguity,0.1491,Overloaded Prompt,0.1229,Irrelevant / Excessive Persona,0.0857,30,0.293
1824ad022e6a7f525e534ac2ba4368b6,3,No Smell,0.2252,Format Ambiguity,0.1201,Vague / Missing Context,0.0985,Irrelevant / Excessive Persona,0.0836,60,0.293
1824ad022e6a7f525e534ac2ba4368b6,4,No Smell,0.2059,Format Ambiguity,0.1216,Vague / Missing Context,0.1143,Irrelevant / Excessive Persona,0.0829,79,0.294
1824ad022e6a7f525e534ac2ba4368b6,6,No Smell,0.1727,Format Ambiguity,0.1378,Vague / Missing Context,0.1096,Conflicting Constraints,0.0908,108,0.294
1824ad022e6a7f525e534ac2ba4368b6,7,No Smell,0.1522,Format Ambiguity,0.1322,Vague / Missing Context,0.1272,Conflicting Constraints,0.0879,122,0.294
754ec183a77a3480e2b8a2eabda2611c,1,Vague / Missing Context,0.1501,Format Ambiguity,0.1276,No Smell,0.1146,Overloaded Prompt,0.1123,3568,0.720
754ec183a77a3480e2b8a2eabda2611c,2,No Smell,0.1951,Format Ambiguity,0.1629,Vague / Missing Context,0.1196,Overloaded Prompt,0.1048,277,0.319
754ec183a77a3480e2b8a2eabda2611c,3,No Smell,0.1826,Format Ambiguity,0.1670,Vague / Missing Context,0.1448,Unnecessary Repetition,0.0740,195,0.296
754ec183a77a3480e2b8a2eabda2611c,4,No Smell,0.1429,Format Ambiguity,0.1312,Vague / Missing Context,0.1261,Ambiguous References,0.1137,674,0.364
d57206c091667f615a1b767d12093ae1,1,No Smell,0.1579,Format Ambiguity,0.1367,Ambiguous References,0.1079,Vague / Missing Context,0.1071,447,0.363
d57206c091667f615a1b767d12093ae1,2,No Smell,0.2334,Format Ambiguity,0.1198,Unnecessary Repetition,0.1066,Vague / Missing Context,0.0936,55,0.293
d57206c091667f615a1b767d12093ae1,3,No Smell,0.2305,Format Ambiguity,0.1272,Vague / Missing Context,0.1076,Unnecessary Repetition,0.0972,57,0.294
d57206c091667f615a1b767d12093ae1,4,No Smell,0.2121,Format Ambiguity,0.1314,Vague / Missing Context,0.1116,Unnecessary Repetition,0.0932,69,0.294
d57206c091667f615a1b767d12093ae1,5,No Smell,0.2116,Format Ambiguity,0.1287,Vague / Missing Context,0.1171,Unnecessary Repetition,0.0931,70,0.294
d57206c091667f615a1b767d12093ae1,6,No Smell,0.2124,Format Ambiguity,0.1201,Unnecessary Repetition,0.1029,Vague / Missing Context,0.1005,54,0.293
d57206c091667f615a1b767d12093ae1,7,No Smell,0.2151,Format Ambiguity,0.1250,Vague / Missing Context,0.1117,Unnecessary Repetition,0.0954,56,0.293
d57206c091667f615a1b767d12093ae1,8,No Smell,0.2121,Format Ambiguity,0.1314,Vague / Missing Context,0.1116,Unnecessary Repetition,0.0932,69,0.249
d57206c091667f615a1b767d12093ae1,9,No Smell,0.1984,Format Ambiguity,0.1304,Vague / Missing Context,0.1168,Unnecessary Repetition,0.0906,68,0.293
d57206c091667f615a1b767d12093ae1,10,No Smell,0.2009,Format Ambiguity,0.1242,Vague / Missing Context,0.1186,Unnecessary Repetition,0.0936,69,0.293
5a6459fd34f4e3ec451974a1520ef331,1,Format Ambiguity,0.1687,No Smell,0.1589,Vague / Missing Context,0.1250,Irrelevant / Excessive Persona,0.1017,138,0.294
5a6459fd34f4e3ec451974a1520ef331,2,Vague / Missing Context,0.1450,Format Ambiguity,0.1425,No Smell,0.0996,Overloaded Prompt,0.0924,37,0.293
73c1a9ec821e7e197d74fdd9553dfc2a,1,No Smell,0.1958,Prompt Bloat / Convoluted Prompt,0.1028,Ambiguous References,0.0964,Format Ambiguity,0.0904,3361,0.649
73c1a9ec821e7e197d74fdd9553dfc2a,2,No Smell,0.1818,Ambiguous References,0.1180,Format Ambiguity,0.1105,Conflicting Constraints,0.0980,45,0.293
73c1a9ec821e7e197d74fdd9553dfc2a,3,No Smell,0.2448,Format Ambiguity,0.1011,Unnecessary Repetition,0.0898,Ambiguous References,0.0861,45,0.293
73c1a9ec821e7e197d74fdd9553dfc2a,4,No Smell,0.2414,Format Ambiguity,0.1147,Unnecessary Repetition,0.0907,Vague / Missing Context,0.0847,54,0.293
73c1a9ec821e7e197d74fdd9553dfc2a,5,No Smell,0.1895,Format Ambiguity,0.1112,Ambiguous References,0.1037,Vague / Missing Context,0.0976,59,0.293
73c1a9ec821e7e197d74fdd9553dfc2a,6,No Smell,0.1863,Format Ambiguity,0.1149,Prompt Bloat / Convoluted Prompt,0.0959,Ambiguous References,0.0903,4000,0.712
58bf174c15b9a61f4f38b6715481d72a,1,No Smell,0.1758,Format Ambiguity,0.1296,Vague / Missing Context,0.1040,Bias / Loaded Framing,0.0933,87,0.293
58bf174c15b9a61f4f38b6715481d72a,3,No Smell,0.1556,Vague / Missing Context,0.1220,Format Ambiguity,0.1195,Bias / Loaded Framing,0.0896,45,0.294
87d8f1cd48b8e7965975cf56d216e34a,1,Vague / Missing Context,0.1501,Format Ambiguity,0.1276,No Smell,0.1146,Overloaded Prompt,0.1123,3568,0.720
87d8f1cd48b8e7965975cf56d216e34a,2,No Smell,0.1951,Format Ambiguity,0.1629,Vague / Missing Context,0.1196,Overloaded Prompt,0.1048,277,0.320
87d8f1cd48b8e7965975cf56d216e34a,3,No Smell,0.1528,Format Ambiguity,0.1407,Vague / Missing Context,0.1316,Ambiguous References,0.1002,800,0.381
7872167d83bd6290a974e1efdedb2b65,1,No Smell,0.1482,Format Ambiguity,0.1313,Vague / Missing Context,0.1094,Irrelevant / Excessive Persona,0.0985,40,0.293
7872167d83bd6290a974e1efdedb2b65,2,Vague / Missing Context,0.2309,Format Ambiguity,0.1522,No Smell,0.1318,Ambiguous References,0.0801,142,0.295
7872167d83bd6290a974e1efdedb2b65,3,No Smell,0.1536,Format Ambiguity,0.1226,Vague / Missing Context,0.1200,Irrelevant / Excessive Persona,0.1017,20,0.293
7872167d83bd6290a974e1efdedb2b65,4,No Smell,0.1507,Format Ambiguity,0.1451,Vague / Missing Context,0.1165,Unnecessary Repetition,0.1058,5,0.292
7872167d83bd6290a974e1efdedb2b65,5,No Smell,0.1652,Format Ambiguity,0.1164,Vague / Missing Context,0.1129,Unnecessary Repetition,0.0995,11,0.292
7872167d83bd6290a974e1efdedb2b65,6,No Smell,0.1907,Format Ambiguity,0.1275,Vague / Missing Context,0.1218,Unnecessary Repetition,0.1000,14,0.293
5b8fb38fc18584709e11403b3d8eb6eb,1,No Smell,0.2226,Format Ambiguity,0.1517,Overloaded Prompt,0.0890,Prompt Bloat / Convoluted Prompt,0.0888,2088,0.616
9c5c9afd8bddb9e1fefd1517cbf881b0,3,Format Ambiguity,0.1504,No Smell,0.1468,Unnecessary Repetition,0.1190,Conflicting Constraints,0.1106,7,0.293
9c5c9afd8bddb9e1fefd1517cbf881b0,4,Format Ambiguity,0.1758,No Smell,0.1527,Unnecessary Repetition,0.0983,Conflicting Constraints,0.0945,19,0.293
2aef14f14769ecb728d76bb4947943f7,1,No Smell,0.1500,Format Ambiguity,0.1139,Conflicting Constraints,0.1094,Ambiguous References,0.1085,171,0.296
970bd8fb2cb0076848fb152b15becb6e,1,No Smell,0.1525,Conflicting Constraints,0.1248,Format Ambiguity,0.1139,Ambiguous References,0.1046,195,0.296
bab13d84d7d2e053c9feee7a31db4b77,1,No Smell,0.1525,Conflicting Constraints,0.1248,Format Ambiguity,0.1139,Ambiguous References,0.1046,195,0.249
e5d9c89c2c336e4bfaeeb420eb439391,1,No Smell,0.1931,Format Ambiguity,0.1257,Vague / Missing Context,0.1171,Conflicting Constraints,0.0933,35,0.294
36815bb5e872da05bf6d61100ae0e472,3,No Smell,0.1902,Format Ambiguity,0.1437,Vague / Missing Context,0.1096,Unnecessary Repetition,0.0869,51,0.294
36815bb5e872da05bf6d61100ae0e472,4,No Smell,0.1590,Format Ambiguity,0.1213,Vague / Missing Context,0.1188,Conflicting Constraints,0.1013,33,0.293
0b82001902668cf0a0e6d01e379ddf76,1,No Smell,0.1397,Format Ambiguity,0.1233,Overloaded Prompt,0.1154,Ambiguous References,0.1103,514,0.330
0b82001902668cf0a0e6d01e379ddf76,2,No Smell,0.1459,Format Ambiguity,0.1196,Overloaded Prompt,0.1194,Ambiguous References,0.1021,546,0.363
0b82001902668cf0a0e6d01e379ddf76,3,No Smell,0.1511,Format Ambiguity,0.1279,Overloaded Prompt,0.1236,Ambiguous References,0.0987,557,0.362
0b82001902668cf0a0e6d01e379ddf76,4,No Smell,0.1418,Format Ambiguity,0.1304,Overloaded Prompt,0.1122,Ambiguous References,0.1096,470,0.318
0b82001902668cf0a0e6d01e379ddf76,5,No Smell,0.1409,Format Ambiguity,0.1234,Overloaded Prompt,0.1229,Ambiguous References,0.1072,497,0.330
0b82001902668cf0a0e6d01e379ddf76,6,No Smell,0.1507,Format Ambiguity,0.1212,Ambiguous References,0.1082,Overloaded Prompt,0.1031,410,0.316
0b82001902668cf0a0e6d01e379ddf76,7,No Smell,0.1372,Format Ambiguity,0.1230,Ambiguous References,0.1143,Overloaded Prompt,0.1086,491,0.330
0b82001902668cf0a0e6d01e379ddf76,8,No Smell,0.1390,Format Ambiguity,0.1220,Ambiguous References,0.1121,Overloaded Prompt,0.1109,413,0.317
0b82001902668cf0a0e6d01e379ddf76,9,No Smell,0.1430,Format Ambiguity,0.1269,Overloaded Prompt,0.1188,Ambiguous References,0.1026,463,0.318
0b82001902668cf0a0e6d01e379ddf76,10,No Smell,0.1463,Format Ambiguity,0.1231,Ambiguous References,0.1077,Overloaded Prompt,0.1074,411,0.316
0b82001902668cf0a0e6d01e379ddf76,11,No Smell,0.1415,Format Ambiguity,0.1235,Overloaded Prompt,0.1183,Ambiguous References,0.1051,445,0.318
0b82001902668cf0a0e6d01e379ddf76,12,No Smell,0.1464,Format Ambiguity,0.1254,Overloaded Prompt,0.1112,Ambiguous References,0.1042,473,0.319
0b82001902668cf0a0e6d01e379ddf76,13,No Smell,0.1412,Overloaded Prompt,0.1257,Format Ambiguity,0.1230,Ambiguous References,0.1011,579,0.363
37a778978bee38f2f66753ad3a95d4cb,1,No Smell,0.1525,Conflicting Constraints,0.1248,Format Ambiguity,0.1139,Ambiguous References,0.1046,195,0.296
37a778978bee38f2f66753ad3a95d4cb,2,No Smell,0.1511,Ambiguous References,0.1111,Vague / Missing Context,0.1107,Format Ambiguity,0.1098,43,0.294
0679145c86eafed4381c8c2adfc1db6b,1,No Smell,0.1829,Format Ambiguity,0.1389,Vague / Missing Context,0.1142,Ambiguous References,0.0967,181,0.296
0679145c86eafed4381c8c2adfc1db6b,2,Vague / Missing Context,0.1470,No Smell,0.1254,Format Ambiguity,0.1199,Conflicting Constraints,0.0929,135,0.295
0679145c86eafed4381c8c2adfc1db6b,3,No Smell,0.1710,Vague / Missing Context,0.1390,Format Ambiguity,0.1295,Irrelevant / Excessive Persona,0.0914,293,0.319
640f0d13a91e4a39607f816d2a5d8ac1,1,No Smell,0.1644,Format Ambiguity,0.1190,Vague / Missing Context,0.1144,Conflicting Constraints,0.0895,39,0.293
640f0d13a91e4a39607f816d2a5d8ac1,2,No Smell,0.1499,Format Ambiguity,0.1306,Vague / Missing Context,0.1205,Overloaded Prompt,0.0947,63,0.294
640f0d13a91e4a39607f816d2a5d8ac1,3,No Smell,0.1882,Format Ambiguity,0.1524,Vague / Missing Context,0.0949,Unnecessary Repetition,0.0904,61,0.294
f90c28a8e858ec25cad07494f90f0312,1,Conflicting Constraints,0.1341,Format Ambiguity,0.1161,No Smell,0.1121,Prompt Bloat / Convoluted Prompt,0.1100,3906,0.655
ba31c67eab212b85a7335fff189e7973,1,Conflicting Constraints,0.1341,Format Ambiguity,0.1161,No Smell,0.1121,Prompt Bloat / Convoluted Prompt,0.1100,3906,0.260
b70cc39a9f4693585a17231ccdc67028,1,No Smell,0.1931,Format Ambiguity,0.1257,Vague / Missing Context,0.1171,Conflicting Constraints,0.0933,35,0.295
d73365358aa19db49110a1ac80891529,1,No Smell,0.1525,Conflicting Constraints,0.1248,Format Ambiguity,0.1139,Ambiguous References,0.1046,195,0.296
d73365358aa19db49110a1ac80891529,2,No Smell,0.1803,Format Ambiguity,0.1213,Ambiguous References,0.1140,Vague / Missing Context,0.0970,87,0.294
d73365358aa19db49110a1ac80891529,3,No Smell,0.1356,Ambiguous References,0.1317,Format Ambiguity,0.1088,Conflicting Constraints,0.1057,69,0.294
d9152ae073af70cdd1057725a282daaa,1,No Smell,0.1436,Formality / Audience Mismatch,0.1253,Format Ambiguity,0.1135,Vague / Missing Context,0.1025,99,0.293
d9152ae073af70cdd1057725a282daaa,2,No Smell,0.1739,Vague / Missing Context,0.1252,Format Ambiguity,0.1213,Unnecessary Repetition,0.0876,27,0.294
3f3cced9121db005d31770a19c35fb76,1,No Smell,0.2163,Format Ambiguity,0.1499,Vague / Missing Context,0.0927,Ambiguous References,0.0861,139,0.295
3f3cced9121db005d31770a19c35fb76,3,No Smell,0.2061,Format Ambiguity,0.1103,Vague / Missing Context,0.0996,Ambiguous References,0.0990,82,0.294
3f3cced9121db005d31770a19c35fb76,5,Vague / Missing Context,0.3015,No Smell,0.1641,Format Ambiguity,0.1310,Unnecessary Repetition,0.0613,26,0.293
3f3cced9121db005d31770a19c35fb76,6,No Smell,0.1775,Format Ambiguity,0.1185,Conflicting Constraints,0.0908,Unnecessary Repetition,0.0896,68,0.294
4bad63ddfa7df0c38b53934875b9da95,1,Conflicting Constraints,0.1341,Format Ambiguity,0.1161,No Smell,0.1121,Prompt Bloat / Convoluted Prompt,0.1100,3906,0.654
f0734a866c1508dec088c39cdbc1c0d1,1,Format Ambiguity,0.1919,No Smell,0.1787,Vague / Missing Context,0.1056,Overloaded Prompt,0.0985,30,0.292
877299361509f184966262432a6a74c6,2,No Smell,0.1667,Format Ambiguity,0.1267,Vague / Missing Context,0.1141,Overloaded Prompt,0.0901,48,0.294
564633a85f0db6ce6c09e3ad43657bf8,1,No Smell,0.2460,Format Ambiguity,0.1087,Unnecessary Repetition,0.0985,Vague / Missing Context,0.0824,34,0.293
564633a85f0db6ce6c09e3ad43657bf8,2,No Smell,0.2327,Format Ambiguity,0.1059,Unnecessary Repetition,0.1026,Vague / Missing Context,0.0834,46,0.293
564633a85f0db6ce6c09e3ad43657bf8,3,No Smell,0.1809,Format Ambiguity,0.1181,Ambiguous References,0.1069,Prompt Bloat / Convoluted Prompt,0.1006,3733,0.711
564633a85f0db6ce6c09e3ad43657bf8,4,No Smell,0.1606,Format Ambiguity,0.1398,Vague / Missing Context,0.0981,Ambiguous References,0.0907,3741,0.712
564633a85f0db6ce6c09e3ad43657bf8,5,No Smell,0.1665,Format Ambiguity,0.1423,Vague / Missing Context,0.0959,Prompt Bloat / Convoluted Prompt,0.0888,3569,0.718
564633a85f0db6ce6c09e3ad43657bf8,6,No Smell,0.1629,Format Ambiguity,0.1465,Vague / Missing Context,0.0958,Prompt Bloat / Convoluted Prompt,0.0897,3432,0.655
44a17305e231e4f6631c8e8a13c63bd2,2,Ambiguous References,0.2768,Format Ambiguity,0.1328,No Smell,0.1201,Irrelevant / Excessive Persona,0.1079,11,0.293
9d2bcfd66762688d0ce6f0835c3b74c4,1,Vague / Missing Context,0.1624,No Smell,0.1581,Format Ambiguity,0.1127,Ambiguous References,0.0865,36,0.293
9d2bcfd66762688d0ce6f0835c3b74c4,2,No Smell,0.1762,Vague / Missing Context,0.1430,Format Ambiguity,0.1112,Ambiguous References,0.0893,37,0.293
f250a786774d99aedd78a9e181ccb869,1,No Smell,0.1959,Format Ambiguity,0.1708,Vague / Missing Context,0.1239,Unnecessary Repetition,0.0795,43,0.294
f250a786774d99aedd78a9e181ccb869,2,No Smell,0.1789,Format Ambiguity,0.1741,Vague / Missing Context,0.1271,Overloaded Prompt,0.0844,44,0.294
ff414d72e01e142041fe47d746b85017,1,No Smell,0.1874,Ambiguous References,0.1121,Format Ambiguity,0.1046,Vague / Missing Context,0.0985,39,0.293
ff414d72e01e142041fe47d746b85017,2,No Smell,0.1766,Vague / Missing Context,0.1330,Format Ambiguity,0.1287,Ambiguous References,0.1044,174,0.295
ff414d72e01e142041fe47d746b85017,3,No Smell,0.1812,Format Ambiguity,0.1411,Vague / Missing Context,0.1381,Ambiguous References,0.0979,42,0.294
ff414d72e01e142041fe47d746b85017,4,No Smell,0.1877,Format Ambiguity,0.1148,Ambiguous References,0.1046,Unnecessary Repetition,0.0947,81,0.295
ff414d72e01e142041fe47d746b85017,5,No Smell,0.1646,Ambiguous References,0.1121,Format Ambiguity,0.1119,Vague / Missing Context,0.1030,45,0.293
ff414d72e01e142041fe47d746b85017,6,No Smell,0.2342,Format Ambiguity,0.1196,Vague / Missing Context,0.1079,Overloaded Prompt,0.0832,29,0.293
ff414d72e01e142041fe47d746b85017,7,No Smell,0.1834,Format Ambiguity,0.1098,Ambiguous References,0.1066,Unnecessary Repetition,0.0932,47,0.293
ff414d72e01e142041fe47d746b85017,8,No Smell,0.1592,Ambiguous References,0.1220,Format Ambiguity,0.1126,Unnecessary Repetition,0.1098,138,0.294
ff414d72e01e142041fe47d746b85017,9,No Smell,0.1811,Format Ambiguity,0.1241,Vague / Missing Context,0.1113,Conflicting Constraints,0.0976,44,0.293
ff414d72e01e142041fe47d746b85017,10,No Smell,0.1936,Format Ambiguity,0.1419,Vague / Missing Context,0.1246,Conflicting Constraints,0.0826,40,0.294
ff414d72e01e142041fe47d746b85017,11,No Smell,0.1720,Format Ambiguity,0.1212,Ambiguous References,0.1014,Vague / Missing Context,0.0938,71,0.294
ff414d72e01e142041fe47d746b85017,12,No Smell,0.2095,Format Ambiguity,0.1130,Ambiguous References,0.1010,Unnecessary Repetition,0.0920,46,0.292
ff414d72e01e142041fe47d746b85017,13,No Smell,0.1936,Format Ambiguity,0.1471,Vague / Missing Context,0.1129,Unnecessary Repetition,0.0811,108,0.293
ff414d72e01e142041fe47d746b85017,14,No Smell,0.1901,Format Ambiguity,0.1345,Vague / Missing Context,0.1110,Conflicting Constraints,0.0857,103,0.294
0bcb1174bade23d2177888fd0f6ee68c,1,Format Ambiguity,0.1796,No Smell,0.1722,Vague / Missing Context,0.1266,Overloaded Prompt,0.0792,42,0.293
6c873d849a2a29baa22902594c8d383b,1,No Smell,0.1473,Format Ambiguity,0.1224,Overloaded Prompt,0.1151,Ambiguous References,0.1049,536,0.362
150fc9da76273154140e6a099db5c006,1,No Smell,0.1663,Format Ambiguity,0.1488,Vague / Missing Context,0.1434,Unnecessary Repetition,0.0812,53,0.293
150fc9da76273154140e6a099db5c006,2,Format Ambiguity,0.1610,No Smell,0.1600,Vague / Missing Context,0.1274,Conflicting Constraints,0.0857,14,0.293
ef0a1032946c9fca3ac7d8e130d84c27,1,Format Ambiguity,0.1692,No Smell,0.1633,Vague / Missing Context,0.1428,Overloaded Prompt,0.0875,43,0.293
ef0a1032946c9fca3ac7d8e130d84c27,2,Format Ambiguity,0.1777,No Smell,0.1699,Vague / Missing Context,0.1271,Overloaded Prompt,0.0891,43,0.294
ef0a1032946c9fca3ac7d8e130d84c27,3,Format Ambiguity,0.1789,No Smell,0.1684,Vague / Missing Context,0.1255,Overloaded Prompt,0.0888,46,0.294
ef0a1032946c9fca3ac7d8e130d84c27,4,No Smell,0.1748,Format Ambiguity,0.1724,Vague / Missing Context,0.1245,Overloaded Prompt,0.0867,43,0.293
5a4be8ebb61e3f462194db8c859279ed,1,No Smell,0.2188,Format Ambiguity,0.1307,Vague / Missing Context,0.1108,Ambiguous References,0.0859,57,0.293
5a4be8ebb61e3f462194db8c859279ed,2,No Smell,0.2117,Format Ambiguity,0.1286,Vague / Missing Context,0.1128,Ambiguous References,0.0882,66,0.294
19cdefdc0907c84cfd467e5d04d22e3a,1,Vague / Missing Context,0.2116,Format Ambiguity,0.1590,No Smell,0.1142,Overloaded Prompt,0.0856,362,0.323
19cdefdc0907c84cfd467e5d04d22e3a,2,Format Ambiguity,0.1865,Vague / Missing Context,0.1706,No Smell,0.1395,Overloaded Prompt,0.0840,53,0.293
19cdefdc0907c84cfd467e5d04d22e3a,3,Format Ambiguity,0.1608,No Smell,0.1490,Vague / Missing Context,0.1345,Conflicting Constraints,0.0882,14,0.293
02f52eb11792b601ddb6786bba4a8b00,1,No Smell,0.1737,Format Ambiguity,0.1663,Vague / Missing Context,0.1210,Overloaded Prompt,0.0908,55,0.294
702182195e37c96e5efc3a5074027dd5,1,No Smell,0.2267,Format Ambiguity,0.1546,Bias / Loaded Framing,0.0863,Unnecessary Repetition,0.0836,108,0.294
7110c8fa0797a9744e1ad1696cc23cf8,1,No Smell,0.1692,Format Ambiguity,0.1652,Vague / Missing Context,0.1248,Overloaded Prompt,0.0973,63,0.293
7110c8fa0797a9744e1ad1696cc23cf8,2,Format Ambiguity,0.1717,No Smell,0.1576,Vague / Missing Context,0.1224,Overloaded Prompt,0.1046,61,0.294
1b5c99bbabc433cba8a0805d096841e0,1,Format Ambiguity,0.1681,No Smell,0.1582,Vague / Missing Context,0.1423,Overloaded Prompt,0.0914,69,0.293
1b5c99bbabc433cba8a0805d096841e0,2,No Smell,0.1909,Format Ambiguity,0.1714,Vague / Missing Context,0.1268,Overloaded Prompt,0.0823,105,0.293
1b5c99bbabc433cba8a0805d096841e0,3,Format Ambiguity,0.1812,No Smell,0.1795,Vague / Missing Context,0.1250,Overloaded Prompt,0.0892,39,0.293
0368d8e6015545ac481b1b1fdce3c17c,1,No Smell,0.1751,Format Ambiguity,0.1343,Vague / Missing Context,0.1008,Prompt Bloat / Convoluted Prompt,0.0931,4000,0.711
0368d8e6015545ac481b1b1fdce3c17c,3,No Smell,0.1829,Format Ambiguity,0.1153,Vague / Missing Context,0.0955,Unnecessary Repetition,0.0920,38,0.293
e309dade97d29a0bc6accc6e7e709489,1,Format Ambiguity,0.1724,No Smell,0.1591,Vague / Missing Context,0.1443,Overloaded Prompt,0.0855,78,0.293
e309dade97d29a0bc6accc6e7e709489,2,Format Ambiguity,0.1637,No Smell,0.1498,Vague / Missing Context,0.1404,Overloaded Prompt,0.0958,57,0.293
e309dade97d29a0bc6accc6e7e709489,3,Format Ambiguity,0.1585,No Smell,0.1473,Vague / Missing Context,0.1269,Overloaded Prompt,0.1007,44,0.293
1d42fc0c11155448a59a02255dc67533,1,Format Ambiguity,0.1639,No Smell,0.1604,Ambiguous References,0.1177,Vague / Missing Context,0.0995,94,0.293
7467aa9c23503ae9f4f18ce391309465,1,No Smell,0.1583,Format Ambiguity,0.1352,Ambiguous References,0.1111,Vague / Missing Context,0.0911,459,0.317
7467aa9c23503ae9f4f18ce391309465,2,No Smell,0.1563,Format Ambiguity,0.1395,Ambiguous References,0.1162,Vague / Missing Context,0.0905,458,0.318
7467aa9c23503ae9f4f18ce391309465,3,No Smell,0.1528,Format Ambiguity,0.1407,Ambiguous References,0.1143,Vague / Missing Context,0.0918,458,0.317
7467aa9c23503ae9f4f18ce391309465,4,No Smell,0.1536,Format Ambiguity,0.1414,Ambiguous References,0.1127,Vague / Missing Context,0.0903,458,0.317
7467aa9c23503ae9f4f18ce391309465,5,No Smell,0.1560,Format Ambiguity,0.1391,Ambiguous References,0.1141,Prompt Bloat / Convoluted Prompt,0.0899,458,0.317
7467aa9c23503ae9f4f18ce391309465,6,No Smell,0.1519,Format Ambiguity,0.1387,Ambiguous References,0.1133,Vague / Missing Context,0.0911,458,0.317
7467aa9c23503ae9f4f18ce391309465,7,No Smell,0.1502,Format Ambiguity,0.1411,Ambiguous References,0.1153,Vague / Missing Context,0.0919,458,0.317
7467aa9c23503ae9f4f18ce391309465,8,No Smell,0.1507,Format Ambiguity,0.1382,Ambiguous References,0.1185,Prompt Bloat / Convoluted Prompt,0.0911,458,0.317
7467aa9c23503ae9f4f18ce391309465,9,No Smell,0.1504,Format Ambiguity,0.1427,Ambiguous References,0.1161,Prompt Bloat / Convoluted Prompt,0.0909,458,0.318
7467aa9c23503ae9f4f18ce391309465,10,No Smell,0.1543,Format Ambiguity,0.1380,Ambiguous References,0.1150,Prompt Bloat / Convoluted Prompt,0.0905,458,0.318
7467aa9c23503ae9f4f18ce391309465,11,No Smell,0.1487,Format Ambiguity,0.1404,Ambiguous References,0.1169,Prompt Bloat / Convoluted Prompt,0.0918,458,0.318
79f083954c3c62925a94bffc301c841b,2,Format Ambiguity,0.1887,No Smell,0.1355,Vague / Missing Context,0.1332,Overloaded Prompt,0.1214,20,0.293
79f083954c3c62925a94bffc301c841b,3,Format Ambiguity,0.2257,No Smell,0.2195,Irrelevant / Excessive Persona,0.0984,Ambiguous References,0.0771,37,0.292
f23af18d88c21718def6d26a1d1a0683,1,No Smell,0.1464,Format Ambiguity,0.1430,Ambiguous References,0.1080,Prompt Bloat / Convoluted Prompt,0.0913,452,0.317
f23af18d88c21718def6d26a1d1a0683,2,No Smell,0.1460,Format Ambiguity,0.1436,Ambiguous References,0.1087,Prompt Bloat / Convoluted Prompt,0.0917,452,0.317
f23af18d88c21718def6d26a1d1a0683,3,No Smell,0.1480,Format Ambiguity,0.1455,Ambiguous References,0.1069,Prompt Bloat / Convoluted Prompt,0.0921,452,0.317
f23af18d88c21718def6d26a1d1a0683,4,No Smell,0.1475,Format Ambiguity,0.1459,Ambiguous References,0.1060,Prompt Bloat / Convoluted Prompt,0.0920,452,0.317
f23af18d88c21718def6d26a1d1a0683,5,No Smell,0.1490,Format Ambiguity,0.1425,Ambiguous References,0.1078,Prompt Bloat / Convoluted Prompt,0.0919,452,0.317
f23af18d88c21718def6d26a1d1a0683,6,No Smell,0.1491,Format Ambiguity,0.1457,Ambiguous References,0.1073,Prompt Bloat / Convoluted Prompt,0.0921,452,0.317
f23af18d88c21718def6d26a1d1a0683,7,No Smell,0.1467,Format Ambiguity,0.1442,Ambiguous References,0.1079,Prompt Bloat / Convoluted Prompt,0.0920,452,0.317
f23af18d88c21718def6d26a1d1a0683,8,No Smell,0.1464,Format Ambiguity,0.1432,Ambiguous References,0.1097,Prompt Bloat / Convoluted Prompt,0.0937,452,0.317
120df3e3fd35562e02a65fbd921ef7bf,1,Ambiguous References,0.1362,No Smell,0.1360,Format Ambiguity,0.1247,Vague / Missing Context,0.1222,3316,0.717
dbf9c02a91a9c4bae7bcef7a2958d89f,1,No Smell,0.1722,Format Ambiguity,0.1435,Vague / Missing Context,0.1294,Ambiguous References,0.1052,93,0.294
ed2c54a02c754f98d59974ed63a87575,2,No Smell,0.2234,Vague / Missing Context,0.1603,Format Ambiguity,0.1520,Conflicting Constraints,0.0901,88,0.293
ed2c54a02c754f98d59974ed63a87575,3,No Smell,0.1635,Vague / Missing Context,0.1528,Format Ambiguity,0.1357,Unnecessary Repetition,0.0890,19,0.293
ed2c54a02c754f98d59974ed63a87575,4,No Smell,0.1511,Ambiguous References,0.1185,Format Ambiguity,0.1134,Unnecessary Repetition,0.1043,11,0.293
88f174a27ddc6ef33b768e86d472c6ce,5,No Smell,0.2003,Format Ambiguity,0.1140,Vague / Missing Context,0.1037,Ambiguous References,0.0978,100,0.294
88f174a27ddc6ef33b768e86d472c6ce,8,No Smell,0.2152,Vague / Missing Context,0.1155,Format Ambiguity,0.1114,Ambiguous References,0.1079,325,0.320
88f174a27ddc6ef33b768e86d472c6ce,9,Formality / Audience Mismatch,0.1643,No Smell,0.1273,Format Ambiguity,0.1144,Vague / Missing Context,0.0972,45,0.292
88f174a27ddc6ef33b768e86d472c6ce,10,No Smell,0.2411,Format Ambiguity,0.1009,Unnecessary Repetition,0.0980,Ambiguous References,0.0922,135,0.295
135735aa869f4101d4f057aa020d0d8c,1,No Smell,0.1635,Format Ambiguity,0.1379,Vague / Missing Context,0.1001,Ambiguous References,0.0909,4000,0.721
135735aa869f4101d4f057aa020d0d8c,2,No Smell,0.1541,Format Ambiguity,0.1370,Vague / Missing Context,0.1025,Unnecessary Repetition,0.0931,3194,0.694
135735aa869f4101d4f057aa020d0d8c,3,No Smell,0.2297,Format Ambiguity,0.1073,Unnecessary Repetition,0.0906,Prompt Bloat / Convoluted Prompt,0.0848,3384,0.690
00b6685d1bbd7ddcfbd982df2b58c5ec,1,Format Ambiguity,0.2054,No Smell,0.1750,Overloaded Prompt,0.1111,Vague / Missing Context,0.1055,120,0.294
1528265790057450d549beead37076d8,1,Vague / Missing Context,0.2139,No Smell,0.1545,Format Ambiguity,0.1311,Overloaded Prompt,0.0772,27,0.293
1528265790057450d549beead37076d8,2,Vague / Missing Context,0.2453,No Smell,0.1312,Format Ambiguity,0.1254,Overloaded Prompt,0.0746,50,0.293
fceb5e642d7b872e2c8f22a592b73b78,1,Vague / Missing Context,0.1675,Format Ambiguity,0.1562,No Smell,0.1405,Overloaded Prompt,0.0854,899,0.399
fceb5e642d7b872e2c8f22a592b73b78,2,Format Ambiguity,0.1865,Vague / Missing Context,0.1706,No Smell,0.1395,Overloaded Prompt,0.0840,53,0.294
fceb5e642d7b872e2c8f22a592b73b78,3,No Smell,0.1682,Format Ambiguity,0.1503,Vague / Missing Context,0.1434,Ambiguous References,0.0947,317,0.320
fceb5e642d7b872e2c8f22a592b73b78,4,No Smell,0.1920,Format Ambiguity,0.1470,Vague / Missing Context,0.0986,Unnecessary Repetition,0.0985,307,0.321
676c9d5f9af6c41b9b451bfdfb4c783e,1,Format Ambiguity,0.1576,No Smell,0.1411,Vague / Missing Context,0.1314,Ambiguous References,0.0839,743,0.378
676c9d5f9af6c41b9b451bfdfb4c783e,2,No Smell,0.1879,Format Ambiguity,0.1575,Vague / Missing Context,0.1070,Ambiguous References,0.0957,160,0.295
676c9d5f9af6c41b9b451bfdfb4c783e,3,No Smell,0.1761,Format Ambiguity,0.1594,Vague / Missing Context,0.1276,Overloaded Prompt,0.0822,191,0.296
676c9d5f9af6c41b9b451bfdfb4c783e,4,No Smell,0.1607,Format Ambiguity,0.1515,Vague / Missing Context,0.1272,Overloaded Prompt,0.0921,187,0.296
676c9d5f9af6c41b9b451bfdfb4c783e,5,No Smell,0.1659,Format Ambiguity,0.1651,Vague / Missing Context,0.1430,Ambiguous References,0.0905,146,0.295
676c9d5f9af6c41b9b451bfdfb4c783e,6,No Smell,0.1863,Format Ambiguity,0.1590,Vague / Missing Context,0.1179,Overloaded Prompt,0.0803,216,0.296
676c9d5f9af6c41b9b451bfdfb4c783e,7,No Smell,0.1884,Format Ambiguity,0.1570,Vague / Missing Context,0.1135,Ambiguous References,0.0855,284,0.319
676c9d5f9af6c41b9b451bfdfb4c783e,8,No Smell,0.1852,Format Ambiguity,0.1599,Vague / Missing Context,0.1217,Overloaded Prompt,0.0842,152,0.295
e60ccb7000bc0f95a7284b4483aa0c73,1,No Smell,0.2257,Format Ambiguity,0.1189,Vague / Missing Context,0.1132,Irrelevant / Excessive Persona,0.0798,38,0.293
e60ccb7000bc0f95a7284b4483aa0c73,2,No Smell,0.2052,Format Ambiguity,0.1299,Vague / Missing Context,0.1125,Ambiguous References,0.1052,37,0.293
e60ccb7000bc0f95a7284b4483aa0c73,3,No Smell,0.2293,Format Ambiguity,0.1268,Vague / Missing Context,0.0918,Ambiguous References,0.0883,23,0.293
e60ccb7000bc0f95a7284b4483aa0c73,4,No Smell,0.2153,Format Ambiguity,0.1201,Vague / Missing Context,0.1122,Irrelevant / Excessive Persona,0.0807,42,0.295
e60ccb7000bc0f95a7284b4483aa0c73,7,Vague / Missing Context,0.1763,No Smell,0.1564,Format Ambiguity,0.1224,Conflicting Constraints,0.0806,24,0.293
e60ccb7000bc0f95a7284b4483aa0c73,8,No Smell,0.1919,Vague / Missing Context,0.1445,Format Ambiguity,0.1281,Irrelevant / Excessive Persona,0.0821,31,0.293
e60ccb7000bc0f95a7284b4483aa0c73,9,No Smell,0.1964,Format Ambiguity,0.1443,Ambiguous References,0.1097,Vague / Missing Context,0.1055,79,0.294
e60ccb7000bc0f95a7284b4483aa0c73,10,No Smell,0.2208,Format Ambiguity,0.1442,Ambiguous References,0.0958,Irrelevant / Excessive Persona,0.0920,94,0.294
e60ccb7000bc0f95a7284b4483aa0c73,11,No Smell,0.2122,Format Ambiguity,0.1599,Ambiguous References,0.0973,Vague / Missing Context,0.0959,94,0.294
e60ccb7000bc0f95a7284b4483aa0c73,12,No Smell,0.2191,Format Ambiguity,0.1490,Ambiguous References,0.1093,Irrelevant / Excessive Persona,0.0945,102,0.293
e60ccb7000bc0f95a7284b4483aa0c73,13,No Smell,0.1955,Format Ambiguity,0.1228,Vague / Missing Context,0.1160,Ambiguous References,0.1025,17,0.293
e60ccb7000bc0f95a7284b4483aa0c73,14,No Smell,0.1893,Format Ambiguity,0.1289,Vague / Missing Context,0.1097,Ambiguous References,0.0940,33,0.293
e60ccb7000bc0f95a7284b4483aa0c73,15,No Smell,0.1947,Format Ambiguity,0.1366,Vague / Missing Context,0.1020,Prompt Bloat / Convoluted Prompt,0.0888,38,0.293
e60ccb7000bc0f95a7284b4483aa0c73,16,No Smell,0.1899,Format Ambiguity,0.1098,Vague / Missing Context,0.1009,Ambiguous References,0.0906,192,0.297
e60ccb7000bc0f95a7284b4483aa0c73,17,No Smell,0.2093,Format Ambiguity,0.1173,Unnecessary Repetition,0.1027,Vague / Missing Context,0.0971,201,0.296
e60ccb7000bc0f95a7284b4483aa0c73,18,No Smell,0.1904,Format Ambiguity,0.1556,Vague / Missing Context,0.1024,Irrelevant / Excessive Persona,0.0843,207,0.296
e60ccb7000bc0f95a7284b4483aa0c73,19,No Smell,0.1664,Format Ambiguity,0.1549,Vague / Missing Context,0.1046,Overloaded Prompt,0.0873,268,0.320
02f5798a701e0cda5c2abae693e0c0bc,1,Format Ambiguity,0.1576,No Smell,0.1411,Vague / Missing Context,0.1314,Ambiguous References,0.0839,743,0.378
02f5798a701e0cda5c2abae693e0c0bc,2,No Smell,0.1817,Format Ambiguity,0.1623,Vague / Missing Context,0.1237,Overloaded Prompt,0.0827,150,0.295
b43c4b2fca3dfec9a8da6eebd542ff2e,1,No Smell,0.1982,Format Ambiguity,0.1601,Vague / Missing Context,0.1125,Overloaded Prompt,0.0889,47,0.293
b43c4b2fca3dfec9a8da6eebd542ff2e,2,No Smell,0.2009,Ambiguous References,0.1222,Format Ambiguity,0.1027,Conflicting Constraints,0.0983,272,0.323
b43c4b2fca3dfec9a8da6eebd542ff2e,3,No Smell,0.1786,Ambiguous References,0.1112,Format Ambiguity,0.1062,Conflicting Constraints,0.1034,192,0.320
7c0dd4ce477a38c0a4e880e28b4566c4,1,No Smell,0.1505,Ambiguous References,0.1225,Prompt Bloat / Convoluted Prompt,0.1048,Format Ambiguity,0.0955,2521,0.698
4e3a6bac4b1ba4786013fc7ec4b2a96f,1,Vague / Missing Context,0.1474,No Smell,0.1339,Format Ambiguity,0.1277,Irrelevant / Excessive Persona,0.0879,40,0.293
4e3a6bac4b1ba4786013fc7ec4b2a96f,2,No Smell,0.1594,Vague / Missing Context,0.1356,Format Ambiguity,0.1145,Ambiguous References,0.0918,66,0.293
2af3cf133b233e2a161c91c003a3c6b8,2,No Smell,0.2239,Vague / Missing Context,0.1719,Format Ambiguity,0.1174,Unnecessary Repetition,0.0797,38,0.293
7ad7176488731047c4ebaf515c3a5748,1,No Smell,0.2160,Vague / Missing Context,0.1511,Format Ambiguity,0.1196,Unnecessary Repetition,0.0894,28,0.293
8e4e37d8e0c238420d08ac90ed6c94da,1,No Smell,0.1743,Format Ambiguity,0.1286,Unnecessary Repetition,0.1191,Vague / Missing Context,0.1120,992,0.387
53b41ef9b670ad2d0f133d997c7f4379,1,Vague / Missing Context,0.2444,No Smell,0.1374,Format Ambiguity,0.1339,Ambiguous References,0.0729,36,0.294
88bddb51725da85fe382a74b082d6cf3,1,No Smell,0.1674,Format Ambiguity,0.1336,Conflicting Constraints,0.1167,Ambiguous References,0.1130,1307,0.499
88bddb51725da85fe382a74b082d6cf3,3,No Smell,0.1473,Format Ambiguity,0.1231,Ambiguous References,0.1132,Prompt Bloat / Convoluted Prompt,0.1100,4000,1.621
cc40765d3bf4e6373a26f5d3a1f5fc18,1,Format Ambiguity,0.2027,Vague / Missing Context,0.1801,No Smell,0.1460,Ambiguous References,0.0891,177,0.296
cc40765d3bf4e6373a26f5d3a1f5fc18,2,Vague / Missing Context,0.2540,No Smell,0.1404,Format Ambiguity,0.1196,Overloaded Prompt,0.0956,23,0.292
0ff3b6eb3d71e841a117cd23b5a32291,1,No Smell,0.1473,Format Ambiguity,0.1231,Ambiguous References,0.1132,Prompt Bloat / Convoluted Prompt,0.1100,4000,0.278
543be03f56efa6a88619092bcd7bd6dd,1,No Smell,0.1453,Vague / Missing Context,0.1381,Format Ambiguity,0.1357,Irrelevant / Excessive Persona,0.0930,52,0.293
543be03f56efa6a88619092bcd7bd6dd,2,No Smell,0.1570,Format Ambiguity,0.1446,Vague / Missing Context,0.1429,Formality / Audience Mismatch,0.1125,106,0.293
543be03f56efa6a88619092bcd7bd6dd,3,No Smell,0.1638,Format Ambiguity,0.1562,Ambiguous References,0.0917,Conflicting Constraints,0.0907,27,0.293
8bc34302414c8c6590c1a7225507f124,1,No Smell,0.1577,Format Ambiguity,0.1513,Vague / Missing Context,0.1312,Overloaded Prompt,0.0991,55,0.293
fb4edc001eacb1b2cbbea602533f0e35,1,Conflicting Constraints,0.1341,Format Ambiguity,0.1161,No Smell,0.1121,Prompt Bloat / Convoluted Prompt,0.1100,3906,0.654
2f949ffa698bad5a02e0c7a2562b753d,1,Conflicting Constraints,0.1341,Format Ambiguity,0.1161,No Smell,0.1121,Prompt Bloat / Convoluted Prompt,0.1100,3906,0.260
bf840896e23368c8ab071a1b6c79475c,1,Conflicting Constraints,0.1341,Format Ambiguity,0.1161,No Smell,0.1121,Prompt Bloat / Convoluted Prompt,0.1100,3906,0.260
78af94a012305d950902d8d2c66bfe99,1,Vague / Missing Context,0.1543,Format Ambiguity,0.1535,No Smell,0.1440,Overloaded Prompt,0.0858,1007,0.414
78af94a012305d950902d8d2c66bfe99,2,No Smell,0.1733,Format Ambiguity,0.1493,Vague / Missing Context,0.1157,Ambiguous References,0.1026,574,0.363
78af94a012305d950902d8d2c66bfe99,3,No Smell,0.1763,Format Ambiguity,0.1375,Vague / Missing Context,0.1195,Ambiguous References,0.0918,479,0.318
971b713d5b87df19848f9efb74449841,1,Format Ambiguity,0.1799,Vague / Missing Context,0.1780,Overloaded Prompt,0.1583,No Smell,0.1155,342,0.320
971b713d5b87df19848f9efb74449841,2,Format Ambiguity,0.1914,Vague / Missing Context,0.1898,Overloaded Prompt,0.1499,No Smell,0.1170,357,0.320
7fa57b5edb58608424cb678aade31e93,1,No Smell,0.2207,Format Ambiguity,0.1465,Vague / Missing Context,0.0968,Irrelevant / Excessive Persona,0.0799,69,0.293
7fa57b5edb58608424cb678aade31e93,2,No Smell,0.1422,Ambiguous References,0.1148,Format Ambiguity,0.1078,Unnecessary Repetition,0.1040,23,0.293
7fa57b5edb58608424cb678aade31e93,3,No Smell,0.1723,Format Ambiguity,0.1099,Unnecessary Repetition,0.0961,Prompt Bloat / Convoluted Prompt,0.0941,260,0.320
7fa57b5edb58608424cb678aade31e93,4,No Smell,0.1750,Format Ambiguity,0.1136,Ambiguous References,0.1009,Unnecessary Repetition,0.0963,18,0.292
7fa57b5edb58608424cb678aade31e93,5,No Smell,0.1816,Format Ambiguity,0.1090,Ambiguous References,0.1079,Vague / Missing Context,0.0997,65,0.293
7fa57b5edb58608424cb678aade31e93,6,No Smell,0.1865,Format Ambiguity,0.1200,Ambiguous References,0.1007,Vague / Missing Context,0.0973,38,0.293
43ebfb629acc70f31d7b82bfd397479c,1,Ambiguous References,0.1235,Format Ambiguity,0.1205,Vague / Missing Context,0.1040,Prompt Bloat / Convoluted Prompt,0.1024,3031,0.627
8c6fb8c083ed56dc3976ad43002099c8,1,No Smell,0.2231,Format Ambiguity,0.1151,Vague / Missing Context,0.0973,Conflicting Constraints,0.0928,186,0.296
8c6fb8c083ed56dc3976ad43002099c8,2,No Smell,0.1623,Format Ambiguity,0.1457,Ambiguous References,0.1278,Vague / Missing Context,0.1137,94,0.294
8c6fb8c083ed56dc3976ad43002099c8,3,No Smell,0.1935,Format Ambiguity,0.1164,Unnecessary Repetition,0.0989,Ambiguous References,0.0966,154,0.296
8c6fb8c083ed56dc3976ad43002099c8,4,No Smell,0.1635,Vague / Missing Context,0.1323,Format Ambiguity,0.1288,Overloaded Prompt,0.0854,127,0.293
8c6fb8c083ed56dc3976ad43002099c8,5,No Smell,0.1738,Prompt Bloat / Convoluted Prompt,0.1122,Ambiguous References,0.1099,Conflicting Constraints,0.1017,592,0.395
8c6fb8c083ed56dc3976ad43002099c8,6,No Smell,0.1684,Ambiguous References,0.1309,Format Ambiguity,0.1106,Vague / Missing Context,0.0939,84,0.294
8c6fb8c083ed56dc3976ad43002099c8,7,No Smell,0.1483,Ambiguous References,0.1371,Format Ambiguity,0.1328,Vague / Missing Context,0.1163,125,0.293
8c6fb8c083ed56dc3976ad43002099c8,8,Vague / Missing Context,0.1587,No Smell,0.1234,Ambiguous References,0.1223,Format Ambiguity,0.1121,76,0.295
8c6fb8c083ed56dc3976ad43002099c8,9,No Smell,0.1610,Conflicting Constraints,0.1073,Ambiguous References,0.1066,Prompt Bloat / Convoluted Prompt,0.1055,2183,0.576
e919440ad79c023d6864751d8eb34ee2,1,No Smell,0.1484,Vague / Missing Context,0.1307,Format Ambiguity,0.1149,Unnecessary Repetition,0.0972,11,0.295
e919440ad79c023d6864751d8eb34ee2,4,No Smell,0.2157,Vague / Missing Context,0.1563,Format Ambiguity,0.1236,Unnecessary Repetition,0.0826,21,0.293
14516b61f2bf614fa60bd314e85e3d0e,1,No Smell,0.1663,Format Ambiguity,0.1277,Formality / Audience Mismatch,0.1109,Vague / Missing Context,0.0982,171,0.296
14516b61f2bf614fa60bd314e85e3d0e,2,No Smell,0.1894,Format Ambiguity,0.1661,Vague / Missing Context,0.1079,Unnecessary Repetition,0.0928,90,0.294
654c38f6e0392ac305506cc239c26c19,1,No Smell,0.1807,Unnecessary Repetition,0.1075,Format Ambiguity,0.1036,Vague / Missing Context,0.1020,2465,0.626
654c38f6e0392ac305506cc239c26c19,2,No Smell,0.1746,Format Ambiguity,0.1086,Unnecessary Repetition,0.1024,Prompt Bloat / Convoluted Prompt,0.0989,1438,0.454
654c38f6e0392ac305506cc239c26c19,3,No Smell,0.1595,Format Ambiguity,0.1163,Unnecessary Repetition,0.1022,Prompt Bloat / Convoluted Prompt,0.0975,3583,0.655
654c38f6e0392ac305506cc239c26c19,4,No Smell,0.2126,Format Ambiguity,0.1295,Unnecessary Repetition,0.0868,Prompt Bloat / Convoluted Prompt,0.0845,24,0.293
654c38f6e0392ac305506cc239c26c19,5,No Smell,0.2567,Format Ambiguity,0.1112,Unnecessary Repetition,0.1059,Ambiguous References,0.0838,963,0.389
e5fd738fe791cd992935af694531903e,1,No Smell,0.1611,Ambiguous References,0.1231,Prompt Bloat / Convoluted Prompt,0.1000,Overloaded Prompt,0.0927,4000,0.753
e5fd738fe791cd992935af694531903e,2,No Smell,0.1824,Conflicting Constraints,0.1218,Prompt Bloat / Convoluted Prompt,0.1094,Ambiguous References,0.1035,4000,0.961
e5fd738fe791cd992935af694531903e,3,No Smell,0.1691,Ambiguous References,0.1324,Format Ambiguity,0.1109,Vague / Missing Context,0.0979,85,0.293
dcd72e7212950a84fb0ab50c45654823,1,Format Ambiguity,0.1430,No Smell,0.1340,Ambiguous References,0.1254,Vague / Missing Context,0.0999,904,0.399
7cd7ea9440085ae18aaa13e8170f7420,1,No Smell,0.1747,Conflicting Constraints,0.1201,Prompt Bloat / Convoluted Prompt,0.1118,Ambiguous References,0.1022,4000,0.960
682cb8f036b3e8fc6bc5284d27dcc52a,1,Vague / Missing Context,0.1557,Format Ambiguity,0.1339,Ambiguous References,0.1249,No Smell,0.0949,814,0.396
f9de752e851a330aeecebbde190d3402,1,No Smell,0.2925,Unnecessary Repetition,0.1082,Ambiguous References,0.1048,Format Ambiguity,0.1016,725,0.384
f9de752e851a330aeecebbde190d3402,2,No Smell,0.2985,Format Ambiguity,0.1003,Ambiguous References,0.1001,Unnecessary Repetition,0.0983,752,0.378
f9de752e851a330aeecebbde190d3402,3,No Smell,0.1572,Format Ambiguity,0.1176,Ambiguous References,0.1096,Prompt Bloat / Convoluted Prompt,0.1054,2794,0.623
f9de752e851a330aeecebbde190d3402,4,No Smell,0.1604,Ambiguous References,0.1118,Format Ambiguity,0.1095,Prompt Bloat / Convoluted Prompt,0.1023,2854,0.625
7e98acf8d580ab5376f9eec01f9e23a6,1,No Smell,0.1538,Vague / Missing Context,0.1494,Format Ambiguity,0.1283,Ambiguous References,0.1181,134,0.295
769188843a3bf76dfb78d5f5c566f622,1,No Smell,0.1688,Ambiguous References,0.1074,Prompt Bloat / Convoluted Prompt,0.1067,Conflicting Constraints,0.1014,2277,0.579
9af9d5d604b76a1e8440a66600105081,1,No Smell,0.1687,Vague / Missing Context,0.1673,Format Ambiguity,0.1255,Overloaded Prompt,0.0852,54,0.293
569bfcb9b4fba3e0d957b9521cfa2563,1,Vague / Missing Context,0.1563,Ambiguous References,0.1343,Format Ambiguity,0.1315,No Smell,0.1273,287,0.321
84e72c821536ca33543a1c2c21d20547,1,No Smell,0.1539,Format Ambiguity,0.1147,Ambiguous References,0.1088,Bias / Loaded Framing,0.1082,1967,0.528
429e9df4df9ac86d9359e8bf63a655a4,1,Vague / Missing Context,0.1538,Ambiguous References,0.1396,Format Ambiguity,0.1385,No Smell,0.1236,400,0.317
2d89fc2e5e3bfc5dc98cc4f95df35876,1,Vague / Missing Context,0.1538,Ambiguous References,0.1396,Format Ambiguity,0.1385,No Smell,0.1236,400,0.250
372906dd10c4bc5572db91743cf22289,1,No Smell,0.1639,Format Ambiguity,0.1460,Vague / Missing Context,0.1309,Unnecessary Repetition,0.0997,128,0.295
372906dd10c4bc5572db91743cf22289,2,No Smell,0.1833,Unnecessary Repetition,0.1108,Ambiguous References,0.1043,Format Ambiguity,0.0984,130,0.294
372906dd10c4bc5572db91743cf22289,3,No Smell,0.1840,Format Ambiguity,0.1338,Ambiguous References,0.1033,Unnecessary Repetition,0.0925,106,0.294
372906dd10c4bc5572db91743cf22289,4,No Smell,0.1949,Format Ambiguity,0.1178,Ambiguous References,0.0968,Unnecessary Repetition,0.0963,200,0.295
372906dd10c4bc5572db91743cf22289,5,No Smell,0.1499,Format Ambiguity,0.1392,Vague / Missing Context,0.1257,Ambiguous References,0.0968,165,0.296
372906dd10c4bc5572db91743cf22289,6,No Smell,0.1699,Format Ambiguity,0.1083,Ambiguous References,0.1017,Unnecessary Repetition,0.0978,68,0.293
372906dd10c4bc5572db91743cf22289,7,No Smell,0.2277,Format Ambiguity,0.1330,Bias / Loaded Framing,0.0835,Conflicting Constraints,0.0802,62,0.294
372906dd10c4bc5572db91743cf22289,8,Format Ambiguity,0.1552,No Smell,0.1461,Vague / Missing Context,0.1224,Ambiguous References,0.0881,146,0.296
372906dd10c4bc5572db91743cf22289,9,No Smell,0.1629,Format Ambiguity,0.1150,Ambiguous References,0.1106,Unnecessary Repetition,0.1008,124,0.294
89ab341713385f64c4a985e3f6a30633,1,Format Ambiguity,0.1843,No Smell,0.1459,Vague / Missing Context,0.1258,Overloaded Prompt,0.0914,86,0.294
ec996b752bfcf6c7b1861761c5c8db6a,1,No Smell,0.2077,Format Ambiguity,0.1071,Unnecessary Repetition,0.1005,Ambiguous References,0.0972,697,0.383
ec996b752bfcf6c7b1861761c5c8db6a,2,No Smell,0.1848,Unnecessary Repetition,0.1060,Conflicting Constraints,0.0986,Format Ambiguity,0.0952,24,0.292
ec996b752bfcf6c7b1861761c5c8db6a,3,No Smell,0.1884,Unnecessary Repetition,0.1152,Format Ambiguity,0.1100,Vague / Missing Context,0.0944,60,0.293
6579f9759fc590c13322df446f259f56,1,Format Ambiguity,0.1827,No Smell,0.1538,Vague / Missing Context,0.1225,Overloaded Prompt,0.0998,71,0.293
9d78d6d8a2609fd31f0013ef31fc8a6c,1,No Smell,0.1727,Format Ambiguity,0.1340,Ambiguous References,0.1006,Vague / Missing Context,0.0990,4000,0.721
9d78d6d8a2609fd31f0013ef31fc8a6c,2,No Smell,0.1836,Format Ambiguity,0.1339,Vague / Missing Context,0.1005,Ambiguous References,0.0918,51,0.293
9d78d6d8a2609fd31f0013ef31fc8a6c,3,No Smell,0.1902,Prompt Bloat / Convoluted Prompt,0.0991,Format Ambiguity,0.0943,Conflicting Constraints,0.0936,4000,0.713
9d78d6d8a2609fd31f0013ef31fc8a6c,4,No Smell,0.2011,Format Ambiguity,0.1010,Prompt Bloat / Convoluted Prompt,0.1001,Ambiguous References,0.0929,4000,0.752
dce48f1e173208d09ca01ec06e23b835,1,Ambiguous References,0.1420,Vague / Missing Context,0.1352,Format Ambiguity,0.1341,No Smell,0.1316,569,0.363
9413ddf42d3bab111ef97539150cd16c,1,Vague / Missing Context,0.1415,Ambiguous References,0.1337,Format Ambiguity,0.1336,No Smell,0.1305,587,0.363
e398bd027c2bb11b5970f068e5662119,1,No Smell,0.1816,Ambiguous References,0.1176,Conflicting Constraints,0.1059,Prompt Bloat / Convoluted Prompt,0.0976,2674,0.625
e398bd027c2bb11b5970f068e5662119,2,No Smell,0.1900,Conflicting Constraints,0.1173,Unnecessary Repetition,0.1113,Prompt Bloat / Convoluted Prompt,0.0996,2704,0.627
109a14debb2c734aafa01e57245d3460,2,Format Ambiguity,0.2891,Vague / Missing Context,0.1964,No Smell,0.1015,Overloaded Prompt,0.0775,29,0.293
5520b94c412ed7d2a6d8a2c3cdc08a32,1,Vague / Missing Context,0.1415,Ambiguous References,0.1337,Format Ambiguity,0.1336,No Smell,0.1305,587,0.251
e1bd5aaf5bdf6ce0389d5caa38d502e4,1,No Smell,0.1378,Format Ambiguity,0.1343,Vague / Missing Context,0.1334,Ambiguous References,0.1331,662,0.383
a4275006698a7b58c392d55a1fb6e48e,1,Format Ambiguity,0.1843,No Smell,0.1459,Vague / Missing Context,0.1258,Overloaded Prompt,0.0914,86,0.294
49958201ecddacd7893d205a8ef11582,1,No Smell,0.1837,Format Ambiguity,0.1527,Vague / Missing Context,0.1252,Irrelevant / Excessive Persona,0.0797,40,0.293
49958201ecddacd7893d205a8ef11582,2,No Smell,0.1841,Format Ambiguity,0.1419,Vague / Missing Context,0.1332,Ambiguous References,0.0817,70,0.294
627c43c7bf734ff74c911de8f0c26b8a,1,Format Ambiguity,0.1831,No Smell,0.1666,Ambiguous References,0.1020,Overloaded Prompt,0.0898,826,0.363
627c43c7bf734ff74c911de8f0c26b8a,3,Formality / Audience Mismatch,0.2055,No Smell,0.1200,Vague / Missing Context,0.1144,Format Ambiguity,0.1076,43,0.293
627c43c7bf734ff74c911de8f0c26b8a,5,Formality / Audience Mismatch,0.1540,No Smell,0.1283,Unnecessary Repetition,0.1094,Vague / Missing Context,0.1075,41,0.293
627c43c7bf734ff74c911de8f0c26b8a,9,No Smell,0.1646,Format Ambiguity,0.1633,Ambiguous References,0.0950,Overloaded Prompt,0.0880,1374,0.398
627c43c7bf734ff74c911de8f0c26b8a,11,Format Ambiguity,0.1765,No Smell,0.1665,Vague / Missing Context,0.1206,Overloaded Prompt,0.1130,16,0.293
627c43c7bf734ff74c911de8f0c26b8a,12,No Smell,0.1339,Format Ambiguity,0.1318,Vague / Missing Context,0.1306,Conflicting Constraints,0.0941,20,0.293
627c43c7bf734ff74c911de8f0c26b8a,14,Format Ambiguity,0.1864,No Smell,0.1564,Vague / Missing Context,0.1378,Overloaded Prompt,0.1345,40,0.293
695c0a1feac232f6ef9e4024f2dd5ecc,1,Vague / Missing Context,0.1182,Format Ambiguity,0.1155,Ambiguous References,0.1150,No Smell,0.1130,1752,0.514
841d0cbc372bc330512490fe0a2ae913,1,No Smell,0.1421,Format Ambiguity,0.1373,Ambiguous References,0.1256,Vague / Missing Context,0.1241,738,0.380
7660343226c2716241074f3ebd84dc97,1,No Smell,0.1421,Format Ambiguity,0.1373,Ambiguous References,0.1256,Vague / Missing Context,0.1241,738,0.251
62a9f953666e7a974cd03c05c6d685c7,1,Format Ambiguity,0.1843,No Smell,0.1459,Vague / Missing Context,0.1258,Overloaded Prompt,0.0914,86,0.294
bf9f3ae8bb2e9900cc6d14eca3d96429,1,No Smell,0.1421,Format Ambiguity,0.1373,Ambiguous References,0.1256,Vague / Missing Context,0.1241,738,0.251
025314e64cba6ce0e762400f70c957e0,1,No Smell,0.1614,Ambiguous References,0.1252,Format Ambiguity,0.1186,Vague / Missing Context,0.1154,63,0.293
39ce77c72946252b843ca29dbb019838,1,Format Ambiguity,0.1843,No Smell,0.1459,Vague / Missing Context,0.1258,Overloaded Prompt,0.0914,86,0.249
46f8deefa5b4a2fded045889851cadf7,1,No Smell,0.2316,Format Ambiguity,0.1172,Vague / Missing Context,0.0946,Ambiguous References,0.0871,243,0.297
46f8deefa5b4a2fded045889851cadf7,2,No Smell,0.2344,Format Ambiguity,0.1281,Vague / Missing Context,0.0994,Ambiguous References,0.0834,170,0.297
c0618c761e5a1c0aff3b4eae7739105d,1,Vague / Missing Context,0.1543,Format Ambiguity,0.1535,No Smell,0.1440,Overloaded Prompt,0.0858,1007,0.414
c0618c761e5a1c0aff3b4eae7739105d,2,No Smell,0.1530,Format Ambiguity,0.1474,Vague / Missing Context,0.1222,Ambiguous References,0.1094,631,0.364
c0618c761e5a1c0aff3b4eae7739105d,3,Format Ambiguity,0.1421,No Smell,0.1391,Vague / Missing Context,0.1240,Ambiguous References,0.0962,539,0.361
02d05bc2c8cbf68163609c06667d8deb,1,No Smell,0.1815,Format Ambiguity,0.1215,Ambiguous References,0.1082,Vague / Missing Context,0.0993,615,0.363
02d05bc2c8cbf68163609c06667d8deb,2,No Smell,0.1340,Format Ambiguity,0.1219,Vague / Missing Context,0.1150,Prompt Bloat / Convoluted Prompt,0.1020,1695,0.463
02d05bc2c8cbf68163609c06667d8deb,3,Prompt Bloat / Convoluted Prompt,0.1499,No Smell,0.1212,Ambiguous References,0.1091,Format Ambiguity,0.1009,2636,0.613
02d05bc2c8cbf68163609c06667d8deb,4,No Smell,0.1382,Ambiguous References,0.1314,Format Ambiguity,0.1172,Vague / Missing Context,0.1064,673,0.363
02d05bc2c8cbf68163609c06667d8deb,5,Ambiguous References,0.1554,No Smell,0.1511,Conflicting Constraints,0.1065,Format Ambiguity,0.0918,53,0.294
02d05bc2c8cbf68163609c06667d8deb,6,No Smell,0.1735,Format Ambiguity,0.1355,Ambiguous References,0.1058,Vague / Missing Context,0.0981,467,0.317
02d05bc2c8cbf68163609c06667d8deb,7,No Smell,0.1648,Format Ambiguity,0.1278,Vague / Missing Context,0.0936,Ambiguous References,0.0906,55,0.295
980023c0e0fce52b3c84362425813c9a,1,Format Ambiguity,0.1895,No Smell,0.1520,Vague / Missing Context,0.1217,Overloaded Prompt,0.0912,119,0.295
701f246a3bbec1f280212b00b2649030,1,Vague / Missing Context,0.1361,Format Ambiguity,0.1159,Ambiguous References,0.1111,No Smell,0.1106,4000,0.753
e0afd19d761ecb8ffb926aef4507ca9e,1,No Smell,0.2055,Prompt Bloat / Convoluted Prompt,0.1065,Unnecessary Repetition,0.1027,Conflicting Constraints,0.0965,2700,0.627
e0afd19d761ecb8ffb926aef4507ca9e,2,No Smell,0.1949,Unnecessary Repetition,0.1040,Ambiguous References,0.1007,Format Ambiguity,0.0973,452,0.318
e0afd19d761ecb8ffb926aef4507ca9e,3,No Smell,0.1927,Format Ambiguity,0.1670,Ambiguous References,0.0952,Vague / Missing Context,0.0929,82,0.295
e0afd19d761ecb8ffb926aef4507ca9e,4,No Smell,0.1635,Conflicting Constraints,0.1201,Format Ambiguity,0.1018,Unnecessary Repetition,0.0992,50,0.295
e0afd19d761ecb8ffb926aef4507ca9e,5,Vague / Missing Context,0.1826,Format Ambiguity,0.1276,Ambiguous References,0.1233,No Smell,0.1089,133,0.296
e0afd19d761ecb8ffb926aef4507ca9e,6,No Smell,0.1302,Ambiguous References,0.1273,Conflicting Constraints,0.1221,Format Ambiguity,0.1194,122,0.294
e0afd19d761ecb8ffb926aef4507ca9e,7,No Smell,0.2052,Prompt Bloat / Convoluted Prompt,0.1075,Conflicting Constraints,0.0963,Overloaded Prompt,0.0957,3025,0.691
5ac667e13a6f9aa528e1e08441aad421,1,No Smell,0.1603,Format Ambiguity,0.1279,Ambiguous References,0.1171,Prompt Bloat / Convoluted Prompt,0.0964,1508,0.453
e59bd8f0fc4497d7547efdcc4152fef5,1,No Smell,0.1892,Format Ambiguity,0.1547,Vague / Missing Context,0.1304,Overloaded Prompt,0.0958,464,0.318
73f10c084be43e6da3c343fa1734f13a,1,Format Ambiguity,0.1696,No Smell,0.1486,Vague / Missing Context,0.1466,Overloaded Prompt,0.0919,472,0.322
73f10c084be43e6da3c343fa1734f13a,2,No Smell,0.1840,Format Ambiguity,0.1319,Ambiguous References,0.1155,Vague / Missing Context,0.1117,564,0.317
64d5f122e2c0d8ec3dc9e80e8916d188,1,Format Ambiguity,0.1934,No Smell,0.1365,Vague / Missing Context,0.1252,Overloaded Prompt,0.0875,104,0.294
245ce303cea269b9519d425acc87fe8a,1,No Smell,0.1894,Conflicting Constraints,0.1121,Prompt Bloat / Convoluted Prompt,0.1103,Format Ambiguity,0.0991,3155,0.652
29382b93be6e3dbe11075310e41ea5b8,1,Ambiguous References,0.1254,Format Ambiguity,0.1254,Vague / Missing Context,0.1233,No Smell,0.1126,4000,0.757
8e36879f0329ff955c794d97c41504b9,1,No Smell,0.2374,Format Ambiguity,0.1281,Vague / Missing Context,0.0985,Ambiguous References,0.0822,161,0.296
8e36879f0329ff955c794d97c41504b9,2,No Smell,0.1630,Ambiguous References,0.1192,Format Ambiguity,0.1131,Vague / Missing Context,0.0964,28,0.293
8e36879f0329ff955c794d97c41504b9,3,No Smell,0.2403,Format Ambiguity,0.1263,Unnecessary Repetition,0.0913,Vague / Missing Context,0.0825,98,0.295
77e2d4edba748ec6d5aa59b67f01c05a,1,No Smell,0.1761,Format Ambiguity,0.1737,Overloaded Prompt,0.0999,Vague / Missing Context,0.0926,54,0.293
77e2d4edba748ec6d5aa59b67f01c05a,2,Format Ambiguity,0.2159,No Smell,0.1650,Overloaded Prompt,0.1022,Conflicting Constraints,0.0821,32,0.293
4155f2bd2867fc750a2d5e2ca5f08cc6,1,No Smell,0.1738,Ambiguous References,0.1110,Overloaded Prompt,0.1073,Irrelevant / Excessive Persona,0.0977,253,0.297
4155f2bd2867fc750a2d5e2ca5f08cc6,2,No Smell,0.1355,Format Ambiguity,0.1260,Vague / Missing Context,0.1182,Conflicting Constraints,0.0946,31,0.293
4155f2bd2867fc750a2d5e2ca5f08cc6,4,No Smell,0.1922,Vague / Missing Context,0.1273,Format Ambiguity,0.1241,Irrelevant / Excessive Persona,0.0914,43,0.293
4155f2bd2867fc750a2d5e2ca5f08cc6,5,No Smell,0.1951,Format Ambiguity,0.1163,Vague / Missing Context,0.1117,Conflicting Constraints,0.0941,43,0.293
4155f2bd2867fc750a2d5e2ca5f08cc6,6,No Smell,0.1994,Format Ambiguity,0.1282,Irrelevant / Excessive Persona,0.0913,Vague / Missing Context,0.0893,97,0.294
4155f2bd2867fc750a2d5e2ca5f08cc6,7,No Smell,0.1399,Vague / Missing Context,0.1326,Conflicting Constraints,0.1214,Format Ambiguity,0.1153,33,0.293
4155f2bd2867fc750a2d5e2ca5f08cc6,8,No Smell,0.1874,Format Ambiguity,0.1266,Ambiguous References,0.0949,Irrelevant / Excessive Persona,0.0917,51,0.293
4155f2bd2867fc750a2d5e2ca5f08cc6,9,No Smell,0.1360,Vague / Missing Context,0.1338,Format Ambiguity,0.1128,Conflicting Constraints,0.0975,75,0.294
4155f2bd2867fc750a2d5e2ca5f08cc6,10,No Smell,0.2129,Format Ambiguity,0.1240,Conflicting Constraints,0.0935,Unnecessary Repetition,0.0932,67,0.292
9ef10078f41d18b6d61a362da2f653cb,1,Format Ambiguity,0.1265,Vague / Missing Context,0.1094,No Smell,0.1093,Ambiguous References,0.1072,1724,0.515
90ec52411eb7e0ebc6041a227847bdb6,1,No Smell,0.1695,Format Ambiguity,0.1681,Irrelevant / Excessive Persona,0.1099,Vague / Missing Context,0.0965,208,0.296
8996d0049ad78bb76f9c8a6bd688ba9d,1,No Smell,0.1877,Format Ambiguity,0.1085,Unnecessary Repetition,0.0939,Prompt Bloat / Convoluted Prompt,0.0914,120,0.296
8996d0049ad78bb76f9c8a6bd688ba9d,3,No Smell,0.1848,Format Ambiguity,0.1005,Unnecessary Repetition,0.0975,Conflicting Constraints,0.0905,156,0.296
8996d0049ad78bb76f9c8a6bd688ba9d,4,No Smell,0.2085,Format Ambiguity,0.1211,Unnecessary Repetition,0.0940,Vague / Missing Context,0.0821,218,0.319
8996d0049ad78bb76f9c8a6bd688ba9d,5,Unnecessary Repetition,0.1410,No Smell,0.1280,Conflicting Constraints,0.1057,Prompt Bloat / Convoluted Prompt,0.1048,222,0.320
8996d0049ad78bb76f9c8a6bd688ba9d,6,No Smell,0.1639,Ambiguous References,0.1288,Format Ambiguity,0.1048,Conflicting Constraints,0.0942,85,0.293
8996d0049ad78bb76f9c8a6bd688ba9d,7,No Smell,0.2048,Format Ambiguity,0.1120,Ambiguous References,0.1006,Conflicting Constraints,0.0988,74,0.293
6ef4e10430e9b3d9323ca442db592836,1,Vague / Missing Context,0.1543,Format Ambiguity,0.1535,No Smell,0.1440,Overloaded Prompt,0.0858,1007,0.414
6ef4e10430e9b3d9323ca442db592836,2,No Smell,0.1548,Format Ambiguity,0.1433,Vague / Missing Context,0.1199,Ambiguous References,0.1081,639,0.364
6ef4e10430e9b3d9323ca442db592836,3,Format Ambiguity,0.1421,No Smell,0.1391,Vague / Missing Context,0.1240,Ambiguous References,0.0962,539,0.361
4e4a30257640fb95f27ae5c821f58cd3,1,Vague / Missing Context,0.1199,Ambiguous References,0.1184,Format Ambiguity,0.1170,No Smell,0.1169,4000,0.830
1cb37942d968e6b1aa03a783190d44fb,1,No Smell,0.1806,Format Ambiguity,0.1745,Irrelevant / Excessive Persona,0.1084,Vague / Missing Context,0.0889,248,0.296
1cb37942d968e6b1aa03a783190d44fb,2,Bias / Loaded Framing,0.1934,Unnecessary Repetition,0.1552,No Smell,0.1215,Vague / Missing Context,0.0934,27,0.291
1cb37942d968e6b1aa03a783190d44fb,3,No Smell,0.2082,Format Ambiguity,0.1371,Irrelevant / Excessive Persona,0.1111,Unnecessary Repetition,0.0919,213,0.296
ba3b84be2cd6597b8558b718b25afb12,1,No Smell,0.1664,Format Ambiguity,0.1343,Vague / Missing Context,0.1058,Prompt Bloat / Convoluted Prompt,0.0957,4000,0.654
ba3b84be2cd6597b8558b718b25afb12,2,No Smell,0.1698,Unnecessary Repetition,0.1206,Format Ambiguity,0.1143,Ambiguous References,0.1036,56,0.292
931a394230ea521e7573258d15e0ff9d,1,No Smell,0.1859,Format Ambiguity,0.1335,Conflicting Constraints,0.1133,Vague / Missing Context,0.0907,3069,0.650
931a394230ea521e7573258d15e0ff9d,2,No Smell,0.1543,Conflicting Constraints,0.1122,Prompt Bloat / Convoluted Prompt,0.1067,Ambiguous References,0.1063,3102,0.650
931a394230ea521e7573258d15e0ff9d,3,No Smell,0.1918,Format Ambiguity,0.1380,Overloaded Prompt,0.1147,Prompt Bloat / Convoluted Prompt,0.0880,3054,0.692
931a394230ea521e7573258d15e0ff9d,4,No Smell,0.1780,Format Ambiguity,0.1061,Conflicting Constraints,0.1018,Unnecessary Repetition,0.0995,379,0.330
931a394230ea521e7573258d15e0ff9d,5,No Smell,0.1741,Format Ambiguity,0.1102,Conflicting Constraints,0.1053,Ambiguous References,0.0978,411,0.361
0d089c84e627cf7065c0db5b03761e11,1,Format Ambiguity,0.1728,No Smell,0.1379,Overloaded Prompt,0.1000,Vague / Missing Context,0.0980,4000,0.755
0d089c84e627cf7065c0db5b03761e11,2,Format Ambiguity,0.2124,No Smell,0.1364,Vague / Missing Context,0.1269,Unnecessary Repetition,0.0942,27,0.291
0d089c84e627cf7065c0db5b03761e11,3,Format Ambiguity,0.2300,No Smell,0.1392,Vague / Missing Context,0.1206,Overloaded Prompt,0.1199,67,0.292
0d089c84e627cf7065c0db5b03761e11,4,Format Ambiguity,0.1957,Overloaded Prompt,0.1552,Vague / Missing Context,0.1327,No Smell,0.1249,67,0.292
df03311eff36667a986ccb87b6923374,1,Format Ambiguity,0.1843,No Smell,0.1459,Vague / Missing Context,0.1258,Overloaded Prompt,0.0914,86,0.292
ff5bf7dd8390d160820d634aa098affc,1,No Smell,0.2102,Format Ambiguity,0.1176,Prompt Bloat / Convoluted Prompt,0.0959,Ambiguous References,0.0934,4000,0.721
ae2a83a1f375f1401e3e97fe226203f3,2,No Smell,0.1867,Ambiguous References,0.1560,Irrelevant / Excessive Persona,0.1456,Format Ambiguity,0.1367,36,0.291
51166707235a1ca0ae5ab8e585dc1542,2,No Smell,0.1941,Format Ambiguity,0.1103,Ambiguous References,0.0925,Vague / Missing Context,0.0915,40,0.291
3183588b5f5c18fb0118c7e463169611,1,Format Ambiguity,0.1249,Vague / Missing Context,0.1237,Ambiguous References,0.1230,No Smell,0.1077,1519,0.464
db72047207df73bc35bbec2f756f672d,1,Vague / Missing Context,0.1543,Format Ambiguity,0.1535,No Smell,0.1440,Overloaded Prompt,0.0858,1007,0.414
217ff16fb023168658795556c6262b7d,1,Format Ambiguity,0.1442,No Smell,0.1277,Ambiguous References,0.1262,Vague / Missing Context,0.1010,1546,0.514
21435db40173437377af117c812d16f8,1,No Smell,0.1892,Format Ambiguity,0.1547,Vague / Missing Context,0.1304,Overloaded Prompt,0.0958,464,0.318
44f7c7d988bcfd590093c6c7d392991a,1,No Smell,0.2082,Format Ambiguity,0.1371,Irrelevant / Excessive Persona,0.1111,Unnecessary Repetition,0.0919,213,0.296
44f7c7d988bcfd590093c6c7d392991a,2,No Smell,0.1537,Format Ambiguity,0.1450,Vague / Missing Context,0.1103,Unnecessary Repetition,0.0927,17,0.292
44f7c7d988bcfd590093c6c7d392991a,3,Format Ambiguity,0.2356,No Smell,0.2035,Overloaded Prompt,0.0842,Unnecessary Repetition,0.0763,180,0.296
44f7c7d988bcfd590093c6c7d392991a,4,Vague / Missing Context,0.1853,No Smell,0.1784,Format Ambiguity,0.1196,Overloaded Prompt,0.0817,34,0.292
6449f421b1af4c801bb1981b1b961483,1,Vague / Missing Context,0.1571,Format Ambiguity,0.1349,No Smell,0.1273,Ambiguous References,0.0958,4000,0.830
06a0ad2b41fbe164fc0649e3706fed70,1,Irrelevant / Excessive Persona,0.1897,Vague / Missing Context,0.1772,Format Ambiguity,0.1285,No Smell,0.1283,120,0.293
5a4351f4361472cf7bc39c47690b19c4,1,No Smell,0.1733,Format Ambiguity,0.1684,Vague / Missing Context,0.1176,Overloaded Prompt,0.0866,121,0.293
5a4351f4361472cf7bc39c47690b19c4,2,No Smell,0.2217,Format Ambiguity,0.1239,Ambiguous References,0.1035,Vague / Missing Context,0.0866,40,0.292
a7d0531905bd7c676109e317c9338c74,1,No Smell,0.1767,Vague / Missing Context,0.1487,Format Ambiguity,0.1142,Ambiguous References,0.0832,116,0.294
a7d0531905bd7c676109e317c9338c74,2,No Smell,0.1828,Vague / Missing Context,0.1370,Format Ambiguity,0.1213,Irrelevant / Excessive Persona,0.0801,137,0.293
cfc41d12f22de2ebb7d2770cde51dd9b,1,No Smell,0.2086,Format Ambiguity,0.1358,Irrelevant / Excessive Persona,0.1036,Unnecessary Repetition,0.0929,250,0.297
4777e8252a7b7db71f6394dc92f0f777,1,Format Ambiguity,0.1866,No Smell,0.1680,Ambiguous References,0.1068,Vague / Missing Context,0.0904,113,0.295
4777e8252a7b7db71f6394dc92f0f777,2,No Smell,0.1697,Ambiguous References,0.1395,Format Ambiguity,0.1272,Vague / Missing Context,0.1097,21,0.291
4777e8252a7b7db71f6394dc92f0f777,3,Format Ambiguity,0.1414,Conflicting Constraints,0.1348,No Smell,0.1217,Ambiguous References,0.1143,183,0.296
4777e8252a7b7db71f6394dc92f0f777,4,No Smell,0.1655,Ambiguous References,0.1325,Conflicting Constraints,0.1037,Prompt Bloat / Convoluted Prompt,0.0952,3301,0.656
4777e8252a7b7db71f6394dc92f0f777,5,No Smell,0.1589,Format Ambiguity,0.1231,Ambiguous References,0.1189,Vague / Missing Context,0.0991,98,0.293
4777e8252a7b7db71f6394dc92f0f777,6,Vague / Missing Context,0.1554,No Smell,0.1213,Format Ambiguity,0.1206,Ambiguous References,0.1138,70,0.291
4777e8252a7b7db71f6394dc92f0f777,7,No Smell,0.1944,Format Ambiguity,0.1145,Conflicting Constraints,0.1016,Ambiguous References,0.0978,3310,0.657
4777e8252a7b7db71f6394dc92f0f777,8,No Smell,0.1731,Ambiguous References,0.1174,Prompt Bloat / Convoluted Prompt,0.1055,Conflicting Constraints,0.1034,1770,0.580
230a17b4e97d95fac97c4a734bfd5fa7,1,No Smell,0.3448,Format Ambiguity,0.1224,Irrelevant / Excessive Persona,0.0762,Unnecessary Repetition,0.0747,36,0.291
5d88301d584ab9f1f8085fdf86004444,1,No Smell,0.1499,Vague / Missing Context,0.1495,Format Ambiguity,0.1469,Prompt Bloat / Convoluted Prompt,0.0842,1089,0.422
5d88301d584ab9f1f8085fdf86004444,2,Format Ambiguity,0.1865,Vague / Missing Context,0.1706,No Smell,0.1395,Overloaded Prompt,0.0840,53,0.293
5d88301d584ab9f1f8085fdf86004444,3,Format Ambiguity,0.1469,No Smell,0.1437,Vague / Missing Context,0.1273,Ambiguous References,0.0955,527,0.330
48cef2f01eaf767fded8ae280332bedc,1,No Smell,0.1650,Format Ambiguity,0.1649,Overloaded Prompt,0.1134,Vague / Missing Context,0.0992,227,0.296
f443b28d33d4e126b54ac3ad98dbf7c7,1,No Smell,0.2179,Format Ambiguity,0.1792,Vague / Missing Context,0.1055,Overloaded Prompt,0.0903,266,0.297
f443b28d33d4e126b54ac3ad98dbf7c7,2,No Smell,0.2325,Format Ambiguity,0.1225,Overloaded Prompt,0.1087,Irrelevant / Excessive Persona,0.0867,102,0.293
f443b28d33d4e126b54ac3ad98dbf7c7,3,No Smell,0.1857,Format Ambiguity,0.1820,Ambiguous References,0.1068,Vague / Missing Context,0.0968,368,0.322
f443b28d33d4e126b54ac3ad98dbf7c7,4,No Smell,0.1888,Format Ambiguity,0.1266,Unnecessary Repetition,0.1072,Overloaded Prompt,0.0998,101,0.292
f443b28d33d4e126b54ac3ad98dbf7c7,5,Overloaded Prompt,0.2052,No Smell,0.1889,Format Ambiguity,0.1723,Irrelevant / Excessive Persona,0.0772,332,0.320
f443b28d33d4e126b54ac3ad98dbf7c7,6,No Smell,0.2052,Format Ambiguity,0.1494,Overloaded Prompt,0.0898,Prompt Bloat / Convoluted Prompt,0.0871,478,0.330
15a4fd63fc2fb9d67968ca09a4c824d4,1,No Smell,0.1594,Format Ambiguity,0.1381,Vague / Missing Context,0.1146,Ambiguous References,0.0929,9,0.291
15a4fd63fc2fb9d67968ca09a4c824d4,2,Format Ambiguity,0.2093,No Smell,0.1354,Vague / Missing Context,0.1249,Overloaded Prompt,0.0892,58,0.292
15a4fd63fc2fb9d67968ca09a4c824d4,3,Formality / Audience Mismatch,0.1399,No Smell,0.1296,Vague / Missing Context,0.1280,Format Ambiguity,0.1021,59,0.292
15a4fd63fc2fb9d67968ca09a4c824d4,4,No Smell,0.1571,Vague / Missing Context,0.1364,Unnecessary Repetition,0.1262,Format Ambiguity,0.1156,41,0.291
15a4fd63fc2fb9d67968ca09a4c824d4,5,Vague / Missing Context,0.2247,Format Ambiguity,0.1531,No Smell,0.1349,Overloaded Prompt,0.0936,100,0.292
f5af8a4bd43cd29617991db2d95ab5bb,1,No Smell,0.2301,Vague / Missing Context,0.1118,Format Ambiguity,0.1115,Conflicting Constraints,0.0840,21,0.292
fea282be5a78f0d6973cae8de465bbfe,1,No Smell,0.1508,Vague / Missing Context,0.1505,Format Ambiguity,0.1259,Unnecessary Repetition,0.0907,166,0.295
c81b89325eb53777cf1ec1135ddfaf8f,1,No Smell,0.1612,Vague / Missing Context,0.1290,Format Ambiguity,0.1231,Irrelevant / Excessive Persona,0.0859,47,0.291
951392f185fffc326426677c574b351e,1,Ambiguous References,0.1984,Format Ambiguity,0.1110,Vague / Missing Context,0.1107,Prompt Bloat / Convoluted Prompt,0.0940,480,0.363
da0354bebabd4bbd687ba97fa805bb74,1,No Smell,0.1452,Format Ambiguity,0.1272,Vague / Missing Context,0.1117,Ambiguous References,0.1037,747,0.395
44e9bb65071d06bf72821c375278fc50,1,Ambiguous References,0.1985,Format Ambiguity,0.1155,Vague / Missing Context,0.1126,Prompt Bloat / Convoluted Prompt,0.0923,634,0.387
1421ad2e15058bfb60a2df122bd1583d,1,No Smell,0.1499,Vague / Missing Context,0.1495,Format Ambiguity,0.1469,Prompt Bloat / Convoluted Prompt,0.0842,1089,0.421
1421ad2e15058bfb60a2df122bd1583d,2,Format Ambiguity,0.1865,Vague / Missing Context,0.1706,No Smell,0.1395,Overloaded Prompt,0.0840,53,0.292
2645c8ff43df36533a35f2181bdb346f,1,No Smell,0.2028,Format Ambiguity,0.1238,Vague / Missing Context,0.1002,Ambiguous References,0.0965,40,0.293
895081527702c290deeb02f3888051c8,2,Format Ambiguity,0.1530,No Smell,0.1502,Vague / Missing Context,0.1250,Ambiguous References,0.1211,107,0.293
e532068dff04599b49a14a2dcea07b44,1,Ambiguous References,0.2146,Vague / Missing Context,0.1142,Format Ambiguity,0.1124,Prompt Bloat / Convoluted Prompt,0.0910,684,0.389
40dc954680a73bbe8f62e0d2b4e7a1b9,1,No Smell,0.1371,Ambiguous References,0.1345,Format Ambiguity,0.1291,Prompt Bloat / Convoluted Prompt,0.0973,3662,0.752
514bcd1f05f28475d98ca61cf40c7df1,1,No Smell,0.2342,Format Ambiguity,0.1327,Vague / Missing Context,0.0905,Irrelevant / Excessive Persona,0.0832,42,0.292
4ecfb62c9829262af13576f47b7115ae,1,Ambiguous References,0.2111,Vague / Missing Context,0.1140,Format Ambiguity,0.1069,Prompt Bloat / Convoluted Prompt,0.0886,825,0.423
57a24b9ddc09293f98687d1e1cbc4395,1,No Smell,0.1826,Ambiguous References,0.1615,Format Ambiguity,0.1513,Vague / Missing Context,0.1205,49,0.292
57a24b9ddc09293f98687d1e1cbc4395,2,No Smell,0.1403,Vague / Missing Context,0.1387,Ambiguous References,0.1184,Format Ambiguity,0.1059,50,0.291
08af82513fa61dc4e148bd06c89fe133,1,No Smell,0.2074,Irrelevant / Excessive Persona,0.1546,Format Ambiguity,0.1167,Ambiguous References,0.0853,389,0.321
08af82513fa61dc4e148bd06c89fe133,2,No Smell,0.1824,Format Ambiguity,0.1775,Overloaded Prompt,0.1764,Irrelevant / Excessive Persona,0.1144,155,0.296
2fe9fce8649119707a05d48a52cc736f,4,No Smell,0.2275,Format Ambiguity,0.1271,Ambiguous References,0.1125,Unnecessary Repetition,0.0870,126,0.295
1a8960172d0f0ffbb94a8ffc9751f610,1,Vague / Missing Context,0.1406,Format Ambiguity,0.1288,Ambiguous References,0.1090,No Smell,0.1049,1283,0.415
3a84ad59ca5b0e2545b458e0068d4bfa,1,No Smell,0.1689,Format Ambiguity,0.1653,Vague / Missing Context,0.1426,Unnecessary Repetition,0.0820,61,0.292
f443b5e53a79f01685765ea5c4a5f91e,1,Ambiguous References,0.2045,Format Ambiguity,0.1161,Vague / Missing Context,0.1022,Prompt Bloat / Convoluted Prompt,0.0915,1188,0.463
a59b4b976a24b9f74d4eab02ed141b8c,1,Format Ambiguity,0.1351,Vague / Missing Context,0.1241,Unnecessary Repetition,0.1087,Ambiguous References,0.1068,2053,0.514
1805293fb4f1c3ae39bbaab5d9fb625e,1,Vague / Missing Context,0.1484,Format Ambiguity,0.1222,No Smell,0.1122,Prompt Bloat / Convoluted Prompt,0.1049,667,0.380
33f0f2f8773fbf2316be15b5137a7799,1,No Smell,0.2060,Format Ambiguity,0.1151,Unnecessary Repetition,0.1010,Prompt Bloat / Convoluted Prompt,0.0925,4000,0.722
33f0f2f8773fbf2316be15b5137a7799,2,No Smell,0.2552,Format Ambiguity,0.1315,Vague / Missing Context,0.0865,Irrelevant / Excessive Persona,0.0785,52,0.292
33f0f2f8773fbf2316be15b5137a7799,3,No Smell,0.2123,Format Ambiguity,0.1314,Ambiguous References,0.0913,Unnecessary Repetition,0.0874,79,0.292
33f0f2f8773fbf2316be15b5137a7799,4,No Smell,0.1562,Format Ambiguity,0.1117,Vague / Missing Context,0.1089,Conflicting Constraints,0.1007,15,0.292
33f0f2f8773fbf2316be15b5137a7799,5,No Smell,0.1802,Format Ambiguity,0.1309,Vague / Missing Context,0.1044,Prompt Bloat / Convoluted Prompt,0.0931,4000,0.657
ee0cf02eb781b3d551d90d2b2f940655,1,Ambiguous References,0.1988,Format Ambiguity,0.1183,Vague / Missing Context,0.1098,No Smell,0.0926,1235,0.465
0769a078d1c5c65fa2955d7e71ce589e,1,Vague / Missing Context,0.1267,No Smell,0.1255,Ambiguous References,0.1171,Format Ambiguity,0.1148,1642,0.514
72f88d6705e54477b2c9e56fcac2a9fd,1,Ambiguous References,0.1965,Format Ambiguity,0.1211,Vague / Missing Context,0.1077,Prompt Bloat / Convoluted Prompt,0.0903,1290,0.515
51bc669b97949b32b584a21c915accb4,1,No Smell,0.1778,Format Ambiguity,0.1264,Prompt Bloat / Convoluted Prompt,0.0968,Ambiguous References,0.0914,4000,0.911
51bc669b97949b32b584a21c915accb4,2,No Smell,0.2212,Format Ambiguity,0.1106,Prompt Bloat / Convoluted Prompt,0.0954,Unnecessary Repetition,0.0941,4000,0.712
f70407cf3670b423785d0afea2492150,2,Ambiguous References,0.2458,Format Ambiguity,0.1562,No Smell,0.1265,Vague / Missing Context,0.0921,166,0.296
f70407cf3670b423785d0afea2492150,3,Ambiguous References,0.2482,Format Ambiguity,0.1403,No Smell,0.1360,Vague / Missing Context,0.0878,189,0.296
f70407cf3670b423785d0afea2492150,4,Ambiguous References,0.2550,Format Ambiguity,0.1443,No Smell,0.1301,Vague / Missing Context,0.0874,220,0.297
f70407cf3670b423785d0afea2492150,5,Ambiguous References,0.2606,Format Ambiguity,0.1435,Vague / Missing Context,0.1081,No Smell,0.1046,277,0.297
f70407cf3670b423785d0afea2492150,6,Ambiguous References,0.2635,Format Ambiguity,0.1508,Vague / Missing Context,0.1106,No Smell,0.0995,330,0.320
47adda60ca66079df77f9a0252ba63f2,1,No Smell,0.1392,Vague / Missing Context,0.1165,Format Ambiguity,0.1135,Unnecessary Repetition,0.1044,624,0.362
3bb5cac0741cf1c64a26f9fc6c722837,1,No Smell,0.2099,Format Ambiguity,0.1225,Ambiguous References,0.1031,Overloaded Prompt,0.1022,645,0.396
3bb5cac0741cf1c64a26f9fc6c722837,2,No Smell,0.1971,Format Ambiguity,0.1228,Unnecessary Repetition,0.0915,Vague / Missing Context,0.0904,18,0.292
3bb5cac0741cf1c64a26f9fc6c722837,3,No Smell,0.1959,Format Ambiguity,0.1252,Ambiguous References,0.1013,Vague / Missing Context,0.0882,52,0.293
3bb5cac0741cf1c64a26f9fc6c722837,4,No Smell,0.1574,Unnecessary Repetition,0.1418,Format Ambiguity,0.1056,Ambiguous References,0.1051,383,0.362
ede6219f4da9c473a4fb3d7a109817cb,1,Ambiguous References,0.1951,Format Ambiguity,0.1181,Vague / Missing Context,0.1074,No Smell,0.0895,1295,0.515
8772b0f847f34f8c2fd5622b9fbbc702,1,Format Ambiguity,0.1344,Vague / Missing Context,0.1251,No Smell,0.1192,Ambiguous References,0.1106,940,0.396
a6a48f6e14bb41f081cd460f56ff563d,1,Ambiguous References,0.1951,Format Ambiguity,0.1181,Vague / Missing Context,0.1074,No Smell,0.0895,1295,0.254
7dd6e3ea500301333559a11004f8a683,1,Ambiguous References,0.1951,Format Ambiguity,0.1181,Vague / Missing Context,0.1074,No Smell,0.0895,1295,0.254
7dc0ea55865c716f8b3f8d8bceb3fb0a,1,Format Ambiguity,0.2015,Overloaded Prompt,0.1772,Vague / Missing Context,0.1684,No Smell,0.1173,553,0.319
5f6b0f936266fd24f27f199583e7dfcf,1,No Smell,0.1697,Format Ambiguity,0.1219,Ambiguous References,0.1081,Unnecessary Repetition,0.0966,269,0.297
5f6b0f936266fd24f27f199583e7dfcf,2,No Smell,0.1977,Format Ambiguity,0.1210,Ambiguous References,0.0974,Unnecessary Repetition,0.0931,55,0.292
5f6b0f936266fd24f27f199583e7dfcf,3,No Smell,0.2137,Format Ambiguity,0.1270,Vague / Missing Context,0.0987,Ambiguous References,0.0913,33,0.293
5f6b0f936266fd24f27f199583e7dfcf,4,No Smell,0.2097,Format Ambiguity,0.1578,Vague / Missing Context,0.1255,Conflicting Constraints,0.0912,51,0.292
5f6b0f936266fd24f27f199583e7dfcf,5,Vague / Missing Context,0.2222,No Smell,0.1199,Format Ambiguity,0.1127,Ambiguous References,0.0871,19,0.292
5f6b0f936266fd24f27f199583e7dfcf,6,Vague / Missing Context,0.2069,No Smell,0.1270,Format Ambiguity,0.1060,Ambiguous References,0.0891,15,0.292
5f6b0f936266fd24f27f199583e7dfcf,7,Ambiguous References,0.1718,Vague / Missing Context,0.1322,No Smell,0.1246,Format Ambiguity,0.1138,39,0.293
b29a61dc31e104f87c51378d7538f548,1,Ambiguous References,0.1900,Format Ambiguity,0.1170,Vague / Missing Context,0.1121,Prompt Bloat / Convoluted Prompt,0.0899,1446,0.499
e17cd9631f50512d9703722d77e8a4f6,1,Ambiguous References,0.1900,Format Ambiguity,0.1170,Vague / Missing Context,0.1121,Prompt Bloat / Convoluted Prompt,0.0899,1446,0.254
276a0785a1c4e24bea369df051727391,1,Ambiguous References,0.1814,Format Ambiguity,0.1180,Vague / Missing Context,0.1118,No Smell,0.0910,1455,0.500
be081e809d452a51f7cd53e5c77ddf97,1,Ambiguous References,0.1807,Format Ambiguity,0.1182,Vague / Missing Context,0.1120,No Smell,0.0911,1455,0.500
96e131e8aed3439d8abe50940043b75d,1,Ambiguous References,0.1807,Format Ambiguity,0.1182,Vague / Missing Context,0.1120,No Smell,0.0911,1455,0.255
38f98fc65bff90bcf805891d13783e6d,1,No Smell,0.1785,Format Ambiguity,0.1329,Ambiguous References,0.1171,Vague / Missing Context,0.0993,35,0.294
c3f4a5fb7b24e1ede8b91695dfd5048b,1,Ambiguous References,0.1596,Format Ambiguity,0.1191,Vague / Missing Context,0.1139,Prompt Bloat / Convoluted Prompt,0.0952,4000,0.963
4f1ea10603f8787a8451c365c656e0d9,1,Ambiguous References,0.1596,Format Ambiguity,0.1191,Vague / Missing Context,0.1139,Prompt Bloat / Convoluted Prompt,0.0952,4000,0.263
a78afc983e30fe14f654c8764f548bb7,1,Vague / Missing Context,0.1508,No Smell,0.1422,Format Ambiguity,0.1416,Overloaded Prompt,0.0954,1591,0.515
a78afc983e30fe14f654c8764f548bb7,2,Format Ambiguity,0.1865,Vague / Missing Context,0.1706,No Smell,0.1395,Overloaded Prompt,0.0840,53,0.293
a78afc983e30fe14f654c8764f548bb7,3,No Smell,0.1496,Format Ambiguity,0.1362,Vague / Missing Context,0.1173,Unnecessary Repetition,0.0930,553,0.362
a78afc983e30fe14f654c8764f548bb7,4,No Smell,0.1490,Format Ambiguity,0.1436,Vague / Missing Context,0.1417,Ambiguous References,0.0964,123,0.295
020d0a1cd3e1475ddd472219a772219a,1,Ambiguous References,0.1596,Format Ambiguity,0.1191,Vague / Missing Context,0.1139,Prompt Bloat / Convoluted Prompt,0.0952,4000,0.963
e05d7ae65479d2425594d12f1ef872a7,1,Ambiguous References,0.1596,Format Ambiguity,0.1191,Vague / Missing Context,0.1139,Prompt Bloat / Convoluted Prompt,0.0952,4000,0.263
34da679e1f4cf9f4793b45d241994070,1,Vague / Missing Context,0.1508,No Smell,0.1422,Format Ambiguity,0.1416,Overloaded Prompt,0.0954,1591,0.515
34da679e1f4cf9f4793b45d241994070,2,Format Ambiguity,0.1865,Vague / Missing Context,0.1706,No Smell,0.1395,Overloaded Prompt,0.0840,53,0.293
34da679e1f4cf9f4793b45d241994070,3,Format Ambiguity,0.1469,No Smell,0.1437,Vague / Missing Context,0.1273,Ambiguous References,0.0955,527,0.330
34da679e1f4cf9f4793b45d241994070,4,No Smell,0.1490,Format Ambiguity,0.1436,Vague / Missing Context,0.1417,Ambiguous References,0.0964,123,0.295
636e6ef3f184b823007e309f3bec98ab,1,Ambiguous References,0.1596,Format Ambiguity,0.1191,Vague / Missing Context,0.1139,Prompt Bloat / Convoluted Prompt,0.0952,4000,0.963
b504cd0e3f5e7ebdaefe883902ffb673,1,No Smell,0.1469,Format Ambiguity,0.1389,Ambiguous References,0.1326,Vague / Missing Context,0.1086,723,0.380
2e30c9b8b8374528003c51d79123ba6d,1,No Smell,0.1501,Ambiguous References,0.1338,Format Ambiguity,0.1326,Vague / Missing Context,0.1097,741,0.381
78ff696c036a8122440791429d99f9e3,1,No Smell,0.2358,Format Ambiguity,0.1009,Vague / Missing Context,0.0950,Irrelevant / Excessive Persona,0.0878,31,0.293
ec6e8ea65c53a477d0a5f701a984bfa5,1,Vague / Missing Context,0.1508,No Smell,0.1422,Format Ambiguity,0.1416,Overloaded Prompt,0.0954,1591,0.515
ec6e8ea65c53a477d0a5f701a984bfa5,2,Format Ambiguity,0.1865,Vague / Missing Context,0.1706,No Smell,0.1395,Overloaded Prompt,0.0840,53,0.292
ec6e8ea65c53a477d0a5f701a984bfa5,3,No Smell,0.1415,Format Ambiguity,0.1341,Vague / Missing Context,0.1134,Ambiguous References,0.0961,649,0.363
ec6e8ea65c53a477d0a5f701a984bfa5,4,Vague / Missing Context,0.1468,No Smell,0.1413,Format Ambiguity,0.1396,Ambiguous References,0.0926,194,0.296
05999ea9d1bfc5df96ede7602ac77b96,1,No Smell,0.1565,Format Ambiguity,0.1154,Ambiguous References,0.1114,Vague / Missing Context,0.1052,132,0.294
05999ea9d1bfc5df96ede7602ac77b96,2,No Smell,0.2320,Format Ambiguity,0.1254,Conflicting Constraints,0.0979,Vague / Missing Context,0.0977,26,0.293
2753cf6e6855e9221a9b7a5e47113b2e,1,No Smell,0.2135,Format Ambiguity,0.1169,Prompt Bloat / Convoluted Prompt,0.0911,Unnecessary Repetition,0.0907,4000,0.712
2753cf6e6855e9221a9b7a5e47113b2e,2,No Smell,0.2617,Format Ambiguity,0.1311,Vague / Missing Context,0.0911,Irrelevant / Excessive Persona,0.0795,87,0.293
2753cf6e6855e9221a9b7a5e47113b2e,3,No Smell,0.2153,Format Ambiguity,0.1229,Vague / Missing Context,0.0949,Unnecessary Repetition,0.0922,44,0.293
2753cf6e6855e9221a9b7a5e47113b2e,4,No Smell,0.2603,Format Ambiguity,0.1205,Vague / Missing Context,0.0902,Irrelevant / Excessive Persona,0.0848,124,0.294
2753cf6e6855e9221a9b7a5e47113b2e,5,No Smell,0.2337,Unnecessary Repetition,0.1115,Format Ambiguity,0.1037,Ambiguous References,0.1023,456,0.361
2753cf6e6855e9221a9b7a5e47113b2e,6,Format Ambiguity,0.2108,No Smell,0.1509,Overloaded Prompt,0.1015,Ambiguous References,0.0994,26,0.292
2753cf6e6855e9221a9b7a5e47113b2e,7,No Smell,0.1744,Vague / Missing Context,0.1089,Format Ambiguity,0.1039,Unnecessary Repetition,0.0926,38,0.293
d0b83914cab8d6978ed52f4d2379893e,1,Format Ambiguity,0.1577,No Smell,0.1500,Vague / Missing Context,0.1141,Ambiguous References,0.0950,354,0.319
d0b83914cab8d6978ed52f4d2379893e,2,Format Ambiguity,0.1577,No Smell,0.1500,Vague / Missing Context,0.1141,Ambiguous References,0.0950,354,0.251
d0b83914cab8d6978ed52f4d2379893e,3,Format Ambiguity,0.1580,No Smell,0.1498,Vague / Missing Context,0.1152,Ambiguous References,0.0923,354,0.318
d0b83914cab8d6978ed52f4d2379893e,4,Vague / Missing Context,0.1969,Ambiguous References,0.1359,Format Ambiguity,0.1182,No Smell,0.0938,310,0.317
c34fa42fe0dded09c2d8470c22d14716,1,No Smell,0.1721,Format Ambiguity,0.1521,Vague / Missing Context,0.1061,Overloaded Prompt,0.0861,64,0.293
e82bfa429468dff67e4d8f2d4604ac3e,1,Vague / Missing Context,0.1479,Format Ambiguity,0.1432,No Smell,0.1172,Ambiguous References,0.1085,309,0.317
e82bfa429468dff67e4d8f2d4604ac3e,2,Format Ambiguity,0.1577,No Smell,0.1500,Vague / Missing Context,0.1141,Ambiguous References,0.0950,354,0.318
8d339f4d74ac3bec7605505d0243d4ea,1,No Smell,0.2633,Format Ambiguity,0.1457,Vague / Missing Context,0.1379,Irrelevant / Excessive Persona,0.0737,46,0.293
d16f83c3826d9c031706756605ec3616,1,Vague / Missing Context,0.1508,No Smell,0.1422,Format Ambiguity,0.1416,Overloaded Prompt,0.0954,1591,0.515
d16f83c3826d9c031706756605ec3616,2,Format Ambiguity,0.1995,Vague / Missing Context,0.1503,No Smell,0.1468,Overloaded Prompt,0.0942,65,0.293
d16f83c3826d9c031706756605ec3616,3,Vague / Missing Context,0.1366,No Smell,0.1294,Format Ambiguity,0.1255,Prompt Bloat / Convoluted Prompt,0.0939,464,0.318
d16f83c3826d9c031706756605ec3616,4,No Smell,0.1555,Vague / Missing Context,0.1453,Format Ambiguity,0.1449,Ambiguous References,0.0914,206,0.296
fab52f6102b5fa2d884f07c10da6618f,1,Format Ambiguity,0.1577,No Smell,0.1500,Vague / Missing Context,0.1141,Ambiguous References,0.0950,354,0.318
fab52f6102b5fa2d884f07c10da6618f,2,Vague / Missing Context,0.1832,Ambiguous References,0.1731,Format Ambiguity,0.1085,No Smell,0.1009,299,0.316
fab52f6102b5fa2d884f07c10da6618f,3,Vague / Missing Context,0.1542,Format Ambiguity,0.1450,No Smell,0.1062,Ambiguous References,0.1020,328,0.317
c98eb3d2c443b1f941e411837ee60d76,1,No Smell,0.1991,Format Ambiguity,0.1191,Ambiguous References,0.1135,Unnecessary Repetition,0.1047,56,0.293
2090c0f6204b29d90c9f7377b4d3cab4,2,No Smell,0.1968,Format Ambiguity,0.1090,Vague / Missing Context,0.0931,Ambiguous References,0.0877,26,0.292
4ccff7468d3b93777bf711ee3471697b,1,Overloaded Prompt,0.1567,Format Ambiguity,0.1494,Vague / Missing Context,0.1419,No Smell,0.1281,394,0.323
74282ff13a63e51bc5e8e3a97696d63f,1,Ambiguous References,0.1521,Format Ambiguity,0.1324,Vague / Missing Context,0.1258,Prompt Bloat / Convoluted Prompt,0.1004,296,0.322
b2ac5d3a698402202490680373072869,1,No Smell,0.1996,Format Ambiguity,0.1317,Vague / Missing Context,0.1182,Ambiguous References,0.0906,38,0.292
b2ac5d3a698402202490680373072869,2,No Smell,0.2067,Format Ambiguity,0.1247,Ambiguous References,0.0971,Vague / Missing Context,0.0910,119,0.296
b2ac5d3a698402202490680373072869,3,No Smell,0.1978,Format Ambiguity,0.1243,Overloaded Prompt,0.1060,Ambiguous References,0.0977,129,0.296
b2ac5d3a698402202490680373072869,4,No Smell,0.1839,Overloaded Prompt,0.1247,Format Ambiguity,0.1193,Ambiguous References,0.1005,163,0.296
dedd68d6adb91b9d8b44878954dc8118,1,Ambiguous References,0.1420,Format Ambiguity,0.1266,Vague / Missing Context,0.1207,No Smell,0.1095,319,0.323
62b845f7f7d7bb108666fa9f20597b9d,1,Formality / Audience Mismatch,0.1403,No Smell,0.1267,Prompt Bloat / Convoluted Prompt,0.1094,Irrelevant / Excessive Persona,0.1045,4000,0.832
62b845f7f7d7bb108666fa9f20597b9d,2,No Smell,0.1643,Vague / Missing Context,0.1366,Conflicting Constraints,0.1157,Ambiguous References,0.1065,39,0.293
62b845f7f7d7bb108666fa9f20597b9d,3,Vague / Missing Context,0.1980,Format Ambiguity,0.1316,No Smell,0.1148,Ambiguous References,0.0876,14,0.297
21313f9c1996f931f98ad7ade62747d2,1,Ambiguous References,0.1443,Format Ambiguity,0.1255,Vague / Missing Context,0.1229,No Smell,0.1117,354,0.316
a5bdf6dd22d1a48aa3ba17393158b73f,1,Vague / Missing Context,0.1518,No Smell,0.1365,Format Ambiguity,0.1183,Bias / Loaded Framing,0.1053,110,0.293
a5bdf6dd22d1a48aa3ba17393158b73f,2,Vague / Missing Context,0.1575,No Smell,0.1353,Format Ambiguity,0.1182,Bias / Loaded Framing,0.1082,111,0.293
a5bdf6dd22d1a48aa3ba17393158b73f,3,Vague / Missing Context,0.1518,No Smell,0.1365,Format Ambiguity,0.1199,Bias / Loaded Framing,0.1045,110,0.293
a5bdf6dd22d1a48aa3ba17393158b73f,4,No Smell,0.2120,Vague / Missing Context,0.1422,Format Ambiguity,0.1182,Bias / Loaded Framing,0.1172,89,0.294
a5bdf6dd22d1a48aa3ba17393158b73f,5,No Smell,0.2120,Vague / Missing Context,0.1422,Format Ambiguity,0.1182,Bias / Loaded Framing,0.1172,89,0.249
a5bdf6dd22d1a48aa3ba17393158b73f,6,Vague / Missing Context,0.1858,No Smell,0.1667,Format Ambiguity,0.1487,Bias / Loaded Framing,0.0891,107,0.293
3892f433d3565bc6683aa7c5df0aadba,1,Vague / Missing Context,0.1593,No Smell,0.1477,Format Ambiguity,0.1366,Ambiguous References,0.0940,180,0.296
cef46af2a9161d6c6734cf648d327d84,1,Vague / Missing Context,0.1694,Format Ambiguity,0.1528,No Smell,0.1429,Ambiguous References,0.0890,189,0.296
111e1b90e63911443c0e5b33f9f6c41e,1,Vague / Missing Context,0.1743,Format Ambiguity,0.1519,No Smell,0.1435,Ambiguous References,0.0881,185,0.296
07604129b49f0bf822466f35573b6798,1,Format Ambiguity,0.1534,Vague / Missing Context,0.1369,No Smell,0.1232,Overloaded Prompt,0.1033,1247,0.451
a21e394f7617d05905ee05dd23b57230,1,No Smell,0.2008,Format Ambiguity,0.1177,Unnecessary Repetition,0.0990,Prompt Bloat / Convoluted Prompt,0.0978,4000,0.911
a21e394f7617d05905ee05dd23b57230,2,No Smell,0.1847,Unnecessary Repetition,0.1180,Format Ambiguity,0.1144,Ambiguous References,0.1001,27,0.292
57cb02c7ab9bceb494ee2be524cf6aad,1,Vague / Missing Context,0.1743,Format Ambiguity,0.1519,No Smell,0.1435,Ambiguous References,0.0881,185,0.249
e4093d20053a32d89c15abba07df0a40,1,No Smell,0.2104,Format Ambiguity,0.1166,Unnecessary Repetition,0.0996,Conflicting Constraints,0.0891,46,0.292
65c7f787c597e72d47501f814c5c6ce5,3,No Smell,0.1735,Format Ambiguity,0.1046,Conflicting Constraints,0.1020,Unnecessary Repetition,0.0961,64,0.292
0c06fb0f35b274f13dcd678907500893,1,Vague / Missing Context,0.1764,No Smell,0.1569,Format Ambiguity,0.1563,Unnecessary Repetition,0.0748,210,0.296
4f3352268eae854b4a276de985ca4f50,1,Vague / Missing Context,0.1758,Format Ambiguity,0.1554,No Smell,0.1536,Unnecessary Repetition,0.0755,209,0.297
7f59583df47f4c323941c1ac30d965df,1,Ambiguous References,0.1409,Vague / Missing Context,0.1395,Format Ambiguity,0.1333,No Smell,0.1099,417,0.319
07ca17535781e9af31ca098bb1fac9ae,1,Vague / Missing Context,0.1758,Format Ambiguity,0.1554,No Smell,0.1536,Unnecessary Repetition,0.0755,209,0.249
de312fa83fc07161fc264b5398c31c20,1,No Smell,0.1557,Vague / Missing Context,0.1424,Format Ambiguity,0.1382,Unnecessary Repetition,0.0856,208,0.296
9516be5e654311bf39ca437201c46e00,1,Ambiguous References,0.1391,Vague / Missing Context,0.1387,Format Ambiguity,0.1347,No Smell,0.1126,412,0.319
dd9dcf3ae1fb0be78f08711e634f7e5d,1,No Smell,0.1919,Format Ambiguity,0.1229,Ambiguous References,0.1129,Vague / Missing Context,0.1013,402,0.323
a8e8e8d83857a3b410667428e81f9f1f,1,Ambiguous References,0.1391,Vague / Missing Context,0.1387,Format Ambiguity,0.1347,No Smell,0.1126,412,0.250
18effa3b4cd91b2b1555734a8c8d438a,1,Vague / Missing Context,0.1507,Ambiguous References,0.1496,Format Ambiguity,0.1360,Prompt Bloat / Convoluted Prompt,0.1046,746,0.387
02a334a163351e6ada47775f7f34cf92,2,No Smell,0.1793,Format Ambiguity,0.1416,Vague / Missing Context,0.1352,Unnecessary Repetition,0.0846,26,0.292
e88f425f110e7ac59b9ce7203d250497,1,No Smell,0.1805,Format Ambiguity,0.1253,Ambiguous References,0.1165,Vague / Missing Context,0.0997,457,0.317
c0cf6378e512001daadd6f2cf80eae24,1,Vague / Missing Context,0.1507,Ambiguous References,0.1496,Format Ambiguity,0.1360,Prompt Bloat / Convoluted Prompt,0.1046,746,0.251
7f4a83919ee3d06b3fc6cece8bda763e,1,Ambiguous References,0.1565,Vague / Missing Context,0.1407,Format Ambiguity,0.1381,No Smell,0.1010,862,0.398
322ded381cce666aa86dac2b97688cc1,1,No Smell,0.1877,Format Ambiguity,0.1237,Ambiguous References,0.1128,Vague / Missing Context,0.0961,529,0.318
049959debe662174168fe98db0c9c55a,1,Ambiguous References,0.1729,Format Ambiguity,0.1377,Vague / Missing Context,0.1333,No Smell,0.1003,882,0.400
07e2e7f9bfca9272ed5f7057a06fa526,1,Overloaded Prompt,0.2393,Format Ambiguity,0.1555,No Smell,0.1551,Vague / Missing Context,0.1061,1433,0.423
a1c516cf34b6ae35b2768619301b8507,1,Ambiguous References,0.1777,Format Ambiguity,0.1362,Vague / Missing Context,0.1307,No Smell,0.1013,888,0.400
097b61623d11fab9f3f3970f47c801d2,1,No Smell,0.1864,Format Ambiguity,0.1431,Unnecessary Repetition,0.1226,Vague / Missing Context,0.1156,288,0.320
097b61623d11fab9f3f3970f47c801d2,2,No Smell,0.1736,Format Ambiguity,0.1615,Vague / Missing Context,0.1370,Unnecessary Repetition,0.1030,287,0.320
097b61623d11fab9f3f3970f47c801d2,3,No Smell,0.1760,Format Ambiguity,0.1666,Vague / Missing Context,0.1316,Overloaded Prompt,0.1010,297,0.320
3c6e0b8aa35cab1f329164073a5ccba6,1,Ambiguous References,0.1603,Format Ambiguity,0.1388,Vague / Missing Context,0.1304,No Smell,0.1000,930,0.422
a5d07b405041cbc6cfcc3b08ab4c3f84,1,Ambiguous References,0.1579,Format Ambiguity,0.1381,Vague / Missing Context,0.1307,No Smell,0.0982,899,0.400
2013b1f7eb6db657685ad90bc5e2e7b1,1,No Smell,0.1531,Vague / Missing Context,0.1409,Format Ambiguity,0.1339,Unnecessary Repetition,0.0915,231,0.296
e3e73c856978fd0036e80f614f239e66,1,Overloaded Prompt,0.1879,No Smell,0.1737,Format Ambiguity,0.1666,Vague / Missing Context,0.0704,44,0.293
f3cac5c25944b225904731f6c9f2190c,1,No Smell,0.1531,Vague / Missing Context,0.1409,Format Ambiguity,0.1339,Unnecessary Repetition,0.0915,231,0.250
5cda33098eac3e4f102d02aabad9e7d5,1,No Smell,0.1524,Vague / Missing Context,0.1421,Format Ambiguity,0.1355,Unnecessary Repetition,0.0903,223,0.296
875995f9362411d4e6de4acd0b895eec,1,No Smell,0.1875,Format Ambiguity,0.1241,Ambiguous References,0.1012,Vague / Missing Context,0.0981,527,0.318
fa0722770655bf100d263739d1b1f61e,1,No Smell,0.1948,Format Ambiguity,0.1256,Ambiguous References,0.1026,Vague / Missing Context,0.0980,539,0.319
828f3b08c2d61d659f88456e817fa084,1,No Smell,0.1472,Vague / Missing Context,0.1382,Format Ambiguity,0.1363,Unnecessary Repetition,0.0892,207,0.296
51c57a0da0581ae80a3625a8244963d3,1,No Smell,0.1457,Vague / Missing Context,0.1443,Format Ambiguity,0.1325,Ambiguous References,0.0913,205,0.296
a3c7368d7274d5b9cb66208d46e8f991,4,No Smell,0.1855,Format Ambiguity,0.1232,Vague / Missing Context,0.1044,Ambiguous References,0.0936,33,0.292
88faa396a348a4431cb1909fb2cc075d,1,No Smell,0.1993,Format Ambiguity,0.1282,Ambiguous References,0.1039,Vague / Missing Context,0.1003,634,0.362
88faa396a348a4431cb1909fb2cc075d,2,No Smell,0.1903,Format Ambiguity,0.1270,Ambiguous References,0.1057,Vague / Missing Context,0.0972,552,0.330
b1b23b45f3d6c8c5b8910e3cc68ebc67,1,Format Ambiguity,0.1387,Vague / Missing Context,0.1373,No Smell,0.1362,Ambiguous References,0.0985,206,0.296
3450964a110033db826343419ee325cd,1,Vague / Missing Context,0.1411,No Smell,0.1379,Format Ambiguity,0.1351,Ambiguous References,0.0996,206,0.296
5e28dc6fdf8d64467b8ece464e22ba86,1,Vague / Missing Context,0.1404,No Smell,0.1389,Format Ambiguity,0.1370,Ambiguous References,0.1019,194,0.296
b185d8c81f0ee4b1efd25cb27414437f,1,No Smell,0.1851,Format Ambiguity,0.1278,Ambiguous References,0.1088,Vague / Missing Context,0.0962,575,0.330
08c273f23c1a86fd5ec1bfa413690d18,1,Vague / Missing Context,0.1924,Format Ambiguity,0.1668,No Smell,0.1441,Prompt Bloat / Convoluted Prompt,0.0793,278,0.320
08c273f23c1a86fd5ec1bfa413690d18,2,Format Ambiguity,0.1865,Vague / Missing Context,0.1706,No Smell,0.1395,Overloaded Prompt,0.0840,53,0.292
5616e65d0fea30d61799e4ce68880d94,1,Ambiguous References,0.1686,No Smell,0.1580,Format Ambiguity,0.1259,Irrelevant / Excessive Persona,0.0962,37,0.291
08476ca0445709615a6ecefd66a616ee,1,Vague / Missing Context,0.1789,Format Ambiguity,0.1430,No Smell,0.1340,Ambiguous References,0.0979,196,0.296
c817239b8dc309493ee0e6b640708d83,1,No Smell,0.1977,Format Ambiguity,0.1308,Ambiguous References,0.1049,Vague / Missing Context,0.0943,603,0.362
c389906b1584b25de4790f358ab16b18,1,Vague / Missing Context,0.1945,Format Ambiguity,0.1688,No Smell,0.1476,Prompt Bloat / Convoluted Prompt,0.0779,287,0.320
e7602808796afe88b902090b0ebf5ac5,2,Vague / Missing Context,0.1555,No Smell,0.1461,Format Ambiguity,0.1459,Ambiguous References,0.1104,60,0.292
82c3eeb4224c6092913e62880537df9d,1,No Smell,0.1950,Format Ambiguity,0.1312,Ambiguous References,0.1045,Vague / Missing Context,0.0924,605,0.362
eafa18c96eca31a96aec4872178ad482,1,No Smell,0.1734,Format Ambiguity,0.1311,Ambiguous References,0.1215,Vague / Missing Context,0.1058,137,0.295
eafa18c96eca31a96aec4872178ad482,2,No Smell,0.1766,Format Ambiguity,0.1272,Ambiguous References,0.1204,Vague / Missing Context,0.1005,144,0.296
eafa18c96eca31a96aec4872178ad482,3,No Smell,0.1814,Format Ambiguity,0.1346,Ambiguous References,0.1169,Vague / Missing Context,0.0997,197,0.297
eafa18c96eca31a96aec4872178ad482,4,No Smell,0.1782,Ambiguous References,0.1273,Format Ambiguity,0.1217,Vague / Missing Context,0.0866,261,0.320
eafa18c96eca31a96aec4872178ad482,5,No Smell,0.1663,Ambiguous References,0.1274,Format Ambiguity,0.1252,Vague / Missing Context,0.0947,380,0.330
eafa18c96eca31a96aec4872178ad482,6,No Smell,0.1552,Ambiguous References,0.1244,Format Ambiguity,0.1234,Vague / Missing Context,0.0940,524,0.383
eafa18c96eca31a96aec4872178ad482,7,No Smell,0.1500,Ambiguous References,0.1362,Format Ambiguity,0.1277,Bias / Loaded Framing,0.1056,607,0.380
eafa18c96eca31a96aec4872178ad482,8,No Smell,0.1513,Format Ambiguity,0.1276,Ambiguous References,0.1202,Bias / Loaded Framing,0.1071,674,0.396
eafa18c96eca31a96aec4872178ad482,9,No Smell,0.1432,Format Ambiguity,0.1315,Bias / Loaded Framing,0.1263,Ambiguous References,0.1195,696,0.397
c9f06b8ba76fdbb0470d5126e413e745,1,No Smell,0.1929,Format Ambiguity,0.1327,Ambiguous References,0.1049,Vague / Missing Context,0.0937,634,0.363
3c291f3e5b1ec287f5d5d49705cc3f01,1,No Smell,0.2019,Format Ambiguity,0.1274,Ambiguous References,0.0945,Vague / Missing Context,0.0910,637,0.363
d898302b9607842f6110906d34985286,1,Vague / Missing Context,0.1949,Format Ambiguity,0.1679,No Smell,0.1460,Prompt Bloat / Convoluted Prompt,0.0784,289,0.320
d898302b9607842f6110906d34985286,2,Format Ambiguity,0.1865,Vague / Missing Context,0.1706,No Smell,0.1395,Overloaded Prompt,0.0840,53,0.292
3853436543afd53c38198002ad698e8c,1,No Smell,0.1753,Format Ambiguity,0.1510,Vague / Missing Context,0.1231,Formality / Audience Mismatch,0.0879,83,0.293
1c30191a53cd4638288a92af7d56c61d,1,No Smell,0.1422,Format Ambiguity,0.1323,Overloaded Prompt,0.1101,Vague / Missing Context,0.1019,3062,0.629
1c30191a53cd4638288a92af7d56c61d,2,Overloaded Prompt,0.1512,Format Ambiguity,0.1370,No Smell,0.1280,Vague / Missing Context,0.0972,3141,0.690
8fc73cd8c9cb3d6c27245c8a11633b89,1,No Smell,0.1994,Format Ambiguity,0.1261,Ambiguous References,0.0973,Vague / Missing Context,0.0905,646,0.364
bb8cac9c93e59df5c4bb039e13bbad08,1,Vague / Missing Context,0.1719,Format Ambiguity,0.1430,No Smell,0.1357,Ambiguous References,0.0970,204,0.296
b4422c075a468cd3f5ae3b45a5141d16,1,Vague / Missing Context,0.1783,Format Ambiguity,0.1401,No Smell,0.1177,Ambiguous References,0.0988,195,0.296
82a8425f6de97ed8508ce530371a7f3e,1,Vague / Missing Context,0.2841,Format Ambiguity,0.1626,No Smell,0.1622,Irrelevant / Excessive Persona,0.0612,78,0.293
b7ea14efa45f6464673e14bad3660471,1,Vague / Missing Context,0.2247,No Smell,0.1729,Format Ambiguity,0.1149,Unnecessary Repetition,0.0701,59,0.292
b7ea14efa45f6464673e14bad3660471,2,No Smell,0.1354,Vague / Missing Context,0.1347,Format Ambiguity,0.1233,Ambiguous References,0.1165,799,0.378
b7ea14efa45f6464673e14bad3660471,3,No Smell,0.1652,Vague / Missing Context,0.1065,Unnecessary Repetition,0.1062,Format Ambiguity,0.0984,91,0.293
b7ea14efa45f6464673e14bad3660471,4,Vague / Missing Context,0.2233,Format Ambiguity,0.1249,No Smell,0.1129,Ambiguous References,0.0992,321,0.320
b7ea14efa45f6464673e14bad3660471,5,Vague / Missing Context,0.1907,No Smell,0.1282,Format Ambiguity,0.1207,Ambiguous References,0.0983,598,0.319
b7ea14efa45f6464673e14bad3660471,6,No Smell,0.1132,Vague / Missing Context,0.1074,Ambiguous References,0.1050,Format Ambiguity,0.1049,106,0.293
b7ea14efa45f6464673e14bad3660471,7,Conflicting Constraints,0.1373,No Smell,0.1295,Unnecessary Repetition,0.1220,Format Ambiguity,0.1042,106,0.293
70655e45841743b21b0a0058bf8ddb9b,1,No Smell,0.1802,Format Ambiguity,0.1257,Vague / Missing Context,0.1045,Unnecessary Repetition,0.0887,34,0.293
70655e45841743b21b0a0058bf8ddb9b,2,Unnecessary Repetition,0.1626,No Smell,0.1399,Format Ambiguity,0.1069,Conflicting Constraints,0.1001,10,0.292
b19df29f2a058cf90171567d4eb82ce2,1,No Smell,0.1851,Format Ambiguity,0.1279,Ambiguous References,0.1009,Vague / Missing Context,0.0933,685,0.363
33b02d549ff55ac88b87f9837a210708,1,Vague / Missing Context,0.1713,Format Ambiguity,0.1358,No Smell,0.1186,Ambiguous References,0.1037,236,0.296
967bd49f5d97ec68baa8f438c5d88f80,1,No Smell,0.2343,Overloaded Prompt,0.2059,Format Ambiguity,0.1515,Irrelevant / Excessive Persona,0.0694,30,0.293
eeb74df17287b35188256b82bd2749a3,1,No Smell,0.1909,Format Ambiguity,0.1311,Ambiguous References,0.1087,Vague / Missing Context,0.0942,702,0.363
6a605d5a935dead394982d5f612008ba,1,No Smell,0.1988,Format Ambiguity,0.1276,Ambiguous References,0.1045,Vague / Missing Context,0.0912,649,0.362
c83e4a63ba064e9040f7527e56cdf0d3,1,Vague / Missing Context,0.2185,Format Ambiguity,0.1569,No Smell,0.1311,Ambiguous References,0.0882,291,0.320
c83e4a63ba064e9040f7527e56cdf0d3,2,No Smell,0.1641,Format Ambiguity,0.1573,Vague / Missing Context,0.1504,Ambiguous References,0.0843,90,0.293
c83e4a63ba064e9040f7527e56cdf0d3,3,No Smell,0.1891,Format Ambiguity,0.1552,Vague / Missing Context,0.1325,Overloaded Prompt,0.0917,48,0.293
053c4a93d892c319f970c6a6f1335044,1,No Smell,0.2488,Vague / Missing Context,0.1068,Format Ambiguity,0.1066,Irrelevant / Excessive Persona,0.0897,240,0.296
053c4a93d892c319f970c6a6f1335044,2,No Smell,0.2252,Format Ambiguity,0.1479,Vague / Missing Context,0.1138,Irrelevant / Excessive Persona,0.0771,71,0.293
053c4a93d892c319f970c6a6f1335044,3,No Smell,0.1778,Format Ambiguity,0.1565,Vague / Missing Context,0.1319,Ambiguous References,0.0818,66,0.294
053c4a93d892c319f970c6a6f1335044,4,No Smell,0.1763,Format Ambiguity,0.1540,Ambiguous References,0.1306,Vague / Missing Context,0.0988,35,0.293
053c4a93d892c319f970c6a6f1335044,5,No Smell,0.1381,Vague / Missing Context,0.1277,Format Ambiguity,0.1250,Unnecessary Repetition,0.1139,43,0.293
0a098ebd3b1b0616230604c66fdd4df4,2,No Smell,0.1932,Format Ambiguity,0.1169,Conflicting Constraints,0.1108,Vague / Missing Context,0.1067,22,0.293
0a098ebd3b1b0616230604c66fdd4df4,3,No Smell,0.2014,Format Ambiguity,0.1262,Vague / Missing Context,0.1043,Unnecessary Repetition,0.0872,95,0.296
0a098ebd3b1b0616230604c66fdd4df4,4,No Smell,0.2156,Format Ambiguity,0.1097,Vague / Missing Context,0.0997,Unnecessary Repetition,0.0875,31,0.294
0a098ebd3b1b0616230604c66fdd4df4,6,No Smell,0.2470,Format Ambiguity,0.1072,Ambiguous References,0.0927,Vague / Missing Context,0.0907,69,0.293
0a098ebd3b1b0616230604c66fdd4df4,9,Vague / Missing Context,0.1708,No Smell,0.1425,Format Ambiguity,0.1266,Ambiguous References,0.1037,26,0.293
0a098ebd3b1b0616230604c66fdd4df4,10,No Smell,0.1957,Format Ambiguity,0.1451,Overloaded Prompt,0.0982,Vague / Missing Context,0.0956,37,0.293
0a098ebd3b1b0616230604c66fdd4df4,11,No Smell,0.1964,Vague / Missing Context,0.1661,Format Ambiguity,0.1219,Conflicting Constraints,0.0771,46,0.292
0a098ebd3b1b0616230604c66fdd4df4,12,No Smell,0.1728,Vague / Missing Context,0.1228,Format Ambiguity,0.1198,Ambiguous References,0.0889,71,0.293
0a098ebd3b1b0616230604c66fdd4df4,13,Overloaded Prompt,0.2002,No Smell,0.1701,Format Ambiguity,0.1424,Vague / Missing Context,0.0901,80,0.294
0a098ebd3b1b0616230604c66fdd4df4,14,No Smell,0.1570,Ambiguous References,0.1227,Format Ambiguity,0.1216,Vague / Missing Context,0.1117,30,0.292
0a098ebd3b1b0616230604c66fdd4df4,15,No Smell,0.2406,Format Ambiguity,0.1206,Vague / Missing Context,0.1071,Conflicting Constraints,0.0792,52,0.292
0a098ebd3b1b0616230604c66fdd4df4,16,No Smell,0.2629,Vague / Missing Context,0.1225,Format Ambiguity,0.1208,Conflicting Constraints,0.0915,43,0.292
0a098ebd3b1b0616230604c66fdd4df4,17,No Smell,0.2476,Format Ambiguity,0.1220,Vague / Missing Context,0.1066,Unnecessary Repetition,0.0816,109,0.293
0a098ebd3b1b0616230604c66fdd4df4,18,Vague / Missing Context,0.1754,Ambiguous References,0.1194,No Smell,0.1191,Format Ambiguity,0.1137,43,0.292
0a098ebd3b1b0616230604c66fdd4df4,19,Format Ambiguity,0.1811,Overloaded Prompt,0.1389,No Smell,0.1388,Vague / Missing Context,0.1187,55,0.292
ef8cb74abd62475a2fef22269ea338f4,1,No Smell,0.1974,Format Ambiguity,0.1270,Ambiguous References,0.1060,Vague / Missing Context,0.0948,674,0.363
c10be9e563339cc02f6cb8faea9ee2c9,1,No Smell,0.2331,Format Ambiguity,0.1222,Irrelevant / Excessive Persona,0.0869,Vague / Missing Context,0.0822,43,0.292
c10be9e563339cc02f6cb8faea9ee2c9,2,No Smell,0.2221,Format Ambiguity,0.1254,Vague / Missing Context,0.1085,Irrelevant / Excessive Persona,0.0824,75,0.293
5dee1d8f2da3fb34eab034ef7aa5d78f,1,Vague / Missing Context,0.2179,Format Ambiguity,0.1625,No Smell,0.1382,Ambiguous References,0.0879,325,0.322
ea2a0aaf9db4288875ee84a7b2317f21,1,No Smell,0.1400,Overloaded Prompt,0.1292,Format Ambiguity,0.1151,Ambiguous References,0.1049,370,0.321
49d1405254688e9d4a85bd2f61db6017,1,No Smell,0.1685,Vague / Missing Context,0.1615,Format Ambiguity,0.1354,Ambiguous References,0.1061,139,0.295
49d1405254688e9d4a85bd2f61db6017,2,Format Ambiguity,0.1910,No Smell,0.1458,Vague / Missing Context,0.1290,Irrelevant / Excessive Persona,0.0915,95,0.293
49d1405254688e9d4a85bd2f61db6017,3,No Smell,0.1956,Format Ambiguity,0.1198,Vague / Missing Context,0.1036,Irrelevant / Excessive Persona,0.0951,55,0.293
49d1405254688e9d4a85bd2f61db6017,4,No Smell,0.2008,Format Ambiguity,0.1435,Vague / Missing Context,0.1106,Irrelevant / Excessive Persona,0.0828,94,0.294
49d1405254688e9d4a85bd2f61db6017,5,Format Ambiguity,0.1649,No Smell,0.1376,Vague / Missing Context,0.1360,Irrelevant / Excessive Persona,0.1181,66,0.294
49d1405254688e9d4a85bd2f61db6017,6,No Smell,0.1875,Vague / Missing Context,0.1194,Format Ambiguity,0.1097,Ambiguous References,0.0901,39,0.293
90ab7cd637c0eed7575cb988c6512f4d,1,No Smell,0.2019,Format Ambiguity,0.1284,Ambiguous References,0.1033,Vague / Missing Context,0.0943,695,0.363
82c3408d5711ecd7f0f6a352aab02839,1,No Smell,0.2088,Format Ambiguity,0.1277,Ambiguous References,0.1011,Vague / Missing Context,0.0924,649,0.363
aaee0713473a8232f300c584df683583,1,Vague / Missing Context,0.1733,No Smell,0.1377,Format Ambiguity,0.1375,Prompt Bloat / Convoluted Prompt,0.0966,425,0.317
aaee0713473a8232f300c584df683583,2,Format Ambiguity,0.1995,Vague / Missing Context,0.1503,No Smell,0.1468,Overloaded Prompt,0.0942,65,0.293
35cbbf390fbb63457631ac8c7554ffde,1,Format Ambiguity,0.2539,No Smell,0.1510,Vague / Missing Context,0.1066,Overloaded Prompt,0.0921,34,0.293
f8dbffdfc58b04e08fac8b0184e27e01,1,Vague / Missing Context,0.1832,No Smell,0.1402,Format Ambiguity,0.1350,Ambiguous References,0.0919,669,0.363
095389d544cf5d87d73c6db09a003b63,1,Format Ambiguity,0.2190,No Smell,0.1891,Vague / Missing Context,0.1317,Overloaded Prompt,0.0845,48,0.292
f08ff8291096f2a28a242b7cf888b9d6,3,No Smell,0.1924,Format Ambiguity,0.1195,Vague / Missing Context,0.0957,Ambiguous References,0.0881,23,0.293
f08ff8291096f2a28a242b7cf888b9d6,4,No Smell,0.1634,Format Ambiguity,0.1230,Vague / Missing Context,0.1051,Ambiguous References,0.1036,19,0.293
f08ff8291096f2a28a242b7cf888b9d6,6,No Smell,0.2070,Format Ambiguity,0.1095,Unnecessary Repetition,0.0974,Irrelevant / Excessive Persona,0.0909,275,0.322
f08ff8291096f2a28a242b7cf888b9d6,7,No Smell,0.1824,Format Ambiguity,0.1254,Vague / Missing Context,0.0955,Conflicting Constraints,0.0937,18,0.292
f08ff8291096f2a28a242b7cf888b9d6,11,No Smell,0.2096,Format Ambiguity,0.1031,Unnecessary Repetition,0.0941,Prompt Bloat / Convoluted Prompt,0.0922,244,0.322
1c8cf6e36665c7028d051d67a2d8d588,1,Irrelevant / Excessive Persona,0.1839,Format Ambiguity,0.1264,No Smell,0.1205,Overloaded Prompt,0.1061,212,0.320
a95bf561e5b072e02ec11f4fe9657812,2,No Smell,0.1890,Format Ambiguity,0.1078,Vague / Missing Context,0.1039,Conflicting Constraints,0.1013,21,0.292
a95bf561e5b072e02ec11f4fe9657812,3,No Smell,0.1722,Vague / Missing Context,0.1168,Format Ambiguity,0.1085,Irrelevant / Excessive Persona,0.1030,44,0.293
ad426bea7e18969c0ae966fd90ff21aa,1,No Smell,0.2071,Format Ambiguity,0.1249,Ambiguous References,0.1026,Vague / Missing Context,0.0943,666,0.362
72e96869a0f54d10bd0b44c70459f3e3,1,Vague / Missing Context,0.2445,No Smell,0.1469,Format Ambiguity,0.1178,Conflicting Constraints,0.0764,259,0.320
bca4719584567e1bc922854df872b244,1,No Smell,0.2050,Format Ambiguity,0.1253,Ambiguous References,0.1069,Vague / Missing Context,0.0946,682,0.362
996bcbf0ba1d7123fd310fcf1d62e980,1,Conflicting Constraints,0.1556,No Smell,0.1327,Format Ambiguity,0.1287,Vague / Missing Context,0.1052,226,0.296
996bcbf0ba1d7123fd310fcf1d62e980,2,No Smell,0.1660,Ambiguous References,0.1385,Format Ambiguity,0.1252,Conflicting Constraints,0.1168,50,0.292
73a374713fe0be0ddfd9160c22c738e0,1,Format Ambiguity,0.1566,No Smell,0.1399,Vague / Missing Context,0.1150,Ambiguous References,0.1009,216,0.319
96bbb3c8e984f9b39d9575ede35f47f7,1,Vague / Missing Context,0.1286,Ambiguous References,0.1231,Format Ambiguity,0.1120,Overloaded Prompt,0.1103,794,0.389
96bbb3c8e984f9b39d9575ede35f47f7,2,Vague / Missing Context,0.1242,Ambiguous References,0.1229,Format Ambiguity,0.1121,Overloaded Prompt,0.1077,805,0.389
1315e5a6ba69563b925c4d21ac4319a1,1,Vague / Missing Context,0.1348,Ambiguous References,0.1206,Format Ambiguity,0.1121,Overloaded Prompt,0.1097,805,0.388
1ba66065101d84b02a1330f4dde2521f,1,No Smell,0.2033,Format Ambiguity,0.1249,Ambiguous References,0.1017,Vague / Missing Context,0.0952,688,0.363
4e82c142da688268e5778653c44eda37,1,Vague / Missing Context,0.2369,No Smell,0.1397,Format Ambiguity,0.1167,Conflicting Constraints,0.0786,342,0.323
e51f7b0bdd4b2fab4222e4f4b5bd2ba7,1,Format Ambiguity,0.2325,No Smell,0.2060,Vague / Missing Context,0.0893,Overloaded Prompt,0.0879,82,0.293
168c3814dafe903c5c96d94e345ce0b2,1,Vague / Missing Context,0.1733,No Smell,0.1377,Format Ambiguity,0.1375,Prompt Bloat / Convoluted Prompt,0.0966,425,0.318
168c3814dafe903c5c96d94e345ce0b2,2,Format Ambiguity,0.1865,Vague / Missing Context,0.1706,No Smell,0.1395,Overloaded Prompt,0.0840,53,0.293
168c3814dafe903c5c96d94e345ce0b2,3,No Smell,0.1562,Format Ambiguity,0.1511,Vague / Missing Context,0.1165,Unnecessary Repetition,0.0927,13,0.294
1ae7d0c88fe72d89afa20cff9bef27e5,1,Vague / Missing Context,0.2330,Format Ambiguity,0.1230,No Smell,0.1221,Prompt Bloat / Convoluted Prompt,0.0779,343,0.323
b1e80cecffb6e2a0d74d3f118ff8dd36,1,No Smell,0.1586,Ambiguous References,0.1138,Prompt Bloat / Convoluted Prompt,0.1071,Format Ambiguity,0.1002,2509,0.687
80f08d1a611cb040d70184e0a5f12671,1,No Smell,0.1968,Format Ambiguity,0.1311,Ambiguous References,0.1010,Vague / Missing Context,0.0947,806,0.379
ce3fabca43492ac8a0b0209e8e858be5,1,No Smell,0.1992,Format Ambiguity,0.1293,Ambiguous References,0.1005,Vague / Missing Context,0.0989,809,0.379
377cc569fcb0c3863be49e6d28a72d7a,1,No Smell,0.2517,Format Ambiguity,0.1278,Vague / Missing Context,0.1064,Unnecessary Repetition,0.0836,53,0.293
377cc569fcb0c3863be49e6d28a72d7a,2,No Smell,0.1779,Format Ambiguity,0.1219,Conflicting Constraints,0.0901,Unnecessary Repetition,0.0881,49,0.294
377cc569fcb0c3863be49e6d28a72d7a,3,No Smell,0.1907,Format Ambiguity,0.1564,Ambiguous References,0.0958,Irrelevant / Excessive Persona,0.0930,58,0.292
94377d31d0456bbd3b84bdff9f3f39f4,1,Vague / Missing Context,0.1286,Ambiguous References,0.1231,Format Ambiguity,0.1120,Overloaded Prompt,0.1103,794,0.388
94377d31d0456bbd3b84bdff9f3f39f4,2,Vague / Missing Context,0.1286,Ambiguous References,0.1231,Format Ambiguity,0.1120,Overloaded Prompt,0.1103,794,0.252
8836698304de740fcacf89a8619bc222,1,No Smell,0.1422,Format Ambiguity,0.1396,Vague / Missing Context,0.1145,Ambiguous References,0.1057,395,0.317
f9879866fa52379d7061c97bfaa68130,1,Vague / Missing Context,0.1286,Ambiguous References,0.1231,Format Ambiguity,0.1120,Overloaded Prompt,0.1103,794,0.252
2ab23291c9c170b18b709cc603e08fdf,1,No Smell,0.2012,Format Ambiguity,0.1299,Ambiguous References,0.0996,Vague / Missing Context,0.0981,830,0.380
cafdaae7fe97fdcadda45f7852d27066,1,Vague / Missing Context,0.2027,No Smell,0.1384,Format Ambiguity,0.1341,Conflicting Constraints,0.0793,357,0.316
6111efc1df9f0cf295b2b571a831c90d,1,No Smell,0.1904,Format Ambiguity,0.1322,Ambiguous References,0.1043,Vague / Missing Context,0.1012,877,0.382
43fadb7346fdaef98e87bdc1f741145e,1,Vague / Missing Context,0.2027,No Smell,0.1384,Format Ambiguity,0.1341,Conflicting Constraints,0.0793,357,0.250
cc6f164fe603b81c6c186a2ca047b4ba,1,No Smell,0.1910,Format Ambiguity,0.1314,Ambiguous References,0.1071,Vague / Missing Context,0.0996,878,0.382
994bfec1ebb369936837975fbfadce44,1,No Smell,0.1882,Irrelevant / Excessive Persona,0.1152,Format Ambiguity,0.1048,Unnecessary Repetition,0.1038,33,0.293
83cecb006b8732393651e4750e33f32b,1,Vague / Missing Context,0.1257,Format Ambiguity,0.1229,Overloaded Prompt,0.1170,No Smell,0.1019,839,0.401
f3a439b194779cc9f197fd08d2f44d43,1,No Smell,0.1530,Vague / Missing Context,0.1204,Format Ambiguity,0.1192,Unnecessary Repetition,0.0965,32,0.293
2200dd17a061b65848b4a8df6e026aec,1,Vague / Missing Context,0.1996,Format Ambiguity,0.1318,No Smell,0.1277,Ambiguous References,0.0859,374,0.317
0fa110b93efa80df302ad6297cf9f666,1,Vague / Missing Context,0.2029,Format Ambiguity,0.1435,No Smell,0.1303,Conflicting Constraints,0.0814,401,0.317
93d7a0d67eb5440566f0eef711ab178c,1,Format Ambiguity,0.2325,No Smell,0.2060,Vague / Missing Context,0.0893,Overloaded Prompt,0.0879,82,0.293
93d7a0d67eb5440566f0eef711ab178c,2,Format Ambiguity,0.2058,No Smell,0.1989,Overloaded Prompt,0.1426,Unnecessary Repetition,0.0810,107,0.293
7338c68017fc4611674c21419afff385,1,No Smell,0.1867,Format Ambiguity,0.1851,Vague / Missing Context,0.1198,Overloaded Prompt,0.0950,80,0.293
7338c68017fc4611674c21419afff385,2,Format Ambiguity,0.2026,No Smell,0.1741,Vague / Missing Context,0.1373,Overloaded Prompt,0.0791,379,0.321
7338c68017fc4611674c21419afff385,3,No Smell,0.2008,Format Ambiguity,0.1230,Vague / Missing Context,0.1074,Ambiguous References,0.0873,31,0.292
7338c68017fc4611674c21419afff385,4,No Smell,0.1839,Vague / Missing Context,0.1248,Format Ambiguity,0.1234,Ambiguous References,0.0858,32,0.293
7338c68017fc4611674c21419afff385,5,No Smell,0.1945,Vague / Missing Context,0.1322,Format Ambiguity,0.1248,Conflicting Constraints,0.0790,43,0.292
7338c68017fc4611674c21419afff385,6,No Smell,0.1810,Vague / Missing Context,0.1288,Format Ambiguity,0.1246,Ambiguous References,0.0838,34,0.295
7338c68017fc4611674c21419afff385,7,No Smell,0.1777,Vague / Missing Context,0.1259,Format Ambiguity,0.1223,Ambiguous References,0.0828,35,0.292
7338c68017fc4611674c21419afff385,8,No Smell,0.1887,Format Ambiguity,0.1252,Vague / Missing Context,0.1184,Ambiguous References,0.0824,30,0.292
2d0aa2802de7c1b82d3043cee77809b7,1,No Smell,0.1946,Format Ambiguity,0.1321,Ambiguous References,0.1028,Vague / Missing Context,0.0988,895,0.395
0ec3ed22da39577fa0b6ffa0ec03df11,1,No Smell,0.1888,Format Ambiguity,0.1300,Ambiguous References,0.1028,Vague / Missing Context,0.1026,910,0.396
3c8161139f67130d90a2968fe3a8dc1b,1,No Smell,0.1562,Format Ambiguity,0.1322,Vague / Missing Context,0.1300,Unnecessary Repetition,0.0974,11,0.292
3c8161139f67130d90a2968fe3a8dc1b,5,No Smell,0.1782,Format Ambiguity,0.1588,Vague / Missing Context,0.1180,Irrelevant / Excessive Persona,0.1036,46,0.292
3c8161139f67130d90a2968fe3a8dc1b,6,No Smell,0.1593,Ambiguous References,0.1233,Format Ambiguity,0.1219,Vague / Missing Context,0.0985,29,0.293
3c8161139f67130d90a2968fe3a8dc1b,7,No Smell,0.1599,Format Ambiguity,0.1161,Unnecessary Repetition,0.1064,Conflicting Constraints,0.0925,12,0.292
e9440d1328b46645bd1360105b11f235,1,Vague / Missing Context,0.1774,Format Ambiguity,0.1573,Ambiguous References,0.0975,Overloaded Prompt,0.0954,416,0.317
c7252fe2b285498b1906178ddcd7a45f,1,No Smell,0.1258,Format Ambiguity,0.1198,Ambiguous References,0.1089,Vague / Missing Context,0.1084,171,0.295
895e1c84a2688de62073345bf75eb92d,1,No Smell,0.1939,Format Ambiguity,0.1347,Ambiguous References,0.1091,Vague / Missing Context,0.1051,938,0.396
caa644fde522e1c06fea6eaa7ac1e0c5,1,No Smell,0.1945,Format Ambiguity,0.1253,Vague / Missing Context,0.1079,Ambiguous References,0.0950,86,0.293
839dc6a22f4c5ea838c070639c8aae36,1,No Smell,0.1798,Vague / Missing Context,0.1280,Format Ambiguity,0.1242,Overloaded Prompt,0.0805,37,0.292
d0bee7fc592a8aef82002f96351c30fa,2,Format Ambiguity,0.1865,Vague / Missing Context,0.1706,No Smell,0.1395,Overloaded Prompt,0.0840,53,0.292
b306009088427515e0d6f09ee6e25412,1,No Smell,0.1905,Format Ambiguity,0.1341,Ambiguous References,0.1098,Vague / Missing Context,0.1066,941,0.397
0f8e8a01893905f1eee096a29836f51b,1,Vague / Missing Context,0.2056,Format Ambiguity,0.1548,No Smell,0.1442,Overloaded Prompt,0.0818,2644,0.516
7e4ef8a45c0ff6c4c0908351a7869b36,1,No Smell,0.1899,Format Ambiguity,0.1216,Ambiguous References,0.1056,Vague / Missing Context,0.0983,94,0.293
c96b4a18fde3a9692e477fef7b37b3b4,1,No Smell,0.2095,Format Ambiguity,0.1820,Overloaded Prompt,0.1030,Unnecessary Repetition,0.0852,290,0.297
c96b4a18fde3a9692e477fef7b37b3b4,2,No Smell,0.1557,Format Ambiguity,0.1409,Unnecessary Repetition,0.1283,Bias / Loaded Framing,0.0993,32,0.293
c96b4a18fde3a9692e477fef7b37b3b4,3,No Smell,0.1727,Vague / Missing Context,0.1470,Format Ambiguity,0.1283,Ambiguous References,0.0827,73,0.293
c96b4a18fde3a9692e477fef7b37b3b4,4,Vague / Missing Context,0.2146,Ambiguous References,0.1416,Format Ambiguity,0.1245,No Smell,0.1170,14,0.293
c96b4a18fde3a9692e477fef7b37b3b4,5,No Smell,0.1846,Format Ambiguity,0.1122,Conflicting Constraints,0.0980,Unnecessary Repetition,0.0970,36,0.292
c96b4a18fde3a9692e477fef7b37b3b4,6,No Smell,0.1764,Format Ambiguity,0.1290,Vague / Missing Context,0.1221,Unnecessary Repetition,0.0948,68,0.293
0bc589ba07d839dea98d18d249fee0af,1,No Smell,0.1871,Format Ambiguity,0.1332,Ambiguous References,0.1045,Vague / Missing Context,0.1028,865,0.383
5345e279f7912746182781843d560500,1,No Smell,0.1848,Format Ambiguity,0.1200,Ambiguous References,0.1067,Vague / Missing Context,0.0984,102,0.295
6dd747b46fc60a9d73f5000491665060,1,Format Ambiguity,0.1577,No Smell,0.1500,Vague / Missing Context,0.1141,Ambiguous References,0.0950,354,0.318
c2a0e152e6f27cafc5c7150a70c6d9c4,1,No Smell,0.1667,Format Ambiguity,0.1443,Vague / Missing Context,0.1263,Conflicting Constraints,0.1035,1737,0.462
c2a0e152e6f27cafc5c7150a70c6d9c4,2,Format Ambiguity,0.1517,No Smell,0.1287,Vague / Missing Context,0.1169,Formality / Audience Mismatch,0.1093,3932,0.655
d5f56e4d203ddda87148a297394439f2,1,No Smell,0.1903,Format Ambiguity,0.1304,Ambiguous References,0.1031,Vague / Missing Context,0.1028,868,0.381
67d3aa315eff8eb47219027b0aee5d02,1,No Smell,0.1841,Format Ambiguity,0.1315,Ambiguous References,0.1067,Vague / Missing Context,0.1036,890,0.395
18e54d69af0b3c73f5a879c8b6184ac7,1,No Smell,0.1500,Format Ambiguity,0.1300,Ambiguous References,0.1237,Bias / Loaded Framing,0.1140,787,0.398
18e54d69af0b3c73f5a879c8b6184ac7,2,Format Ambiguity,0.1457,No Smell,0.1431,Vague / Missing Context,0.1252,Ambiguous References,0.1227,824,0.399
18e54d69af0b3c73f5a879c8b6184ac7,3,Format Ambiguity,0.1457,No Smell,0.1431,Vague / Missing Context,0.1252,Ambiguous References,0.1227,824,0.252
18e54d69af0b3c73f5a879c8b6184ac7,4,Format Ambiguity,0.1457,No Smell,0.1431,Vague / Missing Context,0.1252,Ambiguous References,0.1227,824,0.252
18e54d69af0b3c73f5a879c8b6184ac7,5,Format Ambiguity,0.1491,No Smell,0.1329,Vague / Missing Context,0.1295,Ambiguous References,0.1275,853,0.400
f43ce58c40834dce23871d892de0f7ce,1,No Smell,0.1970,Format Ambiguity,0.1314,Ambiguous References,0.1030,Vague / Missing Context,0.1009,897,0.395
de50c7c69e04bd93c016f628cf135784,1,No Smell,0.1796,Vague / Missing Context,0.1393,Format Ambiguity,0.1238,Irrelevant / Excessive Persona,0.0791,74,0.295
cf53e31122b606104edb6eec2b96b371,1,Format Ambiguity,0.1577,No Smell,0.1500,Vague / Missing Context,0.1141,Ambiguous References,0.0950,354,0.318
8a96dd61a6ed4fdaa39007ebfcdac3c1,1,No Smell,0.2082,Format Ambiguity,0.1307,Ambiguous References,0.1002,Vague / Missing Context,0.0976,941,0.387
abe48398f1f401e5de6c92f2aeabd796,1,No Smell,0.1521,Format Ambiguity,0.1281,Ambiguous References,0.1171,Vague / Missing Context,0.1084,1181,0.401
abe48398f1f401e5de6c92f2aeabd796,2,No Smell,0.1519,Format Ambiguity,0.1283,Ambiguous References,0.1224,Vague / Missing Context,0.1084,1257,0.413
4de00ad4d1edc0a2df487524d9ae9413,1,No Smell,0.2104,Format Ambiguity,0.1314,Ambiguous References,0.1012,Vague / Missing Context,0.0955,936,0.396
7350f21f19297fec26038843106c7961,2,No Smell,0.1539,Format Ambiguity,0.1346,Vague / Missing Context,0.1322,Unnecessary Repetition,0.0840,18,0.292
7350f21f19297fec26038843106c7961,3,No Smell,0.2133,Vague / Missing Context,0.1930,Format Ambiguity,0.1074,Unnecessary Repetition,0.0782,26,0.293
7350f21f19297fec26038843106c7961,5,No Smell,0.1735,Vague / Missing Context,0.1319,Format Ambiguity,0.1097,Ambiguous References,0.1092,76,0.293
7350f21f19297fec26038843106c7961,6,No Smell,0.1531,Vague / Missing Context,0.1193,Format Ambiguity,0.1174,Conflicting Constraints,0.0983,34,0.293
4c5a65cb5a7713d72a2115ab3917188b,1,No Smell,0.1427,Ambiguous References,0.1149,Format Ambiguity,0.1122,Formality / Audience Mismatch,0.1082,4000,0.657
c931ae034b79ee9939d74882c64acccc,1,Vague / Missing Context,0.1953,Format Ambiguity,0.1356,No Smell,0.1203,Prompt Bloat / Convoluted Prompt,0.0912,387,0.317
6b336e20cea4da7f4494f43f49e309be,1,No Smell,0.2057,Format Ambiguity,0.1298,Ambiguous References,0.1007,Vague / Missing Context,0.0938,935,0.387
96c7a98347fdf99084937fb8ec8638e9,1,No Smell,0.1482,Ambiguous References,0.1245,Format Ambiguity,0.1061,Formality / Audience Mismatch,0.1031,4000,0.657
02a8480befdf065e15fba96d5460580e,1,Vague / Missing Context,0.2164,Format Ambiguity,0.1253,No Smell,0.1093,Prompt Bloat / Convoluted Prompt,0.0911,388,0.317
85a9addc23bb1fa256f3233a0dbe93dc,1,No Smell,0.1901,Format Ambiguity,0.1211,Ambiguous References,0.1057,Vague / Missing Context,0.0965,102,0.293
85a9addc23bb1fa256f3233a0dbe93dc,2,No Smell,0.1918,Format Ambiguity,0.1202,Ambiguous References,0.1034,Vague / Missing Context,0.0934,113,0.293
85a9addc23bb1fa256f3233a0dbe93dc,3,No Smell,0.1849,Format Ambiguity,0.1204,Ambiguous References,0.1030,Vague / Missing Context,0.0981,119,0.293
85a9addc23bb1fa256f3233a0dbe93dc,4,No Smell,0.1851,Format Ambiguity,0.1211,Ambiguous References,0.1019,Vague / Missing Context,0.0959,126,0.294
85a9addc23bb1fa256f3233a0dbe93dc,5,No Smell,0.1791,Format Ambiguity,0.1210,Ambiguous References,0.1043,Vague / Missing Context,0.0982,133,0.295
01e233f843a2f0d7aa0b8bec741ec660,1,No Smell,0.2128,Format Ambiguity,0.1277,Ambiguous References,0.1011,Vague / Missing Context,0.0897,959,0.388
aa4f49cce0c773dd139e793a7cea6d06,1,Format Ambiguity,0.1698,No Smell,0.1695,Overloaded Prompt,0.1084,Vague / Missing Context,0.0975,226,0.296
506bf310e1a4fd44405f1476be43738a,1,No Smell,0.2101,Format Ambiguity,0.1276,Ambiguous References,0.0970,Vague / Missing Context,0.0950,973,0.388
a48183e8f80cb20e89e8afc288cdcb61,1,Vague / Missing Context,0.1599,Format Ambiguity,0.1245,Ambiguous References,0.1177,No Smell,0.1095,4000,0.656
a48183e8f80cb20e89e8afc288cdcb61,2,No Smell,0.1916,Format Ambiguity,0.1067,Vague / Missing Context,0.0901,Unnecessary Repetition,0.0854,64,0.294
a48183e8f80cb20e89e8afc288cdcb61,3,Ambiguous References,0.1404,Format Ambiguity,0.1393,No Smell,0.1353,Prompt Bloat / Convoluted Prompt,0.0958,481,0.451
a48183e8f80cb20e89e8afc288cdcb61,4,No Smell,0.1497,Format Ambiguity,0.1346,Prompt Bloat / Convoluted Prompt,0.1029,Unnecessary Repetition,0.0973,855,0.514
a48183e8f80cb20e89e8afc288cdcb61,5,Vague / Missing Context,0.1817,No Smell,0.1427,Format Ambiguity,0.1242,Prompt Bloat / Convoluted Prompt,0.0892,111,0.294
a48183e8f80cb20e89e8afc288cdcb61,6,No Smell,0.1900,Format Ambiguity,0.1193,Prompt Bloat / Convoluted Prompt,0.0950,Ambiguous References,0.0920,212,0.320
41ba9ca6fd66d12517a2b62451130e7c,1,No Smell,0.2060,Format Ambiguity,0.1321,Ambiguous References,0.0998,Vague / Missing Context,0.0978,937,0.397
02158d027d07be1d10e7a9462f585438,1,Format Ambiguity,0.1698,No Smell,0.1695,Overloaded Prompt,0.1084,Vague / Missing Context,0.0975,226,0.297
ebc4fb10b0b65dc1569b87e62f910175,1,No Smell,0.1954,Format Ambiguity,0.1331,Conflicting Constraints,0.1108,Vague / Missing Context,0.0956,214,0.296
18f34f00f67b603ef3ef78619102fe55,1,No Smell,0.2109,Format Ambiguity,0.1317,Ambiguous References,0.0998,Vague / Missing Context,0.0948,945,0.387
7c70c27a76e15191cc4205b93f85b7ec,1,No Smell,0.1709,Format Ambiguity,0.1341,Ambiguous References,0.1108,Vague / Missing Context,0.1063,241,0.319
0f7895746147cf5383a494d735e791af,1,No Smell,0.1763,Format Ambiguity,0.1396,Conflicting Constraints,0.1012,Vague / Missing Context,0.0967,233,0.296
4f3a66f8074879b0a8036e50ad288344,1,No Smell,0.1587,Format Ambiguity,0.1270,Ambiguous References,0.1209,Vague / Missing Context,0.1060,250,0.320
e63369ce74bffa12e2b1801ca6490f9d,2,No Smell,0.1613,Unnecessary Repetition,0.1057,Vague / Missing Context,0.1039,Format Ambiguity,0.0971,24,0.293
b0a5c45228977c4eb86fb29ed015dcca,1,No Smell,0.2125,Format Ambiguity,0.1329,Ambiguous References,0.0997,Vague / Missing Context,0.0954,945,0.387
df20e1e45b5240b797432c01a8413aaf,4,No Smell,0.2008,Format Ambiguity,0.1283,Vague / Missing Context,0.1058,Unnecessary Repetition,0.0880,36,0.292
df20e1e45b5240b797432c01a8413aaf,7,No Smell,0.2436,Format Ambiguity,0.1388,Overloaded Prompt,0.1095,Unnecessary Repetition,0.0845,61,0.293
df20e1e45b5240b797432c01a8413aaf,8,No Smell,0.2111,Format Ambiguity,0.1534,Vague / Missing Context,0.0963,Unnecessary Repetition,0.0940,85,0.293
df20e1e45b5240b797432c01a8413aaf,9,No Smell,0.2089,Format Ambiguity,0.1721,Unnecessary Repetition,0.0861,Vague / Missing Context,0.0852,72,0.293
df20e1e45b5240b797432c01a8413aaf,10,No Smell,0.1979,Format Ambiguity,0.1740,Vague / Missing Context,0.0882,Unnecessary Repetition,0.0857,80,0.294
df20e1e45b5240b797432c01a8413aaf,11,No Smell,0.1905,Format Ambiguity,0.1826,Unnecessary Repetition,0.0867,Vague / Missing Context,0.0857,100,0.293
df20e1e45b5240b797432c01a8413aaf,12,No Smell,0.1877,Format Ambiguity,0.1502,Vague / Missing Context,0.1022,Unnecessary Repetition,0.0974,78,0.292
6027b62b97ca5d2271634b35a09bea10,1,Format Ambiguity,0.1698,No Smell,0.1695,Overloaded Prompt,0.1084,Vague / Missing Context,0.0975,226,0.296
6027b62b97ca5d2271634b35a09bea10,2,No Smell,0.1752,Format Ambiguity,0.1654,Overloaded Prompt,0.1056,Vague / Missing Context,0.1042,189,0.296
9ee22f34b8e028245d09520dee8f3d47,5,No Smell,0.1746,Format Ambiguity,0.1143,Ambiguous References,0.0929,Vague / Missing Context,0.0912,52,0.294
9ee22f34b8e028245d09520dee8f3d47,6,No Smell,0.1525,Format Ambiguity,0.1138,Unnecessary Repetition,0.1081,Ambiguous References,0.0911,675,0.390
9ee22f34b8e028245d09520dee8f3d47,7,No Smell,0.1456,Format Ambiguity,0.1168,Unnecessary Repetition,0.1068,Prompt Bloat / Convoluted Prompt,0.0950,461,0.363
9ee22f34b8e028245d09520dee8f3d47,8,No Smell,0.2285,Format Ambiguity,0.1126,Unnecessary Repetition,0.0978,Irrelevant / Excessive Persona,0.0807,43,0.293
a774120c80a420cd651221e27f0580f3,1,No Smell,0.1982,Overloaded Prompt,0.1412,Format Ambiguity,0.1000,Irrelevant / Excessive Persona,0.0957,318,0.297
a774120c80a420cd651221e27f0580f3,2,No Smell,0.1384,Bias / Loaded Framing,0.1347,Conflicting Constraints,0.1169,Format Ambiguity,0.1149,24,0.293
a774120c80a420cd651221e27f0580f3,3,No Smell,0.1588,Format Ambiguity,0.1146,Vague / Missing Context,0.1070,Conflicting Constraints,0.1025,54,0.293
a774120c80a420cd651221e27f0580f3,4,No Smell,0.1803,Unnecessary Repetition,0.1132,Vague / Missing Context,0.1084,Format Ambiguity,0.1041,63,0.292
a774120c80a420cd651221e27f0580f3,5,Conflicting Constraints,0.1557,Unnecessary Repetition,0.1334,Format Ambiguity,0.1110,No Smell,0.1049,40,0.292
a774120c80a420cd651221e27f0580f3,6,No Smell,0.2230,Vague / Missing Context,0.1205,Format Ambiguity,0.1184,Unnecessary Repetition,0.0868,12,0.292
1ace5af0ce8db0fe90d4295f92edee88,1,No Smell,0.1965,Format Ambiguity,0.1309,Ambiguous References,0.1032,Vague / Missing Context,0.0989,1029,0.398
a74b975a0e38df9a58ffda0f78d5b2fa,1,No Smell,0.1736,Format Ambiguity,0.1340,Vague / Missing Context,0.1184,Conflicting Constraints,0.1064,234,0.323
6513a7f0bda7493faa3113e44d31ecdb,1,Format Ambiguity,0.1698,No Smell,0.1695,Overloaded Prompt,0.1084,Vague / Missing Context,0.0975,226,0.296
706e26aa11ac6f3005c62032da9d776c,1,Format Ambiguity,0.1736,Vague / Missing Context,0.1545,Ambiguous References,0.1200,No Smell,0.0943,455,0.318
8aeb795ed452e22f35a67be169d51ffe,1,No Smell,0.1638,Format Ambiguity,0.1441,Vague / Missing Context,0.1381,Ambiguous References,0.1010,107,0.293
8aeb795ed452e22f35a67be169d51ffe,2,Vague / Missing Context,0.1805,No Smell,0.1471,Format Ambiguity,0.1217,Ambiguous References,0.0996,235,0.296
8aeb795ed452e22f35a67be169d51ffe,3,Format Ambiguity,0.1639,No Smell,0.1633,Vague / Missing Context,0.1283,Ambiguous References,0.1051,144,0.295
8aeb795ed452e22f35a67be169d51ffe,4,No Smell,0.2218,Format Ambiguity,0.1385,Vague / Missing Context,0.1149,Unnecessary Repetition,0.0847,98,0.293
30d9e3c43d7533f5e2a421d135885ce6,1,No Smell,0.1578,Vague / Missing Context,0.1333,Format Ambiguity,0.1276,Ambiguous References,0.1132,51,0.293
30d9e3c43d7533f5e2a421d135885ce6,2,No Smell,0.2235,Format Ambiguity,0.1183,Vague / Missing Context,0.0890,Unnecessary Repetition,0.0824,31,0.293
30d9e3c43d7533f5e2a421d135885ce6,3,No Smell,0.2136,Format Ambiguity,0.1245,Irrelevant / Excessive Persona,0.1245,Vague / Missing Context,0.1026,36,0.292
21410778d69dc38e3df31e12cc6d6fe4,1,No Smell,0.2123,Format Ambiguity,0.1277,Ambiguous References,0.1040,Vague / Missing Context,0.0970,1071,0.399
1a157fdc11e5a82478dada6ca04500c8,1,Vague / Missing Context,0.1662,Format Ambiguity,0.1601,No Smell,0.1519,Overloaded Prompt,0.0953,35,0.293
aa11b1bc2f72a6da7d922508029fb43d,1,No Smell,0.2143,Format Ambiguity,0.1275,Ambiguous References,0.1039,Vague / Missing Context,0.0973,1081,0.399
93637c3b24a84ddd849e776e805a34ce,1,No Smell,0.1840,Format Ambiguity,0.1240,Vague / Missing Context,0.1117,Ambiguous References,0.0951,590,0.379
6a47d41ecb9a33561564f03c0ebcf633,1,No Smell,0.2138,Format Ambiguity,0.1255,Ambiguous References,0.1025,Vague / Missing Context,0.0952,1112,0.400
202f019da661624edaedeebed9bf6716,1,No Smell,0.2166,Format Ambiguity,0.1205,Vague / Missing Context,0.0942,Ambiguous References,0.0925,1697,0.513
b333e993385b28fd88e8f0623fea3776,1,Vague / Missing Context,0.1681,No Smell,0.1493,Format Ambiguity,0.1410,Prompt Bloat / Convoluted Prompt,0.0878,429,0.330
b333e993385b28fd88e8f0623fea3776,2,Format Ambiguity,0.1865,Vague / Missing Context,0.1706,No Smell,0.1395,Overloaded Prompt,0.0840,53,0.293
b333e993385b28fd88e8f0623fea3776,3,Format Ambiguity,0.1608,No Smell,0.1490,Vague / Missing Context,0.1345,Conflicting Constraints,0.0882,14,0.292
b333e993385b28fd88e8f0623fea3776,4,No Smell,0.2001,Format Ambiguity,0.1461,Vague / Missing Context,0.1330,Unnecessary Repetition,0.0806,100,0.293
d43e518bb39fd5485f387d7525b9aedb,1,Vague / Missing Context,0.2312,Format Ambiguity,0.1278,No Smell,0.1063,Prompt Bloat / Convoluted Prompt,0.0871,390,0.317
9b008d7c2d7014992836c9a20bb40a51,1,Vague / Missing Context,0.1723,Format Ambiguity,0.1701,No Smell,0.1593,Overloaded Prompt,0.0857,81,0.293
9b008d7c2d7014992836c9a20bb40a51,2,Format Ambiguity,0.2159,No Smell,0.1470,Overloaded Prompt,0.1264,Vague / Missing Context,0.1095,72,0.293
bedc267123b0634da61cbd9d42d8e823,2,Vague / Missing Context,0.1980,Format Ambiguity,0.1401,Irrelevant / Excessive Persona,0.1283,No Smell,0.1186,22,0.293
bedc267123b0634da61cbd9d42d8e823,3,Vague / Missing Context,0.1992,No Smell,0.1308,Format Ambiguity,0.1286,Ambiguous References,0.0891,25,0.294
bedc267123b0634da61cbd9d42d8e823,4,Vague / Missing Context,0.1513,Format Ambiguity,0.1411,No Smell,0.1231,Irrelevant / Excessive Persona,0.0994,34,0.298
bedc267123b0634da61cbd9d42d8e823,5,No Smell,0.1723,Format Ambiguity,0.1254,Unnecessary Repetition,0.1198,Vague / Missing Context,0.0980,10,0.292
c3cd8dfbb5a56a3984b7dc076c5632af,1,Vague / Missing Context,0.1671,No Smell,0.1271,Format Ambiguity,0.1254,Ambiguous References,0.1136,56,0.292
3f97330020c28742ba9959f6fc8ffe16,1,No Smell,0.1530,Ambiguous References,0.1151,Formality / Audience Mismatch,0.1126,Format Ambiguity,0.1096,4000,0.656
47fc7b25d3f2563d0e131224123b6a65,1,No Smell,0.1856,Ambiguous References,0.1308,Format Ambiguity,0.1241,Vague / Missing Context,0.1053,473,0.329
bfb142974f5e0ade51d751fbc932fa93,1,No Smell,0.2031,Irrelevant / Excessive Persona,0.1494,Format Ambiguity,0.1131,Vague / Missing Context,0.0868,367,0.321
bfb142974f5e0ade51d751fbc932fa93,2,No Smell,0.1824,Format Ambiguity,0.1775,Overloaded Prompt,0.1764,Irrelevant / Excessive Persona,0.1144,155,0.295
00db9a5f40cc2a5fd9612223bc0dedc2,1,No Smell,0.2128,Format Ambiguity,0.1245,Ambiguous References,0.1032,Vague / Missing Context,0.0956,1141,0.401
00db9a5f40cc2a5fd9612223bc0dedc2,2,No Smell,0.1717,Format Ambiguity,0.1293,Ambiguous References,0.1235,Vague / Missing Context,0.1112,84,0.293
4b98b0da33b2bbcad08fcb4b2aa12841,2,No Smell,0.1921,Format Ambiguity,0.1351,Vague / Missing Context,0.1251,Ambiguous References,0.0819,35,0.292
7f99f50f234a26f390f5057047cc6c1f,1,No Smell,0.1886,Format Ambiguity,0.1269,Ambiguous References,0.1210,Vague / Missing Context,0.1022,486,0.331
d8a11a5c085d2deab19e4f75ee9268ea,1,No Smell,0.2346,Format Ambiguity,0.1239,Ambiguous References,0.1048,Vague / Missing Context,0.0905,558,0.362
17d4199527e203102f6d99f8d9ba5632,1,No Smell,0.2064,Format Ambiguity,0.1230,Ambiguous References,0.1045,Vague / Missing Context,0.0965,1144,0.401
c681bdf9a5756237807f8d74db2ab341,1,No Smell,0.2195,Format Ambiguity,0.1283,Ambiguous References,0.1086,Vague / Missing Context,0.0926,557,0.362
d2ff2c1c4cb1bdc4e1d73d8c1a96008b,1,No Smell,0.2194,Format Ambiguity,0.1239,Ambiguous References,0.1001,Vague / Missing Context,0.0931,1153,0.401
fd956cb72159534bdfbcaf812cf2036c,1,No Smell,0.1701,Format Ambiguity,0.1117,Ambiguous References,0.1100,Vague / Missing Context,0.0955,1522,0.514
fd956cb72159534bdfbcaf812cf2036c,3,No Smell,0.2292,Ambiguous References,0.1113,Format Ambiguity,0.1006,Conflicting Constraints,0.1006,148,0.296
fd956cb72159534bdfbcaf812cf2036c,5,No Smell,0.2443,Vague / Missing Context,0.1899,Format Ambiguity,0.1180,Unnecessary Repetition,0.0801,12,0.292
fd956cb72159534bdfbcaf812cf2036c,6,No Smell,0.2166,Format Ambiguity,0.1057,Vague / Missing Context,0.0986,Conflicting Constraints,0.0966,46,0.293
fd956cb72159534bdfbcaf812cf2036c,7,No Smell,0.1483,Format Ambiguity,0.1275,Ambiguous References,0.1134,Unnecessary Repetition,0.1127,62,0.293
fd956cb72159534bdfbcaf812cf2036c,8,No Smell,0.1662,Unnecessary Repetition,0.1203,Format Ambiguity,0.1137,Ambiguous References,0.1111,247,0.297
69e0033401b9831505b145179166f9f9,1,No Smell,0.2031,Irrelevant / Excessive Persona,0.1494,Format Ambiguity,0.1131,Vague / Missing Context,0.0868,367,0.320
69e0033401b9831505b145179166f9f9,2,No Smell,0.1824,Format Ambiguity,0.1775,Overloaded Prompt,0.1764,Irrelevant / Excessive Persona,0.1144,155,0.296
69e0033401b9831505b145179166f9f9,3,No Smell,0.1877,Irrelevant / Excessive Persona,0.1508,Format Ambiguity,0.1126,Vague / Missing Context,0.0922,384,0.322
69e0033401b9831505b145179166f9f9,4,No Smell,0.1851,Format Ambiguity,0.1786,Overloaded Prompt,0.1708,Irrelevant / Excessive Persona,0.1158,154,0.296
69e0033401b9831505b145179166f9f9,5,No Smell,0.2005,Irrelevant / Excessive Persona,0.1461,Format Ambiguity,0.1147,Vague / Missing Context,0.0968,399,0.322
69e0033401b9831505b145179166f9f9,6,No Smell,0.1851,Format Ambiguity,0.1786,Overloaded Prompt,0.1708,Irrelevant / Excessive Persona,0.1158,154,0.249
69e0033401b9831505b145179166f9f9,7,No Smell,0.1858,Irrelevant / Excessive Persona,0.1429,Format Ambiguity,0.1230,Vague / Missing Context,0.0941,430,0.322
69e0033401b9831505b145179166f9f9,8,No Smell,0.1851,Format Ambiguity,0.1786,Overloaded Prompt,0.1708,Irrelevant / Excessive Persona,0.1158,154,0.249
69e0033401b9831505b145179166f9f9,9,No Smell,0.1836,Irrelevant / Excessive Persona,0.1560,Format Ambiguity,0.1115,Ambiguous References,0.0892,392,0.322
69e0033401b9831505b145179166f9f9,10,No Smell,0.1851,Format Ambiguity,0.1786,Overloaded Prompt,0.1708,Irrelevant / Excessive Persona,0.1158,154,0.249
b6026964e51e95dd21ca6994fef1755d,1,No Smell,0.2194,Format Ambiguity,0.1228,Ambiguous References,0.1028,Vague / Missing Context,0.0948,1157,0.401
322841ebf9b4d98683a96d893f90c305,1,No Smell,0.2144,Format Ambiguity,0.1246,Ambiguous References,0.1055,Vague / Missing Context,0.0928,1216,0.413
1b812b451b011ae2056f8b0a42ee0d39,1,No Smell,0.2334,Format Ambiguity,0.1218,Vague / Missing Context,0.0891,Irrelevant / Excessive Persona,0.0871,104,0.294
bfab086b2a5e3058554fb877f358d4da,1,No Smell,0.1753,Format Ambiguity,0.1414,Vague / Missing Context,0.1301,Ambiguous References,0.0976,24,0.293
8de087440b99154a3f5db9fbdf770839,1,No Smell,0.2022,Format Ambiguity,0.1255,Ambiguous References,0.1056,Vague / Missing Context,0.0958,1271,0.415
10ac8a4a8d50ff9e8d5203246936c997,1,Format Ambiguity,0.1698,No Smell,0.1695,Overloaded Prompt,0.1084,Vague / Missing Context,0.0975,226,0.296
56120c9355cdc166119609539326ce23,3,No Smell,0.2307,Format Ambiguity,0.1405,Ambiguous References,0.1332,Vague / Missing Context,0.0874,56,0.293
83e33fcb1546f4b611d9cd596652c2dc,1,No Smell,0.1832,Format Ambiguity,0.1512,Unnecessary Repetition,0.0990,Vague / Missing Context,0.0942,70,0.293
83e33fcb1546f4b611d9cd596652c2dc,2,Format Ambiguity,0.2119,No Smell,0.1995,Ambiguous References,0.1098,Vague / Missing Context,0.0890,60,0.293
83e33fcb1546f4b611d9cd596652c2dc,4,Ambiguous References,0.1778,Format Ambiguity,0.1695,No Smell,0.1417,Vague / Missing Context,0.0988,87,0.293
83e33fcb1546f4b611d9cd596652c2dc,5,Format Ambiguity,0.1815,No Smell,0.1522,Ambiguous References,0.1273,Overloaded Prompt,0.1086,102,0.294
83e33fcb1546f4b611d9cd596652c2dc,9,No Smell,0.1888,Format Ambiguity,0.1220,Ambiguous References,0.1110,Vague / Missing Context,0.0947,21,0.292
83e33fcb1546f4b611d9cd596652c2dc,10,No Smell,0.2192,Format Ambiguity,0.1421,Ambiguous References,0.1048,Overloaded Prompt,0.0850,38,0.292
83e33fcb1546f4b611d9cd596652c2dc,11,No Smell,0.2100,Format Ambiguity,0.1584,Ambiguous References,0.1078,Conflicting Constraints,0.0838,50,0.293
cb92b02825eb060f93800999f90cf824,4,Format Ambiguity,0.1659,Vague / Missing Context,0.1434,No Smell,0.1345,Overloaded Prompt,0.0929,26,0.292
0e883fb4f2df2ec9d17574db5e3eb092,1,No Smell,0.2334,Format Ambiguity,0.1218,Vague / Missing Context,0.0891,Irrelevant / Excessive Persona,0.0871,104,0.293
0e883fb4f2df2ec9d17574db5e3eb092,2,No Smell,0.1867,Format Ambiguity,0.1776,Ambiguous References,0.1215,Irrelevant / Excessive Persona,0.1107,76,0.293
0e883fb4f2df2ec9d17574db5e3eb092,3,Ambiguous References,0.1623,No Smell,0.1572,Format Ambiguity,0.1463,Irrelevant / Excessive Persona,0.1060,108,0.294
0e883fb4f2df2ec9d17574db5e3eb092,4,No Smell,0.1926,Format Ambiguity,0.1325,Vague / Missing Context,0.0971,Conflicting Constraints,0.0966,85,0.294
0e883fb4f2df2ec9d17574db5e3eb092,5,No Smell,0.2375,Format Ambiguity,0.1102,Unnecessary Repetition,0.1002,Ambiguous References,0.0844,87,0.293
2b91a865a3e3e49ac527def1c6b07c89,1,Vague / Missing Context,0.1547,Format Ambiguity,0.1330,No Smell,0.1178,Ambiguous References,0.0955,232,0.296
2b91a865a3e3e49ac527def1c6b07c89,2,No Smell,0.1646,Ambiguous References,0.1133,Format Ambiguity,0.1120,Vague / Missing Context,0.1055,256,0.297
7a18696a6fb5eb650c793b241886d62e,1,No Smell,0.1977,Format Ambiguity,0.1261,Ambiguous References,0.1076,Vague / Missing Context,0.0994,1269,0.415
7a18696a6fb5eb650c793b241886d62e,2,Unnecessary Repetition,0.1467,No Smell,0.1207,Format Ambiguity,0.1167,Vague / Missing Context,0.1155,82,0.292
7a18696a6fb5eb650c793b241886d62e,3,Format Ambiguity,0.1916,No Smell,0.1635,Ambiguous References,0.1138,Vague / Missing Context,0.0963,102,0.293
ae581564861164c84276d2566b8e80c5,1,Vague / Missing Context,0.1674,No Smell,0.1498,Format Ambiguity,0.1408,Prompt Bloat / Convoluted Prompt,0.0882,443,0.362
ae581564861164c84276d2566b8e80c5,2,Format Ambiguity,0.1865,Vague / Missing Context,0.1706,No Smell,0.1395,Overloaded Prompt,0.0840,53,0.293
ae581564861164c84276d2566b8e80c5,3,No Smell,0.1746,Vague / Missing Context,0.1493,Format Ambiguity,0.1450,Ambiguous References,0.0848,228,0.296
ae581564861164c84276d2566b8e80c5,5,Format Ambiguity,0.1492,Vague / Missing Context,0.1352,No Smell,0.1350,Ambiguous References,0.1056,383,0.323
b5ec2003f317b16f2d03b6d86466235a,1,No Smell,0.1629,Vague / Missing Context,0.1163,Format Ambiguity,0.1090,Ambiguous References,0.1009,3228,0.696
b5ec2003f317b16f2d03b6d86466235a,2,No Smell,0.1760,Unnecessary Repetition,0.1067,Format Ambiguity,0.0992,Ambiguous References,0.0919,45,0.294
b5ec2003f317b16f2d03b6d86466235a,3,No Smell,0.1672,Vague / Missing Context,0.1193,Format Ambiguity,0.1088,Conflicting Constraints,0.0947,19,0.293
b5ec2003f317b16f2d03b6d86466235a,4,Ambiguous References,0.2440,No Smell,0.1199,Format Ambiguity,0.1135,Vague / Missing Context,0.1079,118,0.295
b5ec2003f317b16f2d03b6d86466235a,5,No Smell,0.1567,Format Ambiguity,0.1282,Ambiguous References,0.0890,Prompt Bloat / Convoluted Prompt,0.0886,137,0.296
b5ec2003f317b16f2d03b6d86466235a,6,No Smell,0.1359,Ambiguous References,0.1141,Format Ambiguity,0.1099,Vague / Missing Context,0.0993,206,0.319
b5ec2003f317b16f2d03b6d86466235a,7,No Smell,0.1720,Ambiguous References,0.1316,Format Ambiguity,0.1239,Unnecessary Repetition,0.0858,122,0.293
b5ec2003f317b16f2d03b6d86466235a,8,No Smell,0.1495,Prompt Bloat / Convoluted Prompt,0.1236,Format Ambiguity,0.1137,Ambiguous References,0.1024,898,0.454
b5ec2003f317b16f2d03b6d86466235a,9,No Smell,0.1600,Format Ambiguity,0.1214,Ambiguous References,0.1159,Vague / Missing Context,0.1150,130,0.294
b5ec2003f317b16f2d03b6d86466235a,10,No Smell,0.1281,Ambiguous References,0.1270,Format Ambiguity,0.1226,Vague / Missing Context,0.1010,108,0.293
b5ec2003f317b16f2d03b6d86466235a,11,No Smell,0.2010,Format Ambiguity,0.1535,Vague / Missing Context,0.0891,Prompt Bloat / Convoluted Prompt,0.0868,192,0.296
f3edcfed607a8c20110c78f81b56ffaf,1,No Smell,0.2057,Format Ambiguity,0.1305,Overloaded Prompt,0.1036,Ambiguous References,0.0832,123,0.295
f3edcfed607a8c20110c78f81b56ffaf,2,No Smell,0.2044,Format Ambiguity,0.1347,Overloaded Prompt,0.1070,Unnecessary Repetition,0.0836,136,0.294
f3edcfed607a8c20110c78f81b56ffaf,3,No Smell,0.1952,Format Ambiguity,0.1353,Overloaded Prompt,0.0940,Ambiguous References,0.0926,154,0.296
f3edcfed607a8c20110c78f81b56ffaf,4,No Smell,0.2063,Format Ambiguity,0.1419,Conflicting Constraints,0.0901,Unnecessary Repetition,0.0884,32,0.292
f3edcfed607a8c20110c78f81b56ffaf,5,No Smell,0.2123,Format Ambiguity,0.1195,Overloaded Prompt,0.0951,Unnecessary Repetition,0.0866,87,0.293
0da5c7c86f9f07cc23e0b48d74df4285,1,Vague / Missing Context,0.1889,No Smell,0.1350,Format Ambiguity,0.1300,Ambiguous References,0.1074,403,0.317
8685dd9bdc07f9b413aee1e28b58f6a1,1,No Smell,0.1908,Format Ambiguity,0.1247,Ambiguous References,0.1040,Vague / Missing Context,0.0972,1286,0.415
b7ba0287902f4408b149b1c74caf45ef,1,Vague / Missing Context,0.1794,No Smell,0.1336,Format Ambiguity,0.1256,Ambiguous References,0.1104,416,0.318
629ecd3931b147fba513b5763c1b0efc,1,Irrelevant / Excessive Persona,0.1808,Format Ambiguity,0.1570,No Smell,0.1491,Vague / Missing Context,0.0926,43,0.292
629ecd3931b147fba513b5763c1b0efc,2,Format Ambiguity,0.2239,Irrelevant / Excessive Persona,0.1592,No Smell,0.1225,Vague / Missing Context,0.1036,40,0.292
8165171e2f2f2cbd4602bd1e81746d26,1,No Smell,0.1997,Format Ambiguity,0.1242,Ambiguous References,0.1036,Vague / Missing Context,0.0968,1244,0.414
196c3762060e725b1389f2054bda0168,1,Format Ambiguity,0.1356,No Smell,0.1191,Formality / Audience Mismatch,0.1148,Vague / Missing Context,0.0978,402,0.322
0ef652b2b91d541f76a6766dd1018ebb,1,No Smell,0.2334,Format Ambiguity,0.1218,Vague / Missing Context,0.0891,Irrelevant / Excessive Persona,0.0871,104,0.292
0ef652b2b91d541f76a6766dd1018ebb,2,No Smell,0.1867,Format Ambiguity,0.1776,Ambiguous References,0.1215,Irrelevant / Excessive Persona,0.1107,76,0.293
0ef652b2b91d541f76a6766dd1018ebb,3,Ambiguous References,0.1623,No Smell,0.1572,Format Ambiguity,0.1463,Irrelevant / Excessive Persona,0.1060,108,0.294
0ef652b2b91d541f76a6766dd1018ebb,4,No Smell,0.1926,Format Ambiguity,0.1325,Vague / Missing Context,0.0971,Conflicting Constraints,0.0966,85,0.293
0ef652b2b91d541f76a6766dd1018ebb,5,No Smell,0.2375,Format Ambiguity,0.1102,Unnecessary Repetition,0.1002,Ambiguous References,0.0844,87,0.293
0ef652b2b91d541f76a6766dd1018ebb,6,No Smell,0.1878,Format Ambiguity,0.1406,Ambiguous References,0.1011,Conflicting Constraints,0.0976,116,0.293
0ef652b2b91d541f76a6766dd1018ebb,7,No Smell,0.1665,Format Ambiguity,0.1330,Vague / Missing Context,0.1063,Ambiguous References,0.0992,96,0.293
0ef652b2b91d541f76a6766dd1018ebb,8,No Smell,0.2036,Format Ambiguity,0.1327,Vague / Missing Context,0.1088,Ambiguous References,0.0869,89,0.293
0ef652b2b91d541f76a6766dd1018ebb,9,No Smell,0.2440,Format Ambiguity,0.1109,Vague / Missing Context,0.1005,Unnecessary Repetition,0.0844,108,0.293
0ef652b2b91d541f76a6766dd1018ebb,10,No Smell,0.2537,Format Ambiguity,0.1182,Irrelevant / Excessive Persona,0.0858,Bias / Loaded Framing,0.0855,127,0.293
8f4236ed1aab8e4b373e154883f960f1,1,Vague / Missing Context,0.1843,No Smell,0.1315,Format Ambiguity,0.1271,Ambiguous References,0.1163,636,0.378
d374993fd792fb354ff8e2c2a0c2ec7e,1,Vague / Missing Context,0.1843,No Smell,0.1315,Format Ambiguity,0.1271,Ambiguous References,0.1163,636,0.251
3a9fd4eb9504b6af1b20398bad1eb26d,1,No Smell,0.2334,Format Ambiguity,0.1218,Vague / Missing Context,0.0891,Irrelevant / Excessive Persona,0.0871,104,0.293
3a9fd4eb9504b6af1b20398bad1eb26d,2,No Smell,0.1867,Format Ambiguity,0.1776,Ambiguous References,0.1215,Irrelevant / Excessive Persona,0.1107,76,0.300
3a9fd4eb9504b6af1b20398bad1eb26d,3,Ambiguous References,0.1623,No Smell,0.1572,Format Ambiguity,0.1463,Irrelevant / Excessive Persona,0.1060,108,0.296
3a9fd4eb9504b6af1b20398bad1eb26d,4,No Smell,0.1926,Format Ambiguity,0.1325,Vague / Missing Context,0.0971,Conflicting Constraints,0.0966,85,0.294
3a9fd4eb9504b6af1b20398bad1eb26d,5,No Smell,0.2375,Format Ambiguity,0.1102,Unnecessary Repetition,0.1002,Ambiguous References,0.0844,87,0.294
3a9fd4eb9504b6af1b20398bad1eb26d,6,No Smell,0.1878,Format Ambiguity,0.1406,Ambiguous References,0.1011,Conflicting Constraints,0.0976,116,0.293
3a9fd4eb9504b6af1b20398bad1eb26d,7,No Smell,0.1665,Format Ambiguity,0.1330,Vague / Missing Context,0.1063,Ambiguous References,0.0992,96,0.293
3a9fd4eb9504b6af1b20398bad1eb26d,8,No Smell,0.2036,Format Ambiguity,0.1327,Vague / Missing Context,0.1088,Ambiguous References,0.0869,89,0.293
3a9fd4eb9504b6af1b20398bad1eb26d,9,No Smell,0.2440,Format Ambiguity,0.1109,Vague / Missing Context,0.1005,Unnecessary Repetition,0.0844,108,0.293
3a9fd4eb9504b6af1b20398bad1eb26d,10,No Smell,0.2537,Format Ambiguity,0.1182,Irrelevant / Excessive Persona,0.0858,Bias / Loaded Framing,0.0855,127,0.294
3a9fd4eb9504b6af1b20398bad1eb26d,11,Ambiguous References,0.1623,No Smell,0.1572,Format Ambiguity,0.1463,Irrelevant / Excessive Persona,0.1060,108,0.294
91c6f1d75d98c66cea4f57db9b8131e2,1,Vague / Missing Context,0.1766,Format Ambiguity,0.1288,No Smell,0.1256,Ambiguous References,0.1235,677,0.380
6b503946dbd875ad424a527196928d31,1,No Smell,0.1906,Format Ambiguity,0.1250,Ambiguous References,0.1091,Vague / Missing Context,0.0987,1276,0.415
dac490293fe1fd42d97b96d5432d80e9,1,Vague / Missing Context,0.1612,No Smell,0.1368,Ambiguous References,0.1275,Format Ambiguity,0.1247,722,0.381
20978fb106a5aad897f8783f9e3aa63a,1,No Smell,0.2100,Format Ambiguity,0.1584,Ambiguous References,0.1078,Conflicting Constraints,0.0838,50,0.292
20978fb106a5aad897f8783f9e3aa63a,2,No Smell,0.2194,Format Ambiguity,0.1605,Ambiguous References,0.1058,Conflicting Constraints,0.0824,51,0.293
20978fb106a5aad897f8783f9e3aa63a,3,No Smell,0.2151,Format Ambiguity,0.1646,Ambiguous References,0.1055,Irrelevant / Excessive Persona,0.0804,51,0.292
20978fb106a5aad897f8783f9e3aa63a,4,No Smell,0.2144,Format Ambiguity,0.1544,Ambiguous References,0.1077,Conflicting Constraints,0.0833,50,0.292
20978fb106a5aad897f8783f9e3aa63a,5,No Smell,0.1969,Format Ambiguity,0.1526,Ambiguous References,0.1223,Vague / Missing Context,0.0793,57,0.293
20978fb106a5aad897f8783f9e3aa63a,6,No Smell,0.1785,Ambiguous References,0.1562,Format Ambiguity,0.1499,Vague / Missing Context,0.0776,69,0.293
20978fb106a5aad897f8783f9e3aa63a,7,No Smell,0.2073,Format Ambiguity,0.1561,Ambiguous References,0.1275,Irrelevant / Excessive Persona,0.0772,71,0.293
20978fb106a5aad897f8783f9e3aa63a,8,No Smell,0.1821,Ambiguous References,0.1522,Format Ambiguity,0.1522,Vague / Missing Context,0.0775,70,0.293
20978fb106a5aad897f8783f9e3aa63a,9,No Smell,0.1758,Format Ambiguity,0.1384,Ambiguous References,0.1306,Vague / Missing Context,0.0848,149,0.295
20978fb106a5aad897f8783f9e3aa63a,10,No Smell,0.1815,Format Ambiguity,0.1530,Ambiguous References,0.1190,Prompt Bloat / Convoluted Prompt,0.0818,163,0.295
20978fb106a5aad897f8783f9e3aa63a,11,No Smell,0.1702,Format Ambiguity,0.1546,Ambiguous References,0.1181,Vague / Missing Context,0.0830,207,0.296
20978fb106a5aad897f8783f9e3aa63a,13,No Smell,0.1716,Format Ambiguity,0.1504,Ambiguous References,0.1200,Vague / Missing Context,0.0846,204,0.296
20978fb106a5aad897f8783f9e3aa63a,14,No Smell,0.2054,Ambiguous References,0.1918,Format Ambiguity,0.1627,Irrelevant / Excessive Persona,0.0978,45,0.293
afbe6a0e6c3d98fd358ba50226482949,1,No Smell,0.1882,Format Ambiguity,0.1259,Ambiguous References,0.1093,Vague / Missing Context,0.0987,1299,0.416
fc1de9d97a9f577b5608caaf80782e83,1,Vague / Missing Context,0.1674,No Smell,0.1498,Format Ambiguity,0.1408,Prompt Bloat / Convoluted Prompt,0.0882,443,0.362
fc1de9d97a9f577b5608caaf80782e83,2,Format Ambiguity,0.1865,Vague / Missing Context,0.1706,No Smell,0.1395,Overloaded Prompt,0.0840,53,0.293
fc1de9d97a9f577b5608caaf80782e83,3,Format Ambiguity,0.1608,No Smell,0.1490,Vague / Missing Context,0.1345,Conflicting Constraints,0.0882,14,0.292
fc1de9d97a9f577b5608caaf80782e83,4,No Smell,0.1635,Format Ambiguity,0.1501,Vague / Missing Context,0.1425,Ambiguous References,0.0934,204,0.296
a7e7b20477362ebbdabe67f82c8bb085,1,Vague / Missing Context,0.1729,No Smell,0.1364,Ambiguous References,0.1311,Format Ambiguity,0.1282,806,0.387
6069a5acc7da5490a43d2b943df15b40,1,No Smell,0.1965,Format Ambiguity,0.1479,Ambiguous References,0.0953,Vague / Missing Context,0.0933,82,0.293
6069a5acc7da5490a43d2b943df15b40,2,No Smell,0.1492,Ambiguous References,0.1165,Format Ambiguity,0.1123,Vague / Missing Context,0.1044,15,0.292
9049cf839a7fa2ba018a003f76db5ce1,1,No Smell,0.1374,Format Ambiguity,0.1368,Overloaded Prompt,0.1190,Formality / Audience Mismatch,0.0994,45,0.292
b34e2b5759b2ba7fa05e119698bd3e5f,1,No Smell,0.1906,Format Ambiguity,0.1267,Ambiguous References,0.1098,Vague / Missing Context,0.1019,1307,0.416
d0bfd4d640db9aff74114e47eed7e905,1,Vague / Missing Context,0.1723,No Smell,0.1386,Ambiguous References,0.1328,Format Ambiguity,0.1269,809,0.387
4e81046b9389a55e3ffab95a392a2a78,1,No Smell,0.1958,Format Ambiguity,0.1255,Ambiguous References,0.1072,Vague / Missing Context,0.1009,1279,0.415
bf564d00b073f98c625255af9045f46e,1,Ambiguous References,0.1293,No Smell,0.1192,Format Ambiguity,0.1147,Prompt Bloat / Convoluted Prompt,0.1044,4000,0.840
95bb4f130339c90459328335710896b3,1,Ambiguous References,0.1293,No Smell,0.1192,Format Ambiguity,0.1147,Prompt Bloat / Convoluted Prompt,0.1044,4000,0.263
b0be4e67bc50dc87764d766ee7026740,1,Vague / Missing Context,0.1674,No Smell,0.1498,Format Ambiguity,0.1408,Prompt Bloat / Convoluted Prompt,0.0882,443,0.362
b9bfe2b458c46f9f55d56923ad465091,1,Format Ambiguity,0.1678,Vague / Missing Context,0.1378,Formality / Audience Mismatch,0.1178,No Smell,0.1027,169,0.294
007786617f02698f844076a803c559e5,1,Ambiguous References,0.1293,No Smell,0.1192,Format Ambiguity,0.1147,Prompt Bloat / Convoluted Prompt,0.1044,4000,0.263
c6bc7b393330941ac74c6d3ff4919373,1,Vague / Missing Context,0.1598,No Smell,0.1507,Format Ambiguity,0.1218,Ambiguous References,0.1179,924,0.399
54478b8b3715d5671fecdd4a8f9209a3,1,Ambiguous References,0.1293,No Smell,0.1192,Format Ambiguity,0.1147,Prompt Bloat / Convoluted Prompt,0.1044,4000,0.262
09873e50c440c60b5937fbfa4be5790a,1,Vague / Missing Context,0.1598,No Smell,0.1507,Format Ambiguity,0.1218,Ambiguous References,0.1179,924,0.252
fea1eed332dd5ca892478174d4f5b631,1,No Smell,0.1895,Format Ambiguity,0.1242,Ambiguous References,0.1095,Vague / Missing Context,0.0993,1278,0.414
fea1eed332dd5ca892478174d4f5b631,2,Unnecessary Repetition,0.1461,Vague / Missing Context,0.1160,No Smell,0.1141,Format Ambiguity,0.1125,84,0.293
251f118e2953906143a1c68978fa087c,1,Vague / Missing Context,0.1674,No Smell,0.1498,Format Ambiguity,0.1408,Prompt Bloat / Convoluted Prompt,0.0882,443,0.362
251f118e2953906143a1c68978fa087c,2,Format Ambiguity,0.1865,Vague / Missing Context,0.1706,No Smell,0.1395,Overloaded Prompt,0.0840,53,0.293
a6978f918d1666b3d7a8337492d65e7f,1,Vague / Missing Context,0.1604,No Smell,0.1432,Ambiguous References,0.1256,Format Ambiguity,0.1230,973,0.400
5e9e27268ce5a4ac4ddec0c91a6ff683,1,Ambiguous References,0.1293,No Smell,0.1192,Format Ambiguity,0.1147,Prompt Bloat / Convoluted Prompt,0.1044,4000,0.840
3afd79d5455c41951017ba6028f6044a,1,Vague / Missing Context,0.1604,No Smell,0.1432,Ambiguous References,0.1256,Format Ambiguity,0.1230,973,0.252
9f1e06ef3e65ce91b649026f75112ed3,1,No Smell,0.1812,Format Ambiguity,0.1235,Ambiguous References,0.1119,Vague / Missing Context,0.0996,1263,0.414
9f1e06ef3e65ce91b649026f75112ed3,2,No Smell,0.1327,Unnecessary Repetition,0.1263,Format Ambiguity,0.1108,Vague / Missing Context,0.1072,86,0.294
ebaa71ae289b552414c2e72105510ad6,1,Ambiguous References,0.1293,No Smell,0.1192,Format Ambiguity,0.1147,Prompt Bloat / Convoluted Prompt,0.1044,4000,0.263
2c467973737f8e31c777840e260f5971,1,Ambiguous References,0.1293,No Smell,0.1192,Format Ambiguity,0.1147,Prompt Bloat / Convoluted Prompt,0.1044,4000,0.263
9087eb73c16839f623ac457bab66fe93,1,Vague / Missing Context,0.1537,No Smell,0.1431,Format Ambiguity,0.1236,Ambiguous References,0.1221,1036,0.413
114df681026fd9cc19d70edbba93ce85,1,Vague / Missing Context,0.1537,No Smell,0.1431,Format Ambiguity,0.1236,Ambiguous References,0.1221,1036,0.253
1fa1464324628892585cc6992419c9e3,1,No Smell,0.1858,Format Ambiguity,0.1225,Ambiguous References,0.1113,Vague / Missing Context,0.1000,1290,0.416
20fb8e464b75e2af6a41925e76d8888b,1,Vague / Missing Context,0.1537,No Smell,0.1431,Format Ambiguity,0.1236,Ambiguous References,0.1221,1036,0.252
d177b5f8a51321eae48f058fbeb7a49e,1,Vague / Missing Context,0.1596,No Smell,0.1505,Format Ambiguity,0.1214,Ambiguous References,0.1189,938,0.400
e3c1e8867ae5b7921b4a67465cc954fb,1,No Smell,0.1863,Format Ambiguity,0.1227,Ambiguous References,0.1158,Vague / Missing Context,0.0984,1186,0.413
57730e8214728c70b3a9436085349f54,1,Vague / Missing Context,0.1596,No Smell,0.1505,Format Ambiguity,0.1214,Ambiguous References,0.1189,938,0.253
789690ea337f18561fd3412826dd6ec3,1,No Smell,0.1785,Format Ambiguity,0.1484,Vague / Missing Context,0.1261,Conflicting Constraints,0.0933,31,0.293
11a5e7e0162df32b66339191dbe0b473,1,Ambiguous References,0.1791,No Smell,0.1785,Format Ambiguity,0.1722,Irrelevant / Excessive Persona,0.0902,110,0.295
11a5e7e0162df32b66339191dbe0b473,8,No Smell,0.1812,Format Ambiguity,0.1482,Vague / Missing Context,0.0965,Overloaded Prompt,0.0950,147,0.293
4732d4b9c08cf47b676377db3b4edcd6,1,No Smell,0.1510,Format Ambiguity,0.1397,Vague / Missing Context,0.1224,Ambiguous References,0.1144,1378,0.422
4732d4b9c08cf47b676377db3b4edcd6,2,No Smell,0.1531,Ambiguous References,0.1508,Format Ambiguity,0.1143,Vague / Missing Context,0.0973,371,0.321
4732d4b9c08cf47b676377db3b4edcd6,3,No Smell,0.1806,Ambiguous References,0.1200,Format Ambiguity,0.1076,Formality / Audience Mismatch,0.0954,960,0.382
4732d4b9c08cf47b676377db3b4edcd6,4,No Smell,0.1474,Ambiguous References,0.1342,Format Ambiguity,0.1232,Vague / Missing Context,0.0929,265,0.296
4732d4b9c08cf47b676377db3b4edcd6,5,No Smell,0.1372,Ambiguous References,0.1362,Format Ambiguity,0.1132,Vague / Missing Context,0.1030,219,0.296
4732d4b9c08cf47b676377db3b4edcd6,6,No Smell,0.1587,Ambiguous References,0.1566,Irrelevant / Excessive Persona,0.1452,Format Ambiguity,0.1438,85,0.294
4732d4b9c08cf47b676377db3b4edcd6,7,No Smell,0.1387,Format Ambiguity,0.1286,Vague / Missing Context,0.1216,Ambiguous References,0.1005,195,0.296
e4e663a822071091eceb295cdbc0311f,1,No Smell,0.1781,Format Ambiguity,0.1225,Ambiguous References,0.1158,Vague / Missing Context,0.0984,1217,0.414
eaa7b77b319164008d028842b8240c98,1,Format Ambiguity,0.1770,Vague / Missing Context,0.1674,No Smell,0.1640,Overloaded Prompt,0.0825,55,0.294
fdbba3cfbaf901ac418f47e1699358be,1,No Smell,0.1408,Format Ambiguity,0.1284,Ambiguous References,0.1176,Vague / Missing Context,0.1097,2202,0.578
d35e6ba6e8a7db768fb93442bcf86970,1,No Smell,0.1901,Format Ambiguity,0.1211,Ambiguous References,0.1057,Vague / Missing Context,0.0965,102,0.293
9b3369c9207183e34e5f706085fec24f,1,No Smell,0.1739,Format Ambiguity,0.1243,Ambiguous References,0.1138,Vague / Missing Context,0.0971,1221,0.414
174d2ed738e3978ed2d91cd87f91be7b,1,No Smell,0.1376,Format Ambiguity,0.1300,Ambiguous References,0.1166,Vague / Missing Context,0.1046,2251,0.580
ed76a6f36ac77cae49a6b01d1abf4218,1,Vague / Missing Context,0.1644,No Smell,0.1523,Format Ambiguity,0.1421,Prompt Bloat / Convoluted Prompt,0.0897,453,0.362
ed76a6f36ac77cae49a6b01d1abf4218,2,Format Ambiguity,0.1865,Vague / Missing Context,0.1706,No Smell,0.1395,Overloaded Prompt,0.0840,53,0.292
ed76a6f36ac77cae49a6b01d1abf4218,3,No Smell,0.1768,Format Ambiguity,0.1568,Vague / Missing Context,0.1437,Overloaded Prompt,0.0832,161,0.296
ed76a6f36ac77cae49a6b01d1abf4218,4,No Smell,0.1567,Format Ambiguity,0.1537,Vague / Missing Context,0.1311,Overloaded Prompt,0.1074,187,0.296
b76836095101a846bcbc7c0b56fcb998,1,No Smell,0.1857,Format Ambiguity,0.1227,Ambiguous References,0.1051,Vague / Missing Context,0.1003,115,0.293
ba9179a6d70363761020008deb7833bc,1,Format Ambiguity,0.2049,Vague / Missing Context,0.1970,No Smell,0.1482,Overloaded Prompt,0.0761,90,0.294
74e912c00e6ad729985fa13ff4bdd2b7,1,Format Ambiguity,0.1830,No Smell,0.1538,Vague / Missing Context,0.1523,Overloaded Prompt,0.0888,253,0.317
1611941bd4ccfdcd35e055280521ba4d,1,Format Ambiguity,0.1943,Vague / Missing Context,0.1655,No Smell,0.1395,Overloaded Prompt,0.0815,87,0.293
13769fe724296fee1cd7dae18fa55ef8,1,Format Ambiguity,0.1800,Vague / Missing Context,0.1660,No Smell,0.1618,Overloaded Prompt,0.0756,84,0.293
91ab968b4c417ad1a5d94ff4c7a12a23,1,Format Ambiguity,0.1897,Vague / Missing Context,0.1698,No Smell,0.1631,Overloaded Prompt,0.0782,75,0.293
c9d994db35bbe7e03e753adf183f1e28,1,No Smell,0.2038,Format Ambiguity,0.1225,Ambiguous References,0.0992,Vague / Missing Context,0.0969,71,0.293
73bec3d3b16d6a41933f02b233d6867a,1,No Smell,0.1926,Vague / Missing Context,0.1743,Format Ambiguity,0.1156,Irrelevant / Excessive Persona,0.0813,52,0.293
017914786e84c44e46bee970b82309a3,1,No Smell,0.1815,Format Ambiguity,0.1292,Unnecessary Repetition,0.1130,Overloaded Prompt,0.0917,2666,0.653
eee02fd9ac72cbc1c2e8fffc462503d5,1,No Smell,0.1839,Format Ambiguity,0.1270,Ambiguous References,0.1033,Vague / Missing Context,0.0989,92,0.292
34970630be08b3061c7c4f804cf450ac,1,No Smell,0.1768,Vague / Missing Context,0.1521,Format Ambiguity,0.1374,Ambiguous References,0.0935,633,0.362
e032dc1f13c1d430e84d9d45775416da,1,No Smell,0.1962,Vague / Missing Context,0.1517,Unnecessary Repetition,0.0927,Format Ambiguity,0.0908,54,0.292
e032dc1f13c1d430e84d9d45775416da,2,Vague / Missing Context,0.1990,Format Ambiguity,0.1409,No Smell,0.1246,Ambiguous References,0.1128,21,0.293
10193d6ad37c1fb53996017e32bf914a,1,No Smell,0.1822,Format Ambiguity,0.1238,Ambiguous References,0.1069,Vague / Missing Context,0.1001,77,0.293
23332c5ba3b8bd4266648ef32ece0acf,1,No Smell,0.1910,Irrelevant / Excessive Persona,0.1433,Ambiguous References,0.1298,Format Ambiguity,0.1095,17,0.293
45ed6a4586e8554032151621450b25d5,1,Vague / Missing Context,0.1767,Format Ambiguity,0.1429,No Smell,0.1305,Ambiguous References,0.1003,194,0.296
3c72c543b2a42d4e63c5096b9f11b1df,1,No Smell,0.1376,Format Ambiguity,0.1300,Ambiguous References,0.1166,Vague / Missing Context,0.1046,2251,0.580
3329f553164253b08bd54d94503ec352,1,Format Ambiguity,0.1449,No Smell,0.1418,Vague / Missing Context,0.1371,Ambiguous References,0.0979,238,0.297
87fdd141b706ab72d039180b54129046,1,No Smell,0.2183,Format Ambiguity,0.1898,Irrelevant / Excessive Persona,0.1771,Overloaded Prompt,0.1022,38,0.292
3c725dc36d176ab4b93402e6363a2bb3,2,No Smell,0.3042,Format Ambiguity,0.1006,Vague / Missing Context,0.0943,Conflicting Constraints,0.0875,28,0.292
8700e65cf37ca9de459c1fb4485a8a6f,1,Vague / Missing Context,0.1775,Format Ambiguity,0.1434,No Smell,0.1233,Ambiguous References,0.1073,235,0.296
7ef6f960ada94cbde0fa5f9751fd09d1,1,Vague / Missing Context,0.1909,Format Ambiguity,0.1626,No Smell,0.1240,Overloaded Prompt,0.0924,245,0.296
050ff024fa4944aa40c25f49a313823e,1,Format Ambiguity,0.1185,Ambiguous References,0.1181,Prompt Bloat / Convoluted Prompt,0.1119,No Smell,0.1088,2307,0.579
050ff024fa4944aa40c25f49a313823e,2,Format Ambiguity,0.1258,Ambiguous References,0.1248,No Smell,0.1066,Overloaded Prompt,0.1032,2035,0.500
6058c6907a938e9a2aa104b710bc0e1d,1,Vague / Missing Context,0.1827,Format Ambiguity,0.1624,No Smell,0.1222,Ambiguous References,0.0957,244,0.297
902b200b1edc12b849f15bcb9d5b1351,1,Vague / Missing Context,0.1723,No Smell,0.1636,Format Ambiguity,0.1391,Ambiguous References,0.0935,590,0.330
11a975debe7a5403f965d9c6e31d462d,1,Vague / Missing Context,0.1912,Format Ambiguity,0.1658,No Smell,0.1179,Overloaded Prompt,0.0924,249,0.296
58fcecca353a49884246a2cc2646b1ab,1,Vague / Missing Context,0.1912,Format Ambiguity,0.1658,No Smell,0.1179,Overloaded Prompt,0.0924,249,0.249
e504bd0f0fd2b1bf3fef05515126a864,1,No Smell,0.1637,Vague / Missing Context,0.1610,Format Ambiguity,0.1351,Ambiguous References,0.0936,599,0.362
402a9b677d3ae5f4662fe571542e7762,1,No Smell,0.1814,Format Ambiguity,0.1384,Vague / Missing Context,0.1125,Unnecessary Repetition,0.0849,145,0.296
4025d0ae99885f48805987d0f24a27f6,1,Vague / Missing Context,0.1693,No Smell,0.1595,Format Ambiguity,0.1410,Overloaded Prompt,0.1005,617,0.362
67c2dbe6f2ff4589eda9054bbfe0de34,1,No Smell,0.1437,Format Ambiguity,0.1317,Vague / Missing Context,0.1105,Ambiguous References,0.1101,326,0.297
7716955e8f71ce36fc2796ca624dccba,1,No Smell,0.1824,Format Ambiguity,0.1122,Ambiguous References,0.1001,Vague / Missing Context,0.0938,37,0.292
16b8d6b1e0bfc4529a164293cc945abd,1,No Smell,0.1436,Overloaded Prompt,0.1105,Ambiguous References,0.1054,Format Ambiguity,0.1027,4000,0.879
96567b3498969f3439c06fcf0d6bafea,10,No Smell,0.1722,Format Ambiguity,0.1263,Ambiguous References,0.1057,Vague / Missing Context,0.0971,14,0.292
298cc3b5a591fbe511ba52cdc7ff959c,1,No Smell,0.1431,Overloaded Prompt,0.1119,Vague / Missing Context,0.1028,Prompt Bloat / Convoluted Prompt,0.1026,4000,0.882
d174dcbbbe0f549656a54dbb32ad6e9f,1,Vague / Missing Context,0.1758,No Smell,0.1538,Format Ambiguity,0.1409,Overloaded Prompt,0.0944,649,0.363
386957e74dd65ba75079d268d75aeb21,1,No Smell,0.1479,Format Ambiguity,0.1445,Overloaded Prompt,0.1101,Vague / Missing Context,0.1099,678,0.362
026cceff58e872cb285c7034c06d07ac,1,Format Ambiguity,0.2387,Vague / Missing Context,0.1311,No Smell,0.1262,Overloaded Prompt,0.1184,27,0.292
ad479e74a39e6f6e4d2d7ae0110ba4bc,1,No Smell,0.1392,Unnecessary Repetition,0.1210,Conflicting Constraints,0.1167,Irrelevant / Excessive Persona,0.1109,69,0.293
cafed52442604ba73513179f7b5647a7,1,No Smell,0.1549,Format Ambiguity,0.1530,Overloaded Prompt,0.1121,Vague / Missing Context,0.0899,731,0.363
2d7669f500d48a2a78eeb16808fc8cb0,1,Ambiguous References,0.1713,Format Ambiguity,0.1546,No Smell,0.1321,Vague / Missing Context,0.1056,159,0.296
2d7669f500d48a2a78eeb16808fc8cb0,2,Ambiguous References,0.1713,Format Ambiguity,0.1546,No Smell,0.1321,Vague / Missing Context,0.1056,159,0.249
2d7669f500d48a2a78eeb16808fc8cb0,3,Ambiguous References,0.1860,Format Ambiguity,0.1484,No Smell,0.1316,Vague / Missing Context,0.1035,202,0.296
2d7669f500d48a2a78eeb16808fc8cb0,4,Ambiguous References,0.1648,Format Ambiguity,0.1548,No Smell,0.1349,Vague / Missing Context,0.1021,203,0.297
5ff8f40dc7a13e9b57ef91305f6711f7,1,No Smell,0.1768,Format Ambiguity,0.1511,Overloaded Prompt,0.1215,Formality / Audience Mismatch,0.0993,742,0.364
5c6798e9bbfe0ae795d2ad20f4bb0dee,2,No Smell,0.1518,Vague / Missing Context,0.1274,Format Ambiguity,0.1186,Ambiguous References,0.0916,19,0.292
5c6798e9bbfe0ae795d2ad20f4bb0dee,3,No Smell,0.1810,Format Ambiguity,0.1219,Vague / Missing Context,0.1176,Ambiguous References,0.0898,44,0.293
5c6798e9bbfe0ae795d2ad20f4bb0dee,4,No Smell,0.2008,Vague / Missing Context,0.1224,Format Ambiguity,0.1223,Unnecessary Repetition,0.0853,35,0.292
66d9a7dd63cd09c9a2133d02ca6ec84b,4,No Smell,0.1704,Format Ambiguity,0.1565,Vague / Missing Context,0.1348,Unnecessary Repetition,0.0899,29,0.293
e15350a96613c845a5fa75c6585f9fd7,1,No Smell,0.1668,Format Ambiguity,0.1452,Formality / Audience Mismatch,0.1243,Overloaded Prompt,0.1033,756,0.364
08c4bf85be387de997c02d99a393baad,2,Format Ambiguity,0.2345,No Smell,0.1596,Overloaded Prompt,0.1151,Vague / Missing Context,0.0977,90,0.294
7f54262de17578f3a5e1a0d2764bc792,1,Ambiguous References,0.1860,Format Ambiguity,0.1484,No Smell,0.1316,Vague / Missing Context,0.1035,202,0.296
7f54262de17578f3a5e1a0d2764bc792,2,Ambiguous References,0.1830,Format Ambiguity,0.1455,No Smell,0.1293,Vague / Missing Context,0.1085,247,0.321
7f54262de17578f3a5e1a0d2764bc792,3,Ambiguous References,0.1614,Format Ambiguity,0.1450,No Smell,0.1331,Vague / Missing Context,0.1041,249,0.319
786b03bc11603e2524a98c66369457b3,1,No Smell,0.1547,Format Ambiguity,0.1292,Vague / Missing Context,0.1258,Prompt Bloat / Convoluted Prompt,0.1001,3725,0.656
8002fd5d4172e6b0345e82fa1660163b,1,No Smell,0.1833,Format Ambiguity,0.1433,Vague / Missing Context,0.1025,Prompt Bloat / Convoluted Prompt,0.0980,4000,0.882
623665be11510a9b349d545f27cca154,1,No Smell,0.1811,Format Ambiguity,0.1243,Ambiguous References,0.1032,Vague / Missing Context,0.0996,84,0.293
623665be11510a9b349d545f27cca154,2,No Smell,0.1748,Format Ambiguity,0.1290,Vague / Missing Context,0.1130,Irrelevant / Excessive Persona,0.0902,153,0.295
623665be11510a9b349d545f27cca154,3,No Smell,0.1574,Format Ambiguity,0.1224,Ambiguous References,0.1092,Vague / Missing Context,0.1073,92,0.294
623665be11510a9b349d545f27cca154,4,No Smell,0.1937,Format Ambiguity,0.1254,Vague / Missing Context,0.1051,Ambiguous References,0.1001,105,0.293
623665be11510a9b349d545f27cca154,5,No Smell,0.1913,Format Ambiguity,0.1227,Ambiguous References,0.1044,Vague / Missing Context,0.1007,141,0.294
623665be11510a9b349d545f27cca154,6,No Smell,0.1747,Format Ambiguity,0.1317,Ambiguous References,0.1044,Vague / Missing Context,0.1031,205,0.296
623665be11510a9b349d545f27cca154,7,No Smell,0.1670,Ambiguous References,0.1215,Format Ambiguity,0.1205,Vague / Missing Context,0.0983,191,0.296
623665be11510a9b349d545f27cca154,8,No Smell,0.1835,Format Ambiguity,0.1242,Vague / Missing Context,0.1061,Ambiguous References,0.0945,67,0.293
68a5d20019e135e5e244208f11fcb768,1,No Smell,0.1713,Format Ambiguity,0.1518,Overloaded Prompt,0.1170,Vague / Missing Context,0.0955,738,0.363
5bd2110cb4e0eead4a8e505c358c165c,1,No Smell,0.1431,Format Ambiguity,0.1416,Ambiguous References,0.1282,Vague / Missing Context,0.1170,254,0.296
7c169dbd890305bb34e63ccfec405c9f,1,No Smell,0.1508,Vague / Missing Context,0.1274,Format Ambiguity,0.1208,Overloaded Prompt,0.1014,3859,0.722
7c169dbd890305bb34e63ccfec405c9f,2,Format Ambiguity,0.1865,Vague / Missing Context,0.1706,No Smell,0.1395,Overloaded Prompt,0.0840,53,0.292
7c169dbd890305bb34e63ccfec405c9f,3,Vague / Missing Context,0.1654,Format Ambiguity,0.1585,No Smell,0.1554,Unnecessary Repetition,0.0787,67,0.294
6f5be39463231c07a45abeb836ddb766,1,Format Ambiguity,0.1729,No Smell,0.1529,Overloaded Prompt,0.1255,Vague / Missing Context,0.1194,392,0.323
5dcc3098a2ecb1e9281dcce1d6268e87,1,No Smell,0.1834,Format Ambiguity,0.1255,Vague / Missing Context,0.1060,Ambiguous References,0.0980,100,0.293
5dcc3098a2ecb1e9281dcce1d6268e87,2,No Smell,0.1765,Format Ambiguity,0.1275,Vague / Missing Context,0.1115,Ambiguous References,0.1012,123,0.293
b9c155cede4bd56866ee431c246c1979,1,No Smell,0.1711,Format Ambiguity,0.1488,Overloaded Prompt,0.1159,Vague / Missing Context,0.0976,729,0.362
fa7acb9422197bee9e559cbbe8248dea,1,Vague / Missing Context,0.1507,Format Ambiguity,0.1402,No Smell,0.1181,Overloaded Prompt,0.0931,157,0.295
1b2a845f590bb7671821431ed04f2ac6,1,Format Ambiguity,0.1915,Vague / Missing Context,0.1400,No Smell,0.1227,Ambiguous References,0.1184,114,0.294
1b2a845f590bb7671821431ed04f2ac6,2,Format Ambiguity,0.1749,No Smell,0.1450,Vague / Missing Context,0.1102,Ambiguous References,0.1077,202,0.296
1b2a845f590bb7671821431ed04f2ac6,3,Format Ambiguity,0.1792,No Smell,0.1444,Ambiguous References,0.1180,Vague / Missing Context,0.1078,214,0.297
1b2a845f590bb7671821431ed04f2ac6,4,Format Ambiguity,0.1743,No Smell,0.1408,Ambiguous References,0.1177,Vague / Missing Context,0.1160,237,0.297
1b2a845f590bb7671821431ed04f2ac6,5,Format Ambiguity,0.1694,No Smell,0.1307,Vague / Missing Context,0.1257,Ambiguous References,0.1138,238,0.296
1b2a845f590bb7671821431ed04f2ac6,6,Format Ambiguity,0.1783,No Smell,0.1436,Ambiguous References,0.1241,Vague / Missing Context,0.1113,222,0.296
373a9044f43203af2d40f8a649d65cb1,1,Vague / Missing Context,0.1819,No Smell,0.1616,Format Ambiguity,0.1525,Overloaded Prompt,0.0825,22,0.293
1cf611af1438753696ff5cfbda2e9c9c,1,No Smell,0.1704,Format Ambiguity,0.1494,Overloaded Prompt,0.1212,Vague / Missing Context,0.0976,742,0.363
dcebe11cc0cfd094052379d802b6f959,1,No Smell,0.2524,Format Ambiguity,0.1798,Overloaded Prompt,0.1027,Irrelevant / Excessive Persona,0.0833,61,0.293
265441f1fd370de428ba1a56c8cd5e0e,4,No Smell,0.1528,Format Ambiguity,0.1163,Overloaded Prompt,0.0984,Vague / Missing Context,0.0960,530,0.381
a7fda30135129bc45495971c4a8f4198,1,No Smell,0.1503,Format Ambiguity,0.1458,Vague / Missing Context,0.1258,Ambiguous References,0.1038,108,0.293
ce8666bcf577390be47e7ba7b39a06e7,1,No Smell,0.2177,Format Ambiguity,0.1434,Vague / Missing Context,0.1035,Unnecessary Repetition,0.0878,42,0.293
e01216e01546bc8ddde858fc31572f9d,1,No Smell,0.1675,Format Ambiguity,0.1226,Ambiguous References,0.1108,Unnecessary Repetition,0.0942,72,0.292
e01216e01546bc8ddde858fc31572f9d,2,No Smell,0.2208,Format Ambiguity,0.1286,Ambiguous References,0.0939,Irrelevant / Excessive Persona,0.0930,52,0.292
af6d3d167186dbff9f14afd8607b47f6,1,Format Ambiguity,0.1825,No Smell,0.1394,Ambiguous References,0.1242,Vague / Missing Context,0.1209,223,0.296
cc6f2fc7af346065ae4ee5881cb95211,1,No Smell,0.1779,Format Ambiguity,0.1480,Overloaded Prompt,0.1131,Vague / Missing Context,0.0998,726,0.363
2be329ff6e31925e7f5a98a347b20496,1,No Smell,0.1792,Format Ambiguity,0.1270,Vague / Missing Context,0.1136,Ambiguous References,0.0978,139,0.294
3effdc6939010b41be7428d7df29ac19,1,No Smell,0.1708,Format Ambiguity,0.1534,Overloaded Prompt,0.1161,Vague / Missing Context,0.1025,762,0.383
987870aed6731358fb7303bc0af31f38,1,Vague / Missing Context,0.1781,Format Ambiguity,0.1244,No Smell,0.1203,Ambiguous References,0.1041,1144,0.399
6071921b3cab585f57c5471e862349a9,1,No Smell,0.1728,Format Ambiguity,0.1301,Unnecessary Repetition,0.1220,Ambiguous References,0.1023,322,0.319
6071921b3cab585f57c5471e862349a9,2,No Smell,0.1331,Vague / Missing Context,0.1257,Unnecessary Repetition,0.1176,Format Ambiguity,0.1026,53,0.292
6071921b3cab585f57c5471e862349a9,3,Format Ambiguity,0.1569,No Smell,0.1457,Conflicting Constraints,0.1091,Unnecessary Repetition,0.1074,7,0.292
6071921b3cab585f57c5471e862349a9,4,No Smell,0.1751,Format Ambiguity,0.1668,Ambiguous References,0.1008,Vague / Missing Context,0.0958,339,0.320
aefd44816878268758b14b25ccec5381,1,No Smell,0.1693,Format Ambiguity,0.1516,Overloaded Prompt,0.1153,Vague / Missing Context,0.1034,796,0.378
06947c3c06295cd5e2e7a0c3780c7704,1,No Smell,0.2153,Format Ambiguity,0.1483,Vague / Missing Context,0.1319,Overloaded Prompt,0.0905,432,0.317
06947c3c06295cd5e2e7a0c3780c7704,2,No Smell,0.2417,Vague / Missing Context,0.1471,Irrelevant / Excessive Persona,0.1168,Format Ambiguity,0.0953,29,0.293
06947c3c06295cd5e2e7a0c3780c7704,3,No Smell,0.1957,Irrelevant / Excessive Persona,0.1654,Vague / Missing Context,0.1454,Format Ambiguity,0.1073,28,0.292
0650ce9097212b57c18096cb96097585,1,No Smell,0.1478,Vague / Missing Context,0.1254,Format Ambiguity,0.1200,Overloaded Prompt,0.1046,3884,0.711
0650ce9097212b57c18096cb96097585,2,Format Ambiguity,0.1865,Vague / Missing Context,0.1706,No Smell,0.1395,Overloaded Prompt,0.0840,53,0.293
0650ce9097212b57c18096cb96097585,3,No Smell,0.1718,Format Ambiguity,0.1466,Vague / Missing Context,0.1354,Unnecessary Repetition,0.0907,124,0.294
5f18519d0f776727f90c0b9fe0bf5c1f,1,No Smell,0.1671,Format Ambiguity,0.1518,Overloaded Prompt,0.1166,Vague / Missing Context,0.1037,803,0.378
19cb2a77585a73723f913485fd919b03,1,No Smell,0.2153,Format Ambiguity,0.1483,Vague / Missing Context,0.1319,Overloaded Prompt,0.0905,432,0.317
ca47429ab3bd723a2e2a9bef64e0eb3e,1,Vague / Missing Context,0.1753,Format Ambiguity,0.1241,No Smell,0.1135,Ambiguous References,0.1082,1143,0.399
18f651d782c6bbab8a71b29eba000d1e,1,No Smell,0.2215,Format Ambiguity,0.1259,Vague / Missing Context,0.1214,Unnecessary Repetition,0.0830,22,0.292
6365c16547823b0e8d3a553635e98179,1,No Smell,0.1501,Vague / Missing Context,0.1235,Unnecessary Repetition,0.0998,Format Ambiguity,0.0994,127,0.293
6365c16547823b0e8d3a553635e98179,2,Vague / Missing Context,0.1351,No Smell,0.1229,Bias / Loaded Framing,0.1041,Conflicting Constraints,0.0892,12,0.292
6365c16547823b0e8d3a553635e98179,3,No Smell,0.1394,Vague / Missing Context,0.1359,Unnecessary Repetition,0.1234,Format Ambiguity,0.1097,148,0.293
6365c16547823b0e8d3a553635e98179,5,Vague / Missing Context,0.1324,Formality / Audience Mismatch,0.1307,Format Ambiguity,0.1229,No Smell,0.1121,52,0.294
dd50650de6c9d355f843d986e250f8aa,1,No Smell,0.1683,Format Ambiguity,0.1537,Overloaded Prompt,0.1158,Vague / Missing Context,0.1069,853,0.381
b042fc4b5393c24a9b9004ac6658bf4f,1,No Smell,0.1619,Vague / Missing Context,0.1452,Format Ambiguity,0.1319,Ambiguous References,0.0993,400,0.322
adfc79bf0cfdfa0414c200c1c766b0f1,1,No Smell,0.1705,Format Ambiguity,0.1653,Overloaded Prompt,0.1237,Vague / Missing Context,0.1073,783,0.378
f6e879c436b7ff7a942615380770193e,1,No Smell,0.1733,Format Ambiguity,0.1336,Vague / Missing Context,0.1261,Ambiguous References,0.1019,4000,0.651
f6e879c436b7ff7a942615380770193e,2,No Smell,0.1546,Ambiguous References,0.1354,Format Ambiguity,0.1274,Vague / Missing Context,0.1252,83,0.294
f6e879c436b7ff7a942615380770193e,3,Ambiguous References,0.1857,No Smell,0.1256,Format Ambiguity,0.1050,Prompt Bloat / Convoluted Prompt,0.1015,209,0.322
f6e879c436b7ff7a942615380770193e,5,No Smell,0.1606,Ambiguous References,0.1181,Conflicting Constraints,0.1065,Unnecessary Repetition,0.1002,24,0.293
f64ddebe44dfe821ee9a01dc1962046d,1,Vague / Missing Context,0.1501,Format Ambiguity,0.1276,No Smell,0.1146,Overloaded Prompt,0.1123,3568,0.720
f64ddebe44dfe821ee9a01dc1962046d,2,No Smell,0.1929,Format Ambiguity,0.1631,Vague / Missing Context,0.1193,Overloaded Prompt,0.1038,276,0.319
0d923d922dc0a846204a21be7e62d3f9,1,No Smell,0.1713,Format Ambiguity,0.1629,Overloaded Prompt,0.1275,Vague / Missing Context,0.1071,790,0.378
0d923d922dc0a846204a21be7e62d3f9,2,No Smell,0.1308,Unnecessary Repetition,0.1263,Formality / Audience Mismatch,0.1233,Vague / Missing Context,0.1036,109,0.410
0d923d922dc0a846204a21be7e62d3f9,3,Vague / Missing Context,0.1786,No Smell,0.1602,Format Ambiguity,0.1510,Ambiguous References,0.1062,48,0.292
dc3b1ab6aa0f0043d560e2630d8c29b9,1,Vague / Missing Context,0.1509,Format Ambiguity,0.1239,No Smell,0.1150,Overloaded Prompt,0.1128,3604,0.711
dc3b1ab6aa0f0043d560e2630d8c29b9,2,No Smell,0.1884,Format Ambiguity,0.1788,Vague / Missing Context,0.1423,Overloaded Prompt,0.0732,93,0.292
e3fbc175eeb479b9a238b503f112e7a4,4,No Smell,0.2254,Format Ambiguity,0.1189,Overloaded Prompt,0.0924,Unnecessary Repetition,0.0913,26,0.291
e8b6890ca7b4308b238a1cdb6b2bc624,2,No Smell,0.1910,Irrelevant / Excessive Persona,0.1426,Ambiguous References,0.1247,Format Ambiguity,0.1127,17,0.291
e8b6890ca7b4308b238a1cdb6b2bc624,3,No Smell,0.2514,Format Ambiguity,0.1060,Unnecessary Repetition,0.0897,Vague / Missing Context,0.0888,26,0.292
e8b6890ca7b4308b238a1cdb6b2bc624,4,No Smell,0.2237,Vague / Missing Context,0.1860,Format Ambiguity,0.1036,Irrelevant / Excessive Persona,0.0796,24,0.291
e8b6890ca7b4308b238a1cdb6b2bc624,5,No Smell,0.1612,Unnecessary Repetition,0.1105,Ambiguous References,0.1051,Format Ambiguity,0.1050,38,0.291
e8b6890ca7b4308b238a1cdb6b2bc624,6,No Smell,0.1999,Format Ambiguity,0.1873,Vague / Missing Context,0.0921,Ambiguous References,0.0857,27,0.291
e8b6890ca7b4308b238a1cdb6b2bc624,7,No Smell,0.1522,Vague / Missing Context,0.1416,Format Ambiguity,0.1250,Irrelevant / Excessive Persona,0.1009,35,0.291
e8b6890ca7b4308b238a1cdb6b2bc624,8,No Smell,0.1864,Overloaded Prompt,0.1828,Format Ambiguity,0.1698,Vague / Missing Context,0.0734,35,0.291
e8b6890ca7b4308b238a1cdb6b2bc624,9,No Smell,0.1720,Format Ambiguity,0.1222,Conflicting Constraints,0.1023,Unnecessary Repetition,0.0908,55,0.292
e8b6890ca7b4308b238a1cdb6b2bc624,10,No Smell,0.1672,Format Ambiguity,0.1216,Unnecessary Repetition,0.1096,Vague / Missing Context,0.0927,23,0.293
328951ec9f2ebda604d2ce70c436f7c3,1,No Smell,0.1768,Format Ambiguity,0.1631,Vague / Missing Context,0.1120,Overloaded Prompt,0.1049,63,0.293
1108ccfb2ca6393e6ab4249169980734,1,Vague / Missing Context,0.1535,Format Ambiguity,0.1250,Overloaded Prompt,0.1171,No Smell,0.1143,3682,0.713
1108ccfb2ca6393e6ab4249169980734,2,No Smell,0.1815,Format Ambiguity,0.1747,Vague / Missing Context,0.1321,Overloaded Prompt,0.0914,190,0.296
4711cf3d3f7f9d23b9fe019e2acf31db,1,No Smell,0.2206,Format Ambiguity,0.1039,Conflicting Constraints,0.0922,Vague / Missing Context,0.0914,26,0.291
e99a6028b12f64c8ea401c76be4a0808,2,No Smell,0.1701,Format Ambiguity,0.1028,Ambiguous References,0.1019,Prompt Bloat / Convoluted Prompt,0.0942,61,0.292
e99a6028b12f64c8ea401c76be4a0808,3,Vague / Missing Context,0.1603,No Smell,0.1277,Conflicting Constraints,0.0963,Prompt Bloat / Convoluted Prompt,0.0930,11,0.291
e99a6028b12f64c8ea401c76be4a0808,4,No Smell,0.1676,Vague / Missing Context,0.1055,Conflicting Constraints,0.1041,Ambiguous References,0.1034,58,0.292
e99a6028b12f64c8ea401c76be4a0808,5,Vague / Missing Context,0.1626,No Smell,0.1145,Prompt Bloat / Convoluted Prompt,0.0985,Ambiguous References,0.0960,52,0.293
ca7d8460ac697b7c2ed061fc331df46c,1,No Smell,0.2216,Format Ambiguity,0.1242,Unnecessary Repetition,0.0934,Irrelevant / Excessive Persona,0.0835,86,0.292
7d5885f9dcb646a2ff68809209494bfb,1,No Smell,0.2268,Format Ambiguity,0.1043,Conflicting Constraints,0.0962,Vague / Missing Context,0.0931,25,0.291
e300b4385b46301085cdbb5697aaf734,1,No Smell,0.2100,Unnecessary Repetition,0.1227,Format Ambiguity,0.1124,Prompt Bloat / Convoluted Prompt,0.0899,298,0.317
e300b4385b46301085cdbb5697aaf734,3,No Smell,0.1636,Conflicting Constraints,0.1385,Unnecessary Repetition,0.1333,Vague / Missing Context,0.0911,28,0.293
e300b4385b46301085cdbb5697aaf734,4,No Smell,0.1875,Irrelevant / Excessive Persona,0.1155,Format Ambiguity,0.1092,Vague / Missing Context,0.0986,28,0.292
e300b4385b46301085cdbb5697aaf734,5,No Smell,0.2025,Format Ambiguity,0.1094,Unnecessary Repetition,0.1029,Conflicting Constraints,0.0960,35,0.291
7dc355eeacdb6df1e9758e02226f7a67,1,No Smell,0.2072,Format Ambiguity,0.1577,Vague / Missing Context,0.1398,Unnecessary Repetition,0.0790,48,0.291
7dc355eeacdb6df1e9758e02226f7a67,2,No Smell,0.1918,Format Ambiguity,0.1591,Vague / Missing Context,0.1439,Unnecessary Repetition,0.0789,51,0.292
7dc355eeacdb6df1e9758e02226f7a67,3,Vague / Missing Context,0.2325,No Smell,0.1759,Format Ambiguity,0.1489,Unnecessary Repetition,0.0672,64,0.292
7dc355eeacdb6df1e9758e02226f7a67,4,No Smell,0.2287,Format Ambiguity,0.1301,Vague / Missing Context,0.1072,Unnecessary Repetition,0.0814,58,0.291
7dc355eeacdb6df1e9758e02226f7a67,5,No Smell,0.1724,Format Ambiguity,0.1570,Ambiguous References,0.1247,Vague / Missing Context,0.1137,62,0.291
7dc355eeacdb6df1e9758e02226f7a67,6,No Smell,0.2330,Format Ambiguity,0.1221,Vague / Missing Context,0.1211,Unnecessary Repetition,0.0933,26,0.291
7dc355eeacdb6df1e9758e02226f7a67,7,No Smell,0.2056,Format Ambiguity,0.1302,Vague / Missing Context,0.1173,Overloaded Prompt,0.0813,77,0.292
7dc355eeacdb6df1e9758e02226f7a67,8,Vague / Missing Context,0.1945,No Smell,0.1819,Format Ambiguity,0.1612,Conflicting Constraints,0.0716,78,0.292
7dc355eeacdb6df1e9758e02226f7a67,9,Vague / Missing Context,0.2333,No Smell,0.1409,Format Ambiguity,0.1368,Ambiguous References,0.1278,45,0.292
7aa67d7495e1f9d4e5b1893281ebe499,2,No Smell,0.1842,Format Ambiguity,0.1137,Unnecessary Repetition,0.1056,Ambiguous References,0.0944,197,0.296
44e0eae4292df446451d819f7860bef9,1,Vague / Missing Context,0.1587,Format Ambiguity,0.1264,Overloaded Prompt,0.1201,Prompt Bloat / Convoluted Prompt,0.1110,3736,0.715
44e0eae4292df446451d819f7860bef9,2,Vague / Missing Context,0.1858,Format Ambiguity,0.1793,No Smell,0.1692,Ambiguous References,0.0798,163,0.296
3e111a55d2bc6aa3624e0ee2cbd58cdc,1,No Smell,0.1816,Format Ambiguity,0.1705,Overloaded Prompt,0.1145,Vague / Missing Context,0.1058,29,0.291
3e111a55d2bc6aa3624e0ee2cbd58cdc,2,Format Ambiguity,0.2697,Vague / Missing Context,0.1346,Overloaded Prompt,0.1226,No Smell,0.1170,72,0.292
3e111a55d2bc6aa3624e0ee2cbd58cdc,3,No Smell,0.1852,Vague / Missing Context,0.1341,Format Ambiguity,0.1230,Unnecessary Repetition,0.0797,47,0.292
3e111a55d2bc6aa3624e0ee2cbd58cdc,4,No Smell,0.1962,Format Ambiguity,0.1190,Vague / Missing Context,0.1174,Ambiguous References,0.0889,40,0.292
6e1f69d935b5110ec98169c22ced408e,1,No Smell,0.2185,Format Ambiguity,0.1157,Unnecessary Repetition,0.1088,Ambiguous References,0.0920,247,0.322
6e1f69d935b5110ec98169c22ced408e,2,Format Ambiguity,0.1758,No Smell,0.1536,Ambiguous References,0.0969,Vague / Missing Context,0.0962,36,0.292
6e1f69d935b5110ec98169c22ced408e,3,No Smell,0.1757,Conflicting Constraints,0.1275,Format Ambiguity,0.1174,Ambiguous References,0.0919,1537,0.529
3b5b10e01f31ab1557429e159c7aeb45,1,Vague / Missing Context,0.1587,Format Ambiguity,0.1264,Overloaded Prompt,0.1201,Prompt Bloat / Convoluted Prompt,0.1110,3736,0.715
2e9031a6f7bd668c3bd1fe90b29ecd21,3,No Smell,0.1735,Format Ambiguity,0.1383,Unnecessary Repetition,0.0960,Overloaded Prompt,0.0953,248,0.321
7e7cfcb2eb0ce05b1a77fcba3c1c4c38,1,Vague / Missing Context,0.1787,Format Ambiguity,0.1608,No Smell,0.1289,Overloaded Prompt,0.0884,51,0.292
7e7cfcb2eb0ce05b1a77fcba3c1c4c38,2,Format Ambiguity,0.2011,Vague / Missing Context,0.1535,No Smell,0.1271,Overloaded Prompt,0.0879,74,0.292
7e7cfcb2eb0ce05b1a77fcba3c1c4c38,3,Format Ambiguity,0.1996,Vague / Missing Context,0.1448,No Smell,0.1254,Overloaded Prompt,0.0820,84,0.293
f1cdeaf05a3ccbd5e1407a1d84c5e4e9,1,No Smell,0.2024,Format Ambiguity,0.1216,Prompt Bloat / Convoluted Prompt,0.1097,Overloaded Prompt,0.0908,4000,0.903
852335d5509053b252ebcd40814288f4,1,No Smell,0.1894,Format Ambiguity,0.1703,Irrelevant / Excessive Persona,0.0909,Ambiguous References,0.0901,81,0.293
ce792d06ccf117acc2eeb5cd62a78c53,2,No Smell,0.2217,Format Ambiguity,0.2013,Overloaded Prompt,0.1136,Irrelevant / Excessive Persona,0.0735,38,0.291
ce792d06ccf117acc2eeb5cd62a78c53,3,No Smell,0.2290,Format Ambiguity,0.1941,Overloaded Prompt,0.0956,Vague / Missing Context,0.0779,38,0.292
ce792d06ccf117acc2eeb5cd62a78c53,4,No Smell,0.2147,Format Ambiguity,0.1384,Irrelevant / Excessive Persona,0.1363,Overloaded Prompt,0.0846,91,0.292
ce792d06ccf117acc2eeb5cd62a78c53,5,No Smell,0.2061,Format Ambiguity,0.1473,Irrelevant / Excessive Persona,0.1416,Ambiguous References,0.0881,92,0.292
ce792d06ccf117acc2eeb5cd62a78c53,6,No Smell,0.2304,Format Ambiguity,0.1619,Vague / Missing Context,0.0810,Ambiguous References,0.0759,52,0.292
ce792d06ccf117acc2eeb5cd62a78c53,7,No Smell,0.2002,Format Ambiguity,0.1189,Ambiguous References,0.0973,Unnecessary Repetition,0.0914,47,0.291
ce792d06ccf117acc2eeb5cd62a78c53,8,No Smell,0.1586,Format Ambiguity,0.1320,Vague / Missing Context,0.0990,Unnecessary Repetition,0.0984,18,0.292
ce792d06ccf117acc2eeb5cd62a78c53,9,No Smell,0.1896,Format Ambiguity,0.1415,Vague / Missing Context,0.1110,Unnecessary Repetition,0.0837,52,0.291
ce792d06ccf117acc2eeb5cd62a78c53,10,No Smell,0.1617,Format Ambiguity,0.1253,Vague / Missing Context,0.1061,Unnecessary Repetition,0.1024,7,0.291
ef54c1e7850b86bfe7dcfe78dfab39f1,2,No Smell,0.2525,Unnecessary Repetition,0.0989,Format Ambiguity,0.0954,Irrelevant / Excessive Persona,0.0813,72,0.292
ef54c1e7850b86bfe7dcfe78dfab39f1,3,No Smell,0.1701,Unnecessary Repetition,0.1143,Format Ambiguity,0.0997,Conflicting Constraints,0.0967,53,0.291
bab9b34ec44a91b8ab95fbe8b83a5954,1,No Smell,0.1783,Format Ambiguity,0.1464,Vague / Missing Context,0.1276,Formality / Audience Mismatch,0.1070,67,0.291
bab9b34ec44a91b8ab95fbe8b83a5954,2,No Smell,0.1464,Format Ambiguity,0.1281,Vague / Missing Context,0.1278,Ambiguous References,0.1023,653,0.363
bab9b34ec44a91b8ab95fbe8b83a5954,3,Ambiguous References,0.1825,Format Ambiguity,0.1308,No Smell,0.1270,Unnecessary Repetition,0.0949,173,0.295
bab9b34ec44a91b8ab95fbe8b83a5954,4,No Smell,0.1277,Conflicting Constraints,0.1188,Format Ambiguity,0.1176,Ambiguous References,0.1171,98,0.292
bab9b34ec44a91b8ab95fbe8b83a5954,5,Format Ambiguity,0.2030,Vague / Missing Context,0.1640,No Smell,0.1237,Overloaded Prompt,0.0788,89,0.292
bab9b34ec44a91b8ab95fbe8b83a5954,6,Vague / Missing Context,0.2018,Format Ambiguity,0.1464,Ambiguous References,0.1048,Irrelevant / Excessive Persona,0.1009,91,0.292
bab9b34ec44a91b8ab95fbe8b83a5954,7,No Smell,0.2094,Format Ambiguity,0.1317,Unnecessary Repetition,0.1047,Vague / Missing Context,0.0944,66,0.292
bab9b34ec44a91b8ab95fbe8b83a5954,8,No Smell,0.1668,Vague / Missing Context,0.1563,Format Ambiguity,0.1431,Ambiguous References,0.1194,251,0.296
bab9b34ec44a91b8ab95fbe8b83a5954,9,No Smell,0.2485,Format Ambiguity,0.2049,Irrelevant / Excessive Persona,0.0744,Overloaded Prompt,0.0725,60,0.292
8c49b9b22ef1e25d2bb01b302b363e86,1,Format Ambiguity,0.1953,Overloaded Prompt,0.1769,Vague / Missing Context,0.1339,No Smell,0.1198,382,0.323
d129ef6b967e60bd1b7d21d672ca9740,1,Overloaded Prompt,0.1734,No Smell,0.1361,Format Ambiguity,0.1261,Ambiguous References,0.0989,123,0.292
afef736e405e864a349fe916229f0b64,1,No Smell,0.1520,Overloaded Prompt,0.1228,Conflicting Constraints,0.1158,Ambiguous References,0.1060,4000,0.755
afef736e405e864a349fe916229f0b64,2,No Smell,0.1726,Format Ambiguity,0.1218,Ambiguous References,0.1050,Irrelevant / Excessive Persona,0.0916,2740,0.623
afef736e405e864a349fe916229f0b64,3,Format Ambiguity,0.1630,Formality / Audience Mismatch,0.1431,No Smell,0.1374,Vague / Missing Context,0.1141,181,0.295
529a714311b90a662b4f2ec943590d38,2,Vague / Missing Context,0.1720,No Smell,0.1227,Format Ambiguity,0.1208,Ambiguous References,0.1194,4000,0.688
529a714311b90a662b4f2ec943590d38,3,No Smell,0.1453,Format Ambiguity,0.1240,Vague / Missing Context,0.1157,Ambiguous References,0.1094,229,0.297
529a714311b90a662b4f2ec943590d38,4,No Smell,0.1556,Ambiguous References,0.1316,Format Ambiguity,0.1171,Vague / Missing Context,0.0954,159,0.295
529a714311b90a662b4f2ec943590d38,5,No Smell,0.1435,Ambiguous References,0.1169,Format Ambiguity,0.1098,Vague / Missing Context,0.0968,186,0.296
529a714311b90a662b4f2ec943590d38,6,No Smell,0.2200,Format Ambiguity,0.1063,Ambiguous References,0.0946,Unnecessary Repetition,0.0933,66,0.292
529a714311b90a662b4f2ec943590d38,7,No Smell,0.1648,Format Ambiguity,0.1333,Vague / Missing Context,0.1280,Ambiguous References,0.1008,27,0.292
529a714311b90a662b4f2ec943590d38,8,No Smell,0.1466,Ambiguous References,0.1389,Format Ambiguity,0.1257,Vague / Missing Context,0.1011,21,0.291
529a714311b90a662b4f2ec943590d38,9,No Smell,0.1725,Ambiguous References,0.1091,Vague / Missing Context,0.1079,Format Ambiguity,0.1043,60,0.292
da955095e2dd19fd621c770525cb83bb,1,No Smell,0.1376,Format Ambiguity,0.1300,Ambiguous References,0.1166,Vague / Missing Context,0.1046,2251,0.581
c7420bcb8167025331e328606092605c,1,No Smell,0.1266,Format Ambiguity,0.1152,Irrelevant / Excessive Persona,0.1100,Formality / Audience Mismatch,0.1060,135,0.294
b7a8a2465631a533f1742bc4b6c3840e,1,Format Ambiguity,0.1343,No Smell,0.1326,Ambiguous References,0.1146,Vague / Missing Context,0.1036,2475,0.615
c39c983ebafb6528319539e91a6f4c01,1,No Smell,0.1551,Ambiguous References,0.1265,Format Ambiguity,0.1085,Prompt Bloat / Convoluted Prompt,0.1067,2751,0.711
c39c983ebafb6528319539e91a6f4c01,2,Format Ambiguity,0.2089,No Smell,0.1714,Vague / Missing Context,0.1114,Overloaded Prompt,0.0797,38,0.292
c39c983ebafb6528319539e91a6f4c01,3,Ambiguous References,0.1621,Vague / Missing Context,0.1354,No Smell,0.1223,Format Ambiguity,0.0961,37,0.291
c39c983ebafb6528319539e91a6f4c01,4,No Smell,0.1659,Format Ambiguity,0.1103,Vague / Missing Context,0.1043,Unnecessary Repetition,0.0943,38,0.292
c39c983ebafb6528319539e91a6f4c01,5,No Smell,0.1829,Vague / Missing Context,0.1154,Format Ambiguity,0.1088,Ambiguous References,0.1059,36,0.292
c39c983ebafb6528319539e91a6f4c01,6,No Smell,0.1892,Ambiguous References,0.1049,Format Ambiguity,0.1042,Unnecessary Repetition,0.1035,43,0.292
f72e6094eec3357e476012084f45c445,1,Format Ambiguity,0.1689,No Smell,0.1626,Vague / Missing Context,0.1058,Overloaded Prompt,0.0987,945,0.396
381791116890b40965ddf2f13e3c04bf,1,No Smell,0.1234,Format Ambiguity,0.1188,Formality / Audience Mismatch,0.1106,Irrelevant / Excessive Persona,0.1023,137,0.295
82d902deac806d89196022e0a52db658,1,Format Ambiguity,0.1673,No Smell,0.1598,Vague / Missing Context,0.1091,Overloaded Prompt,0.0993,988,0.388
06623239729362a7134040fa06e56c06,1,No Smell,0.2004,Format Ambiguity,0.1200,Vague / Missing Context,0.1016,Ambiguous References,0.0960,398,0.318
06623239729362a7134040fa06e56c06,2,No Smell,0.1772,Format Ambiguity,0.1110,Vague / Missing Context,0.1021,Ambiguous References,0.0987,54,0.292
06623239729362a7134040fa06e56c06,3,No Smell,0.2012,Format Ambiguity,0.1209,Vague / Missing Context,0.1023,Ambiguous References,0.0999,305,0.323
a66649d51d89b9185e008c875ca81ed9,2,No Smell,0.2009,Format Ambiguity,0.1382,Vague / Missing Context,0.1254,Overloaded Prompt,0.0981,143,0.295
5f209b5a601d455e799aa69e9a63871c,1,No Smell,0.1534,Unnecessary Repetition,0.1189,Prompt Bloat / Convoluted Prompt,0.1138,Format Ambiguity,0.0970,1385,0.578
5f209b5a601d455e799aa69e9a63871c,2,Format Ambiguity,0.2763,No Smell,0.1444,Overloaded Prompt,0.1252,Vague / Missing Context,0.0985,26,0.293
5f209b5a601d455e799aa69e9a63871c,3,No Smell,0.2063,Ambiguous References,0.1015,Format Ambiguity,0.0991,Prompt Bloat / Convoluted Prompt,0.0977,2775,0.722
6b08d16e7e2f035faab584b28ed1a834,1,Format Ambiguity,0.1671,No Smell,0.1614,Vague / Missing Context,0.1095,Overloaded Prompt,0.1009,1002,0.388
6b08d16e7e2f035faab584b28ed1a834,2,No Smell,0.1303,Irrelevant / Excessive Persona,0.1224,Vague / Missing Context,0.1090,Format Ambiguity,0.1049,52,0.292
a886b878e19fad082997ec4a8386aeaa,1,Vague / Missing Context,0.2073,No Smell,0.1466,Format Ambiguity,0.1390,Formality / Audience Mismatch,0.1113,84,0.292
3601f31ac906bba1e393cbb1944b9cca,1,No Smell,0.1411,Vague / Missing Context,0.1379,Format Ambiguity,0.1224,Ambiguous References,0.1027,69,0.293
29ff99c71f69b82cae49afc96662493a,1,Format Ambiguity,0.1679,No Smell,0.1573,Vague / Missing Context,0.1109,Overloaded Prompt,0.0961,1001,0.388
bab3ae9ff5eb16930939f52b2732c0ef,1,No Smell,0.2132,Format Ambiguity,0.1946,Irrelevant / Excessive Persona,0.1451,Overloaded Prompt,0.1017,86,0.293
bab3ae9ff5eb16930939f52b2732c0ef,2,Overloaded Prompt,0.1451,No Smell,0.1337,Format Ambiguity,0.1243,Ambiguous References,0.1165,406,0.322
bab3ae9ff5eb16930939f52b2732c0ef,3,Vague / Missing Context,0.1725,Format Ambiguity,0.1377,No Smell,0.1243,Ambiguous References,0.1023,101,0.292
ad9318b132529f36aae3c977e3706353,1,Vague / Missing Context,0.1524,Format Ambiguity,0.1505,No Smell,0.1486,Ambiguous References,0.0900,1008,0.388
ec968648b61af40ff5e76f1764d9289e,1,Format Ambiguity,0.1726,Vague / Missing Context,0.1633,No Smell,0.1330,Overloaded Prompt,0.1020,93,0.293
b5d4fd3bbaae2e08a3b3fbe8bc71a42a,9,No Smell,0.1706,Vague / Missing Context,0.1347,Format Ambiguity,0.1252,Ambiguous References,0.0964,23,0.291
ffee2fa45797fea3168db6e10b9b8a9b,1,Format Ambiguity,0.1498,No Smell,0.1488,Conflicting Constraints,0.1296,Vague / Missing Context,0.1178,2501,0.515
f6820f4939329f142f06a248f20ed0d1,1,No Smell,0.1533,Format Ambiguity,0.1519,Vague / Missing Context,0.1477,Ambiguous References,0.0882,1012,0.389
0858adf0b85a489fa50f90b6a1718cfe,1,Vague / Missing Context,0.2002,No Smell,0.1702,Format Ambiguity,0.1603,Unnecessary Repetition,0.0706,45,0.292
0858adf0b85a489fa50f90b6a1718cfe,2,Vague / Missing Context,0.1840,Format Ambiguity,0.1543,No Smell,0.1271,Unnecessary Repetition,0.0919,11,0.292
0858adf0b85a489fa50f90b6a1718cfe,3,Vague / Missing Context,0.1840,Format Ambiguity,0.1543,No Smell,0.1271,Unnecessary Repetition,0.0919,11,0.249
0858adf0b85a489fa50f90b6a1718cfe,4,Format Ambiguity,0.2032,No Smell,0.1759,Vague / Missing Context,0.0977,Overloaded Prompt,0.0945,22,0.291
0858adf0b85a489fa50f90b6a1718cfe,5,Vague / Missing Context,0.1840,Format Ambiguity,0.1543,No Smell,0.1271,Unnecessary Repetition,0.0919,11,0.249
ee0132081092f9b33a691211d7d539df,1,Format Ambiguity,0.1742,No Smell,0.1591,Overloaded Prompt,0.1120,Vague / Missing Context,0.1065,1014,0.389
030c745535c630dac51c595c29a17548,1,Format Ambiguity,0.1553,No Smell,0.1548,Vague / Missing Context,0.1466,Overloaded Prompt,0.0936,1007,0.389
030c745535c630dac51c595c29a17548,2,Vague / Missing Context,0.1492,No Smell,0.1402,Format Ambiguity,0.1129,Irrelevant / Excessive Persona,0.1000,61,0.291
c07b6cd94f4a8b0bab507aa376405573,1,No Smell,0.1404,Vague / Missing Context,0.1156,Overloaded Prompt,0.1143,Format Ambiguity,0.1072,1923,0.496
c07b6cd94f4a8b0bab507aa376405573,2,No Smell,0.1739,Format Ambiguity,0.1485,Vague / Missing Context,0.1101,Unnecessary Repetition,0.0920,46,0.291
c07b6cd94f4a8b0bab507aa376405573,3,No Smell,0.1919,Format Ambiguity,0.1195,Vague / Missing Context,0.1037,Ambiguous References,0.0900,63,0.292
c07b6cd94f4a8b0bab507aa376405573,4,No Smell,0.2243,Format Ambiguity,0.1420,Vague / Missing Context,0.0881,Ambiguous References,0.0848,21,0.291
c07b6cd94f4a8b0bab507aa376405573,5,No Smell,0.1538,Format Ambiguity,0.1208,Vague / Missing Context,0.0999,Conflicting Constraints,0.0994,65,0.292
c07b6cd94f4a8b0bab507aa376405573,6,No Smell,0.1952,Format Ambiguity,0.1035,Ambiguous References,0.1001,Prompt Bloat / Convoluted Prompt,0.0918,641,0.379
c07b6cd94f4a8b0bab507aa376405573,7,Vague / Missing Context,0.1714,Format Ambiguity,0.1634,No Smell,0.1347,Ambiguous References,0.1125,102,0.293
c07b6cd94f4a8b0bab507aa376405573,8,No Smell,0.1766,Format Ambiguity,0.1368,Vague / Missing Context,0.1259,Ambiguous References,0.1021,71,0.292
c07b6cd94f4a8b0bab507aa376405573,9,No Smell,0.1610,Vague / Missing Context,0.1144,Format Ambiguity,0.1117,Ambiguous References,0.1038,42,0.291
c07b6cd94f4a8b0bab507aa376405573,10,Vague / Missing Context,0.1738,No Smell,0.1650,Format Ambiguity,0.1611,Ambiguous References,0.1069,150,0.295
c07b6cd94f4a8b0bab507aa376405573,11,No Smell,0.1268,Vague / Missing Context,0.1226,Ambiguous References,0.1098,Format Ambiguity,0.1077,95,0.292
c07b6cd94f4a8b0bab507aa376405573,12,Vague / Missing Context,0.1727,No Smell,0.1659,Format Ambiguity,0.1339,Ambiguous References,0.1060,182,0.295
c07b6cd94f4a8b0bab507aa376405573,13,Vague / Missing Context,0.1991,Format Ambiguity,0.1751,No Smell,0.1251,Ambiguous References,0.0831,160,0.295
9536723622b7c9d04e852c619b80852b,1,Format Ambiguity,0.1568,No Smell,0.1551,Vague / Missing Context,0.1478,Overloaded Prompt,0.0882,1029,0.389
eae311638655cc956f21035856c59672,1,Format Ambiguity,0.1895,Vague / Missing Context,0.1622,No Smell,0.1404,Overloaded Prompt,0.1362,525,0.318
eae311638655cc956f21035856c59672,2,Format Ambiguity,0.1816,Overloaded Prompt,0.1516,Vague / Missing Context,0.1486,No Smell,0.1383,508,0.318
b00f486482d41cad8b42f86f9826344e,1,Vague / Missing Context,0.1519,Format Ambiguity,0.1459,Ambiguous References,0.1390,Overloaded Prompt,0.1219,562,0.319
b00f486482d41cad8b42f86f9826344e,2,No Smell,0.1736,Format Ambiguity,0.1583,Vague / Missing Context,0.1524,Unnecessary Repetition,0.0801,33,0.291
2ba438cb2a94c4abf0cd89df1262780e,1,No Smell,0.1994,Format Ambiguity,0.1137,Vague / Missing Context,0.0949,Ambiguous References,0.0880,53,0.291
aeccb71666888bd3112f5e9e50f8ffa9,1,No Smell,0.2004,Format Ambiguity,0.1181,Vague / Missing Context,0.0975,Ambiguous References,0.0876,56,0.292
dbdd094e9c6a8b0ea7ce79d0d8abf81a,1,Vague / Missing Context,0.2391,Format Ambiguity,0.1122,Ambiguous References,0.0947,Conflicting Constraints,0.0844,1254,0.399
dbdd094e9c6a8b0ea7ce79d0d8abf81a,2,No Smell,0.1891,Format Ambiguity,0.1285,Vague / Missing Context,0.1213,Ambiguous References,0.1129,180,0.296
dbdd094e9c6a8b0ea7ce79d0d8abf81a,3,No Smell,0.1807,Format Ambiguity,0.1748,Vague / Missing Context,0.1234,Ambiguous References,0.0822,76,0.293
dbdd094e9c6a8b0ea7ce79d0d8abf81a,4,Overloaded Prompt,0.2648,No Smell,0.1412,Format Ambiguity,0.1133,Vague / Missing Context,0.0879,40,0.293
dbdd094e9c6a8b0ea7ce79d0d8abf81a,5,No Smell,0.2112,Format Ambiguity,0.1696,Irrelevant / Excessive Persona,0.0889,Vague / Missing Context,0.0810,42,0.292
ccf28188f71050a3e9404d5a9e947df0,1,No Smell,0.2148,Vague / Missing Context,0.1326,Format Ambiguity,0.1174,Overloaded Prompt,0.0820,32,0.292
ccf28188f71050a3e9404d5a9e947df0,2,No Smell,0.2730,Format Ambiguity,0.1333,Vague / Missing Context,0.1027,Unnecessary Repetition,0.0894,30,0.292
19cdba75d73931396cc58d0fc016aef0,1,No Smell,0.2004,Format Ambiguity,0.1181,Vague / Missing Context,0.0975,Ambiguous References,0.0876,56,0.292
d532b865943279f2076e9ea553229084,1,No Smell,0.1921,Format Ambiguity,0.1221,Vague / Missing Context,0.0942,Ambiguous References,0.0936,76,0.291
2d1b19869e9d9a97b5002842bcfb55a1,10,No Smell,0.1678,Format Ambiguity,0.1418,Ambiguous References,0.0998,Vague / Missing Context,0.0909,351,0.382
6536678d6e153d8bc6edbb9885f6d353,1,No Smell,0.1998,Format Ambiguity,0.1800,Vague / Missing Context,0.0930,Ambiguous References,0.0862,53,0.292
05242ba503ac3d4c6cddf06524347ea8,1,No Smell,0.2488,Format Ambiguity,0.1111,Unnecessary Repetition,0.0910,Vague / Missing Context,0.0810,80,0.292
05242ba503ac3d4c6cddf06524347ea8,2,No Smell,0.1430,Format Ambiguity,0.1416,Unnecessary Repetition,0.1201,Conflicting Constraints,0.1010,26,0.292
05242ba503ac3d4c6cddf06524347ea8,3,Vague / Missing Context,0.1377,Unnecessary Repetition,0.1154,Format Ambiguity,0.1129,Prompt Bloat / Convoluted Prompt,0.1123,70,0.291
05242ba503ac3d4c6cddf06524347ea8,4,No Smell,0.1942,Format Ambiguity,0.1378,Ambiguous References,0.1060,Vague / Missing Context,0.1021,72,0.291
05242ba503ac3d4c6cddf06524347ea8,5,No Smell,0.1663,Overloaded Prompt,0.1379,Format Ambiguity,0.1228,Conflicting Constraints,0.0946,28,0.291
05242ba503ac3d4c6cddf06524347ea8,6,No Smell,0.1869,Format Ambiguity,0.1342,Vague / Missing Context,0.1213,Ambiguous References,0.0847,44,0.291
05242ba503ac3d4c6cddf06524347ea8,7,Unnecessary Repetition,0.1837,No Smell,0.1522,Conflicting Constraints,0.0976,Format Ambiguity,0.0879,47,0.292
05242ba503ac3d4c6cddf06524347ea8,8,No Smell,0.1662,Conflicting Constraints,0.1077,Unnecessary Repetition,0.1062,Vague / Missing Context,0.0959,68,0.292
05242ba503ac3d4c6cddf06524347ea8,9,Unnecessary Repetition,0.1915,No Smell,0.1490,Vague / Missing Context,0.1050,Format Ambiguity,0.0972,164,0.295
efd6da6877a13e91e72105455c79ae2d,2,No Smell,0.2137,Format Ambiguity,0.1255,Unnecessary Repetition,0.0997,Irrelevant / Excessive Persona,0.0913,45,0.292
aaa20bc318e62778931a6c082789c77c,1,No Smell,0.1851,Format Ambiguity,0.1810,Vague / Missing Context,0.1674,Overloaded Prompt,0.0701,133,0.292
edec19b2d18ce0ea2220744bd2f7a676,1,No Smell,0.2137,Format Ambiguity,0.1488,Vague / Missing Context,0.1340,Overloaded Prompt,0.0894,429,0.317
ad9200e3a960201d4a8e9b91d02366ed,1,Vague / Missing Context,0.2061,No Smell,0.1387,Format Ambiguity,0.1337,Prompt Bloat / Convoluted Prompt,0.0864,682,0.396
ad9200e3a960201d4a8e9b91d02366ed,2,Format Ambiguity,0.1865,Vague / Missing Context,0.1706,No Smell,0.1395,Overloaded Prompt,0.0840,53,0.291
ad9200e3a960201d4a8e9b91d02366ed,3,Format Ambiguity,0.1608,No Smell,0.1490,Vague / Missing Context,0.1345,Conflicting Constraints,0.0882,14,0.292
ad9200e3a960201d4a8e9b91d02366ed,4,Format Ambiguity,0.1662,No Smell,0.1502,Vague / Missing Context,0.1319,Overloaded Prompt,0.0898,14,0.292
0ac63fe49674ff681a1846418843ebf5,1,Vague / Missing Context,0.2016,No Smell,0.1367,Format Ambiguity,0.1330,Prompt Bloat / Convoluted Prompt,0.0883,682,0.396
dd34939112bce62d8534d2416d2066b9,1,No Smell,0.1585,Format Ambiguity,0.1087,Ambiguous References,0.1033,Vague / Missing Context,0.0981,47,0.293
d349375b24713029f8b6c61be4fb62a1,1,No Smell,0.1670,Format Ambiguity,0.1118,Ambiguous References,0.1029,Vague / Missing Context,0.1003,50,0.291
858c194148ccf08ae5994d99f3f4f3b0,1,No Smell,0.1814,Format Ambiguity,0.1273,Ambiguous References,0.1057,Unnecessary Repetition,0.0933,74,0.292
f09ddd9e47a1a19de1ea1fd1b2e7d545,1,Format Ambiguity,0.1931,Vague / Missing Context,0.1572,Overloaded Prompt,0.1528,No Smell,0.1314,529,0.319
f09ddd9e47a1a19de1ea1fd1b2e7d545,2,Format Ambiguity,0.1913,Vague / Missing Context,0.1652,Overloaded Prompt,0.1437,No Smell,0.1320,528,0.318
f09ddd9e47a1a19de1ea1fd1b2e7d545,3,Format Ambiguity,0.1920,Overloaded Prompt,0.1486,Vague / Missing Context,0.1484,No Smell,0.1364,528,0.319
8713d11d66be6012867329ace7adaa2a,1,No Smell,0.1973,Format Ambiguity,0.1206,Ambiguous References,0.1159,Vague / Missing Context,0.1083,364,0.320
d85f66cea72f3c7f73a12c4d6e4f1c40,1,Format Ambiguity,0.1626,No Smell,0.1586,Overloaded Prompt,0.1187,Vague / Missing Context,0.1042,1105,0.398
d85f66cea72f3c7f73a12c4d6e4f1c40,2,Format Ambiguity,0.1742,Vague / Missing Context,0.1474,No Smell,0.1356,Irrelevant / Excessive Persona,0.0836,116,0.292
fa5ad7f30eb6436596131e33b66a80ee,1,No Smell,0.2209,Format Ambiguity,0.1557,Vague / Missing Context,0.1299,Overloaded Prompt,0.0842,452,0.318
77fd7212983c1ebfa777deedaf110304,1,Vague / Missing Context,0.2161,No Smell,0.1404,Format Ambiguity,0.1294,Conflicting Constraints,0.0802,40,0.292
7d593f3d28f50ca0d2d8eada5a8fcc21,1,Format Ambiguity,0.1920,Overloaded Prompt,0.1486,Vague / Missing Context,0.1484,No Smell,0.1364,528,0.319
c168e690c0d9affd8a557b4cc894a7d9,1,No Smell,0.1520,Overloaded Prompt,0.1228,Conflicting Constraints,0.1158,Ambiguous References,0.1060,4000,0.755
c168e690c0d9affd8a557b4cc894a7d9,2,Format Ambiguity,0.1744,No Smell,0.1584,Vague / Missing Context,0.1154,Unnecessary Repetition,0.0841,187,0.296
c168e690c0d9affd8a557b4cc894a7d9,3,Ambiguous References,0.1645,No Smell,0.1428,Format Ambiguity,0.1403,Vague / Missing Context,0.1034,9,0.291
61f500735059da78edae45364241b809,1,No Smell,0.1762,Format Ambiguity,0.1499,Vague / Missing Context,0.1305,Ambiguous References,0.1050,331,0.320
61f500735059da78edae45364241b809,2,No Smell,0.1846,Format Ambiguity,0.1674,Vague / Missing Context,0.1119,Ambiguous References,0.0929,155,0.295
61f500735059da78edae45364241b809,3,No Smell,0.2019,Format Ambiguity,0.1744,Vague / Missing Context,0.1064,Irrelevant / Excessive Persona,0.0806,138,0.294
6b9a4b2692fe0d1ebced73c7c75c08ff,1,No Smell,0.1884,Format Ambiguity,0.1200,Vague / Missing Context,0.1155,Ambiguous References,0.1042,49,0.293
a16139e426b9b1935bbd5ddd981ef06a,1,No Smell,0.1528,Format Ambiguity,0.1283,Vague / Missing Context,0.1096,Ambiguous References,0.1079,626,0.363
d5eb8ea7092ac900656cb9952b861e3a,1,Vague / Missing Context,0.1839,Format Ambiguity,0.1431,Ambiguous References,0.1017,No Smell,0.0963,145,0.294
d5eb8ea7092ac900656cb9952b861e3a,2,Vague / Missing Context,0.2458,Format Ambiguity,0.2058,No Smell,0.1525,Overloaded Prompt,0.0877,77,0.293
d5eb8ea7092ac900656cb9952b861e3a,3,No Smell,0.1835,Format Ambiguity,0.1774,Vague / Missing Context,0.1763,Overloaded Prompt,0.0794,110,0.293
6ab7b9636c1d4d0892e1330d0d93bd83,1,No Smell,0.1530,Format Ambiguity,0.1349,Vague / Missing Context,0.1141,Ambiguous References,0.1018,8,0.291
6ab7b9636c1d4d0892e1330d0d93bd83,7,No Smell,0.1819,Vague / Missing Context,0.1688,Format Ambiguity,0.1274,Unnecessary Repetition,0.0835,25,0.292
46e7531c06f45c858b7d17143197a8ad,1,Format Ambiguity,0.1850,Vague / Missing Context,0.1672,No Smell,0.1488,Overloaded Prompt,0.0831,314,0.320
827984832e117e7db5e822780d0ab2d4,1,No Smell,0.1825,Format Ambiguity,0.1320,Vague / Missing Context,0.1031,Irrelevant / Excessive Persona,0.1027,59,0.293
7d8b04ea4139375d8ccb064a7a58c978,1,No Smell,0.1571,Format Ambiguity,0.1526,Overloaded Prompt,0.1292,Vague / Missing Context,0.1024,1059,0.397
a93d95e17cfbb5af39db31e58ea530d4,1,Format Ambiguity,0.1851,Vague / Missing Context,0.1525,Overloaded Prompt,0.1508,No Smell,0.1397,519,0.318
2de0feb4bdad6f1636c0f2567a9833fc,1,No Smell,0.1591,Format Ambiguity,0.1516,Overloaded Prompt,0.1300,Vague / Missing Context,0.1008,1024,0.397
e4d5e3c4bd1cdd9be3b01abc782aeea8,1,No Smell,0.1477,Vague / Missing Context,0.1307,Format Ambiguity,0.1234,Ambiguous References,0.1139,808,0.396
a05066548563694e796116fb98ab8b24,1,No Smell,0.1446,Vague / Missing Context,0.1335,Format Ambiguity,0.1241,Ambiguous References,0.1154,809,0.396
f22007d671978ad0b6a3646b15e1a90c,1,Format Ambiguity,0.2233,Vague / Missing Context,0.1647,No Smell,0.1167,Overloaded Prompt,0.0984,1976,0.515
21dfac9c6ff67c054ed4a413a322ab9b,1,No Smell,0.1611,Format Ambiguity,0.1551,Overloaded Prompt,0.1247,Vague / Missing Context,0.1012,1034,0.397
f95b5c2aa595c00273ec1f7ae7e8a11f,1,Format Ambiguity,0.2185,Vague / Missing Context,0.1661,No Smell,0.1176,Overloaded Prompt,0.0967,1977,0.515
d818aec03309c9febeeed839254a89d3,1,Vague / Missing Context,0.1397,Format Ambiguity,0.1296,Ambiguous References,0.1264,No Smell,0.1255,847,0.388
5e806f428ccb2c785648f3ce4db1118a,1,Format Ambiguity,0.2306,Vague / Missing Context,0.1533,No Smell,0.1229,Overloaded Prompt,0.1044,1968,0.515
b3efe9f12c7c3f1f1f1764bbdb2fc557,1,Format Ambiguity,0.1675,No Smell,0.1472,Overloaded Prompt,0.1219,Vague / Missing Context,0.0951,786,0.381
b3efe9f12c7c3f1f1f1764bbdb2fc557,2,No Smell,0.2006,Format Ambiguity,0.1179,Unnecessary Repetition,0.1050,Vague / Missing Context,0.0963,218,0.296
b3efe9f12c7c3f1f1f1764bbdb2fc557,3,No Smell,0.1517,Vague / Missing Context,0.1337,Format Ambiguity,0.1196,Overloaded Prompt,0.0948,27,0.292
b3efe9f12c7c3f1f1f1764bbdb2fc557,4,No Smell,0.1852,Format Ambiguity,0.1138,Unnecessary Repetition,0.1070,Ambiguous References,0.1062,20,0.292
b3efe9f12c7c3f1f1f1764bbdb2fc557,5,No Smell,0.1745,Format Ambiguity,0.1493,Overloaded Prompt,0.1103,Vague / Missing Context,0.1039,30,0.292
b078d41ad71b346b0173ca57f08dcbd6,1,Vague / Missing Context,0.1418,Format Ambiguity,0.1299,No Smell,0.1288,Ambiguous References,0.1167,866,0.389
2bd59a5019bd50a6adb2984e740115d3,1,Format Ambiguity,0.1915,Vague / Missing Context,0.1582,Overloaded Prompt,0.1412,No Smell,0.1353,527,0.318
4057f4df6c89c310697e39ffaf2da969,1,No Smell,0.1646,Format Ambiguity,0.1559,Overloaded Prompt,0.1130,Vague / Missing Context,0.0994,1076,0.398
76f24579e31cd5e61670d274063c3bc6,1,No Smell,0.1771,Format Ambiguity,0.1272,Vague / Missing Context,0.1032,Ambiguous References,0.1021,77,0.292
76f24579e31cd5e61670d274063c3bc6,2,No Smell,0.1733,Format Ambiguity,0.1241,Ambiguous References,0.1043,Vague / Missing Context,0.1007,77,0.293
76f24579e31cd5e61670d274063c3bc6,3,No Smell,0.1788,Format Ambiguity,0.1235,Ambiguous References,0.1045,Vague / Missing Context,0.0967,87,0.293
5502bec935ece018bacea1d946bd97e1,1,Format Ambiguity,0.1794,Vague / Missing Context,0.1787,No Smell,0.1379,Overloaded Prompt,0.0964,274,0.319
5502bec935ece018bacea1d946bd97e1,2,Format Ambiguity,0.1995,Vague / Missing Context,0.1475,No Smell,0.1286,Overloaded Prompt,0.0849,99,0.292
8eb06f1814c893afbc6ab9ec3296e864,1,Format Ambiguity,0.2324,Vague / Missing Context,0.1639,No Smell,0.1179,Overloaded Prompt,0.1018,1943,0.514
e70a7ac3809113fdc5d0b7ec27653301,1,No Smell,0.1485,Format Ambiguity,0.1279,Vague / Missing Context,0.1189,Ambiguous References,0.1139,1078,0.415
a807acdfe09f1e603e9d9889af13f1a3,1,No Smell,0.1432,Format Ambiguity,0.1333,Vague / Missing Context,0.1227,Ambiguous References,0.1214,1103,0.416
daa3d15f956f3c6635cb4ff7349faf2e,1,Format Ambiguity,0.1881,Vague / Missing Context,0.1707,Overloaded Prompt,0.1393,No Smell,0.1359,521,0.318
faff7f8b86b96643d5913fe044ae1c14,1,No Smell,0.1432,Format Ambiguity,0.1333,Vague / Missing Context,0.1227,Ambiguous References,0.1214,1103,0.253
f86622f2ea7b75d85b4d99b556613103,1,No Smell,0.2357,Format Ambiguity,0.1205,Unnecessary Repetition,0.0995,Ambiguous References,0.0886,57,0.292
f86622f2ea7b75d85b4d99b556613103,2,No Smell,0.2131,Format Ambiguity,0.1153,Irrelevant / Excessive Persona,0.1089,Unnecessary Repetition,0.0994,29,0.294
92b6b761d144605ce4565257bd32a8c9,1,No Smell,0.2182,Format Ambiguity,0.1364,Overloaded Prompt,0.1003,Unnecessary Repetition,0.0913,475,0.316
1a1b318595b98dd5475896474f19cafb,1,Format Ambiguity,0.1789,No Smell,0.1504,Ambiguous References,0.1299,Irrelevant / Excessive Persona,0.1160,219,0.296
1a1b318595b98dd5475896474f19cafb,2,No Smell,0.2017,Unnecessary Repetition,0.1158,Conflicting Constraints,0.1009,Format Ambiguity,0.0971,54,0.292
1a1b318595b98dd5475896474f19cafb,3,No Smell,0.1795,Format Ambiguity,0.1256,Irrelevant / Excessive Persona,0.0988,Ambiguous References,0.0940,33,0.292
1a1b318595b98dd5475896474f19cafb,4,Format Ambiguity,0.1932,No Smell,0.1844,Overloaded Prompt,0.1593,Unnecessary Repetition,0.0839,98,0.292
1a1b318595b98dd5475896474f19cafb,5,Format Ambiguity,0.2458,No Smell,0.1798,Overloaded Prompt,0.1475,Unnecessary Repetition,0.0650,74,0.293
1a1b318595b98dd5475896474f19cafb,6,No Smell,0.1756,Format Ambiguity,0.1595,Overloaded Prompt,0.1185,Unnecessary Repetition,0.0899,180,0.296
add94755494514af9628e59580716f7e,1,No Smell,0.1441,Format Ambiguity,0.1225,Vague / Missing Context,0.1142,Ambiguous References,0.1134,1220,0.456
fee301887498659af145cb6eedb26253,1,No Smell,0.2096,Format Ambiguity,0.1250,Vague / Missing Context,0.1028,Unnecessary Repetition,0.0925,68,0.293
fee301887498659af145cb6eedb26253,2,No Smell,0.1665,Vague / Missing Context,0.1187,Format Ambiguity,0.1100,Ambiguous References,0.1064,21,0.291
fee301887498659af145cb6eedb26253,3,No Smell,0.1893,Ambiguous References,0.1139,Format Ambiguity,0.1124,Vague / Missing Context,0.0972,51,0.293
fee301887498659af145cb6eedb26253,4,No Smell,0.2018,Format Ambiguity,0.1051,Unnecessary Repetition,0.0941,Ambiguous References,0.0889,57,0.292
fee301887498659af145cb6eedb26253,5,Vague / Missing Context,0.2121,No Smell,0.1614,Format Ambiguity,0.1520,Ambiguous References,0.0652,26,0.292
fee301887498659af145cb6eedb26253,6,No Smell,0.1762,Format Ambiguity,0.1267,Vague / Missing Context,0.1108,Ambiguous References,0.1038,66,0.292
fee301887498659af145cb6eedb26253,7,No Smell,0.1664,Format Ambiguity,0.1052,Ambiguous References,0.0960,Conflicting Constraints,0.0950,112,0.293
fee301887498659af145cb6eedb26253,8,Format Ambiguity,0.1688,No Smell,0.1629,Conflicting Constraints,0.1224,Vague / Missing Context,0.0857,95,0.292
fee301887498659af145cb6eedb26253,9,No Smell,0.1748,Format Ambiguity,0.1237,Ambiguous References,0.1120,Vague / Missing Context,0.0947,57,0.292
fee301887498659af145cb6eedb26253,10,No Smell,0.1545,Format Ambiguity,0.1341,Vague / Missing Context,0.1261,Ambiguous References,0.1138,99,0.292
973ba0d9de4027d0d8b43d8d9d61551a,1,No Smell,0.1641,Format Ambiguity,0.1519,Overloaded Prompt,0.1147,Vague / Missing Context,0.0975,1088,0.399
973ba0d9de4027d0d8b43d8d9d61551a,2,Format Ambiguity,0.1580,Vague / Missing Context,0.1350,Formality / Audience Mismatch,0.1313,No Smell,0.1170,128,0.293
973ba0d9de4027d0d8b43d8d9d61551a,3,No Smell,0.1586,Format Ambiguity,0.1416,Vague / Missing Context,0.1204,Unnecessary Repetition,0.0937,94,0.292
973ba0d9de4027d0d8b43d8d9d61551a,4,No Smell,0.1745,Vague / Missing Context,0.1714,Format Ambiguity,0.1353,Ambiguous References,0.0906,61,0.292
dc72fc5bd311a09078ccc2efc6c21998,1,No Smell,0.1842,Format Ambiguity,0.1213,Ambiguous References,0.1045,Vague / Missing Context,0.0971,85,0.293
dc72fc5bd311a09078ccc2efc6c21998,2,No Smell,0.1821,Format Ambiguity,0.1193,Ambiguous References,0.1037,Vague / Missing Context,0.0964,85,0.292
dc72fc5bd311a09078ccc2efc6c21998,3,No Smell,0.1843,Format Ambiguity,0.1191,Ambiguous References,0.1013,Vague / Missing Context,0.0947,85,0.293
40dfbe4ee391fe09ceaafbab67918ebd,1,No Smell,0.2209,Format Ambiguity,0.1557,Vague / Missing Context,0.1299,Overloaded Prompt,0.0842,452,0.317
734c10ac5a1beb28d7c0e612e82ef0fc,1,Format Ambiguity,0.1985,Vague / Missing Context,0.1747,No Smell,0.1201,Overloaded Prompt,0.0992,1972,0.515
dbc570d09797047454acabb674aea7ee,1,No Smell,0.1668,Vague / Missing Context,0.1130,Format Ambiguity,0.1108,Ambiguous References,0.0975,71,0.292
dbc570d09797047454acabb674aea7ee,2,No Smell,0.1641,Vague / Missing Context,0.1509,Format Ambiguity,0.1105,Conflicting Constraints,0.0905,40,0.292
83baccee1b7c5ea99c6f665517955304,1,Format Ambiguity,0.2023,Vague / Missing Context,0.1776,No Smell,0.1172,Overloaded Prompt,0.0988,1969,0.515
81b0696ea44e12a659e265f7c141772e,1,Format Ambiguity,0.2169,Vague / Missing Context,0.1776,No Smell,0.1198,Overloaded Prompt,0.1006,1976,0.515
312d9e4517ad267f8a7478d22ba7ac5c,1,No Smell,0.1943,Format Ambiguity,0.1141,Ambiguous References,0.1056,Vague / Missing Context,0.1005,101,0.293
19ba1d05a332c28eddf8cfe62e24eb4d,1,No Smell,0.2460,Format Ambiguity,0.1387,Overloaded Prompt,0.0991,Unnecessary Repetition,0.0871,127,0.292
47a73f444cc698e866c5113172b090c2,1,Format Ambiguity,0.2391,Vague / Missing Context,0.1525,No Smell,0.1147,Overloaded Prompt,0.1133,1935,0.514
813ea5f57680abd24fa7093047b39059,1,No Smell,0.1540,Overloaded Prompt,0.1377,Format Ambiguity,0.1275,Unnecessary Repetition,0.0995,1130,0.400
328ad8d3a731ac16e95585d8b146559f,1,No Smell,0.1826,Ambiguous References,0.1781,Format Ambiguity,0.1178,Irrelevant / Excessive Persona,0.0898,123,0.294
328ad8d3a731ac16e95585d8b146559f,2,Vague / Missing Context,0.2046,Format Ambiguity,0.1728,No Smell,0.1420,Overloaded Prompt,0.0827,60,0.292
250f951be46b9e5b8031ec812331729c,1,No Smell,0.1425,Format Ambiguity,0.1315,Vague / Missing Context,0.1247,Ambiguous References,0.1118,884,0.388
6c062acdd415d62cb79b27897e7a8a90,1,Bias / Loaded Framing,0.1960,Vague / Missing Context,0.1444,No Smell,0.1256,Format Ambiguity,0.0955,52,0.292
6c062acdd415d62cb79b27897e7a8a90,2,Vague / Missing Context,0.1688,No Smell,0.1301,Ambiguous References,0.1086,Conflicting Constraints,0.0960,65,0.293
6c062acdd415d62cb79b27897e7a8a90,3,Ambiguous References,0.1670,No Smell,0.1576,Format Ambiguity,0.1181,Irrelevant / Excessive Persona,0.1079,48,0.292
6c062acdd415d62cb79b27897e7a8a90,4,No Smell,0.1914,Format Ambiguity,0.1251,Vague / Missing Context,0.1108,Conflicting Constraints,0.0880,20,0.292
54d45dea30d3e304be8dc8bd65c2f0ac,1,Format Ambiguity,0.2429,Vague / Missing Context,0.1501,No Smell,0.1225,Overloaded Prompt,0.1105,1920,0.514
409b91460142fc3e2d116b7787dfeb87,1,No Smell,0.1469,Format Ambiguity,0.1314,Vague / Missing Context,0.1235,Ambiguous References,0.1147,934,0.390
c67318e9833b218f8e447d2ad61f6cfa,1,Vague / Missing Context,0.2012,No Smell,0.1377,Format Ambiguity,0.1344,Prompt Bloat / Convoluted Prompt,0.0875,703,0.387
c67318e9833b218f8e447d2ad61f6cfa,2,No Smell,0.1697,Format Ambiguity,0.1230,Irrelevant / Excessive Persona,0.1008,Ambiguous References,0.1003,36,0.292
c67318e9833b218f8e447d2ad61f6cfa,3,Format Ambiguity,0.1865,Vague / Missing Context,0.1706,No Smell,0.1395,Overloaded Prompt,0.0840,53,0.292
c67318e9833b218f8e447d2ad61f6cfa,4,No Smell,0.1826,Vague / Missing Context,0.1790,Format Ambiguity,0.1478,Unnecessary Repetition,0.0762,67,0.293
c67318e9833b218f8e447d2ad61f6cfa,5,No Smell,0.1702,Vague / Missing Context,0.1664,Format Ambiguity,0.1567,Irrelevant / Excessive Persona,0.0749,162,0.295
ea68b3a1d89b19571390b2946ee8dbcf,1,No Smell,0.1469,Format Ambiguity,0.1314,Vague / Missing Context,0.1235,Ambiguous References,0.1147,934,0.390
f5bce9964e5948b59ce715931099bee8,1,Format Ambiguity,0.1896,Vague / Missing Context,0.1566,Overloaded Prompt,0.1501,No Smell,0.1365,543,0.329
96d721a827e12dca5b17a531d1f381c3,1,Vague / Missing Context,0.1885,Format Ambiguity,0.1254,No Smell,0.1167,Conflicting Constraints,0.0937,37,0.292
96d721a827e12dca5b17a531d1f381c3,2,Vague / Missing Context,0.1523,No Smell,0.1521,Format Ambiguity,0.1374,Irrelevant / Excessive Persona,0.0847,27,0.294
96d721a827e12dca5b17a531d1f381c3,4,No Smell,0.1660,Format Ambiguity,0.1318,Vague / Missing Context,0.1299,Ambiguous References,0.0844,41,0.292
96d721a827e12dca5b17a531d1f381c3,5,No Smell,0.1675,Format Ambiguity,0.1347,Vague / Missing Context,0.1297,Ambiguous References,0.0833,43,0.292
96d721a827e12dca5b17a531d1f381c3,6,No Smell,0.1815,Format Ambiguity,0.1349,Vague / Missing Context,0.1236,Overloaded Prompt,0.0796,47,0.292
96d721a827e12dca5b17a531d1f381c3,7,No Smell,0.1760,Format Ambiguity,0.1303,Vague / Missing Context,0.1210,Ambiguous References,0.0876,50,0.292
96d721a827e12dca5b17a531d1f381c3,8,No Smell,0.1468,Vague / Missing Context,0.1380,Format Ambiguity,0.1308,Ambiguous References,0.0876,24,0.291
96d721a827e12dca5b17a531d1f381c3,9,No Smell,0.1668,Format Ambiguity,0.1385,Vague / Missing Context,0.1241,Ambiguous References,0.0864,41,0.292
6f8f0256be30161f88ad02a6a3c250d7,1,Format Ambiguity,0.1814,Overloaded Prompt,0.1461,No Smell,0.1325,Vague / Missing Context,0.1015,1056,0.388
58f1e3480d4027e155e65a07c5dfd7c8,1,No Smell,0.1876,Vague / Missing Context,0.1869,Format Ambiguity,0.1615,Irrelevant / Excessive Persona,0.0780,243,0.296
9a76e4e2d97fca51ef9ba61b2d222386,1,No Smell,0.1893,Vague / Missing Context,0.1395,Format Ambiguity,0.1385,Ambiguous References,0.0970,181,0.296
86b7d4bdbaafc4b40dd6dc342cfd4fa4,1,No Smell,0.1948,Format Ambiguity,0.1185,Vague / Missing Context,0.1030,Ambiguous References,0.1005,108,0.293
86b7d4bdbaafc4b40dd6dc342cfd4fa4,2,No Smell,0.1962,Format Ambiguity,0.1254,Ambiguous References,0.0925,Vague / Missing Context,0.0913,189,0.296
48d11437f392f1a1d477fe9a9f5d38b6,1,No Smell,0.1506,Format Ambiguity,0.1282,Vague / Missing Context,0.1169,Ambiguous References,0.1104,1039,0.401
3c0734a1ef0cddcf32fb1f6231372cfb,1,No Smell,0.1506,Format Ambiguity,0.1282,Vague / Missing Context,0.1169,Ambiguous References,0.1104,1039,0.253
08bfe9e9ba11b3168d9fca276d579297,1,No Smell,0.1487,Format Ambiguity,0.1281,Vague / Missing Context,0.1168,Ambiguous References,0.1108,1071,0.412
f120d28f008555185b4aa1074f3031b4,1,Vague / Missing Context,0.2012,No Smell,0.1377,Format Ambiguity,0.1344,Prompt Bloat / Convoluted Prompt,0.0875,703,0.387
71cc87776171aa7caa76ac3d09391c0e,1,No Smell,0.1511,Format Ambiguity,0.1283,Vague / Missing Context,0.1202,Ambiguous References,0.1147,1120,0.414
bf2f8a8ef37faaa6fbbdd08d0dd48174,1,No Smell,0.1470,Format Ambiguity,0.1270,Vague / Missing Context,0.1215,Ambiguous References,0.1140,1132,0.415
711a913bf883a8769fa50bf91ee7a746,1,No Smell,0.1447,Format Ambiguity,0.1270,Vague / Missing Context,0.1219,Ambiguous References,0.1125,1168,0.415
137ee2358e68af77437be98aae78e5a4,1,No Smell,0.1511,Format Ambiguity,0.1270,Vague / Missing Context,0.1206,Ambiguous References,0.1150,1244,0.423
0c5a725c1f5223279451d23eab9769a9,1,No Smell,0.1501,Format Ambiguity,0.1252,Vague / Missing Context,0.1197,Ambiguous References,0.1153,1240,0.423
cbb9dc3d7528fb73589c5987083155ed,1,No Smell,0.1501,Format Ambiguity,0.1252,Vague / Missing Context,0.1197,Ambiguous References,0.1153,1240,0.253
810c824fefe161d4d41802470341911e,1,No Smell,0.1788,Format Ambiguity,0.1742,Overloaded Prompt,0.0988,Vague / Missing Context,0.0909,52,0.292
d9bebc0d052a60159a40ff4410a255cb,1,Format Ambiguity,0.1798,Overloaded Prompt,0.1514,No Smell,0.1310,Vague / Missing Context,0.1018,1120,0.398
ab213ca7fb954966ad93cce288cb1e0f,1,No Smell,0.1623,Format Ambiguity,0.1283,Vague / Missing Context,0.1140,Ambiguous References,0.1125,1320,0.456
6e00ebd25e925c28e46b78ef496e6345,1,No Smell,0.1657,Format Ambiguity,0.1444,Vague / Missing Context,0.1326,Ambiguous References,0.0808,43,0.292
6e00ebd25e925c28e46b78ef496e6345,2,No Smell,0.1673,Format Ambiguity,0.1383,Vague / Missing Context,0.1230,Ambiguous References,0.0878,50,0.292
6e00ebd25e925c28e46b78ef496e6345,3,No Smell,0.1697,Format Ambiguity,0.1259,Vague / Missing Context,0.1194,Ambiguous References,0.0920,35,0.292
6e00ebd25e925c28e46b78ef496e6345,4,No Smell,0.1364,Format Ambiguity,0.1257,Vague / Missing Context,0.1210,Ambiguous References,0.0951,32,0.291
6e00ebd25e925c28e46b78ef496e6345,5,No Smell,0.1891,Format Ambiguity,0.1220,Vague / Missing Context,0.1158,Unnecessary Repetition,0.0852,48,0.292
6e00ebd25e925c28e46b78ef496e6345,6,No Smell,0.1805,Vague / Missing Context,0.1238,Format Ambiguity,0.1219,Irrelevant / Excessive Persona,0.0860,47,0.292
a59dd9ac916baeb4ef7c96d2477a7489,1,No Smell,0.1631,Format Ambiguity,0.1277,Vague / Missing Context,0.1141,Ambiguous References,0.1130,1325,0.450
64f9b67c3edcf25122165315a7de28f1,1,Format Ambiguity,0.1808,Overloaded Prompt,0.1465,No Smell,0.1365,Vague / Missing Context,0.0988,1110,0.397
fe2e47cd0a8ac385f85bc0dde78bd52f,1,No Smell,0.1885,Format Ambiguity,0.1224,Vague / Missing Context,0.1078,Ambiguous References,0.1028,120,0.295
eb21fd183b3e217cf0a9d73135d61dfa,1,No Smell,0.1617,Format Ambiguity,0.1272,Vague / Missing Context,0.1162,Ambiguous References,0.1127,1269,0.454
d9a6cdc60b04b06f34da8d2fafd472b7,1,No Smell,0.1617,Format Ambiguity,0.1272,Vague / Missing Context,0.1162,Ambiguous References,0.1127,1269,0.253
bdab6302e6b0a20998477407f55f359a,1,Format Ambiguity,0.1801,Overloaded Prompt,0.1472,No Smell,0.1339,Vague / Missing Context,0.1002,1120,0.398
d5a475748ed3c67e14528f0d155140c3,1,No Smell,0.1617,Format Ambiguity,0.1272,Vague / Missing Context,0.1162,Ambiguous References,0.1127,1269,0.253
386c9aecb8c8f1cd0f38e9c6625ba1fb,1,Format Ambiguity,0.1801,Overloaded Prompt,0.1472,No Smell,0.1339,Vague / Missing Context,0.1002,1120,0.252
5ba8861f8eaa4664dd47da847fdc3620,1,No Smell,0.1981,Format Ambiguity,0.1207,Vague / Missing Context,0.1036,Ambiguous References,0.0998,126,0.295
5335866a682f626969a2119c7876b197,1,Format Ambiguity,0.1801,Overloaded Prompt,0.1472,No Smell,0.1339,Vague / Missing Context,0.1002,1120,0.252
3ca8f9cafe9ddc12de20fb1b6fbb1307,1,Format Ambiguity,0.2507,No Smell,0.1774,Vague / Missing Context,0.0924,Overloaded Prompt,0.0814,130,0.293
3ca8f9cafe9ddc12de20fb1b6fbb1307,2,No Smell,0.1537,Vague / Missing Context,0.1525,Format Ambiguity,0.1272,Ambiguous References,0.1129,15,0.292
3ca8f9cafe9ddc12de20fb1b6fbb1307,3,No Smell,0.1890,Format Ambiguity,0.1259,Unnecessary Repetition,0.1094,Ambiguous References,0.0904,58,0.291
3ca8f9cafe9ddc12de20fb1b6fbb1307,4,No Smell,0.1596,Vague / Missing Context,0.1549,Format Ambiguity,0.1326,Ambiguous References,0.0839,20,0.291
3ca8f9cafe9ddc12de20fb1b6fbb1307,5,Overloaded Prompt,0.2745,Format Ambiguity,0.1790,No Smell,0.1157,Vague / Missing Context,0.0983,25,0.292
8580c3e675b8f6ed442441237bc10345,1,No Smell,0.1639,Format Ambiguity,0.1518,Ambiguous References,0.1154,Vague / Missing Context,0.1010,127,0.295
199d30330f27a82c5fed41afa8b422e8,1,No Smell,0.1568,Format Ambiguity,0.1272,Vague / Missing Context,0.1191,Ambiguous References,0.1111,1322,0.455
f307b8116fe5b1a741ae32b244a67492,1,Format Ambiguity,0.1813,Overloaded Prompt,0.1437,No Smell,0.1294,Vague / Missing Context,0.1020,1127,0.399
19dfb267bba7904cb3f10b526edc5a41,1,No Smell,0.1568,Format Ambiguity,0.1272,Vague / Missing Context,0.1191,Ambiguous References,0.1111,1322,0.253
7c87660c07cb777c78ccc539e68b61d0,1,Format Ambiguity,0.2002,No Smell,0.1498,Overloaded Prompt,0.1218,Vague / Missing Context,0.1180,51,0.292
7c87660c07cb777c78ccc539e68b61d0,2,No Smell,0.1453,Format Ambiguity,0.1167,Vague / Missing Context,0.1144,Conflicting Constraints,0.0918,27,0.292
7c87660c07cb777c78ccc539e68b61d0,3,No Smell,0.2381,Format Ambiguity,0.1708,Vague / Missing Context,0.0927,Unnecessary Repetition,0.0831,30,0.292
7c87660c07cb777c78ccc539e68b61d0,4,No Smell,0.2234,Format Ambiguity,0.1506,Vague / Missing Context,0.1160,Irrelevant / Excessive Persona,0.0844,21,0.291
55da03ac1f18695e4c37fcd878b8739d,1,Format Ambiguity,0.1783,Overloaded Prompt,0.1453,No Smell,0.1300,Vague / Missing Context,0.1047,1161,0.399
29d7016da2af323dffe3b40a84e2730e,2,No Smell,0.2135,Vague / Missing Context,0.1381,Format Ambiguity,0.1312,Ambiguous References,0.0833,102,0.292
29d7016da2af323dffe3b40a84e2730e,3,No Smell,0.1559,Vague / Missing Context,0.1399,Format Ambiguity,0.1244,Ambiguous References,0.0994,88,0.292
2399e23b6d3fa551ded30690d61f8c7d,1,Format Ambiguity,0.1819,Overloaded Prompt,0.1398,No Smell,0.1313,Vague / Missing Context,0.1019,1137,0.399
caf5631709e876a2d3635536aa8fa8a8,1,No Smell,0.1351,Unnecessary Repetition,0.1297,Ambiguous References,0.1194,Format Ambiguity,0.1092,102,0.292
caf5631709e876a2d3635536aa8fa8a8,3,No Smell,0.1543,Ambiguous References,0.1298,Format Ambiguity,0.1201,Unnecessary Repetition,0.0985,122,0.293
e1142f75883adcd80914d3a9ddb844fc,1,No Smell,0.1818,Format Ambiguity,0.1189,Vague / Missing Context,0.1097,Irrelevant / Excessive Persona,0.0963,193,0.296
85b1ef56c452232bdfebd01301947e16,1,No Smell,0.1792,Format Ambiguity,0.1655,Vague / Missing Context,0.1439,Overloaded Prompt,0.1094,46,0.293
916aace7f84e92b6e87a43a4a71bd124,1,No Smell,0.2209,Format Ambiguity,0.1557,Vague / Missing Context,0.1299,Overloaded Prompt,0.0842,452,0.318
20615b015942602c13f1ade22d04656c,1,No Smell,0.1768,Vague / Missing Context,0.1465,Format Ambiguity,0.1210,Irrelevant / Excessive Persona,0.0970,1829,0.451
cfb73ef46b06bcb41e7e02cb9aadf3eb,1,Vague / Missing Context,0.1996,Format Ambiguity,0.1447,No Smell,0.1321,Prompt Bloat / Convoluted Prompt,0.0915,757,0.390
cfb73ef46b06bcb41e7e02cb9aadf3eb,2,Format Ambiguity,0.1865,Vague / Missing Context,0.1706,No Smell,0.1395,Overloaded Prompt,0.0840,53,0.292
cfb73ef46b06bcb41e7e02cb9aadf3eb,3,No Smell,0.1685,Vague / Missing Context,0.1569,Format Ambiguity,0.1382,Ambiguous References,0.0808,106,0.294
5d9735f90d3ee4515f4e24428b72c8a1,1,No Smell,0.2209,Format Ambiguity,0.1557,Vague / Missing Context,0.1299,Overloaded Prompt,0.0842,452,0.317
6e187d62604705a83e0e88279dcb9ff8,1,Format Ambiguity,0.1882,Overloaded Prompt,0.1434,No Smell,0.1257,Vague / Missing Context,0.0929,569,0.329
66e6f1f513f2ad0435f8e9defb170e9d,1,No Smell,0.2006,Format Ambiguity,0.1200,Vague / Missing Context,0.0982,Irrelevant / Excessive Persona,0.0969,188,0.296
928f392450509779fab187d390bb5eb1,1,No Smell,0.1563,Ambiguous References,0.1484,Format Ambiguity,0.1179,Vague / Missing Context,0.1073,546,0.318
928f392450509779fab187d390bb5eb1,2,No Smell,0.1639,Unnecessary Repetition,0.1270,Format Ambiguity,0.1116,Conflicting Constraints,0.1062,9,0.291
4950d1e85603056650e443b5df736457,1,Format Ambiguity,0.1834,Overloaded Prompt,0.1548,No Smell,0.1315,Vague / Missing Context,0.0907,579,0.330
8de0cf58246d2bcda01cb387a5abc8db,1,Format Ambiguity,0.2070,Overloaded Prompt,0.1315,No Smell,0.1194,Vague / Missing Context,0.0977,590,0.330
241e7a811dde7be55e0456488e5169a2,1,Format Ambiguity,0.1877,Overloaded Prompt,0.1585,No Smell,0.1284,Vague / Missing Context,0.0905,602,0.362
55c02412b4a60846f36fc93e78f8d8e1,1,Format Ambiguity,0.1880,Overloaded Prompt,0.1557,No Smell,0.1226,Vague / Missing Context,0.0871,616,0.362
200e7fb3d8d6fc19d57b733f14968850,1,No Smell,0.1893,Vague / Missing Context,0.1238,Format Ambiguity,0.1148,Conflicting Constraints,0.0869,101,0.293
036caef155019cb77a86903ddb77b73d,1,Format Ambiguity,0.2061,Overloaded Prompt,0.1351,No Smell,0.1115,Vague / Missing Context,0.0968,634,0.362
0af8e358e486885ac47a0e0048b08d3e,1,No Smell,0.1739,Format Ambiguity,0.1360,Vague / Missing Context,0.1183,Ambiguous References,0.0928,96,0.292
9db6fabe2719422f37ad8cd90b98675f,1,No Smell,0.1683,Format Ambiguity,0.1213,Ambiguous References,0.1074,Vague / Missing Context,0.0925,68,0.292
eb7c39bb8284b8a55f99b072654f9583,1,Format Ambiguity,0.2067,Overloaded Prompt,0.1351,No Smell,0.1106,Vague / Missing Context,0.0984,629,0.362
ce3147484e49db568496133fb8775e5a,1,Vague / Missing Context,0.2004,Format Ambiguity,0.1419,No Smell,0.1324,Prompt Bloat / Convoluted Prompt,0.0926,732,0.389
ce3147484e49db568496133fb8775e5a,2,Format Ambiguity,0.1865,Vague / Missing Context,0.1706,No Smell,0.1395,Overloaded Prompt,0.0840,53,0.293
ce3147484e49db568496133fb8775e5a,3,No Smell,0.1761,Format Ambiguity,0.1529,Vague / Missing Context,0.1528,Ambiguous References,0.0779,111,0.292
fa79ccbb0017f23756efdb3a7bc35558,1,Format Ambiguity,0.2185,Overloaded Prompt,0.1423,Unnecessary Repetition,0.1036,Vague / Missing Context,0.0934,680,0.362
d05b0c986d3cbf2ce8ac320372082330,1,Format Ambiguity,0.1931,No Smell,0.1559,Vague / Missing Context,0.1557,Overloaded Prompt,0.0773,18,0.293
d05b0c986d3cbf2ce8ac320372082330,3,Format Ambiguity,0.1780,No Smell,0.1655,Vague / Missing Context,0.1421,Unnecessary Repetition,0.0868,98,0.293
e47d45d176ccbb5190410c1383199609,1,Format Ambiguity,0.1588,No Smell,0.1402,Overloaded Prompt,0.1319,Unnecessary Repetition,0.0907,660,0.363
53da976f2c49a29cc38fb6f9b592bc48,1,No Smell,0.1953,Format Ambiguity,0.1403,Vague / Missing Context,0.1030,Ambiguous References,0.0863,91,0.294
53da976f2c49a29cc38fb6f9b592bc48,2,No Smell,0.2034,Format Ambiguity,0.1122,Vague / Missing Context,0.0983,Unnecessary Repetition,0.0899,29,0.292
53da976f2c49a29cc38fb6f9b592bc48,3,No Smell,0.1624,Format Ambiguity,0.1320,Vague / Missing Context,0.1023,Unnecessary Repetition,0.0963,17,0.292
53da976f2c49a29cc38fb6f9b592bc48,4,No Smell,0.1558,Format Ambiguity,0.1246,Vague / Missing Context,0.1111,Unnecessary Repetition,0.0994,7,0.291
2a7907c14be4b2974aaeaaa910fb9cb1,1,Format Ambiguity,0.1595,No Smell,0.1563,Overloaded Prompt,0.1241,Unnecessary Repetition,0.1026,533,0.317
8a895508a1e2794b365d81768625bf7f,1,No Smell,0.1660,Format Ambiguity,0.1580,Vague / Missing Context,0.1187,Overloaded Prompt,0.1015,183,0.295
efc42edaf00e52d833aa6cebb5de54f3,1,No Smell,0.1663,Vague / Missing Context,0.1333,Format Ambiguity,0.1222,Ambiguous References,0.1020,46,0.292
05fca4ceb71731de3d661b5faa5e95e2,1,Vague / Missing Context,0.1454,No Smell,0.1387,Format Ambiguity,0.1385,Formality / Audience Mismatch,0.1028,32,0.292
05fca4ceb71731de3d661b5faa5e95e2,2,Vague / Missing Context,0.1653,No Smell,0.1447,Format Ambiguity,0.1345,Formality / Audience Mismatch,0.0976,33,0.291
05fca4ceb71731de3d661b5faa5e95e2,3,No Smell,0.1930,Format Ambiguity,0.1751,Ambiguous References,0.1033,Vague / Missing Context,0.0944,82,0.292
05fca4ceb71731de3d661b5faa5e95e2,4,No Smell,0.2220,Format Ambiguity,0.2047,Vague / Missing Context,0.0887,Irrelevant / Excessive Persona,0.0843,83,0.293
e2b4e8bc5684db282fb6f0252f6617b2,1,Format Ambiguity,0.1622,Irrelevant / Excessive Persona,0.1315,No Smell,0.1210,Overloaded Prompt,0.1057,2178,0.529
e2b4e8bc5684db282fb6f0252f6617b2,2,No Smell,0.1221,Vague / Missing Context,0.1185,Formality / Audience Mismatch,0.1117,Format Ambiguity,0.1093,402,0.321
e2b4e8bc5684db282fb6f0252f6617b2,3,No Smell,0.1380,Format Ambiguity,0.1181,Vague / Missing Context,0.1170,Formality / Audience Mismatch,0.1012,398,0.320
8232c356df6d444819b7852968c43164,1,No Smell,0.1673,Format Ambiguity,0.1570,Vague / Missing Context,0.1241,Overloaded Prompt,0.1003,349,0.320
98f3acc682c2ba3e248782ef364b4d10,1,No Smell,0.1354,Vague / Missing Context,0.1193,Format Ambiguity,0.1178,Formality / Audience Mismatch,0.1011,397,0.320
736828ce766e108f9ba04b1b7888da48,2,Vague / Missing Context,0.1914,Format Ambiguity,0.1701,No Smell,0.1157,Overloaded Prompt,0.0996,25,0.292
736828ce766e108f9ba04b1b7888da48,3,Vague / Missing Context,0.2509,Format Ambiguity,0.1325,No Smell,0.1287,Overloaded Prompt,0.0740,29,0.292
7fb9164a58b7a85fdc55dc13296adc61,1,No Smell,0.1602,Format Ambiguity,0.1584,Vague / Missing Context,0.1256,Overloaded Prompt,0.0987,413,0.322
f5d0d8939fb06286aac1828c0b49cf21,1,No Smell,0.1596,Format Ambiguity,0.1541,Vague / Missing Context,0.1247,Overloaded Prompt,0.0985,427,0.323
c49358634fb2c62b89631049d8f97d27,1,No Smell,0.1889,Format Ambiguity,0.1333,Vague / Missing Context,0.1193,Irrelevant / Excessive Persona,0.0872,118,0.294
c49358634fb2c62b89631049d8f97d27,2,No Smell,0.2619,Format Ambiguity,0.1351,Irrelevant / Excessive Persona,0.1018,Conflicting Constraints,0.0838,56,0.293
5c13336f430b7aa1a528e914cbbf552f,1,No Smell,0.1976,Ambiguous References,0.1237,Format Ambiguity,0.1122,Vague / Missing Context,0.1006,103,0.293
5c13336f430b7aa1a528e914cbbf552f,2,No Smell,0.1820,Ambiguous References,0.1326,Vague / Missing Context,0.1077,Format Ambiguity,0.1075,96,0.295
5c13336f430b7aa1a528e914cbbf552f,3,No Smell,0.1905,Format Ambiguity,0.1205,Ambiguous References,0.1190,Vague / Missing Context,0.1151,78,0.293
5c13336f430b7aa1a528e914cbbf552f,4,No Smell,0.2226,Format Ambiguity,0.1291,Vague / Missing Context,0.1031,Ambiguous References,0.1030,104,0.293
5c13336f430b7aa1a528e914cbbf552f,5,No Smell,0.2010,Format Ambiguity,0.1204,Ambiguous References,0.1200,Vague / Missing Context,0.1041,141,0.296
5c13336f430b7aa1a528e914cbbf552f,6,No Smell,0.2106,Format Ambiguity,0.1229,Ambiguous References,0.1148,Vague / Missing Context,0.1027,97,0.293
5c13336f430b7aa1a528e914cbbf552f,7,No Smell,0.2130,Format Ambiguity,0.1163,Ambiguous References,0.1113,Vague / Missing Context,0.1012,98,0.293
60eee059ea260701682621120a14fa98,1,No Smell,0.1773,Format Ambiguity,0.1487,Vague / Missing Context,0.1215,Overloaded Prompt,0.1048,439,0.323
887a38bff87ba2a969144b72410ea502,1,No Smell,0.1568,Format Ambiguity,0.1272,Vague / Missing Context,0.1191,Ambiguous References,0.1111,1322,0.455
30a781fe14d076ccb839fd031dc4f0c7,1,No Smell,0.1773,Format Ambiguity,0.1487,Vague / Missing Context,0.1215,Overloaded Prompt,0.1048,439,0.251
16616ebb5242bb46636b51ac08dd7556,1,No Smell,0.1568,Format Ambiguity,0.1272,Vague / Missing Context,0.1191,Ambiguous References,0.1111,1322,0.253
935fab9248630f2865d125a2b37e0276,1,No Smell,0.1568,Format Ambiguity,0.1272,Vague / Missing Context,0.1191,Ambiguous References,0.1111,1322,0.253
f34ce669ccc5ba8b04d35fe66e2bd9e8,1,No Smell,0.1568,Format Ambiguity,0.1272,Vague / Missing Context,0.1191,Ambiguous References,0.1111,1322,0.253
f04db073ccebeb7c2c48d11f16b190ae,1,No Smell,0.1687,Vague / Missing Context,0.1454,Format Ambiguity,0.1417,Overloaded Prompt,0.0994,474,0.316
60bb12808e8eec5e5904768cd5f86f31,1,Vague / Missing Context,0.1841,Format Ambiguity,0.1494,No Smell,0.1162,Ambiguous References,0.1075,248,0.297
cf770dc4fb4dd2cd133bb9de7a5f7ca4,1,No Smell,0.1745,Format Ambiguity,0.1502,Vague / Missing Context,0.1200,Overloaded Prompt,0.1011,452,0.324
85ba770ce4d92548a5f3332b58250fb3,1,No Smell,0.2245,Format Ambiguity,0.1200,Irrelevant / Excessive Persona,0.0964,Vague / Missing Context,0.0871,59,0.293
c1f6e556d6e36a584bd88972e8e217b4,1,No Smell,0.1568,Format Ambiguity,0.1272,Vague / Missing Context,0.1191,Ambiguous References,0.1111,1322,0.456
43bb459f6a3faee9e5961a264be35c70,1,No Smell,0.1884,Format Ambiguity,0.1284,Vague / Missing Context,0.1274,Ambiguous References,0.0956,179,0.296
43bb459f6a3faee9e5961a264be35c70,2,Vague / Missing Context,0.1779,No Smell,0.1402,Format Ambiguity,0.1197,Conflicting Constraints,0.1096,40,0.292
43bb459f6a3faee9e5961a264be35c70,3,No Smell,0.1645,Conflicting Constraints,0.1184,Format Ambiguity,0.1008,Ambiguous References,0.0986,82,0.293
43bb459f6a3faee9e5961a264be35c70,4,No Smell,0.1556,Vague / Missing Context,0.1193,Format Ambiguity,0.1135,Bias / Loaded Framing,0.0961,73,0.293
43bb459f6a3faee9e5961a264be35c70,5,No Smell,0.1622,Format Ambiguity,0.1198,Vague / Missing Context,0.1084,Ambiguous References,0.1064,30,0.292
43bb459f6a3faee9e5961a264be35c70,6,No Smell,0.1677,Format Ambiguity,0.1292,Vague / Missing Context,0.1260,Ambiguous References,0.1130,227,0.296
43bb459f6a3faee9e5961a264be35c70,7,No Smell,0.1774,Format Ambiguity,0.1222,Ambiguous References,0.1077,Vague / Missing Context,0.1044,153,0.295
43bb459f6a3faee9e5961a264be35c70,8,No Smell,0.1566,Format Ambiguity,0.1270,Vague / Missing Context,0.1154,Ambiguous References,0.1116,55,0.292
8db8a346e50a8aee9a28c4249c2127e3,1,No Smell,0.2087,Format Ambiguity,0.1752,Unnecessary Repetition,0.0960,Vague / Missing Context,0.0820,54,0.292
2d29f847ead4d6483b60bd51427672af,1,No Smell,0.1587,Vague / Missing Context,0.1420,Format Ambiguity,0.1235,Ambiguous References,0.0966,48,0.293
2d29f847ead4d6483b60bd51427672af,2,Format Ambiguity,0.2036,No Smell,0.1616,Vague / Missing Context,0.0980,Overloaded Prompt,0.0905,35,0.292
2d29f847ead4d6483b60bd51427672af,3,No Smell,0.2090,Format Ambiguity,0.1322,Vague / Missing Context,0.0889,Irrelevant / Excessive Persona,0.0881,61,0.293
e135a6e773a8751c9629923ce93008f1,2,No Smell,0.1945,Ambiguous References,0.1187,Format Ambiguity,0.1144,Vague / Missing Context,0.1016,108,0.294
e135a6e773a8751c9629923ce93008f1,3,No Smell,0.1892,Format Ambiguity,0.1349,Vague / Missing Context,0.1062,Ambiguous References,0.0943,129,0.295
e135a6e773a8751c9629923ce93008f1,4,No Smell,0.1820,Format Ambiguity,0.1243,Ambiguous References,0.1221,Vague / Missing Context,0.1140,94,0.294
e135a6e773a8751c9629923ce93008f1,5,No Smell,0.1937,Ambiguous References,0.1214,Format Ambiguity,0.1159,Vague / Missing Context,0.0991,118,0.293
e135a6e773a8751c9629923ce93008f1,6,No Smell,0.2082,Format Ambiguity,0.1220,Ambiguous References,0.1128,Vague / Missing Context,0.1005,84,0.294
b6a55f4d4bc31b4603336c52eaf7025f,1,No Smell,0.1694,Format Ambiguity,0.1335,Ambiguous References,0.1138,Vague / Missing Context,0.1127,1814,0.501
8979b31eb5a7c82654f61849fbe8870f,1,Format Ambiguity,0.1527,No Smell,0.1437,Vague / Missing Context,0.1241,Overloaded Prompt,0.1032,611,0.362
775bed6dae9f7539580a237808da7939,1,No Smell,0.1694,Format Ambiguity,0.1335,Ambiguous References,0.1138,Vague / Missing Context,0.1127,1814,0.255
41fc4da2d2696c6c42eb9085a3b51d9d,1,No Smell,0.1694,Format Ambiguity,0.1335,Ambiguous References,0.1138,Vague / Missing Context,0.1127,1814,0.255
b3677a94e4ee3817c869b5a10994ae8b,1,No Smell,0.1694,Format Ambiguity,0.1335,Ambiguous References,0.1138,Vague / Missing Context,0.1127,1814,0.255
5e34f52bcb1de840f46a5ba102a2b3fc,1,No Smell,0.2122,Format Ambiguity,0.1406,Vague / Missing Context,0.1086,Ambiguous References,0.0935,268,0.297
12424bc34b2cfcc1c502406dc361d712,1,No Smell,0.1694,Format Ambiguity,0.1335,Ambiguous References,0.1138,Vague / Missing Context,0.1127,1814,0.255
f11da4480e2eb024d78b8cc451a66ba7,1,Format Ambiguity,0.1573,No Smell,0.1475,Vague / Missing Context,0.1228,Overloaded Prompt,0.1050,632,0.363
f11da4480e2eb024d78b8cc451a66ba7,2,No Smell,0.1430,Format Ambiguity,0.1426,Vague / Missing Context,0.1392,Unnecessary Repetition,0.0967,65,0.292
d6c5e4af8f11e036c193bdaa7c76bfca,1,No Smell,0.1530,Vague / Missing Context,0.1254,Format Ambiguity,0.1084,Ambiguous References,0.0971,705,0.362
78ef67f4ad98f3fb4b49aeff9e858173,1,Format Ambiguity,0.1679,No Smell,0.1633,Vague / Missing Context,0.1158,Overloaded Prompt,0.1154,803,0.378
d2c1730f0e631d8383d1bfdb099fb988,1,Overloaded Prompt,0.2134,Format Ambiguity,0.1666,Vague / Missing Context,0.1469,No Smell,0.1137,2541,0.577
f9de115677e069cdc53ae77271fd2bab,1,Vague / Missing Context,0.2116,No Smell,0.1685,Format Ambiguity,0.1601,Conflicting Constraints,0.0678,98,0.293
d292ee3fed175694aa09539f550d3330,1,No Smell,0.1779,Format Ambiguity,0.1178,Ambiguous References,0.1126,Vague / Missing Context,0.1000,124,0.298
d292ee3fed175694aa09539f550d3330,2,Ambiguous References,0.1417,No Smell,0.1276,Format Ambiguity,0.1148,Vague / Missing Context,0.1048,48,0.292
d292ee3fed175694aa09539f550d3330,3,No Smell,0.1894,Ambiguous References,0.1326,Format Ambiguity,0.1224,Vague / Missing Context,0.1029,124,0.293
d292ee3fed175694aa09539f550d3330,4,No Smell,0.1919,Format Ambiguity,0.1293,Ambiguous References,0.1192,Vague / Missing Context,0.0932,160,0.295
08a3f5a79944fa20e8b21ff6452a40c2,1,Format Ambiguity,0.2202,Overloaded Prompt,0.1802,No Smell,0.1783,Irrelevant / Excessive Persona,0.0721,39,0.292
08a3f5a79944fa20e8b21ff6452a40c2,2,Format Ambiguity,0.2497,No Smell,0.1709,Unnecessary Repetition,0.0826,Conflicting Constraints,0.0782,35,0.291
08a3f5a79944fa20e8b21ff6452a40c2,3,No Smell,0.1766,Format Ambiguity,0.1582,Overloaded Prompt,0.0969,Vague / Missing Context,0.0950,77,0.293
08a3f5a79944fa20e8b21ff6452a40c2,4,Format Ambiguity,0.2211,No Smell,0.1559,Unnecessary Repetition,0.0981,Overloaded Prompt,0.0844,24,0.292
08a3f5a79944fa20e8b21ff6452a40c2,5,Format Ambiguity,0.2232,No Smell,0.1452,Overloaded Prompt,0.1143,Unnecessary Repetition,0.0799,74,0.292
c6bcf1707691b85da82f24142f518571,1,Format Ambiguity,0.1664,No Smell,0.1644,Vague / Missing Context,0.1144,Overloaded Prompt,0.1119,817,0.379
c6bcf1707691b85da82f24142f518571,2,Vague / Missing Context,0.1637,No Smell,0.1309,Format Ambiguity,0.1239,Unnecessary Repetition,0.1081,110,0.293
be7132e28e882bae24f7f0c2af15b8d5,1,Format Ambiguity,0.1686,No Smell,0.1658,Overloaded Prompt,0.1163,Vague / Missing Context,0.1077,772,0.384
105f771f6ef97f8d9b3478f606d7509f,1,Vague / Missing Context,0.1491,Ambiguous References,0.1415,Format Ambiguity,0.1258,No Smell,0.1185,372,0.323
6899c0908e805eb0c5d6330ceeae580c,1,Vague / Missing Context,0.2101,No Smell,0.1266,Format Ambiguity,0.1102,Overloaded Prompt,0.0907,121,0.293
6899c0908e805eb0c5d6330ceeae580c,2,Vague / Missing Context,0.2115,No Smell,0.1330,Format Ambiguity,0.1102,Overloaded Prompt,0.1057,122,0.293
a7e5b7ad6d04970dedde9c35eb546df4,1,Ambiguous References,0.2768,Format Ambiguity,0.1328,No Smell,0.1201,Irrelevant / Excessive Persona,0.1079,11,0.292
aeaaf7d61fb200c27dc21eaeab6534a5,1,Vague / Missing Context,0.1511,Ambiguous References,0.1316,Format Ambiguity,0.1264,No Smell,0.1187,383,0.323
765d00742aa433c7da83c7371d40f0a1,1,No Smell,0.1674,Format Ambiguity,0.1645,Vague / Missing Context,0.1162,Overloaded Prompt,0.1129,733,0.363
6697c3e390fe1d671269a9c8dc89e32d,1,Vague / Missing Context,0.1547,Ambiguous References,0.1290,Format Ambiguity,0.1224,No Smell,0.1171,411,0.316
c0a6555a2e066b6dd30843077e28d384,1,Format Ambiguity,0.1668,No Smell,0.1643,Vague / Missing Context,0.1142,Overloaded Prompt,0.1114,758,0.384
4b4b14f2fe282ec2d1c2b8e13ada3de1,1,Vague / Missing Context,0.1489,Ambiguous References,0.1263,Format Ambiguity,0.1262,No Smell,0.1224,456,0.317
e89ed0ef4724e9b58430b386c9b55cc6,1,Vague / Missing Context,0.1502,Format Ambiguity,0.1274,No Smell,0.1258,Ambiguous References,0.1181,624,0.363
ee36eeb7ad1c806a7ec4d4c1213dfe09,1,No Smell,0.1658,Format Ambiguity,0.1641,Vague / Missing Context,0.1171,Overloaded Prompt,0.1062,782,0.378
138fda61fb28a9613558942c0e735dc2,1,Formality / Audience Mismatch,0.1839,No Smell,0.1386,Format Ambiguity,0.1041,Vague / Missing Context,0.0906,514,0.317
138fda61fb28a9613558942c0e735dc2,2,No Smell,0.1425,Unnecessary Repetition,0.1125,Format Ambiguity,0.1047,Vague / Missing Context,0.1009,28,0.292
813ec253d1d6505056dea915726e0380,1,Vague / Missing Context,0.3385,No Smell,0.1237,Irrelevant / Excessive Persona,0.1016,Format Ambiguity,0.0942,16,0.293
813ec253d1d6505056dea915726e0380,5,Vague / Missing Context,0.1537,No Smell,0.1413,Unnecessary Repetition,0.1139,Format Ambiguity,0.1105,70,0.292
813ec253d1d6505056dea915726e0380,6,No Smell,0.1751,Ambiguous References,0.1199,Overloaded Prompt,0.1188,Format Ambiguity,0.1060,198,0.296
813ec253d1d6505056dea915726e0380,7,No Smell,0.1620,Ambiguous References,0.1566,Format Ambiguity,0.1391,Vague / Missing Context,0.1075,35,0.291
813ec253d1d6505056dea915726e0380,8,No Smell,0.1849,Vague / Missing Context,0.1553,Format Ambiguity,0.1102,Conflicting Constraints,0.0825,46,0.292
813ec253d1d6505056dea915726e0380,9,No Smell,0.1630,Vague / Missing Context,0.1131,Format Ambiguity,0.1087,Ambiguous References,0.0942,24,0.292
813ec253d1d6505056dea915726e0380,10,Conflicting Constraints,0.2111,No Smell,0.1122,Vague / Missing Context,0.1055,Format Ambiguity,0.0981,57,0.292
813ec253d1d6505056dea915726e0380,11,No Smell,0.1713,Overloaded Prompt,0.1195,Vague / Missing Context,0.1029,Unnecessary Repetition,0.0969,114,0.294
813ec253d1d6505056dea915726e0380,12,Unnecessary Repetition,0.2002,No Smell,0.1479,Format Ambiguity,0.1357,Conflicting Constraints,0.1041,78,0.300
813ec253d1d6505056dea915726e0380,13,No Smell,0.1997,Format Ambiguity,0.1188,Unnecessary Repetition,0.0990,Ambiguous References,0.0937,26,0.293
813ec253d1d6505056dea915726e0380,14,No Smell,0.2002,Vague / Missing Context,0.1105,Format Ambiguity,0.1041,Unnecessary Repetition,0.0877,28,0.293
813ec253d1d6505056dea915726e0380,15,No Smell,0.1670,Vague / Missing Context,0.1201,Format Ambiguity,0.1108,Conflicting Constraints,0.1025,62,0.292
813ec253d1d6505056dea915726e0380,16,No Smell,0.1848,Format Ambiguity,0.1190,Ambiguous References,0.1077,Unnecessary Repetition,0.0999,67,0.293
813ec253d1d6505056dea915726e0380,17,No Smell,0.1619,Format Ambiguity,0.1226,Ambiguous References,0.1106,Unnecessary Repetition,0.0949,275,0.320
813ec253d1d6505056dea915726e0380,18,No Smell,0.1763,Format Ambiguity,0.1141,Vague / Missing Context,0.1040,Conflicting Constraints,0.0947,16,0.298
813ec253d1d6505056dea915726e0380,20,No Smell,0.1392,Unnecessary Repetition,0.1089,Vague / Missing Context,0.1049,Format Ambiguity,0.0999,27,0.293
813ec253d1d6505056dea915726e0380,21,No Smell,0.1752,Format Ambiguity,0.1214,Vague / Missing Context,0.0970,Ambiguous References,0.0947,1537,1.211
813ec253d1d6505056dea915726e0380,22,No Smell,0.1492,Format Ambiguity,0.1191,Vague / Missing Context,0.1136,Ambiguous References,0.1055,41,0.295
813ec253d1d6505056dea915726e0380,23,No Smell,0.1695,Vague / Missing Context,0.1210,Prompt Bloat / Convoluted Prompt,0.0930,Format Ambiguity,0.0926,31,0.293
813ec253d1d6505056dea915726e0380,24,Format Ambiguity,0.2149,No Smell,0.1799,Vague / Missing Context,0.1089,Overloaded Prompt,0.0838,47,0.293
813ec253d1d6505056dea915726e0380,25,Format Ambiguity,0.1693,Vague / Missing Context,0.1525,No Smell,0.1519,Overloaded Prompt,0.0817,87,0.293
813ec253d1d6505056dea915726e0380,26,Format Ambiguity,0.2392,No Smell,0.1533,Overloaded Prompt,0.1504,Vague / Missing Context,0.1215,33,0.293
c39b70dc6e5ca495c9b92eeb6c8aa42f,1,Format Ambiguity,0.1778,No Smell,0.1454,Vague / Missing Context,0.1339,Overloaded Prompt,0.0954,816,0.379
8437aa8c170120ef46e1e196d2259c60,1,Format Ambiguity,0.1692,No Smell,0.1544,Vague / Missing Context,0.1304,Overloaded Prompt,0.1020,817,0.379
f50810b1aa576a6aa082c2e63994273d,1,Format Ambiguity,0.1692,No Smell,0.1544,Vague / Missing Context,0.1304,Overloaded Prompt,0.1020,817,0.251
e9a9502d645391df297f6cff538be34f,1,No Smell,0.2004,Format Ambiguity,0.1144,Formality / Audience Mismatch,0.0924,Overloaded Prompt,0.0909,226,0.296
e9a9502d645391df297f6cff538be34f,2,No Smell,0.2224,Format Ambiguity,0.1034,Formality / Audience Mismatch,0.1029,Ambiguous References,0.0842,419,0.320
581d5205da76b81d1fc62cdc85ea05bc,1,Format Ambiguity,0.1715,No Smell,0.1563,Vague / Missing Context,0.1303,Overloaded Prompt,0.0966,817,0.379
e4e585cf51d03953523b97fd32fbe825,1,No Smell,0.2258,Formality / Audience Mismatch,0.1039,Format Ambiguity,0.1038,Ambiguous References,0.0810,418,0.320
3f2c785cae90c5b82ed677c3d14f6437,1,No Smell,0.1698,Format Ambiguity,0.1275,Vague / Missing Context,0.1241,Overloaded Prompt,0.0986,16,0.293
3f2c785cae90c5b82ed677c3d14f6437,2,No Smell,0.1985,Vague / Missing Context,0.1782,Format Ambiguity,0.1301,Overloaded Prompt,0.0793,29,0.292
8603be60215ee300e16630f575682d45,1,Format Ambiguity,0.1715,No Smell,0.1563,Vague / Missing Context,0.1303,Overloaded Prompt,0.0966,817,0.251
ba9370980f3ce4fe07c13c892c168891,1,Vague / Missing Context,0.1397,Ambiguous References,0.1263,No Smell,0.1250,Format Ambiguity,0.1239,672,0.384
03f66d6fa3015364223a54847c0b0312,1,Format Ambiguity,0.1715,No Smell,0.1563,Vague / Missing Context,0.1303,Overloaded Prompt,0.0966,817,0.251
03f66d6fa3015364223a54847c0b0312,2,Vague / Missing Context,0.1772,Format Ambiguity,0.1459,No Smell,0.1152,Ambiguous References,0.0848,141,0.295
44ec945b8fbd3c63f7db535fae996f92,1,Format Ambiguity,0.1716,No Smell,0.1542,Vague / Missing Context,0.1310,Overloaded Prompt,0.0977,830,0.379
497e2972d969161b82377cbd793607cd,1,Ambiguous References,0.1467,Vague / Missing Context,0.1321,Format Ambiguity,0.1282,No Smell,0.1264,687,0.378
912f2419fe58bac2e64a1c47c8bd9596,1,Ambiguous References,0.1467,Vague / Missing Context,0.1321,Format Ambiguity,0.1282,No Smell,0.1264,687,0.251
d164c9ad991240d567feb41a2de18888,1,No Smell,0.1967,Format Ambiguity,0.1169,Irrelevant / Excessive Persona,0.0968,Ambiguous References,0.0938,192,0.296
d164c9ad991240d567feb41a2de18888,2,No Smell,0.1615,Format Ambiguity,0.1278,Vague / Missing Context,0.1007,Ambiguous References,0.0969,289,0.322
d164c9ad991240d567feb41a2de18888,3,No Smell,0.1805,Format Ambiguity,0.1256,Ambiguous References,0.1030,Vague / Missing Context,0.0952,272,0.321
d164c9ad991240d567feb41a2de18888,4,No Smell,0.1825,Format Ambiguity,0.1279,Vague / Missing Context,0.1164,Ambiguous References,0.0865,219,0.296
d164c9ad991240d567feb41a2de18888,5,No Smell,0.1900,Format Ambiguity,0.1225,Vague / Missing Context,0.0990,Irrelevant / Excessive Persona,0.0918,177,0.296
d164c9ad991240d567feb41a2de18888,6,No Smell,0.1900,Format Ambiguity,0.1255,Irrelevant / Excessive Persona,0.1004,Ambiguous References,0.0935,173,0.296
d164c9ad991240d567feb41a2de18888,7,No Smell,0.1830,Format Ambiguity,0.1277,Vague / Missing Context,0.1026,Irrelevant / Excessive Persona,0.0931,184,0.296
d164c9ad991240d567feb41a2de18888,8,No Smell,0.1675,Format Ambiguity,0.1411,Vague / Missing Context,0.1291,Irrelevant / Excessive Persona,0.0895,165,0.297
dc7ca1115543a57b7936a743cad7f3fe,1,Ambiguous References,0.1489,Vague / Missing Context,0.1378,No Smell,0.1333,Format Ambiguity,0.1285,693,0.378
df2c876f974a75a8b11cb87cf35dfc2b,1,No Smell,0.1491,Vague / Missing Context,0.1265,Format Ambiguity,0.1214,Overloaded Prompt,0.1024,937,0.396
e7a94bc09c0e803921830df923a765b9,1,No Smell,0.1443,Vague / Missing Context,0.1293,Format Ambiguity,0.1181,Overloaded Prompt,0.1012,940,0.396
4835c04bbb449ec97049eef3abb861cb,1,Ambiguous References,0.1464,Vague / Missing Context,0.1363,No Smell,0.1356,Format Ambiguity,0.1261,791,0.382
00e997198d9ee26dfffabad0b6bf83a1,1,No Smell,0.1436,Vague / Missing Context,0.1318,Format Ambiguity,0.1220,Overloaded Prompt,0.1003,940,0.396
c0b48aae0c5ccf63a065b0ab9cfc4a65,1,No Smell,0.1826,Format Ambiguity,0.1479,Unnecessary Repetition,0.0876,Prompt Bloat / Convoluted Prompt,0.0874,67,0.298
c0b48aae0c5ccf63a065b0ab9cfc4a65,2,No Smell,0.1420,Format Ambiguity,0.1247,Vague / Missing Context,0.1142,Ambiguous References,0.0959,11,0.293
c0b48aae0c5ccf63a065b0ab9cfc4a65,3,No Smell,0.2014,Format Ambiguity,0.1171,Unnecessary Repetition,0.0987,Vague / Missing Context,0.0981,45,0.292
c0b48aae0c5ccf63a065b0ab9cfc4a65,4,No Smell,0.1752,Format Ambiguity,0.1210,Ambiguous References,0.1006,Vague / Missing Context,0.0981,34,0.293
c0b48aae0c5ccf63a065b0ab9cfc4a65,5,No Smell,0.2001,Format Ambiguity,0.1142,Unnecessary Repetition,0.1001,Vague / Missing Context,0.0961,36,0.293
c0b48aae0c5ccf63a065b0ab9cfc4a65,6,No Smell,0.1681,Format Ambiguity,0.1437,Overloaded Prompt,0.1165,Ambiguous References,0.1148,32,0.292
c0b48aae0c5ccf63a065b0ab9cfc4a65,7,No Smell,0.1646,Format Ambiguity,0.1372,Overloaded Prompt,0.1010,Vague / Missing Context,0.1006,25,0.292
d9e18b85abb8f94a87ba2ed612246ffb,1,No Smell,0.1768,Format Ambiguity,0.1237,Vague / Missing Context,0.1034,Ambiguous References,0.0974,250,0.320
15495e8ad0967e662fa324fd8866338f,1,Ambiguous References,0.1482,Vague / Missing Context,0.1343,No Smell,0.1329,Format Ambiguity,0.1260,784,0.381
89b83081c904ab124a273701f9499941,1,No Smell,0.1749,Ambiguous References,0.1286,Format Ambiguity,0.1268,Vague / Missing Context,0.0900,677,0.363
442e2b41d3167cd6c848a9cf87457c8c,1,Ambiguous References,0.1482,Vague / Missing Context,0.1343,No Smell,0.1329,Format Ambiguity,0.1260,784,0.251
5d12498f03799f0e25ba8b7fb6ab1305,1,No Smell,0.1668,Format Ambiguity,0.1275,Ambiguous References,0.1268,Vague / Missing Context,0.0979,708,0.363
d32d00b7c9b1582da79d2f04a36fbb73,1,Vague / Missing Context,0.1226,Ambiguous References,0.1183,No Smell,0.1167,Format Ambiguity,0.1144,97,0.293
0bb78355ef31ff0c79587b73969bccb5,1,Ambiguous References,0.1437,Vague / Missing Context,0.1383,No Smell,0.1334,Format Ambiguity,0.1263,826,0.396
2a810fb4b8d1a94f1457890b369d7bc5,1,Ambiguous References,0.1437,Vague / Missing Context,0.1383,No Smell,0.1334,Format Ambiguity,0.1263,826,0.251
e8ed61b314481c70007bb2a366cd4a1a,1,No Smell,0.1572,Ambiguous References,0.1267,Format Ambiguity,0.1253,Vague / Missing Context,0.1007,750,0.383
a40c5638ec3db463740906bc54ef68c7,1,Ambiguous References,0.1482,Vague / Missing Context,0.1343,No Smell,0.1329,Format Ambiguity,0.1260,784,0.381
9ea702171237226f44eab744785322cc,1,No Smell,0.1572,Ambiguous References,0.1267,Format Ambiguity,0.1253,Vague / Missing Context,0.1007,750,0.251
5bccbd04802925a323a3319bc5e0424d,1,No Smell,0.1576,Format Ambiguity,0.1197,Unnecessary Repetition,0.1023,Prompt Bloat / Convoluted Prompt,0.0954,1797,0.448
deb9ff189fb319464bb684e768682a70,1,Vague / Missing Context,0.1879,No Smell,0.1802,Format Ambiguity,0.1796,Overloaded Prompt,0.0773,93,0.293
d1eebdbb4378d671909537307013e2b5,1,No Smell,0.1527,Ambiguous References,0.1245,Format Ambiguity,0.1239,Vague / Missing Context,0.1024,754,0.383
e0827f6cf1d283c61a0056528da3390e,1,No Smell,0.1337,Ambiguous References,0.1318,Vague / Missing Context,0.1284,Format Ambiguity,0.1254,792,0.382
a9634a0407fc6fd27aad3a0401c322bd,1,Vague / Missing Context,0.2437,Format Ambiguity,0.1799,No Smell,0.1354,Overloaded Prompt,0.0685,259,0.297
a9634a0407fc6fd27aad3a0401c322bd,2,Format Ambiguity,0.1919,Irrelevant / Excessive Persona,0.1475,Vague / Missing Context,0.1464,Overloaded Prompt,0.1080,29,0.293
5798a4a99599fd1dba130db06aaa0b45,1,No Smell,0.1329,Ambiguous References,0.1311,Vague / Missing Context,0.1294,Format Ambiguity,0.1268,796,0.382
b2ba5413ba6f1cfa23a7a2fe597631ba,1,No Smell,0.1560,Ambiguous References,0.1267,Format Ambiguity,0.1252,Vague / Missing Context,0.1005,761,0.383
d02a8ce8c9eacb6d88a48b62475f174d,1,No Smell,0.1329,Ambiguous References,0.1311,Vague / Missing Context,0.1294,Format Ambiguity,0.1268,796,0.251
d799877c79c7e7a5bff0c71291e22737,1,Ambiguous References,0.1312,Vague / Missing Context,0.1292,No Smell,0.1290,Format Ambiguity,0.1272,805,0.382
9a5d4349338507e5ffc9ecc979885b12,1,No Smell,0.1555,Ambiguous References,0.1255,Format Ambiguity,0.1230,Vague / Missing Context,0.1001,778,0.378
6b775da82214d57b81b1675717eb3232,1,No Smell,0.2088,Format Ambiguity,0.1197,Vague / Missing Context,0.0948,Ambiguous References,0.0898,241,0.319
0d25c2b68dae714b2f091aef34490bc7,1,Ambiguous References,0.1363,No Smell,0.1320,Vague / Missing Context,0.1253,Format Ambiguity,0.1241,868,0.396
176f54689c7eadbdde9e1bfe7ece482c,1,Format Ambiguity,0.1628,No Smell,0.1617,Overloaded Prompt,0.1005,Ambiguous References,0.0969,1941,0.577
176f54689c7eadbdde9e1bfe7ece482c,3,No Smell,0.1478,Format Ambiguity,0.1312,Overloaded Prompt,0.1077,Ambiguous References,0.0995,1023,0.456
176f54689c7eadbdde9e1bfe7ece482c,4,No Smell,0.1978,Format Ambiguity,0.1174,Unnecessary Repetition,0.1036,Ambiguous References,0.0947,1136,0.455
176f54689c7eadbdde9e1bfe7ece482c,5,No Smell,0.1654,Unnecessary Repetition,0.1206,Prompt Bloat / Convoluted Prompt,0.1027,Format Ambiguity,0.0987,1175,0.452
55870e03cebc78abd69e192bb9bde8f9,1,No Smell,0.1637,Format Ambiguity,0.1275,Ambiguous References,0.1243,Vague / Missing Context,0.0996,777,0.384
55870e03cebc78abd69e192bb9bde8f9,2,No Smell,0.1542,Format Ambiguity,0.1150,Vague / Missing Context,0.1006,Ambiguous References,0.0959,50,0.292
1fcdc4d904e4268fc136fb39bc531402,1,No Smell,0.2175,Format Ambiguity,0.1909,Overloaded Prompt,0.1183,Irrelevant / Excessive Persona,0.0950,135,0.299
811cad1db0acbf392a28b77451996c2c,1,No Smell,0.1625,Ambiguous References,0.1301,Format Ambiguity,0.1261,Vague / Missing Context,0.0964,791,0.384
811cad1db0acbf392a28b77451996c2c,2,No Smell,0.1542,Format Ambiguity,0.1150,Vague / Missing Context,0.1006,Ambiguous References,0.0959,50,0.249
d43ee66832c304afd0711865aea1eeeb,1,Format Ambiguity,0.1388,Vague / Missing Context,0.1381,Ambiguous References,0.1167,No Smell,0.1141,882,0.397
64b521d9214c826f5ef91322bebbbbd8,1,Format Ambiguity,0.1431,Vague / Missing Context,0.1401,Ambiguous References,0.1175,No Smell,0.1111,883,0.397
55d5c893fd683f6f2c2d3bfc76c63032,1,Vague / Missing Context,0.1910,No Smell,0.1909,Format Ambiguity,0.1284,Ambiguous References,0.0723,54,0.294
55d5c893fd683f6f2c2d3bfc76c63032,2,No Smell,0.2095,Vague / Missing Context,0.1389,Format Ambiguity,0.1347,Unnecessary Repetition,0.0786,50,0.297
55d5c893fd683f6f2c2d3bfc76c63032,3,No Smell,0.1484,Format Ambiguity,0.1412,Vague / Missing Context,0.1354,Ambiguous References,0.1195,106,0.294
55d5c893fd683f6f2c2d3bfc76c63032,4,No Smell,0.1674,Vague / Missing Context,0.1557,Format Ambiguity,0.1416,Ambiguous References,0.0964,319,0.320
55d5c893fd683f6f2c2d3bfc76c63032,5,No Smell,0.1696,Vague / Missing Context,0.1403,Format Ambiguity,0.1144,Irrelevant / Excessive Persona,0.0973,125,0.293
55d5c893fd683f6f2c2d3bfc76c63032,6,No Smell,0.1680,Format Ambiguity,0.1585,Vague / Missing Context,0.1286,Ambiguous References,0.1072,180,0.296
55d5c893fd683f6f2c2d3bfc76c63032,7,No Smell,0.1995,Vague / Missing Context,0.1330,Format Ambiguity,0.1320,Ambiguous References,0.0980,117,0.293
bf725df9b950d34a33cc8ad66ed7d1f9,1,No Smell,0.1625,Ambiguous References,0.1301,Format Ambiguity,0.1261,Vague / Missing Context,0.0964,791,0.384
050cd4b02ceaa9fb7b3e2bf5b20d9082,1,No Smell,0.1656,Format Ambiguity,0.1265,Ambiguous References,0.1257,Vague / Missing Context,0.1046,827,0.380
ff4541b6b4ff9d78109daf36effa64fc,1,Format Ambiguity,0.1368,Vague / Missing Context,0.1314,Ambiguous References,0.1208,No Smell,0.1122,874,0.396
454fa11627c4f4cea8ec19547849fa04,1,No Smell,0.2225,Format Ambiguity,0.1929,Irrelevant / Excessive Persona,0.1071,Overloaded Prompt,0.1062,118,0.299
1eb15f4669dd3d258e25670ba42e2b16,1,No Smell,0.1694,Format Ambiguity,0.1335,Ambiguous References,0.1138,Vague / Missing Context,0.1127,1814,0.501
b3be18a7c2079eeab05e6e87d18bd406,1,Ambiguous References,0.2301,Format Ambiguity,0.1525,No Smell,0.1450,Vague / Missing Context,0.1013,47,0.293
4656ced83b3237af6632bf1ae3893b78,1,No Smell,0.1694,Format Ambiguity,0.1335,Ambiguous References,0.1138,Vague / Missing Context,0.1127,1814,0.255
074a7695689bd16f3d43c1feacdfd997,1,No Smell,0.1694,Format Ambiguity,0.1335,Ambiguous References,0.1138,Vague / Missing Context,0.1127,1814,0.255
785a83096670782e061cc2ea407c6d76,1,Vague / Missing Context,0.1464,Format Ambiguity,0.1364,Overloaded Prompt,0.1160,Ambiguous References,0.1076,878,0.396
e84f507c3a88b6d64f16d1abc67745ac,2,No Smell,0.1862,Format Ambiguity,0.1404,Ambiguous References,0.0941,Vague / Missing Context,0.0906,51,0.299
e84f507c3a88b6d64f16d1abc67745ac,3,No Smell,0.1711,Ambiguous References,0.1280,Format Ambiguity,0.1086,Vague / Missing Context,0.0925,34,0.293
e84f507c3a88b6d64f16d1abc67745ac,4,No Smell,0.2313,Format Ambiguity,0.1253,Vague / Missing Context,0.0969,Ambiguous References,0.0899,44,0.292
e84f507c3a88b6d64f16d1abc67745ac,5,No Smell,0.2202,Format Ambiguity,0.1374,Ambiguous References,0.1132,Vague / Missing Context,0.0930,143,0.294
a7f9a8af8bf04f533f80d4d5b4193465,7,Format Ambiguity,0.1757,Vague / Missing Context,0.1417,No Smell,0.1383,Unnecessary Repetition,0.0982,17,0.294
d4adc98c963ec5590638066e8c8ac8b3,1,No Smell,0.2081,Format Ambiguity,0.1745,Vague / Missing Context,0.1063,Irrelevant / Excessive Persona,0.0749,126,0.295
d4adc98c963ec5590638066e8c8ac8b3,2,No Smell,0.2112,Format Ambiguity,0.1106,Vague / Missing Context,0.1102,Ambiguous References,0.1021,72,0.294
d4adc98c963ec5590638066e8c8ac8b3,3,Ambiguous References,0.2109,Format Ambiguity,0.1767,No Smell,0.1540,Irrelevant / Excessive Persona,0.0941,44,0.293
d4adc98c963ec5590638066e8c8ac8b3,4,Ambiguous References,0.1642,No Smell,0.1123,Vague / Missing Context,0.1095,Conflicting Constraints,0.0999,20,0.293
7d9a9d52baba5458b5e241b905ffe74d,1,No Smell,0.2257,Format Ambiguity,0.1908,Overloaded Prompt,0.1094,Irrelevant / Excessive Persona,0.0959,141,0.296
786d8b24bf2d090c21a846be44e01326,1,No Smell,0.1532,Ambiguous References,0.1224,Format Ambiguity,0.1221,Vague / Missing Context,0.1086,854,0.381
c784b287d76a595c6a6f019756e30805,1,No Smell,0.1694,Format Ambiguity,0.1335,Ambiguous References,0.1138,Vague / Missing Context,0.1127,1814,0.500
bfefa290050e9ec4673e2dcb0b37bb3a,1,No Smell,0.1514,Ambiguous References,0.1231,Format Ambiguity,0.1223,Vague / Missing Context,0.1084,861,0.380
461ebaad05c0f9a14f5acefa70411a10,1,No Smell,0.1694,Format Ambiguity,0.1335,Ambiguous References,0.1138,Vague / Missing Context,0.1127,1814,0.257
cf63f76341ece45f066dd001fc604980,1,No Smell,0.1405,Vague / Missing Context,0.1179,Format Ambiguity,0.1077,Unnecessary Repetition,0.1032,17,0.293
cf63f76341ece45f066dd001fc604980,2,No Smell,0.1585,Vague / Missing Context,0.1197,Format Ambiguity,0.1100,Ambiguous References,0.1021,28,0.293
cf63f76341ece45f066dd001fc604980,3,No Smell,0.2328,Vague / Missing Context,0.1804,Format Ambiguity,0.1246,Unnecessary Repetition,0.0692,31,0.295
1667fed141975c82e348443d69ee5733,1,No Smell,0.1694,Format Ambiguity,0.1335,Ambiguous References,0.1138,Vague / Missing Context,0.1127,1814,0.255
ed281cb5efb34f3fc6a5e209ec1263a0,1,No Smell,0.1694,Format Ambiguity,0.1335,Ambiguous References,0.1138,Vague / Missing Context,0.1127,1814,0.255
f9c577e230850faac673df00ae166c55,1,No Smell,0.1694,Format Ambiguity,0.1335,Ambiguous References,0.1138,Vague / Missing Context,0.1127,1814,0.255
2a9fb52d482fdbeec726c9b395f61ae4,1,No Smell,0.1841,Format Ambiguity,0.1341,Vague / Missing Context,0.1288,Prompt Bloat / Convoluted Prompt,0.0780,42,0.292
2a9fb52d482fdbeec726c9b395f61ae4,2,No Smell,0.2067,Format Ambiguity,0.1134,Vague / Missing Context,0.1122,Ambiguous References,0.0908,51,0.292
2a9fb52d482fdbeec726c9b395f61ae4,3,No Smell,0.1635,Format Ambiguity,0.1369,Vague / Missing Context,0.1026,Ambiguous References,0.0917,58,0.294
2a9fb52d482fdbeec726c9b395f61ae4,4,No Smell,0.1610,Format Ambiguity,0.1415,Vague / Missing Context,0.1196,Ambiguous References,0.1019,128,0.294
2a9fb52d482fdbeec726c9b395f61ae4,5,No Smell,0.1962,Format Ambiguity,0.1551,Vague / Missing Context,0.1018,Ambiguous References,0.0981,89,0.293
2a9fb52d482fdbeec726c9b395f61ae4,6,No Smell,0.1675,Vague / Missing Context,0.1406,Format Ambiguity,0.1134,Unnecessary Repetition,0.0943,120,0.294
2a9fb52d482fdbeec726c9b395f61ae4,7,No Smell,0.1589,Format Ambiguity,0.1044,Ambiguous References,0.1026,Vague / Missing Context,0.0990,49,0.295
2a9fb52d482fdbeec726c9b395f61ae4,8,No Smell,0.1583,Format Ambiguity,0.1247,Ambiguous References,0.1056,Conflicting Constraints,0.1003,184,0.296
b0bd6c1f11eec7750de220655858381c,1,No Smell,0.1474,Format Ambiguity,0.1168,Vague / Missing Context,0.1136,Ambiguous References,0.0940,932,0.396
ce24c03e35f674d1994b2721f283a4ac,1,No Smell,0.1694,Format Ambiguity,0.1335,Ambiguous References,0.1138,Vague / Missing Context,0.1127,1814,0.501
d90a920d138deeebae54a3f293a22a54,1,Vague / Missing Context,0.1932,Format Ambiguity,0.1465,No Smell,0.1263,Ambiguous References,0.1020,2197,0.514
d90a920d138deeebae54a3f293a22a54,2,Format Ambiguity,0.1865,Vague / Missing Context,0.1706,No Smell,0.1395,Overloaded Prompt,0.0840,53,0.293
d90a920d138deeebae54a3f293a22a54,3,No Smell,0.1683,Vague / Missing Context,0.1482,Format Ambiguity,0.1383,Ambiguous References,0.0977,312,0.320
47b7f9b4dd22b299f921a5a8f4e24b17,1,No Smell,0.1431,Ambiguous References,0.1271,Format Ambiguity,0.1203,Vague / Missing Context,0.1058,893,0.382
9ca6263701e1613d28807fe348d300ca,1,Vague / Missing Context,0.1443,Format Ambiguity,0.1323,Overloaded Prompt,0.1155,Ambiguous References,0.1111,891,0.387
e91511cddc5201c6dbf83ed9acbe52f0,1,Vague / Missing Context,0.1418,Overloaded Prompt,0.1329,Format Ambiguity,0.1308,Ambiguous References,0.1098,892,0.387
05838ddafa1f7f0a69ee4378486247cd,1,Vague / Missing Context,0.1418,Overloaded Prompt,0.1329,Format Ambiguity,0.1308,Ambiguous References,0.1098,892,0.251
1b5897509d5da999435aa594d157d4a7,1,Vague / Missing Context,0.1441,Format Ambiguity,0.1309,Overloaded Prompt,0.1210,Ambiguous References,0.1077,872,0.396
a921a02db19f255637121ac897f12507,1,No Smell,0.1441,Ambiguous References,0.1299,Format Ambiguity,0.1268,Vague / Missing Context,0.1030,897,0.395
0fcc37336a6d5f031cb0057b4057d1f6,1,No Smell,0.1694,Format Ambiguity,0.1335,Ambiguous References,0.1138,Vague / Missing Context,0.1127,1814,0.501
9b691232ea789499cee1a39b08a20ca6,1,No Smell,0.1993,Vague / Missing Context,0.1610,Format Ambiguity,0.1563,Overloaded Prompt,0.0804,98,0.294
9b691232ea789499cee1a39b08a20ca6,3,Format Ambiguity,0.1626,Vague / Missing Context,0.1622,No Smell,0.1479,Overloaded Prompt,0.1051,74,0.293
9b691232ea789499cee1a39b08a20ca6,4,Ambiguous References,0.2656,No Smell,0.1375,Format Ambiguity,0.1305,Irrelevant / Excessive Persona,0.1056,12,0.292
9b691232ea789499cee1a39b08a20ca6,5,Vague / Missing Context,0.1792,Format Ambiguity,0.1583,No Smell,0.1582,Ambiguous References,0.0709,51,0.292
9b691232ea789499cee1a39b08a20ca6,6,Format Ambiguity,0.1953,Overloaded Prompt,0.1478,No Smell,0.1425,Vague / Missing Context,0.1137,25,0.292
9b691232ea789499cee1a39b08a20ca6,7,Format Ambiguity,0.1896,No Smell,0.1637,Overloaded Prompt,0.1140,Vague / Missing Context,0.0946,57,0.293
9b691232ea789499cee1a39b08a20ca6,8,Vague / Missing Context,0.1749,No Smell,0.1661,Format Ambiguity,0.1151,Unnecessary Repetition,0.1010,69,0.292
9b691232ea789499cee1a39b08a20ca6,9,No Smell,0.2984,Format Ambiguity,0.1048,Unnecessary Repetition,0.0920,Conflicting Constraints,0.0898,18,0.292
9b691232ea789499cee1a39b08a20ca6,11,No Smell,0.1957,Format Ambiguity,0.1210,Conflicting Constraints,0.0915,Unnecessary Repetition,0.0893,19,0.292
9b691232ea789499cee1a39b08a20ca6,12,No Smell,0.1828,Formality / Audience Mismatch,0.1190,Format Ambiguity,0.1001,Vague / Missing Context,0.0991,48,0.292
9b691232ea789499cee1a39b08a20ca6,13,No Smell,0.1712,Ambiguous References,0.1196,Format Ambiguity,0.1132,Vague / Missing Context,0.1041,32,0.292
9b691232ea789499cee1a39b08a20ca6,14,No Smell,0.1806,Bias / Loaded Framing,0.1188,Unnecessary Repetition,0.0981,Format Ambiguity,0.0966,16,0.292
9b691232ea789499cee1a39b08a20ca6,15,Vague / Missing Context,0.1542,No Smell,0.1455,Format Ambiguity,0.1315,Ambiguous References,0.0966,31,0.292
9b691232ea789499cee1a39b08a20ca6,16,No Smell,0.1453,Vague / Missing Context,0.1425,Format Ambiguity,0.1131,Conflicting Constraints,0.1010,17,0.292
9b691232ea789499cee1a39b08a20ca6,17,No Smell,0.1830,Vague / Missing Context,0.1696,Format Ambiguity,0.1596,Ambiguous References,0.0828,60,0.292
9b691232ea789499cee1a39b08a20ca6,18,No Smell,0.1439,Unnecessary Repetition,0.1186,Conflicting Constraints,0.1090,Format Ambiguity,0.0979,35,0.292
9b691232ea789499cee1a39b08a20ca6,19,No Smell,0.1670,Vague / Missing Context,0.1269,Format Ambiguity,0.1185,Ambiguous References,0.1010,51,0.294
9b691232ea789499cee1a39b08a20ca6,20,No Smell,0.1759,Vague / Missing Context,0.1648,Format Ambiguity,0.1322,Ambiguous References,0.0880,180,0.295
9b691232ea789499cee1a39b08a20ca6,21,No Smell,0.2019,Format Ambiguity,0.1261,Ambiguous References,0.1194,Vague / Missing Context,0.1012,37,0.292
9b691232ea789499cee1a39b08a20ca6,22,No Smell,0.1624,Format Ambiguity,0.1445,Vague / Missing Context,0.1364,Ambiguous References,0.0950,59,0.292
9b691232ea789499cee1a39b08a20ca6,23,No Smell,0.1837,Format Ambiguity,0.1597,Vague / Missing Context,0.1037,Overloaded Prompt,0.1010,28,0.292
9b691232ea789499cee1a39b08a20ca6,24,No Smell,0.2045,Format Ambiguity,0.1427,Ambiguous References,0.1095,Vague / Missing Context,0.0876,140,0.294
9b691232ea789499cee1a39b08a20ca6,25,No Smell,0.2026,Unnecessary Repetition,0.1111,Vague / Missing Context,0.0977,Format Ambiguity,0.0951,54,0.293
9b691232ea789499cee1a39b08a20ca6,26,No Smell,0.1632,Conflicting Constraints,0.1026,Vague / Missing Context,0.1024,Format Ambiguity,0.0979,81,0.293
9b691232ea789499cee1a39b08a20ca6,27,No Smell,0.2021,Format Ambiguity,0.1042,Unnecessary Repetition,0.1004,Vague / Missing Context,0.0925,42,0.292
593bef5084fe47d9888fc1f9e28e6af2,1,No Smell,0.1387,Ambiguous References,0.1356,Format Ambiguity,0.1263,Vague / Missing Context,0.1056,852,0.381
717aa461dab90be9f26916a9cd7c5eeb,1,No Smell,0.1694,Format Ambiguity,0.1335,Ambiguous References,0.1138,Vague / Missing Context,0.1127,1814,0.501
f2b4915c418693914f44982ee7f89ffb,1,No Smell,0.2094,Format Ambiguity,0.1860,Overloaded Prompt,0.0949,Vague / Missing Context,0.0837,24,0.291
7034063b4a90d0a5deca82ba236c5e2a,1,Vague / Missing Context,0.1340,Format Ambiguity,0.1249,Ambiguous References,0.1181,Overloaded Prompt,0.1126,906,0.388
e3efbbd771b7f4e0cee09cca0daec1bc,1,Format Ambiguity,0.1736,No Smell,0.1539,Vague / Missing Context,0.1403,Overloaded Prompt,0.0878,24,0.292
fd7002e955065b59da169b4a65c8bc65,1,Vague / Missing Context,0.1347,Format Ambiguity,0.1235,Ambiguous References,0.1198,Overloaded Prompt,0.1122,891,0.397
a860437418baa19ccc96e22c33237f45,1,Format Ambiguity,0.2149,Vague / Missing Context,0.1505,No Smell,0.1243,Overloaded Prompt,0.1027,91,0.293
a860437418baa19ccc96e22c33237f45,2,Vague / Missing Context,0.1509,Format Ambiguity,0.1345,No Smell,0.1269,Ambiguous References,0.1110,55,0.292
d0967436d9fd429696b7a842fac351cd,1,Format Ambiguity,0.1945,No Smell,0.1635,Vague / Missing Context,0.1423,Irrelevant / Excessive Persona,0.0767,90,0.293
d0967436d9fd429696b7a842fac351cd,2,No Smell,0.1390,Ambiguous References,0.1231,Format Ambiguity,0.1018,Vague / Missing Context,0.0992,35,0.292
8a3ea292aa20f4b346b00e90ef84a03a,1,No Smell,0.1352,Format Ambiguity,0.1283,Vague / Missing Context,0.1282,Ambiguous References,0.1092,1134,0.414
4d59c6b023d89cd2df289d8ea4989dfe,1,No Smell,0.2603,Vague / Missing Context,0.1826,Format Ambiguity,0.1152,Unnecessary Repetition,0.0837,15,0.292
2cd5ec6526a867586c42ee300ec820a8,1,No Smell,0.2305,Format Ambiguity,0.1216,Overloaded Prompt,0.1140,Irrelevant / Excessive Persona,0.0884,39,0.293
2cd5ec6526a867586c42ee300ec820a8,2,No Smell,0.1405,Format Ambiguity,0.1261,Ambiguous References,0.1177,Vague / Missing Context,0.1165,99,0.293
f4a4435b92c8f0cfdda7eb2d43c532bb,1,Format Ambiguity,0.1992,No Smell,0.1916,Overloaded Prompt,0.1133,Conflicting Constraints,0.0803,21,0.292
2f165a07c18a417e11a711036017d460,1,Format Ambiguity,0.1597,Vague / Missing Context,0.1341,No Smell,0.1246,Overloaded Prompt,0.0941,2020,0.515
2f165a07c18a417e11a711036017d460,2,No Smell,0.1616,Irrelevant / Excessive Persona,0.1119,Unnecessary Repetition,0.1050,Format Ambiguity,0.1048,83,0.293
2f165a07c18a417e11a711036017d460,3,Vague / Missing Context,0.1445,No Smell,0.1239,Prompt Bloat / Convoluted Prompt,0.1063,Format Ambiguity,0.1028,113,0.293
52cb8d452af9d85a74927606006809dc,1,No Smell,0.1881,Vague / Missing Context,0.1329,Format Ambiguity,0.1250,Ambiguous References,0.0959,38,0.293
1a19701c0fd6e653dded5a47bb4ccb7b,1,Format Ambiguity,0.1316,No Smell,0.1308,Vague / Missing Context,0.1247,Ambiguous References,0.1191,1692,0.497
c7d7d60f3c15b10742e0c6f1a1bbf35a,1,Format Ambiguity,0.1316,No Smell,0.1308,Vague / Missing Context,0.1247,Ambiguous References,0.1191,1692,0.255
9f0b3e617b31e37988b24d97af0f45d5,1,No Smell,0.2312,Format Ambiguity,0.1241,Vague / Missing Context,0.0906,Prompt Bloat / Convoluted Prompt,0.0810,32,0.292
d0ed24fe93530a7505064e206a411939,1,No Smell,0.1876,Format Ambiguity,0.1232,Vague / Missing Context,0.1042,Ambiguous References,0.0979,179,0.296
d0ed24fe93530a7505064e206a411939,2,No Smell,0.1737,Format Ambiguity,0.1157,Vague / Missing Context,0.1020,Ambiguous References,0.0995,174,0.296
d0ed24fe93530a7505064e206a411939,3,No Smell,0.1746,Format Ambiguity,0.1187,Ambiguous References,0.1010,Vague / Missing Context,0.0967,243,0.320
d0ed24fe93530a7505064e206a411939,4,No Smell,0.1691,Format Ambiguity,0.1296,Vague / Missing Context,0.1117,Ambiguous References,0.0955,168,0.296
cd297d4e4ed9c635c6ce151cfee1526d,1,Format Ambiguity,0.1316,No Smell,0.1308,Vague / Missing Context,0.1247,Ambiguous References,0.1191,1692,0.496
3d93dd5f710235d56d35acf7333588c0,1,No Smell,0.2085,Vague / Missing Context,0.1304,Format Ambiguity,0.1130,Ambiguous References,0.0758,43,0.292
4b948bd1ca33e0f79d823861cad669a0,1,Format Ambiguity,0.1316,No Smell,0.1308,Vague / Missing Context,0.1247,Ambiguous References,0.1191,1692,0.255
dac5d9533f67724163024bdb43b7a9b0,1,Vague / Missing Context,0.1915,No Smell,0.1783,Format Ambiguity,0.1447,Overloaded Prompt,0.0706,39,0.292
890e495186fad8e0923095c8ac42ad50,1,No Smell,0.1954,Vague / Missing Context,0.1341,Format Ambiguity,0.1135,Conflicting Constraints,0.0807,48,0.293
c80fae177c9369fe3017af87653c1ad6,1,No Smell,0.1914,Vague / Missing Context,0.1432,Format Ambiguity,0.1349,Overloaded Prompt,0.0913,46,0.293
c80fae177c9369fe3017af87653c1ad6,2,Conflicting Constraints,0.2054,Unnecessary Repetition,0.1334,No Smell,0.1231,Vague / Missing Context,0.0923,36,0.292
132ee86e00e8dd8ddba638a83f49ac0f,1,Format Ambiguity,0.2039,No Smell,0.1971,Overloaded Prompt,0.1566,Unnecessary Repetition,0.0739,28,0.292
132ee86e00e8dd8ddba638a83f49ac0f,2,No Smell,0.1969,Irrelevant / Excessive Persona,0.1875,Ambiguous References,0.0934,Format Ambiguity,0.0909,51,0.292
132ee86e00e8dd8ddba638a83f49ac0f,3,Vague / Missing Context,0.1831,No Smell,0.1652,Format Ambiguity,0.1469,Ambiguous References,0.0962,98,0.292
132ee86e00e8dd8ddba638a83f49ac0f,4,No Smell,0.1839,Irrelevant / Excessive Persona,0.1147,Format Ambiguity,0.1104,Vague / Missing Context,0.0968,61,0.292
132ee86e00e8dd8ddba638a83f49ac0f,5,No Smell,0.1775,Format Ambiguity,0.1736,Vague / Missing Context,0.1324,Overloaded Prompt,0.0790,56,0.292
132ee86e00e8dd8ddba638a83f49ac0f,6,No Smell,0.1833,Format Ambiguity,0.1576,Vague / Missing Context,0.1363,Conflicting Constraints,0.0770,42,0.291
132ee86e00e8dd8ddba638a83f49ac0f,7,Vague / Missing Context,0.2010,Format Ambiguity,0.1380,No Smell,0.1062,Ambiguous References,0.1024,47,0.291
132ee86e00e8dd8ddba638a83f49ac0f,8,Vague / Missing Context,0.1552,No Smell,0.1473,Format Ambiguity,0.1437,Unnecessary Repetition,0.0889,79,0.292
132ee86e00e8dd8ddba638a83f49ac0f,9,No Smell,0.1497,Ambiguous References,0.1282,Unnecessary Repetition,0.1117,Conflicting Constraints,0.1055,74,0.292
132ee86e00e8dd8ddba638a83f49ac0f,10,Ambiguous References,0.1600,No Smell,0.1481,Format Ambiguity,0.1227,Vague / Missing Context,0.1039,23,0.291
132ee86e00e8dd8ddba638a83f49ac0f,11,Vague / Missing Context,0.1492,No Smell,0.1392,Ambiguous References,0.1060,Format Ambiguity,0.1015,23,0.292
132ee86e00e8dd8ddba638a83f49ac0f,12,No Smell,0.1380,Vague / Missing Context,0.1277,Unnecessary Repetition,0.1176,Format Ambiguity,0.0979,93,0.292
132ee86e00e8dd8ddba638a83f49ac0f,13,No Smell,0.1354,Conflicting Constraints,0.1297,Ambiguous References,0.1009,Format Ambiguity,0.0955,41,0.291
132ee86e00e8dd8ddba638a83f49ac0f,14,Format Ambiguity,0.1782,No Smell,0.1497,Vague / Missing Context,0.1196,Irrelevant / Excessive Persona,0.1123,31,0.292
132ee86e00e8dd8ddba638a83f49ac0f,15,No Smell,0.1746,Format Ambiguity,0.1402,Ambiguous References,0.1058,Overloaded Prompt,0.0913,24,0.291
9f81c0672158f634d0add55e0acea7f8,1,Vague / Missing Context,0.1921,Format Ambiguity,0.1432,No Smell,0.1305,Ambiguous References,0.0983,3049,0.626
9f81c0672158f634d0add55e0acea7f8,2,Format Ambiguity,0.1865,Vague / Missing Context,0.1706,No Smell,0.1395,Overloaded Prompt,0.0840,53,0.292
9f81c0672158f634d0add55e0acea7f8,3,No Smell,0.1554,Format Ambiguity,0.1368,Vague / Missing Context,0.1338,Ambiguous References,0.1042,439,0.317
9f81c0672158f634d0add55e0acea7f8,4,Vague / Missing Context,0.1613,Format Ambiguity,0.1567,No Smell,0.1453,Ambiguous References,0.0838,335,0.322
f4a7450efe4cb69c55ee14da2faffd1f,2,No Smell,0.1691,Format Ambiguity,0.1577,Irrelevant / Excessive Persona,0.1222,Vague / Missing Context,0.0951,20,0.292
f4a7450efe4cb69c55ee14da2faffd1f,4,No Smell,0.1861,Format Ambiguity,0.1226,Ambiguous References,0.1006,Overloaded Prompt,0.0911,14,0.292
f4a7450efe4cb69c55ee14da2faffd1f,5,Format Ambiguity,0.1635,No Smell,0.1596,Overloaded Prompt,0.1204,Vague / Missing Context,0.0841,25,0.293
c82a66fde468e8d367e1a682126fc733,1,Vague / Missing Context,0.1576,No Smell,0.1553,Format Ambiguity,0.1352,Ambiguous References,0.0875,130,0.293
c82a66fde468e8d367e1a682126fc733,2,No Smell,0.1870,Format Ambiguity,0.1229,Unnecessary Repetition,0.1043,Vague / Missing Context,0.0916,9,0.292
c82a66fde468e8d367e1a682126fc733,3,Vague / Missing Context,0.2143,No Smell,0.1662,Format Ambiguity,0.1513,Ambiguous References,0.0821,140,0.293
c82a66fde468e8d367e1a682126fc733,4,No Smell,0.1595,Vague / Missing Context,0.1460,Format Ambiguity,0.1353,Ambiguous References,0.0865,142,0.295
c82a66fde468e8d367e1a682126fc733,5,Vague / Missing Context,0.2038,No Smell,0.1616,Format Ambiguity,0.1531,Ambiguous References,0.0801,152,0.293
c82a66fde468e8d367e1a682126fc733,6,No Smell,0.2039,Format Ambiguity,0.1463,Vague / Missing Context,0.1420,Unnecessary Repetition,0.0847,65,0.293
c82a66fde468e8d367e1a682126fc733,7,No Smell,0.1473,Format Ambiguity,0.1232,Vague / Missing Context,0.1169,Ambiguous References,0.1106,1999,0.516
c82a66fde468e8d367e1a682126fc733,8,No Smell,0.1454,Vague / Missing Context,0.1307,Format Ambiguity,0.1056,Unnecessary Repetition,0.1042,2006,0.514
93df1f0c89b3d19ece3b5f44430409f0,1,Vague / Missing Context,0.1360,Format Ambiguity,0.1254,Ambiguous References,0.1165,Overloaded Prompt,0.1140,887,0.396
48de200714e2c07b5fd20ee86b4cccea,1,Vague / Missing Context,0.1360,Format Ambiguity,0.1254,Ambiguous References,0.1165,Overloaded Prompt,0.1140,887,0.252
75ddcab39fbe5384b8fac9fa2b9fdad1,1,Format Ambiguity,0.1862,Vague / Missing Context,0.1738,No Smell,0.1464,Overloaded Prompt,0.0882,28,0.292
3bd2561aa403a589e46d81854a5e93d1,1,No Smell,0.1678,Format Ambiguity,0.1303,Vague / Missing Context,0.1181,Ambiguous References,0.0950,183,0.296
8986e4d150a850248618c7a82a1f359d,1,No Smell,0.1655,Format Ambiguity,0.1334,Vague / Missing Context,0.1233,Ambiguous References,0.0947,168,0.296
bfd8dca4517044044b7e3f0bcffa8340,1,Format Ambiguity,0.2506,Vague / Missing Context,0.1339,No Smell,0.1250,Overloaded Prompt,0.1047,31,0.292
dc709370774ecf208af53cab3faf6d46,1,Vague / Missing Context,0.1348,Ambiguous References,0.1244,Format Ambiguity,0.1192,No Smell,0.1120,878,0.396
b632a31e0524b8341c107d99b27d8936,1,No Smell,0.1681,Format Ambiguity,0.1299,Vague / Missing Context,0.1209,Ambiguous References,0.1073,191,0.296
654ab696c821551b8410bbf0000b2f3f,1,Vague / Missing Context,0.1393,Ambiguous References,0.1226,Format Ambiguity,0.1196,Overloaded Prompt,0.1062,885,0.396
df5772d926792c1a7fb5cdd7b1ae365f,1,Vague / Missing Context,0.1412,Ambiguous References,0.1216,Format Ambiguity,0.1203,Overloaded Prompt,0.1093,861,0.396
050bedd55f053d981f9150090719fae8,1,Format Ambiguity,0.1864,No Smell,0.1559,Vague / Missing Context,0.0998,Overloaded Prompt,0.0988,55,0.292
050bedd55f053d981f9150090719fae8,2,No Smell,0.2310,Format Ambiguity,0.1086,Vague / Missing Context,0.0996,Unnecessary Repetition,0.0841,68,0.292
050bedd55f053d981f9150090719fae8,3,Vague / Missing Context,0.1341,No Smell,0.1325,Format Ambiguity,0.1165,Unnecessary Repetition,0.0879,43,0.293
050bedd55f053d981f9150090719fae8,5,No Smell,0.1659,Format Ambiguity,0.1314,Vague / Missing Context,0.1108,Irrelevant / Excessive Persona,0.0862,90,0.292
5baaf2ee5b23f77373b0249a71e72c5d,1,Vague / Missing Context,0.1412,Ambiguous References,0.1216,Format Ambiguity,0.1203,Overloaded Prompt,0.1093,861,0.396
af644f1744b0b5462dc3d88ed2825f8e,1,No Smell,0.2390,Vague / Missing Context,0.1350,Format Ambiguity,0.1199,Irrelevant / Excessive Persona,0.0958,54,0.292
af644f1744b0b5462dc3d88ed2825f8e,2,No Smell,0.1300,Formality / Audience Mismatch,0.1298,Format Ambiguity,0.1104,Unnecessary Repetition,0.1037,20,0.292
af644f1744b0b5462dc3d88ed2825f8e,3,Formality / Audience Mismatch,0.1999,Vague / Missing Context,0.1723,No Smell,0.1709,Format Ambiguity,0.1164,30,0.291
668c5e78866d95eb9667c5a1fb214dd8,1,Vague / Missing Context,0.1412,Ambiguous References,0.1216,Format Ambiguity,0.1203,Overloaded Prompt,0.1093,861,0.251
8e348a4e6ae6914d5367923013c71a0b,1,No Smell,0.1792,Format Ambiguity,0.1668,Vague / Missing Context,0.1083,Unnecessary Repetition,0.0810,45,0.292
8ec44f7de2900b4c702d92e80a5e3d2e,1,Vague / Missing Context,0.1344,Ambiguous References,0.1287,Format Ambiguity,0.1230,No Smell,0.1113,900,0.387
dd7d48f5f54f976d13b0f193c7924dbf,1,Format Ambiguity,0.1479,Vague / Missing Context,0.1309,No Smell,0.1233,Overloaded Prompt,0.0934,2012,0.515
5c94c2cbb9dead5e01fadf5222e20bb4,1,Ambiguous References,0.1336,Format Ambiguity,0.1147,Vague / Missing Context,0.1136,No Smell,0.1133,1127,0.387
5c94c2cbb9dead5e01fadf5222e20bb4,2,No Smell,0.1428,Format Ambiguity,0.1218,Unnecessary Repetition,0.1050,Vague / Missing Context,0.1049,451,0.322
5c94c2cbb9dead5e01fadf5222e20bb4,3,No Smell,0.1529,Unnecessary Repetition,0.1211,Ambiguous References,0.1164,Format Ambiguity,0.1119,348,0.297
5c94c2cbb9dead5e01fadf5222e20bb4,4,No Smell,0.1830,Unnecessary Repetition,0.1217,Format Ambiguity,0.1115,Ambiguous References,0.1026,293,0.296
5c94c2cbb9dead5e01fadf5222e20bb4,5,No Smell,0.1638,Unnecessary Repetition,0.1219,Format Ambiguity,0.1204,Vague / Missing Context,0.1021,273,0.296
120de4b77dbc4879aea7fc09f2d6d499,1,Ambiguous References,0.1462,No Smell,0.1227,Vague / Missing Context,0.1219,Format Ambiguity,0.1129,811,0.382
6afed78d91599b76b556ade4d92f7ae4,1,Vague / Missing Context,0.1981,No Smell,0.1399,Format Ambiguity,0.1354,Ambiguous References,0.1117,1860,0.466
6afed78d91599b76b556ade4d92f7ae4,2,Format Ambiguity,0.1865,Vague / Missing Context,0.1706,No Smell,0.1395,Overloaded Prompt,0.0840,53,0.293
6afed78d91599b76b556ade4d92f7ae4,3,No Smell,0.1698,Format Ambiguity,0.1396,Vague / Missing Context,0.1299,Ambiguous References,0.1095,539,0.330
4baf6815866042aee86bf81ce26dcbae,1,No Smell,0.2136,Format Ambiguity,0.1396,Vague / Missing Context,0.0959,Unnecessary Repetition,0.0854,50,0.292
4baf6815866042aee86bf81ce26dcbae,2,No Smell,0.1871,Format Ambiguity,0.1178,Vague / Missing Context,0.0937,Unnecessary Repetition,0.0893,46,0.292
4baf6815866042aee86bf81ce26dcbae,3,No Smell,0.2187,Format Ambiguity,0.1039,Unnecessary Repetition,0.0942,Conflicting Constraints,0.0915,32,0.291
4baf6815866042aee86bf81ce26dcbae,4,No Smell,0.2174,Format Ambiguity,0.1156,Unnecessary Repetition,0.1015,Conflicting Constraints,0.0976,35,0.292
4baf6815866042aee86bf81ce26dcbae,5,Bias / Loaded Framing,0.2044,No Smell,0.1636,Vague / Missing Context,0.0904,Format Ambiguity,0.0903,94,0.293
8ae3722051890ca1245df36df686689a,1,Ambiguous References,0.1670,Vague / Missing Context,0.1230,No Smell,0.1199,Format Ambiguity,0.1108,820,0.381
9554c6e13543d8df547d8766cf4992b6,1,Format Ambiguity,0.1811,No Smell,0.1388,Ambiguous References,0.1082,Vague / Missing Context,0.1003,2153,0.514
39e2fc122f9b9aa8821e21f24ededa22,1,Ambiguous References,0.1837,No Smell,0.1203,Vague / Missing Context,0.1193,Format Ambiguity,0.1125,681,0.363
18b412c1fe51d29ba23cabeead42a3c0,1,No Smell,0.1470,Format Ambiguity,0.1426,Overloaded Prompt,0.1023,Ambiguous References,0.0997,3152,0.687
18b412c1fe51d29ba23cabeead42a3c0,2,Format Ambiguity,0.1376,No Smell,0.1268,Overloaded Prompt,0.1138,Ambiguous References,0.1052,3179,0.700
18b412c1fe51d29ba23cabeead42a3c0,3,Format Ambiguity,0.1521,No Smell,0.1473,Overloaded Prompt,0.1168,Vague / Missing Context,0.1008,589,0.363
18b412c1fe51d29ba23cabeead42a3c0,4,No Smell,0.1437,Format Ambiguity,0.1386,Ambiguous References,0.0961,Overloaded Prompt,0.0953,1640,0.466
eab649a8756a8df70ebeb47117a4c864,1,Ambiguous References,0.1795,Vague / Missing Context,0.1238,No Smell,0.1136,Format Ambiguity,0.1134,666,0.363
e73e800b64d760b706682a245557691b,1,No Smell,0.1523,Format Ambiguity,0.1241,Unnecessary Repetition,0.1117,Ambiguous References,0.1053,486,0.324
e73e800b64d760b706682a245557691b,2,No Smell,0.1394,Unnecessary Repetition,0.1241,Format Ambiguity,0.1168,Ambiguous References,0.1090,352,0.319
e73e800b64d760b706682a245557691b,3,Ambiguous References,0.1344,Format Ambiguity,0.1204,No Smell,0.1201,Vague / Missing Context,0.1121,547,0.316
e73e800b64d760b706682a245557691b,4,No Smell,0.1522,Unnecessary Repetition,0.1288,Format Ambiguity,0.1199,Vague / Missing Context,0.1106,288,0.296
e73e800b64d760b706682a245557691b,5,No Smell,0.1668,Format Ambiguity,0.1238,Ambiguous References,0.1089,Unnecessary Repetition,0.1025,746,0.362
e73e800b64d760b706682a245557691b,6,No Smell,0.1288,Vague / Missing Context,0.1229,Format Ambiguity,0.1164,Unnecessary Repetition,0.1111,341,0.319
e73e800b64d760b706682a245557691b,7,No Smell,0.1344,Vague / Missing Context,0.1291,Format Ambiguity,0.1201,Unnecessary Repetition,0.1191,553,0.318
e73e800b64d760b706682a245557691b,8,No Smell,0.1317,Unnecessary Repetition,0.1315,Format Ambiguity,0.1159,Vague / Missing Context,0.1026,305,0.296
89debf5f001015b35ae85fa664a39810,2,No Smell,0.1694,Vague / Missing Context,0.1333,Format Ambiguity,0.1199,Unnecessary Repetition,0.0959,11,0.292
89debf5f001015b35ae85fa664a39810,3,Vague / Missing Context,0.1972,No Smell,0.1640,Format Ambiguity,0.1157,Ambiguous References,0.1022,1643,0.451
14215dda7ed7cdec11ac250ebdf8ecab,1,No Smell,0.1912,Vague / Missing Context,0.1612,Format Ambiguity,0.1379,Overloaded Prompt,0.0763,44,0.292
14215dda7ed7cdec11ac250ebdf8ecab,2,Format Ambiguity,0.2469,Vague / Missing Context,0.1258,No Smell,0.1191,Overloaded Prompt,0.1148,41,0.292
14215dda7ed7cdec11ac250ebdf8ecab,4,Format Ambiguity,0.1589,Vague / Missing Context,0.1476,No Smell,0.1415,Ambiguous References,0.0966,37,0.291
383570d91901150babf026383bd26a19,1,No Smell,0.1627,Format Ambiguity,0.1279,Unnecessary Repetition,0.1143,Vague / Missing Context,0.1116,1352,0.415
0eef34c02fe5d734c7b4a432ea68afdf,1,No Smell,0.1627,Format Ambiguity,0.1279,Unnecessary Repetition,0.1143,Vague / Missing Context,0.1116,1352,0.253
35c8cce2936fc5d04f2d56cad4d89e4c,1,Format Ambiguity,0.1668,No Smell,0.1498,Vague / Missing Context,0.1145,Formality / Audience Mismatch,0.0885,89,0.292
087a1fad6b195e32fc9dc9bce917bcff,1,Vague / Missing Context,0.1742,No Smell,0.1541,Format Ambiguity,0.1304,Unnecessary Repetition,0.0839,36,0.292
7c95e6af72150cc07095e6e65c73b8ba,1,No Smell,0.1966,Format Ambiguity,0.1343,Vague / Missing Context,0.1132,Ambiguous References,0.0885,67,0.293
7c95e6af72150cc07095e6e65c73b8ba,2,No Smell,0.1534,Format Ambiguity,0.1076,Ambiguous References,0.1056,Vague / Missing Context,0.1039,19,0.292
7c95e6af72150cc07095e6e65c73b8ba,3,No Smell,0.1969,Vague / Missing Context,0.1097,Format Ambiguity,0.1080,Overloaded Prompt,0.0997,62,0.293
7c95e6af72150cc07095e6e65c73b8ba,4,No Smell,0.2016,Format Ambiguity,0.1472,Irrelevant / Excessive Persona,0.1067,Vague / Missing Context,0.0941,21,0.292
7c95e6af72150cc07095e6e65c73b8ba,5,No Smell,0.2501,Vague / Missing Context,0.1082,Format Ambiguity,0.0929,Irrelevant / Excessive Persona,0.0845,39,0.292
7c95e6af72150cc07095e6e65c73b8ba,6,No Smell,0.2527,Format Ambiguity,0.1290,Unnecessary Repetition,0.1121,Overloaded Prompt,0.0818,36,0.291
a091cdd17ad40e3ee0eb5c1549ce4f08,2,No Smell,0.1627,Format Ambiguity,0.1250,Vague / Missing Context,0.1001,Conflicting Constraints,0.0915,28,0.294
a091cdd17ad40e3ee0eb5c1549ce4f08,3,No Smell,0.1762,Format Ambiguity,0.1264,Vague / Missing Context,0.1165,Ambiguous References,0.0907,18,0.291
9cd1eaa25dd9e5f8fc91562d1a67f466,1,Vague / Missing Context,0.1577,Format Ambiguity,0.1301,Overloaded Prompt,0.1268,Prompt Bloat / Convoluted Prompt,0.1069,4000,0.771
9cd1eaa25dd9e5f8fc91562d1a67f466,2,No Smell,0.1762,Format Ambiguity,0.1738,Vague / Missing Context,0.1443,Overloaded Prompt,0.0877,288,0.320
9cd1eaa25dd9e5f8fc91562d1a67f466,3,Format Ambiguity,0.1608,No Smell,0.1490,Vague / Missing Context,0.1345,Conflicting Constraints,0.0882,14,0.292
8390653367bc6d492ee432daa8306d4c,1,Vague / Missing Context,0.1742,No Smell,0.1541,Format Ambiguity,0.1304,Unnecessary Repetition,0.0839,36,0.291
8390653367bc6d492ee432daa8306d4c,2,Vague / Missing Context,0.1601,Format Ambiguity,0.1316,No Smell,0.1275,Ambiguous References,0.1145,53,0.292
1ccbd683e05bd106388ca6fb7da11fa3,1,No Smell,0.1695,Format Ambiguity,0.1370,Vague / Missing Context,0.1343,Ambiguous References,0.0873,51,0.292
1ccbd683e05bd106388ca6fb7da11fa3,3,Ambiguous References,0.1444,No Smell,0.1322,Format Ambiguity,0.1229,Vague / Missing Context,0.1165,28,0.292
1be3df9266ee3d8fc54b35f35415dc66,1,No Smell,0.1549,Ambiguous References,0.1311,Format Ambiguity,0.1113,Vague / Missing Context,0.0995,737,0.384
1be3df9266ee3d8fc54b35f35415dc66,2,Format Ambiguity,0.1786,No Smell,0.1466,Vague / Missing Context,0.1287,Overloaded Prompt,0.1041,73,0.293
1be3df9266ee3d8fc54b35f35415dc66,3,No Smell,0.1612,Format Ambiguity,0.1272,Vague / Missing Context,0.1145,Conflicting Constraints,0.1008,15,0.295
1be3df9266ee3d8fc54b35f35415dc66,4,No Smell,0.1928,Format Ambiguity,0.1170,Conflicting Constraints,0.1046,Overloaded Prompt,0.0904,92,0.293
1be3df9266ee3d8fc54b35f35415dc66,5,Format Ambiguity,0.1602,No Smell,0.1464,Ambiguous References,0.1108,Vague / Missing Context,0.1063,57,0.292
d03322d17bdda72c66f7090633d7ec6e,1,No Smell,0.1892,Format Ambiguity,0.1189,Irrelevant / Excessive Persona,0.1152,Formality / Audience Mismatch,0.1130,94,0.293
d03322d17bdda72c66f7090633d7ec6e,2,No Smell,0.1892,Format Ambiguity,0.1189,Irrelevant / Excessive Persona,0.1152,Formality / Audience Mismatch,0.1130,94,0.249
d03322d17bdda72c66f7090633d7ec6e,3,No Smell,0.1565,Unnecessary Repetition,0.1330,Vague / Missing Context,0.1086,Format Ambiguity,0.1009,27,0.292
5662ac6d992698f7e6f4e22a904ba35d,1,No Smell,0.2155,Irrelevant / Excessive Persona,0.1424,Ambiguous References,0.1145,Format Ambiguity,0.1141,63,0.293
5662ac6d992698f7e6f4e22a904ba35d,2,No Smell,0.1374,Irrelevant / Excessive Persona,0.1220,Ambiguous References,0.1080,Format Ambiguity,0.1021,28,0.292
5662ac6d992698f7e6f4e22a904ba35d,3,No Smell,0.2014,Vague / Missing Context,0.1622,Format Ambiguity,0.0948,Conflicting Constraints,0.0786,39,0.291
5662ac6d992698f7e6f4e22a904ba35d,4,No Smell,0.2060,Format Ambiguity,0.1473,Overloaded Prompt,0.1186,Irrelevant / Excessive Persona,0.0924,63,0.292
5662ac6d992698f7e6f4e22a904ba35d,5,Vague / Missing Context,0.1807,No Smell,0.1680,Format Ambiguity,0.1161,Conflicting Constraints,0.0952,106,0.293
5662ac6d992698f7e6f4e22a904ba35d,7,No Smell,0.1472,Ambiguous References,0.1290,Vague / Missing Context,0.1183,Format Ambiguity,0.1136,52,0.292
d18deec38f1ff055f69207908069a908,2,No Smell,0.1744,Format Ambiguity,0.1612,Overloaded Prompt,0.0905,Vague / Missing Context,0.0881,79,0.293
d18deec38f1ff055f69207908069a908,3,No Smell,0.1667,Format Ambiguity,0.1563,Vague / Missing Context,0.1295,Overloaded Prompt,0.1019,51,0.293
d18deec38f1ff055f69207908069a908,4,No Smell,0.1950,Format Ambiguity,0.1310,Vague / Missing Context,0.1002,Ambiguous References,0.0997,143,0.295
d18deec38f1ff055f69207908069a908,5,No Smell,0.2028,Format Ambiguity,0.1465,Overloaded Prompt,0.1018,Irrelevant / Excessive Persona,0.0971,89,0.294
d18deec38f1ff055f69207908069a908,6,No Smell,0.1892,Format Ambiguity,0.1223,Vague / Missing Context,0.1153,Unnecessary Repetition,0.0869,21,0.292
d18deec38f1ff055f69207908069a908,7,No Smell,0.1860,Format Ambiguity,0.1234,Irrelevant / Excessive Persona,0.1166,Bias / Loaded Framing,0.1096,82,0.293
d18deec38f1ff055f69207908069a908,8,No Smell,0.1592,Format Ambiguity,0.1377,Vague / Missing Context,0.1153,Overloaded Prompt,0.1125,26,0.291
d18deec38f1ff055f69207908069a908,9,Bias / Loaded Framing,0.2784,No Smell,0.1279,Vague / Missing Context,0.1027,Format Ambiguity,0.0977,59,0.292
70a47c082b8c41ee2e4386a263b5246f,1,No Smell,0.1756,Format Ambiguity,0.1273,Ambiguous References,0.0972,Unnecessary Repetition,0.0872,127,0.292
d80bc66c42e99d48cecd06ec5ce9684f,2,No Smell,0.1815,Format Ambiguity,0.1185,Ambiguous References,0.0966,Vague / Missing Context,0.0928,85,0.293
28bf3336eead2746fd0cc3aa18843748,1,No Smell,0.1549,Ambiguous References,0.1378,Format Ambiguity,0.1162,Prompt Bloat / Convoluted Prompt,0.0922,220,0.317
90828c2f843afbab5ddfa926d747e5e3,1,No Smell,0.2196,Format Ambiguity,0.1501,Vague / Missing Context,0.1333,Overloaded Prompt,0.0853,445,0.317
90828c2f843afbab5ddfa926d747e5e3,2,No Smell,0.1820,Vague / Missing Context,0.1784,Format Ambiguity,0.1443,Irrelevant / Excessive Persona,0.0776,45,0.292
0b93c325ffa4922071e2bf8baac90127,1,No Smell,0.1919,Format Ambiguity,0.1119,Irrelevant / Excessive Persona,0.1086,Unnecessary Repetition,0.0870,117,0.293
0b93c325ffa4922071e2bf8baac90127,2,Unnecessary Repetition,0.3798,No Smell,0.1486,Conflicting Constraints,0.0955,Irrelevant / Excessive Persona,0.0678,43,0.292
5135bffd1942b5fdff72b8fc6b312aea,1,Vague / Missing Context,0.1877,Format Ambiguity,0.1273,No Smell,0.1206,Overloaded Prompt,0.1085,97,0.294
332617cd8dacea323d39da0797756b56,1,No Smell,0.2225,Format Ambiguity,0.1121,Vague / Missing Context,0.1026,Unnecessary Repetition,0.0876,97,0.292
332617cd8dacea323d39da0797756b56,2,No Smell,0.1991,Vague / Missing Context,0.1413,Format Ambiguity,0.1253,Overloaded Prompt,0.0763,102,0.292
332617cd8dacea323d39da0797756b56,3,Bias / Loaded Framing,0.2218,No Smell,0.1865,Format Ambiguity,0.0922,Vague / Missing Context,0.0781,142,0.292
332617cd8dacea323d39da0797756b56,4,No Smell,0.1992,Format Ambiguity,0.1261,Vague / Missing Context,0.1072,Unnecessary Repetition,0.0889,19,0.292
332617cd8dacea323d39da0797756b56,5,No Smell,0.1755,Vague / Missing Context,0.1115,Format Ambiguity,0.1087,Unnecessary Repetition,0.0952,67,0.292
332617cd8dacea323d39da0797756b56,6,Vague / Missing Context,0.2144,Format Ambiguity,0.1687,No Smell,0.1328,Overloaded Prompt,0.0784,75,0.292
332617cd8dacea323d39da0797756b56,7,No Smell,0.1668,Vague / Missing Context,0.1561,Format Ambiguity,0.1351,Ambiguous References,0.1011,243,0.296
332617cd8dacea323d39da0797756b56,8,No Smell,0.2045,Format Ambiguity,0.1133,Vague / Missing Context,0.0963,Ambiguous References,0.0944,89,0.292
332617cd8dacea323d39da0797756b56,9,Format Ambiguity,0.1750,No Smell,0.1518,Vague / Missing Context,0.1453,Prompt Bloat / Convoluted Prompt,0.0776,118,0.292
18ef2b6165f6be02bb7e01e5b5a030cd,1,Format Ambiguity,0.2126,No Smell,0.1730,Vague / Missing Context,0.1661,Unnecessary Repetition,0.0708,34,0.292
4f81ad463688b636e60b65d0f59c7348,1,No Smell,0.1589,Format Ambiguity,0.1577,Vague / Missing Context,0.1031,Conflicting Constraints,0.0967,38,0.292
8cd8cad8269430a123c93b14ccf1e04b,1,No Smell,0.1589,Format Ambiguity,0.1577,Vague / Missing Context,0.1031,Conflicting Constraints,0.0967,38,0.249
8eef2117d28c37748d5a1d8966581ae4,1,No Smell,0.1589,Format Ambiguity,0.1577,Vague / Missing Context,0.1031,Conflicting Constraints,0.0967,38,0.249
7a689cbe389ad2827c1ab1944605c330,1,No Smell,0.1589,Format Ambiguity,0.1577,Vague / Missing Context,0.1031,Conflicting Constraints,0.0967,38,0.249
81252a543423daac194f3e7a2dd5195f,1,No Smell,0.1760,Format Ambiguity,0.1198,Vague / Missing Context,0.1093,Ambiguous References,0.1056,71,0.292
81252a543423daac194f3e7a2dd5195f,3,No Smell,0.1899,Format Ambiguity,0.1210,Ambiguous References,0.1032,Vague / Missing Context,0.0979,50,0.292
81252a543423daac194f3e7a2dd5195f,4,Format Ambiguity,0.1339,Ambiguous References,0.1291,No Smell,0.1209,Unnecessary Repetition,0.1090,1602,0.497
bde8c832a00f777723e825f7f8f343a4,1,Format Ambiguity,0.2059,Vague / Missing Context,0.1874,No Smell,0.1581,Overloaded Prompt,0.0994,26,0.292
28718cb6f3357f2ab176d9fd9e2c8a56,1,Format Ambiguity,0.1336,Ambiguous References,0.1286,No Smell,0.1221,Unnecessary Repetition,0.1095,1583,0.497
7d747f0648951acd91f74c3396285397,1,Format Ambiguity,0.1742,No Smell,0.1489,Ambiguous References,0.1305,Conflicting Constraints,0.1035,102,0.293
7d747f0648951acd91f74c3396285397,2,No Smell,0.1774,Vague / Missing Context,0.1239,Format Ambiguity,0.1222,Ambiguous References,0.0907,78,0.293
7d747f0648951acd91f74c3396285397,3,Format Ambiguity,0.1598,No Smell,0.1491,Irrelevant / Excessive Persona,0.1321,Overloaded Prompt,0.1165,93,0.293
7d747f0648951acd91f74c3396285397,4,Vague / Missing Context,0.1759,No Smell,0.1672,Format Ambiguity,0.1531,Prompt Bloat / Convoluted Prompt,0.0737,49,0.292
7d747f0648951acd91f74c3396285397,5,No Smell,0.2117,Vague / Missing Context,0.1928,Format Ambiguity,0.1154,Unnecessary Repetition,0.0788,60,0.292
7d747f0648951acd91f74c3396285397,6,No Smell,0.1502,Vague / Missing Context,0.1347,Conflicting Constraints,0.1242,Format Ambiguity,0.1093,222,0.296
7d747f0648951acd91f74c3396285397,7,No Smell,0.1710,Vague / Missing Context,0.1253,Format Ambiguity,0.1137,Bias / Loaded Framing,0.1108,188,0.296
bb3f5ac78492cd99217a1ce6b4ff3618,1,Format Ambiguity,0.1336,Ambiguous References,0.1286,No Smell,0.1221,Unnecessary Repetition,0.1095,1583,0.497
f24d69342cb212e039df965f4cf0e33b,1,No Smell,0.1765,Format Ambiguity,0.1469,Vague / Missing Context,0.1457,Overloaded Prompt,0.0921,147,0.293
275080b290a2c4c098709b7dafe7bdeb,1,No Smell,0.1820,Vague / Missing Context,0.1784,Format Ambiguity,0.1443,Irrelevant / Excessive Persona,0.0776,45,0.291
275080b290a2c4c098709b7dafe7bdeb,2,Vague / Missing Context,0.1875,No Smell,0.1867,Format Ambiguity,0.1401,Irrelevant / Excessive Persona,0.0739,41,0.291
275080b290a2c4c098709b7dafe7bdeb,3,Vague / Missing Context,0.1949,No Smell,0.1822,Format Ambiguity,0.1382,Irrelevant / Excessive Persona,0.0746,44,0.291
275080b290a2c4c098709b7dafe7bdeb,4,Vague / Missing Context,0.2098,No Smell,0.1739,Format Ambiguity,0.1332,Irrelevant / Excessive Persona,0.0755,36,0.291
275080b290a2c4c098709b7dafe7bdeb,5,No Smell,0.1820,Vague / Missing Context,0.1784,Format Ambiguity,0.1443,Irrelevant / Excessive Persona,0.0776,45,0.249
c875638a81fdfe07b13ba25783db5270,1,No Smell,0.1788,Format Ambiguity,0.1256,Unnecessary Repetition,0.1179,Vague / Missing Context,0.1124,1093,0.398
ff31211b619d1520467094a33d0939f1,1,No Smell,0.1788,Format Ambiguity,0.1256,Unnecessary Repetition,0.1179,Vague / Missing Context,0.1124,1093,0.252
709fe14d2939b7de98f7d42194944c64,1,No Smell,0.1882,Irrelevant / Excessive Persona,0.1152,Format Ambiguity,0.1048,Unnecessary Repetition,0.1038,33,0.292
dd67e7191f8ac6eeda20836e6243f726,1,No Smell,0.1168,Conflicting Constraints,0.1167,Format Ambiguity,0.1103,Prompt Bloat / Convoluted Prompt,0.1092,3980,0.655
e9fee8047359fb2b1cda041e036bfc54,1,No Smell,0.1168,Conflicting Constraints,0.1167,Format Ambiguity,0.1103,Prompt Bloat / Convoluted Prompt,0.1092,3980,0.260
4c6d62d7d604a92dfd4a907ce558fdc2,2,No Smell,0.1652,Format Ambiguity,0.1322,Vague / Missing Context,0.1054,Unnecessary Repetition,0.0893,15,0.292
4c6d62d7d604a92dfd4a907ce558fdc2,3,No Smell,0.1859,Format Ambiguity,0.1610,Vague / Missing Context,0.1218,Overloaded Prompt,0.0856,167,0.294
95d1673a83811f11ef209d86d4511acb,1,No Smell,0.2118,Vague / Missing Context,0.1481,Format Ambiguity,0.1165,Unnecessary Repetition,0.0828,71,0.292
6bfef795a9625dcb39f64b258a7e7ebb,1,No Smell,0.1859,Format Ambiguity,0.1200,Ambiguous References,0.1013,Vague / Missing Context,0.0991,65,0.291
c4273b2dc6a1d4ea3ae8734dcdb5cfc6,1,Vague / Missing Context,0.1904,No Smell,0.1863,Format Ambiguity,0.1293,Unnecessary Repetition,0.0762,321,0.320
08dd45baf986348e5caa45ffd699312d,1,No Smell,0.1712,Vague / Missing Context,0.1195,Format Ambiguity,0.1029,Unnecessary Repetition,0.0944,74,0.292
babbe2c62ec6174580ea6bd6fc7e169b,1,No Smell,0.1800,Format Ambiguity,0.1230,Vague / Missing Context,0.1111,Ambiguous References,0.1015,71,0.292
fa2276ce549d5061e7e1b9a6a8c0d652,1,No Smell,0.1880,Format Ambiguity,0.1218,Vague / Missing Context,0.1020,Ambiguous References,0.0960,65,0.292
dc415abe44e6ea0a843c47470a1985c0,1,No Smell,0.1820,Vague / Missing Context,0.1784,Format Ambiguity,0.1443,Irrelevant / Excessive Persona,0.0776,45,0.291
dc415abe44e6ea0a843c47470a1985c0,2,Vague / Missing Context,0.1983,No Smell,0.1804,Format Ambiguity,0.1389,Irrelevant / Excessive Persona,0.0726,40,0.292
dc415abe44e6ea0a843c47470a1985c0,3,Vague / Missing Context,0.1949,No Smell,0.1822,Format Ambiguity,0.1382,Irrelevant / Excessive Persona,0.0746,44,0.292
dc415abe44e6ea0a843c47470a1985c0,4,Vague / Missing Context,0.2098,No Smell,0.1739,Format Ambiguity,0.1332,Irrelevant / Excessive Persona,0.0755,36,0.291
c37d0bffd0e1ad316c646906a2afef4e,1,No Smell,0.1464,Vague / Missing Context,0.1221,Format Ambiguity,0.1162,Ambiguous References,0.0909,21,0.291
c37d0bffd0e1ad316c646906a2afef4e,2,No Smell,0.1551,Format Ambiguity,0.1115,Vague / Missing Context,0.1111,Ambiguous References,0.1038,7,0.293
c37d0bffd0e1ad316c646906a2afef4e,3,No Smell,0.1719,Format Ambiguity,0.1263,Ambiguous References,0.1106,Conflicting Constraints,0.0979,10,0.293
65100e865b1ec38612458c52d5c02dd3,1,Format Ambiguity,0.1339,Ambiguous References,0.1291,No Smell,0.1209,Unnecessary Repetition,0.1090,1602,0.497
588db44bb874198ab425ce6981c21a6a,1,Format Ambiguity,0.1358,Ambiguous References,0.1291,No Smell,0.1271,Unnecessary Repetition,0.1050,1602,0.497
6a834581df08b5d2771eefedc6dae3f7,1,No Smell,0.1914,Ambiguous References,0.1554,Format Ambiguity,0.1340,Vague / Missing Context,0.0800,106,0.293
6a834581df08b5d2771eefedc6dae3f7,2,No Smell,0.1975,Unnecessary Repetition,0.1019,Format Ambiguity,0.0962,Vague / Missing Context,0.0911,13,0.292
6a834581df08b5d2771eefedc6dae3f7,3,Vague / Missing Context,0.1589,No Smell,0.1299,Format Ambiguity,0.1041,Unnecessary Repetition,0.0924,50,0.292
6a834581df08b5d2771eefedc6dae3f7,4,No Smell,0.2115,Format Ambiguity,0.1552,Overloaded Prompt,0.1163,Unnecessary Repetition,0.0790,89,0.293
6a834581df08b5d2771eefedc6dae3f7,5,No Smell,0.1894,Format Ambiguity,0.1271,Irrelevant / Excessive Persona,0.1147,Overloaded Prompt,0.0967,44,0.292
6a834581df08b5d2771eefedc6dae3f7,6,No Smell,0.1594,Ambiguous References,0.1305,Format Ambiguity,0.1190,Vague / Missing Context,0.0954,38,0.291
6a834581df08b5d2771eefedc6dae3f7,7,No Smell,0.2068,Format Ambiguity,0.1218,Conflicting Constraints,0.1020,Unnecessary Repetition,0.0890,36,0.292
6a834581df08b5d2771eefedc6dae3f7,8,No Smell,0.1594,Vague / Missing Context,0.1481,Format Ambiguity,0.1477,Unnecessary Repetition,0.0843,102,0.292
6a834581df08b5d2771eefedc6dae3f7,9,No Smell,0.1611,Format Ambiguity,0.1094,Conflicting Constraints,0.1078,Unnecessary Repetition,0.1017,21,0.292
6a834581df08b5d2771eefedc6dae3f7,10,No Smell,0.1410,Format Ambiguity,0.1247,Vague / Missing Context,0.1246,Unnecessary Repetition,0.1146,87,0.293
6a834581df08b5d2771eefedc6dae3f7,11,Unnecessary Repetition,0.2364,No Smell,0.1292,Format Ambiguity,0.0954,Conflicting Constraints,0.0853,78,0.292
6a834581df08b5d2771eefedc6dae3f7,12,No Smell,0.1455,Format Ambiguity,0.1329,Vague / Missing Context,0.1078,Irrelevant / Excessive Persona,0.0976,130,0.294
c929294b5d38b7cd515f80171fcdcfe9,1,Vague / Missing Context,0.2224,No Smell,0.1317,Format Ambiguity,0.1299,Overloaded Prompt,0.0767,173,0.294
c929294b5d38b7cd515f80171fcdcfe9,2,Format Ambiguity,0.1913,Vague / Missing Context,0.1276,Overloaded Prompt,0.1130,Conflicting Constraints,0.1021,74,0.292
c929294b5d38b7cd515f80171fcdcfe9,3,Overloaded Prompt,0.1705,No Smell,0.1476,Format Ambiguity,0.1254,Ambiguous References,0.1078,38,0.291
c929294b5d38b7cd515f80171fcdcfe9,4,Format Ambiguity,0.1698,No Smell,0.1600,Vague / Missing Context,0.1321,Overloaded Prompt,0.1050,108,0.292
c929294b5d38b7cd515f80171fcdcfe9,5,No Smell,0.1538,Conflicting Constraints,0.1336,Unnecessary Repetition,0.1136,Prompt Bloat / Convoluted Prompt,0.1042,21,0.292
c929294b5d38b7cd515f80171fcdcfe9,6,Vague / Missing Context,0.3275,No Smell,0.1598,Format Ambiguity,0.1255,Ambiguous References,0.0653,70,0.292
c929294b5d38b7cd515f80171fcdcfe9,7,Vague / Missing Context,0.1782,Format Ambiguity,0.1676,No Smell,0.1470,Overloaded Prompt,0.1175,44,0.291
5950fc875ec2779b679982411563ca49,1,Overloaded Prompt,0.2119,Format Ambiguity,0.1784,No Smell,0.1320,Irrelevant / Excessive Persona,0.1235,97,0.292
fdaf88b5a981137744e84b7aeee0df2e,1,No Smell,0.2668,Format Ambiguity,0.1080,Ambiguous References,0.0857,Conflicting Constraints,0.0832,122,0.293
fdaf88b5a981137744e84b7aeee0df2e,2,No Smell,0.1386,Vague / Missing Context,0.1241,Ambiguous References,0.1219,Format Ambiguity,0.0995,45,0.292
fdaf88b5a981137744e84b7aeee0df2e,3,No Smell,0.1937,Ambiguous References,0.1146,Vague / Missing Context,0.1031,Format Ambiguity,0.0991,44,0.292
fdaf88b5a981137744e84b7aeee0df2e,4,No Smell,0.2141,Format Ambiguity,0.1083,Vague / Missing Context,0.0991,Conflicting Constraints,0.0963,55,0.291
c111c7af2f62baf1e9f9d7528ee7259f,1,No Smell,0.1677,Format Ambiguity,0.1218,Vague / Missing Context,0.1154,Ambiguous References,0.1093,37,0.292
c111c7af2f62baf1e9f9d7528ee7259f,2,Format Ambiguity,0.1340,Ambiguous References,0.1234,No Smell,0.1233,Unnecessary Repetition,0.1106,1615,0.497
c111c7af2f62baf1e9f9d7528ee7259f,3,No Smell,0.1945,Format Ambiguity,0.1191,Vague / Missing Context,0.0960,Ambiguous References,0.0905,74,0.292
c111c7af2f62baf1e9f9d7528ee7259f,5,No Smell,0.1802,Format Ambiguity,0.1298,Vague / Missing Context,0.1206,Ambiguous References,0.0895,59,0.292
fdabb9accb10c46fbeb9b20911613eea,1,No Smell,0.1918,Irrelevant / Excessive Persona,0.1181,Format Ambiguity,0.1159,Vague / Missing Context,0.1020,38,0.292
fdabb9accb10c46fbeb9b20911613eea,2,Vague / Missing Context,0.1428,No Smell,0.1399,Format Ambiguity,0.1190,Conflicting Constraints,0.0980,6,0.292
fdabb9accb10c46fbeb9b20911613eea,3,No Smell,0.1312,Vague / Missing Context,0.1193,Format Ambiguity,0.1188,Unnecessary Repetition,0.1121,18,0.291
fdabb9accb10c46fbeb9b20911613eea,5,Format Ambiguity,0.1817,No Smell,0.1652,Vague / Missing Context,0.1413,Overloaded Prompt,0.0767,56,0.292
fdabb9accb10c46fbeb9b20911613eea,6,Irrelevant / Excessive Persona,0.1402,No Smell,0.1278,Format Ambiguity,0.1176,Vague / Missing Context,0.1081,39,0.292
fdabb9accb10c46fbeb9b20911613eea,7,Format Ambiguity,0.1506,Vague / Missing Context,0.1430,No Smell,0.1215,Ambiguous References,0.0989,98,0.293
fb0dbf70dcc1838fcbd6030e25823d04,2,No Smell,0.1593,Bias / Loaded Framing,0.1307,Vague / Missing Context,0.1177,Format Ambiguity,0.0961,86,0.293
ce93a458b5d27074dc7fc33bbd33b924,1,No Smell,0.1453,Vague / Missing Context,0.1274,Ambiguous References,0.0979,Format Ambiguity,0.0948,40,0.292
1a906a8b8313989e62b58f0cb0ca3a5a,1,Vague / Missing Context,0.2426,No Smell,0.1370,Format Ambiguity,0.1335,Overloaded Prompt,0.0691,173,0.294
1a906a8b8313989e62b58f0cb0ca3a5a,2,Format Ambiguity,0.1913,Vague / Missing Context,0.1276,Overloaded Prompt,0.1130,Conflicting Constraints,0.1021,74,0.292
1a906a8b8313989e62b58f0cb0ca3a5a,3,Vague / Missing Context,0.1829,No Smell,0.1578,Format Ambiguity,0.1551,Overloaded Prompt,0.1059,52,0.291
1a906a8b8313989e62b58f0cb0ca3a5a,4,Vague / Missing Context,0.1938,No Smell,0.1636,Format Ambiguity,0.1440,Overloaded Prompt,0.1303,46,0.292
1a906a8b8313989e62b58f0cb0ca3a5a,5,Format Ambiguity,0.1618,Vague / Missing Context,0.1513,No Smell,0.1372,Overloaded Prompt,0.1231,46,0.293
1a906a8b8313989e62b58f0cb0ca3a5a,6,Overloaded Prompt,0.2488,No Smell,0.1218,Format Ambiguity,0.1199,Prompt Bloat / Convoluted Prompt,0.1073,64,0.291
1a906a8b8313989e62b58f0cb0ca3a5a,7,No Smell,0.2031,Format Ambiguity,0.1079,Ambiguous References,0.1052,Vague / Missing Context,0.0905,55,0.291
2a0fa6a16e4a3e9a359af9be5af35995,1,No Smell,0.2351,Format Ambiguity,0.1767,Irrelevant / Excessive Persona,0.0871,Overloaded Prompt,0.0825,49,0.292
2a0fa6a16e4a3e9a359af9be5af35995,2,No Smell,0.1518,Vague / Missing Context,0.1371,Format Ambiguity,0.1262,Bias / Loaded Framing,0.0925,67,0.292
2a0fa6a16e4a3e9a359af9be5af35995,3,No Smell,0.1914,Format Ambiguity,0.1808,Irrelevant / Excessive Persona,0.0865,Vague / Missing Context,0.0862,26,0.292
cc68c30ac5142b39d3629958bbdb2ba9,1,No Smell,0.1730,Format Ambiguity,0.1168,Vague / Missing Context,0.1084,Ambiguous References,0.1058,9,0.291
f90390e23423b79f452e091ee5040cd5,1,Format Ambiguity,0.2037,No Smell,0.1343,Vague / Missing Context,0.1315,Irrelevant / Excessive Persona,0.0980,55,0.291
c740ed5705bb625d21b162c7ab99af34,1,No Smell,0.1571,Format Ambiguity,0.1300,Ambiguous References,0.1090,Overloaded Prompt,0.1037,868,0.390
d97cde2f824eef059d083d3f03cd0b2c,1,No Smell,0.1615,Irrelevant / Excessive Persona,0.1386,Format Ambiguity,0.1281,Ambiguous References,0.1179,37,0.292
927efbef28d8b70e585b546e5fed835c,1,Vague / Missing Context,0.1949,No Smell,0.1822,Format Ambiguity,0.1382,Irrelevant / Excessive Persona,0.0746,44,0.291
927efbef28d8b70e585b546e5fed835c,2,Vague / Missing Context,0.2123,No Smell,0.1796,Format Ambiguity,0.1627,Irrelevant / Excessive Persona,0.0741,45,0.292
927efbef28d8b70e585b546e5fed835c,3,Vague / Missing Context,0.1864,No Smell,0.1708,Format Ambiguity,0.1429,Irrelevant / Excessive Persona,0.0747,37,0.292
927efbef28d8b70e585b546e5fed835c,4,Vague / Missing Context,0.1819,No Smell,0.1762,Format Ambiguity,0.1434,Irrelevant / Excessive Persona,0.0760,43,0.292
cc2e385dde7ab9aa4ac16afc50f510e7,1,Vague / Missing Context,0.1757,No Smell,0.1728,Format Ambiguity,0.1449,Overloaded Prompt,0.0862,132,0.295
cc2e385dde7ab9aa4ac16afc50f510e7,2,Ambiguous References,0.2029,No Smell,0.1454,Vague / Missing Context,0.1122,Format Ambiguity,0.1078,66,0.292
cc2e385dde7ab9aa4ac16afc50f510e7,3,No Smell,0.1444,Ambiguous References,0.1187,Format Ambiguity,0.1125,Vague / Missing Context,0.1048,36,0.292
cc2e385dde7ab9aa4ac16afc50f510e7,4,No Smell,0.1730,Vague / Missing Context,0.1397,Format Ambiguity,0.1232,Irrelevant / Excessive Persona,0.0877,52,0.291
cc2e385dde7ab9aa4ac16afc50f510e7,5,No Smell,0.1474,Format Ambiguity,0.1297,Vague / Missing Context,0.1213,Unnecessary Repetition,0.1069,82,0.292
90455cdaae5389e5cacfd67c489045ec,1,Vague / Missing Context,0.1766,Format Ambiguity,0.1681,No Smell,0.1349,Overloaded Prompt,0.1112,190,0.295
90455cdaae5389e5cacfd67c489045ec,2,Overloaded Prompt,0.3166,Format Ambiguity,0.1406,No Smell,0.1221,Vague / Missing Context,0.1018,135,0.292
bb6b25b4b50d2bd4b3cdab13c648da54,1,No Smell,0.1839,Format Ambiguity,0.1182,Vague / Missing Context,0.1008,Unnecessary Repetition,0.0932,10,0.292
bf7cbee6d057d880a4017b0a261c9af8,1,Format Ambiguity,0.2163,No Smell,0.1663,Vague / Missing Context,0.1375,Overloaded Prompt,0.0862,108,0.292
bf7cbee6d057d880a4017b0a261c9af8,2,Vague / Missing Context,0.1885,Format Ambiguity,0.1755,No Smell,0.1290,Irrelevant / Excessive Persona,0.0909,118,0.292
bece629dbea88fdcad24293df48f6b75,2,No Smell,0.1820,Format Ambiguity,0.1161,Vague / Missing Context,0.1106,Ambiguous References,0.0903,13,0.293
ab33109550534875b81763727d836d3b,1,Format Ambiguity,0.1316,No Smell,0.1308,Vague / Missing Context,0.1247,Ambiguous References,0.1191,1692,0.496
1e53da117000595ce2723a55f29f4a78,1,No Smell,0.2273,Vague / Missing Context,0.1290,Format Ambiguity,0.1026,Unnecessary Repetition,0.0880,58,0.292
1e53da117000595ce2723a55f29f4a78,2,No Smell,0.2019,Format Ambiguity,0.1476,Irrelevant / Excessive Persona,0.0928,Vague / Missing Context,0.0919,96,0.293
e5929fc4a5ae4cece00ec811c95a27c5,1,Format Ambiguity,0.2125,No Smell,0.1621,Vague / Missing Context,0.1201,Irrelevant / Excessive Persona,0.0857,75,0.292
e5929fc4a5ae4cece00ec811c95a27c5,2,Overloaded Prompt,0.2127,Format Ambiguity,0.1346,Vague / Missing Context,0.1218,No Smell,0.1181,2212,0.515
a7766f48a8c83052e6a48c4106ece0e2,1,Format Ambiguity,0.1292,No Smell,0.1292,Vague / Missing Context,0.1201,Ambiguous References,0.1096,2380,0.614
f7f8c79c3ff42ee60135177360210a4d,1,Format Ambiguity,0.1954,Vague / Missing Context,0.1926,No Smell,0.1462,Irrelevant / Excessive Persona,0.0755,38,0.291
ec465292e8211536cc05bc384bbfe1e2,1,Format Ambiguity,0.1826,Vague / Missing Context,0.1746,Overloaded Prompt,0.1724,No Smell,0.1083,231,0.296
ec465292e8211536cc05bc384bbfe1e2,2,Overloaded Prompt,0.3196,Format Ambiguity,0.1480,Vague / Missing Context,0.1163,No Smell,0.1135,224,0.296
ec465292e8211536cc05bc384bbfe1e2,3,Vague / Missing Context,0.1309,Unnecessary Repetition,0.1243,Conflicting Constraints,0.1162,Prompt Bloat / Convoluted Prompt,0.1042,45,0.291
ec465292e8211536cc05bc384bbfe1e2,4,Vague / Missing Context,0.2009,Format Ambiguity,0.1144,Unnecessary Repetition,0.0930,Conflicting Constraints,0.0911,108,0.292
47f58486d3bcf4a78bba991063a6f7dc,1,No Smell,0.1279,Format Ambiguity,0.1214,Overloaded Prompt,0.1165,Ambiguous References,0.1014,571,0.383
c7a198a487108b77be5744b28186c0a6,1,Format Ambiguity,0.1292,No Smell,0.1292,Vague / Missing Context,0.1201,Ambiguous References,0.1096,2380,0.614
a2d4ba3336f8ec1fba047ddfb4112175,2,No Smell,0.2168,Format Ambiguity,0.1493,Vague / Missing Context,0.1070,Overloaded Prompt,0.0898,75,0.292
9f574e8cbcbfe27c9370856cbb62c175,1,No Smell,0.2038,Format Ambiguity,0.1246,Vague / Missing Context,0.1082,Ambiguous References,0.1073,63,0.292
406032a9040c5891d87aad42aace2fd4,1,Vague / Missing Context,0.1650,Ambiguous References,0.1631,Format Ambiguity,0.1221,No Smell,0.1086,193,0.296
10c976dc22e6fe2e1a630164a53d8c3f,1,Overloaded Prompt,0.1242,No Smell,0.1202,Format Ambiguity,0.1042,Prompt Bloat / Convoluted Prompt,0.1038,341,0.317
caa7862aa9f1e283e06607663aa3d0e9,1,Ambiguous References,0.1416,Vague / Missing Context,0.1364,No Smell,0.1315,Format Ambiguity,0.1263,365,0.323
4dd2b69870dab815bc9a4a7ee2e976b2,1,Ambiguous References,0.1416,Vague / Missing Context,0.1364,No Smell,0.1315,Format Ambiguity,0.1263,365,0.250
7f88a7cd856afae2a90fd9b4d531c249,1,Ambiguous References,0.1396,Vague / Missing Context,0.1350,No Smell,0.1319,Format Ambiguity,0.1244,358,0.323
bdceb943fe53af655ad7ca2507055455,1,No Smell,0.1852,Format Ambiguity,0.1329,Overloaded Prompt,0.1269,Vague / Missing Context,0.0929,48,0.291
bdceb943fe53af655ad7ca2507055455,2,Conflicting Constraints,0.1249,No Smell,0.1234,Unnecessary Repetition,0.1143,Irrelevant / Excessive Persona,0.0985,30,0.291
bdceb943fe53af655ad7ca2507055455,3,Vague / Missing Context,0.2316,Format Ambiguity,0.1242,No Smell,0.1172,Ambiguous References,0.0940,50,0.292
bdceb943fe53af655ad7ca2507055455,4,No Smell,0.1611,Vague / Missing Context,0.1279,Format Ambiguity,0.1162,Ambiguous References,0.0995,26,0.291
b9866548d8b356078840887ee2524e07,1,Vague / Missing Context,0.1521,Ambiguous References,0.1469,No Smell,0.1217,Format Ambiguity,0.1193,956,0.398
e8f28266fc5bb4e01b4d19c5f6ddda90,1,Vague / Missing Context,0.1742,Ambiguous References,0.1490,Format Ambiguity,0.1172,No Smell,0.1158,1015,0.401
90998a958f800a774b65b58b2695b282,1,Ambiguous References,0.1500,Vague / Missing Context,0.1494,Format Ambiguity,0.1226,No Smell,0.1185,1236,0.423
5aebcac7a3e2829625c06447b027eb3c,1,No Smell,0.1704,Format Ambiguity,0.1459,Vague / Missing Context,0.1388,Irrelevant / Excessive Persona,0.0849,32,0.297
44894a0f06ee4d7c828c551910577f51,2,Ambiguous References,0.2926,Format Ambiguity,0.1705,Vague / Missing Context,0.1306,No Smell,0.0921,24,0.294
231c609cb9e36059e5e72e28b3656c54,1,Ambiguous References,0.1507,Vague / Missing Context,0.1386,Format Ambiguity,0.1209,No Smell,0.1152,1743,0.497
869865636919ac70c7994b4a9f3e63ba,1,Ambiguous References,0.1508,No Smell,0.1232,Format Ambiguity,0.1225,Vague / Missing Context,0.1213,2240,0.581
eed6fd491343eaddbbeca7091a148c1d,1,Vague / Missing Context,0.2221,No Smell,0.2018,Format Ambiguity,0.1273,Unnecessary Repetition,0.0812,23,0.292
0300168fb61a1ea65ee9ac203ae9add2,1,Ambiguous References,0.1418,Format Ambiguity,0.1269,No Smell,0.1208,Vague / Missing Context,0.1180,4000,0.755
e9a662a9e6700fa2063c5d873cebb461,1,No Smell,0.1480,Format Ambiguity,0.1130,Vague / Missing Context,0.1083,Ambiguous References,0.1025,13,0.292
839ff9751f0e7f12ebf36ec605f501e9,1,No Smell,0.1760,Vague / Missing Context,0.1143,Irrelevant / Excessive Persona,0.1033,Format Ambiguity,0.1021,26,0.291
b2a1665527bf3b1e8e156262e947ca73,1,Ambiguous References,0.1418,Format Ambiguity,0.1269,No Smell,0.1208,Vague / Missing Context,0.1180,4000,0.262
9c14680c9c15c331e97522d31ab00237,1,Ambiguous References,0.1418,Format Ambiguity,0.1269,No Smell,0.1208,Vague / Missing Context,0.1180,4000,0.262
284b0e6dddd837f1310a537b1bee78b7,1,No Smell,0.1777,Vague / Missing Context,0.1533,Format Ambiguity,0.1261,Irrelevant / Excessive Persona,0.0832,41,0.292
4771c8eac4157c2bcf2ead12f340a19d,1,Vague / Missing Context,0.1650,No Smell,0.1384,Format Ambiguity,0.1143,Overloaded Prompt,0.1132,3874,0.624
4771c8eac4157c2bcf2ead12f340a19d,2,No Smell,0.1538,Ambiguous References,0.1421,Format Ambiguity,0.1330,Vague / Missing Context,0.0923,43,0.291
4771c8eac4157c2bcf2ead12f340a19d,3,Unnecessary Repetition,0.1599,No Smell,0.1268,Conflicting Constraints,0.1206,Vague / Missing Context,0.1038,25,0.293
4771c8eac4157c2bcf2ead12f340a19d,4,Ambiguous References,0.1372,No Smell,0.1323,Format Ambiguity,0.1180,Conflicting Constraints,0.1044,58,0.293
4771c8eac4157c2bcf2ead12f340a19d,5,No Smell,0.1787,Unnecessary Repetition,0.1255,Format Ambiguity,0.1211,Vague / Missing Context,0.0914,10,0.292
f1c15271d72b0dbd7fec09d29b7ffb0e,1,No Smell,0.1799,Vague / Missing Context,0.1359,Format Ambiguity,0.1257,Ambiguous References,0.1036,25,0.292
f1c15271d72b0dbd7fec09d29b7ffb0e,2,No Smell,0.1745,Vague / Missing Context,0.1411,Format Ambiguity,0.1381,Irrelevant / Excessive Persona,0.0865,41,0.292
f1c15271d72b0dbd7fec09d29b7ffb0e,3,Ambiguous References,0.1757,No Smell,0.1241,Vague / Missing Context,0.1178,Format Ambiguity,0.1004,41,0.292
064ef9a24dd6eb77b472243a92d2abcb,1,Ambiguous References,0.1418,Format Ambiguity,0.1269,No Smell,0.1208,Vague / Missing Context,0.1180,4000,0.755
f81c874ee7a8f5bcf63e6c171264d83b,1,Vague / Missing Context,0.1547,No Smell,0.1500,Format Ambiguity,0.1268,Unnecessary Repetition,0.0820,59,0.292
d6c9731f13e11a3e3af4a424bdf049d5,1,No Smell,0.1878,Format Ambiguity,0.1806,Vague / Missing Context,0.1673,Unnecessary Repetition,0.0811,286,0.319
b9d40431992c38ca77909736622dbac2,1,No Smell,0.1650,Vague / Missing Context,0.1488,Format Ambiguity,0.1229,Irrelevant / Excessive Persona,0.0823,37,0.292
3398cd6c7db8038e8bbfd050398ca59a,1,Format Ambiguity,0.1783,No Smell,0.1682,Vague / Missing Context,0.1671,Unnecessary Repetition,0.0863,332,0.320
74e523b459af860cf6d9c372a0c56d1a,1,Ambiguous References,0.1418,Format Ambiguity,0.1269,No Smell,0.1208,Vague / Missing Context,0.1180,4000,0.755
fc66d5e9383dd7589bed5f764bc1e88b,1,No Smell,0.1753,Format Ambiguity,0.1741,Vague / Missing Context,0.1591,Unnecessary Repetition,0.0852,401,0.323
3a571fe8a8723a67bb8ad4dfb371d2b5,1,No Smell,0.1932,Vague / Missing Context,0.1923,Format Ambiguity,0.1378,Unnecessary Repetition,0.0728,73,0.293
3a571fe8a8723a67bb8ad4dfb371d2b5,2,No Smell,0.1499,Vague / Missing Context,0.1447,Format Ambiguity,0.1198,Unnecessary Repetition,0.0932,62,0.292
26dc7e393129c92547c27f36d8fba83d,3,Format Ambiguity,0.1435,No Smell,0.1354,Vague / Missing Context,0.1150,Ambiguous References,0.1130,98,0.295
4b8a8bca9771ef8bcb95ba1f4211ec7f,2,No Smell,0.2020,Format Ambiguity,0.1181,Vague / Missing Context,0.1026,Unnecessary Repetition,0.0867,25,0.292
4b8a8bca9771ef8bcb95ba1f4211ec7f,3,No Smell,0.1969,Format Ambiguity,0.1635,Vague / Missing Context,0.1104,Unnecessary Repetition,0.0828,29,0.291
b4f7d69f8d95e031760881eb3c8b6b6d,1,No Smell,0.1876,Format Ambiguity,0.1442,Irrelevant / Excessive Persona,0.1017,Vague / Missing Context,0.0979,180,0.296
b4f7d69f8d95e031760881eb3c8b6b6d,2,No Smell,0.2128,Format Ambiguity,0.1371,Irrelevant / Excessive Persona,0.1158,Vague / Missing Context,0.0966,141,0.292
b4f7d69f8d95e031760881eb3c8b6b6d,3,No Smell,0.1634,Format Ambiguity,0.1540,Vague / Missing Context,0.1392,Overloaded Prompt,0.0846,200,0.295
b4f7d69f8d95e031760881eb3c8b6b6d,4,No Smell,0.1492,Format Ambiguity,0.1380,Unnecessary Repetition,0.1326,Vague / Missing Context,0.1063,75,0.292
b4f7d69f8d95e031760881eb3c8b6b6d,5,No Smell,0.1479,Format Ambiguity,0.1223,Vague / Missing Context,0.1139,Unnecessary Repetition,0.1072,43,0.291
b4f7d69f8d95e031760881eb3c8b6b6d,6,No Smell,0.1816,Format Ambiguity,0.1563,Vague / Missing Context,0.1111,Overloaded Prompt,0.1088,160,0.295
b4f7d69f8d95e031760881eb3c8b6b6d,7,No Smell,0.1774,Format Ambiguity,0.1386,Vague / Missing Context,0.1053,Unnecessary Repetition,0.0921,186,0.295
ee1480e6068c4353f782e50f4e7585a2,1,Ambiguous References,0.1418,Format Ambiguity,0.1269,No Smell,0.1208,Vague / Missing Context,0.1180,4000,0.755
12e88ef88b7c3ab1aa800e4a6c6ecb63,1,No Smell,0.1754,Irrelevant / Excessive Persona,0.1251,Format Ambiguity,0.1135,Ambiguous References,0.1086,59,0.292
6b1cbb6b8fd2d1c201610f661f1e88b7,1,Vague / Missing Context,0.1613,No Smell,0.1585,Format Ambiguity,0.1217,Ambiguous References,0.1028,42,0.291
16db4c53967461132be43f140c919c51,1,No Smell,0.1802,Irrelevant / Excessive Persona,0.1121,Format Ambiguity,0.1099,Ambiguous References,0.1089,63,0.292
2c0959ff82361c7b61d37832d6c8410d,1,Ambiguous References,0.1418,Format Ambiguity,0.1269,No Smell,0.1208,Vague / Missing Context,0.1180,4000,0.262
de91ad53da973ef72d6ad773250302a6,1,No Smell,0.1810,Irrelevant / Excessive Persona,0.1316,Format Ambiguity,0.1067,Ambiguous References,0.1036,73,0.293
e791a9b05e378096b23cacc9767c1dae,1,No Smell,0.1785,Format Ambiguity,0.1646,Vague / Missing Context,0.1178,Overloaded Prompt,0.0943,80,0.293
e791a9b05e378096b23cacc9767c1dae,2,No Smell,0.1605,Vague / Missing Context,0.1346,Format Ambiguity,0.1151,Ambiguous References,0.1096,43,0.292
cf71b69b0863da2cead2edd3a0e67ea0,1,Format Ambiguity,0.1793,No Smell,0.1674,Vague / Missing Context,0.1621,Unnecessary Repetition,0.0851,528,0.329
9d5072f555d031441d273416847a8b50,1,No Smell,0.1811,Irrelevant / Excessive Persona,0.1188,Format Ambiguity,0.1119,Ambiguous References,0.1043,80,0.293
9d5072f555d031441d273416847a8b50,2,No Smell,0.1779,Irrelevant / Excessive Persona,0.1192,Format Ambiguity,0.1102,Ambiguous References,0.1045,80,0.293
ad5088c43803f7c4855684fac55d5ced,1,No Smell,0.2012,Format Ambiguity,0.1147,Ambiguous References,0.0974,Irrelevant / Excessive Persona,0.0965,106,0.293
e52304f034cfdda521fde31c44593774,2,Format Ambiguity,0.1618,No Smell,0.1425,Ambiguous References,0.1118,Vague / Missing Context,0.1059,1045,0.413
e52304f034cfdda521fde31c44593774,3,Format Ambiguity,0.1482,Irrelevant / Excessive Persona,0.1299,No Smell,0.1295,Vague / Missing Context,0.1254,36,0.292
e52304f034cfdda521fde31c44593774,4,No Smell,0.1480,Format Ambiguity,0.1268,Ambiguous References,0.1134,Vague / Missing Context,0.1087,703,0.364
e52304f034cfdda521fde31c44593774,5,No Smell,0.1400,Format Ambiguity,0.1350,Vague / Missing Context,0.1261,Ambiguous References,0.1030,711,0.364
e52304f034cfdda521fde31c44593774,6,Unnecessary Repetition,0.2022,No Smell,0.1330,Format Ambiguity,0.0987,Vague / Missing Context,0.0950,16,0.291
e52304f034cfdda521fde31c44593774,7,Unnecessary Repetition,0.1361,No Smell,0.1341,Vague / Missing Context,0.1153,Format Ambiguity,0.1150,12,0.292
8176dbdb9af2c1fcb75cdb1f80c928cd,1,Vague / Missing Context,0.1799,No Smell,0.1599,Format Ambiguity,0.1564,Overloaded Prompt,0.0880,159,0.295
8176dbdb9af2c1fcb75cdb1f80c928cd,2,Vague / Missing Context,0.1986,Format Ambiguity,0.1446,No Smell,0.1424,Ambiguous References,0.0843,29,0.291
8176dbdb9af2c1fcb75cdb1f80c928cd,3,No Smell,0.1374,Vague / Missing Context,0.1232,Formality / Audience Mismatch,0.1168,Conflicting Constraints,0.0997,14,0.291
c5310f8ce7a26eee13f8ef7660120e23,1,No Smell,0.1805,Format Ambiguity,0.1169,Vague / Missing Context,0.1021,Ambiguous References,0.0991,44,0.292
c5310f8ce7a26eee13f8ef7660120e23,2,No Smell,0.2052,Format Ambiguity,0.1226,Overloaded Prompt,0.0902,Unnecessary Repetition,0.0878,22,0.291
62c78add9adf7b961766d9c300f9e7e4,1,No Smell,0.1831,Format Ambiguity,0.1127,Ambiguous References,0.1038,Unnecessary Repetition,0.0904,243,0.296
18484a37b947919406779ae49e174f14,1,No Smell,0.1831,Format Ambiguity,0.1127,Ambiguous References,0.1038,Unnecessary Repetition,0.0904,243,0.249
3189a07d0c0261205f40bdf5d75e80b1,1,No Smell,0.1953,Ambiguous References,0.1176,Format Ambiguity,0.1074,Unnecessary Repetition,0.0866,69,0.292
ce6ba122f9d06b13bccc13b3eda6c5f9,3,No Smell,0.1818,Format Ambiguity,0.1131,Vague / Missing Context,0.1116,Ambiguous References,0.0997,265,0.320
ce6ba122f9d06b13bccc13b3eda6c5f9,5,No Smell,0.1903,Format Ambiguity,0.1331,Vague / Missing Context,0.1322,Unnecessary Repetition,0.0828,67,0.292
4679c092af62e9f6352b1af7e974ad3e,1,No Smell,0.1448,Format Ambiguity,0.1306,Vague / Missing Context,0.1207,Conflicting Constraints,0.0963,10,0.291
4c2e9d5a30fc0515f196ba8d766d261f,1,No Smell,0.1997,Format Ambiguity,0.1145,Vague / Missing Context,0.0960,Ambiguous References,0.0932,106,0.293
52d72af08b8dda7c81125e53f37f5b30,1,No Smell,0.1998,Format Ambiguity,0.1589,Unnecessary Repetition,0.0925,Vague / Missing Context,0.0858,72,0.292
c0daf54bc13b6cb0615b631433763925,1,Overloaded Prompt,0.1340,No Smell,0.1328,Format Ambiguity,0.1275,Ambiguous References,0.1041,4000,0.772
c51f14cd61f94983cc267ba01304d8ae,4,No Smell,0.1647,Format Ambiguity,0.1151,Ambiguous References,0.1146,Vague / Missing Context,0.1008,17,0.291
d8891697fcfe13ff249e64e9f1a7cd45,1,No Smell,0.1674,Format Ambiguity,0.1266,Vague / Missing Context,0.1170,Unnecessary Repetition,0.0896,52,0.292
d8891697fcfe13ff249e64e9f1a7cd45,2,No Smell,0.1515,Vague / Missing Context,0.1302,Format Ambiguity,0.1260,Ambiguous References,0.0886,69,0.293
fdba6ddf58fa35fc12968ed036f5f380,1,No Smell,0.1423,Overloaded Prompt,0.1384,Format Ambiguity,0.1289,Ambiguous References,0.0973,4000,0.769
2253f4bbcc8deea4aa1344ae1f7dd36e,1,No Smell,0.1620,Vague / Missing Context,0.1366,Format Ambiguity,0.1319,Irrelevant / Excessive Persona,0.0841,83,0.292
2253f4bbcc8deea4aa1344ae1f7dd36e,2,No Smell,0.1601,Vague / Missing Context,0.1367,Format Ambiguity,0.1287,Unnecessary Repetition,0.0815,82,0.292
a78c24ace35b7d530d559955c04b8efb,2,Vague / Missing Context,0.1848,No Smell,0.1537,Format Ambiguity,0.1430,Ambiguous References,0.0820,38,0.292
a78c24ace35b7d530d559955c04b8efb,3,Format Ambiguity,0.1884,Vague / Missing Context,0.1875,No Smell,0.1571,Unnecessary Repetition,0.0773,60,0.291
a78c24ace35b7d530d559955c04b8efb,4,Format Ambiguity,0.2018,Vague / Missing Context,0.1604,No Smell,0.1452,Ambiguous References,0.0733,113,0.292
a78c24ace35b7d530d559955c04b8efb,5,Format Ambiguity,0.1762,No Smell,0.1577,Vague / Missing Context,0.1413,Unnecessary Repetition,0.0778,76,0.292
a78c24ace35b7d530d559955c04b8efb,6,Format Ambiguity,0.1785,No Smell,0.1656,Vague / Missing Context,0.1125,Unnecessary Repetition,0.0883,100,0.293
0cc2f542d958884f6658cb64e1a38efc,1,Format Ambiguity,0.1294,No Smell,0.1172,Vague / Missing Context,0.1089,Ambiguous References,0.1089,678,0.454
23a000141bab923a080238b3f23aa05a,1,No Smell,0.1423,Overloaded Prompt,0.1384,Format Ambiguity,0.1289,Ambiguous References,0.0973,4000,0.769
2ac7151cbbce70f9bbad17cc0be35add,1,No Smell,0.1463,Format Ambiguity,0.1170,Ambiguous References,0.1169,Vague / Missing Context,0.1107,824,0.381
2ac7151cbbce70f9bbad17cc0be35add,2,No Smell,0.1560,Ambiguous References,0.1362,Format Ambiguity,0.1279,Vague / Missing Context,0.1053,977,0.400
2ac7151cbbce70f9bbad17cc0be35add,3,Format Ambiguity,0.1429,No Smell,0.1287,Vague / Missing Context,0.1129,Ambiguous References,0.1085,2031,0.514
b6ced884c9cda6dc83552155c945563e,1,No Smell,0.2133,Format Ambiguity,0.1526,Vague / Missing Context,0.1082,Irrelevant / Excessive Persona,0.1014,76,0.292
b9b0b4890d0f467349a730adde7a2d41,1,Format Ambiguity,0.1365,No Smell,0.1276,Ambiguous References,0.1015,Vague / Missing Context,0.0999,713,0.454
a2e7efa77de3297c2e5dcb49de9ae0ac,1,No Smell,0.1620,Vague / Missing Context,0.1366,Format Ambiguity,0.1319,Irrelevant / Excessive Persona,0.0841,83,0.293
a2e7efa77de3297c2e5dcb49de9ae0ac,2,No Smell,0.1601,Vague / Missing Context,0.1367,Format Ambiguity,0.1287,Unnecessary Repetition,0.0815,82,0.293
a2e7efa77de3297c2e5dcb49de9ae0ac,3,No Smell,0.1684,Format Ambiguity,0.1314,Vague / Missing Context,0.1309,Irrelevant / Excessive Persona,0.0836,85,0.293
a2e7efa77de3297c2e5dcb49de9ae0ac,4,No Smell,0.1887,Format Ambiguity,0.1247,Vague / Missing Context,0.1092,Ambiguous References,0.0880,105,0.293
c8d5eedc6d8f2b21efe531175524f896,2,No Smell,0.2641,Format Ambiguity,0.1877,Vague / Missing Context,0.0801,Irrelevant / Excessive Persona,0.0754,50,0.293
4ff0aac0ccbf0e5b0e34e69de3f92a8f,1,No Smell,0.2008,Format Ambiguity,0.1383,Irrelevant / Excessive Persona,0.1178,Vague / Missing Context,0.0988,83,0.293
370ba055fe2def5e6e2e5d0422effcc9,1,No Smell,0.1496,Format Ambiguity,0.1337,Ambiguous References,0.1302,Vague / Missing Context,0.1216,56,0.291
43e3016e9831fc891f2d805bc5cdbbe8,1,No Smell,0.1818,Format Ambiguity,0.1267,Vague / Missing Context,0.0982,Ambiguous References,0.0847,47,0.291
43e3016e9831fc891f2d805bc5cdbbe8,2,No Smell,0.2130,Format Ambiguity,0.1119,Ambiguous References,0.0870,Overloaded Prompt,0.0835,39,0.291
43e3016e9831fc891f2d805bc5cdbbe8,3,No Smell,0.2119,Format Ambiguity,0.1451,Vague / Missing Context,0.1318,Formality / Audience Mismatch,0.0871,45,0.291
87d31a9295c07aabe5a484b129d65f7c,1,Format Ambiguity,0.1363,No Smell,0.1319,Overloaded Prompt,0.1294,Ambiguous References,0.1172,4000,0.769
1774ccafb513217be2dfe5d34c035a18,1,No Smell,0.1635,Format Ambiguity,0.1485,Vague / Missing Context,0.1329,Unnecessary Repetition,0.0828,144,0.295
c7c49ff3ab9e6863f46f924c5cde695d,1,No Smell,0.1647,Vague / Missing Context,0.1435,Format Ambiguity,0.1345,Ambiguous References,0.0853,106,0.293
c7c49ff3ab9e6863f46f924c5cde695d,2,No Smell,0.1613,Vague / Missing Context,0.1277,Format Ambiguity,0.1265,Ambiguous References,0.0914,108,0.292
d19348c7149b34451cec6b095910b3bc,1,Overloaded Prompt,0.1543,No Smell,0.1385,Format Ambiguity,0.1356,Ambiguous References,0.1058,4000,0.838
45e9391055d88e991251b802852bcac9,1,No Smell,0.1771,Format Ambiguity,0.1303,Vague / Missing Context,0.1012,Unnecessary Repetition,0.0900,41,0.291
45e9391055d88e991251b802852bcac9,2,Vague / Missing Context,0.1631,No Smell,0.1501,Format Ambiguity,0.1250,Overloaded Prompt,0.0930,57,0.291
45e9391055d88e991251b802852bcac9,3,No Smell,0.1595,Format Ambiguity,0.1405,Vague / Missing Context,0.1053,Overloaded Prompt,0.0877,50,0.292
45e9391055d88e991251b802852bcac9,4,No Smell,0.1515,Format Ambiguity,0.1317,Vague / Missing Context,0.1143,Overloaded Prompt,0.0891,66,0.292
45e9391055d88e991251b802852bcac9,5,No Smell,0.2041,Format Ambiguity,0.1238,Ambiguous References,0.0880,Conflicting Constraints,0.0863,40,0.291
45e9391055d88e991251b802852bcac9,6,No Smell,0.1884,Format Ambiguity,0.1192,Conflicting Constraints,0.0940,Vague / Missing Context,0.0909,41,0.292
45e9391055d88e991251b802852bcac9,7,Format Ambiguity,0.1437,No Smell,0.1394,Vague / Missing Context,0.1200,Unnecessary Repetition,0.1113,56,0.292
45e9391055d88e991251b802852bcac9,9,No Smell,0.2082,Format Ambiguity,0.1204,Vague / Missing Context,0.0949,Conflicting Constraints,0.0949,24,0.291
45e9391055d88e991251b802852bcac9,12,No Smell,0.2516,Format Ambiguity,0.1372,Conflicting Constraints,0.0883,Vague / Missing Context,0.0857,21,0.291
45e9391055d88e991251b802852bcac9,13,No Smell,0.2252,Format Ambiguity,0.1417,Vague / Missing Context,0.0916,Conflicting Constraints,0.0887,15,0.292
45e9391055d88e991251b802852bcac9,14,No Smell,0.1647,Vague / Missing Context,0.1551,Format Ambiguity,0.1143,Unnecessary Repetition,0.0851,48,0.292
45e9391055d88e991251b802852bcac9,15,No Smell,0.1585,Format Ambiguity,0.1363,Vague / Missing Context,0.1317,Conflicting Constraints,0.0975,43,0.292
45e9391055d88e991251b802852bcac9,16,No Smell,0.1557,Format Ambiguity,0.1393,Vague / Missing Context,0.1327,Conflicting Constraints,0.0936,66,0.292
45e9391055d88e991251b802852bcac9,19,Vague / Missing Context,0.1937,No Smell,0.1634,Format Ambiguity,0.1511,Overloaded Prompt,0.0924,49,0.292
45e9391055d88e991251b802852bcac9,20,No Smell,0.1721,Vague / Missing Context,0.1164,Format Ambiguity,0.1159,Ambiguous References,0.0996,30,0.292
45e9391055d88e991251b802852bcac9,21,Vague / Missing Context,0.1434,No Smell,0.1319,Ambiguous References,0.1251,Format Ambiguity,0.1011,28,0.292
45e9391055d88e991251b802852bcac9,22,No Smell,0.1428,Format Ambiguity,0.1419,Vague / Missing Context,0.1051,Overloaded Prompt,0.1004,41,0.292
39f5ec6bc72b7b2e0fb451b88c8739cc,1,No Smell,0.1591,Format Ambiguity,0.1345,Vague / Missing Context,0.1326,Overloaded Prompt,0.0887,41,0.291
39f5ec6bc72b7b2e0fb451b88c8739cc,2,Vague / Missing Context,0.1392,No Smell,0.1383,Format Ambiguity,0.1216,Unnecessary Repetition,0.0885,74,0.292
39f5ec6bc72b7b2e0fb451b88c8739cc,3,Vague / Missing Context,0.1456,No Smell,0.1289,Format Ambiguity,0.1214,Overloaded Prompt,0.0865,71,0.292
39f5ec6bc72b7b2e0fb451b88c8739cc,4,Format Ambiguity,0.1507,No Smell,0.1428,Vague / Missing Context,0.1276,Overloaded Prompt,0.0937,53,0.292
739d60fc54aa715af5b60f0a9485d16c,1,No Smell,0.1647,Vague / Missing Context,0.1435,Format Ambiguity,0.1345,Ambiguous References,0.0853,106,0.292
0e206aec95903554968ffa8d0f89f25a,1,Format Ambiguity,0.1652,No Smell,0.1622,Vague / Missing Context,0.1475,Irrelevant / Excessive Persona,0.1085,154,0.292
091eb7545c084c374cdcfc36714d59ed,1,Vague / Missing Context,0.1688,No Smell,0.1422,Format Ambiguity,0.1284,Unnecessary Repetition,0.0846,47,0.292
091eb7545c084c374cdcfc36714d59ed,2,No Smell,0.1571,Format Ambiguity,0.1287,Vague / Missing Context,0.1275,Unnecessary Repetition,0.0899,40,0.291
091eb7545c084c374cdcfc36714d59ed,3,No Smell,0.1471,Vague / Missing Context,0.1470,Format Ambiguity,0.1384,Overloaded Prompt,0.0884,35,0.292
091eb7545c084c374cdcfc36714d59ed,4,No Smell,0.1546,Vague / Missing Context,0.1311,Format Ambiguity,0.1231,Unnecessary Repetition,0.0937,43,0.292
3408c99295878035eccb0611ee963614,1,No Smell,0.1618,Format Ambiguity,0.1362,Vague / Missing Context,0.1144,Overloaded Prompt,0.0938,48,0.292
3408c99295878035eccb0611ee963614,2,No Smell,0.1483,Format Ambiguity,0.1307,Vague / Missing Context,0.1258,Irrelevant / Excessive Persona,0.0924,52,0.292
cbbed737bec72534e264dda36ca46909,1,No Smell,0.1588,Vague / Missing Context,0.1359,Format Ambiguity,0.1154,Overloaded Prompt,0.0894,51,0.292
cbbed737bec72534e264dda36ca46909,3,No Smell,0.1847,Format Ambiguity,0.1278,Vague / Missing Context,0.1084,Unnecessary Repetition,0.0903,42,0.292
cbbed737bec72534e264dda36ca46909,5,No Smell,0.1593,Format Ambiguity,0.1472,Vague / Missing Context,0.1104,Overloaded Prompt,0.0901,41,0.292
5e255f392d520fe86dd33131b8500176,1,Vague / Missing Context,0.1744,No Smell,0.1716,Format Ambiguity,0.1290,Prompt Bloat / Convoluted Prompt,0.0769,36,0.292
5e255f392d520fe86dd33131b8500176,2,No Smell,0.2123,Format Ambiguity,0.1147,Ambiguous References,0.1132,Vague / Missing Context,0.1029,54,0.292
ff06c93b6fc5d7184f226c4ae3be4d36,1,No Smell,0.2096,Vague / Missing Context,0.1652,Format Ambiguity,0.1347,Irrelevant / Excessive Persona,0.0799,25,0.292
ff06c93b6fc5d7184f226c4ae3be4d36,2,No Smell,0.2029,Vague / Missing Context,0.1714,Format Ambiguity,0.1551,Conflicting Constraints,0.0706,43,0.291
ff06c93b6fc5d7184f226c4ae3be4d36,3,No Smell,0.1987,Format Ambiguity,0.1645,Ambiguous References,0.1243,Vague / Missing Context,0.0894,45,0.291
ff06c93b6fc5d7184f226c4ae3be4d36,4,Vague / Missing Context,0.4085,No Smell,0.1202,Format Ambiguity,0.1103,Overloaded Prompt,0.0597,29,0.291
ff06c93b6fc5d7184f226c4ae3be4d36,5,No Smell,0.2113,Format Ambiguity,0.1651,Vague / Missing Context,0.1021,Unnecessary Repetition,0.0856,64,0.292
ff06c93b6fc5d7184f226c4ae3be4d36,6,No Smell,0.2553,Format Ambiguity,0.1143,Irrelevant / Excessive Persona,0.0891,Vague / Missing Context,0.0856,55,0.292
ff06c93b6fc5d7184f226c4ae3be4d36,7,No Smell,0.2085,Format Ambiguity,0.1651,Ambiguous References,0.0895,Vague / Missing Context,0.0852,41,0.292
ff06c93b6fc5d7184f226c4ae3be4d36,8,No Smell,0.2061,Format Ambiguity,0.1461,Ambiguous References,0.1005,Vague / Missing Context,0.0970,144,0.295
ff06c93b6fc5d7184f226c4ae3be4d36,9,No Smell,0.1770,Format Ambiguity,0.1646,Vague / Missing Context,0.1419,Irrelevant / Excessive Persona,0.0827,54,0.292
3e8bcc2af550710c79ab9fa7c9cbe8bc,1,Format Ambiguity,0.1601,Vague / Missing Context,0.1330,No Smell,0.1306,Overloaded Prompt,0.0968,57,0.293
3e8bcc2af550710c79ab9fa7c9cbe8bc,2,Format Ambiguity,0.1642,No Smell,0.1561,Vague / Missing Context,0.1350,Overloaded Prompt,0.0932,78,0.292
6baaa23853b17a38aadb005d421ba3ed,1,Overloaded Prompt,0.1721,No Smell,0.1348,Format Ambiguity,0.1109,Ambiguous References,0.0983,4000,0.834
398dbde5901ed11cf003821de8607df0,1,Conflicting Constraints,0.1993,No Smell,0.1470,Vague / Missing Context,0.1004,Format Ambiguity,0.0990,152,0.292
398dbde5901ed11cf003821de8607df0,2,No Smell,0.1384,Ambiguous References,0.1293,Vague / Missing Context,0.1169,Format Ambiguity,0.1167,10,0.291
af58aaaf34b35c906cdc31b4b573cb4e,1,Format Ambiguity,0.1802,No Smell,0.1661,Vague / Missing Context,0.1313,Overloaded Prompt,0.0888,47,0.292
af58aaaf34b35c906cdc31b4b573cb4e,2,Format Ambiguity,0.1689,No Smell,0.1631,Vague / Missing Context,0.1352,Unnecessary Repetition,0.0913,80,0.293
af58aaaf34b35c906cdc31b4b573cb4e,3,Format Ambiguity,0.1701,No Smell,0.1520,Vague / Missing Context,0.1388,Overloaded Prompt,0.0975,60,0.292
0718b3f921261d45388998c3b1f14338,1,No Smell,0.2161,Format Ambiguity,0.1509,Vague / Missing Context,0.1032,Ambiguous References,0.0844,59,0.292
0718b3f921261d45388998c3b1f14338,2,No Smell,0.2296,Format Ambiguity,0.1281,Vague / Missing Context,0.1231,Overloaded Prompt,0.0831,46,0.292
0718b3f921261d45388998c3b1f14338,3,No Smell,0.2222,Format Ambiguity,0.1624,Ambiguous References,0.0942,Irrelevant / Excessive Persona,0.0848,77,0.292
0718b3f921261d45388998c3b1f14338,4,No Smell,0.1958,Format Ambiguity,0.1117,Ambiguous References,0.1072,Vague / Missing Context,0.1030,45,0.292
0718b3f921261d45388998c3b1f14338,5,No Smell,0.2749,Format Ambiguity,0.1307,Vague / Missing Context,0.0836,Unnecessary Repetition,0.0769,53,0.293
6027b0fba751a5352c5882e39195c947,1,No Smell,0.1303,Format Ambiguity,0.1208,Ambiguous References,0.1118,Overloaded Prompt,0.1074,1277,0.450
9066e1815d673be501601b8203a6cfc2,1,Format Ambiguity,0.1668,No Smell,0.1390,Vague / Missing Context,0.1383,Overloaded Prompt,0.0972,59,0.292
9066e1815d673be501601b8203a6cfc2,2,Format Ambiguity,0.1615,No Smell,0.1551,Vague / Missing Context,0.1370,Overloaded Prompt,0.1009,52,0.293
18db845d740264a90a2a3c2c1a8e83b5,1,Vague / Missing Context,0.1642,Format Ambiguity,0.1401,No Smell,0.1205,Overloaded Prompt,0.1182,1445,0.423
7047e974a293e58f37e1bcd7f0e2beac,1,No Smell,0.1759,Format Ambiguity,0.1478,Vague / Missing Context,0.1110,Ambiguous References,0.1053,513,0.318
25f041ec24b2db3006c01fe5392bdf30,1,Overloaded Prompt,0.1585,No Smell,0.1302,Format Ambiguity,0.1278,Ambiguous References,0.1101,4000,0.884
576d8ad509168f77d3698c5ed0458aa7,1,No Smell,0.1540,Format Ambiguity,0.1179,Prompt Bloat / Convoluted Prompt,0.0967,Ambiguous References,0.0951,151,0.320
576d8ad509168f77d3698c5ed0458aa7,3,No Smell,0.1455,Format Ambiguity,0.1138,Prompt Bloat / Convoluted Prompt,0.1119,Ambiguous References,0.1053,712,0.380
636730cf4205d4996f3e9364d20d189e,1,Overloaded Prompt,0.1792,No Smell,0.1657,Format Ambiguity,0.0975,Ambiguous References,0.0941,1166,0.455
f074237afd45470512fba05bf1f45158,1,No Smell,0.2099,Format Ambiguity,0.1626,Overloaded Prompt,0.1019,Unnecessary Repetition,0.0908,121,0.292
f074237afd45470512fba05bf1f45158,2,No Smell,0.1703,Prompt Bloat / Convoluted Prompt,0.1301,Ambiguous References,0.1020,Format Ambiguity,0.1015,4000,1.048
f074237afd45470512fba05bf1f45158,3,No Smell,0.1793,Prompt Bloat / Convoluted Prompt,0.1259,Ambiguous References,0.1081,Format Ambiguity,0.0988,4000,1.049
e633275a4168f18b2e54ed2de80eb822,1,No Smell,0.1465,Format Ambiguity,0.1321,Overloaded Prompt,0.1220,Ambiguous References,0.1108,4000,0.839
27cf10cde659f7be3b6d84ee6add0356,1,No Smell,0.2320,Format Ambiguity,0.1079,Prompt Bloat / Convoluted Prompt,0.0889,Unnecessary Repetition,0.0856,243,0.297
b949abfeb8c48832c5ce5e645b47bce7,1,No Smell,0.1904,Format Ambiguity,0.1532,Ambiguous References,0.1480,Irrelevant / Excessive Persona,0.1385,23,0.291
b949abfeb8c48832c5ce5e645b47bce7,2,No Smell,0.2230,Irrelevant / Excessive Persona,0.1517,Format Ambiguity,0.1321,Ambiguous References,0.0861,25,0.291
b949abfeb8c48832c5ce5e645b47bce7,3,No Smell,0.1503,Vague / Missing Context,0.1312,Format Ambiguity,0.1103,Unnecessary Repetition,0.0956,19,0.292
844a083791eadcd3af7815c18b1ab046,1,Overloaded Prompt,0.1596,No Smell,0.1379,Format Ambiguity,0.1241,Ambiguous References,0.1076,4000,0.773
afab7b892588f230812208e8e52e8722,1,No Smell,0.1977,Format Ambiguity,0.1316,Vague / Missing Context,0.1128,Unnecessary Repetition,0.0895,58,0.292
5b56ca1b19c3ad7f1601ee111ae77ba0,1,No Smell,0.2111,Format Ambiguity,0.1396,Overloaded Prompt,0.0936,Unnecessary Repetition,0.0870,39,0.291
825090b978285265abdf03669f70c69f,1,Format Ambiguity,0.1992,No Smell,0.1966,Vague / Missing Context,0.1315,Unnecessary Repetition,0.0843,117,0.293
825090b978285265abdf03669f70c69f,2,Vague / Missing Context,0.2388,Format Ambiguity,0.1670,No Smell,0.1587,Irrelevant / Excessive Persona,0.0680,123,0.293
825090b978285265abdf03669f70c69f,3,Format Ambiguity,0.1767,No Smell,0.1643,Vague / Missing Context,0.1523,Overloaded Prompt,0.0835,113,0.292
5e0b62ee7bb17b6cfe275d884a7ae1a0,1,Overloaded Prompt,0.2043,Format Ambiguity,0.1536,No Smell,0.1520,Vague / Missing Context,0.1429,105,0.293
5e0b62ee7bb17b6cfe275d884a7ae1a0,2,No Smell,0.2012,Format Ambiguity,0.1366,Unnecessary Repetition,0.1251,Conflicting Constraints,0.0864,30,0.292
52720388b7b8fe8d427d6317b615b72f,1,No Smell,0.1523,Format Ambiguity,0.1138,Prompt Bloat / Convoluted Prompt,0.0978,Unnecessary Repetition,0.0969,176,0.322
52720388b7b8fe8d427d6317b615b72f,3,No Smell,0.1561,Format Ambiguity,0.1177,Ambiguous References,0.0974,Prompt Bloat / Convoluted Prompt,0.0970,146,0.321
52720388b7b8fe8d427d6317b615b72f,4,No Smell,0.1561,Format Ambiguity,0.1177,Ambiguous References,0.0974,Prompt Bloat / Convoluted Prompt,0.0970,146,0.251
52720388b7b8fe8d427d6317b615b72f,6,No Smell,0.1599,Format Ambiguity,0.1143,Prompt Bloat / Convoluted Prompt,0.1079,Ambiguous References,0.1017,230,0.316
9773a9a2170638254adc2e5682bf8aee,1,No Smell,0.1894,Ambiguous References,0.1239,Format Ambiguity,0.1121,Unnecessary Repetition,0.0862,430,0.363
9773a9a2170638254adc2e5682bf8aee,2,No Smell,0.2010,Vague / Missing Context,0.1981,Format Ambiguity,0.1284,Ambiguous References,0.0692,43,0.292
ff4fb78b7a5b1c7173fdeeab6b248ceb,1,No Smell,0.1498,Vague / Missing Context,0.1473,Format Ambiguity,0.1164,Ambiguous References,0.1127,83,0.293
ff4fb78b7a5b1c7173fdeeab6b248ceb,2,No Smell,0.1429,Ambiguous References,0.1329,Format Ambiguity,0.1184,Unnecessary Repetition,0.1071,495,0.363
ff4fb78b7a5b1c7173fdeeab6b248ceb,3,Format Ambiguity,0.1355,No Smell,0.1308,Ambiguous References,0.1250,Unnecessary Repetition,0.1117,499,0.363
ff4fb78b7a5b1c7173fdeeab6b248ceb,7,No Smell,0.1339,Unnecessary Repetition,0.1294,Ambiguous References,0.1124,Format Ambiguity,0.1119,629,0.380
66617b4d03fdc170a92dfd477c68d8ea,1,No Smell,0.1816,Ambiguous References,0.0951,Format Ambiguity,0.0942,Conflicting Constraints,0.0906,101,0.295
6e6f2d7a40c43db18b8d1ad059d80e36,1,No Smell,0.1882,Format Ambiguity,0.1216,Ambiguous References,0.1079,Vague / Missing Context,0.0968,172,0.296
61f3ece568b70b415d7180da10a1698e,1,No Smell,0.1597,Overloaded Prompt,0.1448,Format Ambiguity,0.1360,Vague / Missing Context,0.1156,42,0.291
61f3ece568b70b415d7180da10a1698e,2,No Smell,0.1407,Vague / Missing Context,0.1157,Prompt Bloat / Convoluted Prompt,0.1045,Unnecessary Repetition,0.1028,42,0.291
61f3ece568b70b415d7180da10a1698e,3,Vague / Missing Context,0.1427,No Smell,0.1188,Unnecessary Repetition,0.1067,Format Ambiguity,0.1054,26,0.292
61f3ece568b70b415d7180da10a1698e,4,No Smell,0.2383,Format Ambiguity,0.1632,Irrelevant / Excessive Persona,0.0878,Ambiguous References,0.0814,43,0.292
61f3ece568b70b415d7180da10a1698e,5,No Smell,0.1872,Format Ambiguity,0.1569,Vague / Missing Context,0.1000,Overloaded Prompt,0.0942,72,0.291
61f3ece568b70b415d7180da10a1698e,7,Vague / Missing Context,0.1366,No Smell,0.1341,Format Ambiguity,0.1167,Unnecessary Repetition,0.1036,30,0.294
61f3ece568b70b415d7180da10a1698e,8,Vague / Missing Context,0.1354,No Smell,0.1334,Format Ambiguity,0.1092,Conflicting Constraints,0.0955,16,0.291
61f3ece568b70b415d7180da10a1698e,9,No Smell,0.2208,Format Ambiguity,0.1320,Overloaded Prompt,0.1289,Unnecessary Repetition,0.0885,212,0.296
61f3ece568b70b415d7180da10a1698e,10,Overloaded Prompt,0.1476,No Smell,0.1417,Format Ambiguity,0.1368,Ambiguous References,0.0974,180,0.295
c128e448c8d4a2a2d0ab7f678a0bbae6,1,No Smell,0.1771,Format Ambiguity,0.1258,Ambiguous References,0.1086,Vague / Missing Context,0.1072,290,0.319
c128e448c8d4a2a2d0ab7f678a0bbae6,2,No Smell,0.1733,Format Ambiguity,0.1113,Ambiguous References,0.1087,Vague / Missing Context,0.0964,257,0.320
e17a4b7d371f64c67812168771789105,1,No Smell,0.2274,Format Ambiguity,0.1579,Ambiguous References,0.1123,Vague / Missing Context,0.0844,63,0.292
e17a4b7d371f64c67812168771789105,2,No Smell,0.1971,Format Ambiguity,0.1054,Ambiguous References,0.1038,Unnecessary Repetition,0.1030,47,0.292
8ca58bf2b8e9f970845a574dcf6880ae,1,No Smell,0.1723,Format Ambiguity,0.1590,Vague / Missing Context,0.1076,Overloaded Prompt,0.1034,23,0.291
8ca58bf2b8e9f970845a574dcf6880ae,2,No Smell,0.1992,Format Ambiguity,0.1926,Overloaded Prompt,0.1080,Vague / Missing Context,0.0807,25,0.291
bd9da6feb0fb6e6be4f577029c920b39,1,No Smell,0.1398,Format Ambiguity,0.1345,Ambiguous References,0.1145,Overloaded Prompt,0.1079,4000,0.754
c3870004dba7c831e225ee041ad3d897,1,No Smell,0.1552,Format Ambiguity,0.1312,Overloaded Prompt,0.1086,Ambiguous References,0.1064,4000,0.771
c8e924d279cc476e37155af8cccf765d,2,No Smell,0.1692,Vague / Missing Context,0.1445,Format Ambiguity,0.1388,Ambiguous References,0.1049,255,0.330
7e09e399c79cb69b8d6a80953e094ec6,1,Format Ambiguity,0.1933,No Smell,0.1752,Vague / Missing Context,0.1321,Overloaded Prompt,0.0999,113,0.293
7e09e399c79cb69b8d6a80953e094ec6,2,No Smell,0.2178,Format Ambiguity,0.1352,Unnecessary Repetition,0.1268,Conflicting Constraints,0.0807,36,0.292
7e09e399c79cb69b8d6a80953e094ec6,3,No Smell,0.2051,Format Ambiguity,0.1254,Unnecessary Repetition,0.1125,Conflicting Constraints,0.0869,33,0.291
7e09e399c79cb69b8d6a80953e094ec6,4,No Smell,0.1932,Format Ambiguity,0.1395,Unnecessary Repetition,0.1306,Conflicting Constraints,0.1057,39,0.292
7e09e399c79cb69b8d6a80953e094ec6,5,No Smell,0.1870,Vague / Missing Context,0.1278,Format Ambiguity,0.1269,Unnecessary Repetition,0.1177,88,0.293
7e09e399c79cb69b8d6a80953e094ec6,6,No Smell,0.1902,Unnecessary Repetition,0.1505,Format Ambiguity,0.1193,Conflicting Constraints,0.0943,21,0.292
7e09e399c79cb69b8d6a80953e094ec6,7,No Smell,0.1932,Format Ambiguity,0.1395,Unnecessary Repetition,0.1306,Conflicting Constraints,0.1057,39,0.249
7e09e399c79cb69b8d6a80953e094ec6,8,Format Ambiguity,0.1578,Vague / Missing Context,0.1537,No Smell,0.1469,Overloaded Prompt,0.1171,83,0.292
7e09e399c79cb69b8d6a80953e094ec6,9,No Smell,0.2104,Format Ambiguity,0.1254,Unnecessary Repetition,0.1252,Conflicting Constraints,0.0820,32,0.292
7e09e399c79cb69b8d6a80953e094ec6,10,No Smell,0.2299,Format Ambiguity,0.1243,Unnecessary Repetition,0.1069,Conflicting Constraints,0.0824,37,0.409
7e09e399c79cb69b8d6a80953e094ec6,11,No Smell,0.2123,Format Ambiguity,0.1363,Unnecessary Repetition,0.1191,Conflicting Constraints,0.1018,55,0.291
7e09e399c79cb69b8d6a80953e094ec6,12,Unnecessary Repetition,0.1631,No Smell,0.1604,Format Ambiguity,0.0989,Ambiguous References,0.0950,22,0.292
97c3263bf859ddd624cf572de159c002,1,No Smell,0.1942,Irrelevant / Excessive Persona,0.1542,Format Ambiguity,0.1108,Ambiguous References,0.0882,381,0.321
97c3263bf859ddd624cf572de159c002,2,No Smell,0.1824,Format Ambiguity,0.1775,Overloaded Prompt,0.1764,Irrelevant / Excessive Persona,0.1144,155,0.296
7d1b0abf2497ad343da0f7950e82ba52,2,Format Ambiguity,0.1983,No Smell,0.1395,Unnecessary Repetition,0.1081,Conflicting Constraints,0.0965,20,0.292
7d1b0abf2497ad343da0f7950e82ba52,4,No Smell,0.1636,Format Ambiguity,0.1320,Vague / Missing Context,0.1246,Conflicting Constraints,0.1017,20,0.292
378b6be6ff2572aa4c1ea226f9d4bf46,1,Overloaded Prompt,0.1582,No Smell,0.1442,Format Ambiguity,0.1340,Ambiguous References,0.0943,4000,0.833
b2cd9b3dba480eb57e2f7da991f3c286,1,No Smell,0.1942,Irrelevant / Excessive Persona,0.1542,Format Ambiguity,0.1108,Ambiguous References,0.0882,381,0.321
b2cd9b3dba480eb57e2f7da991f3c286,2,No Smell,0.1824,Format Ambiguity,0.1775,Overloaded Prompt,0.1764,Irrelevant / Excessive Persona,0.1144,155,0.295
b2cd9b3dba480eb57e2f7da991f3c286,3,No Smell,0.1899,Irrelevant / Excessive Persona,0.1407,Format Ambiguity,0.1193,Ambiguous References,0.0948,438,0.323
b2cd9b3dba480eb57e2f7da991f3c286,4,No Smell,0.1851,Format Ambiguity,0.1786,Overloaded Prompt,0.1708,Irrelevant / Excessive Persona,0.1158,154,0.295
445e5cc33cf42f3d32586a54169aa3f9,1,No Smell,0.1448,Overloaded Prompt,0.1357,Format Ambiguity,0.1287,Ambiguous References,0.1054,4000,0.832
aaa615b181f36f32c479c62598552939,3,No Smell,0.1866,Format Ambiguity,0.1261,Conflicting Constraints,0.1068,Unnecessary Repetition,0.1013,9,0.292
e1cae45c4e1bbee0453b3ccc7599c431,1,No Smell,0.2633,Format Ambiguity,0.1201,Overloaded Prompt,0.0964,Conflicting Constraints,0.0888,26,0.291
3ddde9de9a786fe9dbc6a8fe4b6e444d,1,Vague / Missing Context,0.1748,No Smell,0.1408,Format Ambiguity,0.1251,Ambiguous References,0.1006,47,0.292
3ddde9de9a786fe9dbc6a8fe4b6e444d,4,No Smell,0.1829,Format Ambiguity,0.0998,Unnecessary Repetition,0.0983,Ambiguous References,0.0982,418,0.363
3ddde9de9a786fe9dbc6a8fe4b6e444d,5,No Smell,0.1712,Format Ambiguity,0.1258,Vague / Missing Context,0.1188,Ambiguous References,0.1066,205,0.296
92774fc636bb34225fc764ee1e141bbc,1,No Smell,0.1773,Format Ambiguity,0.1353,Vague / Missing Context,0.0919,Ambiguous References,0.0882,30,0.292
92774fc636bb34225fc764ee1e141bbc,2,No Smell,0.1789,Format Ambiguity,0.1182,Vague / Missing Context,0.0984,Unnecessary Repetition,0.0932,28,0.292
92774fc636bb34225fc764ee1e141bbc,3,No Smell,0.1790,Format Ambiguity,0.1409,Irrelevant / Excessive Persona,0.0983,Vague / Missing Context,0.0891,33,0.291
92774fc636bb34225fc764ee1e141bbc,4,No Smell,0.1734,Format Ambiguity,0.1447,Irrelevant / Excessive Persona,0.0960,Vague / Missing Context,0.0947,31,0.294
c45ebc37d04dafcd87a291c4d227b8e5,1,Format Ambiguity,0.1961,Overloaded Prompt,0.1347,No Smell,0.1283,Vague / Missing Context,0.1101,1161,0.400
5953c85a43f6cff921c050418188a632,1,No Smell,0.1765,Format Ambiguity,0.1288,Unnecessary Repetition,0.1177,Vague / Missing Context,0.1153,1141,0.399
5c71148629cc9b35bdc4d9395b769e5a,1,No Smell,0.1865,Irrelevant / Excessive Persona,0.1503,Format Ambiguity,0.1130,Unnecessary Repetition,0.0920,378,0.322
5c71148629cc9b35bdc4d9395b769e5a,2,Overloaded Prompt,0.1895,No Smell,0.1855,Format Ambiguity,0.1748,Irrelevant / Excessive Persona,0.1134,156,0.295
5c71148629cc9b35bdc4d9395b769e5a,3,No Smell,0.1918,Irrelevant / Excessive Persona,0.1524,Format Ambiguity,0.1121,Vague / Missing Context,0.0899,392,0.320
5c71148629cc9b35bdc4d9395b769e5a,4,No Smell,0.1851,Format Ambiguity,0.1786,Overloaded Prompt,0.1708,Irrelevant / Excessive Persona,0.1158,154,0.296
5c71148629cc9b35bdc4d9395b769e5a,5,No Smell,0.1941,Irrelevant / Excessive Persona,0.1527,Format Ambiguity,0.1121,Vague / Missing Context,0.0887,389,0.322
43d489af2fb3939361ae6799d07e4749,1,No Smell,0.2207,Format Ambiguity,0.1273,Ambiguous References,0.0989,Irrelevant / Excessive Persona,0.0842,41,0.291
43d489af2fb3939361ae6799d07e4749,2,No Smell,0.1952,Format Ambiguity,0.1741,Ambiguous References,0.1512,Irrelevant / Excessive Persona,0.0880,43,0.292
b3cb2f3a3347428d0e3fd9ab8501c143,1,No Smell,0.1817,Format Ambiguity,0.1062,Vague / Missing Context,0.1022,Unnecessary Repetition,0.1015,48,0.293
009932cccc273e564034521942d9b29b,1,Format Ambiguity,0.2175,No Smell,0.1613,Vague / Missing Context,0.1326,Prompt Bloat / Convoluted Prompt,0.0815,1070,0.398
ffeadd618c316f8c27f5be7178c25b3f,1,No Smell,0.1838,Format Ambiguity,0.1816,Vague / Missing Context,0.1231,Irrelevant / Excessive Persona,0.0765,336,0.320
ffeadd618c316f8c27f5be7178c25b3f,2,No Smell,0.1916,Format Ambiguity,0.1381,Vague / Missing Context,0.1122,Overloaded Prompt,0.0930,144,0.293
ffeadd618c316f8c27f5be7178c25b3f,3,Vague / Missing Context,0.1973,No Smell,0.1636,Format Ambiguity,0.1458,Ambiguous References,0.0822,32,0.292
f45adb705f27060f5bd14143b08c67f3,1,No Smell,0.1321,Format Ambiguity,0.1277,Ambiguous References,0.1173,Overloaded Prompt,0.1067,4000,0.770
a6a64ed3b3a5acb7e907d097ff18cb55,1,No Smell,0.1743,Format Ambiguity,0.1097,Unnecessary Repetition,0.1082,Vague / Missing Context,0.0937,61,0.292
febdc205374d9c3d857b77274ff310b2,1,Format Ambiguity,0.2235,No Smell,0.1483,Vague / Missing Context,0.1351,Prompt Bloat / Convoluted Prompt,0.0850,1052,0.390
c9884461346605e0165d4b15bf455197,1,No Smell,0.1652,Ambiguous References,0.1353,Format Ambiguity,0.1270,Vague / Missing Context,0.0974,112,0.292
c9884461346605e0165d4b15bf455197,2,No Smell,0.1901,Ambiguous References,0.1601,Format Ambiguity,0.1318,Vague / Missing Context,0.0856,49,0.291
c9884461346605e0165d4b15bf455197,3,Format Ambiguity,0.1794,No Smell,0.1724,Ambiguous References,0.1381,Vague / Missing Context,0.0823,42,0.291
1b8d2ab6aa38e92083945a623eb73db5,1,No Smell,0.1410,Format Ambiguity,0.1397,Ambiguous References,0.1189,Overloaded Prompt,0.1008,4000,0.880
05f9c9dcb571ea0ccf68975e0422bc56,1,No Smell,0.2102,Format Ambiguity,0.1090,Unnecessary Repetition,0.1028,Vague / Missing Context,0.0942,64,0.291
05f9c9dcb571ea0ccf68975e0422bc56,2,No Smell,0.1942,Format Ambiguity,0.1059,Unnecessary Repetition,0.1017,Ambiguous References,0.0978,57,0.293
05f9c9dcb571ea0ccf68975e0422bc56,3,No Smell,0.1822,Format Ambiguity,0.1067,Unnecessary Repetition,0.1039,Vague / Missing Context,0.0936,99,0.292
05f9c9dcb571ea0ccf68975e0422bc56,4,No Smell,0.1955,Format Ambiguity,0.1248,Ambiguous References,0.0971,Unnecessary Repetition,0.0959,42,0.291
05f9c9dcb571ea0ccf68975e0422bc56,5,No Smell,0.2173,Format Ambiguity,0.1141,Unnecessary Repetition,0.0952,Ambiguous References,0.0857,78,0.292
05f9c9dcb571ea0ccf68975e0422bc56,6,No Smell,0.1867,Format Ambiguity,0.1069,Unnecessary Repetition,0.1005,Ambiguous References,0.1003,89,0.293
d2d9b212550e24b4a0835a7a9674a826,1,No Smell,0.2130,Ambiguous References,0.1232,Format Ambiguity,0.1198,Formality / Audience Mismatch,0.0788,70,0.292
6c88288bc749c3d05941f82aceb722df,1,No Smell,0.2000,Vague / Missing Context,0.1473,Format Ambiguity,0.1325,Unnecessary Repetition,0.0852,48,0.291
6c88288bc749c3d05941f82aceb722df,2,No Smell,0.2000,Vague / Missing Context,0.1473,Format Ambiguity,0.1325,Unnecessary Repetition,0.0852,48,0.249
6c88288bc749c3d05941f82aceb722df,3,No Smell,0.2096,Format Ambiguity,0.1386,Vague / Missing Context,0.1189,Unnecessary Repetition,0.0789,94,0.293
6c88288bc749c3d05941f82aceb722df,6,No Smell,0.2241,Format Ambiguity,0.1447,Unnecessary Repetition,0.0895,Overloaded Prompt,0.0892,74,0.292
6c88288bc749c3d05941f82aceb722df,7,No Smell,0.1787,Format Ambiguity,0.1569,Vague / Missing Context,0.1265,Ambiguous References,0.0909,80,0.293
6c88288bc749c3d05941f82aceb722df,8,No Smell,0.1837,Format Ambiguity,0.1266,Vague / Missing Context,0.0946,Ambiguous References,0.0871,35,0.292
6c88288bc749c3d05941f82aceb722df,11,No Smell,0.2195,Format Ambiguity,0.1385,Vague / Missing Context,0.0923,Unnecessary Repetition,0.0868,38,0.292
184f15f783bd23a82cff7166b2efa3ef,1,No Smell,0.1553,Format Ambiguity,0.1459,Vague / Missing Context,0.1353,Ambiguous References,0.1133,1582,0.455
184f15f783bd23a82cff7166b2efa3ef,2,No Smell,0.1344,Format Ambiguity,0.1316,Ambiguous References,0.1238,Vague / Missing Context,0.1086,959,0.382
184f15f783bd23a82cff7166b2efa3ef,3,No Smell,0.1814,Ambiguous References,0.1211,Format Ambiguity,0.1141,Vague / Missing Context,0.1029,821,0.377
184f15f783bd23a82cff7166b2efa3ef,4,No Smell,0.1830,Vague / Missing Context,0.1409,Format Ambiguity,0.1222,Unnecessary Repetition,0.0849,61,0.291
184f15f783bd23a82cff7166b2efa3ef,5,Vague / Missing Context,0.1173,No Smell,0.1170,Ambiguous References,0.1071,Conflicting Constraints,0.1047,27,0.292
184f15f783bd23a82cff7166b2efa3ef,6,No Smell,0.1746,Unnecessary Repetition,0.1194,Conflicting Constraints,0.1125,Format Ambiguity,0.1046,90,0.292
184f15f783bd23a82cff7166b2efa3ef,7,No Smell,0.1241,Vague / Missing Context,0.1125,Conflicting Constraints,0.1116,Unnecessary Repetition,0.1011,290,0.297
184f15f783bd23a82cff7166b2efa3ef,8,Vague / Missing Context,0.1377,No Smell,0.1285,Format Ambiguity,0.1244,Ambiguous References,0.1008,199,0.295
184f15f783bd23a82cff7166b2efa3ef,9,Vague / Missing Context,0.1730,Format Ambiguity,0.1277,No Smell,0.1243,Ambiguous References,0.1016,539,0.317
6473f48e71416ba4b2571deb41ae7c19,1,No Smell,0.1747,Format Ambiguity,0.1596,Vague / Missing Context,0.1420,Overloaded Prompt,0.0888,31,0.292
6473f48e71416ba4b2571deb41ae7c19,2,No Smell,0.1558,Format Ambiguity,0.1246,Vague / Missing Context,0.1111,Unnecessary Repetition,0.0994,7,0.291
6473f48e71416ba4b2571deb41ae7c19,3,No Smell,0.2421,Format Ambiguity,0.1239,Unnecessary Repetition,0.0964,Vague / Missing Context,0.0817,41,0.292
6473f48e71416ba4b2571deb41ae7c19,4,No Smell,0.2047,Vague / Missing Context,0.1308,Format Ambiguity,0.1290,Unnecessary Repetition,0.0854,30,0.292
d8e1d80aeb35e75e94702d6312c46a1b,7,No Smell,0.1603,Vague / Missing Context,0.1444,Format Ambiguity,0.1255,Unnecessary Repetition,0.0943,17,0.291
e62ebb28be10d3fa67ffa8936b21b883,1,No Smell,0.1410,Format Ambiguity,0.1397,Ambiguous References,0.1189,Overloaded Prompt,0.1008,4000,0.881
8eea8678ac2a6c3d976ed562ebd5899f,1,No Smell,0.1934,Irrelevant / Excessive Persona,0.1538,Format Ambiguity,0.1099,Ambiguous References,0.0898,376,0.320
8eea8678ac2a6c3d976ed562ebd5899f,2,No Smell,0.1824,Format Ambiguity,0.1775,Overloaded Prompt,0.1764,Irrelevant / Excessive Persona,0.1144,155,0.295
8eea8678ac2a6c3d976ed562ebd5899f,3,No Smell,0.1935,Irrelevant / Excessive Persona,0.1490,Format Ambiguity,0.1140,Vague / Missing Context,0.0872,378,0.320
8eea8678ac2a6c3d976ed562ebd5899f,4,No Smell,0.1851,Format Ambiguity,0.1786,Overloaded Prompt,0.1708,Irrelevant / Excessive Persona,0.1158,154,0.295
8eea8678ac2a6c3d976ed562ebd5899f,6,No Smell,0.2058,Irrelevant / Excessive Persona,0.1552,Format Ambiguity,0.1102,Ambiguous References,0.0893,378,0.320
8eea8678ac2a6c3d976ed562ebd5899f,7,No Smell,0.1851,Format Ambiguity,0.1786,Overloaded Prompt,0.1708,Irrelevant / Excessive Persona,0.1158,154,0.249
8eea8678ac2a6c3d976ed562ebd5899f,8,No Smell,0.2011,Irrelevant / Excessive Persona,0.1561,Format Ambiguity,0.1085,Ambiguous References,0.0861,389,0.321
8eea8678ac2a6c3d976ed562ebd5899f,9,No Smell,0.1851,Format Ambiguity,0.1786,Overloaded Prompt,0.1708,Irrelevant / Excessive Persona,0.1158,154,0.249
8eea8678ac2a6c3d976ed562ebd5899f,10,No Smell,0.1985,Irrelevant / Excessive Persona,0.1482,Format Ambiguity,0.1155,Unnecessary Repetition,0.0920,434,0.323
8eea8678ac2a6c3d976ed562ebd5899f,11,No Smell,0.1851,Format Ambiguity,0.1786,Overloaded Prompt,0.1708,Irrelevant / Excessive Persona,0.1158,154,0.249
8eea8678ac2a6c3d976ed562ebd5899f,12,No Smell,0.1906,Irrelevant / Excessive Persona,0.1551,Format Ambiguity,0.1159,Unnecessary Repetition,0.0890,396,0.322
8eea8678ac2a6c3d976ed562ebd5899f,13,No Smell,0.1851,Format Ambiguity,0.1786,Overloaded Prompt,0.1708,Irrelevant / Excessive Persona,0.1158,154,0.249
8eea8678ac2a6c3d976ed562ebd5899f,14,No Smell,0.1960,Irrelevant / Excessive Persona,0.1540,Format Ambiguity,0.1152,Vague / Missing Context,0.0891,410,0.322
8eea8678ac2a6c3d976ed562ebd5899f,15,No Smell,0.1851,Format Ambiguity,0.1786,Overloaded Prompt,0.1708,Irrelevant / Excessive Persona,0.1158,154,0.249
8eea8678ac2a6c3d976ed562ebd5899f,16,No Smell,0.1667,Irrelevant / Excessive Persona,0.1516,Format Ambiguity,0.1153,Unnecessary Repetition,0.0926,390,0.321
8eea8678ac2a6c3d976ed562ebd5899f,17,No Smell,0.1851,Format Ambiguity,0.1786,Overloaded Prompt,0.1708,Irrelevant / Excessive Persona,0.1158,154,0.249
8eea8678ac2a6c3d976ed562ebd5899f,18,No Smell,0.1808,Irrelevant / Excessive Persona,0.1517,Format Ambiguity,0.1137,Unnecessary Repetition,0.0893,397,0.322
8eea8678ac2a6c3d976ed562ebd5899f,19,Overloaded Prompt,0.1895,No Smell,0.1855,Format Ambiguity,0.1748,Irrelevant / Excessive Persona,0.1134,156,0.295
8eea8678ac2a6c3d976ed562ebd5899f,20,No Smell,0.1945,Irrelevant / Excessive Persona,0.1506,Format Ambiguity,0.1126,Vague / Missing Context,0.0887,380,0.320
8eea8678ac2a6c3d976ed562ebd5899f,21,No Smell,0.1824,Format Ambiguity,0.1775,Overloaded Prompt,0.1764,Irrelevant / Excessive Persona,0.1144,155,0.296
8eea8678ac2a6c3d976ed562ebd5899f,22,No Smell,0.1949,Irrelevant / Excessive Persona,0.1482,Format Ambiguity,0.1081,Vague / Missing Context,0.0897,380,0.322
8eea8678ac2a6c3d976ed562ebd5899f,23,No Smell,0.1824,Format Ambiguity,0.1775,Overloaded Prompt,0.1764,Irrelevant / Excessive Persona,0.1144,155,0.249
8eea8678ac2a6c3d976ed562ebd5899f,24,No Smell,0.1938,Irrelevant / Excessive Persona,0.1497,Format Ambiguity,0.1116,Ambiguous References,0.0895,417,0.322
8eea8678ac2a6c3d976ed562ebd5899f,25,No Smell,0.1824,Format Ambiguity,0.1775,Overloaded Prompt,0.1764,Irrelevant / Excessive Persona,0.1144,155,0.249
8eea8678ac2a6c3d976ed562ebd5899f,26,No Smell,0.1945,Irrelevant / Excessive Persona,0.1506,Format Ambiguity,0.1126,Vague / Missing Context,0.0887,380,0.250
8eea8678ac2a6c3d976ed562ebd5899f,27,Overloaded Prompt,0.1845,No Smell,0.1795,Format Ambiguity,0.1778,Irrelevant / Excessive Persona,0.1139,155,0.295
8eea8678ac2a6c3d976ed562ebd5899f,28,No Smell,0.1855,Irrelevant / Excessive Persona,0.1507,Format Ambiguity,0.1152,Ambiguous References,0.0904,417,0.322
8eea8678ac2a6c3d976ed562ebd5899f,29,Overloaded Prompt,0.1845,No Smell,0.1795,Format Ambiguity,0.1778,Irrelevant / Excessive Persona,0.1139,155,0.249
8eea8678ac2a6c3d976ed562ebd5899f,30,No Smell,0.1686,Irrelevant / Excessive Persona,0.1583,Format Ambiguity,0.1102,Unnecessary Repetition,0.0902,388,0.321
8eea8678ac2a6c3d976ed562ebd5899f,31,Overloaded Prompt,0.1845,No Smell,0.1795,Format Ambiguity,0.1778,Irrelevant / Excessive Persona,0.1139,155,0.249
8eea8678ac2a6c3d976ed562ebd5899f,32,No Smell,0.1804,Irrelevant / Excessive Persona,0.1499,Format Ambiguity,0.1155,Vague / Missing Context,0.0951,421,0.322
8eea8678ac2a6c3d976ed562ebd5899f,33,Overloaded Prompt,0.1845,No Smell,0.1795,Format Ambiguity,0.1778,Irrelevant / Excessive Persona,0.1139,155,0.249
8eea8678ac2a6c3d976ed562ebd5899f,34,No Smell,0.1876,Irrelevant / Excessive Persona,0.1545,Format Ambiguity,0.1094,Unnecessary Repetition,0.0888,381,0.322
8eea8678ac2a6c3d976ed562ebd5899f,35,Overloaded Prompt,0.1845,No Smell,0.1795,Format Ambiguity,0.1778,Irrelevant / Excessive Persona,0.1139,155,0.249
8eea8678ac2a6c3d976ed562ebd5899f,36,No Smell,0.1593,Irrelevant / Excessive Persona,0.1488,Format Ambiguity,0.1201,Unnecessary Repetition,0.0918,400,0.322
ee9911677693093c8ef0df1da0d2ab60,1,No Smell,0.1765,Format Ambiguity,0.1288,Unnecessary Repetition,0.1177,Vague / Missing Context,0.1153,1141,0.399
158d0297008e76f551ee6a12789183d2,1,No Smell,0.1759,Irrelevant / Excessive Persona,0.1503,Format Ambiguity,0.1149,Ambiguous References,0.0947,404,0.322
9900365ae9739f74647fc35b8ac89f07,1,No Smell,0.1812,Format Ambiguity,0.1354,Vague / Missing Context,0.1235,Ambiguous References,0.0964,736,0.383
8e503c44490bffef5cdd44b1a8b9370f,1,Format Ambiguity,0.1337,No Smell,0.1328,Ambiguous References,0.1268,Overloaded Prompt,0.1120,4000,0.833
abf104dbb3e0aa23c7bf8bbad12f81e9,2,Ambiguous References,0.1582,No Smell,0.1579,Format Ambiguity,0.1208,Vague / Missing Context,0.1037,90,0.293
7fd14a34f8d1c387be978e9ff9bda4aa,1,Overloaded Prompt,0.2122,Vague / Missing Context,0.1777,Format Ambiguity,0.1679,No Smell,0.1220,291,0.320
e2e229e6950c975808759a160ed837b9,1,No Smell,0.1863,Irrelevant / Excessive Persona,0.1358,Format Ambiguity,0.1218,Vague / Missing Context,0.1110,56,0.292
e2e229e6950c975808759a160ed837b9,2,No Smell,0.1920,Format Ambiguity,0.1552,Vague / Missing Context,0.1246,Ambiguous References,0.0849,64,0.293
6821b67a85cb954cdc08951d4f7a82f2,1,Vague / Missing Context,0.1501,Format Ambiguity,0.1358,No Smell,0.1264,Overloaded Prompt,0.0949,1229,0.401
3b9b97ecdb6712c59624e1459d5d8ac8,1,No Smell,0.1831,Format Ambiguity,0.1596,Overloaded Prompt,0.1013,Ambiguous References,0.0954,117,0.293
3b9b97ecdb6712c59624e1459d5d8ac8,2,No Smell,0.1892,Unnecessary Repetition,0.1275,Format Ambiguity,0.1182,Conflicting Constraints,0.0976,40,0.292
094d3a7c639a2dbcf6193220443132dd,1,No Smell,0.1759,Irrelevant / Excessive Persona,0.1503,Format Ambiguity,0.1149,Ambiguous References,0.0947,404,0.322
094d3a7c639a2dbcf6193220443132dd,2,Overloaded Prompt,0.1845,No Smell,0.1795,Format Ambiguity,0.1778,Irrelevant / Excessive Persona,0.1139,155,0.295
094d3a7c639a2dbcf6193220443132dd,3,No Smell,0.1868,Irrelevant / Excessive Persona,0.1518,Format Ambiguity,0.1086,Vague / Missing Context,0.0918,387,0.322
094d3a7c639a2dbcf6193220443132dd,4,Overloaded Prompt,0.1845,No Smell,0.1795,Format Ambiguity,0.1778,Irrelevant / Excessive Persona,0.1139,155,0.249
094d3a7c639a2dbcf6193220443132dd,5,No Smell,0.1725,Irrelevant / Excessive Persona,0.1460,Format Ambiguity,0.1269,Vague / Missing Context,0.0957,436,0.322
094d3a7c639a2dbcf6193220443132dd,6,Overloaded Prompt,0.1845,No Smell,0.1795,Format Ambiguity,0.1778,Irrelevant / Excessive Persona,0.1139,155,0.249
094d3a7c639a2dbcf6193220443132dd,7,No Smell,0.1818,Irrelevant / Excessive Persona,0.1419,Format Ambiguity,0.1117,Vague / Missing Context,0.0916,388,0.321
094d3a7c639a2dbcf6193220443132dd,8,Overloaded Prompt,0.1845,No Smell,0.1795,Format Ambiguity,0.1778,Irrelevant / Excessive Persona,0.1139,155,0.249
094d3a7c639a2dbcf6193220443132dd,9,No Smell,0.1622,Irrelevant / Excessive Persona,0.1411,Format Ambiguity,0.1126,Vague / Missing Context,0.0945,434,0.323
094d3a7c639a2dbcf6193220443132dd,10,Overloaded Prompt,0.1845,No Smell,0.1795,Format Ambiguity,0.1778,Irrelevant / Excessive Persona,0.1139,155,0.249
094d3a7c639a2dbcf6193220443132dd,11,No Smell,0.2004,Irrelevant / Excessive Persona,0.1531,Format Ambiguity,0.1085,Ambiguous References,0.0901,378,0.322
094d3a7c639a2dbcf6193220443132dd,12,Overloaded Prompt,0.1845,No Smell,0.1795,Format Ambiguity,0.1778,Irrelevant / Excessive Persona,0.1139,155,0.249
094d3a7c639a2dbcf6193220443132dd,13,No Smell,0.1729,Irrelevant / Excessive Persona,0.1500,Format Ambiguity,0.1113,Ambiguous References,0.0917,365,0.320
094d3a7c639a2dbcf6193220443132dd,14,Overloaded Prompt,0.1845,No Smell,0.1795,Format Ambiguity,0.1778,Irrelevant / Excessive Persona,0.1139,155,0.249
094d3a7c639a2dbcf6193220443132dd,15,No Smell,0.1769,Irrelevant / Excessive Persona,0.1430,Format Ambiguity,0.1255,Ambiguous References,0.1030,438,0.316
094d3a7c639a2dbcf6193220443132dd,16,Overloaded Prompt,0.1845,No Smell,0.1795,Format Ambiguity,0.1778,Irrelevant / Excessive Persona,0.1139,155,0.249
094d3a7c639a2dbcf6193220443132dd,17,No Smell,0.1996,Irrelevant / Excessive Persona,0.1464,Format Ambiguity,0.1098,Ambiguous References,0.0876,398,0.321
094d3a7c639a2dbcf6193220443132dd,18,Overloaded Prompt,0.1845,No Smell,0.1795,Format Ambiguity,0.1778,Irrelevant / Excessive Persona,0.1139,155,0.249
094d3a7c639a2dbcf6193220443132dd,19,No Smell,0.1925,Irrelevant / Excessive Persona,0.1569,Format Ambiguity,0.1094,Ambiguous References,0.0849,383,0.322
094d3a7c639a2dbcf6193220443132dd,20,Overloaded Prompt,0.1845,No Smell,0.1795,Format Ambiguity,0.1778,Irrelevant / Excessive Persona,0.1139,155,0.249
094d3a7c639a2dbcf6193220443132dd,21,No Smell,0.1941,Irrelevant / Excessive Persona,0.1527,Format Ambiguity,0.1121,Vague / Missing Context,0.0887,389,0.321
094d3a7c639a2dbcf6193220443132dd,22,Overloaded Prompt,0.1845,No Smell,0.1795,Format Ambiguity,0.1778,Irrelevant / Excessive Persona,0.1139,155,0.249
094d3a7c639a2dbcf6193220443132dd,23,No Smell,0.1762,Irrelevant / Excessive Persona,0.1593,Format Ambiguity,0.1167,Ambiguous References,0.0910,398,0.322
094d3a7c639a2dbcf6193220443132dd,24,Overloaded Prompt,0.1845,No Smell,0.1795,Format Ambiguity,0.1778,Irrelevant / Excessive Persona,0.1139,155,0.249
094d3a7c639a2dbcf6193220443132dd,25,No Smell,0.1801,Irrelevant / Excessive Persona,0.1431,Format Ambiguity,0.1133,Vague / Missing Context,0.0929,387,0.321
094d3a7c639a2dbcf6193220443132dd,26,Overloaded Prompt,0.1845,No Smell,0.1795,Format Ambiguity,0.1778,Irrelevant / Excessive Persona,0.1139,155,0.249
094d3a7c639a2dbcf6193220443132dd,27,No Smell,0.1921,Irrelevant / Excessive Persona,0.1523,Format Ambiguity,0.1123,Unnecessary Repetition,0.0904,397,0.322
094d3a7c639a2dbcf6193220443132dd,29,No Smell,0.1965,Irrelevant / Excessive Persona,0.1501,Format Ambiguity,0.1150,Unnecessary Repetition,0.0873,394,0.323
094d3a7c639a2dbcf6193220443132dd,30,Overloaded Prompt,0.1845,No Smell,0.1795,Format Ambiguity,0.1778,Irrelevant / Excessive Persona,0.1139,155,0.250
cc5fa689171862c1d07ed5af9323ff73,1,No Smell,0.1565,Unnecessary Repetition,0.1217,Format Ambiguity,0.1063,Ambiguous References,0.1021,119,0.292
cc5fa689171862c1d07ed5af9323ff73,2,No Smell,0.2004,Format Ambiguity,0.1629,Unnecessary Repetition,0.0860,Vague / Missing Context,0.0795,47,0.292
cc5fa689171862c1d07ed5af9323ff73,3,No Smell,0.2749,Format Ambiguity,0.1008,Unnecessary Repetition,0.0901,Ambiguous References,0.0870,240,0.296
cc5fa689171862c1d07ed5af9323ff73,4,No Smell,0.2203,Unnecessary Repetition,0.0999,Format Ambiguity,0.0975,Vague / Missing Context,0.0959,250,0.296
cc5fa689171862c1d07ed5af9323ff73,5,No Smell,0.2604,Unnecessary Repetition,0.1131,Format Ambiguity,0.1045,Ambiguous References,0.0827,129,0.292
cc5fa689171862c1d07ed5af9323ff73,6,No Smell,0.2686,Format Ambiguity,0.1144,Vague / Missing Context,0.0829,Unnecessary Repetition,0.0827,117,0.294
cc5fa689171862c1d07ed5af9323ff73,7,No Smell,0.2299,Format Ambiguity,0.1078,Ambiguous References,0.1009,Unnecessary Repetition,0.0972,75,0.292
cc5fa689171862c1d07ed5af9323ff73,8,No Smell,0.3134,Format Ambiguity,0.1104,Unnecessary Repetition,0.0913,Conflicting Constraints,0.0751,114,0.292
cc5fa689171862c1d07ed5af9323ff73,9,No Smell,0.2328,Format Ambiguity,0.1076,Unnecessary Repetition,0.1025,Ambiguous References,0.0952,231,0.295
a4c59ae45e9497ea8c54424dd5cb5fb0,1,No Smell,0.1554,Format Ambiguity,0.1406,Vague / Missing Context,0.1237,Ambiguous References,0.1122,1086,0.389
a4c59ae45e9497ea8c54424dd5cb5fb0,2,No Smell,0.1659,Format Ambiguity,0.1314,Ambiguous References,0.1078,Vague / Missing Context,0.1010,1279,0.401
928b74900a138adb211b4d5703bbfb10,2,No Smell,0.1715,Format Ambiguity,0.1075,Unnecessary Repetition,0.1032,Ambiguous References,0.0928,168,0.297
89745d8364bc20d652a74bb095ae99ef,1,No Smell,0.1808,Irrelevant / Excessive Persona,0.1517,Format Ambiguity,0.1137,Unnecessary Repetition,0.0893,397,0.322
89745d8364bc20d652a74bb095ae99ef,2,Overloaded Prompt,0.1845,No Smell,0.1795,Format Ambiguity,0.1778,Irrelevant / Excessive Persona,0.1139,155,0.295
89745d8364bc20d652a74bb095ae99ef,3,No Smell,0.1818,Irrelevant / Excessive Persona,0.1419,Format Ambiguity,0.1117,Vague / Missing Context,0.0916,388,0.320
89745d8364bc20d652a74bb095ae99ef,4,Overloaded Prompt,0.1845,No Smell,0.1795,Format Ambiguity,0.1778,Irrelevant / Excessive Persona,0.1139,155,0.249
89745d8364bc20d652a74bb095ae99ef,5,No Smell,0.1818,Irrelevant / Excessive Persona,0.1419,Format Ambiguity,0.1117,Vague / Missing Context,0.0916,388,0.250
89745d8364bc20d652a74bb095ae99ef,6,Overloaded Prompt,0.1845,No Smell,0.1795,Format Ambiguity,0.1778,Irrelevant / Excessive Persona,0.1139,155,0.249
89745d8364bc20d652a74bb095ae99ef,7,No Smell,0.2040,Irrelevant / Excessive Persona,0.1502,Format Ambiguity,0.1111,Vague / Missing Context,0.0871,393,0.322
89745d8364bc20d652a74bb095ae99ef,8,Overloaded Prompt,0.1845,No Smell,0.1795,Format Ambiguity,0.1778,Irrelevant / Excessive Persona,0.1139,155,0.249
8168adfecbca4bc659c4daea8f4d4ac9,1,No Smell,0.2001,Format Ambiguity,0.1411,Vague / Missing Context,0.1115,Unnecessary Repetition,0.0836,44,0.291
8168adfecbca4bc659c4daea8f4d4ac9,2,Format Ambiguity,0.1635,No Smell,0.1585,Vague / Missing Context,0.1462,Irrelevant / Excessive Persona,0.1146,65,0.291
8168adfecbca4bc659c4daea8f4d4ac9,3,No Smell,0.2023,Format Ambiguity,0.1235,Vague / Missing Context,0.1145,Unnecessary Repetition,0.0824,64,0.292
8168adfecbca4bc659c4daea8f4d4ac9,4,Format Ambiguity,0.1497,No Smell,0.1482,Vague / Missing Context,0.1171,Overloaded Prompt,0.0882,105,0.292
8168adfecbca4bc659c4daea8f4d4ac9,5,No Smell,0.1841,Format Ambiguity,0.1259,Vague / Missing Context,0.1013,Unnecessary Repetition,0.0917,51,0.291
8168adfecbca4bc659c4daea8f4d4ac9,6,No Smell,0.1558,Format Ambiguity,0.1246,Vague / Missing Context,0.1111,Unnecessary Repetition,0.0994,7,0.291
2c2d9d793845ebc79115a913b75847d5,1,No Smell,0.1553,Format Ambiguity,0.1459,Vague / Missing Context,0.1353,Ambiguous References,0.1133,1582,0.455
2c2d9d793845ebc79115a913b75847d5,2,No Smell,0.1286,Ambiguous References,0.1223,Format Ambiguity,0.1220,Vague / Missing Context,0.1100,184,0.295
2c2d9d793845ebc79115a913b75847d5,3,Vague / Missing Context,0.1555,No Smell,0.1369,Format Ambiguity,0.1194,Ambiguous References,0.1048,324,0.319
2c2d9d793845ebc79115a913b75847d5,4,No Smell,0.1575,Ambiguous References,0.1247,Format Ambiguity,0.1206,Vague / Missing Context,0.1200,675,0.363
2c2d9d793845ebc79115a913b75847d5,5,No Smell,0.1455,Ambiguous References,0.1383,Format Ambiguity,0.1166,Vague / Missing Context,0.0914,325,0.319
2c2d9d793845ebc79115a913b75847d5,6,Ambiguous References,0.1391,No Smell,0.1356,Format Ambiguity,0.1157,Vague / Missing Context,0.1049,624,0.362
2c2d9d793845ebc79115a913b75847d5,7,No Smell,0.1391,Vague / Missing Context,0.1330,Ambiguous References,0.1181,Format Ambiguity,0.1126,276,0.296
34822fe66adf80ec05514531c870bea8,1,No Smell,0.1818,Irrelevant / Excessive Persona,0.1420,Format Ambiguity,0.1197,Vague / Missing Context,0.0902,438,0.323
34822fe66adf80ec05514531c870bea8,2,Overloaded Prompt,0.1845,No Smell,0.1795,Format Ambiguity,0.1778,Irrelevant / Excessive Persona,0.1139,155,0.296
34822fe66adf80ec05514531c870bea8,3,No Smell,0.1941,Irrelevant / Excessive Persona,0.1527,Format Ambiguity,0.1121,Vague / Missing Context,0.0887,389,0.322
34822fe66adf80ec05514531c870bea8,4,Overloaded Prompt,0.1845,No Smell,0.1795,Format Ambiguity,0.1778,Irrelevant / Excessive Persona,0.1139,155,0.249
34822fe66adf80ec05514531c870bea8,5,No Smell,0.1818,Irrelevant / Excessive Persona,0.1419,Format Ambiguity,0.1117,Vague / Missing Context,0.0916,388,0.320
34822fe66adf80ec05514531c870bea8,6,Overloaded Prompt,0.1845,No Smell,0.1795,Format Ambiguity,0.1778,Irrelevant / Excessive Persona,0.1139,155,0.249
34822fe66adf80ec05514531c870bea8,7,No Smell,0.1622,Irrelevant / Excessive Persona,0.1411,Format Ambiguity,0.1126,Vague / Missing Context,0.0945,434,0.323
34822fe66adf80ec05514531c870bea8,8,Overloaded Prompt,0.1845,No Smell,0.1795,Format Ambiguity,0.1778,Irrelevant / Excessive Persona,0.1139,155,0.249
34822fe66adf80ec05514531c870bea8,9,No Smell,0.1888,Irrelevant / Excessive Persona,0.1534,Format Ambiguity,0.1117,Unnecessary Repetition,0.0892,415,0.322
34822fe66adf80ec05514531c870bea8,10,Overloaded Prompt,0.1845,No Smell,0.1795,Format Ambiguity,0.1778,Irrelevant / Excessive Persona,0.1139,155,0.249
34822fe66adf80ec05514531c870bea8,11,No Smell,0.1683,Irrelevant / Excessive Persona,0.1516,Format Ambiguity,0.1026,Vague / Missing Context,0.0965,387,0.322
34822fe66adf80ec05514531c870bea8,12,Overloaded Prompt,0.1845,No Smell,0.1795,Format Ambiguity,0.1778,Irrelevant / Excessive Persona,0.1139,155,0.249
34822fe66adf80ec05514531c870bea8,13,No Smell,0.1828,Irrelevant / Excessive Persona,0.1541,Format Ambiguity,0.1092,Vague / Missing Context,0.0929,399,0.322
34822fe66adf80ec05514531c870bea8,14,Overloaded Prompt,0.1845,No Smell,0.1795,Format Ambiguity,0.1778,Irrelevant / Excessive Persona,0.1139,155,0.249
34822fe66adf80ec05514531c870bea8,15,No Smell,0.1792,Irrelevant / Excessive Persona,0.1636,Format Ambiguity,0.1120,Vague / Missing Context,0.0896,405,0.322
34822fe66adf80ec05514531c870bea8,16,Overloaded Prompt,0.1845,No Smell,0.1795,Format Ambiguity,0.1778,Irrelevant / Excessive Persona,0.1139,155,0.250
2428f7bdf62fc7955629f40c9fc03eaf,1,No Smell,0.1773,Vague / Missing Context,0.1408,Format Ambiguity,0.1245,Conflicting Constraints,0.0937,22,0.293
2428f7bdf62fc7955629f40c9fc03eaf,2,Format Ambiguity,0.1939,No Smell,0.1710,Vague / Missing Context,0.1510,Formality / Audience Mismatch,0.0965,45,0.292
5810088abeb7da8d59cbea27e859cc8c,1,No Smell,0.2031,Irrelevant / Excessive Persona,0.1494,Format Ambiguity,0.1131,Vague / Missing Context,0.0868,367,0.320
5810088abeb7da8d59cbea27e859cc8c,2,Overloaded Prompt,0.1845,No Smell,0.1795,Format Ambiguity,0.1778,Irrelevant / Excessive Persona,0.1139,155,0.249
5810088abeb7da8d59cbea27e859cc8c,3,No Smell,0.1935,Irrelevant / Excessive Persona,0.1488,Format Ambiguity,0.1121,Vague / Missing Context,0.0963,402,0.322
5810088abeb7da8d59cbea27e859cc8c,4,Overloaded Prompt,0.1845,No Smell,0.1795,Format Ambiguity,0.1778,Irrelevant / Excessive Persona,0.1139,155,0.249
5810088abeb7da8d59cbea27e859cc8c,5,No Smell,0.1808,Irrelevant / Excessive Persona,0.1517,Format Ambiguity,0.1137,Unnecessary Repetition,0.0893,397,0.322
5810088abeb7da8d59cbea27e859cc8c,6,Overloaded Prompt,0.1845,No Smell,0.1795,Format Ambiguity,0.1778,Irrelevant / Excessive Persona,0.1139,155,0.249
5810088abeb7da8d59cbea27e859cc8c,7,No Smell,0.1822,Irrelevant / Excessive Persona,0.1566,Format Ambiguity,0.1146,Ambiguous References,0.0877,376,0.320
5810088abeb7da8d59cbea27e859cc8c,8,Overloaded Prompt,0.1845,No Smell,0.1795,Format Ambiguity,0.1778,Irrelevant / Excessive Persona,0.1139,155,0.249
eaf52c287d517eb62d4d7e945a217361,3,No Smell,0.1769,Format Ambiguity,0.1214,Ambiguous References,0.1010,Conflicting Constraints,0.0953,727,0.397
eaf52c287d517eb62d4d7e945a217361,4,No Smell,0.1844,Format Ambiguity,0.1195,Conflicting Constraints,0.1125,Vague / Missing Context,0.0941,140,0.296
eaf52c287d517eb62d4d7e945a217361,5,No Smell,0.1611,Format Ambiguity,0.1209,Unnecessary Repetition,0.0999,Ambiguous References,0.0992,90,0.295
eaf52c287d517eb62d4d7e945a217361,7,Format Ambiguity,0.1396,No Smell,0.1260,Ambiguous References,0.1173,Prompt Bloat / Convoluted Prompt,0.1072,3904,1.047
0e00a183f2b8c6f6e2cfb336e8402d46,1,No Smell,0.1818,Irrelevant / Excessive Persona,0.1419,Format Ambiguity,0.1117,Vague / Missing Context,0.0916,388,0.321
0e00a183f2b8c6f6e2cfb336e8402d46,2,Overloaded Prompt,0.1845,No Smell,0.1795,Format Ambiguity,0.1778,Irrelevant / Excessive Persona,0.1139,155,0.296
0e00a183f2b8c6f6e2cfb336e8402d46,3,No Smell,0.1886,Irrelevant / Excessive Persona,0.1491,Format Ambiguity,0.1163,Ambiguous References,0.0889,375,0.321
16a9358d0cb545561e7de32d95c7182a,1,No Smell,0.1785,Vague / Missing Context,0.1202,Format Ambiguity,0.1072,Irrelevant / Excessive Persona,0.1004,125,0.293
e698a18765656330429980f1346a0066,1,No Smell,0.1886,Irrelevant / Excessive Persona,0.1491,Format Ambiguity,0.1163,Ambiguous References,0.0889,375,0.250
e698a18765656330429980f1346a0066,2,Overloaded Prompt,0.1845,No Smell,0.1795,Format Ambiguity,0.1778,Irrelevant / Excessive Persona,0.1139,155,0.249
e698a18765656330429980f1346a0066,3,No Smell,0.1742,Irrelevant / Excessive Persona,0.1543,Format Ambiguity,0.1158,Vague / Missing Context,0.0936,388,0.321
e698a18765656330429980f1346a0066,4,Overloaded Prompt,0.1845,No Smell,0.1795,Format Ambiguity,0.1778,Irrelevant / Excessive Persona,0.1139,155,0.249
e698a18765656330429980f1346a0066,5,No Smell,0.2008,Irrelevant / Excessive Persona,0.1503,Format Ambiguity,0.1121,Vague / Missing Context,0.0866,385,0.321
e698a18765656330429980f1346a0066,6,Overloaded Prompt,0.1845,No Smell,0.1795,Format Ambiguity,0.1778,Irrelevant / Excessive Persona,0.1139,155,0.249
e698a18765656330429980f1346a0066,7,No Smell,0.2031,Irrelevant / Excessive Persona,0.1494,Format Ambiguity,0.1131,Vague / Missing Context,0.0868,367,0.320
e698a18765656330429980f1346a0066,8,Overloaded Prompt,0.1845,No Smell,0.1795,Format Ambiguity,0.1778,Irrelevant / Excessive Persona,0.1139,155,0.249
e698a18765656330429980f1346a0066,9,No Smell,0.1868,Irrelevant / Excessive Persona,0.1564,Format Ambiguity,0.1244,Ambiguous References,0.0884,434,0.322
e698a18765656330429980f1346a0066,10,Overloaded Prompt,0.1845,No Smell,0.1795,Format Ambiguity,0.1778,Irrelevant / Excessive Persona,0.1139,155,0.249
e698a18765656330429980f1346a0066,11,No Smell,0.2000,Irrelevant / Excessive Persona,0.1550,Format Ambiguity,0.1126,Ambiguous References,0.0866,357,0.321
e698a18765656330429980f1346a0066,12,Overloaded Prompt,0.1845,No Smell,0.1795,Format Ambiguity,0.1778,Irrelevant / Excessive Persona,0.1139,155,0.249
e698a18765656330429980f1346a0066,13,No Smell,0.1818,Irrelevant / Excessive Persona,0.1419,Format Ambiguity,0.1117,Vague / Missing Context,0.0916,388,0.320
e698a18765656330429980f1346a0066,14,Overloaded Prompt,0.1845,No Smell,0.1795,Format Ambiguity,0.1778,Irrelevant / Excessive Persona,0.1139,155,0.249
e698a18765656330429980f1346a0066,15,No Smell,0.1622,Irrelevant / Excessive Persona,0.1411,Format Ambiguity,0.1126,Vague / Missing Context,0.0945,434,0.323
3f81af630a246be55b8bb9a8d0d0f4ba,1,Format Ambiguity,0.1863,No Smell,0.1448,Vague / Missing Context,0.1165,Irrelevant / Excessive Persona,0.0920,60,0.292
3f81af630a246be55b8bb9a8d0d0f4ba,2,No Smell,0.1731,Format Ambiguity,0.1095,Vague / Missing Context,0.1074,Irrelevant / Excessive Persona,0.0926,38,0.291
3f81af630a246be55b8bb9a8d0d0f4ba,3,No Smell,0.1490,Vague / Missing Context,0.1237,Format Ambiguity,0.1203,Irrelevant / Excessive Persona,0.1138,47,0.291
3f81af630a246be55b8bb9a8d0d0f4ba,4,Vague / Missing Context,0.1539,No Smell,0.1434,Format Ambiguity,0.1291,Overloaded Prompt,0.0918,51,0.291
3f81af630a246be55b8bb9a8d0d0f4ba,5,Format Ambiguity,0.1889,No Smell,0.1844,Vague / Missing Context,0.0948,Formality / Audience Mismatch,0.0928,63,0.292
3f81af630a246be55b8bb9a8d0d0f4ba,6,Vague / Missing Context,0.1614,No Smell,0.1530,Format Ambiguity,0.1465,Overloaded Prompt,0.0860,66,0.292
3f81af630a246be55b8bb9a8d0d0f4ba,7,No Smell,0.1736,Irrelevant / Excessive Persona,0.1519,Format Ambiguity,0.1084,Vague / Missing Context,0.0986,46,0.292
01b4a6211e5d4a382b4bd22a25d11fdc,1,No Smell,0.1511,Vague / Missing Context,0.1143,Format Ambiguity,0.1135,Prompt Bloat / Convoluted Prompt,0.0960,1309,0.413
01b4a6211e5d4a382b4bd22a25d11fdc,2,No Smell,0.1857,Format Ambiguity,0.1342,Vague / Missing Context,0.1284,Unnecessary Repetition,0.0825,156,0.295
01b4a6211e5d4a382b4bd22a25d11fdc,3,No Smell,0.1660,Format Ambiguity,0.1165,Ambiguous References,0.1018,Vague / Missing Context,0.0986,1335,0.454
32da683fce4f8e12f758b97444386fef,1,No Smell,0.1542,Format Ambiguity,0.1396,Vague / Missing Context,0.1350,Ambiguous References,0.1072,1600,0.455
32da683fce4f8e12f758b97444386fef,2,No Smell,0.1624,Vague / Missing Context,0.1355,Format Ambiguity,0.1304,Ambiguous References,0.1169,459,0.323
32da683fce4f8e12f758b97444386fef,3,No Smell,0.1946,Format Ambiguity,0.1229,Vague / Missing Context,0.0945,Conflicting Constraints,0.0940,384,0.321
32da683fce4f8e12f758b97444386fef,4,No Smell,0.1429,Vague / Missing Context,0.1306,Format Ambiguity,0.1274,Ambiguous References,0.1250,402,0.320
32da683fce4f8e12f758b97444386fef,5,No Smell,0.1653,Ambiguous References,0.1378,Format Ambiguity,0.1236,Vague / Missing Context,0.1026,418,0.320
32742e61f06c16558a1964d5bcbf5d28,1,No Smell,0.1675,Irrelevant / Excessive Persona,0.1491,Format Ambiguity,0.1118,Unnecessary Repetition,0.0927,408,0.322
32742e61f06c16558a1964d5bcbf5d28,2,Overloaded Prompt,0.1845,No Smell,0.1795,Format Ambiguity,0.1778,Irrelevant / Excessive Persona,0.1139,155,0.296
32742e61f06c16558a1964d5bcbf5d28,3,No Smell,0.1736,Irrelevant / Excessive Persona,0.1475,Format Ambiguity,0.1197,Ambiguous References,0.0914,438,0.323
32742e61f06c16558a1964d5bcbf5d28,4,Overloaded Prompt,0.1845,No Smell,0.1795,Format Ambiguity,0.1778,Irrelevant / Excessive Persona,0.1139,155,0.249
32742e61f06c16558a1964d5bcbf5d28,5,No Smell,0.1968,Irrelevant / Excessive Persona,0.1572,Format Ambiguity,0.1179,Unnecessary Repetition,0.0880,405,0.321
32742e61f06c16558a1964d5bcbf5d28,6,Overloaded Prompt,0.1845,No Smell,0.1795,Format Ambiguity,0.1778,Irrelevant / Excessive Persona,0.1139,155,0.249
32742e61f06c16558a1964d5bcbf5d28,7,No Smell,0.1920,Irrelevant / Excessive Persona,0.1564,Format Ambiguity,0.1108,Ambiguous References,0.0951,409,0.322
32742e61f06c16558a1964d5bcbf5d28,8,Overloaded Prompt,0.1845,No Smell,0.1795,Format Ambiguity,0.1778,Irrelevant / Excessive Persona,0.1139,155,0.249
32742e61f06c16558a1964d5bcbf5d28,9,No Smell,0.2074,Irrelevant / Excessive Persona,0.1546,Format Ambiguity,0.1167,Ambiguous References,0.0853,389,0.320
32742e61f06c16558a1964d5bcbf5d28,10,Overloaded Prompt,0.1845,No Smell,0.1795,Format Ambiguity,0.1778,Irrelevant / Excessive Persona,0.1139,155,0.249
32742e61f06c16558a1964d5bcbf5d28,11,No Smell,0.1828,Irrelevant / Excessive Persona,0.1485,Format Ambiguity,0.1128,Vague / Missing Context,0.0965,378,0.321
32742e61f06c16558a1964d5bcbf5d28,12,Overloaded Prompt,0.1845,No Smell,0.1795,Format Ambiguity,0.1778,Irrelevant / Excessive Persona,0.1139,155,0.249
32742e61f06c16558a1964d5bcbf5d28,13,No Smell,0.1762,Irrelevant / Excessive Persona,0.1593,Format Ambiguity,0.1167,Ambiguous References,0.0910,398,0.323
32742e61f06c16558a1964d5bcbf5d28,14,Overloaded Prompt,0.1845,No Smell,0.1795,Format Ambiguity,0.1778,Irrelevant / Excessive Persona,0.1139,155,0.249
32742e61f06c16558a1964d5bcbf5d28,15,No Smell,0.1968,Irrelevant / Excessive Persona,0.1525,Format Ambiguity,0.1211,Unnecessary Repetition,0.0874,418,0.320
32742e61f06c16558a1964d5bcbf5d28,16,Overloaded Prompt,0.1845,No Smell,0.1795,Format Ambiguity,0.1778,Irrelevant / Excessive Persona,0.1139,155,0.249
32742e61f06c16558a1964d5bcbf5d28,17,No Smell,0.1943,Irrelevant / Excessive Persona,0.1490,Format Ambiguity,0.1107,Vague / Missing Context,0.0900,365,0.320
32742e61f06c16558a1964d5bcbf5d28,18,Overloaded Prompt,0.1845,No Smell,0.1795,Format Ambiguity,0.1778,Irrelevant / Excessive Persona,0.1139,155,0.249
32742e61f06c16558a1964d5bcbf5d28,19,No Smell,0.1961,Irrelevant / Excessive Persona,0.1439,Format Ambiguity,0.1065,Ambiguous References,0.0910,380,0.321
32742e61f06c16558a1964d5bcbf5d28,20,Overloaded Prompt,0.1845,No Smell,0.1795,Format Ambiguity,0.1778,Irrelevant / Excessive Persona,0.1139,155,0.249
32742e61f06c16558a1964d5bcbf5d28,21,No Smell,0.1890,Irrelevant / Excessive Persona,0.1482,Format Ambiguity,0.1167,Ambiguous References,0.0916,419,0.323
32742e61f06c16558a1964d5bcbf5d28,22,Overloaded Prompt,0.1845,No Smell,0.1795,Format Ambiguity,0.1778,Irrelevant / Excessive Persona,0.1139,155,0.249
32742e61f06c16558a1964d5bcbf5d28,23,No Smell,0.1855,Irrelevant / Excessive Persona,0.1464,Format Ambiguity,0.1158,Ambiguous References,0.0956,388,0.320
32742e61f06c16558a1964d5bcbf5d28,24,Overloaded Prompt,0.1845,No Smell,0.1795,Format Ambiguity,0.1778,Irrelevant / Excessive Persona,0.1139,155,0.249
32742e61f06c16558a1964d5bcbf5d28,25,No Smell,0.2101,Irrelevant / Excessive Persona,0.1517,Format Ambiguity,0.1123,Vague / Missing Context,0.0873,377,0.320
32742e61f06c16558a1964d5bcbf5d28,26,Overloaded Prompt,0.1845,No Smell,0.1795,Format Ambiguity,0.1778,Irrelevant / Excessive Persona,0.1139,155,0.249
32742e61f06c16558a1964d5bcbf5d28,27,No Smell,0.1916,Irrelevant / Excessive Persona,0.1525,Format Ambiguity,0.1143,Vague / Missing Context,0.0878,369,0.320
32742e61f06c16558a1964d5bcbf5d28,28,Overloaded Prompt,0.1845,No Smell,0.1795,Format Ambiguity,0.1778,Irrelevant / Excessive Persona,0.1139,155,0.249
32742e61f06c16558a1964d5bcbf5d28,29,No Smell,0.2053,Irrelevant / Excessive Persona,0.1496,Format Ambiguity,0.1146,Vague / Missing Context,0.0860,380,0.320
32742e61f06c16558a1964d5bcbf5d28,30,Overloaded Prompt,0.1845,No Smell,0.1795,Format Ambiguity,0.1778,Irrelevant / Excessive Persona,0.1139,155,0.249
32742e61f06c16558a1964d5bcbf5d28,31,No Smell,0.1844,Irrelevant / Excessive Persona,0.1502,Format Ambiguity,0.1149,Vague / Missing Context,0.0924,373,0.320
32742e61f06c16558a1964d5bcbf5d28,32,Overloaded Prompt,0.1845,No Smell,0.1795,Format Ambiguity,0.1778,Irrelevant / Excessive Persona,0.1139,155,0.249
32742e61f06c16558a1964d5bcbf5d28,33,No Smell,0.1916,Irrelevant / Excessive Persona,0.1493,Format Ambiguity,0.1135,Vague / Missing Context,0.0891,390,0.321
32742e61f06c16558a1964d5bcbf5d28,34,Overloaded Prompt,0.1845,No Smell,0.1795,Format Ambiguity,0.1778,Irrelevant / Excessive Persona,0.1139,155,0.249
32742e61f06c16558a1964d5bcbf5d28,35,No Smell,0.1880,Irrelevant / Excessive Persona,0.1519,Format Ambiguity,0.1169,Vague / Missing Context,0.0877,360,0.320
32742e61f06c16558a1964d5bcbf5d28,36,Overloaded Prompt,0.1845,No Smell,0.1795,Format Ambiguity,0.1778,Irrelevant / Excessive Persona,0.1139,155,0.249
32742e61f06c16558a1964d5bcbf5d28,37,No Smell,0.1843,Irrelevant / Excessive Persona,0.1466,Format Ambiguity,0.1151,Ambiguous References,0.0947,409,0.322
32742e61f06c16558a1964d5bcbf5d28,38,Overloaded Prompt,0.1845,No Smell,0.1795,Format Ambiguity,0.1778,Irrelevant / Excessive Persona,0.1139,155,0.249
b2b00e2ae69cd9d18f2d26acc56ff1d0,1,Unnecessary Repetition,0.1699,No Smell,0.1420,Vague / Missing Context,0.1080,Format Ambiguity,0.1051,16,0.291
b2b00e2ae69cd9d18f2d26acc56ff1d0,2,No Smell,0.1485,Format Ambiguity,0.1433,Ambiguous References,0.1120,Unnecessary Repetition,0.0927,323,0.321
88ae6a525f6efae9d60033b5d8c7ff2d,1,No Smell,0.1432,Format Ambiguity,0.1395,Vague / Missing Context,0.1253,Overloaded Prompt,0.0997,229,0.296
58ea16f76ba1f67eeb03fbd990543a36,1,No Smell,0.2026,Format Ambiguity,0.1410,Vague / Missing Context,0.1319,Formality / Audience Mismatch,0.0907,123,0.292
58ea16f76ba1f67eeb03fbd990543a36,2,No Smell,0.1794,Format Ambiguity,0.1315,Vague / Missing Context,0.1166,Overloaded Prompt,0.1021,31,0.291
5ff012fd994759b3b4f03c437138cc0b,1,No Smell,0.1919,Irrelevant / Excessive Persona,0.1520,Format Ambiguity,0.1141,Ambiguous References,0.0869,375,0.320
5ff012fd994759b3b4f03c437138cc0b,2,Overloaded Prompt,0.1845,No Smell,0.1795,Format Ambiguity,0.1778,Irrelevant / Excessive Persona,0.1139,155,0.296
5ff012fd994759b3b4f03c437138cc0b,3,No Smell,0.1854,Irrelevant / Excessive Persona,0.1487,Format Ambiguity,0.1157,Vague / Missing Context,0.0911,375,0.320
5ff012fd994759b3b4f03c437138cc0b,4,Overloaded Prompt,0.1845,No Smell,0.1795,Format Ambiguity,0.1778,Irrelevant / Excessive Persona,0.1139,155,0.249
5ff012fd994759b3b4f03c437138cc0b,5,No Smell,0.1966,Irrelevant / Excessive Persona,0.1488,Format Ambiguity,0.1174,Vague / Missing Context,0.0853,378,0.320
5ff012fd994759b3b4f03c437138cc0b,6,Overloaded Prompt,0.1845,No Smell,0.1795,Format Ambiguity,0.1778,Irrelevant / Excessive Persona,0.1139,155,0.249
5ff012fd994759b3b4f03c437138cc0b,7,No Smell,0.1805,Irrelevant / Excessive Persona,0.1453,Format Ambiguity,0.1151,Ambiguous References,0.0923,410,0.322
5ff012fd994759b3b4f03c437138cc0b,8,Overloaded Prompt,0.1845,No Smell,0.1795,Format Ambiguity,0.1778,Irrelevant / Excessive Persona,0.1139,155,0.249
5ff012fd994759b3b4f03c437138cc0b,9,No Smell,0.1966,Irrelevant / Excessive Persona,0.1541,Format Ambiguity,0.1129,Ambiguous References,0.0848,354,0.320
5ff012fd994759b3b4f03c437138cc0b,10,Overloaded Prompt,0.1845,No Smell,0.1795,Format Ambiguity,0.1778,Irrelevant / Excessive Persona,0.1139,155,0.249
5ff012fd994759b3b4f03c437138cc0b,11,No Smell,0.1866,Irrelevant / Excessive Persona,0.1487,Format Ambiguity,0.1148,Vague / Missing Context,0.0908,378,0.320
5ff012fd994759b3b4f03c437138cc0b,12,Overloaded Prompt,0.1845,No Smell,0.1795,Format Ambiguity,0.1778,Irrelevant / Excessive Persona,0.1139,155,0.249
5ff012fd994759b3b4f03c437138cc0b,13,No Smell,0.1928,Irrelevant / Excessive Persona,0.1560,Format Ambiguity,0.1091,Vague / Missing Context,0.0929,409,0.322
5ff012fd994759b3b4f03c437138cc0b,14,Overloaded Prompt,0.1845,No Smell,0.1795,Format Ambiguity,0.1778,Irrelevant / Excessive Persona,0.1139,155,0.249
5ff012fd994759b3b4f03c437138cc0b,15,No Smell,0.1790,Irrelevant / Excessive Persona,0.1543,Format Ambiguity,0.1155,Vague / Missing Context,0.0869,369,0.320
5ff012fd994759b3b4f03c437138cc0b,16,Overloaded Prompt,0.1845,No Smell,0.1795,Format Ambiguity,0.1778,Irrelevant / Excessive Persona,0.1139,155,0.249
5ff012fd994759b3b4f03c437138cc0b,17,No Smell,0.1896,Irrelevant / Excessive Persona,0.1529,Format Ambiguity,0.1189,Unnecessary Repetition,0.0889,389,0.321
5ff012fd994759b3b4f03c437138cc0b,18,Overloaded Prompt,0.1845,No Smell,0.1795,Format Ambiguity,0.1778,Irrelevant / Excessive Persona,0.1139,155,0.249
5ff012fd994759b3b4f03c437138cc0b,19,No Smell,0.1905,Irrelevant / Excessive Persona,0.1517,Format Ambiguity,0.1130,Ambiguous References,0.0884,395,0.322
5ff012fd994759b3b4f03c437138cc0b,20,Overloaded Prompt,0.1845,No Smell,0.1795,Format Ambiguity,0.1778,Irrelevant / Excessive Persona,0.1139,155,0.249
ceaea190dd17f4dd8eb071458c967ce5,1,Format Ambiguity,0.1740,No Smell,0.1580,Vague / Missing Context,0.1215,Overloaded Prompt,0.1070,100,0.292
91da32e185b389c590bf9ea43626d879,1,No Smell,0.1972,Unnecessary Repetition,0.1253,Prompt Bloat / Convoluted Prompt,0.0940,Format Ambiguity,0.0915,49,0.293
91da32e185b389c590bf9ea43626d879,2,No Smell,0.1734,Unnecessary Repetition,0.1314,Format Ambiguity,0.0995,Prompt Bloat / Convoluted Prompt,0.0908,282,0.316
91da32e185b389c590bf9ea43626d879,3,No Smell,0.1621,Format Ambiguity,0.1132,Prompt Bloat / Convoluted Prompt,0.0998,Vague / Missing Context,0.0962,372,0.317
91da32e185b389c590bf9ea43626d879,4,No Smell,0.1606,Unnecessary Repetition,0.1185,Format Ambiguity,0.1012,Conflicting Constraints,0.0993,297,0.317
46ff692248dd88b845e65ac5839cf058,1,Format Ambiguity,0.2054,No Smell,0.1636,Overloaded Prompt,0.1151,Vague / Missing Context,0.1084,20,0.292
46ff692248dd88b845e65ac5839cf058,2,No Smell,0.1743,Format Ambiguity,0.1183,Vague / Missing Context,0.1137,Unnecessary Repetition,0.0906,30,0.292
74284444d393e6acf7eb94b5e35d08a7,1,No Smell,0.1759,Format Ambiguity,0.1354,Irrelevant / Excessive Persona,0.0952,Vague / Missing Context,0.0888,50,0.291
74284444d393e6acf7eb94b5e35d08a7,2,No Smell,0.1865,Format Ambiguity,0.1195,Irrelevant / Excessive Persona,0.1031,Unnecessary Repetition,0.0939,49,0.292
8ffbf69a8a0e8d30f9a9680ccfb2a760,1,Format Ambiguity,0.1805,No Smell,0.1780,Overloaded Prompt,0.1436,Vague / Missing Context,0.1086,141,0.293
fa091c33eae423b5e0a4622f1090b3a3,1,No Smell,0.1554,Vague / Missing Context,0.1340,Format Ambiguity,0.1302,Unnecessary Repetition,0.1154,627,0.330
3d0663916939591770464f5439377d25,1,No Smell,0.1985,Format Ambiguity,0.1379,Overloaded Prompt,0.1055,Vague / Missing Context,0.0933,58,0.293
3d0663916939591770464f5439377d25,2,No Smell,0.1923,Format Ambiguity,0.1248,Unnecessary Repetition,0.1064,Ambiguous References,0.0865,49,0.292
12622ec12050a4f98ccf85d4785002dd,1,Format Ambiguity,0.2219,No Smell,0.1870,Overloaded Prompt,0.0991,Conflicting Constraints,0.0777,78,0.296
12622ec12050a4f98ccf85d4785002dd,2,No Smell,0.1494,Conflicting Constraints,0.1316,Format Ambiguity,0.1134,Unnecessary Repetition,0.1051,67,0.294
12622ec12050a4f98ccf85d4785002dd,3,Format Ambiguity,0.2120,No Smell,0.1936,Vague / Missing Context,0.0896,Conflicting Constraints,0.0783,57,0.292
dcd97490f4e6ba2dc9dd292671749c22,1,No Smell,0.1914,Ambiguous References,0.1424,Irrelevant / Excessive Persona,0.1227,Format Ambiguity,0.1207,82,0.292
6b43670c70aa1549386de7855e11c8cf,1,No Smell,0.1967,Ambiguous References,0.1717,Format Ambiguity,0.1606,Irrelevant / Excessive Persona,0.1265,38,0.291
6b43670c70aa1549386de7855e11c8cf,2,No Smell,0.2409,Format Ambiguity,0.1843,Irrelevant / Excessive Persona,0.1242,Ambiguous References,0.1220,55,0.292
a1eff590924ac49555413d34911b5334,1,No Smell,0.1998,Ambiguous References,0.1710,Format Ambiguity,0.1661,Irrelevant / Excessive Persona,0.1356,32,0.292
ab376ad8584e6fd75f545740320724b5,1,No Smell,0.1748,Format Ambiguity,0.1318,Unnecessary Repetition,0.1245,Vague / Missing Context,0.1160,847,0.379
ab376ad8584e6fd75f545740320724b5,2,Vague / Missing Context,0.1684,No Smell,0.1408,Format Ambiguity,0.1384,Irrelevant / Excessive Persona,0.1193,39,0.292
4cdad97c6288a21e34f126dd8263b052,1,No Smell,0.2327,Format Ambiguity,0.1104,Unnecessary Repetition,0.0898,Conflicting Constraints,0.0862,45,0.291
4cdad97c6288a21e34f126dd8263b052,2,No Smell,0.1747,Format Ambiguity,0.1461,Vague / Missing Context,0.1052,Ambiguous References,0.0893,40,0.292
4cdad97c6288a21e34f126dd8263b052,3,No Smell,0.1583,Ambiguous References,0.1232,Format Ambiguity,0.1105,Vague / Missing Context,0.0984,47,0.293
4cdad97c6288a21e34f126dd8263b052,4,No Smell,0.1738,Format Ambiguity,0.1244,Ambiguous References,0.1136,Vague / Missing Context,0.0982,74,0.293
de9ff9914beb0f969c5b2fd94e73f96c,1,Ambiguous References,0.1449,Format Ambiguity,0.1321,No Smell,0.1201,Vague / Missing Context,0.1023,1474,0.463
de9ff9914beb0f969c5b2fd94e73f96c,3,No Smell,0.1655,Format Ambiguity,0.1319,Vague / Missing Context,0.1186,Ambiguous References,0.1010,76,0.293
de9ff9914beb0f969c5b2fd94e73f96c,4,No Smell,0.1617,Format Ambiguity,0.1436,Vague / Missing Context,0.1412,Overloaded Prompt,0.0823,49,0.291
de9ff9914beb0f969c5b2fd94e73f96c,5,Format Ambiguity,0.1761,No Smell,0.1761,Vague / Missing Context,0.1307,Overloaded Prompt,0.0815,131,0.292
de9ff9914beb0f969c5b2fd94e73f96c,6,No Smell,0.1628,Format Ambiguity,0.1567,Vague / Missing Context,0.1540,Conflicting Constraints,0.0820,45,0.291
0267db1c52cf294c9bdc4d98a6b2a244,1,No Smell,0.1765,Format Ambiguity,0.1288,Unnecessary Repetition,0.1177,Vague / Missing Context,0.1153,1141,0.399
3eb2f684494861972a3bacba30a541df,1,No Smell,0.1581,Format Ambiguity,0.1187,Irrelevant / Excessive Persona,0.1171,Unnecessary Repetition,0.0921,2495,0.579
3eb2f684494861972a3bacba30a541df,2,No Smell,0.1581,Format Ambiguity,0.1187,Irrelevant / Excessive Persona,0.1171,Unnecessary Repetition,0.0921,2495,0.257
46ca88882a0bb5034911bf2c6ba31c07,1,Format Ambiguity,0.1707,No Smell,0.1665,Vague / Missing Context,0.1287,Overloaded Prompt,0.0903,62,0.293
46ca88882a0bb5034911bf2c6ba31c07,2,Format Ambiguity,0.1674,No Smell,0.1624,Vague / Missing Context,0.1409,Overloaded Prompt,0.0880,81,0.293
9987edd789e9bee673fda8a748d583b7,1,Format Ambiguity,0.1958,No Smell,0.1759,Vague / Missing Context,0.1711,Overloaded Prompt,0.0794,221,0.296
80a7aef2cc6b929cfe0bdf484c3c9dc5,1,Vague / Missing Context,0.1938,No Smell,0.1823,Format Ambiguity,0.1492,Ambiguous References,0.0750,88,0.292
80a7aef2cc6b929cfe0bdf484c3c9dc5,2,No Smell,0.1886,Format Ambiguity,0.1566,Vague / Missing Context,0.1380,Irrelevant / Excessive Persona,0.0818,82,0.292
80a7aef2cc6b929cfe0bdf484c3c9dc5,3,Vague / Missing Context,0.2040,Format Ambiguity,0.1662,No Smell,0.1575,Irrelevant / Excessive Persona,0.0748,114,0.293
80a7aef2cc6b929cfe0bdf484c3c9dc5,4,No Smell,0.1584,Format Ambiguity,0.1203,Vague / Missing Context,0.1185,Ambiguous References,0.1074,666,0.318
80a7aef2cc6b929cfe0bdf484c3c9dc5,5,Vague / Missing Context,0.1455,No Smell,0.1431,Format Ambiguity,0.1220,Formality / Audience Mismatch,0.1057,340,0.297
80a7aef2cc6b929cfe0bdf484c3c9dc5,6,No Smell,0.1428,Vague / Missing Context,0.1386,Formality / Audience Mismatch,0.1256,Format Ambiguity,0.1029,314,0.319
80a7aef2cc6b929cfe0bdf484c3c9dc5,7,No Smell,0.1411,Vague / Missing Context,0.1295,Formality / Audience Mismatch,0.1215,Format Ambiguity,0.1082,806,0.363
80a7aef2cc6b929cfe0bdf484c3c9dc5,8,No Smell,0.1484,Formality / Audience Mismatch,0.1297,Vague / Missing Context,0.1284,Format Ambiguity,0.1024,359,0.320
80a7aef2cc6b929cfe0bdf484c3c9dc5,9,No Smell,0.1822,Format Ambiguity,0.1173,Vague / Missing Context,0.1147,Formality / Audience Mismatch,0.1030,647,0.330
80a7aef2cc6b929cfe0bdf484c3c9dc5,10,Vague / Missing Context,0.1433,Format Ambiguity,0.1300,Formality / Audience Mismatch,0.1265,No Smell,0.1039,687,0.363
80a7aef2cc6b929cfe0bdf484c3c9dc5,11,Vague / Missing Context,0.1585,Format Ambiguity,0.1472,No Smell,0.1263,Formality / Audience Mismatch,0.0979,707,0.362
7fa4a3b562b5ed8cae98d64af8d9b6bd,1,Format Ambiguity,0.1484,No Smell,0.1358,Vague / Missing Context,0.1284,Irrelevant / Excessive Persona,0.0960,2604,0.613
0bc6b83fcfe8121a95b3e4e39da9b8a2,1,Format Ambiguity,0.1987,No Smell,0.1701,Vague / Missing Context,0.1666,Overloaded Prompt,0.0777,241,0.296
9a3b9cd13e5773970ddab7db463302f7,1,Vague / Missing Context,0.2163,No Smell,0.1487,Format Ambiguity,0.1278,Unnecessary Repetition,0.0758,22,0.291
9a3b9cd13e5773970ddab7db463302f7,2,No Smell,0.1401,Vague / Missing Context,0.1187,Prompt Bloat / Convoluted Prompt,0.1042,Unnecessary Repetition,0.1012,26,0.292
9a3b9cd13e5773970ddab7db463302f7,3,No Smell,0.1657,Format Ambiguity,0.1173,Vague / Missing Context,0.1075,Ambiguous References,0.0929,14,0.291
9a3b9cd13e5773970ddab7db463302f7,4,No Smell,0.2028,Format Ambiguity,0.1180,Vague / Missing Context,0.1073,Ambiguous References,0.0974,223,0.296
9a3b9cd13e5773970ddab7db463302f7,5,No Smell,0.1685,Ambiguous References,0.1094,Unnecessary Repetition,0.1024,Vague / Missing Context,0.1012,79,0.293
9a3b9cd13e5773970ddab7db463302f7,6,No Smell,0.1525,Ambiguous References,0.1372,Format Ambiguity,0.1182,Vague / Missing Context,0.1080,13,0.291
7b21b22a9ca15b7b0808ff025099afdc,1,Format Ambiguity,0.1965,No Smell,0.1798,Vague / Missing Context,0.1522,Overloaded Prompt,0.0737,259,0.296
633f761ffbd343163e309ff02732fb7e,1,Format Ambiguity,0.1532,Vague / Missing Context,0.1516,No Smell,0.1466,Overloaded Prompt,0.1048,82,0.293
0eaf9ee8294715035bf5995fd722aa79,1,No Smell,0.1820,Vague / Missing Context,0.1519,Format Ambiguity,0.1465,Overloaded Prompt,0.0997,77,0.292
0fd4b824ea5d505ad33ed48818fc1771,1,Vague / Missing Context,0.1906,Format Ambiguity,0.1882,No Smell,0.1414,Overloaded Prompt,0.0942,30,0.291
0fd4b824ea5d505ad33ed48818fc1771,2,No Smell,0.1856,Format Ambiguity,0.1278,Ambiguous References,0.1063,Vague / Missing Context,0.1028,63,0.292
0fd4b824ea5d505ad33ed48818fc1771,3,No Smell,0.2388,Format Ambiguity,0.1470,Vague / Missing Context,0.0927,Ambiguous References,0.0843,50,0.292
0fd4b824ea5d505ad33ed48818fc1771,5,Vague / Missing Context,0.1404,Format Ambiguity,0.1375,No Smell,0.1225,Unnecessary Repetition,0.1160,19,0.292
0fd4b824ea5d505ad33ed48818fc1771,6,No Smell,0.2389,Format Ambiguity,0.1836,Overloaded Prompt,0.1074,Vague / Missing Context,0.0824,46,0.292
0fd4b824ea5d505ad33ed48818fc1771,8,Vague / Missing Context,0.1417,No Smell,0.1268,Format Ambiguity,0.1208,Unnecessary Repetition,0.0994,4,0.292
c126506e5181804220540f016148442a,1,Format Ambiguity,0.1862,No Smell,0.1735,Vague / Missing Context,0.1604,Irrelevant / Excessive Persona,0.0710,375,0.320
06f953b0754b72568ae3b8691bda2124,1,No Smell,0.1419,Vague / Missing Context,0.1291,Format Ambiguity,0.1235,Ambiguous References,0.1197,989,0.380
06f953b0754b72568ae3b8691bda2124,2,No Smell,0.2027,Format Ambiguity,0.1178,Vague / Missing Context,0.0993,Ambiguous References,0.0951,111,0.293
06f953b0754b72568ae3b8691bda2124,3,No Smell,0.1903,Format Ambiguity,0.1234,Vague / Missing Context,0.1151,Ambiguous References,0.0964,126,0.293
48f5439eee5c55a5ff05a2f626aa45df,1,Format Ambiguity,0.2361,No Smell,0.2014,Overloaded Prompt,0.1035,Vague / Missing Context,0.0818,15,0.292
48f5439eee5c55a5ff05a2f626aa45df,2,No Smell,0.1407,Format Ambiguity,0.1238,Conflicting Constraints,0.1088,Unnecessary Repetition,0.1027,23,0.292
197044e8c3a4b9a899496771cd8305c7,1,No Smell,0.1889,Format Ambiguity,0.1276,Vague / Missing Context,0.1110,Ambiguous References,0.1001,195,0.296
197044e8c3a4b9a899496771cd8305c7,2,Ambiguous References,0.1784,No Smell,0.1371,Format Ambiguity,0.1152,Vague / Missing Context,0.1137,61,0.293
197044e8c3a4b9a899496771cd8305c7,3,No Smell,0.1613,Format Ambiguity,0.1256,Vague / Missing Context,0.1197,Ambiguous References,0.1050,212,0.296
197044e8c3a4b9a899496771cd8305c7,4,No Smell,0.1407,Vague / Missing Context,0.1224,Format Ambiguity,0.1151,Conflicting Constraints,0.1011,85,0.293
197044e8c3a4b9a899496771cd8305c7,5,No Smell,0.1525,Vague / Missing Context,0.1181,Format Ambiguity,0.1145,Unnecessary Repetition,0.1089,119,0.293
197044e8c3a4b9a899496771cd8305c7,6,No Smell,0.1436,Vague / Missing Context,0.1255,Format Ambiguity,0.1169,Ambiguous References,0.1120,204,0.296
197044e8c3a4b9a899496771cd8305c7,7,No Smell,0.1676,Vague / Missing Context,0.1546,Format Ambiguity,0.1510,Conflicting Constraints,0.0853,51,0.291
197044e8c3a4b9a899496771cd8305c7,8,Ambiguous References,0.1588,No Smell,0.1362,Vague / Missing Context,0.1111,Format Ambiguity,0.1107,146,0.295
b374c48f2b566bd061d3430c4b333d14,1,Format Ambiguity,0.1862,No Smell,0.1735,Vague / Missing Context,0.1604,Irrelevant / Excessive Persona,0.0710,375,0.320
68bbeaa92da611f3dd14f43f8d5a64c1,1,No Smell,0.1659,Vague / Missing Context,0.1198,Format Ambiguity,0.1134,Ambiguous References,0.1010,75,0.293
68bbeaa92da611f3dd14f43f8d5a64c1,2,No Smell,0.1443,Vague / Missing Context,0.1322,Format Ambiguity,0.1216,Ambiguous References,0.0904,48,0.292
62afb6d2b4993ee9f6e098f2177356a6,1,No Smell,0.1793,Format Ambiguity,0.1251,Vague / Missing Context,0.1049,Unnecessary Repetition,0.0878,58,0.292
19868ca046f984c62124124c9c24639b,1,Vague / Missing Context,0.1601,Formality / Audience Mismatch,0.1205,Format Ambiguity,0.1135,No Smell,0.1101,669,0.331
19868ca046f984c62124124c9c24639b,2,No Smell,0.1366,Vague / Missing Context,0.1349,Format Ambiguity,0.1171,Formality / Audience Mismatch,0.1012,706,0.362
94712c1c464d1b34f96b7b595ed8e90a,1,No Smell,0.1366,Vague / Missing Context,0.1349,Format Ambiguity,0.1171,Formality / Audience Mismatch,0.1012,706,0.251
33157839d4fda135098fa16ed4ae0c49,1,Format Ambiguity,0.1780,No Smell,0.1713,Vague / Missing Context,0.1243,Overloaded Prompt,0.0886,42,0.293
33157839d4fda135098fa16ed4ae0c49,2,Format Ambiguity,0.1787,No Smell,0.1719,Vague / Missing Context,0.1278,Overloaded Prompt,0.0796,42,0.294
33157839d4fda135098fa16ed4ae0c49,3,Format Ambiguity,0.1764,No Smell,0.1685,Vague / Missing Context,0.1248,Overloaded Prompt,0.0888,43,0.293
33157839d4fda135098fa16ed4ae0c49,4,Format Ambiguity,0.1740,No Smell,0.1729,Vague / Missing Context,0.1239,Overloaded Prompt,0.0815,42,0.293
33157839d4fda135098fa16ed4ae0c49,5,No Smell,0.1786,Format Ambiguity,0.1612,Vague / Missing Context,0.1274,Overloaded Prompt,0.0853,42,0.293
33157839d4fda135098fa16ed4ae0c49,6,Format Ambiguity,0.1692,No Smell,0.1633,Vague / Missing Context,0.1428,Overloaded Prompt,0.0875,43,0.293
33157839d4fda135098fa16ed4ae0c49,7,Format Ambiguity,0.1725,No Smell,0.1682,Vague / Missing Context,0.1302,Overloaded Prompt,0.0880,44,0.292
4dfb31afd6de73d62475d691c6670304,1,Vague / Missing Context,0.1907,No Smell,0.1397,Format Ambiguity,0.1149,Irrelevant / Excessive Persona,0.0810,26,0.292
fccc584758b55ac4ba87cfbc346f158d,1,Format Ambiguity,0.1862,No Smell,0.1735,Vague / Missing Context,0.1604,Irrelevant / Excessive Persona,0.0710,375,0.320
fccc584758b55ac4ba87cfbc346f158d,2,Format Ambiguity,0.1732,No Smell,0.1720,Vague / Missing Context,0.1554,Irrelevant / Excessive Persona,0.0753,440,0.323
16c60cb0bb020db1cb31b589e56e1144,1,Format Ambiguity,0.1732,No Smell,0.1720,Vague / Missing Context,0.1554,Irrelevant / Excessive Persona,0.0753,440,0.251
18da6808a04898d092f5b943f180ef91,1,No Smell,0.2025,Format Ambiguity,0.1404,Overloaded Prompt,0.0990,Irrelevant / Excessive Persona,0.0859,103,0.293
c03bfad0a5f5b126063506cb1428d54e,1,Format Ambiguity,0.1760,No Smell,0.1715,Vague / Missing Context,0.1600,Irrelevant / Excessive Persona,0.0753,440,0.323
984204f908ecc58181321d88418de61f,1,No Smell,0.2069,Format Ambiguity,0.1189,Conflicting Constraints,0.0955,Vague / Missing Context,0.0953,28,0.292
984204f908ecc58181321d88418de61f,2,No Smell,0.2475,Format Ambiguity,0.1560,Overloaded Prompt,0.1089,Vague / Missing Context,0.0980,45,0.292
984204f908ecc58181321d88418de61f,3,No Smell,0.2085,Format Ambiguity,0.1444,Overloaded Prompt,0.1163,Conflicting Constraints,0.0903,41,0.292
984204f908ecc58181321d88418de61f,4,Format Ambiguity,0.2278,No Smell,0.1624,Vague / Missing Context,0.1468,Overloaded Prompt,0.0798,50,0.292
984204f908ecc58181321d88418de61f,5,No Smell,0.1982,Vague / Missing Context,0.1245,Unnecessary Repetition,0.1141,Overloaded Prompt,0.1005,314,0.320
984204f908ecc58181321d88418de61f,6,No Smell,0.1504,Vague / Missing Context,0.1172,Format Ambiguity,0.1140,Overloaded Prompt,0.1096,205,0.295
984204f908ecc58181321d88418de61f,7,No Smell,0.1926,Format Ambiguity,0.1244,Ambiguous References,0.1076,Vague / Missing Context,0.0981,51,0.292
984204f908ecc58181321d88418de61f,8,No Smell,0.1564,Format Ambiguity,0.1181,Vague / Missing Context,0.1153,Ambiguous References,0.0958,119,0.293
984204f908ecc58181321d88418de61f,9,No Smell,0.1780,Format Ambiguity,0.1170,Ambiguous References,0.1070,Unnecessary Repetition,0.1049,42,0.292
984204f908ecc58181321d88418de61f,10,No Smell,0.1776,Format Ambiguity,0.1499,Vague / Missing Context,0.1271,Conflicting Constraints,0.0906,35,0.292
9880b7423930fff8e450610f773339c9,1,Format Ambiguity,0.1749,No Smell,0.1731,Vague / Missing Context,0.1579,Irrelevant / Excessive Persona,0.0752,477,0.316
470c730d3fed3b9e462cfd2232eb0f27,2,Format Ambiguity,0.1587,No Smell,0.1579,Vague / Missing Context,0.1276,Overloaded Prompt,0.0919,59,0.292
87f0a2a0aadc730e475baccedcbf24fc,1,No Smell,0.2042,Format Ambiguity,0.1555,Vague / Missing Context,0.1367,Overloaded Prompt,0.0788,57,0.293
87f0a2a0aadc730e475baccedcbf24fc,2,Vague / Missing Context,0.2272,Format Ambiguity,0.1939,No Smell,0.1354,Overloaded Prompt,0.0832,46,0.292
87f0a2a0aadc730e475baccedcbf24fc,4,No Smell,0.1733,Vague / Missing Context,0.1710,Format Ambiguity,0.1271,Ambiguous References,0.0779,51,0.292
87f0a2a0aadc730e475baccedcbf24fc,6,No Smell,0.1804,Ambiguous References,0.1564,Format Ambiguity,0.1472,Vague / Missing Context,0.0965,24,0.294
87f0a2a0aadc730e475baccedcbf24fc,7,Format Ambiguity,0.1974,No Smell,0.1704,Ambiguous References,0.1043,Irrelevant / Excessive Persona,0.0981,87,0.299
87f0a2a0aadc730e475baccedcbf24fc,8,No Smell,0.2228,Vague / Missing Context,0.1545,Format Ambiguity,0.1402,Ambiguous References,0.0763,22,0.292
87f0a2a0aadc730e475baccedcbf24fc,9,No Smell,0.2023,Ambiguous References,0.1890,Format Ambiguity,0.1469,Vague / Missing Context,0.0804,22,0.293
87f0a2a0aadc730e475baccedcbf24fc,10,No Smell,0.1789,Vague / Missing Context,0.1421,Format Ambiguity,0.1296,Ambiguous References,0.1012,56,0.293
87f0a2a0aadc730e475baccedcbf24fc,12,No Smell,0.1974,Vague / Missing Context,0.1741,Format Ambiguity,0.1283,Ambiguous References,0.0967,41,0.293
87f0a2a0aadc730e475baccedcbf24fc,13,No Smell,0.2062,Vague / Missing Context,0.1408,Format Ambiguity,0.1284,Conflicting Constraints,0.0831,64,0.293
87f0a2a0aadc730e475baccedcbf24fc,14,No Smell,0.2417,Vague / Missing Context,0.1249,Format Ambiguity,0.1133,Unnecessary Repetition,0.0849,58,0.293
87f0a2a0aadc730e475baccedcbf24fc,18,No Smell,0.2536,Format Ambiguity,0.1429,Vague / Missing Context,0.1316,Irrelevant / Excessive Persona,0.0741,25,0.293
87f0a2a0aadc730e475baccedcbf24fc,19,No Smell,0.1795,Vague / Missing Context,0.1734,Format Ambiguity,0.1474,Ambiguous References,0.0769,52,0.294
87f0a2a0aadc730e475baccedcbf24fc,20,No Smell,0.1826,Format Ambiguity,0.1496,Vague / Missing Context,0.1468,Overloaded Prompt,0.0861,55,0.293
87f0a2a0aadc730e475baccedcbf24fc,21,No Smell,0.1716,Format Ambiguity,0.1251,Vague / Missing Context,0.1084,Ambiguous References,0.1072,35,0.292
a34f2b49ae9e2853da0bc324b44fd254,1,No Smell,0.1781,Format Ambiguity,0.1651,Vague / Missing Context,0.1538,Ambiguous References,0.0789,477,0.316
0b0784576da87ea222e4d8bddbffe92b,1,Formality / Audience Mismatch,0.1695,Ambiguous References,0.1177,Vague / Missing Context,0.1126,Format Ambiguity,0.1037,254,0.296
0b0784576da87ea222e4d8bddbffe92b,2,Ambiguous References,0.1292,Format Ambiguity,0.1178,No Smell,0.1168,Vague / Missing Context,0.0957,382,0.322
b8a5cc82c7a520a51d8c92a68f942844,1,Format Ambiguity,0.1634,Vague / Missing Context,0.1379,No Smell,0.1377,Overloaded Prompt,0.0898,120,0.293
586938350d20710a21da1440306cdd8f,1,Format Ambiguity,0.1666,Vague / Missing Context,0.1599,No Smell,0.1508,Ambiguous References,0.0868,227,0.296
586938350d20710a21da1440306cdd8f,2,No Smell,0.1679,Format Ambiguity,0.1559,Vague / Missing Context,0.1439,Ambiguous References,0.1014,235,0.296
586938350d20710a21da1440306cdd8f,3,Vague / Missing Context,0.1766,Format Ambiguity,0.1647,No Smell,0.1591,Ambiguous References,0.0896,204,0.297
586938350d20710a21da1440306cdd8f,4,No Smell,0.1670,Vague / Missing Context,0.1268,Format Ambiguity,0.1268,Unnecessary Repetition,0.0909,52,0.292
586938350d20710a21da1440306cdd8f,5,No Smell,0.1844,Format Ambiguity,0.1357,Vague / Missing Context,0.1116,Ambiguous References,0.0888,71,0.293
586938350d20710a21da1440306cdd8f,6,No Smell,0.1520,Vague / Missing Context,0.1281,Format Ambiguity,0.1261,Ambiguous References,0.1081,87,0.293
586938350d20710a21da1440306cdd8f,7,No Smell,0.1520,Format Ambiguity,0.1296,Ambiguous References,0.1135,Vague / Missing Context,0.1121,87,0.293
7ad7a26ce6b187e407b6c70afa1948b1,1,Ambiguous References,0.1935,Vague / Missing Context,0.1726,Format Ambiguity,0.1327,No Smell,0.0987,770,0.381
7ad7a26ce6b187e407b6c70afa1948b1,2,Vague / Missing Context,0.1814,No Smell,0.1212,Bias / Loaded Framing,0.1125,Format Ambiguity,0.0951,7,0.293
7ad7a26ce6b187e407b6c70afa1948b1,3,Vague / Missing Context,0.2700,Ambiguous References,0.1799,Format Ambiguity,0.1107,No Smell,0.0704,105,0.294
fb7889902e3c695fe9c32367e19a33ca,1,Format Ambiguity,0.1759,No Smell,0.1651,Vague / Missing Context,0.1211,Ambiguous References,0.0806,114,0.293
be97e3402e594b188fa5a2b800335154,3,No Smell,0.1811,Format Ambiguity,0.1198,Ambiguous References,0.1134,Vague / Missing Context,0.0913,98,0.293
be97e3402e594b188fa5a2b800335154,5,Vague / Missing Context,0.2000,No Smell,0.1536,Format Ambiguity,0.1245,Ambiguous References,0.0935,92,0.293
31e57b8ea1ee0f3708a742efcfd520d4,1,No Smell,0.1842,Format Ambiguity,0.1288,Vague / Missing Context,0.1246,Ambiguous References,0.0831,44,0.293
31e57b8ea1ee0f3708a742efcfd520d4,2,No Smell,0.2342,Format Ambiguity,0.1260,Vague / Missing Context,0.0933,Irrelevant / Excessive Persona,0.0827,31,0.293
31e57b8ea1ee0f3708a742efcfd520d4,3,No Smell,0.2427,Format Ambiguity,0.1281,Vague / Missing Context,0.0880,Irrelevant / Excessive Persona,0.0815,31,0.292
31e57b8ea1ee0f3708a742efcfd520d4,4,No Smell,0.2022,Format Ambiguity,0.1452,Vague / Missing Context,0.1213,Irrelevant / Excessive Persona,0.0741,39,0.292
31e57b8ea1ee0f3708a742efcfd520d4,5,No Smell,0.2188,Format Ambiguity,0.1339,Vague / Missing Context,0.1050,Unnecessary Repetition,0.0798,72,0.294
31e57b8ea1ee0f3708a742efcfd520d4,6,No Smell,0.1772,Format Ambiguity,0.1595,Vague / Missing Context,0.1315,Unnecessary Repetition,0.0857,99,0.293
31e57b8ea1ee0f3708a742efcfd520d4,7,No Smell,0.2317,Vague / Missing Context,0.1188,Format Ambiguity,0.1161,Ambiguous References,0.0878,40,0.292
c63b3a50ad42a280f11d722f656f7429,1,No Smell,0.1625,Format Ambiguity,0.1605,Ambiguous References,0.0962,Conflicting Constraints,0.0957,488,0.317
a190e9f0c7a81a8e7cd86e9744926027,1,Unnecessary Repetition,0.2684,No Smell,0.1430,Format Ambiguity,0.1056,Vague / Missing Context,0.0882,86,0.293
a190e9f0c7a81a8e7cd86e9744926027,2,Unnecessary Repetition,0.1995,No Smell,0.1685,Format Ambiguity,0.1145,Vague / Missing Context,0.1041,127,0.294
a190e9f0c7a81a8e7cd86e9744926027,3,Unnecessary Repetition,0.1784,No Smell,0.1783,Format Ambiguity,0.1130,Vague / Missing Context,0.1043,159,0.295
a190e9f0c7a81a8e7cd86e9744926027,4,No Smell,0.1842,Unnecessary Repetition,0.1769,Format Ambiguity,0.1224,Vague / Missing Context,0.0951,170,0.295
a190e9f0c7a81a8e7cd86e9744926027,5,No Smell,0.1901,Vague / Missing Context,0.1669,Format Ambiguity,0.1304,Unnecessary Repetition,0.1264,188,0.295
a190e9f0c7a81a8e7cd86e9744926027,6,No Smell,0.2068,Unnecessary Repetition,0.1961,Vague / Missing Context,0.1037,Format Ambiguity,0.1015,158,0.296
a190e9f0c7a81a8e7cd86e9744926027,7,No Smell,0.1591,Unnecessary Repetition,0.1297,Vague / Missing Context,0.1251,Format Ambiguity,0.1196,204,0.296
a190e9f0c7a81a8e7cd86e9744926027,8,Formality / Audience Mismatch,0.1867,No Smell,0.1855,Unnecessary Repetition,0.1337,Format Ambiguity,0.0998,214,0.296
a190e9f0c7a81a8e7cd86e9744926027,9,Unnecessary Repetition,0.1629,No Smell,0.1469,Vague / Missing Context,0.1063,Format Ambiguity,0.1039,186,0.296
a190e9f0c7a81a8e7cd86e9744926027,10,Unnecessary Repetition,0.1940,No Smell,0.1553,Format Ambiguity,0.1086,Vague / Missing Context,0.0966,142,0.295
a190e9f0c7a81a8e7cd86e9744926027,11,Unnecessary Repetition,0.1926,No Smell,0.1370,Vague / Missing Context,0.1109,Format Ambiguity,0.1091,198,0.296
a190e9f0c7a81a8e7cd86e9744926027,12,No Smell,0.1541,Unnecessary Repetition,0.1364,Vague / Missing Context,0.1251,Format Ambiguity,0.1109,235,0.296
a190e9f0c7a81a8e7cd86e9744926027,13,No Smell,0.1589,Unnecessary Repetition,0.1523,Format Ambiguity,0.1113,Vague / Missing Context,0.1097,191,0.296
a190e9f0c7a81a8e7cd86e9744926027,14,Unnecessary Repetition,0.2059,No Smell,0.1721,Format Ambiguity,0.1096,Vague / Missing Context,0.1024,182,0.295
a190e9f0c7a81a8e7cd86e9744926027,15,Vague / Missing Context,0.1810,No Smell,0.1773,Unnecessary Repetition,0.1205,Format Ambiguity,0.1190,153,0.295
a190e9f0c7a81a8e7cd86e9744926027,16,No Smell,0.2427,Unnecessary Repetition,0.1809,Format Ambiguity,0.1130,Vague / Missing Context,0.0928,189,0.296
a190e9f0c7a81a8e7cd86e9744926027,17,No Smell,0.1825,Unnecessary Repetition,0.1580,Format Ambiguity,0.1257,Vague / Missing Context,0.0965,198,0.296
a190e9f0c7a81a8e7cd86e9744926027,18,Unnecessary Repetition,0.1472,No Smell,0.1218,Formality / Audience Mismatch,0.1119,Format Ambiguity,0.1109,133,0.295
a190e9f0c7a81a8e7cd86e9744926027,19,Unnecessary Repetition,0.1716,No Smell,0.1583,Format Ambiguity,0.1183,Vague / Missing Context,0.1157,201,0.296
a190e9f0c7a81a8e7cd86e9744926027,20,Unnecessary Repetition,0.1914,No Smell,0.1376,Vague / Missing Context,0.1168,Format Ambiguity,0.1011,172,0.296
a190e9f0c7a81a8e7cd86e9744926027,21,Unnecessary Repetition,0.1591,No Smell,0.1435,Vague / Missing Context,0.1261,Format Ambiguity,0.1076,175,0.295
a190e9f0c7a81a8e7cd86e9744926027,22,No Smell,0.1562,Vague / Missing Context,0.1499,Unnecessary Repetition,0.1328,Format Ambiguity,0.1139,199,0.296
a190e9f0c7a81a8e7cd86e9744926027,23,Unnecessary Repetition,0.1946,No Smell,0.1630,Format Ambiguity,0.1164,Vague / Missing Context,0.1022,179,0.296
a190e9f0c7a81a8e7cd86e9744926027,24,No Smell,0.1869,Unnecessary Repetition,0.1791,Format Ambiguity,0.1053,Ambiguous References,0.1026,164,0.295
a190e9f0c7a81a8e7cd86e9744926027,25,Unnecessary Repetition,0.1968,Vague / Missing Context,0.1546,No Smell,0.1361,Format Ambiguity,0.1040,221,0.296
a190e9f0c7a81a8e7cd86e9744926027,26,No Smell,0.2150,Format Ambiguity,0.1252,Vague / Missing Context,0.1193,Unnecessary Repetition,0.1148,205,0.296
a190e9f0c7a81a8e7cd86e9744926027,27,No Smell,0.1739,Unnecessary Repetition,0.1387,Format Ambiguity,0.1370,Vague / Missing Context,0.1344,228,0.296
a190e9f0c7a81a8e7cd86e9744926027,28,No Smell,0.2078,Unnecessary Repetition,0.1419,Vague / Missing Context,0.1328,Format Ambiguity,0.1064,160,0.295
a190e9f0c7a81a8e7cd86e9744926027,29,No Smell,0.2038,Vague / Missing Context,0.1324,Unnecessary Repetition,0.1323,Format Ambiguity,0.1148,190,0.296
a190e9f0c7a81a8e7cd86e9744926027,30,No Smell,0.1668,Unnecessary Repetition,0.1586,Format Ambiguity,0.1118,Vague / Missing Context,0.1090,231,0.296
a190e9f0c7a81a8e7cd86e9744926027,31,No Smell,0.1882,Vague / Missing Context,0.1756,Format Ambiguity,0.1237,Unnecessary Repetition,0.1153,217,0.296
a190e9f0c7a81a8e7cd86e9744926027,32,No Smell,0.1881,Unnecessary Repetition,0.1369,Format Ambiguity,0.1283,Vague / Missing Context,0.1118,170,0.295
a190e9f0c7a81a8e7cd86e9744926027,33,Unnecessary Repetition,0.1729,No Smell,0.1478,Format Ambiguity,0.1125,Vague / Missing Context,0.1093,216,0.296
a190e9f0c7a81a8e7cd86e9744926027,34,No Smell,0.1734,Unnecessary Repetition,0.1612,Ambiguous References,0.1145,Format Ambiguity,0.1100,236,0.297
a190e9f0c7a81a8e7cd86e9744926027,35,Unnecessary Repetition,0.1675,No Smell,0.1580,Vague / Missing Context,0.1203,Format Ambiguity,0.1137,174,0.295
a190e9f0c7a81a8e7cd86e9744926027,36,No Smell,0.1589,Vague / Missing Context,0.1535,Unnecessary Repetition,0.1449,Format Ambiguity,0.1188,215,0.297
a190e9f0c7a81a8e7cd86e9744926027,37,Unnecessary Repetition,0.1677,No Smell,0.1573,Format Ambiguity,0.1020,Vague / Missing Context,0.0947,166,0.295
a190e9f0c7a81a8e7cd86e9744926027,38,Unnecessary Repetition,0.1542,No Smell,0.1464,Format Ambiguity,0.1302,Vague / Missing Context,0.1184,248,0.296
a190e9f0c7a81a8e7cd86e9744926027,39,No Smell,0.1908,Unnecessary Repetition,0.1684,Vague / Missing Context,0.1152,Format Ambiguity,0.0973,180,0.296
a190e9f0c7a81a8e7cd86e9744926027,40,No Smell,0.2253,Unnecessary Repetition,0.1449,Vague / Missing Context,0.1228,Format Ambiguity,0.1156,188,0.296
a190e9f0c7a81a8e7cd86e9744926027,41,No Smell,0.1474,Unnecessary Repetition,0.1373,Format Ambiguity,0.1253,Vague / Missing Context,0.1245,195,0.295
a190e9f0c7a81a8e7cd86e9744926027,42,No Smell,0.2137,Unnecessary Repetition,0.1953,Vague / Missing Context,0.0984,Format Ambiguity,0.0974,184,0.295
a190e9f0c7a81a8e7cd86e9744926027,43,Unnecessary Repetition,0.1806,No Smell,0.1642,Format Ambiguity,0.1176,Vague / Missing Context,0.1044,182,0.295
a190e9f0c7a81a8e7cd86e9744926027,44,Unnecessary Repetition,0.1937,No Smell,0.1562,Format Ambiguity,0.1122,Ambiguous References,0.0956,203,0.301
a190e9f0c7a81a8e7cd86e9744926027,45,No Smell,0.1779,Vague / Missing Context,0.1760,Format Ambiguity,0.1251,Unnecessary Repetition,0.1031,159,0.295
a190e9f0c7a81a8e7cd86e9744926027,46,Vague / Missing Context,0.1638,No Smell,0.1628,Unnecessary Repetition,0.1619,Format Ambiguity,0.1105,181,0.295
a190e9f0c7a81a8e7cd86e9744926027,47,No Smell,0.2053,Unnecessary Repetition,0.1702,Format Ambiguity,0.1083,Vague / Missing Context,0.0962,201,0.295
a190e9f0c7a81a8e7cd86e9744926027,48,Unnecessary Repetition,0.1822,No Smell,0.1533,Format Ambiguity,0.1187,Vague / Missing Context,0.1143,183,0.296
a190e9f0c7a81a8e7cd86e9744926027,49,No Smell,0.1626,Unnecessary Repetition,0.1411,Vague / Missing Context,0.1211,Format Ambiguity,0.1034,204,0.296
a190e9f0c7a81a8e7cd86e9744926027,50,No Smell,0.1699,Unnecessary Repetition,0.1636,Format Ambiguity,0.1105,Vague / Missing Context,0.1027,267,0.296
a190e9f0c7a81a8e7cd86e9744926027,51,Unnecessary Repetition,0.2038,No Smell,0.1554,Format Ambiguity,0.1100,Vague / Missing Context,0.0920,210,0.296
66049985af46f63fd7f3257d23645403,2,No Smell,0.1635,Format Ambiguity,0.1430,Vague / Missing Context,0.1134,Ambiguous References,0.0994,29,0.292
66049985af46f63fd7f3257d23645403,3,No Smell,0.1564,Vague / Missing Context,0.1272,Format Ambiguity,0.1261,Ambiguous References,0.1155,105,0.294
66049985af46f63fd7f3257d23645403,4,No Smell,0.1691,Vague / Missing Context,0.1499,Format Ambiguity,0.1363,Ambiguous References,0.0869,106,0.300
6dd2f9365faee8eb1e33086094143d02,1,Format Ambiguity,0.1250,No Smell,0.1122,Ambiguous References,0.1016,Formality / Audience Mismatch,0.0978,630,0.378
6dd2f9365faee8eb1e33086094143d02,2,No Smell,0.1382,Format Ambiguity,0.1145,Overloaded Prompt,0.0998,Ambiguous References,0.0995,541,0.363
ac02605399b5ff202676ebae26124aea,1,No Smell,0.1890,Format Ambiguity,0.1223,Vague / Missing Context,0.1104,Irrelevant / Excessive Persona,0.0942,34,0.293
4aa9d8d35d749e9c086e77dc65333d3c,3,No Smell,0.1530,Vague / Missing Context,0.1494,Format Ambiguity,0.1342,Ambiguous References,0.0943,116,0.293
a8717cead46fe618bc43a5e354d755d3,1,Ambiguous References,0.1486,Format Ambiguity,0.1252,No Smell,0.1220,Vague / Missing Context,0.0979,97,0.320
a8717cead46fe618bc43a5e354d755d3,2,No Smell,0.1398,Conflicting Constraints,0.1137,Unnecessary Repetition,0.1077,Prompt Bloat / Convoluted Prompt,0.1000,15,0.292
a8717cead46fe618bc43a5e354d755d3,3,No Smell,0.1523,Ambiguous References,0.1436,Format Ambiguity,0.1117,Vague / Missing Context,0.1109,29,0.293
26396b5e7f90fa25407e805fb8c1db1d,1,No Smell,0.1737,Unnecessary Repetition,0.1371,Format Ambiguity,0.1101,Vague / Missing Context,0.1022,1015,0.388
58843d79629ee31544ae49d31dcb3a17,1,Overloaded Prompt,0.3197,Format Ambiguity,0.1392,No Smell,0.1204,Unnecessary Repetition,0.0710,1000,0.399
58843d79629ee31544ae49d31dcb3a17,4,No Smell,0.1674,Format Ambiguity,0.1109,Ambiguous References,0.1103,Vague / Missing Context,0.1008,35,0.293
58843d79629ee31544ae49d31dcb3a17,5,No Smell,0.1407,Ambiguous References,0.1185,Format Ambiguity,0.1179,Vague / Missing Context,0.0972,28,0.293
975b5514d3fabc46263edfc81fae5e99,1,Unnecessary Repetition,0.2684,No Smell,0.1430,Format Ambiguity,0.1056,Vague / Missing Context,0.0882,86,0.294
975b5514d3fabc46263edfc81fae5e99,2,No Smell,0.1757,Vague / Missing Context,0.1478,Format Ambiguity,0.1307,Unnecessary Repetition,0.1173,191,0.295
975b5514d3fabc46263edfc81fae5e99,3,Unnecessary Repetition,0.1903,No Smell,0.1562,Format Ambiguity,0.1123,Vague / Missing Context,0.1103,184,0.296
975b5514d3fabc46263edfc81fae5e99,4,No Smell,0.1644,Unnecessary Repetition,0.1457,Format Ambiguity,0.1097,Vague / Missing Context,0.1076,216,0.296
975b5514d3fabc46263edfc81fae5e99,5,Vague / Missing Context,0.1628,No Smell,0.1609,Unnecessary Repetition,0.1383,Format Ambiguity,0.1261,152,0.294
975b5514d3fabc46263edfc81fae5e99,6,Vague / Missing Context,0.1535,No Smell,0.1424,Format Ambiguity,0.1299,Unnecessary Repetition,0.1249,173,0.297
975b5514d3fabc46263edfc81fae5e99,7,Unnecessary Repetition,0.2339,No Smell,0.1196,Vague / Missing Context,0.1084,Prompt Bloat / Convoluted Prompt,0.0913,211,0.296
975b5514d3fabc46263edfc81fae5e99,8,Unnecessary Repetition,0.1810,No Smell,0.1463,Vague / Missing Context,0.1242,Format Ambiguity,0.1089,176,0.295
975b5514d3fabc46263edfc81fae5e99,9,No Smell,0.1697,Vague / Missing Context,0.1363,Format Ambiguity,0.1330,Unnecessary Repetition,0.1326,207,0.296
975b5514d3fabc46263edfc81fae5e99,10,Unnecessary Repetition,0.1866,No Smell,0.1497,Vague / Missing Context,0.1132,Format Ambiguity,0.0967,159,0.295
975b5514d3fabc46263edfc81fae5e99,11,No Smell,0.1748,Vague / Missing Context,0.1538,Format Ambiguity,0.1371,Unnecessary Repetition,0.1210,170,0.295
975b5514d3fabc46263edfc81fae5e99,12,Vague / Missing Context,0.2034,No Smell,0.1749,Format Ambiguity,0.1204,Unnecessary Repetition,0.1157,137,0.294
975b5514d3fabc46263edfc81fae5e99,13,Unnecessary Repetition,0.2254,No Smell,0.1652,Vague / Missing Context,0.1140,Format Ambiguity,0.1052,160,0.295
975b5514d3fabc46263edfc81fae5e99,14,Vague / Missing Context,0.1954,Format Ambiguity,0.1382,No Smell,0.1283,Unnecessary Repetition,0.1052,165,0.295
975b5514d3fabc46263edfc81fae5e99,15,No Smell,0.1702,Unnecessary Repetition,0.1404,Format Ambiguity,0.1227,Vague / Missing Context,0.1127,163,0.295
975b5514d3fabc46263edfc81fae5e99,16,No Smell,0.1745,Vague / Missing Context,0.1659,Unnecessary Repetition,0.1227,Format Ambiguity,0.1108,179,0.295
975b5514d3fabc46263edfc81fae5e99,17,No Smell,0.2373,Unnecessary Repetition,0.1367,Format Ambiguity,0.1116,Vague / Missing Context,0.0986,212,0.295
975b5514d3fabc46263edfc81fae5e99,18,Unnecessary Repetition,0.1792,No Smell,0.1773,Format Ambiguity,0.1219,Vague / Missing Context,0.1069,151,0.295
975b5514d3fabc46263edfc81fae5e99,19,No Smell,0.1811,Unnecessary Repetition,0.1441,Format Ambiguity,0.1139,Vague / Missing Context,0.1061,218,0.296
975b5514d3fabc46263edfc81fae5e99,20,Unnecessary Repetition,0.1920,No Smell,0.1465,Vague / Missing Context,0.1102,Ambiguous References,0.1033,143,0.293
975b5514d3fabc46263edfc81fae5e99,21,No Smell,0.1696,Unnecessary Repetition,0.1418,Format Ambiguity,0.1112,Vague / Missing Context,0.1031,221,0.295
975b5514d3fabc46263edfc81fae5e99,22,No Smell,0.1845,Unnecessary Repetition,0.1545,Format Ambiguity,0.1155,Vague / Missing Context,0.1082,236,0.296
975b5514d3fabc46263edfc81fae5e99,23,No Smell,0.1773,Unnecessary Repetition,0.1437,Vague / Missing Context,0.1188,Format Ambiguity,0.1089,193,0.296
975b5514d3fabc46263edfc81fae5e99,24,No Smell,0.1901,Unnecessary Repetition,0.1598,Format Ambiguity,0.1178,Vague / Missing Context,0.1043,156,0.295
975b5514d3fabc46263edfc81fae5e99,25,Unnecessary Repetition,0.1853,No Smell,0.1584,Format Ambiguity,0.1241,Ambiguous References,0.1008,161,0.295
975b5514d3fabc46263edfc81fae5e99,26,Unnecessary Repetition,0.2028,No Smell,0.1553,Format Ambiguity,0.1115,Vague / Missing Context,0.0990,142,0.294
975b5514d3fabc46263edfc81fae5e99,27,No Smell,0.1905,Unnecessary Repetition,0.1884,Format Ambiguity,0.1081,Vague / Missing Context,0.1029,162,0.295
975b5514d3fabc46263edfc81fae5e99,28,Unnecessary Repetition,0.1903,No Smell,0.1713,Format Ambiguity,0.1102,Vague / Missing Context,0.0882,178,0.295
975b5514d3fabc46263edfc81fae5e99,29,Unnecessary Repetition,0.1769,No Smell,0.1607,Format Ambiguity,0.1159,Ambiguous References,0.0985,163,0.295
975b5514d3fabc46263edfc81fae5e99,30,No Smell,0.1675,Unnecessary Repetition,0.1584,Format Ambiguity,0.1139,Vague / Missing Context,0.0941,172,0.295
975b5514d3fabc46263edfc81fae5e99,31,No Smell,0.1875,Unnecessary Repetition,0.1582,Format Ambiguity,0.1198,Vague / Missing Context,0.0987,224,0.296
975b5514d3fabc46263edfc81fae5e99,32,Unnecessary Repetition,0.1556,No Smell,0.1522,Format Ambiguity,0.1213,Vague / Missing Context,0.1093,168,0.295
975b5514d3fabc46263edfc81fae5e99,33,Vague / Missing Context,0.1728,No Smell,0.1680,Format Ambiguity,0.1222,Unnecessary Repetition,0.1131,226,0.296
975b5514d3fabc46263edfc81fae5e99,34,No Smell,0.1905,Unnecessary Repetition,0.1810,Format Ambiguity,0.1064,Vague / Missing Context,0.0989,183,0.296
975b5514d3fabc46263edfc81fae5e99,35,No Smell,0.1696,Vague / Missing Context,0.1488,Format Ambiguity,0.1295,Unnecessary Repetition,0.1263,122,0.293
975b5514d3fabc46263edfc81fae5e99,36,No Smell,0.1859,Unnecessary Repetition,0.1673,Format Ambiguity,0.1148,Vague / Missing Context,0.1079,201,0.296
975b5514d3fabc46263edfc81fae5e99,37,No Smell,0.2081,Unnecessary Repetition,0.1557,Format Ambiguity,0.1296,Vague / Missing Context,0.1086,173,0.295
975b5514d3fabc46263edfc81fae5e99,38,Unnecessary Repetition,0.1729,No Smell,0.1537,Vague / Missing Context,0.1235,Format Ambiguity,0.1217,196,0.295
975b5514d3fabc46263edfc81fae5e99,39,No Smell,0.1871,Unnecessary Repetition,0.1707,Format Ambiguity,0.1202,Vague / Missing Context,0.0849,221,0.296
975b5514d3fabc46263edfc81fae5e99,40,Unnecessary Repetition,0.1895,No Smell,0.1291,Vague / Missing Context,0.1154,Format Ambiguity,0.1092,132,0.293
975b5514d3fabc46263edfc81fae5e99,41,No Smell,0.1562,Vague / Missing Context,0.1554,Unnecessary Repetition,0.1533,Format Ambiguity,0.1247,183,0.295
975b5514d3fabc46263edfc81fae5e99,42,Unnecessary Repetition,0.1756,No Smell,0.1641,Format Ambiguity,0.1135,Vague / Missing Context,0.1111,161,0.295
975b5514d3fabc46263edfc81fae5e99,43,No Smell,0.1703,Unnecessary Repetition,0.1363,Vague / Missing Context,0.1280,Format Ambiguity,0.1239,212,0.296
975b5514d3fabc46263edfc81fae5e99,44,No Smell,0.1642,Unnecessary Repetition,0.1623,Format Ambiguity,0.1115,Vague / Missing Context,0.1016,163,0.295
975b5514d3fabc46263edfc81fae5e99,45,Unnecessary Repetition,0.1676,No Smell,0.1646,Format Ambiguity,0.1197,Vague / Missing Context,0.1054,208,0.301
975b5514d3fabc46263edfc81fae5e99,46,Unnecessary Repetition,0.1924,No Smell,0.1641,Format Ambiguity,0.0999,Vague / Missing Context,0.0970,187,0.296
975b5514d3fabc46263edfc81fae5e99,47,Unnecessary Repetition,0.1627,No Smell,0.1403,Vague / Missing Context,0.1255,Format Ambiguity,0.1147,202,0.295
975b5514d3fabc46263edfc81fae5e99,48,Unnecessary Repetition,0.1824,No Smell,0.1415,Vague / Missing Context,0.1143,Format Ambiguity,0.1096,188,0.295
975b5514d3fabc46263edfc81fae5e99,49,Unnecessary Repetition,0.1684,No Smell,0.1381,Vague / Missing Context,0.1279,Format Ambiguity,0.1132,191,0.296
975b5514d3fabc46263edfc81fae5e99,50,Unnecessary Repetition,0.1929,No Smell,0.1474,Vague / Missing Context,0.1188,Format Ambiguity,0.1177,175,0.295
975b5514d3fabc46263edfc81fae5e99,51,Unnecessary Repetition,0.1931,No Smell,0.1445,Vague / Missing Context,0.1266,Format Ambiguity,0.1205,128,0.295
a0426a4518d4eb808a840a76ebf42f52,1,No Smell,0.2023,Format Ambiguity,0.1216,Vague / Missing Context,0.1063,Ambiguous References,0.0882,13,0.293
560a5fa2fdf7296986f203b3cb19956c,3,No Smell,0.1580,Format Ambiguity,0.1553,Overloaded Prompt,0.1385,Prompt Bloat / Convoluted Prompt,0.0934,222,0.297
6625a60a9dc2f09e6446f60102927550,1,Overloaded Prompt,0.1622,No Smell,0.1368,Format Ambiguity,0.1187,Ambiguous References,0.1016,4000,0.838
3790c72e2cfac5190d33e62114759cd7,1,Format Ambiguity,0.1320,Vague / Missing Context,0.1288,No Smell,0.1243,Ambiguous References,0.0993,889,0.389
3790c72e2cfac5190d33e62114759cd7,2,Vague / Missing Context,0.1743,No Smell,0.1225,Format Ambiguity,0.1178,Conflicting Constraints,0.0924,53,0.293
3790c72e2cfac5190d33e62114759cd7,3,Vague / Missing Context,0.1478,No Smell,0.1307,Format Ambiguity,0.1149,Ambiguous References,0.0915,82,0.294
ad47a32eaa43adfe455e36f82f656fb6,1,Overloaded Prompt,0.1589,Format Ambiguity,0.1406,No Smell,0.1321,Ambiguous References,0.0978,4000,0.716
e3fd1e17606e2ec7ba82489d4dad16f7,2,No Smell,0.1814,Format Ambiguity,0.1286,Ambiguous References,0.0997,Vague / Missing Context,0.0965,110,0.294
70375d2f66a51bd042b2c558fec1b2e5,1,No Smell,0.1790,Unnecessary Repetition,0.1284,Format Ambiguity,0.1232,Vague / Missing Context,0.1090,1150,0.400
3db000c23b9db1b2499cd11171e7e714,1,No Smell,0.2381,Format Ambiguity,0.1652,Vague / Missing Context,0.1202,Unnecessary Repetition,0.1008,942,0.399
3db000c23b9db1b2499cd11171e7e714,2,No Smell,0.1610,Vague / Missing Context,0.1294,Format Ambiguity,0.1096,Unnecessary Repetition,0.0937,84,0.293
3db000c23b9db1b2499cd11171e7e714,3,No Smell,0.1795,Format Ambiguity,0.1582,Vague / Missing Context,0.1180,Unnecessary Repetition,0.0882,66,0.292
3db000c23b9db1b2499cd11171e7e714,4,Vague / Missing Context,0.1781,No Smell,0.1563,Format Ambiguity,0.1138,Conflicting Constraints,0.0871,106,0.293
3db000c23b9db1b2499cd11171e7e714,5,No Smell,0.1825,Format Ambiguity,0.1778,Vague / Missing Context,0.1163,Unnecessary Repetition,0.0874,61,0.294
6f9a72c3ce6b73144b04bb165dc35fd7,2,No Smell,0.2397,Format Ambiguity,0.1314,Ambiguous References,0.0987,Vague / Missing Context,0.0838,42,0.292
6f9a72c3ce6b73144b04bb165dc35fd7,4,No Smell,0.2404,Format Ambiguity,0.1122,Overloaded Prompt,0.1086,Irrelevant / Excessive Persona,0.0907,30,0.292
6f9a72c3ce6b73144b04bb165dc35fd7,9,No Smell,0.2176,Ambiguous References,0.1205,Format Ambiguity,0.1129,Vague / Missing Context,0.0860,134,0.295
6f9a72c3ce6b73144b04bb165dc35fd7,10,No Smell,0.1968,Format Ambiguity,0.1145,Vague / Missing Context,0.1132,Unnecessary Repetition,0.0932,14,0.292
6f9a72c3ce6b73144b04bb165dc35fd7,11,No Smell,0.1932,Vague / Missing Context,0.1269,Format Ambiguity,0.1187,Unnecessary Repetition,0.0832,11,0.292
6f9a72c3ce6b73144b04bb165dc35fd7,13,No Smell,0.1795,Vague / Missing Context,0.1457,Format Ambiguity,0.1172,Conflicting Constraints,0.0807,12,0.298
6f9a72c3ce6b73144b04bb165dc35fd7,15,No Smell,0.1769,Vague / Missing Context,0.1698,Format Ambiguity,0.1291,Conflicting Constraints,0.0771,20,0.292
bf6c46774e9f5803e34ade907e6f7f2d,1,No Smell,0.1686,Format Ambiguity,0.1586,Vague / Missing Context,0.1092,Ambiguous References,0.0935,66,0.294
bf6c46774e9f5803e34ade907e6f7f2d,2,Format Ambiguity,0.1941,No Smell,0.1937,Vague / Missing Context,0.1047,Irrelevant / Excessive Persona,0.0921,73,0.293
bf6c46774e9f5803e34ade907e6f7f2d,3,Format Ambiguity,0.2004,No Smell,0.1531,Overloaded Prompt,0.1145,Irrelevant / Excessive Persona,0.0834,104,0.293
bf6c46774e9f5803e34ade907e6f7f2d,4,No Smell,0.2048,Format Ambiguity,0.1243,Irrelevant / Excessive Persona,0.0894,Vague / Missing Context,0.0878,62,0.292
bf6c46774e9f5803e34ade907e6f7f2d,5,No Smell,0.1760,Format Ambiguity,0.1685,Overloaded Prompt,0.0951,Ambiguous References,0.0931,33,0.292
bf6c46774e9f5803e34ade907e6f7f2d,6,No Smell,0.1595,Format Ambiguity,0.1287,Vague / Missing Context,0.1205,Conflicting Constraints,0.1079,19,0.292
2403dd7f4bd56170d9f393895a437a9d,1,No Smell,0.1739,Unnecessary Repetition,0.1375,Vague / Missing Context,0.1179,Format Ambiguity,0.1137,1201,0.423
51c2fc23f7b007c92ef459e8f133865d,1,No Smell,0.1626,Format Ambiguity,0.1502,Formality / Audience Mismatch,0.1176,Vague / Missing Context,0.1116,308,0.320
a2064bb0d9762ecbb0c706e38a1d69c3,1,No Smell,0.1691,Format Ambiguity,0.1519,Vague / Missing Context,0.1263,Overloaded Prompt,0.0865,49,0.293
558449367e5487327f21430ee60053f4,1,No Smell,0.1384,Ambiguous References,0.1292,Format Ambiguity,0.1220,Vague / Missing Context,0.1115,958,0.396
a64ffe0175d19ce41137f6e04c3c89f1,1,No Smell,0.1687,Unnecessary Repetition,0.1356,Format Ambiguity,0.1299,Irrelevant / Excessive Persona,0.0875,2934,0.715
2d2cb5222f9d8561712bde562de9ae8d,1,No Smell,0.1555,Ambiguous References,0.1263,Format Ambiguity,0.1152,Vague / Missing Context,0.0962,22,0.291
109c782e3b95ef0bf8bd71589f9627a2,1,No Smell,0.1487,Format Ambiguity,0.1317,Vague / Missing Context,0.1194,Ambiguous References,0.0968,8,0.292
109c782e3b95ef0bf8bd71589f9627a2,2,Format Ambiguity,0.1901,No Smell,0.1696,Vague / Missing Context,0.1553,Unnecessary Repetition,0.0868,39,0.293
109c782e3b95ef0bf8bd71589f9627a2,3,Vague / Missing Context,0.1928,Format Ambiguity,0.1672,No Smell,0.1324,Unnecessary Repetition,0.0808,48,0.300
109c782e3b95ef0bf8bd71589f9627a2,4,Conflicting Constraints,0.1437,Vague / Missing Context,0.1391,Format Ambiguity,0.1142,No Smell,0.1062,38,0.292
21a97dad3892e888a2cb7df2306c4299,1,No Smell,0.1387,Ambiguous References,0.1252,Format Ambiguity,0.1236,Vague / Missing Context,0.1106,938,0.396
cb2276e19ebed5e0fe08237efd1a7e83,1,Format Ambiguity,0.1384,No Smell,0.1360,Overloaded Prompt,0.1343,Ambiguous References,0.1089,4000,0.832
6a8d205bb8cd67798477c7341f480ce1,1,Vague / Missing Context,0.2161,No Smell,0.1404,Format Ambiguity,0.1294,Conflicting Constraints,0.0802,40,0.292
ab89209b21156276892eaf7ad587b038,1,No Smell,0.1651,Vague / Missing Context,0.1273,Format Ambiguity,0.1269,Ambiguous References,0.0933,2144,0.525
ab89209b21156276892eaf7ad587b038,2,No Smell,0.1647,Vague / Missing Context,0.1431,Format Ambiguity,0.1102,Ambiguous References,0.0877,65,0.292
ab89209b21156276892eaf7ad587b038,3,Vague / Missing Context,0.1442,Ambiguous References,0.1387,Format Ambiguity,0.1350,No Smell,0.1215,57,0.293
ab89209b21156276892eaf7ad587b038,4,No Smell,0.1507,Format Ambiguity,0.1189,Ambiguous References,0.1098,Vague / Missing Context,0.0926,208,0.295
ab89209b21156276892eaf7ad587b038,5,No Smell,0.1632,Format Ambiguity,0.1285,Ambiguous References,0.1132,Vague / Missing Context,0.1001,178,0.295
9c21ac833061af5a7b6ac9f588b524b1,1,No Smell,0.1988,Format Ambiguity,0.1318,Vague / Missing Context,0.1137,Ambiguous References,0.0944,35,0.293
1272b7c7967a89623847bbe29c384a2f,1,No Smell,0.1661,Format Ambiguity,0.1338,Vague / Missing Context,0.1129,Unnecessary Repetition,0.0906,50,0.292
1272b7c7967a89623847bbe29c384a2f,2,No Smell,0.1606,Format Ambiguity,0.1267,Vague / Missing Context,0.1079,Unnecessary Repetition,0.0994,98,0.293
1272b7c7967a89623847bbe29c384a2f,4,No Smell,0.1863,Format Ambiguity,0.1594,Vague / Missing Context,0.1147,Overloaded Prompt,0.0924,72,0.293
1272b7c7967a89623847bbe29c384a2f,5,Vague / Missing Context,0.1326,No Smell,0.1215,Format Ambiguity,0.1193,Conflicting Constraints,0.0980,51,0.292
1272b7c7967a89623847bbe29c384a2f,6,No Smell,0.1707,Format Ambiguity,0.1320,Vague / Missing Context,0.1057,Overloaded Prompt,0.1010,51,0.292
1272b7c7967a89623847bbe29c384a2f,7,Format Ambiguity,0.1708,No Smell,0.1665,Vague / Missing Context,0.0985,Unnecessary Repetition,0.0881,53,0.294
7ee7bf7767db3f8e8b6beb24dc341302,1,No Smell,0.1411,Ambiguous References,0.1249,Format Ambiguity,0.1197,Vague / Missing Context,0.1101,937,0.396
76618c1317ef84c119dda911cd8e137a,1,No Smell,0.1790,Format Ambiguity,0.1371,Vague / Missing Context,0.1108,Unnecessary Repetition,0.0868,41,0.293
76618c1317ef84c119dda911cd8e137a,2,No Smell,0.1746,Format Ambiguity,0.1308,Overloaded Prompt,0.1082,Vague / Missing Context,0.1030,74,0.293
01555df2d90627c79467a2b119132a61,1,No Smell,0.1474,Ambiguous References,0.1198,Format Ambiguity,0.1142,Vague / Missing Context,0.1092,972,0.387
62cad8882570749ff2e65a73c01edd4b,1,No Smell,0.2738,Format Ambiguity,0.1170,Overloaded Prompt,0.0931,Vague / Missing Context,0.0868,38,0.292
62cad8882570749ff2e65a73c01edd4b,3,No Smell,0.1926,Format Ambiguity,0.1164,Ambiguous References,0.1009,Conflicting Constraints,0.0883,61,0.294
62cad8882570749ff2e65a73c01edd4b,4,No Smell,0.2056,Vague / Missing Context,0.1519,Bias / Loaded Framing,0.1241,Format Ambiguity,0.1094,113,0.294
62cad8882570749ff2e65a73c01edd4b,5,No Smell,0.2548,Format Ambiguity,0.1309,Vague / Missing Context,0.0987,Unnecessary Repetition,0.0898,122,0.293
62cad8882570749ff2e65a73c01edd4b,6,No Smell,0.2049,Format Ambiguity,0.1115,Vague / Missing Context,0.0912,Unnecessary Repetition,0.0869,235,0.296
84405689229d1e49133984ac5d57ebfc,1,No Smell,0.1985,Format Ambiguity,0.1806,Irrelevant / Excessive Persona,0.0883,Unnecessary Repetition,0.0862,21,0.292
84405689229d1e49133984ac5d57ebfc,2,No Smell,0.1970,Format Ambiguity,0.1902,Overloaded Prompt,0.1083,Unnecessary Repetition,0.0928,32,0.292
84405689229d1e49133984ac5d57ebfc,3,No Smell,0.1324,Format Ambiguity,0.1177,Unnecessary Repetition,0.1080,Conflicting Constraints,0.0981,17,0.293
b08841f21a10be74161967ab54a74e76,1,No Smell,0.1914,Format Ambiguity,0.1311,Unnecessary Repetition,0.1048,Vague / Missing Context,0.1031,66,0.293
b08841f21a10be74161967ab54a74e76,2,Format Ambiguity,0.1513,No Smell,0.1415,Vague / Missing Context,0.1158,Overloaded Prompt,0.0999,90,0.292
aeb3e747123ef87c5e2e545dfc57fa77,1,No Smell,0.1785,Format Ambiguity,0.1760,Vague / Missing Context,0.1515,Overloaded Prompt,0.0807,586,0.330
d28aee5ced3ed7392aa540b0a1744415,1,No Smell,0.1508,Ambiguous References,0.1256,Format Ambiguity,0.1203,Vague / Missing Context,0.1052,991,0.389
eae0dac2aba8dce8ff0ab839c7d7a85c,1,No Smell,0.1785,Format Ambiguity,0.1760,Vague / Missing Context,0.1515,Overloaded Prompt,0.0807,586,0.251
55b0ff0918331bdde0b71ff0299fcd38,1,Format Ambiguity,0.1722,No Smell,0.1581,Vague / Missing Context,0.1274,Overloaded Prompt,0.0890,43,0.292
55b0ff0918331bdde0b71ff0299fcd38,2,Format Ambiguity,0.1819,No Smell,0.1589,Vague / Missing Context,0.1142,Overloaded Prompt,0.0893,79,0.293
8f9202c145082488be737dde946b0ce9,1,No Smell,0.1526,Ambiguous References,0.1252,Format Ambiguity,0.1181,Vague / Missing Context,0.1063,969,0.387
8f9202c145082488be737dde946b0ce9,2,Vague / Missing Context,0.1641,No Smell,0.1522,Format Ambiguity,0.1441,Unnecessary Repetition,0.0953,70,0.293
9c181dda3adae4b87fbf6dc0012d7965,1,No Smell,0.1795,Format Ambiguity,0.1762,Vague / Missing Context,0.1539,Overloaded Prompt,0.0814,593,0.330
39d9e2a7f72d882684878f5b7d003d40,1,No Smell,0.1999,Bias / Loaded Framing,0.1689,Format Ambiguity,0.0945,Vague / Missing Context,0.0815,58,0.295
acac80086fef9eefa9e98cace091c636,1,No Smell,0.1510,Format Ambiguity,0.1335,Overloaded Prompt,0.1198,Ambiguous References,0.1119,4000,0.882
47b805cc2f745ec55347bfa7a7eef402,1,No Smell,0.1785,Format Ambiguity,0.1780,Vague / Missing Context,0.1494,Overloaded Prompt,0.0877,600,0.330
8cb6a11eee3c8204625dff44c5eeb673,1,Vague / Missing Context,0.1650,No Smell,0.1561,Format Ambiguity,0.1298,Ambiguous References,0.1046,226,0.296
8cb6a11eee3c8204625dff44c5eeb673,2,Format Ambiguity,0.1752,No Smell,0.1485,Overloaded Prompt,0.1126,Vague / Missing Context,0.1040,44,0.292
8cb6a11eee3c8204625dff44c5eeb673,3,No Smell,0.1868,Format Ambiguity,0.1248,Ambiguous References,0.1106,Vague / Missing Context,0.0946,316,0.320
8cb6a11eee3c8204625dff44c5eeb673,4,No Smell,0.1800,Format Ambiguity,0.1242,Vague / Missing Context,0.1093,Ambiguous References,0.0914,173,0.295
8cb6a11eee3c8204625dff44c5eeb673,5,Format Ambiguity,0.1339,Vague / Missing Context,0.1331,Ambiguous References,0.1205,No Smell,0.1123,51,0.292
6d3020e5c37efaf2eff34a937c0d91eb,1,No Smell,0.1776,Format Ambiguity,0.1682,Vague / Missing Context,0.1245,Overloaded Prompt,0.0875,42,0.293
6d3020e5c37efaf2eff34a937c0d91eb,2,No Smell,0.1841,Format Ambiguity,0.1804,Vague / Missing Context,0.1038,Unnecessary Repetition,0.0860,90,0.292
6d3020e5c37efaf2eff34a937c0d91eb,3,Format Ambiguity,0.1835,No Smell,0.1724,Vague / Missing Context,0.1199,Overloaded Prompt,0.0897,37,0.292
6d3020e5c37efaf2eff34a937c0d91eb,4,Format Ambiguity,0.1799,No Smell,0.1675,Vague / Missing Context,0.1121,Overloaded Prompt,0.0918,53,0.293
6d3020e5c37efaf2eff34a937c0d91eb,5,Format Ambiguity,0.1795,No Smell,0.1574,Vague / Missing Context,0.1293,Overloaded Prompt,0.0946,85,0.293
6d3020e5c37efaf2eff34a937c0d91eb,6,Format Ambiguity,0.1776,No Smell,0.1671,Vague / Missing Context,0.1119,Formality / Audience Mismatch,0.0903,57,0.293
6d3020e5c37efaf2eff34a937c0d91eb,7,No Smell,0.1893,Format Ambiguity,0.1886,Vague / Missing Context,0.1050,Overloaded Prompt,0.0871,51,0.293
0240a1387b5ae62c216e986dcfb92f0f,1,No Smell,0.1565,Format Ambiguity,0.1175,Vague / Missing Context,0.1170,Unnecessary Repetition,0.0942,61,0.293
0240a1387b5ae62c216e986dcfb92f0f,2,No Smell,0.1747,Overloaded Prompt,0.1234,Vague / Missing Context,0.1001,Format Ambiguity,0.0984,89,0.293
0240a1387b5ae62c216e986dcfb92f0f,3,No Smell,0.1445,Vague / Missing Context,0.1440,Format Ambiguity,0.1364,Overloaded Prompt,0.1170,53,0.292
f4143fe9b6f15e446c3f86c42b6d6f7c,1,No Smell,0.1900,Vague / Missing Context,0.1616,Format Ambiguity,0.1338,Ambiguous References,0.0827,58,0.293
f4143fe9b6f15e446c3f86c42b6d6f7c,2,No Smell,0.2040,Irrelevant / Excessive Persona,0.1153,Format Ambiguity,0.1004,Unnecessary Repetition,0.0860,277,0.322
94a14e976bb0e7f37dab2de5bc04ee5b,1,No Smell,0.1788,Format Ambiguity,0.1768,Vague / Missing Context,0.1479,Overloaded Prompt,0.0860,577,0.330
73dc0ff614e73085d61838878970b49e,1,No Smell,0.1978,Format Ambiguity,0.1297,Vague / Missing Context,0.1043,Ambiguous References,0.0956,94,0.293
73dc0ff614e73085d61838878970b49e,2,No Smell,0.2050,Format Ambiguity,0.1080,Vague / Missing Context,0.1016,Unnecessary Repetition,0.0948,83,0.292
73dc0ff614e73085d61838878970b49e,3,No Smell,0.2045,Format Ambiguity,0.1086,Vague / Missing Context,0.1044,Ambiguous References,0.0930,71,0.292
73dc0ff614e73085d61838878970b49e,4,No Smell,0.1744,Vague / Missing Context,0.1258,Format Ambiguity,0.1152,Ambiguous References,0.0882,42,0.292
628646460b4b3d89e6a8aec2f2ff49ac,1,Format Ambiguity,0.1854,No Smell,0.1469,Vague / Missing Context,0.1250,Overloaded Prompt,0.0967,48,0.292
6d8a36b53daabe74c97be215d31f5477,1,No Smell,0.1432,Vague / Missing Context,0.1423,Format Ambiguity,0.1403,Overloaded Prompt,0.1333,63,0.292
6d8a36b53daabe74c97be215d31f5477,2,No Smell,0.1600,Format Ambiguity,0.1514,Conflicting Constraints,0.0979,Vague / Missing Context,0.0919,67,0.292
8be5951e57e52ae3ffa6fb262334a734,1,No Smell,0.1543,Format Ambiguity,0.1299,Ambiguous References,0.1219,Vague / Missing Context,0.1115,906,0.395
bb397e631217dd7893b534a6a0f25fa7,1,Vague / Missing Context,0.1741,No Smell,0.1677,Format Ambiguity,0.1636,Unnecessary Repetition,0.0757,90,0.293
bb397e631217dd7893b534a6a0f25fa7,2,Vague / Missing Context,0.3081,No Smell,0.1658,Format Ambiguity,0.1451,Irrelevant / Excessive Persona,0.0606,110,0.292
bb397e631217dd7893b534a6a0f25fa7,3,Vague / Missing Context,0.2788,No Smell,0.1745,Format Ambiguity,0.1351,Irrelevant / Excessive Persona,0.0654,155,0.292
bb397e631217dd7893b534a6a0f25fa7,4,Vague / Missing Context,0.2450,Format Ambiguity,0.1549,No Smell,0.1479,Ambiguous References,0.0774,146,0.294
bb397e631217dd7893b534a6a0f25fa7,5,Ambiguous References,0.1942,No Smell,0.1543,Conflicting Constraints,0.1073,Prompt Bloat / Convoluted Prompt,0.1001,26,0.292
bb397e631217dd7893b534a6a0f25fa7,6,Format Ambiguity,0.2134,No Smell,0.1716,Overloaded Prompt,0.0995,Vague / Missing Context,0.0747,97,0.293
0b274cd130141615c01eaea9f45ea913,1,No Smell,0.1909,Format Ambiguity,0.1797,Vague / Missing Context,0.1406,Overloaded Prompt,0.0809,378,0.321
b75696e3a470963aeb0bcd3bbcd0d401,1,Overloaded Prompt,0.1578,Format Ambiguity,0.1228,No Smell,0.1168,Ambiguous References,0.1154,4000,0.756
1662fe7f93b187a68f39b19de29e858c,1,No Smell,0.2639,Format Ambiguity,0.1065,Unnecessary Repetition,0.0901,Prompt Bloat / Convoluted Prompt,0.0814,158,0.297
1662fe7f93b187a68f39b19de29e858c,2,No Smell,0.2139,Format Ambiguity,0.1145,Vague / Missing Context,0.0887,Unnecessary Repetition,0.0846,145,0.297
1662fe7f93b187a68f39b19de29e858c,3,No Smell,0.2491,Format Ambiguity,0.1137,Unnecessary Repetition,0.0865,Prompt Bloat / Convoluted Prompt,0.0843,158,0.296
1662fe7f93b187a68f39b19de29e858c,4,No Smell,0.2293,Format Ambiguity,0.1113,Vague / Missing Context,0.0866,Conflicting Constraints,0.0821,141,0.296
1662fe7f93b187a68f39b19de29e858c,5,No Smell,0.2247,Unnecessary Repetition,0.0935,Format Ambiguity,0.0907,Conflicting Constraints,0.0899,129,0.319
873698205c219ecedd85c4d76f22ca28,1,Format Ambiguity,0.1622,Vague / Missing Context,0.1478,No Smell,0.1354,Overloaded Prompt,0.0837,68,0.293
c2c135244b13fba516d1119ac67d2f9c,1,No Smell,0.1521,Format Ambiguity,0.1281,Vague / Missing Context,0.1245,Ambiguous References,0.1144,912,0.395
062b61d42fc2d4b64d0b05aea0f7fe17,1,No Smell,0.2350,Format Ambiguity,0.1312,Prompt Bloat / Convoluted Prompt,0.0823,Irrelevant / Excessive Persona,0.0815,204,0.297
f200f34f5695a10814f0f1551bf2f792,6,No Smell,0.1986,Format Ambiguity,0.1247,Ambiguous References,0.0976,Conflicting Constraints,0.0921,161,0.296
7d425a65b7d4f21a51eaa47b038974e8,1,Format Ambiguity,0.1734,No Smell,0.1643,Vague / Missing Context,0.1516,Overloaded Prompt,0.0870,519,0.318
2a62b22b555ae1079e139aea36110322,1,No Smell,0.1419,Format Ambiguity,0.1300,Ambiguous References,0.1255,Vague / Missing Context,0.1154,927,0.396
d090b26d07c2c66b2085cf6852c0320e,1,No Smell,0.1431,Vague / Missing Context,0.1364,Format Ambiguity,0.1320,Overloaded Prompt,0.1143,68,0.293
d090b26d07c2c66b2085cf6852c0320e,2,No Smell,0.1921,Format Ambiguity,0.1380,Vague / Missing Context,0.1088,Overloaded Prompt,0.0965,65,0.292
d090b26d07c2c66b2085cf6852c0320e,3,No Smell,0.1936,Format Ambiguity,0.1420,Overloaded Prompt,0.1049,Vague / Missing Context,0.0912,67,0.293
d090b26d07c2c66b2085cf6852c0320e,4,Vague / Missing Context,0.1812,No Smell,0.1175,Bias / Loaded Framing,0.1172,Unnecessary Repetition,0.0937,7,0.292
f7029c7359c984e73016bae6bb03d1fa,1,No Smell,0.1428,Format Ambiguity,0.1301,Ambiguous References,0.1274,Vague / Missing Context,0.1096,947,0.396
523badaa18fd5dd6fa09b435124fd912,1,Format Ambiguity,0.1395,No Smell,0.1362,Overloaded Prompt,0.1239,Ambiguous References,0.1047,4000,0.712
9f6871b17ff28d10c3ff4d8e82d86d5b,1,Conflicting Constraints,0.1513,No Smell,0.1141,Ambiguous References,0.1137,Format Ambiguity,0.1065,58,0.293
9f6871b17ff28d10c3ff4d8e82d86d5b,2,No Smell,0.1761,Vague / Missing Context,0.1157,Format Ambiguity,0.1119,Unnecessary Repetition,0.0939,258,0.296
9f6871b17ff28d10c3ff4d8e82d86d5b,3,No Smell,0.2361,Format Ambiguity,0.1104,Ambiguous References,0.1015,Vague / Missing Context,0.0944,245,0.295
9f6871b17ff28d10c3ff4d8e82d86d5b,4,No Smell,0.3084,Unnecessary Repetition,0.1011,Format Ambiguity,0.0923,Ambiguous References,0.0840,362,0.319
9f6871b17ff28d10c3ff4d8e82d86d5b,5,No Smell,0.2897,Format Ambiguity,0.1002,Unnecessary Repetition,0.0969,Ambiguous References,0.0850,320,0.297
9f6871b17ff28d10c3ff4d8e82d86d5b,6,No Smell,0.2134,Format Ambiguity,0.1206,Ambiguous References,0.1086,Unnecessary Repetition,0.0869,276,0.296
2bedcd0c0621450ff0550ced9057b937,1,Vague / Missing Context,0.1958,No Smell,0.1618,Format Ambiguity,0.1212,Unnecessary Repetition,0.0770,62,0.292
2bedcd0c0621450ff0550ced9057b937,2,Vague / Missing Context,0.1800,No Smell,0.1607,Format Ambiguity,0.1268,Ambiguous References,0.1036,124,0.293
2bedcd0c0621450ff0550ced9057b937,3,Vague / Missing Context,0.1713,No Smell,0.1672,Format Ambiguity,0.1198,Ambiguous References,0.0980,117,0.293
2bedcd0c0621450ff0550ced9057b937,4,No Smell,0.1671,Vague / Missing Context,0.1525,Format Ambiguity,0.1511,Ambiguous References,0.0892,299,0.320
2bedcd0c0621450ff0550ced9057b937,5,No Smell,0.2055,Vague / Missing Context,0.1362,Format Ambiguity,0.1352,Ambiguous References,0.0911,151,0.293
2bedcd0c0621450ff0550ced9057b937,6,No Smell,0.1775,Format Ambiguity,0.1577,Vague / Missing Context,0.1484,Ambiguous References,0.0826,185,0.295
2bedcd0c0621450ff0550ced9057b937,7,Vague / Missing Context,0.1825,No Smell,0.1587,Format Ambiguity,0.1380,Bias / Loaded Framing,0.1079,120,0.292
2bedcd0c0621450ff0550ced9057b937,8,Format Ambiguity,0.1546,No Smell,0.1446,Vague / Missing Context,0.1377,Ambiguous References,0.1031,151,0.295
58177980a80af5ad0fcac3cbf13a23d1,1,No Smell,0.1550,Format Ambiguity,0.1285,Ambiguous References,0.1111,Conflicting Constraints,0.0912,105,0.293
2c82242fd7ba61184aa72fee45e8516d,1,No Smell,0.1848,Format Ambiguity,0.1467,Overloaded Prompt,0.0969,Vague / Missing Context,0.0957,66,0.293
2c82242fd7ba61184aa72fee45e8516d,2,No Smell,0.1825,Format Ambiguity,0.1590,Vague / Missing Context,0.1023,Irrelevant / Excessive Persona,0.0930,65,0.293
2c82242fd7ba61184aa72fee45e8516d,3,No Smell,0.1802,Format Ambiguity,0.1401,Irrelevant / Excessive Persona,0.1020,Vague / Missing Context,0.0917,52,0.293
413af815d3e4e270af2c7c868f38c5c3,1,Ambiguous References,0.1318,Format Ambiguity,0.1318,No Smell,0.1260,Vague / Missing Context,0.1196,922,0.396
d6185792d7ddd4799f5afb3f6ca45320,2,No Smell,0.1806,Format Ambiguity,0.1310,Vague / Missing Context,0.1293,Unnecessary Repetition,0.0932,13,0.292
d6185792d7ddd4799f5afb3f6ca45320,3,No Smell,0.2404,Format Ambiguity,0.1187,Unnecessary Repetition,0.0920,Vague / Missing Context,0.0919,21,0.292
d4867cb58ae33a8559b24ef2c489ab89,1,No Smell,0.1846,Format Ambiguity,0.1323,Vague / Missing Context,0.1065,Unnecessary Repetition,0.0915,74,0.292
d4867cb58ae33a8559b24ef2c489ab89,2,No Smell,0.1752,Format Ambiguity,0.1297,Vague / Missing Context,0.1089,Unnecessary Repetition,0.0988,90,0.292
ebbfa07312eaa43ee8620ece6679a86e,1,No Smell,0.1551,Format Ambiguity,0.1359,Ambiguous References,0.1248,Vague / Missing Context,0.1086,936,0.397
397c463316b87ce5fcd96acaf4bf60c6,3,No Smell,0.1735,Format Ambiguity,0.1192,Vague / Missing Context,0.1015,Conflicting Constraints,0.0957,4,0.291
7fcf4d9ed4eca17cc983b35755e095c5,1,No Smell,0.1555,Format Ambiguity,0.1356,Ambiguous References,0.1268,Vague / Missing Context,0.1068,944,0.396
5f5f75c66690f97c44ebd7c50f68dde0,1,No Smell,0.2115,Format Ambiguity,0.1160,Vague / Missing Context,0.0939,Unnecessary Repetition,0.0891,44,0.292
c129eb24715936196d8ab82c8975bca4,1,No Smell,0.1581,Format Ambiguity,0.1331,Vague / Missing Context,0.1170,Ambiguous References,0.0935,15,0.292
908520aa2c8ebca81638f85feeec08ba,1,No Smell,0.2302,Format Ambiguity,0.1309,Ambiguous References,0.0927,Vague / Missing Context,0.0844,278,0.319
a2c7dc6e4a2aa9d033c7b863d0c639bb,1,No Smell,0.1837,Format Ambiguity,0.1213,Ambiguous References,0.1136,Vague / Missing Context,0.1000,83,0.292
a2c7dc6e4a2aa9d033c7b863d0c639bb,2,No Smell,0.1624,Conflicting Constraints,0.1216,Format Ambiguity,0.1049,Vague / Missing Context,0.1028,41,0.291
3a8819cb73f1fa2e74dd5e30a276f469,1,Vague / Missing Context,0.2629,Format Ambiguity,0.1738,No Smell,0.1575,Unnecessary Repetition,0.0599,66,0.292
5e33a0510e530a8a6b6c219e4b3c4d42,1,No Smell,0.1452,Format Ambiguity,0.1408,Ambiguous References,0.1260,Vague / Missing Context,0.1103,885,0.381
514016e94a150957b77456993dbb05d7,1,No Smell,0.1364,Vague / Missing Context,0.1229,Unnecessary Repetition,0.1066,Format Ambiguity,0.1013,8,0.291
514016e94a150957b77456993dbb05d7,2,No Smell,0.2043,Unnecessary Repetition,0.1074,Format Ambiguity,0.1062,Vague / Missing Context,0.0901,159,0.294
3f5c3e2fc4cbada42702827785d5e683,1,No Smell,0.1421,Format Ambiguity,0.1398,Ambiguous References,0.1304,Vague / Missing Context,0.1090,892,0.381
cc4e8d783fe04b292991963a3d9d88f0,1,Format Ambiguity,0.1734,Irrelevant / Excessive Persona,0.1734,Vague / Missing Context,0.1522,No Smell,0.1475,53,0.292
cc4e8d783fe04b292991963a3d9d88f0,2,Irrelevant / Excessive Persona,0.1818,Format Ambiguity,0.1783,No Smell,0.1508,Vague / Missing Context,0.1237,60,0.292
928bdc6f650411bff2dfb600cee76763,1,Vague / Missing Context,0.1931,No Smell,0.1841,Format Ambiguity,0.1503,Overloaded Prompt,0.0743,88,0.293
65e36dd34f962f8fdf78d98e5ce12a4d,1,No Smell,0.1435,Format Ambiguity,0.1386,Ambiguous References,0.1326,Vague / Missing Context,0.1065,921,0.395
508ccc3cf3b5de475a5ec81d72678f6d,1,Format Ambiguity,0.1295,No Smell,0.1230,Overloaded Prompt,0.1206,Ambiguous References,0.1152,4000,0.713
8cb5913e9e6f03faf5d49666718a6de4,1,No Smell,0.1972,Format Ambiguity,0.1775,Ambiguous References,0.0954,Vague / Missing Context,0.0893,206,0.296
13534624512f98a0fa1bda7226b72a4e,1,No Smell,0.1664,Format Ambiguity,0.1584,Irrelevant / Excessive Persona,0.1259,Vague / Missing Context,0.0916,58,0.292
13534624512f98a0fa1bda7226b72a4e,2,Format Ambiguity,0.2347,No Smell,0.1512,Irrelevant / Excessive Persona,0.1197,Vague / Missing Context,0.0891,59,0.294
6b77db34d6b2627de633a5a8d09cbf0f,1,No Smell,0.1451,Format Ambiguity,0.1376,Ambiguous References,0.1333,Vague / Missing Context,0.1079,946,0.396
d64c3d025acf1e4ce3a0031b301b24ac,2,Ambiguous References,0.1905,Format Ambiguity,0.1884,No Smell,0.1579,Vague / Missing Context,0.0834,38,0.292
d64c3d025acf1e4ce3a0031b301b24ac,3,Format Ambiguity,0.1867,No Smell,0.1766,Ambiguous References,0.1308,Vague / Missing Context,0.0884,100,0.292
d64c3d025acf1e4ce3a0031b301b24ac,4,Format Ambiguity,0.1914,No Smell,0.1751,Ambiguous References,0.1216,Vague / Missing Context,0.1103,47,0.292
d64c3d025acf1e4ce3a0031b301b24ac,5,Format Ambiguity,0.1914,No Smell,0.1751,Ambiguous References,0.1216,Vague / Missing Context,0.1103,47,0.249
d64c3d025acf1e4ce3a0031b301b24ac,6,Format Ambiguity,0.1959,No Smell,0.1792,Ambiguous References,0.1320,Vague / Missing Context,0.1042,51,0.292
d64c3d025acf1e4ce3a0031b301b24ac,7,No Smell,0.1784,Format Ambiguity,0.1691,Ambiguous References,0.1472,Irrelevant / Excessive Persona,0.0982,67,0.293
d64c3d025acf1e4ce3a0031b301b24ac,8,No Smell,0.1765,Format Ambiguity,0.1516,Ambiguous References,0.1187,Conflicting Constraints,0.0891,124,0.295
d64c3d025acf1e4ce3a0031b301b24ac,9,Format Ambiguity,0.1543,No Smell,0.1438,Vague / Missing Context,0.1195,Ambiguous References,0.1178,141,0.295
d64c3d025acf1e4ce3a0031b301b24ac,10,No Smell,0.2143,Format Ambiguity,0.1227,Vague / Missing Context,0.0949,Irrelevant / Excessive Persona,0.0894,47,0.293
76d8a271c2f3fdc1e480ff1acb3b0200,1,No Smell,0.2057,Format Ambiguity,0.1726,Vague / Missing Context,0.0906,Ambiguous References,0.0905,284,0.320
6ceda9683c78b527acbedb46822bb45b,1,No Smell,0.1532,Format Ambiguity,0.1372,Ambiguous References,0.1280,Vague / Missing Context,0.1064,969,0.387
f921a991037f821630d0fdcf73275aac,1,No Smell,0.1532,Format Ambiguity,0.1372,Ambiguous References,0.1280,Vague / Missing Context,0.1064,969,0.251
4eeb9c686fd99cd0b7f60cd97faad1ee,2,Ambiguous References,0.1518,No Smell,0.1500,Format Ambiguity,0.1224,Vague / Missing Context,0.0965,76,0.293
4eeb9c686fd99cd0b7f60cd97faad1ee,3,No Smell,0.1552,Ambiguous References,0.1273,Format Ambiguity,0.1124,Conflicting Constraints,0.0922,87,0.292
5a06b7505115eff4a232182e83023370,1,No Smell,0.1282,Overloaded Prompt,0.1244,Format Ambiguity,0.1243,Unnecessary Repetition,0.1209,4000,0.656
16e176a94e4e594eb4460cd5c1d70c0b,1,No Smell,0.1282,Overloaded Prompt,0.1244,Format Ambiguity,0.1243,Unnecessary Repetition,0.1209,4000,0.260
9732cd400e6d98ab4d58de452b61c45f,1,No Smell,0.1697,Format Ambiguity,0.1257,Ambiguous References,0.1142,Vague / Missing Context,0.1002,983,0.388
63e8f7d0c6e1e6b2b1968ff87947bde1,1,Unnecessary Repetition,0.2684,No Smell,0.1430,Format Ambiguity,0.1056,Vague / Missing Context,0.0882,86,0.292
e9f7b5c4e592105f001b69d585085967,3,Format Ambiguity,0.1694,No Smell,0.1415,Vague / Missing Context,0.1099,Ambiguous References,0.1079,1163,0.414
52d97b1f5ed3bc6f888e18362cc87d40,1,No Smell,0.1728,Format Ambiguity,0.1272,Ambiguous References,0.1052,Vague / Missing Context,0.1010,981,0.388
284df930277f381bb74de03bcbf1fdfb,1,No Smell,0.1593,Format Ambiguity,0.1261,Ambiguous References,0.1143,Vague / Missing Context,0.1020,988,0.389
9468d59c30d041d0e5c45c309937b5a9,1,No Smell,0.1580,Unnecessary Repetition,0.1150,Format Ambiguity,0.1004,Vague / Missing Context,0.0918,26,0.292
9468d59c30d041d0e5c45c309937b5a9,2,No Smell,0.1639,Vague / Missing Context,0.1394,Format Ambiguity,0.1349,Ambiguous References,0.1059,129,0.293
b8ad02f44236ba0a76880e4c7cabd4e4,1,No Smell,0.1691,Format Ambiguity,0.1231,Ambiguous References,0.1119,Vague / Missing Context,0.0995,994,0.389
a7982a98a8cbbb555af7af2f95d5a2d3,1,No Smell,0.1713,Format Ambiguity,0.1260,Ambiguous References,0.1128,Vague / Missing Context,0.1003,994,0.388
e53313b2efca6181433e1d489e0f3421,6,No Smell,0.2262,Format Ambiguity,0.1295,Vague / Missing Context,0.0915,Unnecessary Repetition,0.0798,19,0.292
e53313b2efca6181433e1d489e0f3421,9,No Smell,0.1626,Format Ambiguity,0.1275,Prompt Bloat / Convoluted Prompt,0.0952,Overloaded Prompt,0.0939,65,0.295
04e509c9c721ed5bf2a8df8666e80958,1,No Smell,0.1970,Format Ambiguity,0.1203,Unnecessary Repetition,0.1097,Vague / Missing Context,0.0950,453,0.322
7094d5fd09ae3f5c5f91a7502501a664,1,No Smell,0.1764,Unnecessary Repetition,0.1097,Format Ambiguity,0.1061,Vague / Missing Context,0.1027,36,0.292
6340a8f365261bbbd627d9dd21016dd3,1,No Smell,0.1662,Format Ambiguity,0.1251,Ambiguous References,0.1036,Vague / Missing Context,0.0966,1022,0.389
f87d113610216b3bd96e0548394d5bb1,1,Vague / Missing Context,0.2132,No Smell,0.1772,Format Ambiguity,0.1313,Irrelevant / Excessive Persona,0.0670,64,0.292
f87d113610216b3bd96e0548394d5bb1,2,Vague / Missing Context,0.1713,No Smell,0.1672,Format Ambiguity,0.1198,Ambiguous References,0.0980,117,0.292
f87d113610216b3bd96e0548394d5bb1,3,No Smell,0.1701,Format Ambiguity,0.1566,Vague / Missing Context,0.1504,Ambiguous References,0.0872,299,0.320
f87d113610216b3bd96e0548394d5bb1,4,No Smell,0.2095,Vague / Missing Context,0.1484,Format Ambiguity,0.1342,Ambiguous References,0.0846,157,0.295
f87d113610216b3bd96e0548394d5bb1,5,No Smell,0.1656,Format Ambiguity,0.1545,Vague / Missing Context,0.1515,Ambiguous References,0.0889,184,0.296
f87d113610216b3bd96e0548394d5bb1,6,Vague / Missing Context,0.1825,No Smell,0.1587,Format Ambiguity,0.1380,Bias / Loaded Framing,0.1079,120,0.293
f87d113610216b3bd96e0548394d5bb1,7,No Smell,0.1521,Format Ambiguity,0.1394,Vague / Missing Context,0.1317,Ambiguous References,0.1041,149,0.295
f87d113610216b3bd96e0548394d5bb1,8,No Smell,0.1626,Format Ambiguity,0.1262,Vague / Missing Context,0.1232,Ambiguous References,0.0975,277,0.296
d7a61f480a9f8ac9c832f7b3437dbfee,1,No Smell,0.1830,Unnecessary Repetition,0.1144,Format Ambiguity,0.1057,Prompt Bloat / Convoluted Prompt,0.0940,37,0.292
d7a61f480a9f8ac9c832f7b3437dbfee,2,No Smell,0.1533,Format Ambiguity,0.1173,Ambiguous References,0.0965,Unnecessary Repetition,0.0906,463,0.317
229b8f3ff936b418bd74c055858ddf80,1,No Smell,0.1661,Format Ambiguity,0.1249,Ambiguous References,0.1033,Vague / Missing Context,0.0962,1027,0.389
0045a8e2db254a536a5954906f627e7a,1,No Smell,0.1614,Vague / Missing Context,0.1515,Format Ambiguity,0.1219,Irrelevant / Excessive Persona,0.0899,7,0.291
6c34d0b3bd2d58fb4769b5f14d607ddc,1,No Smell,0.1920,Format Ambiguity,0.1612,Vague / Missing Context,0.1139,Overloaded Prompt,0.0911,149,0.295
034df59038b37f4a33178b1c5138545b,1,No Smell,0.1673,Format Ambiguity,0.1259,Ambiguous References,0.1038,Vague / Missing Context,0.0960,1016,0.389
84b060ee66c652cb0fc1f446063b8c1a,2,No Smell,0.1837,Format Ambiguity,0.1178,Ambiguous References,0.0932,Conflicting Constraints,0.0931,62,0.293
5af2d5663b1630f0dc772b65bf29344d,1,Format Ambiguity,0.1339,No Smell,0.1308,Prompt Bloat / Convoluted Prompt,0.1093,Ambiguous References,0.0967,3149,0.771
5af2d5663b1630f0dc772b65bf29344d,2,No Smell,0.1517,Unnecessary Repetition,0.1109,Format Ambiguity,0.1052,Ambiguous References,0.1022,3221,1.047
5d842ad95b9058de4600947066260a15,1,No Smell,0.1690,Format Ambiguity,0.1250,Overloaded Prompt,0.1176,Vague / Missing Context,0.1036,9,0.291
a19fab3c96b82eff43c9ce2e0bda12bb,3,No Smell,0.1987,Format Ambiguity,0.1352,Vague / Missing Context,0.1214,Unnecessary Repetition,0.0809,70,0.293
a19fab3c96b82eff43c9ce2e0bda12bb,4,No Smell,0.1795,Format Ambiguity,0.1331,Conflicting Constraints,0.1086,Unnecessary Repetition,0.0938,42,0.292
792b462fb8612e6bc719a5231138a420,1,No Smell,0.1706,Format Ambiguity,0.1317,Ambiguous References,0.1090,Vague / Missing Context,0.1077,242,0.296
792b462fb8612e6bc719a5231138a420,2,No Smell,0.1690,Format Ambiguity,0.1275,Ambiguous References,0.1250,Vague / Missing Context,0.1111,243,0.296
792b462fb8612e6bc719a5231138a420,3,No Smell,0.1552,Ambiguous References,0.1296,Format Ambiguity,0.1271,Vague / Missing Context,0.1016,246,0.296
792b462fb8612e6bc719a5231138a420,4,Format Ambiguity,0.1915,Vague / Missing Context,0.1659,No Smell,0.1421,Overloaded Prompt,0.0938,287,0.297
792b462fb8612e6bc719a5231138a420,5,Format Ambiguity,0.1810,Vague / Missing Context,0.1377,No Smell,0.1338,Overloaded Prompt,0.1254,286,0.297
792b462fb8612e6bc719a5231138a420,6,Format Ambiguity,0.1820,No Smell,0.1355,Vague / Missing Context,0.1322,Overloaded Prompt,0.1167,274,0.296
7fd020e5269edc057b3a8cac8342220e,1,No Smell,0.1898,Format Ambiguity,0.1427,Vague / Missing Context,0.1138,Ambiguous References,0.0892,42,0.292
7fd020e5269edc057b3a8cac8342220e,2,No Smell,0.2203,Format Ambiguity,0.1433,Vague / Missing Context,0.1163,Unnecessary Repetition,0.0847,28,0.291
f4bc17f9d6b3efc46fdf44a3b26a3b85,1,Unnecessary Repetition,0.2684,No Smell,0.1430,Format Ambiguity,0.1056,Vague / Missing Context,0.0882,86,0.293
f4bc17f9d6b3efc46fdf44a3b26a3b85,2,Unnecessary Repetition,0.1729,No Smell,0.1478,Format Ambiguity,0.1125,Vague / Missing Context,0.1093,216,0.296
f4bc17f9d6b3efc46fdf44a3b26a3b85,3,No Smell,0.1734,Unnecessary Repetition,0.1612,Ambiguous References,0.1145,Format Ambiguity,0.1100,236,0.296
f4bc17f9d6b3efc46fdf44a3b26a3b85,4,Unnecessary Repetition,0.1675,No Smell,0.1580,Vague / Missing Context,0.1203,Format Ambiguity,0.1137,174,0.295
f4bc17f9d6b3efc46fdf44a3b26a3b85,5,No Smell,0.1589,Vague / Missing Context,0.1535,Unnecessary Repetition,0.1449,Format Ambiguity,0.1188,215,0.296
f4bc17f9d6b3efc46fdf44a3b26a3b85,6,Unnecessary Repetition,0.1677,No Smell,0.1573,Format Ambiguity,0.1020,Vague / Missing Context,0.0947,166,0.295
f4bc17f9d6b3efc46fdf44a3b26a3b85,7,Unnecessary Repetition,0.1542,No Smell,0.1464,Format Ambiguity,0.1302,Vague / Missing Context,0.1184,248,0.296
f4bc17f9d6b3efc46fdf44a3b26a3b85,8,No Smell,0.1908,Unnecessary Repetition,0.1684,Vague / Missing Context,0.1152,Format Ambiguity,0.0973,180,0.295
f4bc17f9d6b3efc46fdf44a3b26a3b85,9,No Smell,0.2253,Unnecessary Repetition,0.1449,Vague / Missing Context,0.1228,Format Ambiguity,0.1156,188,0.296
f4bc17f9d6b3efc46fdf44a3b26a3b85,10,No Smell,0.1474,Unnecessary Repetition,0.1373,Format Ambiguity,0.1253,Vague / Missing Context,0.1245,195,0.296
f4bc17f9d6b3efc46fdf44a3b26a3b85,11,No Smell,0.2137,Unnecessary Repetition,0.1953,Vague / Missing Context,0.0984,Format Ambiguity,0.0974,184,0.295
3737a75f890ad0f5866cf11084567d01,1,No Smell,0.1728,Format Ambiguity,0.1318,Overloaded Prompt,0.0995,Unnecessary Repetition,0.0901,118,0.293
aca33452f51c77145809eb6d20a7513b,1,No Smell,0.1708,Format Ambiguity,0.1234,Ambiguous References,0.1008,Overloaded Prompt,0.0963,1036,0.389
cc573147a25607cb8db29fc875d17bbb,2,No Smell,0.1893,Format Ambiguity,0.1483,Vague / Missing Context,0.1213,Irrelevant / Excessive Persona,0.0848,45,0.292
cc573147a25607cb8db29fc875d17bbb,3,No Smell,0.1816,Format Ambiguity,0.1366,Vague / Missing Context,0.1025,Overloaded Prompt,0.0946,32,0.292
cc573147a25607cb8db29fc875d17bbb,4,No Smell,0.2041,Format Ambiguity,0.1564,Vague / Missing Context,0.1161,Unnecessary Repetition,0.0846,56,0.292
cc573147a25607cb8db29fc875d17bbb,5,No Smell,0.1665,Vague / Missing Context,0.1184,Format Ambiguity,0.1017,Ambiguous References,0.0966,99,0.292
cc573147a25607cb8db29fc875d17bbb,6,No Smell,0.2249,Format Ambiguity,0.1566,Vague / Missing Context,0.1001,Unnecessary Repetition,0.0825,46,0.291
cc573147a25607cb8db29fc875d17bbb,7,No Smell,0.1886,Format Ambiguity,0.1559,Vague / Missing Context,0.1259,Unnecessary Repetition,0.0873,54,0.292
cc573147a25607cb8db29fc875d17bbb,8,No Smell,0.1874,Vague / Missing Context,0.1565,Format Ambiguity,0.1324,Ambiguous References,0.0942,104,0.292
cc573147a25607cb8db29fc875d17bbb,9,No Smell,0.1885,Format Ambiguity,0.1366,Vague / Missing Context,0.1362,Ambiguous References,0.0894,46,0.291
92316b4eb271130622463812f6d2e992,1,Vague / Missing Context,0.1834,No Smell,0.1817,Format Ambiguity,0.1389,Ambiguous References,0.0903,287,0.319
92316b4eb271130622463812f6d2e992,2,No Smell,0.1956,Format Ambiguity,0.1215,Ambiguous References,0.0993,Overloaded Prompt,0.0935,76,0.293
92316b4eb271130622463812f6d2e992,4,No Smell,0.1987,Format Ambiguity,0.1291,Ambiguous References,0.1078,Conflicting Constraints,0.0937,164,0.296
92316b4eb271130622463812f6d2e992,5,No Smell,0.2075,Format Ambiguity,0.1364,Ambiguous References,0.1065,Conflicting Constraints,0.1021,413,0.318
92316b4eb271130622463812f6d2e992,6,No Smell,0.1951,Format Ambiguity,0.1121,Conflicting Constraints,0.0987,Prompt Bloat / Convoluted Prompt,0.0944,91,0.293
92316b4eb271130622463812f6d2e992,7,Unnecessary Repetition,0.2546,No Smell,0.1577,Format Ambiguity,0.1006,Ambiguous References,0.0861,355,0.317
85fec89d9227f25c836787b385ffe116,1,No Smell,0.1962,Format Ambiguity,0.1817,Vague / Missing Context,0.0900,Unnecessary Repetition,0.0863,56,0.292
85fec89d9227f25c836787b385ffe116,2,Format Ambiguity,0.1317,No Smell,0.1288,Vague / Missing Context,0.1103,Ambiguous References,0.1022,32,0.292
85fec89d9227f25c836787b385ffe116,3,Vague / Missing Context,0.1265,No Smell,0.1214,Format Ambiguity,0.1186,Ambiguous References,0.1036,29,0.291
85fec89d9227f25c836787b385ffe116,4,No Smell,0.1829,Format Ambiguity,0.1631,Vague / Missing Context,0.0982,Unnecessary Repetition,0.0895,47,0.292
85fec89d9227f25c836787b385ffe116,5,Unnecessary Repetition,0.1420,No Smell,0.1245,Vague / Missing Context,0.1190,Format Ambiguity,0.1098,7,0.291
85fec89d9227f25c836787b385ffe116,6,Format Ambiguity,0.1561,No Smell,0.1457,Vague / Missing Context,0.1291,Irrelevant / Excessive Persona,0.1018,82,0.292
85fec89d9227f25c836787b385ffe116,7,Vague / Missing Context,0.1445,No Smell,0.1388,Format Ambiguity,0.0985,Conflicting Constraints,0.0956,30,0.292
85fec89d9227f25c836787b385ffe116,8,Format Ambiguity,0.1533,Vague / Missing Context,0.1258,No Smell,0.1202,Irrelevant / Excessive Persona,0.1066,54,0.292
85fec89d9227f25c836787b385ffe116,9,Format Ambiguity,0.1754,No Smell,0.1704,Vague / Missing Context,0.1454,Overloaded Prompt,0.0892,34,0.292
6186a4ca01c54c5b3a245450222b73ad,1,No Smell,0.1984,Format Ambiguity,0.1187,Vague / Missing Context,0.0919,Irrelevant / Excessive Persona,0.0919,23,0.292
8479222c4f169f14919cada3730eedf5,1,No Smell,0.1603,Format Ambiguity,0.1340,Conflicting Constraints,0.1017,Ambiguous References,0.0956,91,0.295
8479222c4f169f14919cada3730eedf5,3,Format Ambiguity,0.1302,No Smell,0.1230,Prompt Bloat / Convoluted Prompt,0.1163,Ambiguous References,0.1135,2934,0.960
82157bc0ff6dfbb74cc986df8692326c,1,Vague / Missing Context,0.1717,No Smell,0.1471,Format Ambiguity,0.1246,Ambiguous References,0.0942,163,0.292
82157bc0ff6dfbb74cc986df8692326c,2,No Smell,0.1409,Format Ambiguity,0.1346,Unnecessary Repetition,0.1125,Conflicting Constraints,0.1012,21,0.293
f49bd6edfdfd5ac948f0f3a8f66791a0,1,No Smell,0.1777,Format Ambiguity,0.1135,Ambiguous References,0.1107,Vague / Missing Context,0.0983,1066,0.398
1a910e20d5a98a942b1507357e44f912,1,Vague / Missing Context,0.1806,Format Ambiguity,0.1584,No Smell,0.1448,Unnecessary Repetition,0.0751,59,0.291
22dfdab689cdd0b59869bca5523e02fc,1,No Smell,0.1832,Format Ambiguity,0.1171,Vague / Missing Context,0.1170,Ambiguous References,0.1059,79,0.293
22dfdab689cdd0b59869bca5523e02fc,2,No Smell,0.1610,Format Ambiguity,0.1298,Vague / Missing Context,0.1061,Ambiguous References,0.1033,50,0.292
22dfdab689cdd0b59869bca5523e02fc,3,No Smell,0.1618,Format Ambiguity,0.1285,Ambiguous References,0.1160,Vague / Missing Context,0.1049,105,0.292
22dfdab689cdd0b59869bca5523e02fc,4,Vague / Missing Context,0.1410,Conflicting Constraints,0.1226,No Smell,0.1167,Format Ambiguity,0.1096,44,0.291
464c27107e3c3fb41bde2432c258a494,1,No Smell,0.1624,Format Ambiguity,0.1170,Overloaded Prompt,0.1055,Ambiguous References,0.0969,1438,0.416
86a82e6c887d02acdeb2ace4808f4b1f,1,No Smell,0.1664,Format Ambiguity,0.1663,Overloaded Prompt,0.1430,Vague / Missing Context,0.1010,71,0.292
fdedbb92ffcff641123474f33a4e754c,1,No Smell,0.1796,Format Ambiguity,0.1495,Vague / Missing Context,0.1228,Ambiguous References,0.0865,186,0.296
fdedbb92ffcff641123474f33a4e754c,2,Overloaded Prompt,0.1734,Format Ambiguity,0.1592,No Smell,0.1297,Ambiguous References,0.1225,153,0.292
6666a1dcd3ce68a2868f23099d67cb87,1,No Smell,0.1689,Ambiguous References,0.1154,Format Ambiguity,0.1145,Vague / Missing Context,0.0982,1076,0.398
0036446488c4a387cb3058ca2d6a4c06,1,No Smell,0.1767,Format Ambiguity,0.1154,Ambiguous References,0.1131,Vague / Missing Context,0.0986,1093,0.398
d5524b895bae75bd449533cf7460fcb4,1,No Smell,0.2195,Format Ambiguity,0.1331,Overloaded Prompt,0.1220,Prompt Bloat / Convoluted Prompt,0.0819,522,0.396
a48bce6fa69db8606aa57474a049a64d,1,No Smell,0.1571,Ambiguous References,0.1174,Format Ambiguity,0.1134,Vague / Missing Context,0.1016,1135,0.401
e635064dacd7000895ce862191e8de6a,1,No Smell,0.1596,Format Ambiguity,0.1158,Ambiguous References,0.1153,Vague / Missing Context,0.1030,1102,0.398
a171ba9cf569033e0c2fcd0f549a17d0,1,No Smell,0.2072,Format Ambiguity,0.1245,Conflicting Constraints,0.0991,Bias / Loaded Framing,0.0883,843,0.516
a171ba9cf569033e0c2fcd0f549a17d0,3,No Smell,0.1655,Ambiguous References,0.1286,Format Ambiguity,0.1246,Conflicting Constraints,0.0902,102,0.292
aaa2bc63eda660be7a8f725a8059994a,1,No Smell,0.2740,Format Ambiguity,0.1191,Overloaded Prompt,0.0917,Unnecessary Repetition,0.0811,445,0.364
6d0cda3dbbd383e8d77b5b5159c07bb3,1,No Smell,0.1873,Format Ambiguity,0.1621,Vague / Missing Context,0.1150,Overloaded Prompt,0.0886,148,0.295
c89e3a02af7140c3c149e96ae2102930,2,Overloaded Prompt,0.2357,Vague / Missing Context,0.1371,Format Ambiguity,0.1123,No Smell,0.0963,973,0.396
c89e3a02af7140c3c149e96ae2102930,3,No Smell,0.2041,Format Ambiguity,0.1173,Ambiguous References,0.1009,Vague / Missing Context,0.0947,130,0.293
b05c488627e935758fb6329c75681086,1,No Smell,0.1873,Format Ambiguity,0.1621,Vague / Missing Context,0.1150,Overloaded Prompt,0.0886,148,0.249
6416cba0fdcbf12ba7e5f87d5e973ad6,1,No Smell,0.1491,Unnecessary Repetition,0.1319,Format Ambiguity,0.1016,Vague / Missing Context,0.0965,137,0.293
6416cba0fdcbf12ba7e5f87d5e973ad6,2,No Smell,0.1752,Unnecessary Repetition,0.1251,Format Ambiguity,0.1015,Vague / Missing Context,0.0925,87,0.293
8316943d047c26bf6f8ce3beeefb6e34,1,No Smell,0.1832,Format Ambiguity,0.1171,Vague / Missing Context,0.1170,Ambiguous References,0.1059,79,0.293
8316943d047c26bf6f8ce3beeefb6e34,2,No Smell,0.1912,Ambiguous References,0.1416,Format Ambiguity,0.1122,Irrelevant / Excessive Persona,0.0937,38,0.300
8316943d047c26bf6f8ce3beeefb6e34,3,No Smell,0.1720,Format Ambiguity,0.1362,Vague / Missing Context,0.1064,Ambiguous References,0.0978,84,0.292
8316943d047c26bf6f8ce3beeefb6e34,4,No Smell,0.1548,Ambiguous References,0.1300,Format Ambiguity,0.1213,Vague / Missing Context,0.0999,77,0.293
8316943d047c26bf6f8ce3beeefb6e34,5,Ambiguous References,0.1371,No Smell,0.1350,Format Ambiguity,0.1227,Vague / Missing Context,0.1125,71,0.293
8316943d047c26bf6f8ce3beeefb6e34,6,No Smell,0.1450,Format Ambiguity,0.1288,Vague / Missing Context,0.1123,Ambiguous References,0.1074,54,0.292
8316943d047c26bf6f8ce3beeefb6e34,7,Ambiguous References,0.1372,No Smell,0.1370,Format Ambiguity,0.1116,Unnecessary Repetition,0.0995,86,0.302
8316943d047c26bf6f8ce3beeefb6e34,8,No Smell,0.1378,Ambiguous References,0.1266,Unnecessary Repetition,0.1163,Format Ambiguity,0.1043,105,0.292
92a037666245d2fbc7b6749dac0dda86,1,No Smell,0.2164,Format Ambiguity,0.1088,Vague / Missing Context,0.0976,Unnecessary Repetition,0.0957,119,0.292
0538c8f425b331c193abcfe960dc7215,1,No Smell,0.1582,Ambiguous References,0.1161,Format Ambiguity,0.1160,Vague / Missing Context,0.1033,1112,0.399
074207c15f3ede619b207c5b58105af5,1,No Smell,0.1912,Unnecessary Repetition,0.1206,Format Ambiguity,0.1026,Vague / Missing Context,0.0925,36,0.292
f31534310e7bb35cd68a3c23f7f68ef3,1,No Smell,0.1585,Ambiguous References,0.1173,Format Ambiguity,0.1170,Vague / Missing Context,0.1022,1117,0.399
e139463a82ef58d06ff542e012164ff9,1,Unnecessary Repetition,0.2684,No Smell,0.1430,Format Ambiguity,0.1056,Vague / Missing Context,0.0882,86,0.292
e139463a82ef58d06ff542e012164ff9,2,Vague / Missing Context,0.1698,No Smell,0.1637,Unnecessary Repetition,0.1174,Format Ambiguity,0.1146,227,0.296
e139463a82ef58d06ff542e012164ff9,3,No Smell,0.1905,Unnecessary Repetition,0.1777,Format Ambiguity,0.1058,Vague / Missing Context,0.1052,184,0.296
e139463a82ef58d06ff542e012164ff9,4,No Smell,0.1696,Vague / Missing Context,0.1488,Format Ambiguity,0.1295,Unnecessary Repetition,0.1263,122,0.292
e139463a82ef58d06ff542e012164ff9,5,No Smell,0.1859,Unnecessary Repetition,0.1673,Format Ambiguity,0.1148,Vague / Missing Context,0.1079,201,0.295
e139463a82ef58d06ff542e012164ff9,6,No Smell,0.2081,Unnecessary Repetition,0.1557,Format Ambiguity,0.1296,Vague / Missing Context,0.1086,173,0.295
e139463a82ef58d06ff542e012164ff9,7,Unnecessary Repetition,0.1729,No Smell,0.1537,Vague / Missing Context,0.1235,Format Ambiguity,0.1217,196,0.296
e139463a82ef58d06ff542e012164ff9,8,No Smell,0.1790,Unnecessary Repetition,0.1730,Format Ambiguity,0.1168,Vague / Missing Context,0.0907,223,0.296
e139463a82ef58d06ff542e012164ff9,9,Unnecessary Repetition,0.1895,No Smell,0.1291,Vague / Missing Context,0.1154,Format Ambiguity,0.1092,132,0.292
e139463a82ef58d06ff542e012164ff9,10,Vague / Missing Context,0.1647,Unnecessary Repetition,0.1555,No Smell,0.1506,Format Ambiguity,0.1194,184,0.295
e139463a82ef58d06ff542e012164ff9,11,No Smell,0.1753,Unnecessary Repetition,0.1747,Vague / Missing Context,0.1128,Format Ambiguity,0.1114,162,0.295
e139463a82ef58d06ff542e012164ff9,12,No Smell,0.1703,Unnecessary Repetition,0.1363,Vague / Missing Context,0.1280,Format Ambiguity,0.1239,212,0.296
e139463a82ef58d06ff542e012164ff9,13,No Smell,0.1642,Unnecessary Repetition,0.1623,Format Ambiguity,0.1115,Vague / Missing Context,0.1016,163,0.295
e139463a82ef58d06ff542e012164ff9,14,Unnecessary Repetition,0.1676,No Smell,0.1646,Format Ambiguity,0.1197,Vague / Missing Context,0.1054,208,0.296
e139463a82ef58d06ff542e012164ff9,15,Unnecessary Repetition,0.1924,No Smell,0.1641,Format Ambiguity,0.0999,Vague / Missing Context,0.0970,187,0.296
e139463a82ef58d06ff542e012164ff9,16,Unnecessary Repetition,0.1627,No Smell,0.1403,Vague / Missing Context,0.1255,Format Ambiguity,0.1147,202,0.295
e139463a82ef58d06ff542e012164ff9,17,Unnecessary Repetition,0.1824,No Smell,0.1415,Vague / Missing Context,0.1143,Format Ambiguity,0.1096,188,0.295
e139463a82ef58d06ff542e012164ff9,18,Unnecessary Repetition,0.1684,No Smell,0.1381,Vague / Missing Context,0.1279,Format Ambiguity,0.1132,191,0.296
e139463a82ef58d06ff542e012164ff9,19,Unnecessary Repetition,0.1929,No Smell,0.1474,Vague / Missing Context,0.1188,Format Ambiguity,0.1177,175,0.295
e139463a82ef58d06ff542e012164ff9,20,Unnecessary Repetition,0.1951,No Smell,0.1485,Vague / Missing Context,0.1243,Format Ambiguity,0.1175,129,0.294
e139463a82ef58d06ff542e012164ff9,21,No Smell,0.1728,Unnecessary Repetition,0.1580,Format Ambiguity,0.1360,Vague / Missing Context,0.1243,155,0.295
e139463a82ef58d06ff542e012164ff9,22,Unnecessary Repetition,0.1544,No Smell,0.1506,Format Ambiguity,0.1256,Vague / Missing Context,0.1066,200,0.296
e139463a82ef58d06ff542e012164ff9,23,Unnecessary Repetition,0.1703,No Smell,0.1546,Format Ambiguity,0.1143,Vague / Missing Context,0.1091,187,0.296
e139463a82ef58d06ff542e012164ff9,24,No Smell,0.1884,Unnecessary Repetition,0.1610,Format Ambiguity,0.1210,Vague / Missing Context,0.1160,179,0.295
e139463a82ef58d06ff542e012164ff9,25,No Smell,0.1698,Unnecessary Repetition,0.1614,Format Ambiguity,0.1297,Vague / Missing Context,0.1138,186,0.295
e139463a82ef58d06ff542e012164ff9,26,No Smell,0.1786,Unnecessary Repetition,0.1601,Vague / Missing Context,0.1191,Format Ambiguity,0.1061,172,0.295
e139463a82ef58d06ff542e012164ff9,27,Unnecessary Repetition,0.1922,No Smell,0.1540,Vague / Missing Context,0.0955,Format Ambiguity,0.0935,215,0.296
e139463a82ef58d06ff542e012164ff9,28,No Smell,0.1662,Format Ambiguity,0.1516,Vague / Missing Context,0.1296,Unnecessary Repetition,0.1183,145,0.295
e139463a82ef58d06ff542e012164ff9,29,No Smell,0.1743,Unnecessary Repetition,0.1540,Format Ambiguity,0.1185,Vague / Missing Context,0.1149,186,0.295
e139463a82ef58d06ff542e012164ff9,30,Vague / Missing Context,0.1754,No Smell,0.1495,Format Ambiguity,0.1281,Unnecessary Repetition,0.1135,202,0.296
e139463a82ef58d06ff542e012164ff9,31,Unnecessary Repetition,0.2082,Vague / Missing Context,0.1423,No Smell,0.1407,Format Ambiguity,0.1044,141,0.294
e139463a82ef58d06ff542e012164ff9,32,No Smell,0.1633,Unnecessary Repetition,0.1458,Format Ambiguity,0.1125,Ambiguous References,0.0923,173,0.295
e139463a82ef58d06ff542e012164ff9,33,No Smell,0.2068,Unnecessary Repetition,0.1984,Format Ambiguity,0.0983,Vague / Missing Context,0.0913,209,0.297
e139463a82ef58d06ff542e012164ff9,34,Unnecessary Repetition,0.2013,No Smell,0.1771,Format Ambiguity,0.1103,Vague / Missing Context,0.1034,149,0.292
e139463a82ef58d06ff542e012164ff9,35,No Smell,0.1774,Format Ambiguity,0.1357,Unnecessary Repetition,0.1344,Overloaded Prompt,0.0960,161,0.295
e139463a82ef58d06ff542e012164ff9,36,Unnecessary Repetition,0.1824,No Smell,0.1763,Format Ambiguity,0.1095,Vague / Missing Context,0.0961,201,0.296
e139463a82ef58d06ff542e012164ff9,37,Unnecessary Repetition,0.1792,No Smell,0.1762,Vague / Missing Context,0.0993,Ambiguous References,0.0961,166,0.295
e139463a82ef58d06ff542e012164ff9,38,Unnecessary Repetition,0.1794,No Smell,0.1672,Format Ambiguity,0.1156,Vague / Missing Context,0.1015,183,0.296
e139463a82ef58d06ff542e012164ff9,39,Unnecessary Repetition,0.1740,No Smell,0.1619,Format Ambiguity,0.1087,Vague / Missing Context,0.1005,210,0.296
e139463a82ef58d06ff542e012164ff9,40,No Smell,0.1813,Unnecessary Repetition,0.1550,Format Ambiguity,0.0971,Vague / Missing Context,0.0899,203,0.296
e139463a82ef58d06ff542e012164ff9,41,No Smell,0.1627,Unnecessary Repetition,0.1362,Vague / Missing Context,0.1320,Format Ambiguity,0.1178,207,0.296
e139463a82ef58d06ff542e012164ff9,42,No Smell,0.1851,Unnecessary Repetition,0.1739,Format Ambiguity,0.1136,Vague / Missing Context,0.1135,183,0.295
e139463a82ef58d06ff542e012164ff9,43,Unnecessary Repetition,0.1984,No Smell,0.1460,Format Ambiguity,0.1121,Vague / Missing Context,0.1071,136,0.294
e139463a82ef58d06ff542e012164ff9,44,No Smell,0.1795,Vague / Missing Context,0.1390,Format Ambiguity,0.1278,Unnecessary Repetition,0.1169,209,0.296
e139463a82ef58d06ff542e012164ff9,45,Format Ambiguity,0.1632,Vague / Missing Context,0.1542,No Smell,0.1540,Overloaded Prompt,0.1424,197,0.296
e139463a82ef58d06ff542e012164ff9,46,No Smell,0.1831,Vague / Missing Context,0.1382,Format Ambiguity,0.1232,Unnecessary Repetition,0.1228,175,0.295
e139463a82ef58d06ff542e012164ff9,47,No Smell,0.1655,Unnecessary Repetition,0.1451,Vague / Missing Context,0.1231,Format Ambiguity,0.1141,157,0.295
e139463a82ef58d06ff542e012164ff9,48,No Smell,0.1805,Unnecessary Repetition,0.1632,Vague / Missing Context,0.1229,Format Ambiguity,0.1035,165,0.295
e139463a82ef58d06ff542e012164ff9,49,No Smell,0.1959,Format Ambiguity,0.1269,Vague / Missing Context,0.1266,Unnecessary Repetition,0.1123,196,0.296
e139463a82ef58d06ff542e012164ff9,50,No Smell,0.1763,Vague / Missing Context,0.1662,Unnecessary Repetition,0.1299,Format Ambiguity,0.1183,206,0.296
e139463a82ef58d06ff542e012164ff9,51,Unnecessary Repetition,0.1575,No Smell,0.1529,Format Ambiguity,0.1195,Vague / Missing Context,0.1127,202,0.296
6d8ef573701ceed7689eb07054cc7a0e,1,Format Ambiguity,0.1517,No Smell,0.1500,Ambiguous References,0.1144,Vague / Missing Context,0.1119,199,0.296
6d8ef573701ceed7689eb07054cc7a0e,2,Format Ambiguity,0.1538,No Smell,0.1483,Ambiguous References,0.1158,Vague / Missing Context,0.1124,211,0.296
6d8ef573701ceed7689eb07054cc7a0e,3,Format Ambiguity,0.1534,No Smell,0.1456,Ambiguous References,0.1157,Vague / Missing Context,0.1107,228,0.296
6d8ef573701ceed7689eb07054cc7a0e,4,Format Ambiguity,0.1448,No Smell,0.1416,Vague / Missing Context,0.1167,Ambiguous References,0.1121,259,0.297
6d8ef573701ceed7689eb07054cc7a0e,5,No Smell,0.1871,Format Ambiguity,0.1830,Ambiguous References,0.1117,Vague / Missing Context,0.1051,48,0.293
6d8ef573701ceed7689eb07054cc7a0e,6,No Smell,0.2160,Format Ambiguity,0.1867,Vague / Missing Context,0.0932,Ambiguous References,0.0915,59,0.294
6d8ef573701ceed7689eb07054cc7a0e,7,No Smell,0.2232,Format Ambiguity,0.1844,Vague / Missing Context,0.0951,Ambiguous References,0.0846,73,0.294
6d8ef573701ceed7689eb07054cc7a0e,8,Format Ambiguity,0.1733,No Smell,0.1707,Vague / Missing Context,0.1181,Overloaded Prompt,0.0838,98,0.294
6d8ef573701ceed7689eb07054cc7a0e,9,Format Ambiguity,0.1739,No Smell,0.1697,Vague / Missing Context,0.1206,Overloaded Prompt,0.0829,109,0.295
6d8ef573701ceed7689eb07054cc7a0e,10,No Smell,0.1863,Format Ambiguity,0.1393,Vague / Missing Context,0.0994,Conflicting Constraints,0.0972,95,0.294
6d8ef573701ceed7689eb07054cc7a0e,11,No Smell,0.1276,Vague / Missing Context,0.1272,Ambiguous References,0.1180,Conflicting Constraints,0.1170,155,0.296
6d8ef573701ceed7689eb07054cc7a0e,12,No Smell,0.1571,Format Ambiguity,0.1182,Vague / Missing Context,0.1133,Ambiguous References,0.1124,263,0.321
6d8ef573701ceed7689eb07054cc7a0e,13,No Smell,0.1467,Vague / Missing Context,0.1347,Format Ambiguity,0.1338,Ambiguous References,0.1241,57,0.293
f633faba3500ff23f3718b6bf6b89322,1,Format Ambiguity,0.1835,No Smell,0.1788,Vague / Missing Context,0.1322,Irrelevant / Excessive Persona,0.0794,60,0.294
f633faba3500ff23f3718b6bf6b89322,2,No Smell,0.1696,Format Ambiguity,0.1313,Ambiguous References,0.1289,Vague / Missing Context,0.1184,47,0.293
8f1c11c71afc9f494df327bfda4639fb,1,No Smell,0.1467,Vague / Missing Context,0.1347,Format Ambiguity,0.1338,Ambiguous References,0.1241,57,0.249
1b1edba9534759d5b4e73858e21d30af,1,No Smell,0.1558,Ambiguous References,0.1195,Format Ambiguity,0.1141,Vague / Missing Context,0.1042,1122,0.400
2ddee9f2f7f8f9c0075395290f731a1b,1,No Smell,0.2406,Format Ambiguity,0.1293,Vague / Missing Context,0.1129,Ambiguous References,0.0940,719,0.363
61e5ed405550ff31ef07e787cc7f506b,1,Vague / Missing Context,0.1555,Format Ambiguity,0.1541,No Smell,0.1406,Overloaded Prompt,0.0919,52,0.294
61e5ed405550ff31ef07e787cc7f506b,3,No Smell,0.2005,Format Ambiguity,0.1270,Vague / Missing Context,0.1079,Unnecessary Repetition,0.0830,180,0.294
2b468b0f9ed69d8b73bba1e7b168ae4e,1,No Smell,0.2005,Format Ambiguity,0.1270,Vague / Missing Context,0.1079,Unnecessary Repetition,0.0830,180,0.249
0ca5b86d57437f21e75272e74d1a0b78,1,No Smell,0.2711,Format Ambiguity,0.1116,Irrelevant / Excessive Persona,0.0840,Ambiguous References,0.0834,154,0.296
707e47ce33fcefcdd143f08a860eeff4,1,No Smell,0.1864,Format Ambiguity,0.1180,Vague / Missing Context,0.1117,Ambiguous References,0.0938,139,0.295
09f85ae92c1b8b745fdd2931250a57c3,2,No Smell,0.1757,Format Ambiguity,0.1194,Vague / Missing Context,0.1079,Ambiguous References,0.0985,18,0.293
5ce422f0d74b74f701aaa921493957cc,1,Unnecessary Repetition,0.2684,No Smell,0.1430,Format Ambiguity,0.1056,Vague / Missing Context,0.0882,86,0.294
5ce422f0d74b74f701aaa921493957cc,2,No Smell,0.2058,Unnecessary Repetition,0.1554,Format Ambiguity,0.1112,Vague / Missing Context,0.0899,231,0.296
5ce422f0d74b74f701aaa921493957cc,3,Unnecessary Repetition,0.1635,No Smell,0.1323,Format Ambiguity,0.1133,Ambiguous References,0.1072,193,0.296
5ce422f0d74b74f701aaa921493957cc,4,No Smell,0.1743,Unnecessary Repetition,0.1325,Format Ambiguity,0.1255,Vague / Missing Context,0.1099,242,0.297
5ce422f0d74b74f701aaa921493957cc,5,No Smell,0.1824,Unnecessary Repetition,0.1394,Format Ambiguity,0.1171,Vague / Missing Context,0.1030,228,0.296
5ce422f0d74b74f701aaa921493957cc,6,No Smell,0.1763,Unnecessary Repetition,0.1594,Format Ambiguity,0.1107,Vague / Missing Context,0.1106,201,0.296
5ce422f0d74b74f701aaa921493957cc,7,No Smell,0.1943,Unnecessary Repetition,0.1383,Format Ambiguity,0.1314,Vague / Missing Context,0.1012,234,0.296
5ce422f0d74b74f701aaa921493957cc,8,No Smell,0.1838,Format Ambiguity,0.1437,Unnecessary Repetition,0.1362,Vague / Missing Context,0.1091,188,0.296
5ce422f0d74b74f701aaa921493957cc,9,Unnecessary Repetition,0.1818,No Smell,0.1690,Format Ambiguity,0.1257,Vague / Missing Context,0.1105,214,0.296
5ce422f0d74b74f701aaa921493957cc,10,Unnecessary Repetition,0.1682,No Smell,0.1639,Format Ambiguity,0.1111,Vague / Missing Context,0.1033,168,0.295
5ce422f0d74b74f701aaa921493957cc,11,No Smell,0.2016,Format Ambiguity,0.1237,Overloaded Prompt,0.1149,Unnecessary Repetition,0.1108,136,0.294
5ce422f0d74b74f701aaa921493957cc,12,Unnecessary Repetition,0.1913,No Smell,0.1514,Format Ambiguity,0.1096,Ambiguous References,0.0952,152,0.295
5ce422f0d74b74f701aaa921493957cc,13,Unnecessary Repetition,0.1743,No Smell,0.1468,Format Ambiguity,0.1187,Vague / Missing Context,0.1036,149,0.295
5ce422f0d74b74f701aaa921493957cc,14,No Smell,0.1868,Unnecessary Repetition,0.1648,Vague / Missing Context,0.1339,Format Ambiguity,0.1179,185,0.296
5ce422f0d74b74f701aaa921493957cc,15,No Smell,0.1899,Vague / Missing Context,0.1618,Format Ambiguity,0.1316,Unnecessary Repetition,0.1052,245,0.296
5ce422f0d74b74f701aaa921493957cc,16,No Smell,0.1727,Unnecessary Repetition,0.1657,Vague / Missing Context,0.1188,Format Ambiguity,0.0972,185,0.295
5ce422f0d74b74f701aaa921493957cc,17,Unnecessary Repetition,0.2007,No Smell,0.1897,Format Ambiguity,0.1057,Vague / Missing Context,0.0940,181,0.295
5ce422f0d74b74f701aaa921493957cc,18,Unnecessary Repetition,0.1726,No Smell,0.1432,Format Ambiguity,0.1276,Vague / Missing Context,0.1133,187,0.296
5ce422f0d74b74f701aaa921493957cc,19,Unnecessary Repetition,0.2092,No Smell,0.1913,Format Ambiguity,0.1183,Vague / Missing Context,0.0911,135,0.295
5ce422f0d74b74f701aaa921493957cc,20,No Smell,0.1625,Unnecessary Repetition,0.1433,Vague / Missing Context,0.1324,Format Ambiguity,0.1231,183,0.296
5ce422f0d74b74f701aaa921493957cc,21,Unnecessary Repetition,0.2121,No Smell,0.1359,Format Ambiguity,0.1087,Vague / Missing Context,0.1030,193,0.296
5ce422f0d74b74f701aaa921493957cc,22,No Smell,0.2137,Unnecessary Repetition,0.1621,Format Ambiguity,0.0983,Vague / Missing Context,0.0961,190,0.295
5ce422f0d74b74f701aaa921493957cc,23,Unnecessary Repetition,0.1974,No Smell,0.1316,Format Ambiguity,0.1121,Vague / Missing Context,0.1060,145,0.295
5ce422f0d74b74f701aaa921493957cc,24,No Smell,0.1713,Unnecessary Repetition,0.1578,Ambiguous References,0.1042,Format Ambiguity,0.1016,186,0.296
5ce422f0d74b74f701aaa921493957cc,25,Unnecessary Repetition,0.1615,No Smell,0.1487,Vague / Missing Context,0.1272,Format Ambiguity,0.1069,214,0.296
5ce422f0d74b74f701aaa921493957cc,26,Unnecessary Repetition,0.2465,No Smell,0.1417,Vague / Missing Context,0.0914,Format Ambiguity,0.0864,171,0.295
5ce422f0d74b74f701aaa921493957cc,27,No Smell,0.1761,Unnecessary Repetition,0.1536,Format Ambiguity,0.1134,Vague / Missing Context,0.0974,228,0.296
5ce422f0d74b74f701aaa921493957cc,28,No Smell,0.1896,Unnecessary Repetition,0.1888,Format Ambiguity,0.1065,Vague / Missing Context,0.0922,181,0.296
5ce422f0d74b74f701aaa921493957cc,29,No Smell,0.2025,Unnecessary Repetition,0.1831,Vague / Missing Context,0.0989,Format Ambiguity,0.0941,177,0.295
5ce422f0d74b74f701aaa921493957cc,30,Unnecessary Repetition,0.1747,No Smell,0.1693,Vague / Missing Context,0.1188,Format Ambiguity,0.1061,206,0.297
5ce422f0d74b74f701aaa921493957cc,31,Unnecessary Repetition,0.2226,No Smell,0.1191,Vague / Missing Context,0.1122,Format Ambiguity,0.0935,192,0.296
5ce422f0d74b74f701aaa921493957cc,32,No Smell,0.1477,Unnecessary Repetition,0.1411,Vague / Missing Context,0.1262,Format Ambiguity,0.1212,209,0.296
5ce422f0d74b74f701aaa921493957cc,33,Unnecessary Repetition,0.1936,No Smell,0.1778,Vague / Missing Context,0.1148,Format Ambiguity,0.1074,208,0.296
5ce422f0d74b74f701aaa921493957cc,34,Unnecessary Repetition,0.1596,No Smell,0.1505,Vague / Missing Context,0.1191,Format Ambiguity,0.1135,162,0.295
5ce422f0d74b74f701aaa921493957cc,35,No Smell,0.1924,Format Ambiguity,0.1336,Vague / Missing Context,0.1302,Unnecessary Repetition,0.1165,198,0.296
5ce422f0d74b74f701aaa921493957cc,36,Unnecessary Repetition,0.1880,No Smell,0.1582,Vague / Missing Context,0.1078,Format Ambiguity,0.1061,196,0.296
5ce422f0d74b74f701aaa921493957cc,37,No Smell,0.1995,Format Ambiguity,0.1785,Unnecessary Repetition,0.1220,Overloaded Prompt,0.1011,222,0.296
5ce422f0d74b74f701aaa921493957cc,38,Unnecessary Repetition,0.1792,No Smell,0.1334,Vague / Missing Context,0.1184,Format Ambiguity,0.1108,163,0.295
5ce422f0d74b74f701aaa921493957cc,39,Unnecessary Repetition,0.1889,No Smell,0.1645,Format Ambiguity,0.1083,Vague / Missing Context,0.0972,200,0.296
5ce422f0d74b74f701aaa921493957cc,40,Unnecessary Repetition,0.1965,No Smell,0.1817,Format Ambiguity,0.1090,Ambiguous References,0.0878,150,0.295
5ce422f0d74b74f701aaa921493957cc,41,Unnecessary Repetition,0.1762,No Smell,0.1453,Vague / Missing Context,0.1187,Format Ambiguity,0.1145,211,0.296
5ce422f0d74b74f701aaa921493957cc,42,No Smell,0.1991,Unnecessary Repetition,0.1570,Format Ambiguity,0.1150,Vague / Missing Context,0.1127,194,0.296
5ce422f0d74b74f701aaa921493957cc,43,No Smell,0.1849,Unnecessary Repetition,0.1544,Vague / Missing Context,0.1185,Format Ambiguity,0.1146,193,0.296
5ce422f0d74b74f701aaa921493957cc,44,No Smell,0.1833,Unnecessary Repetition,0.1745,Vague / Missing Context,0.1160,Format Ambiguity,0.1079,210,0.296
5ce422f0d74b74f701aaa921493957cc,45,No Smell,0.1846,Unnecessary Repetition,0.1469,Format Ambiguity,0.1206,Vague / Missing Context,0.1159,162,0.296
5ce422f0d74b74f701aaa921493957cc,46,Unnecessary Repetition,0.1579,No Smell,0.1570,Vague / Missing Context,0.1040,Format Ambiguity,0.1024,146,0.296
5ce422f0d74b74f701aaa921493957cc,47,Vague / Missing Context,0.1918,Unnecessary Repetition,0.1344,Format Ambiguity,0.1136,No Smell,0.1064,183,0.295
5ce422f0d74b74f701aaa921493957cc,48,Unnecessary Repetition,0.1610,No Smell,0.1404,Vague / Missing Context,0.1338,Format Ambiguity,0.1187,168,0.296
5ce422f0d74b74f701aaa921493957cc,49,Vague / Missing Context,0.1950,No Smell,0.1332,Unnecessary Repetition,0.1321,Format Ambiguity,0.1031,163,0.295
5ce422f0d74b74f701aaa921493957cc,50,Unnecessary Repetition,0.1692,No Smell,0.1644,Vague / Missing Context,0.1218,Format Ambiguity,0.1136,144,0.295
5ce422f0d74b74f701aaa921493957cc,51,No Smell,0.1701,Unnecessary Repetition,0.1457,Vague / Missing Context,0.1356,Format Ambiguity,0.1293,166,0.296
1f62bc1ca969e283f8a4cb2297d08fc5,1,Overloaded Prompt,0.1566,Format Ambiguity,0.1422,Vague / Missing Context,0.1134,Prompt Bloat / Convoluted Prompt,0.1052,3721,0.712
16089c27d63251964206788765e0854b,1,Overloaded Prompt,0.1790,Format Ambiguity,0.1596,Vague / Missing Context,0.1180,No Smell,0.1159,365,0.321
16089c27d63251964206788765e0854b,2,Format Ambiguity,0.2215,No Smell,0.1791,Overloaded Prompt,0.1231,Vague / Missing Context,0.0831,28,0.293
16089c27d63251964206788765e0854b,3,Unnecessary Repetition,0.1722,No Smell,0.1506,Format Ambiguity,0.1462,Vague / Missing Context,0.0952,75,0.294
16089c27d63251964206788765e0854b,4,Overloaded Prompt,0.2108,Format Ambiguity,0.1838,No Smell,0.1531,Ambiguous References,0.0935,160,0.295
16089c27d63251964206788765e0854b,5,Unnecessary Repetition,0.1897,No Smell,0.1527,Format Ambiguity,0.1466,Vague / Missing Context,0.0866,73,0.294
16089c27d63251964206788765e0854b,6,No Smell,0.1512,Overloaded Prompt,0.1355,Format Ambiguity,0.1047,Vague / Missing Context,0.1026,22,0.293
16089c27d63251964206788765e0854b,7,No Smell,0.1589,Conflicting Constraints,0.1201,Unnecessary Repetition,0.1132,Vague / Missing Context,0.0990,87,0.294
16089c27d63251964206788765e0854b,8,No Smell,0.1652,Format Ambiguity,0.1439,Unnecessary Repetition,0.1429,Vague / Missing Context,0.0933,121,0.294
1d2284cdfb27bd59a170b5db80062d6a,1,No Smell,0.1733,Irrelevant / Excessive Persona,0.1591,Unnecessary Repetition,0.0996,Conflicting Constraints,0.0943,16,0.293
1d2284cdfb27bd59a170b5db80062d6a,2,No Smell,0.1451,Irrelevant / Excessive Persona,0.1165,Vague / Missing Context,0.1136,Format Ambiguity,0.1136,17,0.293
1d2284cdfb27bd59a170b5db80062d6a,3,Format Ambiguity,0.1775,Vague / Missing Context,0.1571,No Smell,0.1398,Overloaded Prompt,0.0915,30,0.293
1d2284cdfb27bd59a170b5db80062d6a,4,Format Ambiguity,0.2054,Vague / Missing Context,0.1546,Ambiguous References,0.1509,No Smell,0.1065,65,0.295
1d2284cdfb27bd59a170b5db80062d6a,5,No Smell,0.1805,Format Ambiguity,0.1762,Ambiguous References,0.1248,Vague / Missing Context,0.0905,35,0.293
1d2284cdfb27bd59a170b5db80062d6a,6,No Smell,0.2437,Format Ambiguity,0.1484,Vague / Missing Context,0.0939,Ambiguous References,0.0836,34,0.293
1d2284cdfb27bd59a170b5db80062d6a,7,No Smell,0.1675,Irrelevant / Excessive Persona,0.1316,Vague / Missing Context,0.1184,Unnecessary Repetition,0.0968,51,0.294
1d2284cdfb27bd59a170b5db80062d6a,8,No Smell,0.1632,Ambiguous References,0.1150,Format Ambiguity,0.1108,Vague / Missing Context,0.0949,24,0.293
1d2284cdfb27bd59a170b5db80062d6a,10,No Smell,0.2803,Format Ambiguity,0.1054,Unnecessary Repetition,0.0943,Conflicting Constraints,0.0857,23,0.295
06f5d5c0211ead49cc0d406218abeae0,1,No Smell,0.1603,Format Ambiguity,0.1264,Vague / Missing Context,0.1095,Overloaded Prompt,0.0909,119,0.294
06f5d5c0211ead49cc0d406218abeae0,2,No Smell,0.1665,Vague / Missing Context,0.1382,Format Ambiguity,0.1382,Ambiguous References,0.1118,228,0.296
06f5d5c0211ead49cc0d406218abeae0,4,No Smell,0.1488,Format Ambiguity,0.1466,Vague / Missing Context,0.1193,Ambiguous References,0.1173,632,0.362
06f5d5c0211ead49cc0d406218abeae0,5,Format Ambiguity,0.1542,No Smell,0.1316,Ambiguous References,0.1105,Vague / Missing Context,0.1056,529,0.317
06f5d5c0211ead49cc0d406218abeae0,6,No Smell,0.1464,Format Ambiguity,0.1341,Ambiguous References,0.1127,Vague / Missing Context,0.1105,1250,0.400
06f5d5c0211ead49cc0d406218abeae0,7,Vague / Missing Context,0.1565,Format Ambiguity,0.1302,No Smell,0.1213,Ambiguous References,0.1014,998,0.396
06f5d5c0211ead49cc0d406218abeae0,8,Format Ambiguity,0.1408,Vague / Missing Context,0.1380,No Smell,0.1139,Ambiguous References,0.1129,1275,0.401
06f5d5c0211ead49cc0d406218abeae0,9,Vague / Missing Context,0.1391,Format Ambiguity,0.1379,No Smell,0.1295,Ambiguous References,0.1077,1795,0.466
001a8972a4f7b0f61c14ce9dd99013e0,1,No Smell,0.1873,Format Ambiguity,0.1621,Vague / Missing Context,0.1150,Overloaded Prompt,0.0886,148,0.295
8fb2fab423561623ff1274b958eeb65b,1,No Smell,0.2348,Format Ambiguity,0.1102,Vague / Missing Context,0.0875,Unnecessary Repetition,0.0791,143,0.297
8fb2fab423561623ff1274b958eeb65b,2,No Smell,0.2177,Ambiguous References,0.0950,Format Ambiguity,0.0885,Vague / Missing Context,0.0876,132,0.319
8fb2fab423561623ff1274b958eeb65b,3,No Smell,0.2177,Ambiguous References,0.0950,Format Ambiguity,0.0885,Vague / Missing Context,0.0876,132,0.249
02e7cc23adaa51368ba65d8b46447f1e,1,Ambiguous References,0.1547,Format Ambiguity,0.1481,No Smell,0.1237,Conflicting Constraints,0.1130,116,0.296
02e7cc23adaa51368ba65d8b46447f1e,2,No Smell,0.1719,Format Ambiguity,0.1475,Conflicting Constraints,0.1269,Ambiguous References,0.0878,141,0.296
02e7cc23adaa51368ba65d8b46447f1e,3,Ambiguous References,0.1708,Format Ambiguity,0.1356,Vague / Missing Context,0.1010,No Smell,0.1006,93,0.296
02e7cc23adaa51368ba65d8b46447f1e,4,Format Ambiguity,0.1887,Ambiguous References,0.1360,No Smell,0.1102,Vague / Missing Context,0.0930,92,0.295
02e7cc23adaa51368ba65d8b46447f1e,5,Format Ambiguity,0.1639,No Smell,0.1452,Conflicting Constraints,0.1183,Ambiguous References,0.1065,99,0.295
02e7cc23adaa51368ba65d8b46447f1e,6,No Smell,0.1566,Ambiguous References,0.1344,Format Ambiguity,0.1299,Conflicting Constraints,0.0939,113,0.296
02e7cc23adaa51368ba65d8b46447f1e,7,Ambiguous References,0.1840,Format Ambiguity,0.1503,No Smell,0.1089,Conflicting Constraints,0.1053,101,0.295
02e7cc23adaa51368ba65d8b46447f1e,8,No Smell,0.1503,Format Ambiguity,0.1306,Ambiguous References,0.1226,Conflicting Constraints,0.1048,102,0.295
02e7cc23adaa51368ba65d8b46447f1e,9,No Smell,0.1773,Ambiguous References,0.1684,Format Ambiguity,0.1264,Conflicting Constraints,0.0924,107,0.296
02e7cc23adaa51368ba65d8b46447f1e,10,Format Ambiguity,0.1343,Irrelevant / Excessive Persona,0.1253,No Smell,0.1201,Ambiguous References,0.1020,67,0.295
02e7cc23adaa51368ba65d8b46447f1e,11,Ambiguous References,0.1987,No Smell,0.1351,Format Ambiguity,0.1312,Vague / Missing Context,0.0904,108,0.296
40c69465a784b57ff24d6f9127c51eee,2,No Smell,0.1694,Format Ambiguity,0.1308,Vague / Missing Context,0.1089,Conflicting Constraints,0.1067,301,0.319
40c69465a784b57ff24d6f9127c51eee,3,No Smell,0.1988,Format Ambiguity,0.1549,Vague / Missing Context,0.1191,Ambiguous References,0.0791,128,0.295
40c69465a784b57ff24d6f9127c51eee,4,No Smell,0.1941,Format Ambiguity,0.1147,Vague / Missing Context,0.0931,Ambiguous References,0.0896,107,0.294
40c69465a784b57ff24d6f9127c51eee,5,No Smell,0.2021,Format Ambiguity,0.1514,Vague / Missing Context,0.1094,Ambiguous References,0.0780,196,0.296
40c69465a784b57ff24d6f9127c51eee,6,Format Ambiguity,0.1589,No Smell,0.1538,Ambiguous References,0.1126,Vague / Missing Context,0.0934,164,0.296
40c69465a784b57ff24d6f9127c51eee,7,Vague / Missing Context,0.1391,No Smell,0.1267,Ambiguous References,0.1216,Irrelevant / Excessive Persona,0.0974,87,0.295
40c69465a784b57ff24d6f9127c51eee,8,No Smell,0.1655,Format Ambiguity,0.1156,Vague / Missing Context,0.1049,Bias / Loaded Framing,0.1010,80,0.295
40c69465a784b57ff24d6f9127c51eee,9,Vague / Missing Context,0.1703,Format Ambiguity,0.1399,Ambiguous References,0.1288,No Smell,0.1170,323,0.320
40c69465a784b57ff24d6f9127c51eee,10,No Smell,0.1771,Format Ambiguity,0.1540,Vague / Missing Context,0.1277,Ambiguous References,0.0955,38,0.294
e25b5ad8aee31494a920755adfacb005,1,No Smell,0.1873,Format Ambiguity,0.1621,Vague / Missing Context,0.1150,Overloaded Prompt,0.0886,148,0.296
b3f045721f572f8bb528d4b96dd05f86,1,No Smell,0.1963,Format Ambiguity,0.1201,Vague / Missing Context,0.1108,Ambiguous References,0.0866,120,0.294
b3f045721f572f8bb528d4b96dd05f86,2,No Smell,0.1686,Format Ambiguity,0.1206,Vague / Missing Context,0.1078,Formality / Audience Mismatch,0.0897,148,0.294
b3f045721f572f8bb528d4b96dd05f86,3,No Smell,0.1457,Vague / Missing Context,0.1111,Unnecessary Repetition,0.1087,Ambiguous References,0.1034,437,0.323
b3f045721f572f8bb528d4b96dd05f86,4,No Smell,0.1714,Ambiguous References,0.1226,Format Ambiguity,0.0987,Vague / Missing Context,0.0936,1156,0.390
b3f045721f572f8bb528d4b96dd05f86,5,No Smell,0.1349,Vague / Missing Context,0.1112,Unnecessary Repetition,0.1046,Format Ambiguity,0.0971,36,0.293
b3f045721f572f8bb528d4b96dd05f86,6,No Smell,0.1613,Vague / Missing Context,0.1317,Ambiguous References,0.1108,Format Ambiguity,0.1032,1302,0.400
b3f045721f572f8bb528d4b96dd05f86,7,No Smell,0.1504,Ambiguous References,0.1267,Format Ambiguity,0.1266,Vague / Missing Context,0.1175,1325,0.401
b3f045721f572f8bb528d4b96dd05f86,10,No Smell,0.1649,Vague / Missing Context,0.1328,Format Ambiguity,0.1100,Unnecessary Repetition,0.1080,201,0.296
b3f045721f572f8bb528d4b96dd05f86,11,No Smell,0.1445,Vague / Missing Context,0.1298,Conflicting Constraints,0.1126,Format Ambiguity,0.1044,88,0.296
b3f045721f572f8bb528d4b96dd05f86,13,Format Ambiguity,0.1796,No Smell,0.1610,Vague / Missing Context,0.1336,Overloaded Prompt,0.0961,1204,0.463
787ffc7cc9f4b9e88c5dec55cad767cd,1,Vague / Missing Context,0.1660,No Smell,0.1321,Format Ambiguity,0.1280,Overloaded Prompt,0.1019,2298,0.513
787ffc7cc9f4b9e88c5dec55cad767cd,2,No Smell,0.1754,Format Ambiguity,0.1708,Vague / Missing Context,0.1295,Overloaded Prompt,0.0924,165,0.296
787ffc7cc9f4b9e88c5dec55cad767cd,3,Format Ambiguity,0.1608,No Smell,0.1490,Vague / Missing Context,0.1345,Conflicting Constraints,0.0882,14,0.294
787ffc7cc9f4b9e88c5dec55cad767cd,4,No Smell,0.1735,Vague / Missing Context,0.1560,Format Ambiguity,0.1550,Irrelevant / Excessive Persona,0.0737,112,0.294
3872863052f34fbcf499bedff1b51200,1,Unnecessary Repetition,0.2684,No Smell,0.1430,Format Ambiguity,0.1056,Vague / Missing Context,0.0882,86,0.294
3872863052f34fbcf499bedff1b51200,2,No Smell,0.1591,Unnecessary Repetition,0.1382,Format Ambiguity,0.1356,Vague / Missing Context,0.1116,162,0.295
3872863052f34fbcf499bedff1b51200,3,Unnecessary Repetition,0.1887,No Smell,0.1499,Format Ambiguity,0.1019,Vague / Missing Context,0.0996,165,0.296
3872863052f34fbcf499bedff1b51200,4,Unnecessary Repetition,0.1748,No Smell,0.1743,Format Ambiguity,0.1191,Vague / Missing Context,0.0970,173,0.295
3872863052f34fbcf499bedff1b51200,5,No Smell,0.1599,Unnecessary Repetition,0.1412,Format Ambiguity,0.1343,Vague / Missing Context,0.1224,191,0.296
3872863052f34fbcf499bedff1b51200,6,Unnecessary Repetition,0.1389,No Smell,0.1370,Format Ambiguity,0.1249,Vague / Missing Context,0.1137,145,0.296
3872863052f34fbcf499bedff1b51200,7,No Smell,0.1796,Unnecessary Repetition,0.1533,Format Ambiguity,0.1220,Vague / Missing Context,0.1142,193,0.297
3872863052f34fbcf499bedff1b51200,8,No Smell,0.1672,Unnecessary Repetition,0.1412,Format Ambiguity,0.1325,Vague / Missing Context,0.1225,180,0.295
3872863052f34fbcf499bedff1b51200,9,No Smell,0.1834,Format Ambiguity,0.1369,Unnecessary Repetition,0.1280,Vague / Missing Context,0.1263,183,0.296
3872863052f34fbcf499bedff1b51200,10,No Smell,0.1847,Unnecessary Repetition,0.1413,Format Ambiguity,0.1349,Vague / Missing Context,0.1293,154,0.295
3872863052f34fbcf499bedff1b51200,11,No Smell,0.1753,Unnecessary Repetition,0.1452,Vague / Missing Context,0.1268,Format Ambiguity,0.1113,214,0.296
3872863052f34fbcf499bedff1b51200,12,No Smell,0.1779,Unnecessary Repetition,0.1406,Format Ambiguity,0.1260,Vague / Missing Context,0.1073,206,0.296
3872863052f34fbcf499bedff1b51200,13,Unnecessary Repetition,0.1782,No Smell,0.1614,Format Ambiguity,0.1262,Vague / Missing Context,0.1041,159,0.295
3872863052f34fbcf499bedff1b51200,14,No Smell,0.1831,Format Ambiguity,0.1364,Vague / Missing Context,0.1317,Unnecessary Repetition,0.1241,145,0.295
3872863052f34fbcf499bedff1b51200,15,Vague / Missing Context,0.1672,No Smell,0.1300,Format Ambiguity,0.1257,Unnecessary Repetition,0.1153,162,0.295
3872863052f34fbcf499bedff1b51200,16,No Smell,0.1433,Format Ambiguity,0.1337,Vague / Missing Context,0.1302,Unnecessary Repetition,0.1267,189,0.296
3872863052f34fbcf499bedff1b51200,17,No Smell,0.1858,Unnecessary Repetition,0.1650,Vague / Missing Context,0.1378,Format Ambiguity,0.1179,140,0.295
3872863052f34fbcf499bedff1b51200,18,No Smell,0.2026,Unnecessary Repetition,0.1267,Format Ambiguity,0.1243,Vague / Missing Context,0.1159,224,0.297
3872863052f34fbcf499bedff1b51200,19,No Smell,0.1666,Format Ambiguity,0.1328,Unnecessary Repetition,0.1324,Vague / Missing Context,0.1093,223,0.296
3872863052f34fbcf499bedff1b51200,20,No Smell,0.1730,Unnecessary Repetition,0.1654,Format Ambiguity,0.1220,Vague / Missing Context,0.1011,170,0.295
3872863052f34fbcf499bedff1b51200,21,No Smell,0.1817,Unnecessary Repetition,0.1490,Format Ambiguity,0.1192,Vague / Missing Context,0.1066,216,0.296
3872863052f34fbcf499bedff1b51200,22,No Smell,0.1854,Unnecessary Repetition,0.1330,Format Ambiguity,0.1185,Vague / Missing Context,0.1063,218,0.296
3872863052f34fbcf499bedff1b51200,23,Unnecessary Repetition,0.2158,No Smell,0.1632,Format Ambiguity,0.1057,Vague / Missing Context,0.0857,197,0.296
3872863052f34fbcf499bedff1b51200,24,No Smell,0.1851,Unnecessary Repetition,0.1371,Vague / Missing Context,0.1329,Format Ambiguity,0.1241,228,0.296
3872863052f34fbcf499bedff1b51200,25,No Smell,0.1727,Unnecessary Repetition,0.1623,Vague / Missing Context,0.1239,Format Ambiguity,0.1200,163,0.295
3872863052f34fbcf499bedff1b51200,26,Unnecessary Repetition,0.2023,No Smell,0.1989,Format Ambiguity,0.1016,Vague / Missing Context,0.0955,178,0.296
3872863052f34fbcf499bedff1b51200,27,No Smell,0.1303,Vague / Missing Context,0.1181,Unnecessary Repetition,0.1176,Format Ambiguity,0.1084,196,0.296
3872863052f34fbcf499bedff1b51200,28,No Smell,0.2011,Unnecessary Repetition,0.1223,Format Ambiguity,0.1182,Vague / Missing Context,0.1067,265,0.296
3872863052f34fbcf499bedff1b51200,29,No Smell,0.1743,Format Ambiguity,0.1508,Unnecessary Repetition,0.1229,Vague / Missing Context,0.1018,145,0.294
3872863052f34fbcf499bedff1b51200,30,Unnecessary Repetition,0.2216,No Smell,0.1512,Vague / Missing Context,0.1026,Format Ambiguity,0.1006,165,0.296
3872863052f34fbcf499bedff1b51200,31,No Smell,0.2236,Vague / Missing Context,0.1785,Format Ambiguity,0.1217,Unnecessary Repetition,0.1092,188,0.298
3872863052f34fbcf499bedff1b51200,32,No Smell,0.1837,Unnecessary Repetition,0.1697,Vague / Missing Context,0.1078,Format Ambiguity,0.1075,188,0.305
3872863052f34fbcf499bedff1b51200,33,No Smell,0.2173,Format Ambiguity,0.1324,Unnecessary Repetition,0.1243,Vague / Missing Context,0.1144,217,0.296
3872863052f34fbcf499bedff1b51200,34,No Smell,0.1958,Unnecessary Repetition,0.1330,Format Ambiguity,0.1222,Vague / Missing Context,0.0976,168,0.295
3872863052f34fbcf499bedff1b51200,35,No Smell,0.2069,Unnecessary Repetition,0.1600,Format Ambiguity,0.1100,Vague / Missing Context,0.1033,207,0.296
3872863052f34fbcf499bedff1b51200,36,Vague / Missing Context,0.1810,No Smell,0.1589,Unnecessary Repetition,0.1426,Format Ambiguity,0.1039,143,0.295
3872863052f34fbcf499bedff1b51200,37,Unnecessary Repetition,0.1389,No Smell,0.1370,Format Ambiguity,0.1249,Vague / Missing Context,0.1137,145,0.295
3872863052f34fbcf499bedff1b51200,38,Unnecessary Repetition,0.2142,No Smell,0.1826,Vague / Missing Context,0.1321,Format Ambiguity,0.1045,150,0.295
3872863052f34fbcf499bedff1b51200,39,No Smell,0.1612,Unnecessary Repetition,0.1518,Vague / Missing Context,0.1292,Format Ambiguity,0.1262,162,0.295
3872863052f34fbcf499bedff1b51200,40,No Smell,0.1757,Unnecessary Repetition,0.1356,Vague / Missing Context,0.1328,Format Ambiguity,0.1230,181,0.295
3872863052f34fbcf499bedff1b51200,41,No Smell,0.1804,Unnecessary Repetition,0.1540,Format Ambiguity,0.1125,Vague / Missing Context,0.1029,189,0.296
3872863052f34fbcf499bedff1b51200,42,Unnecessary Repetition,0.2169,No Smell,0.1711,Vague / Missing Context,0.1020,Format Ambiguity,0.1007,153,0.295
3872863052f34fbcf499bedff1b51200,43,No Smell,0.1568,Unnecessary Repetition,0.1526,Vague / Missing Context,0.1246,Format Ambiguity,0.1224,190,0.295
3872863052f34fbcf499bedff1b51200,44,Vague / Missing Context,0.1575,Unnecessary Repetition,0.1529,No Smell,0.1469,Format Ambiguity,0.1236,149,0.295
3872863052f34fbcf499bedff1b51200,45,No Smell,0.1964,Unnecessary Repetition,0.1555,Format Ambiguity,0.1270,Vague / Missing Context,0.1200,188,0.296
3872863052f34fbcf499bedff1b51200,46,Irrelevant / Excessive Persona,0.1816,Unnecessary Repetition,0.1367,No Smell,0.1344,Vague / Missing Context,0.1294,166,0.294
3872863052f34fbcf499bedff1b51200,47,Unnecessary Repetition,0.2169,No Smell,0.1347,Prompt Bloat / Convoluted Prompt,0.0978,Format Ambiguity,0.0917,166,0.295
3872863052f34fbcf499bedff1b51200,48,No Smell,0.1782,Unnecessary Repetition,0.1739,Vague / Missing Context,0.1167,Format Ambiguity,0.1121,209,0.296
3872863052f34fbcf499bedff1b51200,49,No Smell,0.1990,Unnecessary Repetition,0.1581,Format Ambiguity,0.1149,Vague / Missing Context,0.1029,184,0.295
3872863052f34fbcf499bedff1b51200,50,Unnecessary Repetition,0.2014,No Smell,0.1537,Format Ambiguity,0.1089,Vague / Missing Context,0.1002,157,0.295
9cbfd3a08ebae53309f41ece1b1d4275,1,No Smell,0.1873,Format Ambiguity,0.1621,Vague / Missing Context,0.1150,Overloaded Prompt,0.0886,148,0.295
3eda9b55d13219e818597b04df62cec8,3,No Smell,0.1920,Format Ambiguity,0.1232,Vague / Missing Context,0.0971,Ambiguous References,0.0940,70,0.294
d03125fb4d143db2e3b1d8c0cf1e6043,1,No Smell,0.1635,Vague / Missing Context,0.1357,Format Ambiguity,0.1349,Overloaded Prompt,0.1040,87,0.295
d03125fb4d143db2e3b1d8c0cf1e6043,2,No Smell,0.1454,Format Ambiguity,0.1434,Vague / Missing Context,0.1373,Overloaded Prompt,0.1100,103,0.296
d03125fb4d143db2e3b1d8c0cf1e6043,3,No Smell,0.1719,Format Ambiguity,0.1384,Vague / Missing Context,0.1235,Overloaded Prompt,0.1022,72,0.294
d03125fb4d143db2e3b1d8c0cf1e6043,4,No Smell,0.1589,Vague / Missing Context,0.1476,Format Ambiguity,0.1399,Overloaded Prompt,0.0884,51,0.292
d03125fb4d143db2e3b1d8c0cf1e6043,5,No Smell,0.1445,Vague / Missing Context,0.1435,Format Ambiguity,0.1344,Overloaded Prompt,0.1012,55,0.292
f7cdd4dac9d89158861bd099f2573308,3,No Smell,0.2308,Format Ambiguity,0.1097,Unnecessary Repetition,0.0973,Vague / Missing Context,0.0949,43,0.294
f7cdd4dac9d89158861bd099f2573308,5,No Smell,0.2119,Format Ambiguity,0.0968,Ambiguous References,0.0931,Unnecessary Repetition,0.0852,164,0.320
a8dc465a7085b15ce0b4dc2dca8e0876,1,Format Ambiguity,0.1652,No Smell,0.1582,Vague / Missing Context,0.1222,Overloaded Prompt,0.1113,1205,0.463
61a9e5cf083d2c722b23b439ef279a32,1,No Smell,0.1611,Vague / Missing Context,0.1481,Format Ambiguity,0.1355,Overloaded Prompt,0.0946,62,0.292
72fdc16def51631284e2166ca63663cb,1,No Smell,0.1981,Format Ambiguity,0.1164,Ambiguous References,0.1030,Conflicting Constraints,0.0968,109,0.294
72fdc16def51631284e2166ca63663cb,3,No Smell,0.1869,Format Ambiguity,0.1223,Ambiguous References,0.1110,Conflicting Constraints,0.0989,295,0.322
fb72c273828fdab9a44afab2fed11ea1,1,No Smell,0.1595,Format Ambiguity,0.1322,Ambiguous References,0.1022,Unnecessary Repetition,0.1000,127,0.295
2156d622806ed471691de9c9e961db46,1,No Smell,0.1741,Format Ambiguity,0.1663,Vague / Missing Context,0.1248,Overloaded Prompt,0.0905,47,0.294
2156d622806ed471691de9c9e961db46,2,Format Ambiguity,0.1565,No Smell,0.1516,Vague / Missing Context,0.1260,Overloaded Prompt,0.1003,50,0.294
bca1218e021c0bffb33ca888235cdae4,1,Unnecessary Repetition,0.2684,No Smell,0.1430,Format Ambiguity,0.1056,Vague / Missing Context,0.0882,86,0.293
bca1218e021c0bffb33ca888235cdae4,2,Unnecessary Repetition,0.1842,No Smell,0.1410,Vague / Missing Context,0.1094,Format Ambiguity,0.1035,143,0.294
bca1218e021c0bffb33ca888235cdae4,3,No Smell,0.2656,Unnecessary Repetition,0.1330,Format Ambiguity,0.1147,Vague / Missing Context,0.0828,168,0.295
bca1218e021c0bffb33ca888235cdae4,4,No Smell,0.2162,Unnecessary Repetition,0.1366,Vague / Missing Context,0.1301,Format Ambiguity,0.1187,140,0.294
bca1218e021c0bffb33ca888235cdae4,5,Unnecessary Repetition,0.2299,No Smell,0.1976,Vague / Missing Context,0.0958,Format Ambiguity,0.0949,175,0.295
bca1218e021c0bffb33ca888235cdae4,6,No Smell,0.1660,Format Ambiguity,0.1454,Unnecessary Repetition,0.1393,Vague / Missing Context,0.1348,176,0.295
bca1218e021c0bffb33ca888235cdae4,7,No Smell,0.1641,Unnecessary Repetition,0.1431,Vague / Missing Context,0.1301,Format Ambiguity,0.1088,198,0.295
bca1218e021c0bffb33ca888235cdae4,8,Vague / Missing Context,0.1755,Unnecessary Repetition,0.1650,No Smell,0.1448,Format Ambiguity,0.1034,214,0.295
bca1218e021c0bffb33ca888235cdae4,9,No Smell,0.2492,Unnecessary Repetition,0.1558,Format Ambiguity,0.1179,Vague / Missing Context,0.1148,183,0.295
bca1218e021c0bffb33ca888235cdae4,10,Unnecessary Repetition,0.1942,Vague / Missing Context,0.1429,No Smell,0.1427,Format Ambiguity,0.1094,141,0.296
bca1218e021c0bffb33ca888235cdae4,11,Vague / Missing Context,0.2604,No Smell,0.1322,Format Ambiguity,0.1207,Unnecessary Repetition,0.0916,131,0.295
bca1218e021c0bffb33ca888235cdae4,12,No Smell,0.1624,Unnecessary Repetition,0.1611,Vague / Missing Context,0.1425,Format Ambiguity,0.1153,179,0.295
bca1218e021c0bffb33ca888235cdae4,13,No Smell,0.1932,Unnecessary Repetition,0.1248,Vague / Missing Context,0.1069,Format Ambiguity,0.1040,148,0.295
bca1218e021c0bffb33ca888235cdae4,14,Unnecessary Repetition,0.1718,No Smell,0.1377,Vague / Missing Context,0.1366,Format Ambiguity,0.1109,193,0.295
bca1218e021c0bffb33ca888235cdae4,15,Unnecessary Repetition,0.1389,No Smell,0.1370,Format Ambiguity,0.1249,Vague / Missing Context,0.1137,145,0.295
bca1218e021c0bffb33ca888235cdae4,16,No Smell,0.1818,Format Ambiguity,0.1296,Vague / Missing Context,0.1286,Unnecessary Repetition,0.1283,203,0.296
bca1218e021c0bffb33ca888235cdae4,17,Vague / Missing Context,0.1813,Format Ambiguity,0.1389,Overloaded Prompt,0.1262,No Smell,0.1023,172,0.296
bca1218e021c0bffb33ca888235cdae4,18,No Smell,0.1551,Format Ambiguity,0.1424,Vague / Missing Context,0.1177,Unnecessary Repetition,0.1167,180,0.295
bca1218e021c0bffb33ca888235cdae4,19,No Smell,0.1852,Vague / Missing Context,0.1398,Unnecessary Repetition,0.1365,Format Ambiguity,0.1203,198,0.296
bca1218e021c0bffb33ca888235cdae4,20,No Smell,0.1784,Vague / Missing Context,0.1764,Unnecessary Repetition,0.1377,Format Ambiguity,0.1151,192,0.296
bca1218e021c0bffb33ca888235cdae4,21,No Smell,0.2024,Format Ambiguity,0.1467,Unnecessary Repetition,0.1427,Vague / Missing Context,0.1017,152,0.295
bca1218e021c0bffb33ca888235cdae4,22,No Smell,0.1647,Unnecessary Repetition,0.1639,Vague / Missing Context,0.1209,Format Ambiguity,0.1146,151,0.295
bca1218e021c0bffb33ca888235cdae4,23,No Smell,0.1901,Unnecessary Repetition,0.1585,Vague / Missing Context,0.1272,Format Ambiguity,0.1172,125,0.294
bca1218e021c0bffb33ca888235cdae4,24,No Smell,0.1258,Unnecessary Repetition,0.1181,Vague / Missing Context,0.1168,Format Ambiguity,0.1140,194,0.296
bca1218e021c0bffb33ca888235cdae4,25,Unnecessary Repetition,0.1945,No Smell,0.1602,Format Ambiguity,0.1102,Vague / Missing Context,0.0938,172,0.296
bca1218e021c0bffb33ca888235cdae4,26,Unnecessary Repetition,0.1753,No Smell,0.1575,Format Ambiguity,0.1183,Vague / Missing Context,0.1095,206,0.296
bca1218e021c0bffb33ca888235cdae4,27,Unnecessary Repetition,0.1559,No Smell,0.1559,Vague / Missing Context,0.1197,Ambiguous References,0.1169,171,0.295
bca1218e021c0bffb33ca888235cdae4,28,Unnecessary Repetition,0.1982,No Smell,0.1673,Vague / Missing Context,0.1022,Format Ambiguity,0.0948,168,0.296
bca1218e021c0bffb33ca888235cdae4,29,Unnecessary Repetition,0.1884,No Smell,0.1513,Format Ambiguity,0.1143,Vague / Missing Context,0.0974,161,0.296
bca1218e021c0bffb33ca888235cdae4,30,No Smell,0.1635,Format Ambiguity,0.1378,Unnecessary Repetition,0.1234,Vague / Missing Context,0.1061,175,0.295
bca1218e021c0bffb33ca888235cdae4,31,Unnecessary Repetition,0.1389,No Smell,0.1370,Format Ambiguity,0.1249,Vague / Missing Context,0.1137,145,0.295
bca1218e021c0bffb33ca888235cdae4,32,No Smell,0.2208,Unnecessary Repetition,0.1388,Format Ambiguity,0.1151,Overloaded Prompt,0.0978,137,0.293
bca1218e021c0bffb33ca888235cdae4,33,Unnecessary Repetition,0.1837,No Smell,0.1821,Format Ambiguity,0.1220,Vague / Missing Context,0.0943,170,0.295
bca1218e021c0bffb33ca888235cdae4,34,Unnecessary Repetition,0.1699,No Smell,0.1651,Vague / Missing Context,0.1349,Format Ambiguity,0.1265,165,0.295
bca1218e021c0bffb33ca888235cdae4,35,Unnecessary Repetition,0.1931,No Smell,0.1639,Format Ambiguity,0.1202,Vague / Missing Context,0.0911,207,0.296
bca1218e021c0bffb33ca888235cdae4,36,No Smell,0.1647,Vague / Missing Context,0.1436,Format Ambiguity,0.1276,Unnecessary Repetition,0.1255,191,0.296
bca1218e021c0bffb33ca888235cdae4,37,No Smell,0.1920,Format Ambiguity,0.1331,Unnecessary Repetition,0.1243,Vague / Missing Context,0.1232,226,0.296
bca1218e021c0bffb33ca888235cdae4,38,Unnecessary Repetition,0.2048,No Smell,0.1805,Format Ambiguity,0.1097,Vague / Missing Context,0.1052,136,0.295
bca1218e021c0bffb33ca888235cdae4,39,Vague / Missing Context,0.1876,No Smell,0.1643,Unnecessary Repetition,0.1507,Format Ambiguity,0.1200,147,0.295
bca1218e021c0bffb33ca888235cdae4,40,No Smell,0.1767,Unnecessary Repetition,0.1560,Vague / Missing Context,0.1081,Format Ambiguity,0.1010,184,0.295
bca1218e021c0bffb33ca888235cdae4,41,No Smell,0.1569,Unnecessary Repetition,0.1542,Vague / Missing Context,0.1328,Format Ambiguity,0.1111,172,0.296
bca1218e021c0bffb33ca888235cdae4,42,Unnecessary Repetition,0.1389,No Smell,0.1370,Format Ambiguity,0.1249,Vague / Missing Context,0.1137,145,0.295
bca1218e021c0bffb33ca888235cdae4,43,Unnecessary Repetition,0.1891,No Smell,0.1405,Vague / Missing Context,0.1003,Format Ambiguity,0.0950,191,0.296
bca1218e021c0bffb33ca888235cdae4,44,Unnecessary Repetition,0.1932,No Smell,0.1760,Format Ambiguity,0.1161,Vague / Missing Context,0.0934,207,0.296
bca1218e021c0bffb33ca888235cdae4,45,Unnecessary Repetition,0.1870,No Smell,0.1766,Format Ambiguity,0.1142,Vague / Missing Context,0.0999,183,0.295
bca1218e021c0bffb33ca888235cdae4,46,Unnecessary Repetition,0.2158,No Smell,0.1308,Vague / Missing Context,0.1095,Format Ambiguity,0.0961,132,0.295
bca1218e021c0bffb33ca888235cdae4,47,Unnecessary Repetition,0.1679,No Smell,0.1632,Format Ambiguity,0.1226,Vague / Missing Context,0.1053,157,0.296
bca1218e021c0bffb33ca888235cdae4,48,No Smell,0.2150,Unnecessary Repetition,0.1994,Format Ambiguity,0.1048,Vague / Missing Context,0.0923,128,0.295
bca1218e021c0bffb33ca888235cdae4,49,No Smell,0.1888,Unnecessary Repetition,0.1751,Format Ambiguity,0.1162,Vague / Missing Context,0.1054,149,0.294
bca1218e021c0bffb33ca888235cdae4,50,No Smell,0.2030,Unnecessary Repetition,0.1788,Format Ambiguity,0.0957,Vague / Missing Context,0.0822,196,0.296
bca1218e021c0bffb33ca888235cdae4,51,No Smell,0.1760,Unnecessary Repetition,0.1496,Vague / Missing Context,0.1212,Format Ambiguity,0.1152,171,0.296
7313ec278570b39018aa9d90a9fd2094,1,Format Ambiguity,0.1769,No Smell,0.1470,Vague / Missing Context,0.1300,Overloaded Prompt,0.0898,77,0.294
b45176d9ef8584e3904e05c3a00935e7,1,Format Ambiguity,0.1649,Vague / Missing Context,0.1556,No Smell,0.1344,Overloaded Prompt,0.1020,79,0.294
124269035ab63f64fd0472a55c59860b,1,No Smell,0.1650,Format Ambiguity,0.1576,Vague / Missing Context,0.1550,Formality / Audience Mismatch,0.0835,111,0.294
124269035ab63f64fd0472a55c59860b,2,Vague / Missing Context,0.1488,No Smell,0.1385,Format Ambiguity,0.1296,Unnecessary Repetition,0.1201,11,0.293
124269035ab63f64fd0472a55c59860b,4,No Smell,0.1918,Format Ambiguity,0.1317,Vague / Missing Context,0.1094,Unnecessary Repetition,0.0889,72,0.294
2cf23df14115324a0d8619a3d2a74940,2,No Smell,0.1411,Format Ambiguity,0.1144,Ambiguous References,0.1072,Vague / Missing Context,0.1033,422,0.323
2cf23df14115324a0d8619a3d2a74940,4,No Smell,0.1567,Ambiguous References,0.1351,Format Ambiguity,0.1187,Vague / Missing Context,0.0960,227,0.296
b6ebe5a455a04584a15ce78bfc48a6c5,1,Vague / Missing Context,0.1700,No Smell,0.1313,Format Ambiguity,0.1261,Overloaded Prompt,0.1046,2308,0.513
b6ebe5a455a04584a15ce78bfc48a6c5,2,Format Ambiguity,0.1865,Vague / Missing Context,0.1706,No Smell,0.1395,Overloaded Prompt,0.0840,53,0.292
b6ebe5a455a04584a15ce78bfc48a6c5,3,No Smell,0.1600,Format Ambiguity,0.1407,Vague / Missing Context,0.1369,Ambiguous References,0.0796,224,0.296
b6ebe5a455a04584a15ce78bfc48a6c5,4,No Smell,0.1957,Format Ambiguity,0.1524,Vague / Missing Context,0.1397,Ambiguous References,0.0870,156,0.295
d047c9bb2b6e02aa72360e53d99ed2f6,1,No Smell,0.1790,Format Ambiguity,0.1318,Overloaded Prompt,0.1022,Vague / Missing Context,0.0957,34,0.293
9b5081dee54ff3911f43ca4c620a900d,1,No Smell,0.1735,Format Ambiguity,0.1400,Ambiguous References,0.1224,Vague / Missing Context,0.1091,19,0.292
9b5081dee54ff3911f43ca4c620a900d,2,Ambiguous References,0.1705,No Smell,0.1669,Format Ambiguity,0.1426,Conflicting Constraints,0.0852,28,0.292
9b5081dee54ff3911f43ca4c620a900d,3,No Smell,0.1666,Ambiguous References,0.1625,Format Ambiguity,0.1499,Vague / Missing Context,0.0813,27,0.292
9b5081dee54ff3911f43ca4c620a900d,4,No Smell,0.1721,Format Ambiguity,0.1641,Ambiguous References,0.1633,Conflicting Constraints,0.0795,27,0.293
9b5081dee54ff3911f43ca4c620a900d,5,No Smell,0.1798,Ambiguous References,0.1565,Format Ambiguity,0.1474,Conflicting Constraints,0.0815,27,0.293
9b5081dee54ff3911f43ca4c620a900d,6,No Smell,0.1755,Format Ambiguity,0.1581,Ambiguous References,0.1404,Vague / Missing Context,0.0926,40,0.293
9b5081dee54ff3911f43ca4c620a900d,7,Ambiguous References,0.1733,No Smell,0.1713,Format Ambiguity,0.1492,Conflicting Constraints,0.0823,39,0.293
9b5081dee54ff3911f43ca4c620a900d,8,No Smell,0.1763,Format Ambiguity,0.1241,Vague / Missing Context,0.1059,Conflicting Constraints,0.0909,8,0.294
9b5081dee54ff3911f43ca4c620a900d,9,No Smell,0.1474,Format Ambiguity,0.1262,Vague / Missing Context,0.1210,Ambiguous References,0.1067,14,0.293
9b5081dee54ff3911f43ca4c620a900d,10,No Smell,0.1580,Vague / Missing Context,0.1496,Ambiguous References,0.1470,Format Ambiguity,0.1343,94,0.294
8574263ffa62bb58f3ab33de994997fc,1,No Smell,0.2080,Format Ambiguity,0.1239,Vague / Missing Context,0.1120,Unnecessary Repetition,0.0941,197,0.296
8574263ffa62bb58f3ab33de994997fc,2,No Smell,0.1833,Vague / Missing Context,0.1153,Format Ambiguity,0.1034,Unnecessary Repetition,0.1021,170,0.295
81df335ff689a5670ef1ff010500444d,1,No Smell,0.2073,Format Ambiguity,0.1200,Vague / Missing Context,0.1001,Ambiguous References,0.0889,63,0.292
81df335ff689a5670ef1ff010500444d,2,No Smell,0.2035,Format Ambiguity,0.1302,Vague / Missing Context,0.1091,Ambiguous References,0.0906,84,0.294
97d7374fcc5125ca8b8da3fbc225a55a,6,No Smell,0.1859,Unnecessary Repetition,0.1268,Format Ambiguity,0.1164,Prompt Bloat / Convoluted Prompt,0.0879,782,0.388
4768a83ffc071a2788aa8c63ee8f4f19,1,No Smell,0.2282,Format Ambiguity,0.1253,Vague / Missing Context,0.0995,Conflicting Constraints,0.0832,43,0.293
4768a83ffc071a2788aa8c63ee8f4f19,2,No Smell,0.2253,Format Ambiguity,0.1236,Vague / Missing Context,0.0989,Conflicting Constraints,0.0800,48,0.293
4768a83ffc071a2788aa8c63ee8f4f19,4,No Smell,0.2135,Format Ambiguity,0.1335,Vague / Missing Context,0.0907,Unnecessary Repetition,0.0829,39,0.293
4768a83ffc071a2788aa8c63ee8f4f19,5,No Smell,0.1816,Format Ambiguity,0.1199,Ambiguous References,0.1004,Vague / Missing Context,0.0929,20,0.293
cab9bebb67a1e6c6856273f3791f9fe2,1,Vague / Missing Context,0.1700,No Smell,0.1313,Format Ambiguity,0.1261,Overloaded Prompt,0.1046,2308,0.513
cab9bebb67a1e6c6856273f3791f9fe2,2,Format Ambiguity,0.1865,Vague / Missing Context,0.1706,No Smell,0.1395,Overloaded Prompt,0.0840,53,0.293
cab9bebb67a1e6c6856273f3791f9fe2,3,No Smell,0.1784,Vague / Missing Context,0.1718,Format Ambiguity,0.1531,Conflicting Constraints,0.0725,138,0.294
7546d33e884f3cf63426292e3a14e971,1,Unnecessary Repetition,0.2684,No Smell,0.1430,Format Ambiguity,0.1056,Vague / Missing Context,0.0882,86,0.293
7546d33e884f3cf63426292e3a14e971,2,Unnecessary Repetition,0.1940,No Smell,0.1553,Format Ambiguity,0.1086,Vague / Missing Context,0.0966,142,0.295
7546d33e884f3cf63426292e3a14e971,3,Unnecessary Repetition,0.1926,No Smell,0.1370,Vague / Missing Context,0.1109,Format Ambiguity,0.1091,198,0.296
7546d33e884f3cf63426292e3a14e971,4,No Smell,0.1541,Unnecessary Repetition,0.1364,Vague / Missing Context,0.1251,Format Ambiguity,0.1109,235,0.297
7546d33e884f3cf63426292e3a14e971,5,No Smell,0.1589,Unnecessary Repetition,0.1523,Format Ambiguity,0.1113,Vague / Missing Context,0.1097,191,0.407
7546d33e884f3cf63426292e3a14e971,6,Unnecessary Repetition,0.2059,No Smell,0.1721,Format Ambiguity,0.1096,Vague / Missing Context,0.1024,182,0.295
7546d33e884f3cf63426292e3a14e971,7,Vague / Missing Context,0.1810,No Smell,0.1773,Unnecessary Repetition,0.1205,Format Ambiguity,0.1190,153,0.295
7546d33e884f3cf63426292e3a14e971,8,No Smell,0.2427,Unnecessary Repetition,0.1809,Format Ambiguity,0.1130,Vague / Missing Context,0.0928,189,0.295
7546d33e884f3cf63426292e3a14e971,9,No Smell,0.1825,Unnecessary Repetition,0.1580,Format Ambiguity,0.1257,Vague / Missing Context,0.0965,198,0.296
7546d33e884f3cf63426292e3a14e971,10,Unnecessary Repetition,0.1472,No Smell,0.1218,Formality / Audience Mismatch,0.1119,Format Ambiguity,0.1109,133,0.295
7546d33e884f3cf63426292e3a14e971,11,Unnecessary Repetition,0.1716,No Smell,0.1583,Format Ambiguity,0.1183,Vague / Missing Context,0.1157,201,0.296
7546d33e884f3cf63426292e3a14e971,12,Unnecessary Repetition,0.1914,No Smell,0.1376,Vague / Missing Context,0.1168,Format Ambiguity,0.1011,172,0.296
7546d33e884f3cf63426292e3a14e971,13,Unnecessary Repetition,0.1591,No Smell,0.1435,Vague / Missing Context,0.1261,Format Ambiguity,0.1076,175,0.296
7546d33e884f3cf63426292e3a14e971,14,No Smell,0.1562,Vague / Missing Context,0.1499,Unnecessary Repetition,0.1328,Format Ambiguity,0.1139,199,0.296
7546d33e884f3cf63426292e3a14e971,15,Unnecessary Repetition,0.1946,No Smell,0.1630,Format Ambiguity,0.1164,Vague / Missing Context,0.1022,179,0.295
7546d33e884f3cf63426292e3a14e971,16,No Smell,0.1869,Unnecessary Repetition,0.1791,Format Ambiguity,0.1053,Ambiguous References,0.1026,164,0.295
7546d33e884f3cf63426292e3a14e971,17,Unnecessary Repetition,0.1968,Vague / Missing Context,0.1546,No Smell,0.1361,Format Ambiguity,0.1040,221,0.297
7546d33e884f3cf63426292e3a14e971,18,No Smell,0.2150,Format Ambiguity,0.1252,Vague / Missing Context,0.1193,Unnecessary Repetition,0.1148,205,0.296
7546d33e884f3cf63426292e3a14e971,19,No Smell,0.1739,Unnecessary Repetition,0.1387,Format Ambiguity,0.1370,Vague / Missing Context,0.1344,228,0.296
7546d33e884f3cf63426292e3a14e971,20,No Smell,0.2078,Unnecessary Repetition,0.1419,Vague / Missing Context,0.1328,Format Ambiguity,0.1064,160,0.296
7546d33e884f3cf63426292e3a14e971,21,No Smell,0.2038,Vague / Missing Context,0.1324,Unnecessary Repetition,0.1323,Format Ambiguity,0.1148,190,0.296
7546d33e884f3cf63426292e3a14e971,22,No Smell,0.1668,Unnecessary Repetition,0.1586,Format Ambiguity,0.1118,Vague / Missing Context,0.1090,231,0.296
7546d33e884f3cf63426292e3a14e971,23,No Smell,0.1882,Vague / Missing Context,0.1756,Format Ambiguity,0.1237,Unnecessary Repetition,0.1153,217,0.296
7546d33e884f3cf63426292e3a14e971,24,No Smell,0.1881,Unnecessary Repetition,0.1369,Format Ambiguity,0.1283,Vague / Missing Context,0.1118,170,0.295
7546d33e884f3cf63426292e3a14e971,25,Unnecessary Repetition,0.1729,No Smell,0.1478,Format Ambiguity,0.1125,Vague / Missing Context,0.1093,216,0.296
7546d33e884f3cf63426292e3a14e971,26,No Smell,0.1734,Unnecessary Repetition,0.1612,Ambiguous References,0.1145,Format Ambiguity,0.1100,236,0.296
7546d33e884f3cf63426292e3a14e971,27,Unnecessary Repetition,0.1675,No Smell,0.1580,Vague / Missing Context,0.1203,Format Ambiguity,0.1137,174,0.296
7546d33e884f3cf63426292e3a14e971,28,No Smell,0.1589,Vague / Missing Context,0.1535,Unnecessary Repetition,0.1449,Format Ambiguity,0.1188,215,0.297
7546d33e884f3cf63426292e3a14e971,29,Unnecessary Repetition,0.1677,No Smell,0.1573,Format Ambiguity,0.1020,Vague / Missing Context,0.0947,166,0.295
7546d33e884f3cf63426292e3a14e971,30,Unnecessary Repetition,0.1542,No Smell,0.1464,Format Ambiguity,0.1302,Vague / Missing Context,0.1184,248,0.296
7546d33e884f3cf63426292e3a14e971,31,No Smell,0.1908,Unnecessary Repetition,0.1684,Vague / Missing Context,0.1152,Format Ambiguity,0.0973,180,0.295
7546d33e884f3cf63426292e3a14e971,32,No Smell,0.2253,Unnecessary Repetition,0.1449,Vague / Missing Context,0.1228,Format Ambiguity,0.1156,188,0.296
7546d33e884f3cf63426292e3a14e971,33,No Smell,0.1474,Unnecessary Repetition,0.1373,Format Ambiguity,0.1253,Vague / Missing Context,0.1245,195,0.295
7546d33e884f3cf63426292e3a14e971,34,No Smell,0.2137,Unnecessary Repetition,0.1953,Vague / Missing Context,0.0984,Format Ambiguity,0.0974,184,0.295
7546d33e884f3cf63426292e3a14e971,35,Unnecessary Repetition,0.1806,No Smell,0.1642,Format Ambiguity,0.1176,Vague / Missing Context,0.1044,182,0.295
7546d33e884f3cf63426292e3a14e971,36,Unnecessary Repetition,0.1937,No Smell,0.1562,Format Ambiguity,0.1122,Ambiguous References,0.0956,203,0.296
7546d33e884f3cf63426292e3a14e971,37,No Smell,0.1779,Vague / Missing Context,0.1760,Format Ambiguity,0.1251,Unnecessary Repetition,0.1031,159,0.295
7546d33e884f3cf63426292e3a14e971,38,Vague / Missing Context,0.1638,No Smell,0.1628,Unnecessary Repetition,0.1619,Format Ambiguity,0.1105,181,0.296
7546d33e884f3cf63426292e3a14e971,39,No Smell,0.2053,Unnecessary Repetition,0.1702,Format Ambiguity,0.1083,Vague / Missing Context,0.0962,201,0.296
7546d33e884f3cf63426292e3a14e971,40,Unnecessary Repetition,0.1822,No Smell,0.1533,Format Ambiguity,0.1187,Vague / Missing Context,0.1143,183,0.296
7546d33e884f3cf63426292e3a14e971,41,No Smell,0.1626,Unnecessary Repetition,0.1411,Vague / Missing Context,0.1211,Format Ambiguity,0.1034,204,0.296
7546d33e884f3cf63426292e3a14e971,42,No Smell,0.1699,Unnecessary Repetition,0.1636,Format Ambiguity,0.1105,Vague / Missing Context,0.1027,267,0.297
7546d33e884f3cf63426292e3a14e971,43,Unnecessary Repetition,0.2000,No Smell,0.1489,Format Ambiguity,0.1063,Vague / Missing Context,0.1055,211,0.296
7546d33e884f3cf63426292e3a14e971,44,No Smell,0.1757,Vague / Missing Context,0.1478,Format Ambiguity,0.1307,Unnecessary Repetition,0.1173,191,0.296
7546d33e884f3cf63426292e3a14e971,45,Unnecessary Repetition,0.1903,No Smell,0.1562,Format Ambiguity,0.1123,Vague / Missing Context,0.1103,184,0.296
7546d33e884f3cf63426292e3a14e971,46,No Smell,0.1644,Unnecessary Repetition,0.1457,Format Ambiguity,0.1097,Vague / Missing Context,0.1076,216,0.296
7546d33e884f3cf63426292e3a14e971,47,Vague / Missing Context,0.1628,No Smell,0.1609,Unnecessary Repetition,0.1383,Format Ambiguity,0.1261,152,0.295
7546d33e884f3cf63426292e3a14e971,48,Vague / Missing Context,0.1535,No Smell,0.1424,Format Ambiguity,0.1299,Unnecessary Repetition,0.1249,173,0.295
7546d33e884f3cf63426292e3a14e971,49,Unnecessary Repetition,0.2339,No Smell,0.1196,Vague / Missing Context,0.1084,Prompt Bloat / Convoluted Prompt,0.0913,211,0.296
7546d33e884f3cf63426292e3a14e971,50,Unnecessary Repetition,0.1810,No Smell,0.1463,Vague / Missing Context,0.1242,Format Ambiguity,0.1089,176,0.295
7546d33e884f3cf63426292e3a14e971,51,No Smell,0.1697,Vague / Missing Context,0.1363,Format Ambiguity,0.1330,Unnecessary Repetition,0.1326,207,0.296
4b503b4a0aa1b1f042c72f7eb08e7896,1,No Smell,0.1495,Vague / Missing Context,0.1395,Format Ambiguity,0.1194,Ambiguous References,0.0920,33,0.293
4b503b4a0aa1b1f042c72f7eb08e7896,2,No Smell,0.1907,Format Ambiguity,0.1232,Vague / Missing Context,0.1011,Ambiguous References,0.0949,60,0.293
4b503b4a0aa1b1f042c72f7eb08e7896,3,No Smell,0.1767,Format Ambiguity,0.1301,Vague / Missing Context,0.1282,Ambiguous References,0.0921,37,0.293
4b503b4a0aa1b1f042c72f7eb08e7896,4,No Smell,0.1894,Vague / Missing Context,0.1208,Format Ambiguity,0.1194,Unnecessary Repetition,0.0884,37,0.293
4b503b4a0aa1b1f042c72f7eb08e7896,5,No Smell,0.1804,Format Ambiguity,0.1200,Vague / Missing Context,0.1131,Unnecessary Repetition,0.0939,41,0.293
4b503b4a0aa1b1f042c72f7eb08e7896,6,No Smell,0.1666,Format Ambiguity,0.1347,Vague / Missing Context,0.1282,Ambiguous References,0.1009,53,0.293
4b503b4a0aa1b1f042c72f7eb08e7896,7,No Smell,0.2068,Format Ambiguity,0.1257,Vague / Missing Context,0.1212,Unnecessary Repetition,0.0887,61,0.293
4b503b4a0aa1b1f042c72f7eb08e7896,8,No Smell,0.1898,Format Ambiguity,0.1310,Unnecessary Repetition,0.1037,Vague / Missing Context,0.0934,20,0.292
4b503b4a0aa1b1f042c72f7eb08e7896,9,No Smell,0.1575,Format Ambiguity,0.1152,Vague / Missing Context,0.0997,Overloaded Prompt,0.0990,12,0.293
4b503b4a0aa1b1f042c72f7eb08e7896,11,No Smell,0.1576,Format Ambiguity,0.1342,Vague / Missing Context,0.1253,Irrelevant / Excessive Persona,0.0864,56,0.293
bcf5bb1f6efce3e27dcee16df3934039,1,No Smell,0.1576,Format Ambiguity,0.1342,Vague / Missing Context,0.1253,Irrelevant / Excessive Persona,0.0864,56,0.249
40036380002cff420704a330ff65d11a,1,No Smell,0.1489,Format Ambiguity,0.1296,Vague / Missing Context,0.1137,Overloaded Prompt,0.1054,92,0.294
e5d23d788085d51e2dcf919e44ec6206,1,No Smell,0.1546,Format Ambiguity,0.1338,Vague / Missing Context,0.1084,Overloaded Prompt,0.0974,92,0.294
0bdccfe1f21b5f0256b41e0c8b42ab40,2,No Smell,0.1318,Vague / Missing Context,0.1301,Irrelevant / Excessive Persona,0.1186,Format Ambiguity,0.1086,56,0.295
0bdccfe1f21b5f0256b41e0c8b42ab40,3,No Smell,0.1840,Format Ambiguity,0.1735,Vague / Missing Context,0.1282,Irrelevant / Excessive Persona,0.0973,209,0.297
0bdccfe1f21b5f0256b41e0c8b42ab40,4,No Smell,0.1896,Format Ambiguity,0.1680,Ambiguous References,0.0996,Vague / Missing Context,0.0897,51,0.293
b97abb3788fdc5874d5b55fa148aa99f,1,No Smell,0.1789,Vague / Missing Context,0.1431,Format Ambiguity,0.1371,Ambiguous References,0.1052,58,0.293
09d05af0b30963fa3c09bb8add0d8c82,1,No Smell,0.1602,Format Ambiguity,0.1373,Vague / Missing Context,0.1175,Ambiguous References,0.1078,761,0.363
c9bdd64e11ce89068e875c479a77567e,1,No Smell,0.1487,Format Ambiguity,0.1317,Vague / Missing Context,0.1194,Ambiguous References,0.0968,8,0.294
c9bdd64e11ce89068e875c479a77567e,2,Vague / Missing Context,0.1570,No Smell,0.1407,Ambiguous References,0.1333,Format Ambiguity,0.1255,62,0.294
5daa705af3b24994dbfbf5346009fbc5,1,Vague / Missing Context,0.1391,Format Ambiguity,0.1379,No Smell,0.1295,Ambiguous References,0.1077,1795,0.466
5daa705af3b24994dbfbf5346009fbc5,2,No Smell,0.1416,Format Ambiguity,0.1354,Ambiguous References,0.1191,Vague / Missing Context,0.1157,824,0.378
5daa705af3b24994dbfbf5346009fbc5,3,Format Ambiguity,0.1398,Vague / Missing Context,0.1219,No Smell,0.1175,Ambiguous References,0.1102,1331,0.416
5daa705af3b24994dbfbf5346009fbc5,4,No Smell,0.1538,Format Ambiguity,0.1324,Vague / Missing Context,0.1150,Ambiguous References,0.1059,601,0.319
5daa705af3b24994dbfbf5346009fbc5,5,Format Ambiguity,0.1436,Vague / Missing Context,0.1305,No Smell,0.1188,Ambiguous References,0.1124,1324,0.415
5f6c1244af7d1c9175aca4e4d9c7464a,1,Unnecessary Repetition,0.2684,No Smell,0.1430,Format Ambiguity,0.1056,Vague / Missing Context,0.0882,86,0.295
5f6c1244af7d1c9175aca4e4d9c7464a,2,Unnecessary Repetition,0.1830,No Smell,0.1487,Vague / Missing Context,0.1188,Format Ambiguity,0.0966,160,0.296
5f6c1244af7d1c9175aca4e4d9c7464a,3,No Smell,0.1748,Vague / Missing Context,0.1538,Format Ambiguity,0.1371,Unnecessary Repetition,0.1210,170,0.296
5f6c1244af7d1c9175aca4e4d9c7464a,4,Vague / Missing Context,0.2034,No Smell,0.1749,Format Ambiguity,0.1204,Unnecessary Repetition,0.1157,137,0.295
5f6c1244af7d1c9175aca4e4d9c7464a,5,Unnecessary Repetition,0.2158,No Smell,0.1656,Vague / Missing Context,0.1177,Format Ambiguity,0.1027,161,0.296
5f6c1244af7d1c9175aca4e4d9c7464a,6,Vague / Missing Context,0.2083,Format Ambiguity,0.1338,No Smell,0.1218,Unnecessary Repetition,0.1049,166,0.297
5f6c1244af7d1c9175aca4e4d9c7464a,7,No Smell,0.1663,Unnecessary Repetition,0.1435,Format Ambiguity,0.1196,Vague / Missing Context,0.1156,164,0.296
5f6c1244af7d1c9175aca4e4d9c7464a,8,No Smell,0.1745,Vague / Missing Context,0.1659,Unnecessary Repetition,0.1227,Format Ambiguity,0.1108,179,0.295
5f6c1244af7d1c9175aca4e4d9c7464a,9,No Smell,0.2373,Unnecessary Repetition,0.1367,Format Ambiguity,0.1116,Vague / Missing Context,0.0986,212,0.295
5f6c1244af7d1c9175aca4e4d9c7464a,10,Unnecessary Repetition,0.1792,No Smell,0.1773,Format Ambiguity,0.1219,Vague / Missing Context,0.1069,151,0.295
5f6c1244af7d1c9175aca4e4d9c7464a,11,No Smell,0.1822,Unnecessary Repetition,0.1462,Format Ambiguity,0.1121,Vague / Missing Context,0.1073,219,0.296
5f6c1244af7d1c9175aca4e4d9c7464a,12,Unnecessary Repetition,0.1920,No Smell,0.1465,Vague / Missing Context,0.1102,Ambiguous References,0.1033,143,0.294
5f6c1244af7d1c9175aca4e4d9c7464a,13,No Smell,0.1680,Unnecessary Repetition,0.1389,Format Ambiguity,0.1092,Vague / Missing Context,0.1081,222,0.296
5f6c1244af7d1c9175aca4e4d9c7464a,14,No Smell,0.1845,Unnecessary Repetition,0.1545,Format Ambiguity,0.1155,Vague / Missing Context,0.1082,236,0.297
5f6c1244af7d1c9175aca4e4d9c7464a,15,No Smell,0.1773,Unnecessary Repetition,0.1437,Vague / Missing Context,0.1188,Format Ambiguity,0.1089,193,0.295
5f6c1244af7d1c9175aca4e4d9c7464a,16,No Smell,0.1901,Unnecessary Repetition,0.1598,Format Ambiguity,0.1178,Vague / Missing Context,0.1043,156,0.295
5f6c1244af7d1c9175aca4e4d9c7464a,17,Unnecessary Repetition,0.1853,No Smell,0.1584,Format Ambiguity,0.1241,Ambiguous References,0.1008,161,0.295
5f6c1244af7d1c9175aca4e4d9c7464a,18,Unnecessary Repetition,0.2028,No Smell,0.1553,Format Ambiguity,0.1115,Vague / Missing Context,0.0990,142,0.294
5f6c1244af7d1c9175aca4e4d9c7464a,19,No Smell,0.1886,Unnecessary Repetition,0.1794,Format Ambiguity,0.1096,Vague / Missing Context,0.1010,166,0.295
5f6c1244af7d1c9175aca4e4d9c7464a,20,Unnecessary Repetition,0.1903,No Smell,0.1713,Format Ambiguity,0.1102,Vague / Missing Context,0.0882,178,0.296
5f6c1244af7d1c9175aca4e4d9c7464a,21,Unnecessary Repetition,0.1769,No Smell,0.1607,Format Ambiguity,0.1159,Ambiguous References,0.0985,163,0.296
5f6c1244af7d1c9175aca4e4d9c7464a,22,Unnecessary Repetition,0.1644,No Smell,0.1597,Format Ambiguity,0.1108,Vague / Missing Context,0.0977,173,0.295
5f6c1244af7d1c9175aca4e4d9c7464a,23,No Smell,0.1783,Unnecessary Repetition,0.1568,Format Ambiguity,0.1179,Vague / Missing Context,0.1057,225,0.296
5f6c1244af7d1c9175aca4e4d9c7464a,24,Unnecessary Repetition,0.1556,No Smell,0.1522,Format Ambiguity,0.1213,Vague / Missing Context,0.1093,168,0.295
5f6c1244af7d1c9175aca4e4d9c7464a,25,Vague / Missing Context,0.1698,No Smell,0.1637,Unnecessary Repetition,0.1174,Format Ambiguity,0.1146,227,0.296
5f6c1244af7d1c9175aca4e4d9c7464a,26,No Smell,0.1905,Unnecessary Repetition,0.1777,Format Ambiguity,0.1058,Vague / Missing Context,0.1052,184,0.296
5f6c1244af7d1c9175aca4e4d9c7464a,27,No Smell,0.1696,Vague / Missing Context,0.1488,Format Ambiguity,0.1295,Unnecessary Repetition,0.1263,122,0.294
5f6c1244af7d1c9175aca4e4d9c7464a,28,No Smell,0.1859,Unnecessary Repetition,0.1673,Format Ambiguity,0.1148,Vague / Missing Context,0.1079,201,0.295
5f6c1244af7d1c9175aca4e4d9c7464a,29,No Smell,0.2081,Unnecessary Repetition,0.1557,Format Ambiguity,0.1296,Vague / Missing Context,0.1086,173,0.295
5f6c1244af7d1c9175aca4e4d9c7464a,30,Unnecessary Repetition,0.1729,No Smell,0.1537,Vague / Missing Context,0.1235,Format Ambiguity,0.1217,196,0.296
5f6c1244af7d1c9175aca4e4d9c7464a,31,No Smell,0.1790,Unnecessary Repetition,0.1730,Format Ambiguity,0.1168,Vague / Missing Context,0.0907,223,0.296
5f6c1244af7d1c9175aca4e4d9c7464a,32,Unnecessary Repetition,0.1895,No Smell,0.1291,Vague / Missing Context,0.1154,Format Ambiguity,0.1092,132,0.293
5f6c1244af7d1c9175aca4e4d9c7464a,33,Vague / Missing Context,0.1647,Unnecessary Repetition,0.1555,No Smell,0.1506,Format Ambiguity,0.1194,184,0.295
5f6c1244af7d1c9175aca4e4d9c7464a,34,No Smell,0.1753,Unnecessary Repetition,0.1747,Vague / Missing Context,0.1128,Format Ambiguity,0.1114,162,0.295
5f6c1244af7d1c9175aca4e4d9c7464a,35,No Smell,0.1703,Unnecessary Repetition,0.1363,Vague / Missing Context,0.1280,Format Ambiguity,0.1239,212,0.296
5f6c1244af7d1c9175aca4e4d9c7464a,36,No Smell,0.1642,Unnecessary Repetition,0.1623,Format Ambiguity,0.1115,Vague / Missing Context,0.1016,163,0.295
5f6c1244af7d1c9175aca4e4d9c7464a,37,Unnecessary Repetition,0.1676,No Smell,0.1646,Format Ambiguity,0.1197,Vague / Missing Context,0.1054,208,0.296
5f6c1244af7d1c9175aca4e4d9c7464a,38,Unnecessary Repetition,0.1924,No Smell,0.1641,Format Ambiguity,0.0999,Vague / Missing Context,0.0970,187,0.296
5f6c1244af7d1c9175aca4e4d9c7464a,39,Unnecessary Repetition,0.1627,No Smell,0.1403,Vague / Missing Context,0.1255,Format Ambiguity,0.1147,202,0.295
5f6c1244af7d1c9175aca4e4d9c7464a,40,Unnecessary Repetition,0.1824,No Smell,0.1415,Vague / Missing Context,0.1143,Format Ambiguity,0.1096,188,0.296
5f6c1244af7d1c9175aca4e4d9c7464a,41,Unnecessary Repetition,0.1684,No Smell,0.1381,Vague / Missing Context,0.1279,Format Ambiguity,0.1132,191,0.296
5f6c1244af7d1c9175aca4e4d9c7464a,42,Unnecessary Repetition,0.1929,No Smell,0.1474,Vague / Missing Context,0.1188,Format Ambiguity,0.1177,175,0.295
5f6c1244af7d1c9175aca4e4d9c7464a,43,Unnecessary Repetition,0.1951,No Smell,0.1485,Vague / Missing Context,0.1243,Format Ambiguity,0.1175,129,0.295
5f6c1244af7d1c9175aca4e4d9c7464a,44,No Smell,0.1728,Unnecessary Repetition,0.1580,Format Ambiguity,0.1360,Vague / Missing Context,0.1243,155,0.295
5f6c1244af7d1c9175aca4e4d9c7464a,45,Unnecessary Repetition,0.1544,No Smell,0.1506,Format Ambiguity,0.1256,Vague / Missing Context,0.1066,200,0.296
5f6c1244af7d1c9175aca4e4d9c7464a,46,Unnecessary Repetition,0.1703,No Smell,0.1546,Format Ambiguity,0.1143,Vague / Missing Context,0.1091,187,0.296
5f6c1244af7d1c9175aca4e4d9c7464a,47,No Smell,0.1884,Unnecessary Repetition,0.1610,Format Ambiguity,0.1210,Vague / Missing Context,0.1160,179,0.295
5f6c1244af7d1c9175aca4e4d9c7464a,48,No Smell,0.1698,Unnecessary Repetition,0.1614,Format Ambiguity,0.1297,Vague / Missing Context,0.1138,186,0.295
5f6c1244af7d1c9175aca4e4d9c7464a,49,No Smell,0.1786,Unnecessary Repetition,0.1601,Vague / Missing Context,0.1191,Format Ambiguity,0.1061,172,0.295
5f6c1244af7d1c9175aca4e4d9c7464a,50,Unnecessary Repetition,0.1922,No Smell,0.1540,Vague / Missing Context,0.0955,Format Ambiguity,0.0935,215,0.296
5f6c1244af7d1c9175aca4e4d9c7464a,51,No Smell,0.1662,Format Ambiguity,0.1516,Vague / Missing Context,0.1296,Unnecessary Repetition,0.1183,145,0.296
3ccaab59c32b125b98e329fbaaaeb199,1,No Smell,0.2118,Format Ambiguity,0.1277,Vague / Missing Context,0.0964,Unnecessary Repetition,0.0940,754,0.363
921f3ade2648a47ced1b25107c0c358d,1,No Smell,0.1997,Vague / Missing Context,0.1430,Format Ambiguity,0.1295,Ambiguous References,0.0725,150,0.295
bd92c91309400c18118724543db82651,1,No Smell,0.1636,Format Ambiguity,0.1270,Vague / Missing Context,0.1000,Overloaded Prompt,0.0968,86,0.295
bd92c91309400c18118724543db82651,2,No Smell,0.1718,Format Ambiguity,0.1274,Vague / Missing Context,0.1131,Overloaded Prompt,0.0956,74,0.294
bd92c91309400c18118724543db82651,3,No Smell,0.1705,Format Ambiguity,0.1330,Vague / Missing Context,0.1129,Overloaded Prompt,0.0924,63,0.294
bd92c91309400c18118724543db82651,4,No Smell,0.1438,Format Ambiguity,0.1319,Vague / Missing Context,0.1284,Overloaded Prompt,0.0997,93,0.294
bd92c91309400c18118724543db82651,5,No Smell,0.1727,Format Ambiguity,0.1354,Vague / Missing Context,0.1227,Unnecessary Repetition,0.0914,65,0.294
bd92c91309400c18118724543db82651,6,No Smell,0.1653,Format Ambiguity,0.1356,Vague / Missing Context,0.1337,Overloaded Prompt,0.0883,62,0.293
913be62fd1d0079fc872b208bf229d71,1,No Smell,0.1618,Format Ambiguity,0.1308,Ambiguous References,0.1273,Prompt Bloat / Convoluted Prompt,0.0987,4000,2.279
913be62fd1d0079fc872b208bf229d71,3,No Smell,0.1910,Conflicting Constraints,0.1209,Prompt Bloat / Convoluted Prompt,0.1094,Format Ambiguity,0.1038,248,0.321
2450856a02df14965593df2d7527a0db,1,Format Ambiguity,0.1682,No Smell,0.1569,Vague / Missing Context,0.1410,Overloaded Prompt,0.0903,51,0.295
2450856a02df14965593df2d7527a0db,2,No Smell,0.1690,Format Ambiguity,0.1529,Vague / Missing Context,0.1462,Overloaded Prompt,0.0934,77,0.294
07d5939a336201c6ad8fd0bd3a57dbca,1,No Smell,0.1708,Format Ambiguity,0.1286,Vague / Missing Context,0.0946,Ambiguous References,0.0944,304,0.320
07d5939a336201c6ad8fd0bd3a57dbca,2,No Smell,0.2373,Unnecessary Repetition,0.1048,Format Ambiguity,0.0961,Ambiguous References,0.0912,278,0.296
8a0b3ba9339faf5126a9624f41612f5c,1,Unnecessary Repetition,0.2684,No Smell,0.1430,Format Ambiguity,0.1056,Vague / Missing Context,0.0882,86,0.294
8a0b3ba9339faf5126a9624f41612f5c,2,No Smell,0.1743,Unnecessary Repetition,0.1540,Format Ambiguity,0.1185,Vague / Missing Context,0.1149,186,0.296
8a0b3ba9339faf5126a9624f41612f5c,3,Vague / Missing Context,0.1754,No Smell,0.1495,Format Ambiguity,0.1281,Unnecessary Repetition,0.1135,202,0.296
8a0b3ba9339faf5126a9624f41612f5c,4,Unnecessary Repetition,0.2082,Vague / Missing Context,0.1423,No Smell,0.1407,Format Ambiguity,0.1044,141,0.294
8a0b3ba9339faf5126a9624f41612f5c,5,No Smell,0.1633,Unnecessary Repetition,0.1458,Format Ambiguity,0.1125,Ambiguous References,0.0923,173,0.295
8a0b3ba9339faf5126a9624f41612f5c,6,No Smell,0.2068,Unnecessary Repetition,0.1984,Format Ambiguity,0.0983,Vague / Missing Context,0.0913,209,0.296
8a0b3ba9339faf5126a9624f41612f5c,7,Unnecessary Repetition,0.2013,No Smell,0.1771,Format Ambiguity,0.1103,Vague / Missing Context,0.1034,149,0.294
8a0b3ba9339faf5126a9624f41612f5c,8,No Smell,0.1774,Format Ambiguity,0.1357,Unnecessary Repetition,0.1344,Overloaded Prompt,0.0960,161,0.295
8a0b3ba9339faf5126a9624f41612f5c,9,Unnecessary Repetition,0.1824,No Smell,0.1763,Format Ambiguity,0.1095,Vague / Missing Context,0.0961,201,0.297
8a0b3ba9339faf5126a9624f41612f5c,10,Unnecessary Repetition,0.1792,No Smell,0.1762,Vague / Missing Context,0.0993,Ambiguous References,0.0961,166,0.296
8a0b3ba9339faf5126a9624f41612f5c,11,Unnecessary Repetition,0.1794,No Smell,0.1672,Format Ambiguity,0.1156,Vague / Missing Context,0.1015,183,0.296
8a0b3ba9339faf5126a9624f41612f5c,12,Unnecessary Repetition,0.1740,No Smell,0.1619,Format Ambiguity,0.1087,Vague / Missing Context,0.1005,210,0.296
8a0b3ba9339faf5126a9624f41612f5c,13,No Smell,0.1813,Unnecessary Repetition,0.1550,Format Ambiguity,0.0971,Vague / Missing Context,0.0899,203,0.296
8a0b3ba9339faf5126a9624f41612f5c,14,No Smell,0.1627,Unnecessary Repetition,0.1362,Vague / Missing Context,0.1320,Format Ambiguity,0.1178,207,0.296
8a0b3ba9339faf5126a9624f41612f5c,15,No Smell,0.1851,Unnecessary Repetition,0.1739,Format Ambiguity,0.1136,Vague / Missing Context,0.1135,183,0.296
8a0b3ba9339faf5126a9624f41612f5c,16,Unnecessary Repetition,0.1984,No Smell,0.1460,Format Ambiguity,0.1121,Vague / Missing Context,0.1071,136,0.295
8a0b3ba9339faf5126a9624f41612f5c,17,No Smell,0.1795,Vague / Missing Context,0.1390,Format Ambiguity,0.1278,Unnecessary Repetition,0.1169,209,0.296
8a0b3ba9339faf5126a9624f41612f5c,18,Format Ambiguity,0.1632,Vague / Missing Context,0.1542,No Smell,0.1540,Overloaded Prompt,0.1424,197,0.295
8a0b3ba9339faf5126a9624f41612f5c,19,No Smell,0.1831,Vague / Missing Context,0.1382,Format Ambiguity,0.1232,Unnecessary Repetition,0.1228,175,0.295
8a0b3ba9339faf5126a9624f41612f5c,20,No Smell,0.1655,Unnecessary Repetition,0.1451,Vague / Missing Context,0.1231,Format Ambiguity,0.1141,157,0.295
8a0b3ba9339faf5126a9624f41612f5c,21,No Smell,0.1805,Unnecessary Repetition,0.1632,Vague / Missing Context,0.1229,Format Ambiguity,0.1035,165,0.295
8a0b3ba9339faf5126a9624f41612f5c,22,No Smell,0.1959,Format Ambiguity,0.1269,Vague / Missing Context,0.1266,Unnecessary Repetition,0.1123,196,0.295
8a0b3ba9339faf5126a9624f41612f5c,23,No Smell,0.1763,Vague / Missing Context,0.1662,Unnecessary Repetition,0.1299,Format Ambiguity,0.1183,206,0.295
8a0b3ba9339faf5126a9624f41612f5c,24,Unnecessary Repetition,0.1575,No Smell,0.1529,Format Ambiguity,0.1195,Vague / Missing Context,0.1127,202,0.296
8a0b3ba9339faf5126a9624f41612f5c,25,No Smell,0.2058,Unnecessary Repetition,0.1554,Format Ambiguity,0.1112,Vague / Missing Context,0.0899,231,0.296
8a0b3ba9339faf5126a9624f41612f5c,26,Unnecessary Repetition,0.1635,No Smell,0.1323,Format Ambiguity,0.1133,Ambiguous References,0.1072,193,0.295
8a0b3ba9339faf5126a9624f41612f5c,27,No Smell,0.1743,Unnecessary Repetition,0.1325,Format Ambiguity,0.1255,Vague / Missing Context,0.1099,242,0.296
8a0b3ba9339faf5126a9624f41612f5c,28,No Smell,0.1824,Unnecessary Repetition,0.1394,Format Ambiguity,0.1171,Vague / Missing Context,0.1030,228,0.296
8a0b3ba9339faf5126a9624f41612f5c,29,No Smell,0.1763,Unnecessary Repetition,0.1594,Format Ambiguity,0.1107,Vague / Missing Context,0.1106,201,0.296
8a0b3ba9339faf5126a9624f41612f5c,30,No Smell,0.1943,Unnecessary Repetition,0.1383,Format Ambiguity,0.1314,Vague / Missing Context,0.1012,234,0.296
8a0b3ba9339faf5126a9624f41612f5c,31,No Smell,0.1838,Format Ambiguity,0.1437,Unnecessary Repetition,0.1362,Vague / Missing Context,0.1091,188,0.295
8a0b3ba9339faf5126a9624f41612f5c,32,Unnecessary Repetition,0.1818,No Smell,0.1690,Format Ambiguity,0.1257,Vague / Missing Context,0.1105,214,0.296
8a0b3ba9339faf5126a9624f41612f5c,33,Unnecessary Repetition,0.1682,No Smell,0.1639,Format Ambiguity,0.1111,Vague / Missing Context,0.1033,168,0.295
8a0b3ba9339faf5126a9624f41612f5c,34,No Smell,0.2016,Format Ambiguity,0.1237,Overloaded Prompt,0.1149,Unnecessary Repetition,0.1108,136,0.294
8a0b3ba9339faf5126a9624f41612f5c,35,Unnecessary Repetition,0.1913,No Smell,0.1514,Format Ambiguity,0.1096,Ambiguous References,0.0952,152,0.295
8a0b3ba9339faf5126a9624f41612f5c,36,Unnecessary Repetition,0.1743,No Smell,0.1468,Format Ambiguity,0.1187,Vague / Missing Context,0.1036,149,0.295
8a0b3ba9339faf5126a9624f41612f5c,37,No Smell,0.1868,Unnecessary Repetition,0.1648,Vague / Missing Context,0.1339,Format Ambiguity,0.1179,185,0.295
8a0b3ba9339faf5126a9624f41612f5c,38,No Smell,0.1899,Vague / Missing Context,0.1618,Format Ambiguity,0.1316,Unnecessary Repetition,0.1052,245,0.296
8a0b3ba9339faf5126a9624f41612f5c,39,No Smell,0.1727,Unnecessary Repetition,0.1657,Vague / Missing Context,0.1188,Format Ambiguity,0.0972,185,0.296
8a0b3ba9339faf5126a9624f41612f5c,40,Unnecessary Repetition,0.2007,No Smell,0.1897,Format Ambiguity,0.1057,Vague / Missing Context,0.0940,181,0.295
8a0b3ba9339faf5126a9624f41612f5c,41,Unnecessary Repetition,0.1726,No Smell,0.1432,Format Ambiguity,0.1276,Vague / Missing Context,0.1133,187,0.296
8a0b3ba9339faf5126a9624f41612f5c,42,Unnecessary Repetition,0.2092,No Smell,0.1913,Format Ambiguity,0.1183,Vague / Missing Context,0.0911,135,0.294
8a0b3ba9339faf5126a9624f41612f5c,43,No Smell,0.1625,Unnecessary Repetition,0.1433,Vague / Missing Context,0.1324,Format Ambiguity,0.1231,183,0.295
8a0b3ba9339faf5126a9624f41612f5c,44,Unnecessary Repetition,0.2121,No Smell,0.1359,Format Ambiguity,0.1087,Vague / Missing Context,0.1030,193,0.296
8a0b3ba9339faf5126a9624f41612f5c,45,No Smell,0.2137,Unnecessary Repetition,0.1621,Format Ambiguity,0.0983,Vague / Missing Context,0.0961,190,0.296
8a0b3ba9339faf5126a9624f41612f5c,46,Unnecessary Repetition,0.1974,No Smell,0.1316,Format Ambiguity,0.1121,Vague / Missing Context,0.1060,145,0.295
8a0b3ba9339faf5126a9624f41612f5c,47,No Smell,0.1713,Unnecessary Repetition,0.1578,Ambiguous References,0.1042,Format Ambiguity,0.1016,186,0.296
8a0b3ba9339faf5126a9624f41612f5c,48,Unnecessary Repetition,0.1615,No Smell,0.1487,Vague / Missing Context,0.1272,Format Ambiguity,0.1069,214,0.296
8a0b3ba9339faf5126a9624f41612f5c,49,Unnecessary Repetition,0.2465,No Smell,0.1417,Vague / Missing Context,0.0914,Format Ambiguity,0.0864,171,0.299
8a0b3ba9339faf5126a9624f41612f5c,50,No Smell,0.1761,Unnecessary Repetition,0.1536,Format Ambiguity,0.1134,Vague / Missing Context,0.0974,228,0.296
8a0b3ba9339faf5126a9624f41612f5c,51,No Smell,0.1896,Unnecessary Repetition,0.1888,Format Ambiguity,0.1065,Vague / Missing Context,0.0922,181,0.296
70cb5ec47c84ec0b39b7a0603397f0ff,1,Format Ambiguity,0.1559,No Smell,0.1517,Vague / Missing Context,0.1225,Ambiguous References,0.0945,368,0.320
70cb5ec47c84ec0b39b7a0603397f0ff,2,No Smell,0.1667,Format Ambiguity,0.1354,Vague / Missing Context,0.1237,Ambiguous References,0.0977,602,0.363
96aba9142305f25516e6b7dd8700d7af,2,No Smell,0.2163,Format Ambiguity,0.1855,Vague / Missing Context,0.1846,Unnecessary Repetition,0.0807,28,0.292
6a2ce9e01595986b2d8d37089516cef5,1,No Smell,0.1714,Format Ambiguity,0.1551,Vague / Missing Context,0.1354,Overloaded Prompt,0.0926,77,0.293
6a2ce9e01595986b2d8d37089516cef5,2,No Smell,0.1727,Format Ambiguity,0.1597,Vague / Missing Context,0.1397,Overloaded Prompt,0.0865,93,0.292
6a2ce9e01595986b2d8d37089516cef5,3,Format Ambiguity,0.1642,No Smell,0.1405,Vague / Missing Context,0.1304,Unnecessary Repetition,0.0923,74,0.294
c25dce8b732a0b985ba96aff7259794d,2,No Smell,0.1834,Format Ambiguity,0.1674,Vague / Missing Context,0.1300,Unnecessary Repetition,0.0848,67,0.295
1f1faa30a3eb01bbd01720fafd93137c,2,No Smell,0.1502,Format Ambiguity,0.1400,Ambiguous References,0.1080,Conflicting Constraints,0.1031,126,0.296
5e462b3f369032a5ca8729e9688ec0c7,1,Unnecessary Repetition,0.2684,No Smell,0.1430,Format Ambiguity,0.1056,Vague / Missing Context,0.0882,86,0.293
5e462b3f369032a5ca8729e9688ec0c7,2,No Smell,0.2025,Unnecessary Repetition,0.1831,Vague / Missing Context,0.0989,Format Ambiguity,0.0941,177,0.296
5e462b3f369032a5ca8729e9688ec0c7,3,Unnecessary Repetition,0.1747,No Smell,0.1693,Vague / Missing Context,0.1188,Format Ambiguity,0.1061,206,0.296
5e462b3f369032a5ca8729e9688ec0c7,4,Unnecessary Repetition,0.2226,No Smell,0.1191,Vague / Missing Context,0.1122,Format Ambiguity,0.0935,192,0.295
5e462b3f369032a5ca8729e9688ec0c7,5,No Smell,0.1477,Unnecessary Repetition,0.1411,Vague / Missing Context,0.1262,Format Ambiguity,0.1212,209,0.296
5e462b3f369032a5ca8729e9688ec0c7,6,Unnecessary Repetition,0.1936,No Smell,0.1778,Vague / Missing Context,0.1148,Format Ambiguity,0.1074,208,0.296
5e462b3f369032a5ca8729e9688ec0c7,7,Unnecessary Repetition,0.1596,No Smell,0.1505,Vague / Missing Context,0.1191,Format Ambiguity,0.1135,162,0.295
5e462b3f369032a5ca8729e9688ec0c7,8,No Smell,0.1924,Format Ambiguity,0.1336,Vague / Missing Context,0.1302,Unnecessary Repetition,0.1165,198,0.296
5e462b3f369032a5ca8729e9688ec0c7,9,Unnecessary Repetition,0.1880,No Smell,0.1582,Vague / Missing Context,0.1078,Format Ambiguity,0.1061,196,0.296
5e462b3f369032a5ca8729e9688ec0c7,10,No Smell,0.1995,Format Ambiguity,0.1785,Unnecessary Repetition,0.1220,Overloaded Prompt,0.1011,222,0.296
5e462b3f369032a5ca8729e9688ec0c7,11,Unnecessary Repetition,0.1792,No Smell,0.1334,Vague / Missing Context,0.1184,Format Ambiguity,0.1108,163,0.295
5e462b3f369032a5ca8729e9688ec0c7,12,Unnecessary Repetition,0.1889,No Smell,0.1645,Format Ambiguity,0.1083,Vague / Missing Context,0.0972,200,0.296
5e462b3f369032a5ca8729e9688ec0c7,13,Unnecessary Repetition,0.1965,No Smell,0.1817,Format Ambiguity,0.1090,Ambiguous References,0.0878,150,0.295
5e462b3f369032a5ca8729e9688ec0c7,14,Unnecessary Repetition,0.1762,No Smell,0.1453,Vague / Missing Context,0.1187,Format Ambiguity,0.1145,211,0.296
5e462b3f369032a5ca8729e9688ec0c7,15,No Smell,0.1991,Unnecessary Repetition,0.1570,Format Ambiguity,0.1150,Vague / Missing Context,0.1127,194,0.296
5e462b3f369032a5ca8729e9688ec0c7,16,No Smell,0.1849,Unnecessary Repetition,0.1544,Vague / Missing Context,0.1185,Format Ambiguity,0.1146,193,0.296
5e462b3f369032a5ca8729e9688ec0c7,17,No Smell,0.1833,Unnecessary Repetition,0.1745,Vague / Missing Context,0.1160,Format Ambiguity,0.1079,210,0.296
5e462b3f369032a5ca8729e9688ec0c7,18,No Smell,0.1846,Unnecessary Repetition,0.1469,Format Ambiguity,0.1206,Vague / Missing Context,0.1159,162,0.295
5e462b3f369032a5ca8729e9688ec0c7,19,Unnecessary Repetition,0.1579,No Smell,0.1570,Vague / Missing Context,0.1040,Format Ambiguity,0.1024,146,0.295
5e462b3f369032a5ca8729e9688ec0c7,20,Vague / Missing Context,0.1918,Unnecessary Repetition,0.1344,Format Ambiguity,0.1136,No Smell,0.1064,183,0.296
5e462b3f369032a5ca8729e9688ec0c7,21,Unnecessary Repetition,0.1610,No Smell,0.1404,Vague / Missing Context,0.1338,Format Ambiguity,0.1187,168,0.295
5e462b3f369032a5ca8729e9688ec0c7,22,Vague / Missing Context,0.1950,No Smell,0.1332,Unnecessary Repetition,0.1321,Format Ambiguity,0.1031,163,0.541
5e462b3f369032a5ca8729e9688ec0c7,23,Unnecessary Repetition,0.1692,No Smell,0.1644,Vague / Missing Context,0.1218,Format Ambiguity,0.1136,144,0.295
5e462b3f369032a5ca8729e9688ec0c7,24,No Smell,0.1701,Unnecessary Repetition,0.1457,Vague / Missing Context,0.1356,Format Ambiguity,0.1293,166,0.295
5e462b3f369032a5ca8729e9688ec0c7,25,No Smell,0.1591,Unnecessary Repetition,0.1382,Format Ambiguity,0.1356,Vague / Missing Context,0.1116,162,0.295
5e462b3f369032a5ca8729e9688ec0c7,26,Unnecessary Repetition,0.1887,No Smell,0.1499,Format Ambiguity,0.1019,Vague / Missing Context,0.0996,165,0.295
5e462b3f369032a5ca8729e9688ec0c7,27,Unnecessary Repetition,0.1748,No Smell,0.1743,Format Ambiguity,0.1191,Vague / Missing Context,0.0970,173,0.295
5e462b3f369032a5ca8729e9688ec0c7,28,No Smell,0.1599,Unnecessary Repetition,0.1412,Format Ambiguity,0.1343,Vague / Missing Context,0.1224,191,0.295
5e462b3f369032a5ca8729e9688ec0c7,29,Unnecessary Repetition,0.1389,No Smell,0.1370,Format Ambiguity,0.1249,Vague / Missing Context,0.1137,145,0.295
5e462b3f369032a5ca8729e9688ec0c7,30,No Smell,0.1796,Unnecessary Repetition,0.1533,Format Ambiguity,0.1220,Vague / Missing Context,0.1142,193,0.295
5e462b3f369032a5ca8729e9688ec0c7,31,No Smell,0.1672,Unnecessary Repetition,0.1412,Format Ambiguity,0.1325,Vague / Missing Context,0.1225,180,0.295
5e462b3f369032a5ca8729e9688ec0c7,32,No Smell,0.1834,Format Ambiguity,0.1369,Unnecessary Repetition,0.1280,Vague / Missing Context,0.1263,183,0.296
5e462b3f369032a5ca8729e9688ec0c7,33,No Smell,0.1847,Unnecessary Repetition,0.1413,Format Ambiguity,0.1349,Vague / Missing Context,0.1293,154,0.295
5e462b3f369032a5ca8729e9688ec0c7,34,No Smell,0.1753,Unnecessary Repetition,0.1452,Vague / Missing Context,0.1268,Format Ambiguity,0.1113,214,0.296
5e462b3f369032a5ca8729e9688ec0c7,35,No Smell,0.1779,Unnecessary Repetition,0.1406,Format Ambiguity,0.1260,Vague / Missing Context,0.1073,206,0.296
5e462b3f369032a5ca8729e9688ec0c7,36,Unnecessary Repetition,0.1782,No Smell,0.1614,Format Ambiguity,0.1262,Vague / Missing Context,0.1041,159,0.295
5e462b3f369032a5ca8729e9688ec0c7,37,No Smell,0.1831,Format Ambiguity,0.1364,Vague / Missing Context,0.1317,Unnecessary Repetition,0.1241,145,0.294
5e462b3f369032a5ca8729e9688ec0c7,38,Vague / Missing Context,0.1672,No Smell,0.1300,Format Ambiguity,0.1257,Unnecessary Repetition,0.1153,162,0.295
5e462b3f369032a5ca8729e9688ec0c7,39,No Smell,0.1433,Format Ambiguity,0.1337,Vague / Missing Context,0.1302,Unnecessary Repetition,0.1267,189,0.295
5e462b3f369032a5ca8729e9688ec0c7,40,No Smell,0.1858,Unnecessary Repetition,0.1650,Vague / Missing Context,0.1378,Format Ambiguity,0.1179,140,0.294
5e462b3f369032a5ca8729e9688ec0c7,41,No Smell,0.2026,Unnecessary Repetition,0.1267,Format Ambiguity,0.1243,Vague / Missing Context,0.1159,224,0.296
5e462b3f369032a5ca8729e9688ec0c7,42,No Smell,0.1666,Format Ambiguity,0.1328,Unnecessary Repetition,0.1324,Vague / Missing Context,0.1093,223,0.296
5e462b3f369032a5ca8729e9688ec0c7,43,No Smell,0.1730,Unnecessary Repetition,0.1654,Format Ambiguity,0.1220,Vague / Missing Context,0.1011,170,0.295
5e462b3f369032a5ca8729e9688ec0c7,44,No Smell,0.1817,Unnecessary Repetition,0.1490,Format Ambiguity,0.1192,Vague / Missing Context,0.1066,216,0.295
5e462b3f369032a5ca8729e9688ec0c7,45,No Smell,0.1854,Unnecessary Repetition,0.1330,Format Ambiguity,0.1185,Vague / Missing Context,0.1063,218,0.296
5e462b3f369032a5ca8729e9688ec0c7,46,Unnecessary Repetition,0.2158,No Smell,0.1632,Format Ambiguity,0.1057,Vague / Missing Context,0.0857,197,0.296
5e462b3f369032a5ca8729e9688ec0c7,47,No Smell,0.1851,Unnecessary Repetition,0.1371,Vague / Missing Context,0.1329,Format Ambiguity,0.1241,228,0.296
5e462b3f369032a5ca8729e9688ec0c7,48,No Smell,0.1727,Unnecessary Repetition,0.1623,Vague / Missing Context,0.1239,Format Ambiguity,0.1200,163,0.295
5e462b3f369032a5ca8729e9688ec0c7,49,Unnecessary Repetition,0.2023,No Smell,0.1989,Format Ambiguity,0.1016,Vague / Missing Context,0.0955,178,0.296
5e462b3f369032a5ca8729e9688ec0c7,50,No Smell,0.1303,Vague / Missing Context,0.1181,Unnecessary Repetition,0.1176,Format Ambiguity,0.1084,196,0.296
5e462b3f369032a5ca8729e9688ec0c7,51,No Smell,0.2011,Unnecessary Repetition,0.1223,Format Ambiguity,0.1182,Vague / Missing Context,0.1067,265,0.296
0cd8e17acefbc020fa6cc137e7e77317,1,No Smell,0.1996,Format Ambiguity,0.1499,Vague / Missing Context,0.1243,Ambiguous References,0.0891,166,0.296
0cd8e17acefbc020fa6cc137e7e77317,2,No Smell,0.1508,Vague / Missing Context,0.1372,Format Ambiguity,0.1256,Ambiguous References,0.1098,200,0.296
0cd8e17acefbc020fa6cc137e7e77317,3,No Smell,0.1694,Format Ambiguity,0.1370,Vague / Missing Context,0.1238,Ambiguous References,0.1203,178,0.295
0cd8e17acefbc020fa6cc137e7e77317,4,No Smell,0.1545,Vague / Missing Context,0.1406,Format Ambiguity,0.1240,Ambiguous References,0.1066,111,0.293
01f312d6c632e6caa1bc05d63153ba73,1,No Smell,0.2421,Format Ambiguity,0.1258,Vague / Missing Context,0.1040,Unnecessary Repetition,0.0907,23,0.291
01f312d6c632e6caa1bc05d63153ba73,2,Ambiguous References,0.2605,No Smell,0.1424,Format Ambiguity,0.0958,Vague / Missing Context,0.0872,34,0.294
01f312d6c632e6caa1bc05d63153ba73,3,No Smell,0.1589,Unnecessary Repetition,0.1535,Conflicting Constraints,0.0998,Format Ambiguity,0.0974,57,0.294
07eaef0c73df81e6334127e3a5e7ef77,1,Vague / Missing Context,0.1650,Format Ambiguity,0.1361,Overloaded Prompt,0.1187,No Smell,0.1026,3590,0.655
07eaef0c73df81e6334127e3a5e7ef77,2,Format Ambiguity,0.1865,Vague / Missing Context,0.1706,No Smell,0.1395,Overloaded Prompt,0.0840,53,0.291
e822a82971f23b24cb5ef4878894fc88,1,No Smell,0.1487,Format Ambiguity,0.1317,Vague / Missing Context,0.1194,Ambiguous References,0.0968,8,0.291
3124cf4da1b5789b095458c8dbfcab1a,4,No Smell,0.2400,Format Ambiguity,0.1282,Vague / Missing Context,0.0913,Conflicting Constraints,0.0893,20,0.292
94bc611f47a7de3b286a664c8ee5393e,1,No Smell,0.1574,Format Ambiguity,0.1221,Ambiguous References,0.1134,Vague / Missing Context,0.0905,135,0.294
94bc611f47a7de3b286a664c8ee5393e,2,No Smell,0.1555,Format Ambiguity,0.1259,Ambiguous References,0.1102,Prompt Bloat / Convoluted Prompt,0.0894,117,0.293
b257aa36dcda54b09b633812384fd1fa,1,No Smell,0.1574,Vague / Missing Context,0.1325,Format Ambiguity,0.1271,Ambiguous References,0.1028,887,0.381
b257aa36dcda54b09b633812384fd1fa,2,Format Ambiguity,0.1453,No Smell,0.1449,Vague / Missing Context,0.1222,Ambiguous References,0.1050,1186,0.398
b257aa36dcda54b09b633812384fd1fa,3,No Smell,0.1383,Vague / Missing Context,0.1269,Format Ambiguity,0.1184,Prompt Bloat / Convoluted Prompt,0.1014,1002,0.397
b257aa36dcda54b09b633812384fd1fa,4,Format Ambiguity,0.1430,No Smell,0.1417,Vague / Missing Context,0.1142,Ambiguous References,0.1134,1005,0.395
b257aa36dcda54b09b633812384fd1fa,5,Format Ambiguity,0.1482,Vague / Missing Context,0.1379,Ambiguous References,0.1160,No Smell,0.1156,1678,0.455
68047fee50425f5e2635154c750456ee,3,No Smell,0.1684,Format Ambiguity,0.1198,Irrelevant / Excessive Persona,0.1097,Ambiguous References,0.1077,15,0.292
147f0703577075d8673f4c6f44d24c7f,1,No Smell,0.1784,Format Ambiguity,0.1327,Vague / Missing Context,0.1113,Ambiguous References,0.1027,85,0.292
cdfcc92aa0c613ddbf57b23fdde8b943,1,No Smell,0.1662,Vague / Missing Context,0.1192,Format Ambiguity,0.1098,Conflicting Constraints,0.1024,20,0.292
cdfcc92aa0c613ddbf57b23fdde8b943,2,No Smell,0.1465,Format Ambiguity,0.1432,Vague / Missing Context,0.1189,Overloaded Prompt,0.0966,7,0.291
cdfcc92aa0c613ddbf57b23fdde8b943,3,No Smell,0.1635,Vague / Missing Context,0.1143,Unnecessary Repetition,0.1090,Format Ambiguity,0.1011,55,0.292
cdfcc92aa0c613ddbf57b23fdde8b943,4,No Smell,0.2014,Format Ambiguity,0.1773,Vague / Missing Context,0.0897,Unnecessary Repetition,0.0883,22,0.291
cdfcc92aa0c613ddbf57b23fdde8b943,5,Unnecessary Repetition,0.1398,Vague / Missing Context,0.1244,No Smell,0.1148,Formality / Audience Mismatch,0.1101,22,0.291
cdfcc92aa0c613ddbf57b23fdde8b943,6,Format Ambiguity,0.2155,Overloaded Prompt,0.2087,No Smell,0.1819,Irrelevant / Excessive Persona,0.0679,29,0.293
cdfcc92aa0c613ddbf57b23fdde8b943,7,Vague / Missing Context,0.2277,Format Ambiguity,0.1997,No Smell,0.1681,Unnecessary Repetition,0.0664,55,0.292
cdfcc92aa0c613ddbf57b23fdde8b943,8,Format Ambiguity,0.2094,No Smell,0.1761,Overloaded Prompt,0.1321,Vague / Missing Context,0.0829,18,0.292
9dfea71b4b75eef635e0ed53b378f2a7,1,No Smell,0.1972,Format Ambiguity,0.1173,Vague / Missing Context,0.1101,Ambiguous References,0.0841,38,0.292
9dfea71b4b75eef635e0ed53b378f2a7,2,No Smell,0.1840,Format Ambiguity,0.1394,Ambiguous References,0.1157,Vague / Missing Context,0.0886,42,0.292
9dfea71b4b75eef635e0ed53b378f2a7,4,No Smell,0.2050,Vague / Missing Context,0.1631,Format Ambiguity,0.1197,Ambiguous References,0.0790,54,0.292
9dfea71b4b75eef635e0ed53b378f2a7,5,No Smell,0.1893,Format Ambiguity,0.1376,Vague / Missing Context,0.1250,Overloaded Prompt,0.0856,36,0.291
9de04f661e76ff9d92cddd32df006879,1,No Smell,0.1779,Format Ambiguity,0.1177,Vague / Missing Context,0.1061,Conflicting Constraints,0.0864,22,0.292
93eaeae19ad7573167e4284f003f9ce4,1,No Smell,0.1563,Format Ambiguity,0.1353,Vague / Missing Context,0.1127,Irrelevant / Excessive Persona,0.0899,40,0.291
93eaeae19ad7573167e4284f003f9ce4,2,No Smell,0.1767,Vague / Missing Context,0.1209,Format Ambiguity,0.1124,Conflicting Constraints,0.0937,20,0.292
93eaeae19ad7573167e4284f003f9ce4,3,No Smell,0.1517,Vague / Missing Context,0.1338,Format Ambiguity,0.1255,Irrelevant / Excessive Persona,0.0938,29,0.292
d49e42f80c7d95bdba98513600001635,1,No Smell,0.1577,Vague / Missing Context,0.1437,Format Ambiguity,0.1165,Ambiguous References,0.0843,70,0.292
d49e42f80c7d95bdba98513600001635,2,No Smell,0.2127,Format Ambiguity,0.1114,Ambiguous References,0.1089,Vague / Missing Context,0.0867,92,0.293
d49e42f80c7d95bdba98513600001635,3,No Smell,0.1545,Format Ambiguity,0.1238,Ambiguous References,0.1148,Vague / Missing Context,0.1116,103,0.292
d49e42f80c7d95bdba98513600001635,4,No Smell,0.2013,Format Ambiguity,0.1285,Vague / Missing Context,0.1095,Irrelevant / Excessive Persona,0.0865,54,0.292
d49e42f80c7d95bdba98513600001635,5,No Smell,0.1938,Vague / Missing Context,0.1395,Format Ambiguity,0.1138,Ambiguous References,0.1004,211,0.296
d49e42f80c7d95bdba98513600001635,6,No Smell,0.1854,Format Ambiguity,0.1240,Vague / Missing Context,0.1091,Ambiguous References,0.1056,174,0.295
d49e42f80c7d95bdba98513600001635,7,No Smell,0.1550,Vague / Missing Context,0.1105,Format Ambiguity,0.1089,Irrelevant / Excessive Persona,0.0945,89,0.294
02bca2e0c9f5b58deb0f3b5a287572c4,1,Format Ambiguity,0.1388,No Smell,0.1343,Vague / Missing Context,0.1279,Ambiguous References,0.1186,1232,0.399
02bca2e0c9f5b58deb0f3b5a287572c4,2,Format Ambiguity,0.1465,Vague / Missing Context,0.1345,Ambiguous References,0.1280,No Smell,0.1230,1094,0.387
02bca2e0c9f5b58deb0f3b5a287572c4,3,No Smell,0.1638,Format Ambiguity,0.1331,Vague / Missing Context,0.1086,Ambiguous References,0.1025,616,0.319
02bca2e0c9f5b58deb0f3b5a287572c4,4,No Smell,0.1748,Format Ambiguity,0.1381,Vague / Missing Context,0.1127,Ambiguous References,0.1050,1347,0.400
02bca2e0c9f5b58deb0f3b5a287572c4,5,No Smell,0.1510,Format Ambiguity,0.1464,Vague / Missing Context,0.1328,Ambiguous References,0.1092,1826,0.462
efe2b5c9c68dbabfe6a91b9e19efdb5a,1,No Smell,0.1742,Format Ambiguity,0.1385,Vague / Missing Context,0.1315,Ambiguous References,0.0956,62,0.292
604820e69196dc01c1872f7677db38f0,1,Vague / Missing Context,0.1644,No Smell,0.1523,Format Ambiguity,0.1421,Prompt Bloat / Convoluted Prompt,0.0897,453,0.362
604820e69196dc01c1872f7677db38f0,2,Format Ambiguity,0.1865,Vague / Missing Context,0.1706,No Smell,0.1395,Overloaded Prompt,0.0840,53,0.292
604820e69196dc01c1872f7677db38f0,3,Format Ambiguity,0.1608,No Smell,0.1490,Vague / Missing Context,0.1345,Conflicting Constraints,0.0882,14,0.291
604820e69196dc01c1872f7677db38f0,4,No Smell,0.1491,Format Ambiguity,0.1448,Vague / Missing Context,0.1320,Ambiguous References,0.0912,427,0.324
9ddc6ad537830862409be2817c1b7c37,1,No Smell,0.1607,Vague / Missing Context,0.1107,Unnecessary Repetition,0.1021,Format Ambiguity,0.0995,141,0.294
9ddc6ad537830862409be2817c1b7c37,2,No Smell,0.1403,Format Ambiguity,0.1089,Unnecessary Repetition,0.1080,Formality / Audience Mismatch,0.1039,262,0.296
75f49fc6c302ed5db925c80d61df43aa,1,Format Ambiguity,0.1792,No Smell,0.1723,Vague / Missing Context,0.1098,Ambiguous References,0.1037,104,0.292
75f49fc6c302ed5db925c80d61df43aa,2,No Smell,0.1892,Format Ambiguity,0.1317,Vague / Missing Context,0.1040,Ambiguous References,0.0989,123,0.292
75f49fc6c302ed5db925c80d61df43aa,3,No Smell,0.1959,Vague / Missing Context,0.1183,Format Ambiguity,0.1173,Ambiguous References,0.1043,86,0.292
1165ec5383de88d65079b95c1a93c9d2,1,No Smell,0.1637,Vague / Missing Context,0.1631,Format Ambiguity,0.1283,Ambiguous References,0.0852,143,0.292
1165ec5383de88d65079b95c1a93c9d2,2,No Smell,0.1925,Format Ambiguity,0.1196,Ambiguous References,0.1025,Vague / Missing Context,0.0911,134,0.293
1165ec5383de88d65079b95c1a93c9d2,3,No Smell,0.1841,Format Ambiguity,0.1201,Vague / Missing Context,0.1003,Unnecessary Repetition,0.0942,83,0.292
1165ec5383de88d65079b95c1a93c9d2,4,No Smell,0.1562,Vague / Missing Context,0.1353,Format Ambiguity,0.1254,Ambiguous References,0.0989,73,0.292
7e8d25878186c22a4b2dd43b9af10bce,2,No Smell,0.1908,Format Ambiguity,0.1155,Vague / Missing Context,0.1018,Conflicting Constraints,0.0951,19,0.291
28da01cc66e8384132130ae9021dbf48,1,No Smell,0.1633,Format Ambiguity,0.1632,Vague / Missing Context,0.1493,Irrelevant / Excessive Persona,0.0788,36,0.292
cf2bc0fce4ea33821ed1ad5c64f8d491,1,Vague / Missing Context,0.1433,No Smell,0.1433,Overloaded Prompt,0.1371,Format Ambiguity,0.1162,2804,0.513
5fdc9b5313b8632b9a1f5867c370f04e,1,No Smell,0.2117,Format Ambiguity,0.1345,Vague / Missing Context,0.1305,Ambiguous References,0.0938,145,0.294
fcba91e4b4ad35d924006b122f695f8a,1,No Smell,0.2229,Format Ambiguity,0.1251,Vague / Missing Context,0.1225,Ambiguous References,0.0828,2166,0.516
fcba91e4b4ad35d924006b122f695f8a,2,Format Ambiguity,0.2008,No Smell,0.1919,Vague / Missing Context,0.0937,Overloaded Prompt,0.0912,31,0.291
fcba91e4b4ad35d924006b122f695f8a,3,No Smell,0.1802,Format Ambiguity,0.1603,Vague / Missing Context,0.1048,Overloaded Prompt,0.0846,39,0.293
fcba91e4b4ad35d924006b122f695f8a,4,No Smell,0.1759,Format Ambiguity,0.1258,Vague / Missing Context,0.1103,Ambiguous References,0.0882,40,0.293
edf0e587da83a7d10fbb563dd4cea5f9,1,No Smell,0.1928,Format Ambiguity,0.1353,Vague / Missing Context,0.1086,Ambiguous References,0.0912,275,0.322
1e1b4e925cb9f90a26d28b4ab8668b9f,2,No Smell,0.2020,Format Ambiguity,0.1178,Vague / Missing Context,0.1019,Conflicting Constraints,0.0909,19,0.293
867bbc733e7b3afaecc8b45e217d2971,1,Vague / Missing Context,0.1717,No Smell,0.1488,Format Ambiguity,0.1462,Unnecessary Repetition,0.0787,22,0.293
c2487c7302ffeef3ae49813e4840e354,1,No Smell,0.1613,Format Ambiguity,0.1471,Ambiguous References,0.1180,Vague / Missing Context,0.1116,2027,0.463
c2487c7302ffeef3ae49813e4840e354,2,No Smell,0.1572,Format Ambiguity,0.1425,Ambiguous References,0.1211,Vague / Missing Context,0.1042,694,0.363
c2487c7302ffeef3ae49813e4840e354,3,No Smell,0.1436,Format Ambiguity,0.1411,Ambiguous References,0.1198,Vague / Missing Context,0.1176,1622,0.423
c2487c7302ffeef3ae49813e4840e354,4,No Smell,0.1471,Format Ambiguity,0.1465,Vague / Missing Context,0.1103,Ambiguous References,0.1101,1726,0.455
9536a9557717cd022c5d841975929ae5,6,No Smell,0.2039,Vague / Missing Context,0.1320,Format Ambiguity,0.1199,Unnecessary Repetition,0.0866,20,0.293
fb1ae5cf902e4d699cfcd01fdfb79252,1,Ambiguous References,0.3136,Format Ambiguity,0.1208,No Smell,0.1096,Irrelevant / Excessive Persona,0.1017,11,0.295
177fc66e8542ccb1b2cbe0b60e29a9fc,1,No Smell,0.1723,Format Ambiguity,0.1209,Ambiguous References,0.0998,Vague / Missing Context,0.0953,133,0.295
ee6f1c7d50979054533dcdae0463d7d0,2,Vague / Missing Context,0.1775,No Smell,0.1298,Format Ambiguity,0.1273,Ambiguous References,0.0983,78,0.294
ee6f1c7d50979054533dcdae0463d7d0,4,Vague / Missing Context,0.2216,No Smell,0.1047,Format Ambiguity,0.1032,Ambiguous References,0.0914,111,0.295
e5c00403b6ae226954ee5a1ea461adf1,1,Vague / Missing Context,0.1650,Format Ambiguity,0.1361,Overloaded Prompt,0.1187,No Smell,0.1026,3590,0.655
e5c00403b6ae226954ee5a1ea461adf1,2,No Smell,0.1510,Format Ambiguity,0.1464,Vague / Missing Context,0.1176,Ambiguous References,0.0927,384,0.323
e5c00403b6ae226954ee5a1ea461adf1,3,No Smell,0.1842,Format Ambiguity,0.1424,Vague / Missing Context,0.1383,Unnecessary Repetition,0.0816,210,0.296
e5c00403b6ae226954ee5a1ea461adf1,4,Format Ambiguity,0.1512,No Smell,0.1508,Vague / Missing Context,0.1339,Ambiguous References,0.0963,204,0.296
dddd56965a1e8a631bcfd392c8013c79,1,No Smell,0.1433,Format Ambiguity,0.1320,Vague / Missing Context,0.1312,Irrelevant / Excessive Persona,0.0860,161,0.296
dddd56965a1e8a631bcfd392c8013c79,2,No Smell,0.1387,Format Ambiguity,0.1379,Vague / Missing Context,0.1310,Irrelevant / Excessive Persona,0.0896,161,0.295
dddd56965a1e8a631bcfd392c8013c79,3,No Smell,0.1518,Format Ambiguity,0.1341,Vague / Missing Context,0.1103,Irrelevant / Excessive Persona,0.1050,129,0.294
b98c7a7a20ef664bcd9ccc7616ce0473,1,Format Ambiguity,0.1316,No Smell,0.1298,Overloaded Prompt,0.1242,Ambiguous References,0.1183,4000,0.770
75bccc1747fd3a262c20e8523da3b2cd,2,No Smell,0.1708,Format Ambiguity,0.1203,Conflicting Constraints,0.0949,Ambiguous References,0.0933,12,0.293
75bccc1747fd3a262c20e8523da3b2cd,3,No Smell,0.2408,Format Ambiguity,0.1114,Unnecessary Repetition,0.0966,Ambiguous References,0.0828,56,0.294
75bccc1747fd3a262c20e8523da3b2cd,4,No Smell,0.2398,Unnecessary Repetition,0.1332,Format Ambiguity,0.1129,Conflicting Constraints,0.0876,168,0.296
75bccc1747fd3a262c20e8523da3b2cd,6,No Smell,0.2457,Unnecessary Repetition,0.1119,Format Ambiguity,0.0969,Irrelevant / Excessive Persona,0.0853,211,0.297
75bccc1747fd3a262c20e8523da3b2cd,8,No Smell,0.1946,Format Ambiguity,0.1102,Unnecessary Repetition,0.1077,Prompt Bloat / Convoluted Prompt,0.0896,640,0.381
a78db106e66b22d1cb73517c592dbc13,1,No Smell,0.1701,Format Ambiguity,0.1556,Vague / Missing Context,0.1119,Overloaded Prompt,0.0897,124,0.294
a78db106e66b22d1cb73517c592dbc13,2,No Smell,0.1362,Format Ambiguity,0.1271,Vague / Missing Context,0.1116,Ambiguous References,0.0973,217,0.296
e8002782f8d63faeef787a3a04fdcfe7,1,No Smell,0.2751,Format Ambiguity,0.1464,Unnecessary Repetition,0.0915,Vague / Missing Context,0.0734,62,0.293
e8002782f8d63faeef787a3a04fdcfe7,2,No Smell,0.1592,Format Ambiguity,0.1505,Vague / Missing Context,0.1055,Unnecessary Repetition,0.0927,17,0.293
bd5c40dc117e397206eeeff31e6c9bef,1,Unnecessary Repetition,0.2684,No Smell,0.1430,Format Ambiguity,0.1056,Vague / Missing Context,0.0882,86,0.294
bd5c40dc117e397206eeeff31e6c9bef,2,No Smell,0.1649,Unnecessary Repetition,0.1487,Format Ambiguity,0.1252,Vague / Missing Context,0.1191,188,0.296
bd5c40dc117e397206eeeff31e6c9bef,3,Unnecessary Repetition,0.1906,No Smell,0.1376,Vague / Missing Context,0.1192,Format Ambiguity,0.1097,148,0.296
bd5c40dc117e397206eeeff31e6c9bef,4,Unnecessary Repetition,0.1905,No Smell,0.1599,Vague / Missing Context,0.1239,Format Ambiguity,0.1070,144,0.295
bd5c40dc117e397206eeeff31e6c9bef,5,Unnecessary Repetition,0.1602,Vague / Missing Context,0.1519,No Smell,0.1340,Format Ambiguity,0.0996,160,0.295
bd5c40dc117e397206eeeff31e6c9bef,6,Unnecessary Repetition,0.2014,No Smell,0.1789,Format Ambiguity,0.1183,Vague / Missing Context,0.0975,156,0.295
bd5c40dc117e397206eeeff31e6c9bef,7,Unnecessary Repetition,0.2114,No Smell,0.1591,Format Ambiguity,0.1067,Vague / Missing Context,0.0941,153,0.295
bd5c40dc117e397206eeeff31e6c9bef,8,Unnecessary Repetition,0.1941,No Smell,0.1516,Format Ambiguity,0.1080,Vague / Missing Context,0.0995,127,0.295
bd5c40dc117e397206eeeff31e6c9bef,9,No Smell,0.1748,Unnecessary Repetition,0.1556,Format Ambiguity,0.1328,Vague / Missing Context,0.1140,172,0.295
bd5c40dc117e397206eeeff31e6c9bef,10,No Smell,0.1910,Format Ambiguity,0.1232,Vague / Missing Context,0.1097,Unnecessary Repetition,0.1028,215,0.296
bd5c40dc117e397206eeeff31e6c9bef,11,Unnecessary Repetition,0.1602,No Smell,0.1597,Vague / Missing Context,0.1408,Format Ambiguity,0.1048,168,0.295
bd5c40dc117e397206eeeff31e6c9bef,12,Unnecessary Repetition,0.1624,No Smell,0.1607,Vague / Missing Context,0.1443,Format Ambiguity,0.1175,186,0.296
bd5c40dc117e397206eeeff31e6c9bef,13,Unnecessary Repetition,0.1861,No Smell,0.1413,Vague / Missing Context,0.1193,Format Ambiguity,0.1074,150,0.296
bd5c40dc117e397206eeeff31e6c9bef,14,No Smell,0.1538,Format Ambiguity,0.1340,Unnecessary Repetition,0.1322,Vague / Missing Context,0.1214,178,0.296
bd5c40dc117e397206eeeff31e6c9bef,15,Unnecessary Repetition,0.1866,No Smell,0.1583,Vague / Missing Context,0.1351,Format Ambiguity,0.1069,148,0.295
bd5c40dc117e397206eeeff31e6c9bef,16,No Smell,0.1736,Unnecessary Repetition,0.1482,Format Ambiguity,0.1181,Vague / Missing Context,0.1122,185,0.296
bd5c40dc117e397206eeeff31e6c9bef,17,No Smell,0.1641,Unnecessary Repetition,0.1589,Vague / Missing Context,0.1211,Format Ambiguity,0.1150,140,0.294
bd5c40dc117e397206eeeff31e6c9bef,18,Unnecessary Repetition,0.2018,No Smell,0.1446,Vague / Missing Context,0.1160,Format Ambiguity,0.1045,147,0.295
bd5c40dc117e397206eeeff31e6c9bef,19,No Smell,0.1479,Vague / Missing Context,0.1368,Unnecessary Repetition,0.1363,Format Ambiguity,0.1188,188,0.296
bd5c40dc117e397206eeeff31e6c9bef,20,No Smell,0.1633,Unnecessary Repetition,0.1440,Vague / Missing Context,0.1417,Format Ambiguity,0.1333,156,0.295
bd5c40dc117e397206eeeff31e6c9bef,21,Unnecessary Repetition,0.1869,No Smell,0.1527,Format Ambiguity,0.1101,Vague / Missing Context,0.0954,181,0.296
bd5c40dc117e397206eeeff31e6c9bef,22,Vague / Missing Context,0.1638,No Smell,0.1431,Unnecessary Repetition,0.1259,Format Ambiguity,0.1196,139,0.295
bd5c40dc117e397206eeeff31e6c9bef,23,Unnecessary Repetition,0.1389,No Smell,0.1370,Format Ambiguity,0.1249,Vague / Missing Context,0.1137,145,0.296
bd5c40dc117e397206eeeff31e6c9bef,24,No Smell,0.1732,Unnecessary Repetition,0.1598,Vague / Missing Context,0.1139,Format Ambiguity,0.0935,225,0.296
bd5c40dc117e397206eeeff31e6c9bef,25,No Smell,0.1831,Vague / Missing Context,0.1519,Format Ambiguity,0.1335,Unnecessary Repetition,0.1139,222,0.297
bd5c40dc117e397206eeeff31e6c9bef,26,No Smell,0.2035,Unnecessary Repetition,0.1454,Vague / Missing Context,0.1155,Format Ambiguity,0.1094,213,0.296
bd5c40dc117e397206eeeff31e6c9bef,27,No Smell,0.1632,Unnecessary Repetition,0.1565,Format Ambiguity,0.1213,Irrelevant / Excessive Persona,0.0879,205,0.297
bd5c40dc117e397206eeeff31e6c9bef,28,Unnecessary Repetition,0.1651,No Smell,0.1452,Vague / Missing Context,0.1228,Format Ambiguity,0.1169,184,0.296
bd5c40dc117e397206eeeff31e6c9bef,29,No Smell,0.1801,Unnecessary Repetition,0.1625,Vague / Missing Context,0.1195,Format Ambiguity,0.1162,137,0.295
bd5c40dc117e397206eeeff31e6c9bef,30,No Smell,0.1726,Format Ambiguity,0.1335,Unnecessary Repetition,0.1288,Vague / Missing Context,0.1257,180,0.296
bd5c40dc117e397206eeeff31e6c9bef,31,No Smell,0.2009,Unnecessary Repetition,0.1527,Format Ambiguity,0.1078,Vague / Missing Context,0.1016,148,0.296
bd5c40dc117e397206eeeff31e6c9bef,32,No Smell,0.1703,Vague / Missing Context,0.1528,Format Ambiguity,0.1275,Unnecessary Repetition,0.1175,199,0.296
bd5c40dc117e397206eeeff31e6c9bef,33,No Smell,0.1736,Unnecessary Repetition,0.1358,Vague / Missing Context,0.1306,Format Ambiguity,0.1266,174,0.295
bd5c40dc117e397206eeeff31e6c9bef,34,No Smell,0.2011,Unnecessary Repetition,0.1287,Format Ambiguity,0.1247,Overloaded Prompt,0.1046,135,0.294
bd5c40dc117e397206eeeff31e6c9bef,35,No Smell,0.1581,Format Ambiguity,0.1270,Vague / Missing Context,0.1254,Unnecessary Repetition,0.1180,215,0.296
bd5c40dc117e397206eeeff31e6c9bef,36,Vague / Missing Context,0.1755,No Smell,0.1480,Format Ambiguity,0.1443,Unnecessary Repetition,0.1058,175,0.296
bd5c40dc117e397206eeeff31e6c9bef,37,No Smell,0.1603,Unnecessary Repetition,0.1408,Vague / Missing Context,0.1330,Format Ambiguity,0.1173,168,0.295
bd5c40dc117e397206eeeff31e6c9bef,38,No Smell,0.1488,Vague / Missing Context,0.1435,Unnecessary Repetition,0.1368,Format Ambiguity,0.1347,166,0.295
bd5c40dc117e397206eeeff31e6c9bef,39,No Smell,0.1502,Unnecessary Repetition,0.1341,Format Ambiguity,0.1316,Vague / Missing Context,0.1220,206,0.296
bd5c40dc117e397206eeeff31e6c9bef,40,No Smell,0.1880,Unnecessary Repetition,0.1404,Vague / Missing Context,0.1187,Format Ambiguity,0.1080,194,0.296
bd5c40dc117e397206eeeff31e6c9bef,41,No Smell,0.1883,Overloaded Prompt,0.1311,Unnecessary Repetition,0.1252,Format Ambiguity,0.0924,151,0.295
bd5c40dc117e397206eeeff31e6c9bef,42,No Smell,0.1712,Unnecessary Repetition,0.1398,Format Ambiguity,0.1195,Irrelevant / Excessive Persona,0.1069,190,0.295
bd5c40dc117e397206eeeff31e6c9bef,43,No Smell,0.1722,Vague / Missing Context,0.1451,Format Ambiguity,0.1278,Unnecessary Repetition,0.1273,182,0.296
bd5c40dc117e397206eeeff31e6c9bef,44,No Smell,0.1828,Unnecessary Repetition,0.1475,Format Ambiguity,0.1245,Vague / Missing Context,0.1233,144,0.294
bd5c40dc117e397206eeeff31e6c9bef,45,Unnecessary Repetition,0.2001,No Smell,0.1343,Format Ambiguity,0.1075,Vague / Missing Context,0.0999,186,0.296
bd5c40dc117e397206eeeff31e6c9bef,46,Unnecessary Repetition,0.1659,No Smell,0.1463,Format Ambiguity,0.1168,Vague / Missing Context,0.0996,206,0.296
bd5c40dc117e397206eeeff31e6c9bef,47,No Smell,0.1802,Unnecessary Repetition,0.1504,Vague / Missing Context,0.1279,Format Ambiguity,0.1249,193,0.296
bd5c40dc117e397206eeeff31e6c9bef,48,Unnecessary Repetition,0.1660,No Smell,0.1288,Format Ambiguity,0.1202,Ambiguous References,0.1133,219,0.296
db3a9c23b57784ef0a3492f0abdc6542,1,No Smell,0.1486,Format Ambiguity,0.1374,Ambiguous References,0.1132,Vague / Missing Context,0.0985,1191,0.398
db3a9c23b57784ef0a3492f0abdc6542,2,No Smell,0.1450,Format Ambiguity,0.1413,Vague / Missing Context,0.1288,Ambiguous References,0.1046,1413,0.413
db3a9c23b57784ef0a3492f0abdc6542,3,No Smell,0.1912,Format Ambiguity,0.1357,Vague / Missing Context,0.1058,Ambiguous References,0.1044,1980,0.466
db3a9c23b57784ef0a3492f0abdc6542,4,Format Ambiguity,0.1443,Ambiguous References,0.1373,Vague / Missing Context,0.1186,No Smell,0.1179,1862,0.464
3c473ace121eee584732e43c513b5258,1,Format Ambiguity,0.2235,No Smell,0.1483,Vague / Missing Context,0.1351,Prompt Bloat / Convoluted Prompt,0.0850,1052,0.390
3c473ace121eee584732e43c513b5258,2,Ambiguous References,0.1350,No Smell,0.1297,Vague / Missing Context,0.1243,Format Ambiguity,0.1168,594,0.330
9b15a82e0dafaf4340a9b77558349615,1,No Smell,0.1843,Format Ambiguity,0.1277,Overloaded Prompt,0.1080,Prompt Bloat / Convoluted Prompt,0.0901,599,0.323
86e9fd4f73856ae1692f9a3a76d47b81,1,No Smell,0.2568,Format Ambiguity,0.1404,Ambiguous References,0.1061,Vague / Missing Context,0.0928,35,0.293
86e9fd4f73856ae1692f9a3a76d47b81,2,No Smell,0.1826,Vague / Missing Context,0.1291,Format Ambiguity,0.1237,Unnecessary Repetition,0.1003,12,0.293
86e9fd4f73856ae1692f9a3a76d47b81,4,Vague / Missing Context,0.3550,No Smell,0.1220,Format Ambiguity,0.0999,Irrelevant / Excessive Persona,0.0936,27,0.294
86e9fd4f73856ae1692f9a3a76d47b81,5,No Smell,0.2383,Ambiguous References,0.1540,Format Ambiguity,0.1340,Irrelevant / Excessive Persona,0.1294,30,0.293
fa95483fd5d790040c4de9510da33f00,3,No Smell,0.2217,Format Ambiguity,0.1316,Ambiguous References,0.0939,Vague / Missing Context,0.0857,107,0.294
efe049b8a2afbd920c727daa3441005a,1,Format Ambiguity,0.1443,Ambiguous References,0.1373,Vague / Missing Context,0.1186,No Smell,0.1179,1862,0.464
efe049b8a2afbd920c727daa3441005a,2,No Smell,0.1492,Format Ambiguity,0.1407,Vague / Missing Context,0.1118,Ambiguous References,0.0990,960,0.379
575b8d75a5468225ac884c1c16de3173,1,No Smell,0.2023,Format Ambiguity,0.1239,Vague / Missing Context,0.0978,Unnecessary Repetition,0.0829,28,0.293
575b8d75a5468225ac884c1c16de3173,2,No Smell,0.1994,Format Ambiguity,0.1228,Ambiguous References,0.1109,Vague / Missing Context,0.1057,207,0.296
911345ae93fded353620cba2358bd5a3,1,No Smell,0.1678,Format Ambiguity,0.1310,Vague / Missing Context,0.1077,Ambiguous References,0.0967,32,0.293
87b8e6048f316ff985b1fdd85303797c,1,No Smell,0.1293,Format Ambiguity,0.1245,Ambiguous References,0.1118,Vague / Missing Context,0.1076,4000,0.720
c02712db474216ae2518fbb6ed939b89,1,No Smell,0.1293,Format Ambiguity,0.1245,Ambiguous References,0.1118,Vague / Missing Context,0.1076,4000,0.261
143c4de87bfe838fb9f318107a085ebf,2,No Smell,0.1522,Format Ambiguity,0.1324,Vague / Missing Context,0.1251,Unnecessary Repetition,0.1031,6,0.294
143c4de87bfe838fb9f318107a085ebf,3,No Smell,0.1678,Format Ambiguity,0.1545,Vague / Missing Context,0.1515,Overloaded Prompt,0.1403,129,0.294
143c4de87bfe838fb9f318107a085ebf,4,No Smell,0.1779,Vague / Missing Context,0.1562,Format Ambiguity,0.1529,Overloaded Prompt,0.1174,159,0.294
739c18b974e3a0c9b26b660ad2ce5bce,1,Unnecessary Repetition,0.2684,No Smell,0.1430,Format Ambiguity,0.1056,Vague / Missing Context,0.0882,86,0.294
739c18b974e3a0c9b26b660ad2ce5bce,2,No Smell,0.1853,Format Ambiguity,0.1391,Unnecessary Repetition,0.1299,Vague / Missing Context,0.1044,201,0.296
739c18b974e3a0c9b26b660ad2ce5bce,3,No Smell,0.1959,Unnecessary Repetition,0.1501,Vague / Missing Context,0.1219,Format Ambiguity,0.1198,132,0.294
739c18b974e3a0c9b26b660ad2ce5bce,4,No Smell,0.1978,Unnecessary Repetition,0.1404,Vague / Missing Context,0.1237,Format Ambiguity,0.1098,177,0.295
739c18b974e3a0c9b26b660ad2ce5bce,5,Unnecessary Repetition,0.1389,No Smell,0.1370,Format Ambiguity,0.1249,Vague / Missing Context,0.1137,145,0.296
739c18b974e3a0c9b26b660ad2ce5bce,6,Unnecessary Repetition,0.1819,No Smell,0.1552,Vague / Missing Context,0.1280,Format Ambiguity,0.1051,178,0.296
739c18b974e3a0c9b26b660ad2ce5bce,7,Unnecessary Repetition,0.1653,No Smell,0.1627,Vague / Missing Context,0.1165,Format Ambiguity,0.1045,196,0.296
739c18b974e3a0c9b26b660ad2ce5bce,8,No Smell,0.1684,Unnecessary Repetition,0.1601,Format Ambiguity,0.1307,Vague / Missing Context,0.1219,179,0.296
739c18b974e3a0c9b26b660ad2ce5bce,9,No Smell,0.2024,Unnecessary Repetition,0.2018,Format Ambiguity,0.1083,Vague / Missing Context,0.0866,209,0.296
739c18b974e3a0c9b26b660ad2ce5bce,10,No Smell,0.2043,Unnecessary Repetition,0.1654,Vague / Missing Context,0.1181,Format Ambiguity,0.1181,141,0.294
739c18b974e3a0c9b26b660ad2ce5bce,11,Unnecessary Repetition,0.1983,No Smell,0.1718,Format Ambiguity,0.1152,Vague / Missing Context,0.0994,172,0.295
739c18b974e3a0c9b26b660ad2ce5bce,12,Unnecessary Repetition,0.1743,No Smell,0.1682,Vague / Missing Context,0.1254,Format Ambiguity,0.1157,139,0.295
739c18b974e3a0c9b26b660ad2ce5bce,13,Unnecessary Repetition,0.1848,No Smell,0.1713,Vague / Missing Context,0.1317,Format Ambiguity,0.1042,156,0.295
739c18b974e3a0c9b26b660ad2ce5bce,14,Vague / Missing Context,0.1793,No Smell,0.1202,Unnecessary Repetition,0.1131,Format Ambiguity,0.1103,193,0.296
739c18b974e3a0c9b26b660ad2ce5bce,15,Unnecessary Repetition,0.1933,No Smell,0.1450,Conflicting Constraints,0.1329,Vague / Missing Context,0.0910,147,0.295
739c18b974e3a0c9b26b660ad2ce5bce,16,Unnecessary Repetition,0.1675,No Smell,0.1517,Vague / Missing Context,0.1110,Format Ambiguity,0.0991,182,0.296
739c18b974e3a0c9b26b660ad2ce5bce,17,Unnecessary Repetition,0.1995,No Smell,0.1685,Format Ambiguity,0.1145,Vague / Missing Context,0.1041,127,0.294
739c18b974e3a0c9b26b660ad2ce5bce,18,Unnecessary Repetition,0.1784,No Smell,0.1783,Format Ambiguity,0.1130,Vague / Missing Context,0.1043,159,0.295
739c18b974e3a0c9b26b660ad2ce5bce,19,No Smell,0.1842,Unnecessary Repetition,0.1769,Format Ambiguity,0.1224,Vague / Missing Context,0.0951,170,0.296
739c18b974e3a0c9b26b660ad2ce5bce,20,No Smell,0.1901,Vague / Missing Context,0.1669,Format Ambiguity,0.1304,Unnecessary Repetition,0.1264,188,0.296
739c18b974e3a0c9b26b660ad2ce5bce,21,No Smell,0.2068,Unnecessary Repetition,0.1961,Vague / Missing Context,0.1037,Format Ambiguity,0.1015,158,0.296
739c18b974e3a0c9b26b660ad2ce5bce,22,No Smell,0.1591,Unnecessary Repetition,0.1297,Vague / Missing Context,0.1251,Format Ambiguity,0.1196,204,0.296
739c18b974e3a0c9b26b660ad2ce5bce,23,Formality / Audience Mismatch,0.1867,No Smell,0.1855,Unnecessary Repetition,0.1337,Format Ambiguity,0.0998,214,0.296
739c18b974e3a0c9b26b660ad2ce5bce,24,Unnecessary Repetition,0.1629,No Smell,0.1469,Vague / Missing Context,0.1063,Format Ambiguity,0.1039,186,0.296
739c18b974e3a0c9b26b660ad2ce5bce,25,Unnecessary Repetition,0.1940,No Smell,0.1553,Format Ambiguity,0.1086,Vague / Missing Context,0.0966,142,0.295
739c18b974e3a0c9b26b660ad2ce5bce,26,Unnecessary Repetition,0.1926,No Smell,0.1370,Vague / Missing Context,0.1109,Format Ambiguity,0.1091,198,0.296
739c18b974e3a0c9b26b660ad2ce5bce,27,No Smell,0.1541,Unnecessary Repetition,0.1364,Vague / Missing Context,0.1251,Format Ambiguity,0.1109,235,0.296
739c18b974e3a0c9b26b660ad2ce5bce,28,No Smell,0.1589,Unnecessary Repetition,0.1523,Format Ambiguity,0.1113,Vague / Missing Context,0.1097,191,0.296
739c18b974e3a0c9b26b660ad2ce5bce,29,Unnecessary Repetition,0.2059,No Smell,0.1721,Format Ambiguity,0.1096,Vague / Missing Context,0.1024,182,0.295
739c18b974e3a0c9b26b660ad2ce5bce,30,Vague / Missing Context,0.1810,No Smell,0.1773,Unnecessary Repetition,0.1205,Format Ambiguity,0.1190,153,0.295
739c18b974e3a0c9b26b660ad2ce5bce,31,No Smell,0.2427,Unnecessary Repetition,0.1809,Format Ambiguity,0.1130,Vague / Missing Context,0.0928,189,0.296
739c18b974e3a0c9b26b660ad2ce5bce,32,No Smell,0.1825,Unnecessary Repetition,0.1580,Format Ambiguity,0.1257,Vague / Missing Context,0.0965,198,0.296
739c18b974e3a0c9b26b660ad2ce5bce,33,Unnecessary Repetition,0.1472,No Smell,0.1218,Formality / Audience Mismatch,0.1119,Format Ambiguity,0.1109,133,0.295
739c18b974e3a0c9b26b660ad2ce5bce,34,Unnecessary Repetition,0.1716,No Smell,0.1583,Format Ambiguity,0.1183,Vague / Missing Context,0.1157,201,0.296
739c18b974e3a0c9b26b660ad2ce5bce,35,Unnecessary Repetition,0.1914,No Smell,0.1376,Vague / Missing Context,0.1168,Format Ambiguity,0.1011,172,0.296
739c18b974e3a0c9b26b660ad2ce5bce,36,Unnecessary Repetition,0.1591,No Smell,0.1435,Vague / Missing Context,0.1261,Format Ambiguity,0.1076,175,0.296
739c18b974e3a0c9b26b660ad2ce5bce,37,No Smell,0.1562,Vague / Missing Context,0.1499,Unnecessary Repetition,0.1328,Format Ambiguity,0.1139,199,0.296
739c18b974e3a0c9b26b660ad2ce5bce,38,Unnecessary Repetition,0.1946,No Smell,0.1630,Format Ambiguity,0.1164,Vague / Missing Context,0.1022,179,0.296
739c18b974e3a0c9b26b660ad2ce5bce,39,No Smell,0.1869,Unnecessary Repetition,0.1791,Format Ambiguity,0.1053,Ambiguous References,0.1026,164,0.295
739c18b974e3a0c9b26b660ad2ce5bce,40,Unnecessary Repetition,0.1968,Vague / Missing Context,0.1546,No Smell,0.1361,Format Ambiguity,0.1040,221,0.296
739c18b974e3a0c9b26b660ad2ce5bce,41,No Smell,0.2150,Format Ambiguity,0.1252,Vague / Missing Context,0.1193,Unnecessary Repetition,0.1148,205,0.296
739c18b974e3a0c9b26b660ad2ce5bce,42,No Smell,0.1739,Unnecessary Repetition,0.1387,Format Ambiguity,0.1370,Vague / Missing Context,0.1344,228,0.296
739c18b974e3a0c9b26b660ad2ce5bce,43,No Smell,0.2078,Unnecessary Repetition,0.1419,Vague / Missing Context,0.1328,Format Ambiguity,0.1064,160,0.296
739c18b974e3a0c9b26b660ad2ce5bce,44,No Smell,0.2038,Vague / Missing Context,0.1324,Unnecessary Repetition,0.1323,Format Ambiguity,0.1148,190,0.296
739c18b974e3a0c9b26b660ad2ce5bce,45,No Smell,0.1668,Unnecessary Repetition,0.1586,Format Ambiguity,0.1118,Vague / Missing Context,0.1090,231,0.296
739c18b974e3a0c9b26b660ad2ce5bce,46,No Smell,0.1882,Vague / Missing Context,0.1756,Format Ambiguity,0.1237,Unnecessary Repetition,0.1153,217,0.296
739c18b974e3a0c9b26b660ad2ce5bce,47,No Smell,0.1881,Unnecessary Repetition,0.1369,Format Ambiguity,0.1283,Vague / Missing Context,0.1118,170,0.295
739c18b974e3a0c9b26b660ad2ce5bce,48,Unnecessary Repetition,0.1729,No Smell,0.1478,Format Ambiguity,0.1125,Vague / Missing Context,0.1093,216,0.296
739c18b974e3a0c9b26b660ad2ce5bce,49,No Smell,0.1734,Unnecessary Repetition,0.1612,Ambiguous References,0.1145,Format Ambiguity,0.1100,236,0.297
739c18b974e3a0c9b26b660ad2ce5bce,50,Unnecessary Repetition,0.1675,No Smell,0.1580,Vague / Missing Context,0.1203,Format Ambiguity,0.1137,174,0.295
739c18b974e3a0c9b26b660ad2ce5bce,51,No Smell,0.1589,Vague / Missing Context,0.1535,Unnecessary Repetition,0.1449,Format Ambiguity,0.1188,215,0.296
3a5398ca3ed22a932b51cdf0a66ce35e,1,No Smell,0.1906,Format Ambiguity,0.1070,Ambiguous References,0.0997,Vague / Missing Context,0.0966,540,0.396
3a5398ca3ed22a932b51cdf0a66ce35e,2,No Smell,0.2177,Ambiguous References,0.0961,Format Ambiguity,0.0954,Unnecessary Repetition,0.0883,186,0.297
3a5398ca3ed22a932b51cdf0a66ce35e,3,No Smell,0.2300,Format Ambiguity,0.1111,Ambiguous References,0.0860,Vague / Missing Context,0.0855,25,0.293
6ccb8fbfe32823b5a426f2bbe4111385,1,No Smell,0.1845,Format Ambiguity,0.1784,Vague / Missing Context,0.0880,Overloaded Prompt,0.0828,97,0.294
1fd77541f5e217cf438b3caca04b65e3,1,Vague / Missing Context,0.2597,No Smell,0.1591,Format Ambiguity,0.1378,Ambiguous References,0.0655,28,0.295
cab7da0d06ccc444d1d190ccbab18881,1,No Smell,0.1968,Format Ambiguity,0.1584,Vague / Missing Context,0.1151,Irrelevant / Excessive Persona,0.1044,353,0.321
cab7da0d06ccc444d1d190ccbab18881,2,No Smell,0.1607,Overloaded Prompt,0.1376,Format Ambiguity,0.1087,Vague / Missing Context,0.1018,455,0.316
cab7da0d06ccc444d1d190ccbab18881,3,No Smell,0.1414,Vague / Missing Context,0.1309,Ambiguous References,0.1001,Format Ambiguity,0.1000,84,0.294
cab7da0d06ccc444d1d190ccbab18881,4,No Smell,0.1897,Format Ambiguity,0.1243,Vague / Missing Context,0.1005,Prompt Bloat / Convoluted Prompt,0.0970,65,0.293
c693a47b3368defc1163e0cbcc85e3a2,1,Vague / Missing Context,0.1480,Format Ambiguity,0.1320,No Smell,0.1300,Ambiguous References,0.1288,177,0.296
c203d85eaad1f8f29519ab1ca2c7e9c3,1,Overloaded Prompt,0.1494,Format Ambiguity,0.1273,Ambiguous References,0.1149,No Smell,0.1127,4000,0.831
2a1fc23e9eb58ca68fbf9fb45c60b43c,1,Vague / Missing Context,0.2597,No Smell,0.1591,Format Ambiguity,0.1378,Ambiguous References,0.0655,28,0.293
2a1fc23e9eb58ca68fbf9fb45c60b43c,2,No Smell,0.2062,Format Ambiguity,0.1762,Ambiguous References,0.1287,Irrelevant / Excessive Persona,0.0855,28,0.293
9a19cffdc1b3ca8dd328679a74f3f597,1,No Smell,0.2331,Ambiguous References,0.1675,Format Ambiguity,0.1571,Irrelevant / Excessive Persona,0.1522,24,0.293
992ea3a453b7e6df5f5fa4d9de2a6d17,1,Ambiguous References,0.1358,No Smell,0.1251,Format Ambiguity,0.1227,Vague / Missing Context,0.1049,1097,0.399
992ea3a453b7e6df5f5fa4d9de2a6d17,2,Unnecessary Repetition,0.1315,Vague / Missing Context,0.1207,No Smell,0.1175,Format Ambiguity,0.1047,104,0.294
d42165a4b9640538b6e86671ece4f0d8,1,Ambiguous References,0.1358,No Smell,0.1251,Format Ambiguity,0.1227,Vague / Missing Context,0.1049,1097,0.252
f382ac299a5dad709760898de0d584f4,1,Format Ambiguity,0.1713,No Smell,0.1585,Vague / Missing Context,0.1381,Ambiguous References,0.1085,169,0.295
1708e91e2134a36049c8759b1784352e,1,Unnecessary Repetition,0.2684,No Smell,0.1430,Format Ambiguity,0.1056,Vague / Missing Context,0.0882,86,0.295
1708e91e2134a36049c8759b1784352e,2,Unnecessary Repetition,0.1677,No Smell,0.1573,Format Ambiguity,0.1020,Vague / Missing Context,0.0947,166,0.295
1708e91e2134a36049c8759b1784352e,3,Unnecessary Repetition,0.1542,No Smell,0.1464,Format Ambiguity,0.1302,Vague / Missing Context,0.1184,248,0.296
1708e91e2134a36049c8759b1784352e,4,No Smell,0.1908,Unnecessary Repetition,0.1684,Vague / Missing Context,0.1152,Format Ambiguity,0.0973,180,0.296
1708e91e2134a36049c8759b1784352e,5,No Smell,0.2253,Unnecessary Repetition,0.1449,Vague / Missing Context,0.1228,Format Ambiguity,0.1156,188,0.296
1708e91e2134a36049c8759b1784352e,6,No Smell,0.1474,Unnecessary Repetition,0.1373,Format Ambiguity,0.1253,Vague / Missing Context,0.1245,195,0.296
1708e91e2134a36049c8759b1784352e,7,No Smell,0.2137,Unnecessary Repetition,0.1953,Vague / Missing Context,0.0984,Format Ambiguity,0.0974,184,0.296
1708e91e2134a36049c8759b1784352e,8,Unnecessary Repetition,0.1806,No Smell,0.1642,Format Ambiguity,0.1176,Vague / Missing Context,0.1044,182,0.295
1708e91e2134a36049c8759b1784352e,9,Unnecessary Repetition,0.1937,No Smell,0.1562,Format Ambiguity,0.1122,Ambiguous References,0.0956,203,0.296
1708e91e2134a36049c8759b1784352e,10,No Smell,0.1779,Vague / Missing Context,0.1760,Format Ambiguity,0.1251,Unnecessary Repetition,0.1031,159,0.296
1708e91e2134a36049c8759b1784352e,11,Vague / Missing Context,0.1638,No Smell,0.1628,Unnecessary Repetition,0.1619,Format Ambiguity,0.1105,181,0.296
1708e91e2134a36049c8759b1784352e,12,No Smell,0.2053,Unnecessary Repetition,0.1702,Format Ambiguity,0.1083,Vague / Missing Context,0.0962,201,0.296
1708e91e2134a36049c8759b1784352e,13,Unnecessary Repetition,0.1822,No Smell,0.1533,Format Ambiguity,0.1187,Vague / Missing Context,0.1143,183,0.296
1708e91e2134a36049c8759b1784352e,14,No Smell,0.1626,Unnecessary Repetition,0.1411,Vague / Missing Context,0.1211,Format Ambiguity,0.1034,204,0.296
1708e91e2134a36049c8759b1784352e,15,No Smell,0.1699,Unnecessary Repetition,0.1636,Format Ambiguity,0.1105,Vague / Missing Context,0.1027,267,0.296
1708e91e2134a36049c8759b1784352e,16,Unnecessary Repetition,0.2000,No Smell,0.1489,Format Ambiguity,0.1063,Vague / Missing Context,0.1055,211,0.297
1708e91e2134a36049c8759b1784352e,17,No Smell,0.1757,Vague / Missing Context,0.1478,Format Ambiguity,0.1307,Unnecessary Repetition,0.1173,191,0.296
1708e91e2134a36049c8759b1784352e,18,Unnecessary Repetition,0.1903,No Smell,0.1562,Format Ambiguity,0.1123,Vague / Missing Context,0.1103,184,0.296
1708e91e2134a36049c8759b1784352e,19,No Smell,0.1644,Unnecessary Repetition,0.1457,Format Ambiguity,0.1097,Vague / Missing Context,0.1076,216,0.296
1708e91e2134a36049c8759b1784352e,20,Vague / Missing Context,0.1628,No Smell,0.1609,Unnecessary Repetition,0.1383,Format Ambiguity,0.1261,152,0.295
1708e91e2134a36049c8759b1784352e,21,Vague / Missing Context,0.1535,No Smell,0.1424,Format Ambiguity,0.1299,Unnecessary Repetition,0.1249,173,0.296
1708e91e2134a36049c8759b1784352e,22,Unnecessary Repetition,0.2339,No Smell,0.1196,Vague / Missing Context,0.1084,Prompt Bloat / Convoluted Prompt,0.0913,211,0.296
1708e91e2134a36049c8759b1784352e,23,Unnecessary Repetition,0.1810,No Smell,0.1463,Vague / Missing Context,0.1242,Format Ambiguity,0.1089,176,0.296
1708e91e2134a36049c8759b1784352e,24,No Smell,0.1697,Vague / Missing Context,0.1363,Format Ambiguity,0.1330,Unnecessary Repetition,0.1326,207,0.296
1708e91e2134a36049c8759b1784352e,25,Unnecessary Repetition,0.1830,No Smell,0.1487,Vague / Missing Context,0.1188,Format Ambiguity,0.0966,160,0.295
1708e91e2134a36049c8759b1784352e,26,No Smell,0.1748,Vague / Missing Context,0.1538,Format Ambiguity,0.1371,Unnecessary Repetition,0.1210,170,0.296
1708e91e2134a36049c8759b1784352e,27,Vague / Missing Context,0.2034,No Smell,0.1749,Format Ambiguity,0.1204,Unnecessary Repetition,0.1157,137,0.295
1708e91e2134a36049c8759b1784352e,28,Unnecessary Repetition,0.2158,No Smell,0.1656,Vague / Missing Context,0.1177,Format Ambiguity,0.1027,161,0.296
1708e91e2134a36049c8759b1784352e,29,Vague / Missing Context,0.2083,Format Ambiguity,0.1338,No Smell,0.1218,Unnecessary Repetition,0.1049,166,0.295
1708e91e2134a36049c8759b1784352e,30,No Smell,0.1663,Unnecessary Repetition,0.1435,Format Ambiguity,0.1196,Vague / Missing Context,0.1156,164,0.295
1708e91e2134a36049c8759b1784352e,31,No Smell,0.1745,Vague / Missing Context,0.1659,Unnecessary Repetition,0.1227,Format Ambiguity,0.1108,179,0.295
1708e91e2134a36049c8759b1784352e,32,No Smell,0.2373,Unnecessary Repetition,0.1367,Format Ambiguity,0.1116,Vague / Missing Context,0.0986,212,0.296
1708e91e2134a36049c8759b1784352e,33,Unnecessary Repetition,0.1792,No Smell,0.1773,Format Ambiguity,0.1219,Vague / Missing Context,0.1069,151,0.295
1708e91e2134a36049c8759b1784352e,34,No Smell,0.1822,Unnecessary Repetition,0.1462,Format Ambiguity,0.1121,Vague / Missing Context,0.1073,219,0.296
1708e91e2134a36049c8759b1784352e,35,Unnecessary Repetition,0.1920,No Smell,0.1465,Vague / Missing Context,0.1102,Ambiguous References,0.1033,143,0.295
1708e91e2134a36049c8759b1784352e,36,No Smell,0.1680,Unnecessary Repetition,0.1389,Format Ambiguity,0.1092,Vague / Missing Context,0.1081,222,0.296
1708e91e2134a36049c8759b1784352e,37,No Smell,0.1845,Unnecessary Repetition,0.1545,Format Ambiguity,0.1155,Vague / Missing Context,0.1082,236,0.296
1708e91e2134a36049c8759b1784352e,38,No Smell,0.1773,Unnecessary Repetition,0.1437,Vague / Missing Context,0.1188,Format Ambiguity,0.1089,193,0.296
1708e91e2134a36049c8759b1784352e,39,No Smell,0.1901,Unnecessary Repetition,0.1598,Format Ambiguity,0.1178,Vague / Missing Context,0.1043,156,0.295
1708e91e2134a36049c8759b1784352e,40,Unnecessary Repetition,0.1853,No Smell,0.1584,Format Ambiguity,0.1241,Ambiguous References,0.1008,161,0.295
1708e91e2134a36049c8759b1784352e,41,Unnecessary Repetition,0.2028,No Smell,0.1553,Format Ambiguity,0.1115,Vague / Missing Context,0.0990,142,0.295
1708e91e2134a36049c8759b1784352e,42,No Smell,0.1886,Unnecessary Repetition,0.1794,Format Ambiguity,0.1096,Vague / Missing Context,0.1010,166,0.295
1708e91e2134a36049c8759b1784352e,43,Unnecessary Repetition,0.1903,No Smell,0.1713,Format Ambiguity,0.1102,Vague / Missing Context,0.0882,178,0.296
1708e91e2134a36049c8759b1784352e,44,Unnecessary Repetition,0.1769,No Smell,0.1607,Format Ambiguity,0.1159,Ambiguous References,0.0985,163,0.296
1708e91e2134a36049c8759b1784352e,45,Unnecessary Repetition,0.1644,No Smell,0.1597,Format Ambiguity,0.1108,Vague / Missing Context,0.0977,173,0.295
1708e91e2134a36049c8759b1784352e,46,No Smell,0.1783,Unnecessary Repetition,0.1568,Format Ambiguity,0.1179,Vague / Missing Context,0.1057,225,0.296
1708e91e2134a36049c8759b1784352e,47,Unnecessary Repetition,0.1556,No Smell,0.1522,Format Ambiguity,0.1213,Vague / Missing Context,0.1093,168,0.296
1708e91e2134a36049c8759b1784352e,48,Vague / Missing Context,0.1698,No Smell,0.1637,Unnecessary Repetition,0.1174,Format Ambiguity,0.1146,227,0.296
1708e91e2134a36049c8759b1784352e,49,No Smell,0.1905,Unnecessary Repetition,0.1777,Format Ambiguity,0.1058,Vague / Missing Context,0.1052,184,0.296
1708e91e2134a36049c8759b1784352e,50,No Smell,0.1696,Vague / Missing Context,0.1488,Format Ambiguity,0.1295,Unnecessary Repetition,0.1263,122,0.294
1708e91e2134a36049c8759b1784352e,51,No Smell,0.1859,Unnecessary Repetition,0.1673,Format Ambiguity,0.1148,Vague / Missing Context,0.1079,201,0.296
c6d887fa76ff92a390f0caa5ebc23593,1,Format Ambiguity,0.1713,No Smell,0.1585,Vague / Missing Context,0.1381,Ambiguous References,0.1085,169,0.295
5a76d12fdf66715344f9453efeaefbe4,1,No Smell,0.2121,Format Ambiguity,0.1152,Ambiguous References,0.1005,Prompt Bloat / Convoluted Prompt,0.0843,1780,0.498
116123abafee7751d2fce94da9f37680,1,Format Ambiguity,0.1705,No Smell,0.1602,Vague / Missing Context,0.1318,Ambiguous References,0.1117,171,0.296
544b1418bdcc500cb246a22de99a1688,1,Ambiguous References,0.1416,No Smell,0.1245,Format Ambiguity,0.1225,Vague / Missing Context,0.1051,1122,0.399
d664ccc9e9e011c272184e960f9cc5ee,1,Format Ambiguity,0.1669,No Smell,0.1321,Vague / Missing Context,0.1227,Formality / Audience Mismatch,0.0974,133,0.293
ac99c6a334d12e9765b991582e355a0b,1,No Smell,0.1354,Ambiguous References,0.1349,Format Ambiguity,0.1213,Vague / Missing Context,0.0993,1123,0.399
92e5d6380967ef516d165ec394e1c75f,1,Format Ambiguity,0.1763,No Smell,0.1595,Vague / Missing Context,0.1421,Ambiguous References,0.1064,193,0.296
a7e2b4d7cc8ba3b839805af6c1149d69,1,No Smell,0.1714,Vague / Missing Context,0.1673,Format Ambiguity,0.1087,Ambiguous References,0.0835,26,0.293
0361608c38fcc734a0cbe65426adbb08,1,Ambiguous References,0.1608,No Smell,0.1270,Vague / Missing Context,0.1258,Format Ambiguity,0.1203,185,0.296
c3bfa6c1e3a4f8c731521cb7ff0beb03,1,Ambiguous References,0.1355,No Smell,0.1333,Format Ambiguity,0.1217,Vague / Missing Context,0.1011,1151,0.400
01317cea0c4341637d3a72d32df4b9f6,1,No Smell,0.1669,Vague / Missing Context,0.1425,Format Ambiguity,0.1160,Bias / Loaded Framing,0.0960,28,0.293
06f50cee7d0b85219e1008d4632d1a38,1,Vague / Missing Context,0.1717,No Smell,0.1625,Format Ambiguity,0.1414,Ambiguous References,0.0912,42,0.293
7cfb9a7a57b83324d762e222350ebfc0,1,Vague / Missing Context,0.1814,Format Ambiguity,0.1415,No Smell,0.1321,Overloaded Prompt,0.0799,45,0.293
0f9463babb56b34061be5e4ef5cc712d,1,Format Ambiguity,0.1443,No Smell,0.1426,Ambiguous References,0.1180,Overloaded Prompt,0.1134,4000,0.757
ef0a8ab9314d15b72782fb8965625421,1,No Smell,0.1739,Irrelevant / Excessive Persona,0.1503,Vague / Missing Context,0.1215,Format Ambiguity,0.1215,118,0.295
ef0a8ab9314d15b72782fb8965625421,2,No Smell,0.1750,Format Ambiguity,0.1162,Unnecessary Repetition,0.1024,Vague / Missing Context,0.0960,58,0.294
ef0a8ab9314d15b72782fb8965625421,3,No Smell,0.1725,Format Ambiguity,0.1337,Conflicting Constraints,0.1148,Prompt Bloat / Convoluted Prompt,0.1051,372,0.321
ef0a8ab9314d15b72782fb8965625421,4,No Smell,0.1848,Format Ambiguity,0.1257,Prompt Bloat / Convoluted Prompt,0.1055,Unnecessary Repetition,0.0948,4000,0.910
ef0a8ab9314d15b72782fb8965625421,5,No Smell,0.1897,Format Ambiguity,0.1171,Unnecessary Repetition,0.1082,Prompt Bloat / Convoluted Prompt,0.0957,72,0.294
ef0a8ab9314d15b72782fb8965625421,6,No Smell,0.1608,Format Ambiguity,0.1279,Conflicting Constraints,0.1090,Prompt Bloat / Convoluted Prompt,0.0939,135,0.296
ef0a8ab9314d15b72782fb8965625421,7,No Smell,0.1608,Format Ambiguity,0.1279,Conflicting Constraints,0.1090,Prompt Bloat / Convoluted Prompt,0.0939,135,0.250
ef0a8ab9314d15b72782fb8965625421,8,No Smell,0.1520,Conflicting Constraints,0.1159,Format Ambiguity,0.1107,Ambiguous References,0.1030,136,0.296
ef0a8ab9314d15b72782fb8965625421,9,Format Ambiguity,0.1502,No Smell,0.1485,Conflicting Constraints,0.1184,Prompt Bloat / Convoluted Prompt,0.1027,208,0.297
ef0a8ab9314d15b72782fb8965625421,10,No Smell,0.1343,Vague / Missing Context,0.1237,Prompt Bloat / Convoluted Prompt,0.1128,Format Ambiguity,0.1072,89,0.294
80e2a8afeed1702802ae669908fccb1d,1,Format Ambiguity,0.1676,No Smell,0.1498,Vague / Missing Context,0.1272,Overloaded Prompt,0.1063,38,0.294
80e2a8afeed1702802ae669908fccb1d,3,No Smell,0.1960,Format Ambiguity,0.1384,Vague / Missing Context,0.1080,Ambiguous References,0.0846,41,0.293
80e2a8afeed1702802ae669908fccb1d,4,No Smell,0.2396,Format Ambiguity,0.1615,Vague / Missing Context,0.1263,Unnecessary Repetition,0.0713,77,0.294
80e2a8afeed1702802ae669908fccb1d,5,No Smell,0.1966,Format Ambiguity,0.1655,Unnecessary Repetition,0.0969,Vague / Missing Context,0.0914,34,0.293
4640ce38ae13a74c7d8e215aaf5fcff6,1,Ambiguous References,0.1347,No Smell,0.1254,Format Ambiguity,0.1230,Vague / Missing Context,0.1029,1172,0.401
5c108e733ce7aff9fd6f0edaf057950d,1,Unnecessary Repetition,0.2684,No Smell,0.1430,Format Ambiguity,0.1056,Vague / Missing Context,0.0882,86,0.293
5c108e733ce7aff9fd6f0edaf057950d,2,No Smell,0.2081,Unnecessary Repetition,0.1557,Format Ambiguity,0.1296,Vague / Missing Context,0.1086,173,0.296
5c108e733ce7aff9fd6f0edaf057950d,3,Unnecessary Repetition,0.1729,No Smell,0.1537,Vague / Missing Context,0.1235,Format Ambiguity,0.1217,196,0.296
5c108e733ce7aff9fd6f0edaf057950d,4,No Smell,0.1790,Unnecessary Repetition,0.1730,Format Ambiguity,0.1168,Vague / Missing Context,0.0907,223,0.296
5c108e733ce7aff9fd6f0edaf057950d,5,Unnecessary Repetition,0.1895,No Smell,0.1291,Vague / Missing Context,0.1154,Format Ambiguity,0.1092,132,0.293
5c108e733ce7aff9fd6f0edaf057950d,6,Vague / Missing Context,0.1647,Unnecessary Repetition,0.1555,No Smell,0.1506,Format Ambiguity,0.1194,184,0.295
5c108e733ce7aff9fd6f0edaf057950d,7,No Smell,0.1753,Unnecessary Repetition,0.1747,Vague / Missing Context,0.1128,Format Ambiguity,0.1114,162,0.296
5c108e733ce7aff9fd6f0edaf057950d,8,No Smell,0.1703,Unnecessary Repetition,0.1363,Vague / Missing Context,0.1280,Format Ambiguity,0.1239,212,0.296
5c108e733ce7aff9fd6f0edaf057950d,9,No Smell,0.1642,Unnecessary Repetition,0.1623,Format Ambiguity,0.1115,Vague / Missing Context,0.1016,163,0.296
5c108e733ce7aff9fd6f0edaf057950d,10,Unnecessary Repetition,0.1676,No Smell,0.1646,Format Ambiguity,0.1197,Vague / Missing Context,0.1054,208,0.296
5c108e733ce7aff9fd6f0edaf057950d,11,Unnecessary Repetition,0.1924,No Smell,0.1641,Format Ambiguity,0.0999,Vague / Missing Context,0.0970,187,0.296
5c108e733ce7aff9fd6f0edaf057950d,12,Unnecessary Repetition,0.1627,No Smell,0.1403,Vague / Missing Context,0.1255,Format Ambiguity,0.1147,202,0.296
5c108e733ce7aff9fd6f0edaf057950d,13,Unnecessary Repetition,0.1824,No Smell,0.1415,Vague / Missing Context,0.1143,Format Ambiguity,0.1096,188,0.296
5c108e733ce7aff9fd6f0edaf057950d,14,Unnecessary Repetition,0.1684,No Smell,0.1381,Vague / Missing Context,0.1279,Format Ambiguity,0.1132,191,0.296
5c108e733ce7aff9fd6f0edaf057950d,15,Unnecessary Repetition,0.1929,No Smell,0.1474,Vague / Missing Context,0.1188,Format Ambiguity,0.1177,175,0.296
5c108e733ce7aff9fd6f0edaf057950d,16,Unnecessary Repetition,0.1951,No Smell,0.1485,Vague / Missing Context,0.1243,Format Ambiguity,0.1175,129,0.295
5c108e733ce7aff9fd6f0edaf057950d,17,No Smell,0.1728,Unnecessary Repetition,0.1580,Format Ambiguity,0.1360,Vague / Missing Context,0.1243,155,0.296
5c108e733ce7aff9fd6f0edaf057950d,18,Unnecessary Repetition,0.1544,No Smell,0.1506,Format Ambiguity,0.1256,Vague / Missing Context,0.1066,200,0.296
5c108e733ce7aff9fd6f0edaf057950d,19,Unnecessary Repetition,0.1703,No Smell,0.1546,Format Ambiguity,0.1143,Vague / Missing Context,0.1091,187,0.296
5c108e733ce7aff9fd6f0edaf057950d,20,No Smell,0.1884,Unnecessary Repetition,0.1610,Format Ambiguity,0.1210,Vague / Missing Context,0.1160,179,0.295
5c108e733ce7aff9fd6f0edaf057950d,21,No Smell,0.1698,Unnecessary Repetition,0.1614,Format Ambiguity,0.1297,Vague / Missing Context,0.1138,186,0.295
5c108e733ce7aff9fd6f0edaf057950d,22,No Smell,0.1786,Unnecessary Repetition,0.1601,Vague / Missing Context,0.1191,Format Ambiguity,0.1061,172,0.295
5c108e733ce7aff9fd6f0edaf057950d,23,Unnecessary Repetition,0.1922,No Smell,0.1540,Vague / Missing Context,0.0955,Format Ambiguity,0.0935,215,0.297
5c108e733ce7aff9fd6f0edaf057950d,24,No Smell,0.1662,Format Ambiguity,0.1516,Vague / Missing Context,0.1296,Unnecessary Repetition,0.1183,145,0.294
5c108e733ce7aff9fd6f0edaf057950d,25,No Smell,0.1743,Unnecessary Repetition,0.1540,Format Ambiguity,0.1185,Vague / Missing Context,0.1149,186,0.296
5c108e733ce7aff9fd6f0edaf057950d,26,Vague / Missing Context,0.1754,No Smell,0.1495,Format Ambiguity,0.1281,Unnecessary Repetition,0.1135,202,0.296
5c108e733ce7aff9fd6f0edaf057950d,27,Unnecessary Repetition,0.2082,Vague / Missing Context,0.1423,No Smell,0.1407,Format Ambiguity,0.1044,141,0.295
5c108e733ce7aff9fd6f0edaf057950d,28,No Smell,0.1633,Unnecessary Repetition,0.1458,Format Ambiguity,0.1125,Ambiguous References,0.0923,173,0.295
5c108e733ce7aff9fd6f0edaf057950d,29,No Smell,0.2068,Unnecessary Repetition,0.1984,Format Ambiguity,0.0983,Vague / Missing Context,0.0913,209,0.297
5c108e733ce7aff9fd6f0edaf057950d,30,Unnecessary Repetition,0.2013,No Smell,0.1771,Format Ambiguity,0.1103,Vague / Missing Context,0.1034,149,0.295
5c108e733ce7aff9fd6f0edaf057950d,31,No Smell,0.1774,Format Ambiguity,0.1357,Unnecessary Repetition,0.1344,Overloaded Prompt,0.0960,161,0.295
5c108e733ce7aff9fd6f0edaf057950d,32,Unnecessary Repetition,0.1824,No Smell,0.1763,Format Ambiguity,0.1095,Vague / Missing Context,0.0961,201,0.296
5c108e733ce7aff9fd6f0edaf057950d,33,Unnecessary Repetition,0.1792,No Smell,0.1762,Vague / Missing Context,0.0993,Ambiguous References,0.0961,166,0.296
5c108e733ce7aff9fd6f0edaf057950d,34,Unnecessary Repetition,0.1794,No Smell,0.1672,Format Ambiguity,0.1156,Vague / Missing Context,0.1015,183,0.296
5c108e733ce7aff9fd6f0edaf057950d,35,Unnecessary Repetition,0.1740,No Smell,0.1619,Format Ambiguity,0.1087,Vague / Missing Context,0.1005,210,0.296
5c108e733ce7aff9fd6f0edaf057950d,36,No Smell,0.1813,Unnecessary Repetition,0.1550,Format Ambiguity,0.0971,Vague / Missing Context,0.0899,203,0.296
5c108e733ce7aff9fd6f0edaf057950d,37,No Smell,0.1627,Unnecessary Repetition,0.1362,Vague / Missing Context,0.1320,Format Ambiguity,0.1178,207,0.296
5c108e733ce7aff9fd6f0edaf057950d,38,No Smell,0.1851,Unnecessary Repetition,0.1739,Format Ambiguity,0.1136,Vague / Missing Context,0.1135,183,0.296
5c108e733ce7aff9fd6f0edaf057950d,39,Unnecessary Repetition,0.1984,No Smell,0.1460,Format Ambiguity,0.1121,Vague / Missing Context,0.1071,136,0.296
5c108e733ce7aff9fd6f0edaf057950d,40,No Smell,0.1795,Vague / Missing Context,0.1390,Format Ambiguity,0.1278,Unnecessary Repetition,0.1169,209,0.296
5c108e733ce7aff9fd6f0edaf057950d,41,Format Ambiguity,0.1632,Vague / Missing Context,0.1542,No Smell,0.1540,Overloaded Prompt,0.1424,197,0.296
5c108e733ce7aff9fd6f0edaf057950d,42,No Smell,0.1831,Vague / Missing Context,0.1382,Format Ambiguity,0.1232,Unnecessary Repetition,0.1228,175,0.295
5c108e733ce7aff9fd6f0edaf057950d,43,No Smell,0.1655,Unnecessary Repetition,0.1451,Vague / Missing Context,0.1231,Format Ambiguity,0.1141,157,0.295
5c108e733ce7aff9fd6f0edaf057950d,44,No Smell,0.1805,Unnecessary Repetition,0.1632,Vague / Missing Context,0.1229,Format Ambiguity,0.1035,165,0.295
5c108e733ce7aff9fd6f0edaf057950d,45,No Smell,0.1959,Format Ambiguity,0.1269,Vague / Missing Context,0.1266,Unnecessary Repetition,0.1123,196,0.296
5c108e733ce7aff9fd6f0edaf057950d,46,No Smell,0.1763,Vague / Missing Context,0.1662,Unnecessary Repetition,0.1299,Format Ambiguity,0.1183,206,0.296
5c108e733ce7aff9fd6f0edaf057950d,47,Unnecessary Repetition,0.1575,No Smell,0.1529,Format Ambiguity,0.1195,Vague / Missing Context,0.1127,202,0.296
5c108e733ce7aff9fd6f0edaf057950d,48,No Smell,0.2058,Unnecessary Repetition,0.1554,Format Ambiguity,0.1112,Vague / Missing Context,0.0899,231,0.297
5c108e733ce7aff9fd6f0edaf057950d,49,Unnecessary Repetition,0.1635,No Smell,0.1323,Format Ambiguity,0.1133,Ambiguous References,0.1072,193,0.296
5c108e733ce7aff9fd6f0edaf057950d,50,No Smell,0.1743,Unnecessary Repetition,0.1325,Format Ambiguity,0.1255,Vague / Missing Context,0.1099,242,0.296
5c108e733ce7aff9fd6f0edaf057950d,51,No Smell,0.1824,Unnecessary Repetition,0.1394,Format Ambiguity,0.1171,Vague / Missing Context,0.1030,228,0.296
b4875590c406569f2af5e909bd69e553,1,Ambiguous References,0.1353,Format Ambiguity,0.1251,No Smell,0.1243,Vague / Missing Context,0.1043,1174,0.401
7066437c6dd8162177f16c3f3aeabf5e,1,No Smell,0.1329,Format Ambiguity,0.1306,Overloaded Prompt,0.1231,Ambiguous References,0.1163,4000,0.770
4898671b3f7fb36a095bbe5eb84acccf,1,Ambiguous References,0.1331,Format Ambiguity,0.1264,No Smell,0.1256,Vague / Missing Context,0.1058,1195,0.423
de0d143dd26522095cd23b52d729f2e2,1,Vague / Missing Context,0.1650,Format Ambiguity,0.1361,Overloaded Prompt,0.1187,No Smell,0.1026,3590,0.655
de0d143dd26522095cd23b52d729f2e2,2,No Smell,0.1510,Format Ambiguity,0.1464,Vague / Missing Context,0.1176,Ambiguous References,0.0927,384,0.323
de0d143dd26522095cd23b52d729f2e2,3,No Smell,0.1682,Vague / Missing Context,0.1537,Format Ambiguity,0.1500,Ambiguous References,0.0895,303,0.320
de0d143dd26522095cd23b52d729f2e2,4,No Smell,0.1635,Format Ambiguity,0.1495,Vague / Missing Context,0.1310,Ambiguous References,0.0920,259,0.297
36a885465491f9dce7273cb13c6807ff,1,No Smell,0.1429,Vague / Missing Context,0.1212,Format Ambiguity,0.1095,Ambiguous References,0.1089,1292,0.414
9655a22f4fa2615406a769831a3f318c,1,No Smell,0.1530,Format Ambiguity,0.1349,Vague / Missing Context,0.1141,Ambiguous References,0.1018,8,0.293
9655a22f4fa2615406a769831a3f318c,3,No Smell,0.2091,Format Ambiguity,0.1579,Vague / Missing Context,0.1544,Irrelevant / Excessive Persona,0.0833,47,0.294
9655a22f4fa2615406a769831a3f318c,4,No Smell,0.2059,Format Ambiguity,0.1429,Vague / Missing Context,0.1328,Irrelevant / Excessive Persona,0.0844,94,0.294
9655a22f4fa2615406a769831a3f318c,5,No Smell,0.1910,Format Ambiguity,0.1578,Vague / Missing Context,0.1318,Irrelevant / Excessive Persona,0.0815,75,0.295
9655a22f4fa2615406a769831a3f318c,6,No Smell,0.1877,Format Ambiguity,0.1523,Vague / Missing Context,0.1416,Irrelevant / Excessive Persona,0.0793,77,0.294
9655a22f4fa2615406a769831a3f318c,7,No Smell,0.2009,Format Ambiguity,0.1408,Vague / Missing Context,0.1135,Irrelevant / Excessive Persona,0.0823,96,0.294
9655a22f4fa2615406a769831a3f318c,8,No Smell,0.2509,Format Ambiguity,0.1680,Vague / Missing Context,0.0830,Overloaded Prompt,0.0788,61,0.293
58d70efa4f9cfbf4b637d6052f5458d8,1,No Smell,0.1691,Format Ambiguity,0.1257,Ambiguous References,0.1224,Vague / Missing Context,0.0992,924,0.395
c45173b0ad0c6b5dd12e8cc1ccfa6296,1,No Smell,0.1606,Format Ambiguity,0.1282,Ambiguous References,0.1242,Vague / Missing Context,0.1009,924,0.396
6515f510300c19fdbac74674b2249fb9,4,Vague / Missing Context,0.2143,No Smell,0.1977,Format Ambiguity,0.1174,Unnecessary Repetition,0.0810,22,0.293
bdbd253134a06335c140b42c4447026c,1,No Smell,0.1610,Format Ambiguity,0.1254,Ambiguous References,0.1097,Vague / Missing Context,0.0991,336,0.319
bdbd253134a06335c140b42c4447026c,2,No Smell,0.2111,Format Ambiguity,0.1326,Vague / Missing Context,0.0974,Ambiguous References,0.0937,286,0.296
bdbd253134a06335c140b42c4447026c,3,No Smell,0.1977,Format Ambiguity,0.1362,Ambiguous References,0.1110,Vague / Missing Context,0.1072,213,0.296
bdbd253134a06335c140b42c4447026c,4,No Smell,0.2150,Format Ambiguity,0.1442,Vague / Missing Context,0.1103,Overloaded Prompt,0.0787,174,0.295
bdbd253134a06335c140b42c4447026c,5,No Smell,0.1865,Format Ambiguity,0.1131,Ambiguous References,0.0971,Vague / Missing Context,0.0941,99,0.294
bdbd253134a06335c140b42c4447026c,6,Overloaded Prompt,0.1668,No Smell,0.1313,Unnecessary Repetition,0.1142,Format Ambiguity,0.1030,29,0.294
baf49525605fcccd89ea8994d7a3c8af,1,No Smell,0.1645,Format Ambiguity,0.1288,Ambiguous References,0.1247,Vague / Missing Context,0.0985,917,0.395
2153ca3d0e0b59302a6f5225239ed71b,1,No Smell,0.1839,Irrelevant / Excessive Persona,0.1387,Format Ambiguity,0.1223,Vague / Missing Context,0.1181,179,0.296
2153ca3d0e0b59302a6f5225239ed71b,2,No Smell,0.1823,Format Ambiguity,0.1321,Prompt Bloat / Convoluted Prompt,0.1070,Unnecessary Repetition,0.0920,4000,0.836
2153ca3d0e0b59302a6f5225239ed71b,3,No Smell,0.2187,Format Ambiguity,0.1274,Vague / Missing Context,0.1090,Unnecessary Repetition,0.0795,77,0.295
7e8ea875c4e1685905e5bb552f207ea1,1,No Smell,0.1829,Vague / Missing Context,0.1822,Format Ambiguity,0.1354,Ambiguous References,0.0747,124,0.295
7e8ea875c4e1685905e5bb552f207ea1,2,No Smell,0.2065,Format Ambiguity,0.1593,Vague / Missing Context,0.0979,Ambiguous References,0.0889,103,0.294
7e8ea875c4e1685905e5bb552f207ea1,3,Vague / Missing Context,0.1961,Format Ambiguity,0.1876,No Smell,0.1549,Ambiguous References,0.0710,107,0.295
b52c2263b082c56b0fe4e024fcd90fde,1,No Smell,0.2179,Format Ambiguity,0.1295,Vague / Missing Context,0.1180,Unnecessary Repetition,0.0806,22,0.294
b52c2263b082c56b0fe4e024fcd90fde,2,No Smell,0.1948,Format Ambiguity,0.1332,Vague / Missing Context,0.0922,Ambiguous References,0.0907,17,0.294
2c714015812065f25baf349b302d6e87,1,No Smell,0.1622,Overloaded Prompt,0.1291,Format Ambiguity,0.1243,Ambiguous References,0.1039,1292,0.448
2c714015812065f25baf349b302d6e87,2,Ambiguous References,0.1811,Vague / Missing Context,0.1303,No Smell,0.1109,Conflicting Constraints,0.1051,94,0.294
2c714015812065f25baf349b302d6e87,3,No Smell,0.2196,Format Ambiguity,0.1311,Unnecessary Repetition,0.1002,Conflicting Constraints,0.0887,389,0.331
2c714015812065f25baf349b302d6e87,4,No Smell,0.1461,Ambiguous References,0.1315,Vague / Missing Context,0.1095,Format Ambiguity,0.1048,57,0.293
2c714015812065f25baf349b302d6e87,5,No Smell,0.1767,Format Ambiguity,0.1238,Ambiguous References,0.1040,Vague / Missing Context,0.0997,301,0.320
2c714015812065f25baf349b302d6e87,6,No Smell,0.2273,Format Ambiguity,0.1114,Ambiguous References,0.0958,Conflicting Constraints,0.0892,74,0.294
34f0e986baaf4289b84964984544a70d,1,Overloaded Prompt,0.1510,Format Ambiguity,0.1345,No Smell,0.1343,Ambiguous References,0.0998,4000,0.832
f1486f3a2e8af9ca2919c9ec10ec031d,1,No Smell,0.1939,Format Ambiguity,0.1449,Vague / Missing Context,0.1255,Unnecessary Repetition,0.0855,45,0.294
7864d40ebc1f458c4a18d81b2a324f55,1,No Smell,0.1611,Format Ambiguity,0.1280,Ambiguous References,0.1203,Vague / Missing Context,0.1025,906,0.382
36a5b7ecd8894c16a1f9ec443fc51d81,1,Format Ambiguity,0.1416,No Smell,0.1232,Vague / Missing Context,0.1206,Prompt Bloat / Convoluted Prompt,0.0911,2247,0.514
36a5b7ecd8894c16a1f9ec443fc51d81,2,Format Ambiguity,0.1516,Vague / Missing Context,0.1283,No Smell,0.1011,Ambiguous References,0.0965,2214,0.515
36a5b7ecd8894c16a1f9ec443fc51d81,3,Format Ambiguity,0.1519,No Smell,0.1365,Vague / Missing Context,0.1192,Ambiguous References,0.1130,383,0.297
6cad0e03b113ca297b1b38c3ca562a8f,1,No Smell,0.1624,Format Ambiguity,0.1297,Ambiguous References,0.1209,Vague / Missing Context,0.1026,915,0.395
2f26f1be2aa1b5b9896077c4fe242a07,1,Format Ambiguity,0.1428,Vague / Missing Context,0.1263,No Smell,0.1159,Overloaded Prompt,0.1142,3691,0.713
86f9e4302e3b568a2fcbdd1ceb4fbe74,1,Unnecessary Repetition,0.2684,No Smell,0.1430,Format Ambiguity,0.1056,Vague / Missing Context,0.0882,86,0.293
86f9e4302e3b568a2fcbdd1ceb4fbe74,2,Unnecessary Repetition,0.1389,No Smell,0.1370,Format Ambiguity,0.1249,Vague / Missing Context,0.1137,145,0.296
86f9e4302e3b568a2fcbdd1ceb4fbe74,3,No Smell,0.1796,Unnecessary Repetition,0.1533,Format Ambiguity,0.1220,Vague / Missing Context,0.1142,193,0.296
86f9e4302e3b568a2fcbdd1ceb4fbe74,4,No Smell,0.1672,Unnecessary Repetition,0.1412,Format Ambiguity,0.1325,Vague / Missing Context,0.1225,180,0.296
86f9e4302e3b568a2fcbdd1ceb4fbe74,5,No Smell,0.1834,Format Ambiguity,0.1369,Unnecessary Repetition,0.1280,Vague / Missing Context,0.1263,183,0.296
86f9e4302e3b568a2fcbdd1ceb4fbe74,6,No Smell,0.1847,Unnecessary Repetition,0.1413,Format Ambiguity,0.1349,Vague / Missing Context,0.1293,154,0.295
86f9e4302e3b568a2fcbdd1ceb4fbe74,7,No Smell,0.1753,Unnecessary Repetition,0.1452,Vague / Missing Context,0.1268,Format Ambiguity,0.1113,214,0.319
86f9e4302e3b568a2fcbdd1ceb4fbe74,8,No Smell,0.1779,Unnecessary Repetition,0.1406,Format Ambiguity,0.1260,Vague / Missing Context,0.1073,206,0.296
86f9e4302e3b568a2fcbdd1ceb4fbe74,9,Unnecessary Repetition,0.1782,No Smell,0.1614,Format Ambiguity,0.1262,Vague / Missing Context,0.1041,159,0.295
86f9e4302e3b568a2fcbdd1ceb4fbe74,10,No Smell,0.1831,Format Ambiguity,0.1364,Vague / Missing Context,0.1317,Unnecessary Repetition,0.1241,145,0.294
86f9e4302e3b568a2fcbdd1ceb4fbe74,11,Vague / Missing Context,0.1672,No Smell,0.1300,Format Ambiguity,0.1257,Unnecessary Repetition,0.1153,162,0.295
86f9e4302e3b568a2fcbdd1ceb4fbe74,12,No Smell,0.1433,Format Ambiguity,0.1337,Vague / Missing Context,0.1302,Unnecessary Repetition,0.1267,189,0.296
86f9e4302e3b568a2fcbdd1ceb4fbe74,13,No Smell,0.1858,Unnecessary Repetition,0.1650,Vague / Missing Context,0.1378,Format Ambiguity,0.1179,140,0.295
86f9e4302e3b568a2fcbdd1ceb4fbe74,14,No Smell,0.2026,Unnecessary Repetition,0.1267,Format Ambiguity,0.1243,Vague / Missing Context,0.1159,224,0.297
86f9e4302e3b568a2fcbdd1ceb4fbe74,15,No Smell,0.1666,Format Ambiguity,0.1328,Unnecessary Repetition,0.1324,Vague / Missing Context,0.1093,223,0.296
86f9e4302e3b568a2fcbdd1ceb4fbe74,16,No Smell,0.1730,Unnecessary Repetition,0.1654,Format Ambiguity,0.1220,Vague / Missing Context,0.1011,170,0.295
86f9e4302e3b568a2fcbdd1ceb4fbe74,17,No Smell,0.1817,Unnecessary Repetition,0.1490,Format Ambiguity,0.1192,Vague / Missing Context,0.1066,216,0.296
86f9e4302e3b568a2fcbdd1ceb4fbe74,18,No Smell,0.1854,Unnecessary Repetition,0.1330,Format Ambiguity,0.1185,Vague / Missing Context,0.1063,218,0.296
86f9e4302e3b568a2fcbdd1ceb4fbe74,19,Unnecessary Repetition,0.2158,No Smell,0.1632,Format Ambiguity,0.1057,Vague / Missing Context,0.0857,197,0.296
86f9e4302e3b568a2fcbdd1ceb4fbe74,20,No Smell,0.1851,Unnecessary Repetition,0.1371,Vague / Missing Context,0.1329,Format Ambiguity,0.1241,228,0.296
86f9e4302e3b568a2fcbdd1ceb4fbe74,21,No Smell,0.1727,Unnecessary Repetition,0.1623,Vague / Missing Context,0.1239,Format Ambiguity,0.1200,163,0.295
86f9e4302e3b568a2fcbdd1ceb4fbe74,22,Unnecessary Repetition,0.2023,No Smell,0.1989,Format Ambiguity,0.1016,Vague / Missing Context,0.0955,178,0.296
86f9e4302e3b568a2fcbdd1ceb4fbe74,23,No Smell,0.1303,Vague / Missing Context,0.1181,Unnecessary Repetition,0.1176,Format Ambiguity,0.1084,196,0.296
86f9e4302e3b568a2fcbdd1ceb4fbe74,24,No Smell,0.2011,Unnecessary Repetition,0.1223,Format Ambiguity,0.1182,Vague / Missing Context,0.1067,265,0.296
86f9e4302e3b568a2fcbdd1ceb4fbe74,25,No Smell,0.1743,Format Ambiguity,0.1508,Unnecessary Repetition,0.1229,Vague / Missing Context,0.1018,145,0.294
86f9e4302e3b568a2fcbdd1ceb4fbe74,26,Unnecessary Repetition,0.2216,No Smell,0.1512,Vague / Missing Context,0.1026,Format Ambiguity,0.1006,165,0.298
86f9e4302e3b568a2fcbdd1ceb4fbe74,27,No Smell,0.2236,Vague / Missing Context,0.1785,Format Ambiguity,0.1217,Unnecessary Repetition,0.1092,188,0.296
86f9e4302e3b568a2fcbdd1ceb4fbe74,28,No Smell,0.1837,Unnecessary Repetition,0.1697,Vague / Missing Context,0.1078,Format Ambiguity,0.1075,188,0.296
86f9e4302e3b568a2fcbdd1ceb4fbe74,29,No Smell,0.2173,Format Ambiguity,0.1324,Unnecessary Repetition,0.1243,Vague / Missing Context,0.1144,217,0.296
86f9e4302e3b568a2fcbdd1ceb4fbe74,30,No Smell,0.1958,Unnecessary Repetition,0.1330,Format Ambiguity,0.1222,Vague / Missing Context,0.0976,168,0.295
86f9e4302e3b568a2fcbdd1ceb4fbe74,31,No Smell,0.2069,Unnecessary Repetition,0.1600,Format Ambiguity,0.1100,Vague / Missing Context,0.1033,207,0.296
86f9e4302e3b568a2fcbdd1ceb4fbe74,32,Vague / Missing Context,0.1810,No Smell,0.1589,Unnecessary Repetition,0.1426,Format Ambiguity,0.1039,143,0.294
86f9e4302e3b568a2fcbdd1ceb4fbe74,33,Unnecessary Repetition,0.1389,No Smell,0.1370,Format Ambiguity,0.1249,Vague / Missing Context,0.1137,145,0.295
86f9e4302e3b568a2fcbdd1ceb4fbe74,34,Unnecessary Repetition,0.2142,No Smell,0.1826,Vague / Missing Context,0.1321,Format Ambiguity,0.1045,150,0.295
86f9e4302e3b568a2fcbdd1ceb4fbe74,35,No Smell,0.1612,Unnecessary Repetition,0.1518,Vague / Missing Context,0.1292,Format Ambiguity,0.1262,162,0.295
86f9e4302e3b568a2fcbdd1ceb4fbe74,36,No Smell,0.1757,Unnecessary Repetition,0.1356,Vague / Missing Context,0.1328,Format Ambiguity,0.1230,181,0.296
86f9e4302e3b568a2fcbdd1ceb4fbe74,37,No Smell,0.1804,Unnecessary Repetition,0.1540,Format Ambiguity,0.1125,Vague / Missing Context,0.1029,189,0.296
86f9e4302e3b568a2fcbdd1ceb4fbe74,38,Unnecessary Repetition,0.2169,No Smell,0.1711,Vague / Missing Context,0.1020,Format Ambiguity,0.1007,153,0.295
86f9e4302e3b568a2fcbdd1ceb4fbe74,39,No Smell,0.1568,Unnecessary Repetition,0.1526,Vague / Missing Context,0.1246,Format Ambiguity,0.1224,190,0.296
86f9e4302e3b568a2fcbdd1ceb4fbe74,40,Vague / Missing Context,0.1575,Unnecessary Repetition,0.1529,No Smell,0.1469,Format Ambiguity,0.1236,149,0.294
86f9e4302e3b568a2fcbdd1ceb4fbe74,41,No Smell,0.1964,Unnecessary Repetition,0.1555,Format Ambiguity,0.1270,Vague / Missing Context,0.1200,188,0.296
86f9e4302e3b568a2fcbdd1ceb4fbe74,42,Irrelevant / Excessive Persona,0.1816,Unnecessary Repetition,0.1367,No Smell,0.1344,Vague / Missing Context,0.1294,166,0.295
86f9e4302e3b568a2fcbdd1ceb4fbe74,43,Unnecessary Repetition,0.2169,No Smell,0.1347,Prompt Bloat / Convoluted Prompt,0.0978,Format Ambiguity,0.0917,166,0.295
86f9e4302e3b568a2fcbdd1ceb4fbe74,44,No Smell,0.1782,Unnecessary Repetition,0.1739,Vague / Missing Context,0.1167,Format Ambiguity,0.1121,209,0.296
86f9e4302e3b568a2fcbdd1ceb4fbe74,45,No Smell,0.1990,Unnecessary Repetition,0.1581,Format Ambiguity,0.1149,Vague / Missing Context,0.1029,184,0.296
86f9e4302e3b568a2fcbdd1ceb4fbe74,46,Unnecessary Repetition,0.2014,No Smell,0.1537,Format Ambiguity,0.1089,Vague / Missing Context,0.1002,157,0.295
86f9e4302e3b568a2fcbdd1ceb4fbe74,47,Unnecessary Repetition,0.2144,No Smell,0.2063,Format Ambiguity,0.1056,Vague / Missing Context,0.1017,201,0.296
86f9e4302e3b568a2fcbdd1ceb4fbe74,48,Unnecessary Repetition,0.1842,No Smell,0.1410,Vague / Missing Context,0.1094,Format Ambiguity,0.1035,143,0.295
86f9e4302e3b568a2fcbdd1ceb4fbe74,49,No Smell,0.2656,Unnecessary Repetition,0.1330,Format Ambiguity,0.1147,Vague / Missing Context,0.0828,168,0.296
86f9e4302e3b568a2fcbdd1ceb4fbe74,50,No Smell,0.2162,Unnecessary Repetition,0.1366,Vague / Missing Context,0.1301,Format Ambiguity,0.1187,140,0.295
86f9e4302e3b568a2fcbdd1ceb4fbe74,51,Unnecessary Repetition,0.2299,No Smell,0.1976,Vague / Missing Context,0.0958,Format Ambiguity,0.0949,175,0.295
2e6076a5ac6aca73f386742c3fdd9e02,1,No Smell,0.2172,Format Ambiguity,0.1439,Unnecessary Repetition,0.1097,Conflicting Constraints,0.0838,24,0.293
4f992d5a3e4e00e357ed897979f5a6f9,1,Format Ambiguity,0.1478,Vague / Missing Context,0.1319,No Smell,0.1114,Prompt Bloat / Convoluted Prompt,0.0980,3696,0.713
bd5ad70e7ef241690d5be1ccae2158a6,1,Irrelevant / Excessive Persona,0.1894,No Smell,0.1552,Format Ambiguity,0.1057,Ambiguous References,0.0891,35,0.294
bd5ad70e7ef241690d5be1ccae2158a6,2,Irrelevant / Excessive Persona,0.2295,No Smell,0.1857,Format Ambiguity,0.1352,Conflicting Constraints,0.0741,35,0.293
7a6d8677ccce9750567bb46206db66d6,1,Overloaded Prompt,0.1386,Format Ambiguity,0.1295,No Smell,0.1232,Ambiguous References,0.1108,4000,0.832
e936a52039a91b18cc7dfe2e42b0e34e,1,Format Ambiguity,0.1442,Vague / Missing Context,0.1294,No Smell,0.1180,Overloaded Prompt,0.1150,3696,0.715
b13747b079d47378997894d5cb586af6,1,No Smell,0.1668,Format Ambiguity,0.1252,Ambiguous References,0.1191,Vague / Missing Context,0.1037,929,0.397
10bac3f4958eaa3243ff271f1d5f41e1,1,Format Ambiguity,0.1409,No Smell,0.1176,Vague / Missing Context,0.1116,Prompt Bloat / Convoluted Prompt,0.1042,3505,0.657
a020f91d1117ce09c31b68d9d25d29b2,1,No Smell,0.1818,Unnecessary Repetition,0.1311,Prompt Bloat / Convoluted Prompt,0.1020,Ambiguous References,0.1009,3672,0.906
a020f91d1117ce09c31b68d9d25d29b2,2,Vague / Missing Context,0.2055,No Smell,0.1570,Format Ambiguity,0.1449,Ambiguous References,0.0799,18,0.294
6d66f7b3fc73ea43f8cee20f41d5e8fb,1,Vague / Missing Context,0.1690,Format Ambiguity,0.1630,No Smell,0.1215,Ambiguous References,0.0799,423,0.322
6d66f7b3fc73ea43f8cee20f41d5e8fb,2,Vague / Missing Context,0.1611,Format Ambiguity,0.1394,No Smell,0.1136,Ambiguous References,0.0870,507,0.317
6d66f7b3fc73ea43f8cee20f41d5e8fb,3,Vague / Missing Context,0.1822,No Smell,0.1631,Format Ambiguity,0.1505,Unnecessary Repetition,0.0793,436,0.323
bf74c8b8600326e8344340c1b8bdd23f,1,No Smell,0.1598,Format Ambiguity,0.1246,Ambiguous References,0.1142,Vague / Missing Context,0.1098,928,0.396
03b0e6f296c4a90b3890625d46bb1574,1,No Smell,0.1572,Format Ambiguity,0.1250,Ambiguous References,0.1148,Vague / Missing Context,0.1049,958,0.387
d586094fd90581c1362b50c2d0694b8b,1,Format Ambiguity,0.1768,Vague / Missing Context,0.1666,No Smell,0.1483,Overloaded Prompt,0.1047,92,0.294
f107883a6de07127a4e9b814642197ec,1,No Smell,0.1564,Format Ambiguity,0.1254,Ambiguous References,0.1151,Vague / Missing Context,0.1052,970,0.387
2302377c69212fe4267b0faefa068669,1,Format Ambiguity,0.2137,No Smell,0.1710,Vague / Missing Context,0.1287,Overloaded Prompt,0.0806,52,0.293
2302377c69212fe4267b0faefa068669,2,No Smell,0.1897,Format Ambiguity,0.1369,Vague / Missing Context,0.1068,Unnecessary Repetition,0.0965,19,0.294
2302377c69212fe4267b0faefa068669,3,No Smell,0.1745,Format Ambiguity,0.1657,Vague / Missing Context,0.0945,Overloaded Prompt,0.0927,35,0.293
2302377c69212fe4267b0faefa068669,4,No Smell,0.1735,Format Ambiguity,0.1585,Overloaded Prompt,0.1104,Vague / Missing Context,0.1033,35,0.293
2302377c69212fe4267b0faefa068669,5,No Smell,0.2230,Format Ambiguity,0.1294,Unnecessary Repetition,0.0916,Conflicting Constraints,0.0832,34,0.293
2302377c69212fe4267b0faefa068669,6,No Smell,0.1756,Format Ambiguity,0.1238,Conflicting Constraints,0.0973,Overloaded Prompt,0.0940,20,0.294
b8e4ee25b5399da6ad123eb4d2a56843,1,No Smell,0.1829,Irrelevant / Excessive Persona,0.1384,Format Ambiguity,0.1215,Vague / Missing Context,0.1191,179,0.297
b8e4ee25b5399da6ad123eb4d2a56843,2,No Smell,0.1823,Format Ambiguity,0.1321,Prompt Bloat / Convoluted Prompt,0.1070,Unnecessary Repetition,0.0920,4000,0.836
b8e4ee25b5399da6ad123eb4d2a56843,3,No Smell,0.2187,Format Ambiguity,0.1274,Vague / Missing Context,0.1090,Unnecessary Repetition,0.0795,77,0.294
b8e4ee25b5399da6ad123eb4d2a56843,4,No Smell,0.2372,Format Ambiguity,0.1167,Unnecessary Repetition,0.0990,Prompt Bloat / Convoluted Prompt,0.0855,135,0.295
ccd7c8f51a452a6c0e32d6fb680ca3da,1,Overloaded Prompt,0.1423,Format Ambiguity,0.1294,Ambiguous References,0.1083,No Smell,0.0998,1250,0.453
ccd7c8f51a452a6c0e32d6fb680ca3da,2,No Smell,0.1867,Format Ambiguity,0.1111,Vague / Missing Context,0.0966,Ambiguous References,0.0957,1590,0.497
ccd7c8f51a452a6c0e32d6fb680ca3da,3,No Smell,0.2078,Overloaded Prompt,0.1473,Format Ambiguity,0.1439,Unnecessary Repetition,0.0887,439,0.364
c7c663c913c1b9065dcc38ed8e78eddf,1,No Smell,0.1782,Vague / Missing Context,0.1060,Unnecessary Repetition,0.0991,Format Ambiguity,0.0959,167,0.296
c7c663c913c1b9065dcc38ed8e78eddf,2,Conflicting Constraints,0.1429,No Smell,0.1344,Ambiguous References,0.1086,Vague / Missing Context,0.1069,34,0.293
c7c663c913c1b9065dcc38ed8e78eddf,3,No Smell,0.2202,Format Ambiguity,0.1081,Ambiguous References,0.1033,Vague / Missing Context,0.0910,171,0.295
c7c663c913c1b9065dcc38ed8e78eddf,4,No Smell,0.1446,Conflicting Constraints,0.1303,Overloaded Prompt,0.1121,Ambiguous References,0.1071,32,0.293
c7c663c913c1b9065dcc38ed8e78eddf,5,No Smell,0.1763,Vague / Missing Context,0.1085,Format Ambiguity,0.1073,Unnecessary Repetition,0.0993,126,0.295
c7c663c913c1b9065dcc38ed8e78eddf,7,No Smell,0.2158,Format Ambiguity,0.1297,Vague / Missing Context,0.1087,Ambiguous References,0.1023,34,0.293
c7c663c913c1b9065dcc38ed8e78eddf,8,Format Ambiguity,0.1651,No Smell,0.1436,Vague / Missing Context,0.0977,Conflicting Constraints,0.0928,38,0.293
171bcb9caf576760d8b1f43055753063,1,No Smell,0.2175,Format Ambiguity,0.1643,Ambiguous References,0.1318,Vague / Missing Context,0.0781,100,0.294
171bcb9caf576760d8b1f43055753063,6,No Smell,0.2244,Format Ambiguity,0.1687,Ambiguous References,0.1304,Vague / Missing Context,0.0803,106,0.293
171bcb9caf576760d8b1f43055753063,8,No Smell,0.2073,Format Ambiguity,0.1753,Ambiguous References,0.1194,Vague / Missing Context,0.0784,104,0.294
171bcb9caf576760d8b1f43055753063,11,Format Ambiguity,0.2065,No Smell,0.1828,Ambiguous References,0.1531,Overloaded Prompt,0.0730,105,0.294
171bcb9caf576760d8b1f43055753063,12,No Smell,0.1551,Format Ambiguity,0.1367,Vague / Missing Context,0.1276,Ambiguous References,0.1118,928,0.387
171bcb9caf576760d8b1f43055753063,13,Vague / Missing Context,0.2181,Format Ambiguity,0.1425,No Smell,0.1135,Ambiguous References,0.0920,28,0.294
171bcb9caf576760d8b1f43055753063,15,No Smell,0.1516,Vague / Missing Context,0.1479,Format Ambiguity,0.1230,Irrelevant / Excessive Persona,0.0975,73,0.295
171bcb9caf576760d8b1f43055753063,16,Vague / Missing Context,0.2135,Format Ambiguity,0.1843,No Smell,0.1707,Ambiguous References,0.0740,438,0.324
171bcb9caf576760d8b1f43055753063,18,No Smell,0.1529,Format Ambiguity,0.1449,Vague / Missing Context,0.1081,Ambiguous References,0.1054,69,0.295
171bcb9caf576760d8b1f43055753063,19,Format Ambiguity,0.2101,No Smell,0.1396,Overloaded Prompt,0.0977,Vague / Missing Context,0.0968,18,0.293
171bcb9caf576760d8b1f43055753063,20,Format Ambiguity,0.1724,Vague / Missing Context,0.1493,No Smell,0.1472,Ambiguous References,0.1101,40,0.293
d766931ca67affc54934d6952303566f,1,No Smell,0.1593,Format Ambiguity,0.1294,Ambiguous References,0.1220,Vague / Missing Context,0.1018,968,0.388
4f26c3197bbbe7526012e7f5bec65d0b,1,Overloaded Prompt,0.1596,No Smell,0.1409,Format Ambiguity,0.1279,Ambiguous References,0.0948,365,0.320
4f26c3197bbbe7526012e7f5bec65d0b,2,No Smell,0.1761,Vague / Missing Context,0.1130,Format Ambiguity,0.1116,Unnecessary Repetition,0.1015,63,0.293
5f1bb8d38ce15c7e7504b96b02d524e7,1,No Smell,0.2074,Format Ambiguity,0.1075,Unnecessary Repetition,0.1009,Vague / Missing Context,0.0871,26,0.294
5f1bb8d38ce15c7e7504b96b02d524e7,2,No Smell,0.1599,Format Ambiguity,0.1140,Unnecessary Repetition,0.1030,Overloaded Prompt,0.0984,19,0.293
5f1bb8d38ce15c7e7504b96b02d524e7,3,No Smell,0.1963,Vague / Missing Context,0.1353,Format Ambiguity,0.1233,Ambiguous References,0.0786,45,0.293
fdc3aad994d00891f75b2f17c9e76cb8,1,No Smell,0.1760,Format Ambiguity,0.1189,Unnecessary Repetition,0.1031,Vague / Missing Context,0.0915,206,0.296
fdc3aad994d00891f75b2f17c9e76cb8,2,No Smell,0.1828,Format Ambiguity,0.1100,Vague / Missing Context,0.1067,Unnecessary Repetition,0.0982,269,0.296
029f8132237856ddefc560feb6fda26e,1,No Smell,0.1987,Format Ambiguity,0.1168,Vague / Missing Context,0.1057,Ambiguous References,0.0987,53,0.294
029f8132237856ddefc560feb6fda26e,2,Vague / Missing Context,0.1821,No Smell,0.1814,Format Ambiguity,0.1434,Unnecessary Repetition,0.0720,65,0.293
8aa2d1f1742aa503817c81e12933d7ba,1,No Smell,0.1593,Format Ambiguity,0.1294,Ambiguous References,0.1220,Vague / Missing Context,0.1018,968,0.388
5472a4ac0448935034abf8c3808c7a5a,1,No Smell,0.2365,Format Ambiguity,0.1247,Unnecessary Repetition,0.0936,Vague / Missing Context,0.0839,216,0.320
382274e4f9301aeaabb4a8f1ee530971,1,Format Ambiguity,0.1945,Vague / Missing Context,0.1512,No Smell,0.1413,Overloaded Prompt,0.1377,530,0.318
d3f1f136739c63c84b2f5503ebfbb74a,1,Unnecessary Repetition,0.2684,No Smell,0.1430,Format Ambiguity,0.1056,Vague / Missing Context,0.0882,86,0.294
d3f1f136739c63c84b2f5503ebfbb74a,2,Unnecessary Repetition,0.1898,No Smell,0.1850,Format Ambiguity,0.1108,Vague / Missing Context,0.0883,192,0.296
d3f1f136739c63c84b2f5503ebfbb74a,3,Unnecessary Repetition,0.2034,No Smell,0.1894,Format Ambiguity,0.1041,Vague / Missing Context,0.0926,205,0.296
d3f1f136739c63c84b2f5503ebfbb74a,4,No Smell,0.1846,Unnecessary Repetition,0.1619,Format Ambiguity,0.1289,Vague / Missing Context,0.1005,195,0.296
d3f1f136739c63c84b2f5503ebfbb74a,5,No Smell,0.1985,Unnecessary Repetition,0.1724,Format Ambiguity,0.1111,Vague / Missing Context,0.1019,152,0.295
d3f1f136739c63c84b2f5503ebfbb74a,6,No Smell,0.1709,Vague / Missing Context,0.1609,Format Ambiguity,0.1197,Unnecessary Repetition,0.1145,205,0.296
d3f1f136739c63c84b2f5503ebfbb74a,7,No Smell,0.1647,Vague / Missing Context,0.1436,Format Ambiguity,0.1276,Unnecessary Repetition,0.1255,191,0.296
d3f1f136739c63c84b2f5503ebfbb74a,8,No Smell,0.1920,Format Ambiguity,0.1331,Unnecessary Repetition,0.1243,Vague / Missing Context,0.1232,226,0.296
d3f1f136739c63c84b2f5503ebfbb74a,9,Vague / Missing Context,0.2027,Format Ambiguity,0.1267,No Smell,0.1210,Unnecessary Repetition,0.0984,214,0.296
d3f1f136739c63c84b2f5503ebfbb74a,10,No Smell,0.2083,Unnecessary Repetition,0.1329,Format Ambiguity,0.1271,Vague / Missing Context,0.1240,179,0.295
d3f1f136739c63c84b2f5503ebfbb74a,11,No Smell,0.1898,Vague / Missing Context,0.1445,Format Ambiguity,0.1254,Unnecessary Repetition,0.1131,197,0.297
d3f1f136739c63c84b2f5503ebfbb74a,12,Unnecessary Repetition,0.1845,No Smell,0.1573,Format Ambiguity,0.1184,Vague / Missing Context,0.1085,195,0.295
d3f1f136739c63c84b2f5503ebfbb74a,13,Unnecessary Repetition,0.1960,No Smell,0.1835,Format Ambiguity,0.1108,Vague / Missing Context,0.0891,143,0.294
d3f1f136739c63c84b2f5503ebfbb74a,14,Unnecessary Repetition,0.1389,No Smell,0.1370,Format Ambiguity,0.1249,Vague / Missing Context,0.1137,145,0.295
d3f1f136739c63c84b2f5503ebfbb74a,15,No Smell,0.1639,Unnecessary Repetition,0.1362,Format Ambiguity,0.1274,Vague / Missing Context,0.1097,182,0.296
d3f1f136739c63c84b2f5503ebfbb74a,16,No Smell,0.1898,Unnecessary Repetition,0.1384,Format Ambiguity,0.1272,Vague / Missing Context,0.1236,160,0.294
d3f1f136739c63c84b2f5503ebfbb74a,17,No Smell,0.1883,Unnecessary Repetition,0.1353,Format Ambiguity,0.1262,Vague / Missing Context,0.1085,194,0.296
3d3d554f4bd9c02ed53b131afc9bf1b2,1,No Smell,0.1429,Format Ambiguity,0.1265,Ambiguous References,0.1202,Vague / Missing Context,0.1087,969,0.387
ea20feeddb1b1e6dbf128304f2fb82a7,2,No Smell,0.2191,Vague / Missing Context,0.1369,Format Ambiguity,0.1180,Ambiguous References,0.0795,81,0.295
c1fc1a8e52553b0382ac56a01edea872,1,No Smell,0.1607,Format Ambiguity,0.1286,Ambiguous References,0.1227,Vague / Missing Context,0.1058,225,0.297
c1fc1a8e52553b0382ac56a01edea872,2,No Smell,0.1499,Ambiguous References,0.1246,Format Ambiguity,0.1159,Vague / Missing Context,0.0974,54,0.293
c1fc1a8e52553b0382ac56a01edea872,3,No Smell,0.1544,Format Ambiguity,0.1262,Ambiguous References,0.1235,Vague / Missing Context,0.1064,55,0.293
c1fc1a8e52553b0382ac56a01edea872,4,No Smell,0.1379,Vague / Missing Context,0.1240,Format Ambiguity,0.1136,Conflicting Constraints,0.1013,64,0.293
c1fc1a8e52553b0382ac56a01edea872,5,No Smell,0.1448,Ambiguous References,0.1163,Vague / Missing Context,0.1120,Format Ambiguity,0.1100,28,0.293
c1fc1a8e52553b0382ac56a01edea872,6,Ambiguous References,0.2153,No Smell,0.1414,Vague / Missing Context,0.1055,Format Ambiguity,0.0960,107,0.293
c1fc1a8e52553b0382ac56a01edea872,7,No Smell,0.1693,Format Ambiguity,0.1515,Vague / Missing Context,0.1343,Unnecessary Repetition,0.0949,159,0.295
c1fc1a8e52553b0382ac56a01edea872,8,Format Ambiguity,0.1589,No Smell,0.1586,Vague / Missing Context,0.1267,Ambiguous References,0.1249,99,0.295
5881d60832000007f8c7dbaf55f97e70,1,No Smell,0.1834,Format Ambiguity,0.1314,Overloaded Prompt,0.1170,Vague / Missing Context,0.0887,302,0.320
f224355fdd4963c10a4204f283eee573,1,No Smell,0.2111,Format Ambiguity,0.1326,Vague / Missing Context,0.0974,Ambiguous References,0.0937,286,0.296
f224355fdd4963c10a4204f283eee573,2,No Smell,0.1583,Unnecessary Repetition,0.1447,Format Ambiguity,0.1128,Vague / Missing Context,0.1002,54,0.293
c9c644bf649fa554adeec562d505abe8,1,No Smell,0.1878,Vague / Missing Context,0.1763,Format Ambiguity,0.1744,Bias / Loaded Framing,0.0642,196,0.295
c9c644bf649fa554adeec562d505abe8,2,No Smell,0.1561,Vague / Missing Context,0.1146,Format Ambiguity,0.1138,Ambiguous References,0.1111,40,0.293
c9c644bf649fa554adeec562d505abe8,3,No Smell,0.2061,Format Ambiguity,0.1197,Unnecessary Repetition,0.1114,Prompt Bloat / Convoluted Prompt,0.0849,67,0.294
c9c644bf649fa554adeec562d505abe8,4,No Smell,0.2459,Format Ambiguity,0.1078,Unnecessary Repetition,0.1015,Irrelevant / Excessive Persona,0.0900,103,0.294
c9c644bf649fa554adeec562d505abe8,5,Vague / Missing Context,0.1255,No Smell,0.1233,Prompt Bloat / Convoluted Prompt,0.1219,Conflicting Constraints,0.1142,110,0.294
c9c644bf649fa554adeec562d505abe8,6,No Smell,0.2040,Format Ambiguity,0.1229,Overloaded Prompt,0.1070,Conflicting Constraints,0.0869,26,0.294
60b5ac012907eb014ce829561e4f6068,1,No Smell,0.1499,Format Ambiguity,0.1320,Ambiguous References,0.1251,Vague / Missing Context,0.1006,841,0.380
2afda67e3776508e28b33ee710cb8d84,2,No Smell,0.2166,Format Ambiguity,0.1507,Vague / Missing Context,0.0925,Overloaded Prompt,0.0884,44,0.293
2a9574b79b9738882aabf671eda661f4,1,No Smell,0.1839,Irrelevant / Excessive Persona,0.1387,Format Ambiguity,0.1223,Vague / Missing Context,0.1181,179,0.296
2a9574b79b9738882aabf671eda661f4,2,No Smell,0.1823,Format Ambiguity,0.1321,Prompt Bloat / Convoluted Prompt,0.1070,Unnecessary Repetition,0.0920,4000,0.836
2a9574b79b9738882aabf671eda661f4,3,No Smell,0.2372,Format Ambiguity,0.1167,Unnecessary Repetition,0.0990,Prompt Bloat / Convoluted Prompt,0.0855,135,0.295
2a9574b79b9738882aabf671eda661f4,4,No Smell,0.2187,Format Ambiguity,0.1274,Vague / Missing Context,0.1090,Unnecessary Repetition,0.0795,77,0.294
0c12d194cd06520b6d1d14cf3f4c3496,1,Overloaded Prompt,0.3001,Format Ambiguity,0.1475,No Smell,0.1265,Unnecessary Repetition,0.0738,994,0.398
0780384bba0d399794e7553df8b63c9c,1,No Smell,0.1590,Format Ambiguity,0.1216,Ambiguous References,0.1177,Irrelevant / Excessive Persona,0.0891,880,0.381
473a750cbfffc5253a001ba409706172,1,Format Ambiguity,0.1703,No Smell,0.1636,Vague / Missing Context,0.1089,Overloaded Prompt,0.0954,381,0.323
473a750cbfffc5253a001ba409706172,2,No Smell,0.1570,Format Ambiguity,0.1294,Vague / Missing Context,0.1265,Ambiguous References,0.0891,179,0.296
26713e468bfc860911064ea5113be4d0,1,No Smell,0.1819,Format Ambiguity,0.1364,Ambiguous References,0.1161,Vague / Missing Context,0.0989,32,0.293
26713e468bfc860911064ea5113be4d0,2,No Smell,0.2434,Vague / Missing Context,0.1321,Format Ambiguity,0.1184,Irrelevant / Excessive Persona,0.0914,34,0.293
26713e468bfc860911064ea5113be4d0,3,No Smell,0.1751,Vague / Missing Context,0.1662,Format Ambiguity,0.1291,Irrelevant / Excessive Persona,0.0876,52,0.293
26713e468bfc860911064ea5113be4d0,4,No Smell,0.1785,Format Ambiguity,0.1107,Unnecessary Repetition,0.1013,Ambiguous References,0.0964,68,0.294
26713e468bfc860911064ea5113be4d0,5,No Smell,0.1308,Vague / Missing Context,0.1226,Format Ambiguity,0.1081,Ambiguous References,0.1057,63,0.293
6533d32bc16c268251572685db13e7cf,1,No Smell,0.1600,Ambiguous References,0.1209,Format Ambiguity,0.1183,Vague / Missing Context,0.0893,896,0.382
94ce1d163feb4222b4febd3ae26b1b7f,6,No Smell,0.1865,Ambiguous References,0.1157,Format Ambiguity,0.1067,Conflicting Constraints,0.0890,55,0.293
e92d9f0ace14d4a9b1ca374d28200622,1,No Smell,0.1612,Format Ambiguity,0.1298,Ambiguous References,0.1207,Vague / Missing Context,0.0980,838,0.379
8f59a4c77f5b4dddb5032deecb8646b6,1,Vague / Missing Context,0.1650,Format Ambiguity,0.1361,Overloaded Prompt,0.1187,No Smell,0.1026,3590,0.655
8f59a4c77f5b4dddb5032deecb8646b6,2,Format Ambiguity,0.1520,No Smell,0.1383,Vague / Missing Context,0.1130,Ambiguous References,0.1089,754,0.380
8f59a4c77f5b4dddb5032deecb8646b6,3,Vague / Missing Context,0.1653,Format Ambiguity,0.1445,No Smell,0.1438,Ambiguous References,0.0956,545,0.330
8f59a4c77f5b4dddb5032deecb8646b6,4,No Smell,0.1675,Format Ambiguity,0.1498,Vague / Missing Context,0.1270,Unnecessary Repetition,0.0921,290,0.320
cc75dfd4b73b8e2c40c65a22c662c42b,1,No Smell,0.2174,Format Ambiguity,0.1287,Ambiguous References,0.1218,Unnecessary Repetition,0.0816,273,0.296
c19f90ae4b6ae50a39994bfa79fe8d64,1,No Smell,0.1623,Format Ambiguity,0.1292,Ambiguous References,0.1217,Vague / Missing Context,0.1010,782,0.377
ff056d819cb9ea5a2c0eccb132376617,1,No Smell,0.1560,Format Ambiguity,0.1165,Vague / Missing Context,0.1145,Ambiguous References,0.1108,162,0.295
183a511ed8e80c66f0182d41fd0b62a1,1,No Smell,0.1603,Format Ambiguity,0.1513,Vague / Missing Context,0.1019,Overloaded Prompt,0.1015,699,0.363
183a511ed8e80c66f0182d41fd0b62a1,2,Vague / Missing Context,0.2077,Format Ambiguity,0.1370,No Smell,0.1239,Unnecessary Repetition,0.0824,14,0.293
183a511ed8e80c66f0182d41fd0b62a1,3,Format Ambiguity,0.1573,No Smell,0.1510,Vague / Missing Context,0.1240,Formality / Audience Mismatch,0.0914,263,0.296
6a5e62616829c6a5b1a8af16d25fba7f,1,Overloaded Prompt,0.3231,Format Ambiguity,0.1432,No Smell,0.1248,Unnecessary Repetition,0.0699,996,0.398
6a5e62616829c6a5b1a8af16d25fba7f,2,Vague / Missing Context,0.1554,Ambiguous References,0.1449,No Smell,0.1438,Format Ambiguity,0.1149,70,0.294
6a5e62616829c6a5b1a8af16d25fba7f,4,No Smell,0.1719,Vague / Missing Context,0.1298,Unnecessary Repetition,0.1207,Format Ambiguity,0.0965,71,0.294
6a5e62616829c6a5b1a8af16d25fba7f,6,No Smell,0.1699,Vague / Missing Context,0.1228,Unnecessary Repetition,0.1227,Format Ambiguity,0.0995,68,0.294
6a5e62616829c6a5b1a8af16d25fba7f,10,No Smell,0.1602,Format Ambiguity,0.1323,Vague / Missing Context,0.1130,Ambiguous References,0.1008,137,0.296
acdb71e1294d9d2c924ffc841f6297ce,1,No Smell,0.1532,Ambiguous References,0.1321,Format Ambiguity,0.1215,Vague / Missing Context,0.1148,62,0.294
acdb71e1294d9d2c924ffc841f6297ce,2,No Smell,0.1599,Ambiguous References,0.1173,Vague / Missing Context,0.1110,Conflicting Constraints,0.1030,160,0.296
acdb71e1294d9d2c924ffc841f6297ce,3,No Smell,0.1665,Vague / Missing Context,0.1173,Ambiguous References,0.1117,Unnecessary Repetition,0.1115,121,0.295
acdb71e1294d9d2c924ffc841f6297ce,4,No Smell,0.1444,Format Ambiguity,0.1262,Ambiguous References,0.1226,Vague / Missing Context,0.1207,95,0.294
acdb71e1294d9d2c924ffc841f6297ce,5,No Smell,0.1666,Format Ambiguity,0.1148,Ambiguous References,0.1134,Vague / Missing Context,0.1058,122,0.295
acdb71e1294d9d2c924ffc841f6297ce,6,No Smell,0.1554,Formality / Audience Mismatch,0.1445,Format Ambiguity,0.1050,Conflicting Constraints,0.0983,291,0.320
acdb71e1294d9d2c924ffc841f6297ce,7,Prompt Bloat / Convoluted Prompt,0.2024,Unnecessary Repetition,0.1293,Bias / Loaded Framing,0.1037,Conflicting Constraints,0.0960,164,0.296
c4b5e5327fe9f7d59a0e4ca43aa740f9,5,No Smell,0.1504,Format Ambiguity,0.1136,Ambiguous References,0.1127,Conflicting Constraints,0.0879,327,0.317
c4b5e5327fe9f7d59a0e4ca43aa740f9,8,No Smell,0.1867,Format Ambiguity,0.1131,Conflicting Constraints,0.1057,Ambiguous References,0.1022,141,0.296
c4b5e5327fe9f7d59a0e4ca43aa740f9,9,Ambiguous References,0.1380,Format Ambiguity,0.1292,No Smell,0.1243,Prompt Bloat / Convoluted Prompt,0.0981,266,0.296
c4b5e5327fe9f7d59a0e4ca43aa740f9,10,No Smell,0.1490,Format Ambiguity,0.1086,Ambiguous References,0.1053,Unnecessary Repetition,0.0974,201,0.296
c4b5e5327fe9f7d59a0e4ca43aa740f9,11,No Smell,0.1548,Format Ambiguity,0.1123,Unnecessary Repetition,0.1036,Ambiguous References,0.1001,682,0.415
7db5a0377efa635d03feb357a3bba72e,1,No Smell,0.2247,Format Ambiguity,0.1145,Unnecessary Repetition,0.0941,Ambiguous References,0.0854,60,0.294
7db5a0377efa635d03feb357a3bba72e,2,No Smell,0.1606,Unnecessary Repetition,0.1554,Format Ambiguity,0.1082,Vague / Missing Context,0.0878,68,0.294
7db5a0377efa635d03feb357a3bba72e,3,No Smell,0.1873,Format Ambiguity,0.1142,Ambiguous References,0.1099,Vague / Missing Context,0.0967,80,0.294
7db5a0377efa635d03feb357a3bba72e,4,No Smell,0.1520,Conflicting Constraints,0.1320,Format Ambiguity,0.1164,Vague / Missing Context,0.0911,56,0.294
7db5a0377efa635d03feb357a3bba72e,5,No Smell,0.1786,Ambiguous References,0.1112,Format Ambiguity,0.1106,Unnecessary Repetition,0.1021,451,0.318
7db5a0377efa635d03feb357a3bba72e,6,No Smell,0.1629,Conflicting Constraints,0.1244,Format Ambiguity,0.1092,Unnecessary Repetition,0.0945,87,0.294
c96a536f6e0e253b87ed551696b88ff2,1,No Smell,0.1572,Format Ambiguity,0.1310,Ambiguous References,0.1226,Vague / Missing Context,0.0988,888,0.382
ee6dc3635687c1792556355f9a0ef3c6,1,No Smell,0.1577,Vague / Missing Context,0.1168,Format Ambiguity,0.0966,Unnecessary Repetition,0.0943,57,0.293
5833c34656ac9853830f4451538032e1,1,No Smell,0.1542,Format Ambiguity,0.1252,Overloaded Prompt,0.1090,Unnecessary Repetition,0.0998,83,0.294
74485fb4a83bc1e0cd7ee58404b11da8,1,No Smell,0.1578,Format Ambiguity,0.1341,Ambiguous References,0.1224,Vague / Missing Context,0.0959,826,0.380
0055cfa45994c96ca3f1bc4a2c5742e8,1,No Smell,0.1802,Format Ambiguity,0.1341,Ambiguous References,0.1022,Irrelevant / Excessive Persona,0.0987,231,0.296
d60000e40dc782a4c3548e177a0a2696,1,No Smell,0.1675,Format Ambiguity,0.1215,Overloaded Prompt,0.1154,Vague / Missing Context,0.0941,294,0.320
62cd8f3e0c4230c6bc1f432e909086d3,1,No Smell,0.2465,Format Ambiguity,0.1544,Vague / Missing Context,0.1048,Irrelevant / Excessive Persona,0.0828,58,0.293
2b0ade3fe8ec4b898d0135b003198551,1,No Smell,0.1539,Format Ambiguity,0.1313,Ambiguous References,0.1247,Vague / Missing Context,0.0996,939,0.396
3167c8b150f04400cb33ba9c40fa72ab,1,No Smell,0.1495,Format Ambiguity,0.1493,Vague / Missing Context,0.1411,Unnecessary Repetition,0.0917,93,0.294
bbb76d129f0c43cd342fc69fab59d832,1,Format Ambiguity,0.1576,No Smell,0.1307,Overloaded Prompt,0.1264,Vague / Missing Context,0.1037,4000,0.692
bbb76d129f0c43cd342fc69fab59d832,2,No Smell,0.1505,Format Ambiguity,0.1366,Overloaded Prompt,0.1313,Vague / Missing Context,0.1172,4000,0.653
c2e8a48c7ee422f8312637b1942b524d,1,Formality / Audience Mismatch,0.1849,Format Ambiguity,0.1210,No Smell,0.1191,Unnecessary Repetition,0.0890,622,0.330
e7f0a105f857e9a8f0206041fb19fd6f,1,No Smell,0.1505,Format Ambiguity,0.1366,Overloaded Prompt,0.1313,Vague / Missing Context,0.1172,4000,0.260
0ed8d2f31f5d099dbf921adfb04db2ba,1,No Smell,0.1610,Format Ambiguity,0.1167,Conflicting Constraints,0.1048,Ambiguous References,0.1023,1026,0.389
8f0d941486135db496215ed4be3367ea,1,No Smell,0.2816,Format Ambiguity,0.1132,Vague / Missing Context,0.0985,Prompt Bloat / Convoluted Prompt,0.0753,98,0.294
e6dbb9de44acc29e9dd7b684327fc555,1,No Smell,0.1524,Unnecessary Repetition,0.1402,Conflicting Constraints,0.1173,Vague / Missing Context,0.1010,107,0.294
e6dbb9de44acc29e9dd7b684327fc555,2,Overloaded Prompt,0.1516,Format Ambiguity,0.1501,No Smell,0.1307,Vague / Missing Context,0.1076,1159,0.399
3a39b5735398aa4192fbd674010e47a4,1,No Smell,0.1422,Format Ambiguity,0.1405,Vague / Missing Context,0.1111,Overloaded Prompt,0.1063,1166,0.399
4bf1c45bf3ca0df9af18913680611d4d,1,No Smell,0.2276,Format Ambiguity,0.1403,Vague / Missing Context,0.1024,Irrelevant / Excessive Persona,0.0831,98,0.295
4bf1c45bf3ca0df9af18913680611d4d,2,No Smell,0.2014,Format Ambiguity,0.1462,Vague / Missing Context,0.1146,Irrelevant / Excessive Persona,0.0832,54,0.293
5a312efcc9a8f45cce0f833ef5783811,1,No Smell,0.1875,Format Ambiguity,0.1345,Vague / Missing Context,0.1228,Unnecessary Repetition,0.0848,67,0.293
89778f568d28a4f545f5c1717564bc5d,1,Format Ambiguity,0.1627,No Smell,0.1543,Vague / Missing Context,0.1317,Overloaded Prompt,0.0977,735,0.363
89778f568d28a4f545f5c1717564bc5d,2,No Smell,0.1451,Vague / Missing Context,0.1320,Format Ambiguity,0.1213,Irrelevant / Excessive Persona,0.1162,45,0.293
0119099e125be1ca4b5a5537e36742a0,1,No Smell,0.2286,Format Ambiguity,0.1146,Unnecessary Repetition,0.0911,Prompt Bloat / Convoluted Prompt,0.0843,507,0.362
0119099e125be1ca4b5a5537e36742a0,4,No Smell,0.1787,Format Ambiguity,0.1215,Unnecessary Repetition,0.1073,Vague / Missing Context,0.0960,18,0.293
68cc72ef1120afef14a20a11404a6ad8,1,No Smell,0.1712,Format Ambiguity,0.1337,Vague / Missing Context,0.1130,Overloaded Prompt,0.0967,49,0.293
68cc72ef1120afef14a20a11404a6ad8,2,No Smell,0.1540,Format Ambiguity,0.1435,Vague / Missing Context,0.1273,Unnecessary Repetition,0.1028,57,0.294
68cc72ef1120afef14a20a11404a6ad8,3,No Smell,0.1638,Vague / Missing Context,0.1258,Format Ambiguity,0.1229,Unnecessary Repetition,0.0877,42,0.293
68cc72ef1120afef14a20a11404a6ad8,4,No Smell,0.1648,Vague / Missing Context,0.1392,Format Ambiguity,0.1379,Overloaded Prompt,0.0872,63,0.294
39133f12d418cb3741fe8c31e327d432,1,No Smell,0.1573,Format Ambiguity,0.1307,Overloaded Prompt,0.1297,Vague / Missing Context,0.1027,349,0.321
52445ea7dcfb05465db25af87544ad1b,1,No Smell,0.1671,Format Ambiguity,0.1516,Vague / Missing Context,0.1017,Overloaded Prompt,0.0921,232,0.296
6efc3e19d646a1e40dace13e5b9706c9,1,No Smell,0.2067,Format Ambiguity,0.1199,Unnecessary Repetition,0.0969,Prompt Bloat / Convoluted Prompt,0.0921,952,0.415
7c54072f16819d4465459f30a5e4949d,1,Vague / Missing Context,0.2416,Format Ambiguity,0.1817,No Smell,0.1317,Overloaded Prompt,0.0880,65,0.294
f0653832b5dbc8f94c3ec14bcd94af6a,1,No Smell,0.1772,Format Ambiguity,0.1236,Vague / Missing Context,0.1053,Unnecessary Repetition,0.0939,42,0.293
f0653832b5dbc8f94c3ec14bcd94af6a,2,No Smell,0.1520,Format Ambiguity,0.1393,Vague / Missing Context,0.1212,Irrelevant / Excessive Persona,0.0970,43,0.293
f0653832b5dbc8f94c3ec14bcd94af6a,3,No Smell,0.1702,Format Ambiguity,0.1250,Vague / Missing Context,0.1096,Unnecessary Repetition,0.0965,44,0.294
f0653832b5dbc8f94c3ec14bcd94af6a,4,No Smell,0.1829,Format Ambiguity,0.1335,Vague / Missing Context,0.1063,Unnecessary Repetition,0.0901,41,0.294
f0653832b5dbc8f94c3ec14bcd94af6a,5,No Smell,0.1580,Format Ambiguity,0.1346,Vague / Missing Context,0.1073,Bias / Loaded Framing,0.0883,46,0.293
f0653832b5dbc8f94c3ec14bcd94af6a,6,No Smell,0.1558,Vague / Missing Context,0.1251,Format Ambiguity,0.1240,Overloaded Prompt,0.0994,61,0.293
f0653832b5dbc8f94c3ec14bcd94af6a,7,No Smell,0.1572,Format Ambiguity,0.1341,Vague / Missing Context,0.1205,Unnecessary Repetition,0.0982,45,0.293
acc39e714044a15a1535584f867e8a93,1,Vague / Missing Context,0.2416,Format Ambiguity,0.1817,No Smell,0.1317,Overloaded Prompt,0.0880,65,0.293
feeb03dc6e473fe3307beed4de8419ab,1,No Smell,0.2295,Format Ambiguity,0.1848,Vague / Missing Context,0.0875,Unnecessary Repetition,0.0722,77,0.294
feeb03dc6e473fe3307beed4de8419ab,2,No Smell,0.2426,Format Ambiguity,0.1761,Vague / Missing Context,0.0936,Irrelevant / Excessive Persona,0.0725,79,0.293
feeb03dc6e473fe3307beed4de8419ab,3,No Smell,0.2316,Format Ambiguity,0.1781,Irrelevant / Excessive Persona,0.0768,Conflicting Constraints,0.0738,81,0.294
feeb03dc6e473fe3307beed4de8419ab,4,No Smell,0.2233,Format Ambiguity,0.1148,Unnecessary Repetition,0.0875,Conflicting Constraints,0.0862,77,0.296
feeb03dc6e473fe3307beed4de8419ab,5,No Smell,0.2549,Format Ambiguity,0.1305,Vague / Missing Context,0.0867,Unnecessary Repetition,0.0814,43,0.293
feeb03dc6e473fe3307beed4de8419ab,6,No Smell,0.2483,Format Ambiguity,0.1143,Unnecessary Repetition,0.0919,Vague / Missing Context,0.0850,32,0.293
27fdd33b53d927d509d61d17b154b3d7,1,No Smell,0.1492,Vague / Missing Context,0.1487,Format Ambiguity,0.1326,Ambiguous References,0.1298,87,0.294
3cbaebe875894fc84219e32e92faebc2,1,No Smell,0.1827,Unnecessary Repetition,0.1222,Format Ambiguity,0.0979,Prompt Bloat / Convoluted Prompt,0.0933,97,0.294
4f267d51df05354b801fc97dcde954c9,2,No Smell,0.1716,Overloaded Prompt,0.1393,Format Ambiguity,0.1252,Vague / Missing Context,0.0942,347,0.320
4f267d51df05354b801fc97dcde954c9,3,No Smell,0.1693,Format Ambiguity,0.1371,Overloaded Prompt,0.1220,Ambiguous References,0.0936,332,0.320
4f267d51df05354b801fc97dcde954c9,6,No Smell,0.1687,Format Ambiguity,0.1447,Overloaded Prompt,0.1113,Vague / Missing Context,0.0991,331,0.320
db2d7935f50e11dbd33ff597fd249d30,1,Format Ambiguity,0.1538,Vague / Missing Context,0.1448,No Smell,0.1436,Overloaded Prompt,0.0971,14,0.293
82f94b5b55bbd70f0e497fa3508a9810,1,No Smell,0.1949,Unnecessary Repetition,0.1282,Format Ambiguity,0.1061,Conflicting Constraints,0.0900,97,0.294
e022959fe7204caf3be690e3c69d15a1,1,Overloaded Prompt,0.2654,Format Ambiguity,0.1648,No Smell,0.1159,Vague / Missing Context,0.0758,1023,0.398
e022959fe7204caf3be690e3c69d15a1,3,No Smell,0.1828,Ambiguous References,0.1119,Format Ambiguity,0.1090,Vague / Missing Context,0.1065,74,0.294
e022959fe7204caf3be690e3c69d15a1,4,No Smell,0.1640,Vague / Missing Context,0.1155,Ambiguous References,0.1000,Format Ambiguity,0.0955,282,0.320
e022959fe7204caf3be690e3c69d15a1,5,No Smell,0.1354,Ambiguous References,0.1290,Format Ambiguity,0.1159,Vague / Missing Context,0.0987,280,0.296
6b8f5420d58d96402e96bd67e76de87e,1,Format Ambiguity,0.1481,No Smell,0.1437,Formality / Audience Mismatch,0.1046,Irrelevant / Excessive Persona,0.1036,65,0.295
6b8f5420d58d96402e96bd67e76de87e,2,No Smell,0.1642,Format Ambiguity,0.1490,Vague / Missing Context,0.1080,Overloaded Prompt,0.1039,63,0.294
7cad64fd7d5aedf1e8424c7ead00bae8,1,Overloaded Prompt,0.2767,Format Ambiguity,0.1631,No Smell,0.1273,Unnecessary Repetition,0.0702,985,0.390
7cad64fd7d5aedf1e8424c7ead00bae8,3,Overloaded Prompt,0.2794,Format Ambiguity,0.1675,No Smell,0.1325,Unnecessary Repetition,0.0753,993,0.398
7cad64fd7d5aedf1e8424c7ead00bae8,4,Overloaded Prompt,0.2905,Format Ambiguity,0.1561,No Smell,0.1220,Unnecessary Repetition,0.0722,992,0.398
7cad64fd7d5aedf1e8424c7ead00bae8,8,Vague / Missing Context,0.1622,No Smell,0.1230,Ambiguous References,0.1153,Format Ambiguity,0.1062,289,0.297
92241ebb04c8f57be67dd832ed6eee30,1,No Smell,0.1565,Format Ambiguity,0.1228,Vague / Missing Context,0.1062,Unnecessary Repetition,0.0975,9,0.294
92241ebb04c8f57be67dd832ed6eee30,11,Vague / Missing Context,0.1417,No Smell,0.1342,Format Ambiguity,0.1180,Ambiguous References,0.1041,67,0.294
1497efbbd7a60aeaf12e0236e5931fd9,1,No Smell,0.1943,Unnecessary Repetition,0.1388,Format Ambiguity,0.0953,Prompt Bloat / Convoluted Prompt,0.0952,473,0.362
e6200af6d84d7b16b0172c8a58545e29,1,No Smell,0.1739,Unnecessary Repetition,0.1375,Vague / Missing Context,0.1179,Format Ambiguity,0.1137,1201,0.423
0fb4ef7066978e5a9d497b39fe2e4fc9,1,Format Ambiguity,0.1542,No Smell,0.1375,Ambiguous References,0.1059,Prompt Bloat / Convoluted Prompt,0.1009,379,0.322
0fb4ef7066978e5a9d497b39fe2e4fc9,2,Unnecessary Repetition,0.1543,No Smell,0.1295,Format Ambiguity,0.1135,Vague / Missing Context,0.1091,12,0.294
0fb4ef7066978e5a9d497b39fe2e4fc9,3,No Smell,0.1625,Unnecessary Repetition,0.1351,Format Ambiguity,0.1194,Vague / Missing Context,0.0938,28,0.294
0fb4ef7066978e5a9d497b39fe2e4fc9,4,Format Ambiguity,0.1549,No Smell,0.1402,Ambiguous References,0.1080,Prompt Bloat / Convoluted Prompt,0.1003,379,0.322
0fb4ef7066978e5a9d497b39fe2e4fc9,5,Format Ambiguity,0.1440,No Smell,0.1428,Ambiguous References,0.1046,Prompt Bloat / Convoluted Prompt,0.1021,398,0.323
0fb4ef7066978e5a9d497b39fe2e4fc9,6,No Smell,0.1629,Format Ambiguity,0.1489,Vague / Missing Context,0.1084,Prompt Bloat / Convoluted Prompt,0.0883,277,0.320
d2fb26d483edf14eaa8bb331ea4f22fb,1,No Smell,0.2394,Vague / Missing Context,0.1312,Format Ambiguity,0.1301,Unnecessary Repetition,0.0793,26,0.294
d2fb26d483edf14eaa8bb331ea4f22fb,2,No Smell,0.2715,Format Ambiguity,0.1330,Unnecessary Repetition,0.0900,Vague / Missing Context,0.0763,39,0.293
d2fb26d483edf14eaa8bb331ea4f22fb,3,No Smell,0.1967,Format Ambiguity,0.1723,Irrelevant / Excessive Persona,0.0915,Unnecessary Repetition,0.0883,35,0.293
2aa77ce30b0e8608d35dcd85a116b9fc,1,No Smell,0.2024,Format Ambiguity,0.1307,Vague / Missing Context,0.0930,Prompt Bloat / Convoluted Prompt,0.0840,189,0.295
2aa77ce30b0e8608d35dcd85a116b9fc,2,No Smell,0.2024,Format Ambiguity,0.1307,Vague / Missing Context,0.0930,Prompt Bloat / Convoluted Prompt,0.0840,189,0.249
2aa77ce30b0e8608d35dcd85a116b9fc,3,No Smell,0.2000,Format Ambiguity,0.1414,Overloaded Prompt,0.0992,Vague / Missing Context,0.0863,156,0.294
2aa77ce30b0e8608d35dcd85a116b9fc,4,No Smell,0.1895,Format Ambiguity,0.1396,Overloaded Prompt,0.1093,Vague / Missing Context,0.1033,148,0.295
98b2a6573e2e8afe8a34aa8cf53f95ff,1,Vague / Missing Context,0.1700,No Smell,0.1313,Format Ambiguity,0.1261,Overloaded Prompt,0.1046,2308,0.513
98b2a6573e2e8afe8a34aa8cf53f95ff,2,Format Ambiguity,0.1485,No Smell,0.1475,Vague / Missing Context,0.1280,Ambiguous References,0.1145,86,0.294
98b2a6573e2e8afe8a34aa8cf53f95ff,3,No Smell,0.1629,Format Ambiguity,0.1526,Vague / Missing Context,0.1131,Ambiguous References,0.1011,234,0.296
98b2a6573e2e8afe8a34aa8cf53f95ff,4,No Smell,0.1686,Vague / Missing Context,0.1534,Format Ambiguity,0.1529,Unnecessary Repetition,0.0803,76,0.294
ccf5c14b89f02402257fad1fb02777f9,1,No Smell,0.1721,Format Ambiguity,0.1572,Vague / Missing Context,0.1279,Irrelevant / Excessive Persona,0.0987,87,0.294
1689c5d5b13bdf3ff9d04cda63d84100,1,Vague / Missing Context,0.1635,No Smell,0.1200,Ambiguous References,0.1171,Format Ambiguity,0.1059,288,0.297
1689c5d5b13bdf3ff9d04cda63d84100,2,No Smell,0.1431,Vague / Missing Context,0.1314,Ambiguous References,0.1094,Format Ambiguity,0.1008,289,0.319
f439d355cb274831b2d67a2b75b3cfed,3,Format Ambiguity,0.1694,No Smell,0.1669,Vague / Missing Context,0.1208,Overloaded Prompt,0.1115,83,0.294
f439d355cb274831b2d67a2b75b3cfed,4,No Smell,0.1284,Unnecessary Repetition,0.1202,Format Ambiguity,0.1027,Vague / Missing Context,0.1012,40,0.294
f439d355cb274831b2d67a2b75b3cfed,5,No Smell,0.1982,Format Ambiguity,0.1731,Overloaded Prompt,0.0896,Vague / Missing Context,0.0876,39,0.293
f439d355cb274831b2d67a2b75b3cfed,6,Format Ambiguity,0.1500,No Smell,0.1482,Irrelevant / Excessive Persona,0.1179,Ambiguous References,0.1065,200,0.296
f439d355cb274831b2d67a2b75b3cfed,7,Format Ambiguity,0.1602,Irrelevant / Excessive Persona,0.1492,No Smell,0.1233,Vague / Missing Context,0.1049,101,0.295
aa126717e6dac3a16aa60426b2e9ec91,1,Format Ambiguity,0.1550,No Smell,0.1230,Ambiguous References,0.1036,Overloaded Prompt,0.0975,3921,0.718
aa126717e6dac3a16aa60426b2e9ec91,2,Vague / Missing Context,0.1881,Format Ambiguity,0.1379,No Smell,0.1302,Overloaded Prompt,0.0821,66,0.293
2f9ad7146bc5084f79a8ff4cc7be3612,1,Vague / Missing Context,0.1650,Format Ambiguity,0.1361,Overloaded Prompt,0.1187,No Smell,0.1026,3590,0.656
2f9ad7146bc5084f79a8ff4cc7be3612,2,Format Ambiguity,0.1490,No Smell,0.1485,Vague / Missing Context,0.1133,Ambiguous References,0.1023,860,0.397
df07d8cde58ede01764cd1501093d292,1,Ambiguous References,0.1465,No Smell,0.1352,Unnecessary Repetition,0.1279,Vague / Missing Context,0.1016,29,0.293
df07d8cde58ede01764cd1501093d292,2,No Smell,0.1795,Ambiguous References,0.1571,Format Ambiguity,0.1199,Irrelevant / Excessive Persona,0.0936,93,0.294
df07d8cde58ede01764cd1501093d292,3,No Smell,0.1752,Format Ambiguity,0.1322,Irrelevant / Excessive Persona,0.1053,Vague / Missing Context,0.0986,149,0.296
df07d8cde58ede01764cd1501093d292,4,No Smell,0.1439,Conflicting Constraints,0.1347,Format Ambiguity,0.1092,Vague / Missing Context,0.1065,106,0.294
df07d8cde58ede01764cd1501093d292,5,No Smell,0.1348,Format Ambiguity,0.1128,Unnecessary Repetition,0.1108,Ambiguous References,0.1085,180,0.294
df07d8cde58ede01764cd1501093d292,6,No Smell,0.1579,Format Ambiguity,0.1252,Vague / Missing Context,0.1042,Ambiguous References,0.0947,41,0.293
df07d8cde58ede01764cd1501093d292,7,No Smell,0.1630,Format Ambiguity,0.1303,Ambiguous References,0.1119,Vague / Missing Context,0.1091,75,0.294
df07d8cde58ede01764cd1501093d292,8,No Smell,0.1562,Format Ambiguity,0.1204,Vague / Missing Context,0.1168,Conflicting Constraints,0.0986,64,0.294
df07d8cde58ede01764cd1501093d292,9,Vague / Missing Context,0.1546,Format Ambiguity,0.1415,No Smell,0.1330,Conflicting Constraints,0.0988,105,0.294
3c3112c0b5380036e46e05e0e862dc9c,1,No Smell,0.1772,Format Ambiguity,0.1718,Overloaded Prompt,0.1294,Vague / Missing Context,0.1238,93,0.295
3c3112c0b5380036e46e05e0e862dc9c,2,Format Ambiguity,0.1827,No Smell,0.1721,Vague / Missing Context,0.1586,Overloaded Prompt,0.0914,74,0.294
3c3112c0b5380036e46e05e0e862dc9c,3,No Smell,0.1859,Format Ambiguity,0.1761,Vague / Missing Context,0.1516,Overloaded Prompt,0.0902,81,0.293
3c3112c0b5380036e46e05e0e862dc9c,4,Format Ambiguity,0.1827,No Smell,0.1721,Vague / Missing Context,0.1586,Overloaded Prompt,0.0914,74,0.249
3c3112c0b5380036e46e05e0e862dc9c,5,Format Ambiguity,0.1888,No Smell,0.1575,Vague / Missing Context,0.1336,Ambiguous References,0.0911,83,0.294
b98b1c753f22e3a4c5b6953f99752611,1,No Smell,0.1967,Format Ambiguity,0.1443,Overloaded Prompt,0.1260,Vague / Missing Context,0.1212,183,0.296
b98b1c753f22e3a4c5b6953f99752611,2,No Smell,0.2222,Format Ambiguity,0.1484,Vague / Missing Context,0.1240,Overloaded Prompt,0.1017,175,0.295
b98b1c753f22e3a4c5b6953f99752611,3,No Smell,0.2154,Format Ambiguity,0.1460,Vague / Missing Context,0.1173,Overloaded Prompt,0.1126,166,0.295
f4bde4435ea2a8e4fe0614ac61d0b6d4,1,Vague / Missing Context,0.1850,Format Ambiguity,0.1782,No Smell,0.1510,Overloaded Prompt,0.0868,50,0.293
566e81fb2334aef0e7d95581cfecba65,1,Vague / Missing Context,0.2156,No Smell,0.1670,Format Ambiguity,0.1517,Irrelevant / Excessive Persona,0.0715,42,0.293
566e81fb2334aef0e7d95581cfecba65,2,Vague / Missing Context,0.3279,Format Ambiguity,0.1796,No Smell,0.0956,Overloaded Prompt,0.0829,32,0.293
566e81fb2334aef0e7d95581cfecba65,3,Vague / Missing Context,0.1733,Format Ambiguity,0.1362,No Smell,0.1331,Ambiguous References,0.0944,237,0.296
566e81fb2334aef0e7d95581cfecba65,4,Format Ambiguity,0.1707,Overloaded Prompt,0.1495,No Smell,0.1263,Ambiguous References,0.1241,40,0.293
9707ef6a34937e8cd6c96d54f1ec712f,4,No Smell,0.1756,Vague / Missing Context,0.1229,Format Ambiguity,0.1213,Ambiguous References,0.0884,551,0.330
9707ef6a34937e8cd6c96d54f1ec712f,5,No Smell,0.1295,Conflicting Constraints,0.1291,Format Ambiguity,0.1242,Vague / Missing Context,0.1055,647,0.363
9707ef6a34937e8cd6c96d54f1ec712f,6,No Smell,0.2282,Format Ambiguity,0.1406,Ambiguous References,0.0814,Prompt Bloat / Convoluted Prompt,0.0814,186,0.296
9707ef6a34937e8cd6c96d54f1ec712f,7,No Smell,0.2328,Format Ambiguity,0.1388,Prompt Bloat / Convoluted Prompt,0.0807,Ambiguous References,0.0788,185,0.296
9707ef6a34937e8cd6c96d54f1ec712f,8,No Smell,0.1920,Format Ambiguity,0.1078,Ambiguous References,0.1017,Vague / Missing Context,0.0919,138,0.296
9707ef6a34937e8cd6c96d54f1ec712f,9,No Smell,0.2119,Format Ambiguity,0.1447,Ambiguous References,0.0843,Prompt Bloat / Convoluted Prompt,0.0830,214,0.320
9707ef6a34937e8cd6c96d54f1ec712f,10,No Smell,0.2131,Format Ambiguity,0.1444,Ambiguous References,0.0834,Prompt Bloat / Convoluted Prompt,0.0832,214,0.319
dd1a42f58173424949bce53c377a05bf,1,No Smell,0.1865,Format Ambiguity,0.1451,Vague / Missing Context,0.1248,Ambiguous References,0.0845,129,0.295
dd1a42f58173424949bce53c377a05bf,2,Format Ambiguity,0.1849,No Smell,0.1682,Vague / Missing Context,0.1131,Overloaded Prompt,0.0972,28,0.293
dd1a42f58173424949bce53c377a05bf,3,Format Ambiguity,0.1879,No Smell,0.1482,Vague / Missing Context,0.1479,Overloaded Prompt,0.0986,44,0.294
5775c8ee0bc7d4333689e63514273ca4,1,No Smell,0.1454,Ambiguous References,0.1283,Format Ambiguity,0.1167,Overloaded Prompt,0.1018,837,0.401
5775c8ee0bc7d4333689e63514273ca4,2,No Smell,0.1495,Format Ambiguity,0.1218,Ambiguous References,0.1099,Prompt Bloat / Convoluted Prompt,0.1014,4000,1.138
1ab03972ff68767f2dd3a3beb25082ec,1,No Smell,0.1635,Format Ambiguity,0.1254,Vague / Missing Context,0.1044,Ambiguous References,0.1010,47,0.293
1ab03972ff68767f2dd3a3beb25082ec,2,Format Ambiguity,0.2001,No Smell,0.1981,Overloaded Prompt,0.0883,Irrelevant / Excessive Persona,0.0883,113,0.294
c3dac7b6b86503aa7f1f82a8b079edec,1,No Smell,0.1815,Vague / Missing Context,0.1196,Format Ambiguity,0.1177,Irrelevant / Excessive Persona,0.1004,61,0.294
c3dac7b6b86503aa7f1f82a8b079edec,2,No Smell,0.1955,Format Ambiguity,0.1247,Vague / Missing Context,0.1082,Ambiguous References,0.0900,70,0.294
c3dac7b6b86503aa7f1f82a8b079edec,3,No Smell,0.2003,Format Ambiguity,0.1240,Vague / Missing Context,0.1073,Unnecessary Repetition,0.0866,69,0.294
783f530199cbe9476e6f499ab813db07,1,No Smell,0.1905,Format Ambiguity,0.1808,Vague / Missing Context,0.0985,Overloaded Prompt,0.0923,96,0.295
783f530199cbe9476e6f499ab813db07,2,Format Ambiguity,0.1973,No Smell,0.1769,Overloaded Prompt,0.1270,Conflicting Constraints,0.0841,32,0.293
f99ab5fd8194118380f4e267e4084e3d,1,No Smell,0.1426,Formality / Audience Mismatch,0.1228,Format Ambiguity,0.1163,Ambiguous References,0.1053,1614,0.454
38deb9fe55039747371bbe181ededbcf,1,No Smell,0.2003,Format Ambiguity,0.1240,Vague / Missing Context,0.1073,Unnecessary Repetition,0.0866,69,0.249
8fb3951900c3f7019f6afa1d9c840731,2,Format Ambiguity,0.2361,No Smell,0.2017,Irrelevant / Excessive Persona,0.0978,Vague / Missing Context,0.0906,34,0.293
8fb3951900c3f7019f6afa1d9c840731,3,No Smell,0.1762,Format Ambiguity,0.1666,Formality / Audience Mismatch,0.1641,Vague / Missing Context,0.0814,44,0.293
8fb3951900c3f7019f6afa1d9c840731,4,No Smell,0.1621,Format Ambiguity,0.1286,Vague / Missing Context,0.1106,Conflicting Constraints,0.0951,35,0.294
8fb3951900c3f7019f6afa1d9c840731,6,No Smell,0.1704,Format Ambiguity,0.1284,Vague / Missing Context,0.1166,Ambiguous References,0.1101,57,0.295
8fb3951900c3f7019f6afa1d9c840731,7,Format Ambiguity,0.1417,No Smell,0.1288,Ambiguous References,0.1123,Vague / Missing Context,0.1032,26,0.293
8fb3951900c3f7019f6afa1d9c840731,9,No Smell,0.1396,Unnecessary Repetition,0.1216,Format Ambiguity,0.1160,Vague / Missing Context,0.1131,11,0.293
8fb3951900c3f7019f6afa1d9c840731,10,No Smell,0.1396,Unnecessary Repetition,0.1216,Format Ambiguity,0.1160,Vague / Missing Context,0.1131,11,0.249
8fb3951900c3f7019f6afa1d9c840731,11,Vague / Missing Context,0.2119,No Smell,0.1982,Format Ambiguity,0.1515,Overloaded Prompt,0.0634,57,0.294
8fb3951900c3f7019f6afa1d9c840731,12,No Smell,0.1857,Format Ambiguity,0.1137,Vague / Missing Context,0.1083,Ambiguous References,0.0927,26,0.293
8fb3951900c3f7019f6afa1d9c840731,13,No Smell,0.1988,Format Ambiguity,0.1649,Ambiguous References,0.1492,Vague / Missing Context,0.0901,30,0.293
8fb3951900c3f7019f6afa1d9c840731,14,No Smell,0.1925,Vague / Missing Context,0.1426,Ambiguous References,0.1365,Format Ambiguity,0.0995,26,0.294
8fb3951900c3f7019f6afa1d9c840731,15,Ambiguous References,0.1932,No Smell,0.1769,Format Ambiguity,0.1370,Vague / Missing Context,0.1022,24,0.294
8fb3951900c3f7019f6afa1d9c840731,16,No Smell,0.1735,Format Ambiguity,0.1201,Vague / Missing Context,0.1195,Unnecessary Repetition,0.0877,41,0.293
8fb3951900c3f7019f6afa1d9c840731,17,No Smell,0.1932,Unnecessary Repetition,0.1238,Format Ambiguity,0.1084,Conflicting Constraints,0.1019,26,0.293
8fb3951900c3f7019f6afa1d9c840731,18,No Smell,0.1572,Format Ambiguity,0.1558,Vague / Missing Context,0.0998,Unnecessary Repetition,0.0881,16,0.293
8fb3951900c3f7019f6afa1d9c840731,19,No Smell,0.1396,Unnecessary Repetition,0.1216,Format Ambiguity,0.1160,Vague / Missing Context,0.1131,11,0.294
8fb3951900c3f7019f6afa1d9c840731,21,No Smell,0.1571,Format Ambiguity,0.1442,Vague / Missing Context,0.1141,Unnecessary Repetition,0.0855,22,0.293
8fb3951900c3f7019f6afa1d9c840731,22,No Smell,0.1422,Vague / Missing Context,0.1189,Format Ambiguity,0.1137,Unnecessary Repetition,0.0976,21,0.293
8fb3951900c3f7019f6afa1d9c840731,23,No Smell,0.1533,Format Ambiguity,0.1194,Vague / Missing Context,0.1054,Conflicting Constraints,0.1037,17,0.293
8fb3951900c3f7019f6afa1d9c840731,24,No Smell,0.1646,Format Ambiguity,0.1328,Vague / Missing Context,0.1105,Conflicting Constraints,0.0949,19,0.293
8fb3951900c3f7019f6afa1d9c840731,25,No Smell,0.1459,Format Ambiguity,0.1167,Unnecessary Repetition,0.0995,Formality / Audience Mismatch,0.0983,19,0.294
8fb3951900c3f7019f6afa1d9c840731,26,No Smell,0.1825,Format Ambiguity,0.1241,Vague / Missing Context,0.1048,Ambiguous References,0.0954,39,0.293
8fb3951900c3f7019f6afa1d9c840731,27,Ambiguous References,0.2748,Format Ambiguity,0.1373,No Smell,0.1172,Vague / Missing Context,0.0839,270,0.320
8fb3951900c3f7019f6afa1d9c840731,28,No Smell,0.1591,Unnecessary Repetition,0.1437,Format Ambiguity,0.1187,Conflicting Constraints,0.1075,10,0.295
176de06222c205be8bb8ff16ecc23c2e,1,No Smell,0.1677,Format Ambiguity,0.1205,Vague / Missing Context,0.1073,Ambiguous References,0.1035,33,0.293
749f4aa69e207d4072126b7bfffa8eed,3,No Smell,0.2325,Format Ambiguity,0.1393,Prompt Bloat / Convoluted Prompt,0.0860,Ambiguous References,0.0802,179,0.320
749f4aa69e207d4072126b7bfffa8eed,4,No Smell,0.2201,Format Ambiguity,0.1296,Prompt Bloat / Convoluted Prompt,0.0901,Ambiguous References,0.0900,383,0.330
749f4aa69e207d4072126b7bfffa8eed,5,No Smell,0.2050,Format Ambiguity,0.1379,Prompt Bloat / Convoluted Prompt,0.0944,Ambiguous References,0.0891,463,0.381
749f4aa69e207d4072126b7bfffa8eed,6,No Smell,0.2076,Format Ambiguity,0.1318,Ambiguous References,0.1079,Vague / Missing Context,0.0837,262,0.317
749f4aa69e207d4072126b7bfffa8eed,7,No Smell,0.1958,Format Ambiguity,0.1355,Ambiguous References,0.1007,Vague / Missing Context,0.0822,232,0.317
749f4aa69e207d4072126b7bfffa8eed,8,No Smell,0.2126,Format Ambiguity,0.1409,Ambiguous References,0.0894,Prompt Bloat / Convoluted Prompt,0.0879,351,0.363
e4544d7af1aa863f348a51f602f7bd22,1,No Smell,0.1323,Format Ambiguity,0.1303,Irrelevant / Excessive Persona,0.1294,Ambiguous References,0.1088,128,0.295
e4544d7af1aa863f348a51f602f7bd22,2,No Smell,0.2094,Format Ambiguity,0.1759,Irrelevant / Excessive Persona,0.0912,Unnecessary Repetition,0.0872,52,0.294
634935de785a2d0f62f224d8e9019c66,1,No Smell,0.1882,Irrelevant / Excessive Persona,0.1152,Format Ambiguity,0.1048,Unnecessary Repetition,0.1038,33,0.293
ca88146d4c8f2f5cb202a4f8f5e58c12,1,Overloaded Prompt,0.1614,No Smell,0.1271,Format Ambiguity,0.1138,Ambiguous References,0.1062,3497,0.906
5f68bc500079c8dd2cf838d4b2a7bde6,3,No Smell,0.1962,Format Ambiguity,0.1258,Ambiguous References,0.1090,Irrelevant / Excessive Persona,0.0859,202,0.296
21aaa14d3601d3105d4e3290e4baba0b,2,No Smell,0.2277,Format Ambiguity,0.1127,Conflicting Constraints,0.1059,Unnecessary Repetition,0.1055,13,0.293
204e02f120eb382eb635e24789861936,1,Format Ambiguity,0.1999,No Smell,0.1988,Ambiguous References,0.0940,Vague / Missing Context,0.0848,71,0.295
ab9cfbfdaf93497cc8a3868db9d12f60,1,Vague / Missing Context,0.2132,Format Ambiguity,0.1451,No Smell,0.1312,Ambiguous References,0.0861,4000,0.689
ab9cfbfdaf93497cc8a3868db9d12f60,2,Format Ambiguity,0.2009,Vague / Missing Context,0.1922,No Smell,0.1473,Overloaded Prompt,0.1036,53,0.299
ab9cfbfdaf93497cc8a3868db9d12f60,3,Format Ambiguity,0.1911,No Smell,0.1764,Vague / Missing Context,0.1681,Irrelevant / Excessive Persona,0.0723,46,0.293
ab9cfbfdaf93497cc8a3868db9d12f60,4,Vague / Missing Context,0.1951,Format Ambiguity,0.1775,No Smell,0.1575,Ambiguous References,0.0754,58,0.293
ab9cfbfdaf93497cc8a3868db9d12f60,5,Vague / Missing Context,0.1702,No Smell,0.1569,Format Ambiguity,0.1228,Ambiguous References,0.0953,41,0.293
68c1a5f9c7b9739ed4fefc0ffd964a3d,1,Vague / Missing Context,0.1702,No Smell,0.1569,Format Ambiguity,0.1228,Ambiguous References,0.0953,41,0.249
c50d93b49997de7e21f1274ddb65a69b,1,No Smell,0.1795,Format Ambiguity,0.1738,Vague / Missing Context,0.0894,Overloaded Prompt,0.0864,133,0.294
c50d93b49997de7e21f1274ddb65a69b,2,No Smell,0.1666,Format Ambiguity,0.1144,Vague / Missing Context,0.1073,Ambiguous References,0.1048,17,0.293
8fadc219cd1b101b3f59ac49ad05e822,1,No Smell,0.2086,Format Ambiguity,0.1392,Prompt Bloat / Convoluted Prompt,0.0909,Ambiguous References,0.0860,344,0.362
8fadc219cd1b101b3f59ac49ad05e822,2,No Smell,0.2047,Format Ambiguity,0.1391,Prompt Bloat / Convoluted Prompt,0.0923,Ambiguous References,0.0854,257,0.321
8fadc219cd1b101b3f59ac49ad05e822,3,No Smell,0.1901,Format Ambiguity,0.1319,Prompt Bloat / Convoluted Prompt,0.0960,Ambiguous References,0.0952,292,0.316
d216d57de3217c1603e48258f3237237,1,Format Ambiguity,0.1931,No Smell,0.1708,Overloaded Prompt,0.0874,Vague / Missing Context,0.0855,71,0.293
d216d57de3217c1603e48258f3237237,2,No Smell,0.1474,Format Ambiguity,0.1245,Irrelevant / Excessive Persona,0.1151,Ambiguous References,0.1088,887,0.400
d216d57de3217c1603e48258f3237237,3,No Smell,0.1987,Format Ambiguity,0.1468,Irrelevant / Excessive Persona,0.1202,Conflicting Constraints,0.0794,103,0.294
af3f847d6231cd603d4b2e59597610bc,1,No Smell,0.2022,Format Ambiguity,0.1426,Overloaded Prompt,0.1051,Unnecessary Repetition,0.0901,88,0.294
af3f847d6231cd603d4b2e59597610bc,3,No Smell,0.1706,Format Ambiguity,0.1128,Overloaded Prompt,0.1108,Unnecessary Repetition,0.0924,13,0.293
d959e3ce2132b1b9e86e8f97f1ea0aca,1,No Smell,0.1462,Vague / Missing Context,0.1418,Conflicting Constraints,0.1197,Format Ambiguity,0.1195,2485,0.577
f464382e7db8e52173f0ab9e22069727,5,Overloaded Prompt,0.1705,No Smell,0.1250,Vague / Missing Context,0.1063,Prompt Bloat / Convoluted Prompt,0.1031,289,0.320
f464382e7db8e52173f0ab9e22069727,6,No Smell,0.2051,Format Ambiguity,0.1223,Ambiguous References,0.1170,Unnecessary Repetition,0.0878,77,0.294
f464382e7db8e52173f0ab9e22069727,7,Overloaded Prompt,0.1590,No Smell,0.1293,Vague / Missing Context,0.1047,Prompt Bloat / Convoluted Prompt,0.1011,297,0.321
2e432161b8e2a41d21a6b84849a962e8,1,No Smell,0.1652,Format Ambiguity,0.1534,Vague / Missing Context,0.1344,Overloaded Prompt,0.0952,51,0.293
2e432161b8e2a41d21a6b84849a962e8,2,No Smell,0.1860,Format Ambiguity,0.1396,Vague / Missing Context,0.1260,Prompt Bloat / Convoluted Prompt,0.0788,208,0.296
10f3ead5d93a0e3c2b6b3e19300d526c,1,No Smell,0.2078,Format Ambiguity,0.1041,Conflicting Constraints,0.0960,Unnecessary Repetition,0.0907,95,0.294
10f3ead5d93a0e3c2b6b3e19300d526c,2,Format Ambiguity,0.1743,No Smell,0.1712,Vague / Missing Context,0.1438,Overloaded Prompt,0.0924,67,0.294
10f3ead5d93a0e3c2b6b3e19300d526c,3,No Smell,0.2108,Format Ambiguity,0.1812,Vague / Missing Context,0.0858,Conflicting Constraints,0.0804,77,0.294
10f3ead5d93a0e3c2b6b3e19300d526c,4,No Smell,0.1711,Conflicting Constraints,0.1069,Prompt Bloat / Convoluted Prompt,0.1008,Ambiguous References,0.0969,290,0.318
10f3ead5d93a0e3c2b6b3e19300d526c,5,No Smell,0.1534,Prompt Bloat / Convoluted Prompt,0.1107,Conflicting Constraints,0.1102,Ambiguous References,0.0987,328,0.330
d8109c873a7ca3223ed38720b8f55f37,1,No Smell,0.1462,Vague / Missing Context,0.1418,Conflicting Constraints,0.1197,Format Ambiguity,0.1195,2485,0.576
a2e621324e724bf2685befdc226cbe73,1,No Smell,0.1344,Ambiguous References,0.1318,Prompt Bloat / Convoluted Prompt,0.1154,Format Ambiguity,0.1110,3383,0.882
a2e621324e724bf2685befdc226cbe73,2,No Smell,0.1826,Format Ambiguity,0.1293,Vague / Missing Context,0.1169,Ambiguous References,0.1027,197,0.297
a2e621324e724bf2685befdc226cbe73,3,No Smell,0.1308,Format Ambiguity,0.1252,Unnecessary Repetition,0.1207,Vague / Missing Context,0.1059,50,0.293
a2e621324e724bf2685befdc226cbe73,4,Prompt Bloat / Convoluted Prompt,0.1243,Unnecessary Repetition,0.1223,No Smell,0.1086,Overloaded Prompt,0.1046,2243,0.627
a2e621324e724bf2685befdc226cbe73,5,No Smell,0.1548,Format Ambiguity,0.1315,Ambiguous References,0.1177,Vague / Missing Context,0.1114,36,0.294
a2e621324e724bf2685befdc226cbe73,6,Ambiguous References,0.2202,Vague / Missing Context,0.2054,Format Ambiguity,0.1234,No Smell,0.0985,54,0.295
8d3f5e69decb067ed366342aa75886de,1,Vague / Missing Context,0.2091,No Smell,0.1780,Format Ambiguity,0.1597,Ambiguous References,0.0740,755,0.362
8d3f5e69decb067ed366342aa75886de,2,Vague / Missing Context,0.1668,No Smell,0.1585,Format Ambiguity,0.1546,Ambiguous References,0.0833,90,0.294
8d3f5e69decb067ed366342aa75886de,3,Vague / Missing Context,0.1923,Overloaded Prompt,0.1397,Format Ambiguity,0.1326,No Smell,0.1106,1232,0.413
8d3f5e69decb067ed366342aa75886de,5,Vague / Missing Context,0.2365,Format Ambiguity,0.1375,No Smell,0.1151,Overloaded Prompt,0.1076,36,0.294
8d3f5e69decb067ed366342aa75886de,6,Overloaded Prompt,0.1816,Vague / Missing Context,0.1739,Format Ambiguity,0.1367,No Smell,0.1330,242,0.297
544fe8c41b5513749880f86cd64ddf37,1,No Smell,0.1711,Irrelevant / Excessive Persona,0.1472,Format Ambiguity,0.1044,Ambiguous References,0.1030,420,0.322
9953b346d5944bb7785577e05bd2fe84,1,No Smell,0.1672,Format Ambiguity,0.1335,Vague / Missing Context,0.1263,Overloaded Prompt,0.0942,81,0.293
58687edb209a38648593339c97a1106b,1,Vague / Missing Context,0.1499,Formality / Audience Mismatch,0.1208,Ambiguous References,0.1115,Prompt Bloat / Convoluted Prompt,0.1095,262,0.297
dd3f1ceca4bd9a7bfadb4e54d6ded2a7,1,No Smell,0.1657,Ambiguous References,0.1198,Format Ambiguity,0.1172,Unnecessary Repetition,0.0982,857,0.362
dd3f1ceca4bd9a7bfadb4e54d6ded2a7,2,No Smell,0.1571,Vague / Missing Context,0.1308,Ambiguous References,0.1268,Format Ambiguity,0.1268,115,0.294
c25ad48872441ce3175eef19b7cb9782,2,No Smell,0.1460,Format Ambiguity,0.1459,Vague / Missing Context,0.1380,Irrelevant / Excessive Persona,0.1127,199,0.296
c25ad48872441ce3175eef19b7cb9782,3,Format Ambiguity,0.1690,Vague / Missing Context,0.1555,No Smell,0.1434,Irrelevant / Excessive Persona,0.0870,118,0.294
c25ad48872441ce3175eef19b7cb9782,4,Format Ambiguity,0.1867,Vague / Missing Context,0.1618,No Smell,0.1542,Overloaded Prompt,0.0943,97,0.294
c25ad48872441ce3175eef19b7cb9782,5,No Smell,0.1908,Format Ambiguity,0.1191,Vague / Missing Context,0.0967,Irrelevant / Excessive Persona,0.0894,97,0.294
c25ad48872441ce3175eef19b7cb9782,6,Vague / Missing Context,0.1830,Format Ambiguity,0.1819,No Smell,0.1691,Unnecessary Repetition,0.0721,24,0.293
c25ad48872441ce3175eef19b7cb9782,7,No Smell,0.1873,Vague / Missing Context,0.1335,Format Ambiguity,0.1256,Unnecessary Repetition,0.0852,97,0.294
c25ad48872441ce3175eef19b7cb9782,8,Format Ambiguity,0.2306,Overloaded Prompt,0.2135,No Smell,0.1193,Vague / Missing Context,0.0965,81,0.295
c25ad48872441ce3175eef19b7cb9782,9,No Smell,0.1924,Unnecessary Repetition,0.1132,Format Ambiguity,0.1009,Vague / Missing Context,0.0990,55,0.294
8e50ac626d949f35976e14ca6d11bf58,1,No Smell,0.1676,Ambiguous References,0.1369,Irrelevant / Excessive Persona,0.1119,Format Ambiguity,0.1106,1597,0.461
8e50ac626d949f35976e14ca6d11bf58,2,No Smell,0.1832,Format Ambiguity,0.1814,Vague / Missing Context,0.1544,Unnecessary Repetition,0.0737,262,0.297
dec93fca5e8dff1d194f1358fdd45229,1,No Smell,0.1798,Format Ambiguity,0.1275,Vague / Missing Context,0.1045,Unnecessary Repetition,0.0945,41,0.293
dec93fca5e8dff1d194f1358fdd45229,2,Vague / Missing Context,0.1643,No Smell,0.1499,Format Ambiguity,0.1393,Overloaded Prompt,0.0951,66,0.293
a6ef99cfeb21780e3b970d2bd43cf69a,3,No Smell,0.1668,Ambiguous References,0.1413,Conflicting Constraints,0.1030,Format Ambiguity,0.0945,23,0.292
a6ef99cfeb21780e3b970d2bd43cf69a,4,No Smell,0.2574,Ambiguous References,0.1364,Format Ambiguity,0.1258,Irrelevant / Excessive Persona,0.0995,15,0.292
1390f5bc94c47e13aa8ddf2432cd963a,1,No Smell,0.2070,Format Ambiguity,0.1671,Overloaded Prompt,0.1132,Irrelevant / Excessive Persona,0.0949,40,0.293
d9d363a981d73b5a1394c75e50c43307,1,No Smell,0.1732,Vague / Missing Context,0.1593,Format Ambiguity,0.1527,Overloaded Prompt,0.1212,1418,0.451
f8b095f36d26c26a8349212a110a09c9,1,No Smell,0.1526,Format Ambiguity,0.1361,Vague / Missing Context,0.1270,Conflicting Constraints,0.0883,70,0.293
615a2e342547fe91a48c5380cb8f38fa,1,Vague / Missing Context,0.1644,No Smell,0.1523,Format Ambiguity,0.1421,Prompt Bloat / Convoluted Prompt,0.0897,453,0.362
615a2e342547fe91a48c5380cb8f38fa,2,No Smell,0.1507,Format Ambiguity,0.1456,Vague / Missing Context,0.1271,Ambiguous References,0.1002,90,0.294
9fa1b9c3f37b0513d4117b061455464f,1,Vague / Missing Context,0.1661,No Smell,0.1483,Format Ambiguity,0.1429,Prompt Bloat / Convoluted Prompt,0.0890,460,0.362
15abfa2b235274f6aebd4e33473c6507,2,No Smell,0.1920,Vague / Missing Context,0.1719,Format Ambiguity,0.1584,Irrelevant / Excessive Persona,0.0738,60,0.294
15abfa2b235274f6aebd4e33473c6507,4,No Smell,0.2034,Format Ambiguity,0.1674,Vague / Missing Context,0.1361,Irrelevant / Excessive Persona,0.0762,34,0.294
15abfa2b235274f6aebd4e33473c6507,5,No Smell,0.2173,Format Ambiguity,0.1725,Vague / Missing Context,0.1379,Irrelevant / Excessive Persona,0.0743,34,0.293
15abfa2b235274f6aebd4e33473c6507,6,No Smell,0.1961,Format Ambiguity,0.1632,Vague / Missing Context,0.1351,Irrelevant / Excessive Persona,0.0765,35,0.294
15abfa2b235274f6aebd4e33473c6507,7,No Smell,0.1894,Vague / Missing Context,0.1750,Format Ambiguity,0.1378,Overloaded Prompt,0.0784,42,0.294
15abfa2b235274f6aebd4e33473c6507,8,No Smell,0.2051,Format Ambiguity,0.1457,Vague / Missing Context,0.1417,Overloaded Prompt,0.0815,59,0.295
15abfa2b235274f6aebd4e33473c6507,9,No Smell,0.2559,Vague / Missing Context,0.1248,Format Ambiguity,0.1226,Unnecessary Repetition,0.0833,24,0.294
ee073b287440271a20232c0f53600ada,1,No Smell,0.1734,Vague / Missing Context,0.1146,Format Ambiguity,0.1121,Bias / Loaded Framing,0.1044,42,0.293
ee073b287440271a20232c0f53600ada,2,No Smell,0.1772,Format Ambiguity,0.1400,Vague / Missing Context,0.1265,Overloaded Prompt,0.0996,72,0.294
ee073b287440271a20232c0f53600ada,3,No Smell,0.1810,Format Ambiguity,0.1434,Vague / Missing Context,0.1245,Unnecessary Repetition,0.0920,74,0.293
e61152facc5b4d8571e764edbda1c7c7,1,No Smell,0.1672,Vague / Missing Context,0.1189,Format Ambiguity,0.1168,Overloaded Prompt,0.0928,51,0.294
872c3260351ac10f330a92413379f288,1,No Smell,0.2295,Format Ambiguity,0.1283,Vague / Missing Context,0.1016,Ambiguous References,0.0918,79,0.293
872c3260351ac10f330a92413379f288,2,No Smell,0.1710,Format Ambiguity,0.1457,Vague / Missing Context,0.0927,Irrelevant / Excessive Persona,0.0913,69,0.293
872c3260351ac10f330a92413379f288,3,No Smell,0.1646,Vague / Missing Context,0.1515,Format Ambiguity,0.1318,Ambiguous References,0.0841,71,0.293
872c3260351ac10f330a92413379f288,4,No Smell,0.1498,Unnecessary Repetition,0.1386,Vague / Missing Context,0.1290,Format Ambiguity,0.0937,141,0.293
872c3260351ac10f330a92413379f288,5,Vague / Missing Context,0.2924,No Smell,0.1437,Format Ambiguity,0.1296,Ambiguous References,0.0744,93,0.293
872c3260351ac10f330a92413379f288,6,No Smell,0.1858,Format Ambiguity,0.1785,Overloaded Prompt,0.1242,Vague / Missing Context,0.1116,62,0.293
872c3260351ac10f330a92413379f288,7,No Smell,0.1938,Format Ambiguity,0.1458,Vague / Missing Context,0.1054,Unnecessary Repetition,0.0928,62,0.293
872c3260351ac10f330a92413379f288,8,No Smell,0.1908,Format Ambiguity,0.1442,Vague / Missing Context,0.1064,Unnecessary Repetition,0.0908,58,0.293
872c3260351ac10f330a92413379f288,9,No Smell,0.2018,Format Ambiguity,0.1399,Vague / Missing Context,0.1038,Irrelevant / Excessive Persona,0.0895,62,0.293
872c3260351ac10f330a92413379f288,10,No Smell,0.1762,Format Ambiguity,0.1445,Vague / Missing Context,0.1221,Unnecessary Repetition,0.0925,64,0.293
872c3260351ac10f330a92413379f288,11,Vague / Missing Context,0.1891,No Smell,0.1881,Format Ambiguity,0.1766,Overloaded Prompt,0.0858,71,0.293
5aaca94b8af80f6e3e955b3b8c755a21,1,Vague / Missing Context,0.1891,No Smell,0.1881,Format Ambiguity,0.1766,Overloaded Prompt,0.0858,71,0.250
43af628835f2503775b5d47c6d82bfa5,1,Unnecessary Repetition,0.2684,No Smell,0.1430,Format Ambiguity,0.1056,Vague / Missing Context,0.0882,86,0.294
43af628835f2503775b5d47c6d82bfa5,2,Unnecessary Repetition,0.2059,No Smell,0.1721,Format Ambiguity,0.1096,Vague / Missing Context,0.1024,182,0.295
43af628835f2503775b5d47c6d82bfa5,3,Vague / Missing Context,0.1810,No Smell,0.1773,Unnecessary Repetition,0.1205,Format Ambiguity,0.1190,153,0.295
43af628835f2503775b5d47c6d82bfa5,4,No Smell,0.2427,Unnecessary Repetition,0.1809,Format Ambiguity,0.1130,Vague / Missing Context,0.0928,189,0.295
43af628835f2503775b5d47c6d82bfa5,5,No Smell,0.1825,Unnecessary Repetition,0.1580,Format Ambiguity,0.1257,Vague / Missing Context,0.0965,198,0.296
43af628835f2503775b5d47c6d82bfa5,6,Unnecessary Repetition,0.1472,No Smell,0.1218,Formality / Audience Mismatch,0.1119,Format Ambiguity,0.1109,133,0.295
43af628835f2503775b5d47c6d82bfa5,7,Unnecessary Repetition,0.1716,No Smell,0.1583,Format Ambiguity,0.1183,Vague / Missing Context,0.1157,201,0.296
43af628835f2503775b5d47c6d82bfa5,8,Unnecessary Repetition,0.1892,No Smell,0.1413,Vague / Missing Context,0.1137,Format Ambiguity,0.1007,171,0.296
af0f173a152788d345fcc080a80d2aad,1,Format Ambiguity,0.1830,No Smell,0.1229,Formality / Audience Mismatch,0.1130,Vague / Missing Context,0.1116,74,0.293
af0f173a152788d345fcc080a80d2aad,2,No Smell,0.1663,Format Ambiguity,0.1567,Vague / Missing Context,0.1242,Formality / Audience Mismatch,0.0875,186,0.295
af0f173a152788d345fcc080a80d2aad,3,No Smell,0.1952,Format Ambiguity,0.1233,Ambiguous References,0.1033,Vague / Missing Context,0.0884,26,0.293
af0f173a152788d345fcc080a80d2aad,4,No Smell,0.2140,Format Ambiguity,0.1252,Vague / Missing Context,0.0986,Conflicting Constraints,0.0878,13,0.293
18e2c7174b83d092d79cf0d37704b8cd,2,No Smell,0.2108,Format Ambiguity,0.1061,Irrelevant / Excessive Persona,0.0904,Vague / Missing Context,0.0891,79,0.294
18e2c7174b83d092d79cf0d37704b8cd,3,No Smell,0.1913,Format Ambiguity,0.1362,Vague / Missing Context,0.0973,Ambiguous References,0.0903,38,0.403
f9050fead3dfcda6031304db1fc22331,1,No Smell,0.1853,Vague / Missing Context,0.1428,Format Ambiguity,0.1284,Ambiguous References,0.0963,491,0.323
81985ecf14fc6833ffb78c7341cc9366,1,Vague / Missing Context,0.1692,No Smell,0.1477,Format Ambiguity,0.1475,Prompt Bloat / Convoluted Prompt,0.0904,455,0.362
81985ecf14fc6833ffb78c7341cc9366,2,Format Ambiguity,0.1865,Vague / Missing Context,0.1706,No Smell,0.1395,Overloaded Prompt,0.0840,53,0.293
81985ecf14fc6833ffb78c7341cc9366,3,Format Ambiguity,0.1608,No Smell,0.1490,Vague / Missing Context,0.1345,Conflicting Constraints,0.0882,14,0.293
7d680aa1427a81fd45d01d35a9c9c2af,1,No Smell,0.1662,Format Ambiguity,0.1440,Vague / Missing Context,0.1091,Irrelevant / Excessive Persona,0.0936,59,0.293
f5628eeb1ccb720dba4483e31a91e3f3,1,No Smell,0.2000,Format Ambiguity,0.1613,Vague / Missing Context,0.1095,Unnecessary Repetition,0.0760,486,0.316
8aa2f9ec96ed9658b0eeb0e89eb963f9,1,No Smell,0.1894,Format Ambiguity,0.1225,Unnecessary Repetition,0.1018,Prompt Bloat / Convoluted Prompt,0.0923,4000,0.496
022e15065a6c37be70ed17b0de37be9d,1,No Smell,0.2176,Format Ambiguity,0.1490,Unnecessary Repetition,0.0928,Vague / Missing Context,0.0866,145,0.295
022e15065a6c37be70ed17b0de37be9d,2,Format Ambiguity,0.1882,No Smell,0.1735,Vague / Missing Context,0.1029,Overloaded Prompt,0.0925,98,0.294
022e15065a6c37be70ed17b0de37be9d,3,No Smell,0.1906,Conflicting Constraints,0.1118,Vague / Missing Context,0.1021,Format Ambiguity,0.1018,109,0.295
022e15065a6c37be70ed17b0de37be9d,4,No Smell,0.1618,Format Ambiguity,0.1549,Overloaded Prompt,0.1169,Unnecessary Repetition,0.0928,47,0.293
022e15065a6c37be70ed17b0de37be9d,5,No Smell,0.2084,Format Ambiguity,0.1114,Overloaded Prompt,0.0973,Vague / Missing Context,0.0953,63,0.294
022e15065a6c37be70ed17b0de37be9d,6,No Smell,0.1785,Format Ambiguity,0.1096,Unnecessary Repetition,0.1030,Ambiguous References,0.0906,89,0.294
022e15065a6c37be70ed17b0de37be9d,7,No Smell,0.1908,Format Ambiguity,0.1415,Ambiguous References,0.1060,Overloaded Prompt,0.0877,102,0.294
022e15065a6c37be70ed17b0de37be9d,9,No Smell,0.2193,Format Ambiguity,0.1427,Overloaded Prompt,0.1182,Unnecessary Repetition,0.0821,133,0.295
022e15065a6c37be70ed17b0de37be9d,10,No Smell,0.1761,Format Ambiguity,0.1335,Ambiguous References,0.0985,Vague / Missing Context,0.0927,109,0.295
022e15065a6c37be70ed17b0de37be9d,11,No Smell,0.2148,Format Ambiguity,0.1140,Vague / Missing Context,0.1004,Conflicting Constraints,0.0928,68,0.294
a3759f1694cb7e4ce3a99ae70a08f80f,6,No Smell,0.1814,Format Ambiguity,0.1232,Unnecessary Repetition,0.1065,Conflicting Constraints,0.1057,25,0.293
a3759f1694cb7e4ce3a99ae70a08f80f,7,No Smell,0.2004,Format Ambiguity,0.1132,Unnecessary Repetition,0.0917,Overloaded Prompt,0.0900,143,0.296
a3759f1694cb7e4ce3a99ae70a08f80f,8,No Smell,0.1770,Vague / Missing Context,0.1100,Format Ambiguity,0.1055,Conflicting Constraints,0.1027,28,0.293
ab144ccbcd85f93bede2a060f7c80afa,1,No Smell,0.2437,Format Ambiguity,0.1474,Unnecessary Repetition,0.0837,Vague / Missing Context,0.0833,136,0.295
2ca101c7d28c6e5b4d84a8214c79511d,7,No Smell,0.1472,Ambiguous References,0.1316,Format Ambiguity,0.1133,Vague / Missing Context,0.0918,77,0.296
4c82e558f00bde97b3461512b57f981f,1,No Smell,0.1688,Format Ambiguity,0.1457,Irrelevant / Excessive Persona,0.1135,Vague / Missing Context,0.1079,81,0.294
4c82e558f00bde97b3461512b57f981f,2,No Smell,0.1687,Format Ambiguity,0.1528,Vague / Missing Context,0.1221,Overloaded Prompt,0.0877,72,0.294
4c82e558f00bde97b3461512b57f981f,3,No Smell,0.1605,Format Ambiguity,0.1520,Vague / Missing Context,0.1032,Unnecessary Repetition,0.1002,79,0.294
4c82e558f00bde97b3461512b57f981f,4,No Smell,0.1868,Format Ambiguity,0.1526,Vague / Missing Context,0.1146,Irrelevant / Excessive Persona,0.0856,69,0.294
ddfcbdd8bc758f14a9ec3e75beb36a61,1,No Smell,0.1596,Format Ambiguity,0.1273,Ambiguous References,0.1146,Prompt Bloat / Convoluted Prompt,0.1049,111,0.295
ddfcbdd8bc758f14a9ec3e75beb36a61,3,No Smell,0.2050,Ambiguous References,0.1191,Conflicting Constraints,0.1068,Format Ambiguity,0.1053,296,0.323
ddfcbdd8bc758f14a9ec3e75beb36a61,5,No Smell,0.1902,Format Ambiguity,0.1331,Conflicting Constraints,0.1022,Unnecessary Repetition,0.0941,118,0.296
ddfcbdd8bc758f14a9ec3e75beb36a61,6,No Smell,0.1814,Format Ambiguity,0.1141,Ambiguous References,0.1132,Prompt Bloat / Convoluted Prompt,0.0997,117,0.295
ddfcbdd8bc758f14a9ec3e75beb36a61,7,No Smell,0.1772,Vague / Missing Context,0.1324,Format Ambiguity,0.1195,Overloaded Prompt,0.0896,187,0.297
96592088dfa7ee7bb6c5201a5ad71bc2,1,Format Ambiguity,0.2706,No Smell,0.2155,Overloaded Prompt,0.0922,Unnecessary Repetition,0.0715,39,0.294
7b1f81291298485799c75725efb0f9b1,1,No Smell,0.1593,Format Ambiguity,0.1568,Vague / Missing Context,0.0987,Overloaded Prompt,0.0875,274,0.320
7b1f81291298485799c75725efb0f9b1,2,Unnecessary Repetition,0.1793,No Smell,0.1504,Format Ambiguity,0.0966,Conflicting Constraints,0.0941,63,0.293
ae58cef69ae786bda1b6c9854ec6de3a,1,Vague / Missing Context,0.1781,No Smell,0.1681,Format Ambiguity,0.1471,Overloaded Prompt,0.0878,61,0.293
ae58cef69ae786bda1b6c9854ec6de3a,2,Vague / Missing Context,0.2079,Format Ambiguity,0.1368,Ambiguous References,0.1043,Overloaded Prompt,0.1041,69,0.294
8b2ca039fca2fedab753966b9f5331e3,2,Irrelevant / Excessive Persona,0.2046,No Smell,0.1445,Vague / Missing Context,0.1243,Format Ambiguity,0.1175,65,0.294
9f1093fd06f9d1bdf8904dbaacb2c2c2,2,Irrelevant / Excessive Persona,0.2320,No Smell,0.1723,Format Ambiguity,0.1192,Vague / Missing Context,0.0942,37,0.293
a5786711b76393c321eeb2f28962b1c5,1,No Smell,0.2552,Format Ambiguity,0.1394,Ambiguous References,0.1077,Irrelevant / Excessive Persona,0.0820,150,0.295
ebe8eea0f8e4ba2ec2e2e3f9b99a0090,1,No Smell,0.2057,Format Ambiguity,0.1858,Vague / Missing Context,0.1090,Irrelevant / Excessive Persona,0.0770,505,0.317
ebe8eea0f8e4ba2ec2e2e3f9b99a0090,2,No Smell,0.1853,Format Ambiguity,0.1733,Vague / Missing Context,0.1276,Irrelevant / Excessive Persona,0.0860,282,0.297
314a72fc0148e47ad147c49555f50a19,2,No Smell,0.1863,Format Ambiguity,0.1429,Vague / Missing Context,0.1073,Irrelevant / Excessive Persona,0.1006,59,0.295
314a72fc0148e47ad147c49555f50a19,3,No Smell,0.1659,Format Ambiguity,0.1355,Vague / Missing Context,0.1165,Overloaded Prompt,0.0895,55,0.295
314a72fc0148e47ad147c49555f50a19,4,No Smell,0.1783,Format Ambiguity,0.1424,Irrelevant / Excessive Persona,0.1019,Vague / Missing Context,0.0999,55,0.294
37ed5b43e375878c8ea2381b7e85d542,1,No Smell,0.1767,Format Ambiguity,0.1210,Vague / Missing Context,0.0986,Irrelevant / Excessive Persona,0.0891,29,0.293
602c6befd9087852d4cd84752397846d,1,Vague / Missing Context,0.1522,No Smell,0.1397,Format Ambiguity,0.1387,Ambiguous References,0.0951,2250,0.516
602c6befd9087852d4cd84752397846d,2,Format Ambiguity,0.1865,Vague / Missing Context,0.1706,No Smell,0.1395,Overloaded Prompt,0.0840,53,0.294
602c6befd9087852d4cd84752397846d,3,No Smell,0.1851,Vague / Missing Context,0.1703,Format Ambiguity,0.1587,Unnecessary Repetition,0.0717,80,0.295
602c6befd9087852d4cd84752397846d,4,Format Ambiguity,0.1565,Vague / Missing Context,0.1536,No Smell,0.1455,Overloaded Prompt,0.0867,293,0.297
5b3778910bd6e3befcef5e58d418560c,1,No Smell,0.1700,Format Ambiguity,0.1276,Vague / Missing Context,0.1041,Ambiguous References,0.0904,37,0.293
5b3778910bd6e3befcef5e58d418560c,2,No Smell,0.1784,Format Ambiguity,0.1101,Ambiguous References,0.1036,Vague / Missing Context,0.1001,43,0.294
5b3778910bd6e3befcef5e58d418560c,3,No Smell,0.1802,Format Ambiguity,0.1662,Vague / Missing Context,0.1094,Conflicting Constraints,0.0833,37,0.294
5b3778910bd6e3befcef5e58d418560c,4,No Smell,0.1666,Format Ambiguity,0.1497,Vague / Missing Context,0.0976,Ambiguous References,0.0891,71,0.296
03b04665937db24f23b78099315efe2d,2,No Smell,0.1656,Prompt Bloat / Convoluted Prompt,0.1035,Format Ambiguity,0.0971,Ambiguous References,0.0962,969,0.450
03b04665937db24f23b78099315efe2d,3,No Smell,0.1446,Unnecessary Repetition,0.1201,Prompt Bloat / Convoluted Prompt,0.1110,Conflicting Constraints,0.0934,880,0.422
1468f563d622e0478fcdc576af81352c,1,No Smell,0.1365,Unnecessary Repetition,0.1233,Conflicting Constraints,0.1162,Ambiguous References,0.1086,1463,0.518
09c62607008cf792f16604d46a7fb02b,1,No Smell,0.1700,Vague / Missing Context,0.1337,Format Ambiguity,0.1280,Ambiguous References,0.1031,62,0.295
09c62607008cf792f16604d46a7fb02b,2,No Smell,0.1265,Formality / Audience Mismatch,0.1259,Ambiguous References,0.1129,Format Ambiguity,0.1092,472,0.330
09c62607008cf792f16604d46a7fb02b,3,No Smell,0.1691,Format Ambiguity,0.1312,Vague / Missing Context,0.1068,Ambiguous References,0.1048,63,0.294
8f253ab107ee7a50f22e9f8dfa1d9c09,1,Vague / Missing Context,0.1602,No Smell,0.1601,Format Ambiguity,0.1307,Ambiguous References,0.0825,40,0.294
8f253ab107ee7a50f22e9f8dfa1d9c09,2,Vague / Missing Context,0.1647,No Smell,0.1534,Format Ambiguity,0.1122,Irrelevant / Excessive Persona,0.0938,44,0.295
790de5229eed1e730cde262893f4688d,1,Vague / Missing Context,0.1522,No Smell,0.1397,Format Ambiguity,0.1387,Ambiguous References,0.0951,2250,0.516
790de5229eed1e730cde262893f4688d,2,Format Ambiguity,0.1865,Vague / Missing Context,0.1706,No Smell,0.1395,Overloaded Prompt,0.0840,53,0.294
790de5229eed1e730cde262893f4688d,3,No Smell,0.1877,Vague / Missing Context,0.1705,Format Ambiguity,0.1598,Ambiguous References,0.0727,211,0.296
5cf547544c0142b6148dd8dc9a44f9db,1,No Smell,0.1708,Vague / Missing Context,0.1564,Format Ambiguity,0.1552,Ambiguous References,0.0795,58,0.293
5cf547544c0142b6148dd8dc9a44f9db,2,No Smell,0.1840,Format Ambiguity,0.1266,Vague / Missing Context,0.1023,Unnecessary Repetition,0.0923,69,0.294
5cf547544c0142b6148dd8dc9a44f9db,4,No Smell,0.2123,Unnecessary Repetition,0.1167,Format Ambiguity,0.0944,Conflicting Constraints,0.0887,28,0.293
5cf547544c0142b6148dd8dc9a44f9db,5,No Smell,0.2286,Format Ambiguity,0.1148,Unnecessary Repetition,0.1039,Vague / Missing Context,0.0874,87,0.294
22f7b37227314cc96aa06cdb60145bf7,1,Vague / Missing Context,0.1998,Formality / Audience Mismatch,0.1601,No Smell,0.1542,Format Ambiguity,0.1475,861,0.397
f10dd13d2d05f7fb26ee18a932b1f2ce,1,Format Ambiguity,0.1577,No Smell,0.1410,Ambiguous References,0.1250,Vague / Missing Context,0.1232,217,0.296
f10dd13d2d05f7fb26ee18a932b1f2ce,3,No Smell,0.1578,Format Ambiguity,0.1234,Unnecessary Repetition,0.1073,Vague / Missing Context,0.1064,74,0.295
f10dd13d2d05f7fb26ee18a932b1f2ce,5,No Smell,0.1600,Format Ambiguity,0.1290,Vague / Missing Context,0.1194,Conflicting Constraints,0.0879,22,0.295
b749a5c15ac89a745e011ec244fbd56c,1,Vague / Missing Context,0.1522,No Smell,0.1397,Format Ambiguity,0.1387,Ambiguous References,0.0951,2250,0.517
b749a5c15ac89a745e011ec244fbd56c,2,Format Ambiguity,0.1865,Vague / Missing Context,0.1706,No Smell,0.1395,Overloaded Prompt,0.0840,53,0.293
b749a5c15ac89a745e011ec244fbd56c,3,No Smell,0.1877,Vague / Missing Context,0.1705,Format Ambiguity,0.1598,Ambiguous References,0.0727,211,0.296
b749a5c15ac89a745e011ec244fbd56c,4,Vague / Missing Context,0.1569,Format Ambiguity,0.1507,No Smell,0.1444,Ambiguous References,0.0892,339,0.320
7b93c4a568df061ffed194cae28efda6,1,No Smell,0.1701,Format Ambiguity,0.1256,Vague / Missing Context,0.1228,Ambiguous References,0.0874,31,0.294
1a48cf0af441a2eef33052a8d9ba30db,1,Overloaded Prompt,0.1499,Vague / Missing Context,0.1206,Ambiguous References,0.1143,No Smell,0.1040,463,0.330
1a48cf0af441a2eef33052a8d9ba30db,2,No Smell,0.2117,Format Ambiguity,0.1662,Overloaded Prompt,0.1109,Vague / Missing Context,0.1021,433,0.323
3ed4c298f41415519cd71ccf238c65cc,1,Vague / Missing Context,0.2091,No Smell,0.1780,Format Ambiguity,0.1597,Ambiguous References,0.0740,755,0.363
3ed4c298f41415519cd71ccf238c65cc,2,Vague / Missing Context,0.1889,No Smell,0.1468,Format Ambiguity,0.1430,Overloaded Prompt,0.1318,292,0.296
3ed4c298f41415519cd71ccf238c65cc,3,Format Ambiguity,0.1663,Vague / Missing Context,0.1532,No Smell,0.1323,Overloaded Prompt,0.1172,45,0.293
b2df80c55bee5bb29b92d63d9784b10f,1,Format Ambiguity,0.2037,Vague / Missing Context,0.1565,Overloaded Prompt,0.1533,No Smell,0.1209,522,0.318
71315b4bed4917ec22fd1f7f655b5dc3,1,Vague / Missing Context,0.1402,Format Ambiguity,0.1344,No Smell,0.1326,Ambiguous References,0.1194,104,0.296
a9b56caf9fa4584819cce328a7b2baf4,1,No Smell,0.2032,Format Ambiguity,0.1379,Vague / Missing Context,0.1015,Irrelevant / Excessive Persona,0.0859,55,0.294
a9b56caf9fa4584819cce328a7b2baf4,2,No Smell,0.1653,Format Ambiguity,0.1510,Prompt Bloat / Convoluted Prompt,0.1043,Ambiguous References,0.0915,4000,0.911
a9b56caf9fa4584819cce328a7b2baf4,3,No Smell,0.2206,Format Ambiguity,0.1155,Ambiguous References,0.0911,Conflicting Constraints,0.0884,61,0.294
a9b56caf9fa4584819cce328a7b2baf4,4,No Smell,0.1397,Vague / Missing Context,0.1326,Format Ambiguity,0.1300,Unnecessary Repetition,0.1240,20,0.293
a9b56caf9fa4584819cce328a7b2baf4,5,Ambiguous References,0.1839,Vague / Missing Context,0.1222,No Smell,0.1060,Format Ambiguity,0.0882,21,0.293
a9b56caf9fa4584819cce328a7b2baf4,6,Ambiguous References,0.1668,Vague / Missing Context,0.1342,No Smell,0.1068,Unnecessary Repetition,0.0891,19,0.294
42b83001833da67aa084f935cd18360c,1,Vague / Missing Context,0.1522,No Smell,0.1397,Format Ambiguity,0.1387,Ambiguous References,0.0951,2250,0.516
42b83001833da67aa084f935cd18360c,2,Format Ambiguity,0.1865,Vague / Missing Context,0.1706,No Smell,0.1395,Overloaded Prompt,0.0840,53,0.293
42b83001833da67aa084f935cd18360c,3,No Smell,0.1878,Format Ambiguity,0.1538,Vague / Missing Context,0.1365,Ambiguous References,0.0994,284,0.297
42b83001833da67aa084f935cd18360c,4,No Smell,0.1798,Format Ambiguity,0.1635,Vague / Missing Context,0.1450,Ambiguous References,0.0813,114,0.295
ce93f68b1b40761a1a5f820cf197ba96,1,Vague / Missing Context,0.2155,No Smell,0.1459,Format Ambiguity,0.1261,Irrelevant / Excessive Persona,0.0764,19,0.293
ce93f68b1b40761a1a5f820cf197ba96,2,No Smell,0.1752,Format Ambiguity,0.1543,Vague / Missing Context,0.1403,Unnecessary Repetition,0.0847,62,0.294
ce93f68b1b40761a1a5f820cf197ba96,3,Vague / Missing Context,0.1617,No Smell,0.1426,Format Ambiguity,0.1174,Irrelevant / Excessive Persona,0.1159,44,0.293
eab769b703f0a71f4ddc8b0b6624f9aa,1,No Smell,0.1543,Ambiguous References,0.1206,Format Ambiguity,0.1159,Conflicting Constraints,0.0990,1386,0.514
9da3a54eb617b47b920a3140c32c54ce,1,Vague / Missing Context,0.1889,Formality / Audience Mismatch,0.1627,Format Ambiguity,0.1484,No Smell,0.1480,827,0.395
8f997f1f3fddb7e809f9337555064c8d,1,Vague / Missing Context,0.1849,Format Ambiguity,0.1373,No Smell,0.1371,Ambiguous References,0.0959,265,0.320
9d3045d27f7bea6bd08a66d16fcaa48a,2,No Smell,0.1879,Vague / Missing Context,0.1276,Format Ambiguity,0.1265,Irrelevant / Excessive Persona,0.0833,23,0.294
9d3045d27f7bea6bd08a66d16fcaa48a,3,No Smell,0.1661,Ambiguous References,0.1170,Vague / Missing Context,0.1133,Format Ambiguity,0.1086,39,0.293
bbbfec0404b130f514c6f38bcc56d593,1,No Smell,0.1551,Format Ambiguity,0.1367,Vague / Missing Context,0.1276,Ambiguous References,0.1118,928,0.387
bbbfec0404b130f514c6f38bcc56d593,2,No Smell,0.1864,Format Ambiguity,0.1471,Vague / Missing Context,0.1208,Ambiguous References,0.0906,3011,0.579
bbbfec0404b130f514c6f38bcc56d593,3,No Smell,0.1709,Format Ambiguity,0.1379,Vague / Missing Context,0.1367,Ambiguous References,0.1132,97,0.293
bbbfec0404b130f514c6f38bcc56d593,4,Vague / Missing Context,0.2369,Format Ambiguity,0.1757,No Smell,0.1059,Ambiguous References,0.0874,172,0.294
bbbfec0404b130f514c6f38bcc56d593,5,Vague / Missing Context,0.2002,Format Ambiguity,0.1690,Ambiguous References,0.1571,No Smell,0.1199,40,0.293
bbbfec0404b130f514c6f38bcc56d593,6,No Smell,0.2153,Format Ambiguity,0.1175,Vague / Missing Context,0.1027,Ambiguous References,0.0929,4000,0.626
be68b87524080e02dce119bda412ce44,1,Vague / Missing Context,0.1305,Ambiguous References,0.1212,Format Ambiguity,0.1159,No Smell,0.1061,229,0.296
a1e033d8d1675d56de63d1348612e26e,1,No Smell,0.2092,Format Ambiguity,0.1656,Vague / Missing Context,0.0988,Irrelevant / Excessive Persona,0.0852,173,0.295
9bb2bd93d0620ff6a1bd77362b05b8b2,1,No Smell,0.1798,Format Ambiguity,0.1263,Vague / Missing Context,0.1146,Unnecessary Repetition,0.0854,17,0.293
9bb2bd93d0620ff6a1bd77362b05b8b2,2,No Smell,0.1648,Format Ambiguity,0.1297,Vague / Missing Context,0.1262,Ambiguous References,0.0879,39,0.294
9bb2bd93d0620ff6a1bd77362b05b8b2,3,No Smell,0.1617,Vague / Missing Context,0.1282,Format Ambiguity,0.1236,Ambiguous References,0.0863,36,0.293
9bb2bd93d0620ff6a1bd77362b05b8b2,4,No Smell,0.1698,Format Ambiguity,0.1224,Vague / Missing Context,0.1150,Ambiguous References,0.0950,42,0.293
9bb2bd93d0620ff6a1bd77362b05b8b2,5,No Smell,0.1609,Format Ambiguity,0.1289,Vague / Missing Context,0.1242,Ambiguous References,0.0933,38,0.293
9bb2bd93d0620ff6a1bd77362b05b8b2,6,No Smell,0.1603,Format Ambiguity,0.1203,Vague / Missing Context,0.1117,Ambiguous References,0.1012,28,0.294
9bb2bd93d0620ff6a1bd77362b05b8b2,7,No Smell,0.1417,Format Ambiguity,0.1301,Vague / Missing Context,0.1277,Ambiguous References,0.0921,32,0.293
9bb2bd93d0620ff6a1bd77362b05b8b2,8,Vague / Missing Context,0.1474,No Smell,0.1388,Format Ambiguity,0.1355,Ambiguous References,0.0897,42,0.292
793b84fe24ba687ad46c868c27fe8139,1,No Smell,0.2218,Format Ambiguity,0.1306,Vague / Missing Context,0.1112,Unnecessary Repetition,0.0913,4000,0.625
522371e67acaaa74cde195e5e4ddd712,2,No Smell,0.1697,Format Ambiguity,0.1261,Ambiguous References,0.1240,Conflicting Constraints,0.0945,175,0.296
522371e67acaaa74cde195e5e4ddd712,3,No Smell,0.2462,Format Ambiguity,0.1308,Unnecessary Repetition,0.0875,Conflicting Constraints,0.0819,323,0.318
799c8c6033ab41546ef7adb961b92984,1,Vague / Missing Context,0.1506,No Smell,0.1370,Format Ambiguity,0.1359,Ambiguous References,0.0983,2291,0.579
799c8c6033ab41546ef7adb961b92984,2,Format Ambiguity,0.1538,No Smell,0.1330,Vague / Missing Context,0.1126,Ambiguous References,0.1120,91,0.294
799c8c6033ab41546ef7adb961b92984,3,No Smell,0.1857,Format Ambiguity,0.1511,Vague / Missing Context,0.1374,Ambiguous References,0.0897,334,0.322
3c232022c8f156e85ce527211b3878b0,1,No Smell,0.2059,Vague / Missing Context,0.1352,Format Ambiguity,0.1297,Unnecessary Repetition,0.0755,67,0.294
3c232022c8f156e85ce527211b3878b0,2,No Smell,0.1714,Format Ambiguity,0.1525,Vague / Missing Context,0.1179,Unnecessary Repetition,0.0927,65,0.293
3c232022c8f156e85ce527211b3878b0,3,No Smell,0.1857,Vague / Missing Context,0.1527,Format Ambiguity,0.1021,Overloaded Prompt,0.0840,30,0.293
e60b8a3f2f930f1af56a79d6acccae69,1,No Smell,0.1291,Vague / Missing Context,0.1124,Formality / Audience Mismatch,0.1096,Ambiguous References,0.1027,989,0.389
5cbda611904126f0b6c01918c11e5928,1,No Smell,0.1250,Ambiguous References,0.1112,Vague / Missing Context,0.1092,Format Ambiguity,0.1031,992,0.389
acd8cf11dc6fd85f91a03f34e3afb461,1,No Smell,0.1613,Format Ambiguity,0.1258,Ambiguous References,0.1210,Vague / Missing Context,0.0971,1118,0.401
9a49e783be8281f4138b674849d5f3bb,2,No Smell,0.1523,Format Ambiguity,0.1269,Vague / Missing Context,0.0984,Ambiguous References,0.0936,86,0.293
3a5c40dc1e174a09e161139798510173,1,No Smell,0.1894,Format Ambiguity,0.1225,Unnecessary Repetition,0.1018,Prompt Bloat / Convoluted Prompt,0.0923,4000,0.497
3a5c40dc1e174a09e161139798510173,2,No Smell,0.2007,Format Ambiguity,0.1236,Ambiguous References,0.1114,Prompt Bloat / Convoluted Prompt,0.0846,864,0.363
3a5c40dc1e174a09e161139798510173,3,Formality / Audience Mismatch,0.1964,No Smell,0.1658,Ambiguous References,0.1040,Unnecessary Repetition,0.0877,96,0.295
55282e281a891a488a6d7b7d555e882d,1,Format Ambiguity,0.1558,Vague / Missing Context,0.1433,No Smell,0.1341,Overloaded Prompt,0.1048,29,0.294
55282e281a891a488a6d7b7d555e882d,2,No Smell,0.1567,Ambiguous References,0.1266,Format Ambiguity,0.1167,Vague / Missing Context,0.1013,384,0.316
5c5391d4b69e759604dbaad0ca41f049,2,No Smell,0.3044,Format Ambiguity,0.1067,Irrelevant / Excessive Persona,0.0867,Conflicting Constraints,0.0846,34,0.294
5d5739ac41274827dd7b58e423f676ac,1,No Smell,0.1362,Format Ambiguity,0.1276,Ambiguous References,0.1199,Vague / Missing Context,0.1047,848,0.381
34414b973a4b201e7c3304590009b657,1,No Smell,0.1390,Format Ambiguity,0.1294,Ambiguous References,0.1215,Vague / Missing Context,0.1035,849,0.381
b3146a289dbce70b4844f7f91fcc1857,1,Conflicting Constraints,0.1240,Vague / Missing Context,0.1218,No Smell,0.1175,Ambiguous References,0.1162,4000,0.655
8c66f08b5ee9d997dcf6802d37f24a20,1,No Smell,0.1987,Format Ambiguity,0.1967,Vague / Missing Context,0.1441,Irrelevant / Excessive Persona,0.0739,66,0.294
8c66f08b5ee9d997dcf6802d37f24a20,2,Format Ambiguity,0.1957,No Smell,0.1953,Vague / Missing Context,0.1474,Irrelevant / Excessive Persona,0.0737,66,0.294
a1c33f41107959f8647cabae70e19bb3,1,Format Ambiguity,0.1322,No Smell,0.1317,Ambiguous References,0.1252,Vague / Missing Context,0.0962,859,0.382
a16dc0ba390f1b5731457c208ada026f,1,No Smell,0.1553,Ambiguous References,0.1295,Format Ambiguity,0.1180,Vague / Missing Context,0.1165,156,0.295
a16dc0ba390f1b5731457c208ada026f,2,No Smell,0.1489,Vague / Missing Context,0.1167,Format Ambiguity,0.1118,Ambiguous References,0.1045,53,0.294
a16dc0ba390f1b5731457c208ada026f,3,Vague / Missing Context,0.1635,Ambiguous References,0.1392,No Smell,0.1351,Format Ambiguity,0.1069,32,0.294
a16dc0ba390f1b5731457c208ada026f,4,No Smell,0.1401,Ambiguous References,0.1278,Vague / Missing Context,0.1271,Format Ambiguity,0.1212,220,0.296
a16dc0ba390f1b5731457c208ada026f,5,No Smell,0.1663,Format Ambiguity,0.1296,Vague / Missing Context,0.1085,Ambiguous References,0.0972,62,0.294
a16dc0ba390f1b5731457c208ada026f,6,No Smell,0.1540,Ambiguous References,0.1336,Format Ambiguity,0.1214,Vague / Missing Context,0.1103,212,0.296
a16dc0ba390f1b5731457c208ada026f,7,No Smell,0.1541,Format Ambiguity,0.1318,Ambiguous References,0.1179,Vague / Missing Context,0.1130,194,0.296
216f4a73469fbeca27a946e1023cb007,1,No Smell,0.1394,Format Ambiguity,0.1315,Ambiguous References,0.1239,Vague / Missing Context,0.0933,870,0.382
864fdd42736c8581591db8d7dee44605,1,Format Ambiguity,0.2239,Vague / Missing Context,0.1706,No Smell,0.1693,Overloaded Prompt,0.0720,71,0.294
e558b215257f619888ed8a5e86ace180,1,No Smell,0.1347,Ambiguous References,0.1302,Format Ambiguity,0.1300,Vague / Missing Context,0.0933,938,0.396
476e1ce49504f30e5d777717225913aa,1,No Smell,0.2214,Format Ambiguity,0.1093,Irrelevant / Excessive Persona,0.1043,Ambiguous References,0.0916,54,0.294
476e1ce49504f30e5d777717225913aa,2,No Smell,0.1827,Format Ambiguity,0.1119,Irrelevant / Excessive Persona,0.1037,Vague / Missing Context,0.0950,53,0.294
476e1ce49504f30e5d777717225913aa,3,No Smell,0.2058,Format Ambiguity,0.1124,Irrelevant / Excessive Persona,0.1046,Vague / Missing Context,0.0908,56,0.294
476e1ce49504f30e5d777717225913aa,4,No Smell,0.1981,Format Ambiguity,0.1171,Vague / Missing Context,0.1027,Irrelevant / Excessive Persona,0.1014,58,0.293
476e1ce49504f30e5d777717225913aa,5,No Smell,0.1979,Format Ambiguity,0.1199,Ambiguous References,0.1010,Irrelevant / Excessive Persona,0.0974,107,0.295
5d1bd901b948c4f3d3d5b14c8027e294,1,No Smell,0.2347,Format Ambiguity,0.1548,Vague / Missing Context,0.1010,Unnecessary Repetition,0.0788,288,0.296
5d1bd901b948c4f3d3d5b14c8027e294,2,No Smell,0.2100,Format Ambiguity,0.1207,Unnecessary Repetition,0.1054,Conflicting Constraints,0.0876,26,0.293
1be0f3e049a73b997f2a9cbf600eecd8,1,No Smell,0.2017,Format Ambiguity,0.1074,Ambiguous References,0.0986,Unnecessary Repetition,0.0912,844,0.380
1be0f3e049a73b997f2a9cbf600eecd8,2,No Smell,0.1817,Format Ambiguity,0.1060,Prompt Bloat / Convoluted Prompt,0.1020,Ambiguous References,0.0980,1790,0.497
15e3e5f0787afaa18bbb3ff35f5026c2,1,No Smell,0.2071,Format Ambiguity,0.1236,Ambiguous References,0.1047,Vague / Missing Context,0.0958,128,0.295
996f782b103f404aefd74db8463addf8,1,Vague / Missing Context,0.1523,No Smell,0.1250,Format Ambiguity,0.1096,Formality / Audience Mismatch,0.1072,421,0.322
946f16408d778708cb868f1b3f8c0221,3,No Smell,0.1983,Irrelevant / Excessive Persona,0.1411,Format Ambiguity,0.1070,Ambiguous References,0.0874,47,0.293
946f16408d778708cb868f1b3f8c0221,4,No Smell,0.1949,Vague / Missing Context,0.1151,Format Ambiguity,0.1047,Irrelevant / Excessive Persona,0.0886,21,0.293
946f16408d778708cb868f1b3f8c0221,5,No Smell,0.1939,Format Ambiguity,0.1684,Vague / Missing Context,0.1049,Ambiguous References,0.0826,52,0.294
946f16408d778708cb868f1b3f8c0221,6,No Smell,0.1750,Vague / Missing Context,0.1405,Format Ambiguity,0.1286,Unnecessary Repetition,0.0812,42,0.293
946f16408d778708cb868f1b3f8c0221,7,Ambiguous References,0.1660,No Smell,0.1560,Format Ambiguity,0.1271,Vague / Missing Context,0.1120,37,0.293
cc1f9ae2aa28351e4594aedfc7c2d98c,1,No Smell,0.1977,Format Ambiguity,0.1324,Unnecessary Repetition,0.0970,Ambiguous References,0.0899,128,0.294
cc1f9ae2aa28351e4594aedfc7c2d98c,2,No Smell,0.2110,Format Ambiguity,0.1293,Unnecessary Repetition,0.0974,Irrelevant / Excessive Persona,0.0859,134,0.294
747bbbd28feaeaf80bf3dc36ce3588d7,1,No Smell,0.2217,Vague / Missing Context,0.1524,Ambiguous References,0.0967,Format Ambiguity,0.0916,38,0.294
747bbbd28feaeaf80bf3dc36ce3588d7,2,No Smell,0.1908,Format Ambiguity,0.1599,Vague / Missing Context,0.0998,Overloaded Prompt,0.0993,46,0.293
747bbbd28feaeaf80bf3dc36ce3588d7,3,Format Ambiguity,0.1900,No Smell,0.1543,Irrelevant / Excessive Persona,0.1441,Vague / Missing Context,0.1050,34,0.293
6fb66c229eb57681ba2f1a544ab578cb,1,No Smell,0.1711,Vague / Missing Context,0.1281,Format Ambiguity,0.1223,Ambiguous References,0.0969,53,0.295
6fb66c229eb57681ba2f1a544ab578cb,2,No Smell,0.2027,Format Ambiguity,0.1262,Vague / Missing Context,0.1216,Ambiguous References,0.0948,68,0.294
6fb66c229eb57681ba2f1a544ab578cb,3,No Smell,0.1613,Format Ambiguity,0.1610,Vague / Missing Context,0.1242,Irrelevant / Excessive Persona,0.0796,50,0.294
6a5df0ef4b379678d53e64db583bb8d9,1,Format Ambiguity,0.1403,Vague / Missing Context,0.1394,No Smell,0.1192,Overloaded Prompt,0.1134,2729,0.578
6a5df0ef4b379678d53e64db583bb8d9,2,Format Ambiguity,0.1865,Vague / Missing Context,0.1706,No Smell,0.1395,Overloaded Prompt,0.0840,53,0.293
6a5df0ef4b379678d53e64db583bb8d9,3,No Smell,0.1596,Vague / Missing Context,0.1577,Format Ambiguity,0.1451,Overloaded Prompt,0.0917,332,0.324
6a5df0ef4b379678d53e64db583bb8d9,4,Vague / Missing Context,0.1747,Format Ambiguity,0.1622,No Smell,0.1618,Ambiguous References,0.0783,52,0.293
d72db00321aff50414a7a2c7de4c8df2,1,No Smell,0.1472,Ambiguous References,0.1295,Format Ambiguity,0.1292,Vague / Missing Context,0.0953,1005,0.389
b6f8ff34b71a1faac16ac6d77b919676,1,No Smell,0.1466,Ambiguous References,0.1322,Format Ambiguity,0.1276,Vague / Missing Context,0.0945,1002,0.390
59189e68dd732e5a4402566bddf57d2b,1,No Smell,0.1497,Ambiguous References,0.1168,Format Ambiguity,0.1134,Vague / Missing Context,0.1043,1066,0.399
40892d11ef68730d2bbe656a2482226d,1,Format Ambiguity,0.1403,Vague / Missing Context,0.1394,No Smell,0.1192,Overloaded Prompt,0.1134,2729,0.577
40892d11ef68730d2bbe656a2482226d,2,Format Ambiguity,0.1865,Vague / Missing Context,0.1706,No Smell,0.1395,Overloaded Prompt,0.0840,53,0.293
40892d11ef68730d2bbe656a2482226d,3,No Smell,0.1530,Vague / Missing Context,0.1428,Format Ambiguity,0.1305,Ambiguous References,0.0851,408,0.318
7432e537a217afb5b4c96adcc163a5a2,1,No Smell,0.1752,Format Ambiguity,0.1295,Ambiguous References,0.1201,Vague / Missing Context,0.0915,839,0.381
79f861796de90569f1278243d2031ff5,2,No Smell,0.2306,Format Ambiguity,0.1070,Unnecessary Repetition,0.1038,Ambiguous References,0.0953,587,0.362
53f5d914063a47994706018ae5590da7,1,No Smell,0.1921,Format Ambiguity,0.1192,Irrelevant / Excessive Persona,0.1033,Ambiguous References,0.0972,86,0.294
53f5d914063a47994706018ae5590da7,2,No Smell,0.1799,Format Ambiguity,0.1201,Ambiguous References,0.1072,Vague / Missing Context,0.1035,124,0.295
fd66c09a338bca3d383913f8355c1fa0,1,No Smell,0.1615,Vague / Missing Context,0.1279,Format Ambiguity,0.1224,Ambiguous References,0.0993,116,0.294
d66600e01b17cd6dcd455d767034ad65,1,Format Ambiguity,0.1815,No Smell,0.1754,Vague / Missing Context,0.1068,Irrelevant / Excessive Persona,0.0997,94,0.295
d6bc0b0cc2be36f5d0c37baad7cb8555,1,No Smell,0.1968,Format Ambiguity,0.1329,Vague / Missing Context,0.1105,Ambiguous References,0.0935,144,0.295
39a890e394354f8bf17bc3e5713ea779,1,No Smell,0.1959,Format Ambiguity,0.1139,Overloaded Prompt,0.0999,Unnecessary Repetition,0.0968,1334,0.422
d09b3cc4d2e2e49dbc5e4d6262ea8797,2,Format Ambiguity,0.2063,Overloaded Prompt,0.1727,No Smell,0.1648,Vague / Missing Context,0.0865,109,0.294
d09b3cc4d2e2e49dbc5e4d6262ea8797,3,Ambiguous References,0.1579,No Smell,0.1403,Vague / Missing Context,0.1044,Format Ambiguity,0.1013,27,0.293
3939242f24c39a3c375c15dcf42e9988,2,No Smell,0.1811,Format Ambiguity,0.1311,Vague / Missing Context,0.1074,Irrelevant / Excessive Persona,0.0923,31,0.294
b0631af33bc4462d359207ce9fbbbea8,1,No Smell,0.1810,Format Ambiguity,0.1360,Ambiguous References,0.1097,Vague / Missing Context,0.0966,829,0.379
19ee3ca70053213aa3b5165720f4cd9f,1,No Smell,0.1989,Format Ambiguity,0.1279,Irrelevant / Excessive Persona,0.1153,Overloaded Prompt,0.1053,178,0.296
19ee3ca70053213aa3b5165720f4cd9f,2,No Smell,0.1736,Format Ambiguity,0.1286,Overloaded Prompt,0.1164,Irrelevant / Excessive Persona,0.0902,564,0.364
19ee3ca70053213aa3b5165720f4cd9f,3,No Smell,0.1782,Format Ambiguity,0.1376,Overloaded Prompt,0.1233,Prompt Bloat / Convoluted Prompt,0.0905,613,0.381
ad40372f0b09c38b3ec367aa8aa5285f,1,No Smell,0.1819,Format Ambiguity,0.1354,Ambiguous References,0.1149,Vague / Missing Context,0.0980,847,0.379
ed68ce75444a0a6a8c77079034c4ad92,1,No Smell,0.1582,Format Ambiguity,0.1336,Overloaded Prompt,0.1068,Irrelevant / Excessive Persona,0.1026,3483,0.690
715d77be1ecb09b8ff35685c83b3b376,1,No Smell,0.1813,Format Ambiguity,0.1354,Ambiguous References,0.1145,Vague / Missing Context,0.0989,839,0.379
47d5fdc7d4f6c6021a33705cd67c0789,1,Format Ambiguity,0.1691,No Smell,0.1688,Overloaded Prompt,0.1652,Vague / Missing Context,0.0940,66,0.294
47d5fdc7d4f6c6021a33705cd67c0789,2,No Smell,0.1646,Overloaded Prompt,0.1627,Format Ambiguity,0.1610,Vague / Missing Context,0.0901,60,0.294
bf4a3af76d4bcb340fee3429d4d0fe3b,2,No Smell,0.1500,Vague / Missing Context,0.1311,Format Ambiguity,0.1307,Unnecessary Repetition,0.0853,24,0.292
1e2c48395709ca81c2574a1aa30acbfe,1,No Smell,0.1563,Format Ambiguity,0.1462,Overloaded Prompt,0.1034,Irrelevant / Excessive Persona,0.1015,3466,0.701
28d637604bc2bfd5e63b6c80fef40db7,1,No Smell,0.1980,Format Ambiguity,0.1214,Ambiguous References,0.1043,Vague / Missing Context,0.0940,66,0.294
28d637604bc2bfd5e63b6c80fef40db7,2,No Smell,0.2541,Format Ambiguity,0.1562,Irrelevant / Excessive Persona,0.0806,Ambiguous References,0.0793,96,0.294
28d637604bc2bfd5e63b6c80fef40db7,4,No Smell,0.1734,Vague / Missing Context,0.1630,Format Ambiguity,0.1421,Unnecessary Repetition,0.0750,64,0.293
28d637604bc2bfd5e63b6c80fef40db7,5,No Smell,0.2434,Format Ambiguity,0.1230,Ambiguous References,0.0903,Vague / Missing Context,0.0830,61,0.293
cb5a7e15c8d14b07c0320f22bf4ec2db,1,Format Ambiguity,0.1535,No Smell,0.1461,Vague / Missing Context,0.1358,Overloaded Prompt,0.0949,37,0.293
cb5a7e15c8d14b07c0320f22bf4ec2db,2,No Smell,0.1498,Format Ambiguity,0.1298,Unnecessary Repetition,0.1278,Vague / Missing Context,0.0948,62,0.294
cb5a7e15c8d14b07c0320f22bf4ec2db,3,Format Ambiguity,0.1569,No Smell,0.1457,Conflicting Constraints,0.1091,Unnecessary Repetition,0.1074,7,0.293
cb5a7e15c8d14b07c0320f22bf4ec2db,4,No Smell,0.1629,Format Ambiguity,0.1098,Unnecessary Repetition,0.1087,Vague / Missing Context,0.0965,28,0.293
cb5a7e15c8d14b07c0320f22bf4ec2db,5,Format Ambiguity,0.1528,No Smell,0.1369,Conflicting Constraints,0.1301,Unnecessary Repetition,0.1117,8,0.293
cb5a7e15c8d14b07c0320f22bf4ec2db,6,No Smell,0.1398,Vague / Missing Context,0.1338,Format Ambiguity,0.1282,Conflicting Constraints,0.0991,10,0.293
cb5a7e15c8d14b07c0320f22bf4ec2db,7,Format Ambiguity,0.1569,No Smell,0.1457,Conflicting Constraints,0.1091,Unnecessary Repetition,0.1074,7,0.249
f8cf1ab9191b81e51023a5278433b43f,1,No Smell,0.1428,Vague / Missing Context,0.1292,Format Ambiguity,0.1274,Unnecessary Repetition,0.0983,178,0.297
f8cf1ab9191b81e51023a5278433b43f,2,No Smell,0.1466,Unnecessary Repetition,0.1437,Format Ambiguity,0.0968,Vague / Missing Context,0.0964,53,0.293
748b25b213b2051e9c196c277e46355e,1,Format Ambiguity,0.1491,No Smell,0.1485,Overloaded Prompt,0.1107,Irrelevant / Excessive Persona,0.1006,3489,0.687
fa43e51027ccb2bb9222b06fc47feac7,1,Vague / Missing Context,0.1709,No Smell,0.1595,Format Ambiguity,0.1381,Ambiguous References,0.0874,42,0.293
1838b24328c1dd3508c61f3eb7a12390,2,Format Ambiguity,0.2075,Vague / Missing Context,0.1628,No Smell,0.1381,Overloaded Prompt,0.1013,45,0.293
1838b24328c1dd3508c61f3eb7a12390,3,No Smell,0.1624,Vague / Missing Context,0.1234,Format Ambiguity,0.1223,Overloaded Prompt,0.0860,97,0.296
1838b24328c1dd3508c61f3eb7a12390,4,No Smell,0.1993,Format Ambiguity,0.1481,Vague / Missing Context,0.1236,Ambiguous References,0.0949,230,0.296
1838b24328c1dd3508c61f3eb7a12390,5,No Smell,0.1965,Format Ambiguity,0.1282,Unnecessary Repetition,0.0967,Conflicting Constraints,0.0887,7,0.293
1838b24328c1dd3508c61f3eb7a12390,6,No Smell,0.2030,Format Ambiguity,0.1268,Vague / Missing Context,0.1246,Irrelevant / Excessive Persona,0.0828,155,0.295
1838b24328c1dd3508c61f3eb7a12390,7,Vague / Missing Context,0.1770,No Smell,0.1378,Format Ambiguity,0.1083,Unnecessary Repetition,0.0852,85,0.294
cc89505a8979eaa8d15976b65dc565d1,1,No Smell,0.1779,Format Ambiguity,0.1269,Ambiguous References,0.1050,Vague / Missing Context,0.0960,931,0.382
86612b69409b770a574fed967514440c,1,No Smell,0.1680,Irrelevant / Excessive Persona,0.1418,Format Ambiguity,0.1124,Vague / Missing Context,0.1044,15,0.293
86612b69409b770a574fed967514440c,2,No Smell,0.1546,Irrelevant / Excessive Persona,0.1396,Format Ambiguity,0.1092,Vague / Missing Context,0.0988,25,0.293
86612b69409b770a574fed967514440c,3,No Smell,0.1560,Irrelevant / Excessive Persona,0.1285,Format Ambiguity,0.1116,Vague / Missing Context,0.1014,25,0.292
86612b69409b770a574fed967514440c,4,No Smell,0.1461,Format Ambiguity,0.1194,Irrelevant / Excessive Persona,0.1078,Vague / Missing Context,0.1043,39,0.293
86612b69409b770a574fed967514440c,5,No Smell,0.1380,Format Ambiguity,0.1243,Vague / Missing Context,0.1061,Irrelevant / Excessive Persona,0.0984,39,0.293
86612b69409b770a574fed967514440c,6,Vague / Missing Context,0.1411,No Smell,0.1346,Format Ambiguity,0.1156,Unnecessary Repetition,0.0860,33,0.293
86612b69409b770a574fed967514440c,7,No Smell,0.1424,Format Ambiguity,0.1135,Vague / Missing Context,0.1129,Irrelevant / Excessive Persona,0.1078,41,0.293
86612b69409b770a574fed967514440c,8,No Smell,0.1440,Irrelevant / Excessive Persona,0.1143,Format Ambiguity,0.1093,Vague / Missing Context,0.1061,41,0.292
e5a320e0dee4ea79705871e8833ba27e,1,No Smell,0.1777,Format Ambiguity,0.1267,Ambiguous References,0.1048,Vague / Missing Context,0.0957,939,0.382
16fb5f3bdc3c0d21cb859606a80ff168,1,Format Ambiguity,0.1491,No Smell,0.1485,Overloaded Prompt,0.1107,Irrelevant / Excessive Persona,0.1006,3489,0.688
be62c54a824fbcd9541c17c0c7e597cc,2,Vague / Missing Context,0.2123,Format Ambiguity,0.1816,No Smell,0.1622,Unnecessary Repetition,0.0778,72,0.294
48ab321dc6153385e35fc31eb7d05374,1,No Smell,0.1790,Format Ambiguity,0.1271,Ambiguous References,0.1157,Vague / Missing Context,0.0982,958,0.395
dfed43c54cf863fbfa12b1129f892a82,1,No Smell,0.1293,Format Ambiguity,0.1245,Ambiguous References,0.1118,Vague / Missing Context,0.1076,4000,0.720
dfed43c54cf863fbfa12b1129f892a82,2,No Smell,0.1427,Format Ambiguity,0.1426,Vague / Missing Context,0.1373,Unnecessary Repetition,0.0944,394,0.322
e260b7ee20c1a867ccf11e8bdb7e9779,3,No Smell,0.1519,Format Ambiguity,0.1411,Ambiguous References,0.1125,Vague / Missing Context,0.1100,2172,0.498
92828e19671027900ae1bb29030ba7d4,1,No Smell,0.1794,Format Ambiguity,0.1280,Ambiguous References,0.1143,Vague / Missing Context,0.0976,994,0.396
a67678df34f3cb452c3e18de8fe6564d,1,No Smell,0.1368,Ambiguous References,0.1337,Unnecessary Repetition,0.1173,Format Ambiguity,0.0951,82,0.292
a67678df34f3cb452c3e18de8fe6564d,2,No Smell,0.1882,Format Ambiguity,0.1097,Unnecessary Repetition,0.1043,Vague / Missing Context,0.1014,107,0.293
cd6cf804cbc35db37f6947fc2167bfc9,1,No Smell,0.2677,Format Ambiguity,0.1479,Ambiguous References,0.1103,Conflicting Constraints,0.0751,21,0.292
91ba00c054952ca61d624209c7265e6a,5,No Smell,0.1744,Format Ambiguity,0.1159,Vague / Missing Context,0.1075,Ambiguous References,0.0993,95,0.293
dfab03ae297b9db27d6cb935350c18d9,1,Vague / Missing Context,0.3418,Format Ambiguity,0.1100,No Smell,0.0880,Prompt Bloat / Convoluted Prompt,0.0876,25,0.293
c28553fbb7fb26d249b588dd70b5cbef,1,No Smell,0.1731,Format Ambiguity,0.1328,Overloaded Prompt,0.1064,Irrelevant / Excessive Persona,0.0882,4000,0.831
e4fbc371b1acb1b500c1124472025c31,1,No Smell,0.1470,Format Ambiguity,0.1259,Ambiguous References,0.1225,Vague / Missing Context,0.0975,956,0.395
ac8b22cd8dfbfab31c0b86371c0f79f6,1,No Smell,0.1293,Format Ambiguity,0.1245,Ambiguous References,0.1118,Vague / Missing Context,0.1076,4000,0.720
50e31abce022729c3bf0a4b1f897ce8d,1,No Smell,0.1731,Format Ambiguity,0.1328,Overloaded Prompt,0.1064,Irrelevant / Excessive Persona,0.0882,4000,0.262
55bb0ff256d1745ea2691084a2a097a3,1,No Smell,0.1497,Format Ambiguity,0.1266,Ambiguous References,0.1171,Vague / Missing Context,0.0952,980,0.397
70114dd3e3506e51c57964b207739438,1,No Smell,0.1807,Format Ambiguity,0.1326,Overloaded Prompt,0.1026,Irrelevant / Excessive Persona,0.0919,4000,0.831
81dfffe3a4503b0cf0099dcf510040b9,1,Vague / Missing Context,0.1654,No Smell,0.1643,Format Ambiguity,0.1529,Formality / Audience Mismatch,0.1497,829,0.396
81dfffe3a4503b0cf0099dcf510040b9,2,Vague / Missing Context,0.1767,No Smell,0.1619,Format Ambiguity,0.1595,Formality / Audience Mismatch,0.1481,840,0.396
8f6cd60f9ccb4c0c64d712b28920695a,1,No Smell,0.1744,Ambiguous References,0.1128,Format Ambiguity,0.1105,Unnecessary Repetition,0.0970,47,0.291
8f6cd60f9ccb4c0c64d712b28920695a,2,No Smell,0.1485,Ambiguous References,0.1275,Vague / Missing Context,0.1193,Format Ambiguity,0.1110,69,0.292
214f6f82d6de69f5a4fe57ba8b0c08ff,1,No Smell,0.1807,Format Ambiguity,0.1326,Overloaded Prompt,0.1026,Irrelevant / Excessive Persona,0.0919,4000,0.831
b938280506a3d5a423b15f975fb5423c,1,No Smell,0.1542,Format Ambiguity,0.1283,Ambiguous References,0.1174,Vague / Missing Context,0.0956,1020,0.388
4b7fc339d8bbf4a83a56b8865c6ff48e,1,No Smell,0.1676,Ambiguous References,0.1369,Irrelevant / Excessive Persona,0.1119,Format Ambiguity,0.1106,1597,0.462
4b7fc339d8bbf4a83a56b8865c6ff48e,2,No Smell,0.1743,Format Ambiguity,0.1196,Vague / Missing Context,0.1169,Irrelevant / Excessive Persona,0.1002,441,0.316
0554229cbb30e7a5a7e77d4570fc23fe,1,No Smell,0.1903,Format Ambiguity,0.1425,Overloaded Prompt,0.0999,Irrelevant / Excessive Persona,0.0894,4000,0.773
d414f65f1fca845f436ed69ef66ac6c9,1,No Smell,0.1547,Format Ambiguity,0.1273,Ambiguous References,0.1162,Vague / Missing Context,0.0957,1022,0.388
557e45cd15928a003737bfae64499c16,1,No Smell,0.1689,Format Ambiguity,0.1299,Irrelevant / Excessive Persona,0.1030,Ambiguous References,0.0892,3907,0.773
d1972636857e185531a39276a5fbd7ae,1,No Smell,0.1610,Format Ambiguity,0.1236,Ambiguous References,0.1141,Vague / Missing Context,0.0969,1026,0.387
71d2c2ec44b91432e2a4be1465f916cc,1,No Smell,0.1580,Format Ambiguity,0.1206,Ambiguous References,0.1177,Vague / Missing Context,0.0972,1037,0.388
41506b59cde7311883ccfa99bf97a894,1,No Smell,0.1447,Ambiguous References,0.1348,Format Ambiguity,0.1113,Vague / Missing Context,0.1007,213,0.296
5a02a0d6da734ee5889b4364c3be0934,2,No Smell,0.1796,Format Ambiguity,0.1246,Vague / Missing Context,0.0994,Irrelevant / Excessive Persona,0.0888,21,0.292
5a02a0d6da734ee5889b4364c3be0934,3,No Smell,0.1878,Format Ambiguity,0.1238,Vague / Missing Context,0.0971,Irrelevant / Excessive Persona,0.0882,20,0.292
5a02a0d6da734ee5889b4364c3be0934,4,No Smell,0.1868,Format Ambiguity,0.1222,Irrelevant / Excessive Persona,0.1032,Vague / Missing Context,0.0931,22,0.291
5a02a0d6da734ee5889b4364c3be0934,6,No Smell,0.1784,Irrelevant / Excessive Persona,0.1344,Format Ambiguity,0.1175,Vague / Missing Context,0.0960,19,0.292
211232df5617718435283eb52763aa8b,7,No Smell,0.1770,Format Ambiguity,0.1215,Vague / Missing Context,0.0963,Conflicting Constraints,0.0894,33,0.291
a64f222908c7343cee62eb3d9914c3e8,1,No Smell,0.1409,Format Ambiguity,0.1094,Overloaded Prompt,0.1080,Vague / Missing Context,0.1069,1106,0.390
5a31d4524a12c4efb14786b8ba30be5b,1,No Smell,0.1565,Format Ambiguity,0.1268,Ambiguous References,0.1189,Vague / Missing Context,0.0965,458,0.323
38b740b05016bd6495891fa3fe8d1651,1,No Smell,0.1477,Format Ambiguity,0.1243,Ambiguous References,0.1208,Vague / Missing Context,0.0980,493,0.317
e6b80e5c79ec67e66cfda80c66fe191d,1,No Smell,0.2197,Format Ambiguity,0.1219,Vague / Missing Context,0.0954,Unnecessary Repetition,0.0878,69,0.292
e6b80e5c79ec67e66cfda80c66fe191d,2,No Smell,0.1663,Format Ambiguity,0.1500,Vague / Missing Context,0.0985,Ambiguous References,0.0971,68,0.293
e5910b37d42ec96ee5474914bde2073f,1,No Smell,0.2147,Format Ambiguity,0.1374,Vague / Missing Context,0.1123,Irrelevant / Excessive Persona,0.0866,183,0.295
e5910b37d42ec96ee5474914bde2073f,2,No Smell,0.2266,Format Ambiguity,0.1325,Vague / Missing Context,0.1062,Irrelevant / Excessive Persona,0.0872,122,0.292
e5910b37d42ec96ee5474914bde2073f,3,No Smell,0.2350,Format Ambiguity,0.1149,Vague / Missing Context,0.0881,Unnecessary Repetition,0.0878,191,0.294
ea2db85a7f86328c726fe64cf78cca4b,1,No Smell,0.1503,Overloaded Prompt,0.1222,Conflicting Constraints,0.1155,Ambiguous References,0.1064,4000,0.754
ea2db85a7f86328c726fe64cf78cca4b,2,No Smell,0.1726,Format Ambiguity,0.1337,Irrelevant / Excessive Persona,0.0978,Ambiguous References,0.0907,3917,0.774
ea2db85a7f86328c726fe64cf78cca4b,3,No Smell,0.1704,Format Ambiguity,0.1703,Vague / Missing Context,0.1062,Unnecessary Repetition,0.0865,134,0.295
58bec9e7afbbf8eea02c0aee5fa974aa,2,No Smell,0.1737,Vague / Missing Context,0.1595,Format Ambiguity,0.1464,Ambiguous References,0.0790,71,0.294
58bec9e7afbbf8eea02c0aee5fa974aa,3,No Smell,0.1829,Format Ambiguity,0.1328,Vague / Missing Context,0.1038,Ambiguous References,0.0902,52,0.292
58bec9e7afbbf8eea02c0aee5fa974aa,4,No Smell,0.2293,Format Ambiguity,0.1306,Vague / Missing Context,0.0980,Conflicting Constraints,0.0899,34,0.291
58bec9e7afbbf8eea02c0aee5fa974aa,5,No Smell,0.2223,Format Ambiguity,0.1297,Ambiguous References,0.0884,Vague / Missing Context,0.0867,48,0.292
012be8b25606703bb4e8b7d422aa224f,1,No Smell,0.1827,Format Ambiguity,0.1204,Vague / Missing Context,0.1036,Unnecessary Repetition,0.0933,58,0.293
012be8b25606703bb4e8b7d422aa224f,2,No Smell,0.1619,Format Ambiguity,0.1417,Vague / Missing Context,0.1065,Overloaded Prompt,0.0943,74,0.292
2b9c8778307a0eac3eecf0f6a363744b,1,No Smell,0.1348,Format Ambiguity,0.1233,Ambiguous References,0.1190,Vague / Missing Context,0.1033,538,0.318
031d1269d53431d40dd26ad502054efb,1,Format Ambiguity,0.1828,Vague / Missing Context,0.1546,Overloaded Prompt,0.1314,No Smell,0.1111,84,0.293
031d1269d53431d40dd26ad502054efb,2,Irrelevant / Excessive Persona,0.1592,No Smell,0.1405,Vague / Missing Context,0.1120,Format Ambiguity,0.1061,17,0.291
031d1269d53431d40dd26ad502054efb,3,Irrelevant / Excessive Persona,0.1414,No Smell,0.1379,Format Ambiguity,0.1216,Vague / Missing Context,0.1107,13,0.291
9660dce87579b2f66967d870ec93ced7,2,No Smell,0.1979,Format Ambiguity,0.1145,Vague / Missing Context,0.1061,Ambiguous References,0.0982,924,0.452
9660dce87579b2f66967d870ec93ced7,5,No Smell,0.1678,Vague / Missing Context,0.1184,Ambiguous References,0.1141,Format Ambiguity,0.1008,1846,0.838
09b4aaea077402081020f8fbe187fdea,1,No Smell,0.1745,Format Ambiguity,0.1609,Vague / Missing Context,0.1168,Overloaded Prompt,0.0829,60,0.292
76bad785cbeb0813aeb0410912fbb214,1,No Smell,0.2533,Format Ambiguity,0.1176,Irrelevant / Excessive Persona,0.0867,Vague / Missing Context,0.0846,242,0.296
984a333a54901bf44e86b75c784a6ed1,1,No Smell,0.1293,Format Ambiguity,0.1245,Ambiguous References,0.1118,Vague / Missing Context,0.1076,4000,0.720
eb329a445eafa83d5803227d75c9b52b,1,No Smell,0.2095,Format Ambiguity,0.1162,Vague / Missing Context,0.0899,Ambiguous References,0.0889,161,0.293
bd47c91d790bbdb62792252ce3315806,1,No Smell,0.2082,Format Ambiguity,0.1322,Irrelevant / Excessive Persona,0.1195,Overloaded Prompt,0.0971,4000,1.048
cedcd77b8a77057b6b989590354ed10f,1,No Smell,0.1514,Ambiguous References,0.1290,Format Ambiguity,0.1274,Vague / Missing Context,0.0901,439,0.323
bc51ff6de4ebd3ba80cac81c03b454d9,1,No Smell,0.1520,Overloaded Prompt,0.1228,Conflicting Constraints,0.1158,Ambiguous References,0.1060,4000,0.755
bc51ff6de4ebd3ba80cac81c03b454d9,2,No Smell,0.1533,Format Ambiguity,0.1288,Ambiguous References,0.1048,Prompt Bloat / Convoluted Prompt,0.0959,4000,0.722
6b8df72b6bd16d59695bad9711960ce8,1,No Smell,0.1282,Irrelevant / Excessive Persona,0.1165,Overloaded Prompt,0.1100,Prompt Bloat / Convoluted Prompt,0.1088,2845,0.653
c5a13321533a62719bc075031f3f52b4,1,No Smell,0.1551,Vague / Missing Context,0.1253,Format Ambiguity,0.1251,Ambiguous References,0.1134,48,0.292
c5a13321533a62719bc075031f3f52b4,2,No Smell,0.1649,Format Ambiguity,0.1215,Vague / Missing Context,0.1206,Ambiguous References,0.1074,55,0.292
c5a13321533a62719bc075031f3f52b4,3,No Smell,0.1763,Format Ambiguity,0.1346,Vague / Missing Context,0.1104,Ambiguous References,0.1041,63,0.293
c216b8f6aa38303ff7ad2f8241113448,1,No Smell,0.1497,Ambiguous References,0.1328,Format Ambiguity,0.1319,Vague / Missing Context,0.0980,148,0.295
c216b8f6aa38303ff7ad2f8241113448,2,No Smell,0.1570,Ambiguous References,0.1272,Format Ambiguity,0.1156,Unnecessary Repetition,0.0924,75,0.293
c216b8f6aa38303ff7ad2f8241113448,3,No Smell,0.1978,Format Ambiguity,0.1655,Ambiguous References,0.0847,Vague / Missing Context,0.0802,57,0.292
c216b8f6aa38303ff7ad2f8241113448,4,No Smell,0.1463,Ambiguous References,0.1394,Format Ambiguity,0.1236,Vague / Missing Context,0.1054,80,0.293
c216b8f6aa38303ff7ad2f8241113448,5,No Smell,0.1939,Ambiguous References,0.1196,Format Ambiguity,0.1194,Conflicting Constraints,0.0918,31,0.291
628bec98c4d5258b3e5a5d35d6455000,1,Format Ambiguity,0.1947,No Smell,0.1557,Overloaded Prompt,0.1229,Vague / Missing Context,0.1055,461,0.316
bc7752f13f96420f0db2655a1f3d13cf,1,Vague / Missing Context,0.1651,No Smell,0.1498,Format Ambiguity,0.1165,Overloaded Prompt,0.1132,2054,0.513
bda07a2d84c53617cd2f0fb68fa92d75,1,No Smell,0.1662,Format Ambiguity,0.1272,Vague / Missing Context,0.0898,Ambiguous References,0.0893,140,0.293
bda07a2d84c53617cd2f0fb68fa92d75,2,Format Ambiguity,0.1462,Vague / Missing Context,0.1407,Ambiguous References,0.1302,No Smell,0.1165,1590,0.462
bda07a2d84c53617cd2f0fb68fa92d75,3,No Smell,0.1685,Format Ambiguity,0.1398,Vague / Missing Context,0.1078,Ambiguous References,0.0988,31,0.292
bda07a2d84c53617cd2f0fb68fa92d75,4,No Smell,0.2175,Format Ambiguity,0.1367,Ambiguous References,0.0989,Vague / Missing Context,0.0881,45,0.292
2ffbfb114acd1a2c9d22caf8e71b01ff,1,No Smell,0.1591,Format Ambiguity,0.1310,Vague / Missing Context,0.1165,Ambiguous References,0.0937,37,0.291
d6549366062e85601035897933f1e5ce,1,Vague / Missing Context,0.2057,No Smell,0.1946,Format Ambiguity,0.1254,Ambiguous References,0.0856,55,0.292
aa16f207312acc7cd91b8979baa8a595,1,No Smell,0.1856,Format Ambiguity,0.1269,Vague / Missing Context,0.1242,Ambiguous References,0.0925,41,0.292
aa16f207312acc7cd91b8979baa8a595,2,No Smell,0.1818,Format Ambiguity,0.1249,Vague / Missing Context,0.1208,Ambiguous References,0.0929,41,0.292
9b200d2ecbee772a6e5983c207ecb512,1,Vague / Missing Context,0.3017,Format Ambiguity,0.1240,No Smell,0.1223,Unnecessary Repetition,0.0754,96,0.294
f2e65ba0c04f4f74ce4e340c97357807,1,No Smell,0.1772,Ambiguous References,0.1127,Vague / Missing Context,0.1088,Format Ambiguity,0.1022,57,0.292
21afada9aac3a5e9d8baada0fe044088,1,No Smell,0.1468,Format Ambiguity,0.1245,Ambiguous References,0.1186,Vague / Missing Context,0.1105,1600,0.421
21afada9aac3a5e9d8baada0fe044088,2,Vague / Missing Context,0.1703,No Smell,0.1432,Format Ambiguity,0.1188,Overloaded Prompt,0.1110,2055,0.513
21afada9aac3a5e9d8baada0fe044088,3,No Smell,0.1925,Format Ambiguity,0.1656,Overloaded Prompt,0.1076,Vague / Missing Context,0.0929,62,0.292
ba981e62790522513bc65a6fa9945332,1,Format Ambiguity,0.1501,Vague / Missing Context,0.1475,No Smell,0.1213,Overloaded Prompt,0.1171,350,0.320
ad6fc67577642b76899804e8dddb1356,1,No Smell,0.2218,Format Ambiguity,0.1306,Vague / Missing Context,0.1112,Unnecessary Repetition,0.0913,4000,0.624
ad6fc67577642b76899804e8dddb1356,2,Vague / Missing Context,0.2039,Format Ambiguity,0.1773,No Smell,0.1213,Ambiguous References,0.1146,38,0.292
ad6fc67577642b76899804e8dddb1356,3,No Smell,0.1461,Vague / Missing Context,0.1249,Format Ambiguity,0.1220,Ambiguous References,0.1040,41,0.292
ad6fc67577642b76899804e8dddb1356,4,Format Ambiguity,0.1794,No Smell,0.1378,Vague / Missing Context,0.1308,Ambiguous References,0.1111,25,0.291
ad6fc67577642b76899804e8dddb1356,5,No Smell,0.1331,Format Ambiguity,0.1226,Vague / Missing Context,0.1191,Ambiguous References,0.1046,156,0.293
ad6fc67577642b76899804e8dddb1356,6,Format Ambiguity,0.1508,No Smell,0.1473,Vague / Missing Context,0.1312,Ambiguous References,0.0994,3071,0.580
d4c65a44ea28e503b573c7a116807e7a,1,Format Ambiguity,0.1667,No Smell,0.1614,Vague / Missing Context,0.1319,Overloaded Prompt,0.0907,67,0.291
d4c65a44ea28e503b573c7a116807e7a,2,No Smell,0.1633,Format Ambiguity,0.1390,Vague / Missing Context,0.1039,Conflicting Constraints,0.0901,16,0.292
d4c65a44ea28e503b573c7a116807e7a,3,No Smell,0.1642,Format Ambiguity,0.1164,Unnecessary Repetition,0.1032,Conflicting Constraints,0.0991,14,0.291
906c31f2629667101e18c390763dd3f8,1,No Smell,0.1706,Format Ambiguity,0.1413,Vague / Missing Context,0.1051,Unnecessary Repetition,0.1009,66,0.292
906c31f2629667101e18c390763dd3f8,2,No Smell,0.1847,Format Ambiguity,0.1382,Vague / Missing Context,0.1173,Unnecessary Repetition,0.0848,69,0.292
906c31f2629667101e18c390763dd3f8,3,No Smell,0.1869,Format Ambiguity,0.1595,Overloaded Prompt,0.1218,Vague / Missing Context,0.1118,48,0.292
906c31f2629667101e18c390763dd3f8,4,No Smell,0.1686,Format Ambiguity,0.1203,Vague / Missing Context,0.1110,Conflicting Constraints,0.0960,41,0.291
5e5d37f9a3f01b2988b19a6ebe8047e9,1,No Smell,0.1700,Format Ambiguity,0.1517,Overloaded Prompt,0.1287,Vague / Missing Context,0.1049,65,0.291
082e76a513057ca0380249ea475c33eb,1,No Smell,0.2131,Format Ambiguity,0.1260,Irrelevant / Excessive Persona,0.1098,Overloaded Prompt,0.1026,4000,0.964
a2928b830b8b66809296a0ee17fcde35,1,No Smell,0.2084,Vague / Missing Context,0.1267,Format Ambiguity,0.1093,Unnecessary Repetition,0.0841,63,0.292
a2928b830b8b66809296a0ee17fcde35,2,No Smell,0.1754,Ambiguous References,0.1596,Irrelevant / Excessive Persona,0.1173,Format Ambiguity,0.1128,139,0.296
a2928b830b8b66809296a0ee17fcde35,3,No Smell,0.1691,Vague / Missing Context,0.1675,Format Ambiguity,0.1357,Overloaded Prompt,0.1034,217,0.296
a2928b830b8b66809296a0ee17fcde35,4,Vague / Missing Context,0.2333,Format Ambiguity,0.1635,No Smell,0.1332,Conflicting Constraints,0.0962,46,0.291
a2928b830b8b66809296a0ee17fcde35,5,No Smell,0.1739,Vague / Missing Context,0.1228,Format Ambiguity,0.1183,Conflicting Constraints,0.0963,81,0.292
a2928b830b8b66809296a0ee17fcde35,6,Vague / Missing Context,0.1394,No Smell,0.1339,Format Ambiguity,0.1210,Ambiguous References,0.1183,2157,0.513
a2928b830b8b66809296a0ee17fcde35,7,No Smell,0.2042,Vague / Missing Context,0.1175,Format Ambiguity,0.1128,Ambiguous References,0.1010,64,0.291
22df480a7cccdaf26b977216e78f1916,1,Ambiguous References,0.1825,Format Ambiguity,0.1686,No Smell,0.1512,Vague / Missing Context,0.1010,110,0.292
22df480a7cccdaf26b977216e78f1916,2,Ambiguous References,0.1932,Format Ambiguity,0.1656,No Smell,0.1514,Vague / Missing Context,0.1032,120,0.293
22df480a7cccdaf26b977216e78f1916,3,Format Ambiguity,0.1788,No Smell,0.1534,Ambiguous References,0.1442,Vague / Missing Context,0.1015,166,0.295
22df480a7cccdaf26b977216e78f1916,4,Format Ambiguity,0.1939,No Smell,0.1471,Overloaded Prompt,0.1206,Ambiguous References,0.1201,166,0.295
22df480a7cccdaf26b977216e78f1916,5,Format Ambiguity,0.1969,No Smell,0.1479,Ambiguous References,0.1193,Overloaded Prompt,0.1128,152,0.295
22df480a7cccdaf26b977216e78f1916,6,Format Ambiguity,0.2030,No Smell,0.1524,Overloaded Prompt,0.1183,Ambiguous References,0.1055,150,0.296
22df480a7cccdaf26b977216e78f1916,7,Format Ambiguity,0.2052,No Smell,0.1346,Overloaded Prompt,0.1258,Ambiguous References,0.1102,172,0.296
22df480a7cccdaf26b977216e78f1916,8,Format Ambiguity,0.1998,No Smell,0.1323,Overloaded Prompt,0.1310,Ambiguous References,0.1085,178,0.296
22df480a7cccdaf26b977216e78f1916,9,Format Ambiguity,0.1978,No Smell,0.1554,Overloaded Prompt,0.1134,Ambiguous References,0.1060,164,0.295
22df480a7cccdaf26b977216e78f1916,10,Format Ambiguity,0.1942,No Smell,0.1497,Overloaded Prompt,0.1198,Ambiguous References,0.1103,178,0.295
22df480a7cccdaf26b977216e78f1916,11,Format Ambiguity,0.1903,No Smell,0.1456,Overloaded Prompt,0.1199,Ambiguous References,0.1144,216,0.296
1d84139c02bc3886afa71e575a9bdde9,1,Vague / Missing Context,0.1617,Format Ambiguity,0.1345,No Smell,0.1138,Ambiguous References,0.1015,2790,0.578
1d84139c02bc3886afa71e575a9bdde9,2,Format Ambiguity,0.1865,Vague / Missing Context,0.1706,No Smell,0.1395,Overloaded Prompt,0.0840,53,0.292
b75f03a9f27ba3b39b23884b0b7173df,1,No Smell,0.1423,Ambiguous References,0.1307,Format Ambiguity,0.1228,Vague / Missing Context,0.1065,903,0.395
49ff4aef339ebeac0e6e28107a63a89d,1,Vague / Missing Context,0.1417,No Smell,0.1343,Format Ambiguity,0.1257,Prompt Bloat / Convoluted Prompt,0.0982,1020,0.389
304cca7b286629c77f9134647807ed97,1,Vague / Missing Context,0.1417,No Smell,0.1343,Format Ambiguity,0.1257,Prompt Bloat / Convoluted Prompt,0.0982,1020,0.252
b0b2cc61068cb97ffe08568ea64348d1,1,Vague / Missing Context,0.1485,No Smell,0.1477,Format Ambiguity,0.1187,Overloaded Prompt,0.1105,2283,0.496
b613b60731b80269a55c95b10e1027d8,1,Conflicting Constraints,0.1356,No Smell,0.1156,Format Ambiguity,0.1107,Prompt Bloat / Convoluted Prompt,0.1061,3898,0.653
c4a657a1d90c47e0934d416a4586becb,1,No Smell,0.1293,Format Ambiguity,0.1245,Ambiguous References,0.1118,Vague / Missing Context,0.1076,4000,0.721
ae9c4fe55611e9a7732ed743f00faea2,1,No Smell,0.1469,Ambiguous References,0.1316,Format Ambiguity,0.1235,Vague / Missing Context,0.1038,908,0.396
a05f2c0a1af0010a7abc4bfda8b90dec,1,No Smell,0.1689,Vague / Missing Context,0.1446,Format Ambiguity,0.1285,Ambiguous References,0.1195,55,0.292
4bdf3fcd8baf50fcbbb09ad9b2299baa,2,No Smell,0.1746,Format Ambiguity,0.1376,Ambiguous References,0.0995,Vague / Missing Context,0.0963,16,0.292
4bdf3fcd8baf50fcbbb09ad9b2299baa,3,No Smell,0.1771,Format Ambiguity,0.1697,Vague / Missing Context,0.1523,Overloaded Prompt,0.0845,22,0.291
6e54e77edc1a209246c0254e11dc438e,1,Vague / Missing Context,0.1796,Format Ambiguity,0.1378,No Smell,0.1062,Ambiguous References,0.1018,2744,0.580
6e54e77edc1a209246c0254e11dc438e,2,Format Ambiguity,0.1865,Vague / Missing Context,0.1706,No Smell,0.1395,Overloaded Prompt,0.0840,53,0.292
4bbff2588fbe7a79c8035e61a3155e4d,1,Conflicting Constraints,0.1356,No Smell,0.1156,Format Ambiguity,0.1107,Prompt Bloat / Convoluted Prompt,0.1061,3898,0.653
4bbff2588fbe7a79c8035e61a3155e4d,2,Conflicting Constraints,0.1356,No Smell,0.1156,Format Ambiguity,0.1107,Prompt Bloat / Convoluted Prompt,0.1061,3898,0.260
4bbff2588fbe7a79c8035e61a3155e4d,3,Conflicting Constraints,0.1356,No Smell,0.1156,Format Ambiguity,0.1107,Prompt Bloat / Convoluted Prompt,0.1061,3898,0.260
04fa3a92407f54cacc334be1ca248843,1,No Smell,0.1761,Format Ambiguity,0.1510,Vague / Missing Context,0.1427,Overloaded Prompt,0.0786,41,0.292
a272311ccd7e810abf1af487ef668c60,1,No Smell,0.1423,Ambiguous References,0.1294,Format Ambiguity,0.1269,Vague / Missing Context,0.1038,865,0.381
da4521f81e03414b54c83b1feb54071a,3,No Smell,0.2008,Unnecessary Repetition,0.1108,Prompt Bloat / Convoluted Prompt,0.1012,Ambiguous References,0.0906,372,0.363
73446e4befe18d86b7059b099a7b980d,1,No Smell,0.1293,Format Ambiguity,0.1245,Ambiguous References,0.1118,Vague / Missing Context,0.1076,4000,0.720
df9446d2054c063853c5f96f8ea3256c,1,No Smell,0.1962,Format Ambiguity,0.1251,Ambiguous References,0.1079,Vague / Missing Context,0.1027,183,0.296
df9446d2054c063853c5f96f8ea3256c,2,Unnecessary Repetition,0.1687,No Smell,0.1424,Ambiguous References,0.1178,Prompt Bloat / Convoluted Prompt,0.0865,500,0.380
353957890fab866044e851417a2c361a,3,No Smell,0.1852,Format Ambiguity,0.1080,Ambiguous References,0.0997,Unnecessary Repetition,0.0949,65,0.292
353957890fab866044e851417a2c361a,6,No Smell,0.1655,Format Ambiguity,0.1363,Vague / Missing Context,0.1113,Ambiguous References,0.0953,101,0.292
f8cd2d5e2fdd48e5f78cfad7dd65cb39,1,No Smell,0.1657,Format Ambiguity,0.1159,Ambiguous References,0.1097,Unnecessary Repetition,0.1037,2283,0.837
d1f2354a35b4742e7b690b3b6ea89ce1,1,Vague / Missing Context,0.2440,Format Ambiguity,0.1518,No Smell,0.1329,Formality / Audience Mismatch,0.0908,447,0.317
d1f2354a35b4742e7b690b3b6ea89ce1,2,Vague / Missing Context,0.1970,No Smell,0.1546,Format Ambiguity,0.1430,Ambiguous References,0.0890,57,0.292
d1f2354a35b4742e7b690b3b6ea89ce1,3,Vague / Missing Context,0.1599,No Smell,0.1344,Format Ambiguity,0.1287,Ambiguous References,0.1086,194,0.296
06640152cc14fcdad5cd2bb91ed0c2e1,1,No Smell,0.1636,Vague / Missing Context,0.1280,Format Ambiguity,0.1259,Ambiguous References,0.0875,114,0.293
e8800bf6ab1d144dac7470e746907ff1,1,No Smell,0.1560,Irrelevant / Excessive Persona,0.1275,Format Ambiguity,0.1103,Ambiguous References,0.1055,23,0.292
e8800bf6ab1d144dac7470e746907ff1,2,No Smell,0.1483,Format Ambiguity,0.1279,Irrelevant / Excessive Persona,0.1247,Vague / Missing Context,0.0941,28,0.292
3dff6625d827f9f4dedab19135eea8f3,1,No Smell,0.1293,Format Ambiguity,0.1245,Ambiguous References,0.1118,Vague / Missing Context,0.1076,4000,0.721
4c96ab726ae7c89b7d3935b72ed2ea47,1,Ambiguous References,0.1321,No Smell,0.1222,Vague / Missing Context,0.1084,Format Ambiguity,0.1051,8,0.292
4c96ab726ae7c89b7d3935b72ed2ea47,3,Vague / Missing Context,0.1674,No Smell,0.1436,Format Ambiguity,0.1076,Conflicting Constraints,0.0960,16,0.292
4c96ab726ae7c89b7d3935b72ed2ea47,4,Vague / Missing Context,0.2027,No Smell,0.1353,Format Ambiguity,0.1198,Conflicting Constraints,0.1008,40,0.291
4c96ab726ae7c89b7d3935b72ed2ea47,6,No Smell,0.2365,Vague / Missing Context,0.1868,Format Ambiguity,0.1315,Unnecessary Repetition,0.0768,22,0.291
cdab1b85bf0ca877ac1e56035238c449,1,Vague / Missing Context,0.1868,Format Ambiguity,0.1393,No Smell,0.1044,Ambiguous References,0.1029,2749,0.581
cdab1b85bf0ca877ac1e56035238c449,2,Format Ambiguity,0.1819,Vague / Missing Context,0.1731,No Smell,0.1339,Ambiguous References,0.0863,53,0.292
cdab1b85bf0ca877ac1e56035238c449,3,Format Ambiguity,0.1608,No Smell,0.1490,Vague / Missing Context,0.1345,Conflicting Constraints,0.0882,14,0.292
57cc0c20f5f69e84d8e9f78a1b3fc14c,1,No Smell,0.1487,Format Ambiguity,0.1128,Ambiguous References,0.1046,Prompt Bloat / Convoluted Prompt,0.0994,1795,0.905
8b68fcca6d6f5028e44e20f3580cf028,1,Format Ambiguity,0.1978,No Smell,0.1357,Overloaded Prompt,0.1231,Ambiguous References,0.1204,267,0.297
8b68fcca6d6f5028e44e20f3580cf028,2,Format Ambiguity,0.1942,No Smell,0.1394,Overloaded Prompt,0.1299,Ambiguous References,0.1147,268,0.297
8b68fcca6d6f5028e44e20f3580cf028,3,Format Ambiguity,0.1987,No Smell,0.1348,Overloaded Prompt,0.1316,Ambiguous References,0.1135,305,0.319
8b68fcca6d6f5028e44e20f3580cf028,4,Format Ambiguity,0.1921,Overloaded Prompt,0.1365,No Smell,0.1342,Ambiguous References,0.1126,356,0.322
8b68fcca6d6f5028e44e20f3580cf028,5,Format Ambiguity,0.1925,No Smell,0.1346,Overloaded Prompt,0.1336,Ambiguous References,0.1129,387,0.316
8b68fcca6d6f5028e44e20f3580cf028,6,Format Ambiguity,0.1913,No Smell,0.1335,Overloaded Prompt,0.1312,Ambiguous References,0.1134,407,0.317
8b68fcca6d6f5028e44e20f3580cf028,7,Format Ambiguity,0.1886,Overloaded Prompt,0.1423,No Smell,0.1244,Ambiguous References,0.1200,440,0.318
8b68fcca6d6f5028e44e20f3580cf028,8,Format Ambiguity,0.2004,No Smell,0.1319,Overloaded Prompt,0.1305,Ambiguous References,0.1105,467,0.318
8b68fcca6d6f5028e44e20f3580cf028,9,No Smell,0.1543,Vague / Missing Context,0.1513,Format Ambiguity,0.1276,Ambiguous References,0.1035,49,0.292
8b68fcca6d6f5028e44e20f3580cf028,10,No Smell,0.1634,Format Ambiguity,0.1206,Vague / Missing Context,0.1096,Ambiguous References,0.0950,45,0.292
8b68fcca6d6f5028e44e20f3580cf028,11,No Smell,0.1867,Format Ambiguity,0.1652,Ambiguous References,0.1233,Vague / Missing Context,0.0980,62,0.292
780bf7a1dd3c7f89cea49ebd6add8546,2,No Smell,0.2128,Format Ambiguity,0.1402,Vague / Missing Context,0.0904,Unnecessary Repetition,0.0887,27,0.292
780bf7a1dd3c7f89cea49ebd6add8546,3,No Smell,0.1602,Vague / Missing Context,0.1439,Format Ambiguity,0.1168,Bias / Loaded Framing,0.0960,69,0.293
780bf7a1dd3c7f89cea49ebd6add8546,4,No Smell,0.1447,Vague / Missing Context,0.1336,Bias / Loaded Framing,0.1211,Ambiguous References,0.1054,46,0.292
53dce996e055f1b550cc5ee6adff6f17,1,No Smell,0.2245,Format Ambiguity,0.1642,Vague / Missing Context,0.1028,Overloaded Prompt,0.0785,76,0.292
53dce996e055f1b550cc5ee6adff6f17,2,No Smell,0.2142,Vague / Missing Context,0.1181,Format Ambiguity,0.1075,Conflicting Constraints,0.0931,27,0.291
53dce996e055f1b550cc5ee6adff6f17,3,No Smell,0.2048,Format Ambiguity,0.1562,Ambiguous References,0.1036,Vague / Missing Context,0.0887,58,0.292
53dce996e055f1b550cc5ee6adff6f17,4,No Smell,0.2192,Format Ambiguity,0.1163,Vague / Missing Context,0.0925,Unnecessary Repetition,0.0913,37,0.292
53dce996e055f1b550cc5ee6adff6f17,5,No Smell,0.2142,Vague / Missing Context,0.1181,Format Ambiguity,0.1075,Conflicting Constraints,0.0931,27,0.249
53dce996e055f1b550cc5ee6adff6f17,6,No Smell,0.2134,Format Ambiguity,0.1297,Vague / Missing Context,0.1128,Ambiguous References,0.0934,57,0.292
53dce996e055f1b550cc5ee6adff6f17,7,No Smell,0.1960,Format Ambiguity,0.1418,Vague / Missing Context,0.1187,Ambiguous References,0.0944,51,0.292
53dce996e055f1b550cc5ee6adff6f17,8,No Smell,0.2213,Format Ambiguity,0.1365,Vague / Missing Context,0.1159,Ambiguous References,0.0909,31,0.292
53dce996e055f1b550cc5ee6adff6f17,9,No Smell,0.3027,Format Ambiguity,0.1398,Unnecessary Repetition,0.0764,Irrelevant / Excessive Persona,0.0750,40,0.292
53dce996e055f1b550cc5ee6adff6f17,10,No Smell,0.2215,Format Ambiguity,0.1383,Ambiguous References,0.0870,Unnecessary Repetition,0.0817,61,0.292
53dce996e055f1b550cc5ee6adff6f17,11,No Smell,0.2181,Format Ambiguity,0.1553,Ambiguous References,0.0887,Vague / Missing Context,0.0844,73,0.292
76c522db243ca2b9abbe6c84efc0e795,1,No Smell,0.1658,Format Ambiguity,0.1155,Vague / Missing Context,0.1030,Unnecessary Repetition,0.0923,30,0.292
76c522db243ca2b9abbe6c84efc0e795,2,No Smell,0.1403,Vague / Missing Context,0.1246,Format Ambiguity,0.1136,Unnecessary Repetition,0.1065,38,0.292
76c522db243ca2b9abbe6c84efc0e795,3,No Smell,0.1409,Format Ambiguity,0.1221,Vague / Missing Context,0.1146,Unnecessary Repetition,0.1048,50,0.291
51326e142b5e18d5afde534f3de591ff,1,No Smell,0.1869,Vague / Missing Context,0.1313,Format Ambiguity,0.1229,Conflicting Constraints,0.0846,31,0.292
51326e142b5e18d5afde534f3de591ff,2,No Smell,0.1636,Ambiguous References,0.1223,Vague / Missing Context,0.1162,Format Ambiguity,0.1107,38,0.293
e124ff44310e240124b6464ceb8a53a7,1,No Smell,0.1752,Vague / Missing Context,0.1531,Format Ambiguity,0.1390,Irrelevant / Excessive Persona,0.1031,187,0.296
e124ff44310e240124b6464ceb8a53a7,2,Formality / Audience Mismatch,0.1782,Vague / Missing Context,0.1692,Format Ambiguity,0.1163,Overloaded Prompt,0.0991,142,0.294
e124ff44310e240124b6464ceb8a53a7,3,No Smell,0.1558,Vague / Missing Context,0.1427,Format Ambiguity,0.1228,Ambiguous References,0.0941,147,0.295
e124ff44310e240124b6464ceb8a53a7,4,Vague / Missing Context,0.2410,Format Ambiguity,0.1548,Ambiguous References,0.0867,No Smell,0.0849,464,0.316
e124ff44310e240124b6464ceb8a53a7,5,No Smell,0.1799,Format Ambiguity,0.1414,Unnecessary Repetition,0.1154,Vague / Missing Context,0.0892,99,0.293
e124ff44310e240124b6464ceb8a53a7,6,Format Ambiguity,0.1620,No Smell,0.1616,Vague / Missing Context,0.1236,Ambiguous References,0.0845,43,0.292
e124ff44310e240124b6464ceb8a53a7,7,Format Ambiguity,0.1661,Formality / Audience Mismatch,0.1332,Vague / Missing Context,0.1311,No Smell,0.1174,203,0.295
e124ff44310e240124b6464ceb8a53a7,8,No Smell,0.1405,Format Ambiguity,0.1291,Vague / Missing Context,0.1092,Ambiguous References,0.1006,419,0.322
e124ff44310e240124b6464ceb8a53a7,9,Vague / Missing Context,0.1331,Format Ambiguity,0.1322,No Smell,0.1167,Overloaded Prompt,0.1095,302,0.296
65a44b8cc00fc117f989836c6c2e4260,2,No Smell,0.1666,Format Ambiguity,0.1092,Conflicting Constraints,0.1037,Unnecessary Repetition,0.1022,35,0.293
7113c99e3f58b5875780d71a3b53b621,1,No Smell,0.1831,Format Ambiguity,0.1462,Irrelevant / Excessive Persona,0.1325,Ambiguous References,0.1060,19,0.291
7113c99e3f58b5875780d71a3b53b621,2,No Smell,0.1841,Format Ambiguity,0.1076,Vague / Missing Context,0.1054,Conflicting Constraints,0.0974,16,0.292
7113c99e3f58b5875780d71a3b53b621,3,No Smell,0.1666,Format Ambiguity,0.1044,Conflicting Constraints,0.1033,Vague / Missing Context,0.1026,35,0.292
4be001190b0f9657c36947cd637a27b3,1,No Smell,0.1981,Format Ambiguity,0.1242,Irrelevant / Excessive Persona,0.1015,Unnecessary Repetition,0.0976,292,0.320
4be001190b0f9657c36947cd637a27b3,2,Overloaded Prompt,0.1984,Format Ambiguity,0.1691,No Smell,0.1533,Ambiguous References,0.1049,154,0.295
6780b31e26682462ccae6d27ab20b216,1,No Smell,0.1983,Format Ambiguity,0.1509,Vague / Missing Context,0.1420,Irrelevant / Excessive Persona,0.0804,69,0.293
6780b31e26682462ccae6d27ab20b216,2,No Smell,0.2080,Format Ambiguity,0.1440,Vague / Missing Context,0.1199,Unnecessary Repetition,0.0844,63,0.293
6780b31e26682462ccae6d27ab20b216,3,No Smell,0.2382,Format Ambiguity,0.1363,Unnecessary Repetition,0.0882,Vague / Missing Context,0.0825,44,0.292
6780b31e26682462ccae6d27ab20b216,4,No Smell,0.2182,Format Ambiguity,0.1476,Vague / Missing Context,0.1284,Irrelevant / Excessive Persona,0.0789,92,0.293
6780b31e26682462ccae6d27ab20b216,5,Ambiguous References,0.2766,No Smell,0.1706,Format Ambiguity,0.1149,Vague / Missing Context,0.0734,77,0.292
156dcc644bebbed4ba9bf7f567c38a1f,1,No Smell,0.1795,Format Ambiguity,0.1424,Vague / Missing Context,0.0984,Irrelevant / Excessive Persona,0.0934,52,0.293
156dcc644bebbed4ba9bf7f567c38a1f,2,No Smell,0.1895,Format Ambiguity,0.1512,Irrelevant / Excessive Persona,0.0955,Unnecessary Repetition,0.0935,63,0.292
156dcc644bebbed4ba9bf7f567c38a1f,3,No Smell,0.1765,Format Ambiguity,0.1424,Vague / Missing Context,0.1066,Irrelevant / Excessive Persona,0.1024,73,0.292
85e6d1b3c1e5774be99a589888a34b88,1,No Smell,0.1981,Format Ambiguity,0.1242,Irrelevant / Excessive Persona,0.1015,Unnecessary Repetition,0.0976,292,0.320
85e6d1b3c1e5774be99a589888a34b88,2,No Smell,0.1774,Ambiguous References,0.1376,Format Ambiguity,0.1199,Vague / Missing Context,0.1077,227,0.296
85e6d1b3c1e5774be99a589888a34b88,3,No Smell,0.1981,Format Ambiguity,0.1242,Irrelevant / Excessive Persona,0.1015,Unnecessary Repetition,0.0976,292,0.250
d2aabbb2bf34695f0909d31a7f502b65,1,No Smell,0.1350,Vague / Missing Context,0.1273,Format Ambiguity,0.1108,Ambiguous References,0.1072,273,0.297
1e7496fab057ed21b3d18a88112df921,1,No Smell,0.2630,Format Ambiguity,0.1535,Vague / Missing Context,0.0959,Irrelevant / Excessive Persona,0.0786,52,0.291
1e7496fab057ed21b3d18a88112df921,2,No Smell,0.2306,Format Ambiguity,0.1362,Ambiguous References,0.0938,Conflicting Constraints,0.0899,49,0.292
1e7496fab057ed21b3d18a88112df921,3,No Smell,0.2666,Format Ambiguity,0.1423,Vague / Missing Context,0.0867,Unnecessary Repetition,0.0816,75,0.292
1e7496fab057ed21b3d18a88112df921,4,No Smell,0.1672,Ambiguous References,0.1360,Vague / Missing Context,0.1281,Format Ambiguity,0.1038,59,0.292
e6594384c91e67ec9e90d2f206ac1ad0,1,No Smell,0.1867,Format Ambiguity,0.1473,Ambiguous References,0.0928,Vague / Missing Context,0.0926,189,0.296
e6594384c91e67ec9e90d2f206ac1ad0,2,No Smell,0.1814,Format Ambiguity,0.1391,Vague / Missing Context,0.1268,Unnecessary Repetition,0.0846,30,0.291
e6594384c91e67ec9e90d2f206ac1ad0,3,No Smell,0.2339,Format Ambiguity,0.1293,Unnecessary Repetition,0.0922,Vague / Missing Context,0.0840,56,0.292
ccd2b4ecde031d5bcb36d0269b3b3fbd,1,No Smell,0.1408,Unnecessary Repetition,0.1132,Vague / Missing Context,0.1065,Format Ambiguity,0.1026,181,0.296
1668c06e97338b3722dc48d8ed78ced2,1,Format Ambiguity,0.1879,No Smell,0.1741,Vague / Missing Context,0.1729,Overloaded Prompt,0.0980,48,0.293
2aa4f557d951dd061afa73d14cb9faaf,1,No Smell,0.1834,Ambiguous References,0.1698,Format Ambiguity,0.1274,Vague / Missing Context,0.1071,67,0.293
2aa4f557d951dd061afa73d14cb9faaf,2,No Smell,0.1920,Vague / Missing Context,0.1517,Format Ambiguity,0.1284,Unnecessary Repetition,0.0798,33,0.292
2aa4f557d951dd061afa73d14cb9faaf,4,Vague / Missing Context,0.1685,Format Ambiguity,0.1335,No Smell,0.1314,Ambiguous References,0.1038,37,0.292
2aa4f557d951dd061afa73d14cb9faaf,5,Ambiguous References,0.2347,Format Ambiguity,0.1463,Vague / Missing Context,0.1264,No Smell,0.1102,87,0.293
2aa4f557d951dd061afa73d14cb9faaf,8,Ambiguous References,0.2022,Format Ambiguity,0.1540,Vague / Missing Context,0.1261,No Smell,0.1175,116,0.293
cb5098b5f13c074efe26dddf15b8c885,1,No Smell,0.1998,Vague / Missing Context,0.1845,Format Ambiguity,0.1801,Overloaded Prompt,0.0756,71,0.292
ed541ffbaaf39e21f6e58eca2c558b84,1,No Smell,0.1616,Format Ambiguity,0.1430,Vague / Missing Context,0.1297,Prompt Bloat / Convoluted Prompt,0.0843,102,0.293
ed541ffbaaf39e21f6e58eca2c558b84,3,No Smell,0.1419,Ambiguous References,0.1275,Format Ambiguity,0.1262,Unnecessary Repetition,0.1108,410,0.364
33822b668f27ae082c7edda2c2a14c26,1,Format Ambiguity,0.1324,No Smell,0.1322,Ambiguous References,0.1070,Vague / Missing Context,0.1052,334,0.320
46c2145b19c0c221f402bb5b722b6d9d,1,Vague / Missing Context,0.2061,No Smell,0.1862,Format Ambiguity,0.1291,Unnecessary Repetition,0.0769,49,0.293
46c2145b19c0c221f402bb5b722b6d9d,2,No Smell,0.1855,Format Ambiguity,0.1194,Vague / Missing Context,0.1126,Unnecessary Repetition,0.0888,36,0.292
565a669ec514fbd69bee6b8b22258d24,1,Vague / Missing Context,0.2458,No Smell,0.2203,Format Ambiguity,0.1145,Unnecessary Repetition,0.0790,25,0.292
1a9450cc974284dbe6529f2f4da49d4b,1,Vague / Missing Context,0.1823,No Smell,0.1743,Format Ambiguity,0.1695,Irrelevant / Excessive Persona,0.0711,29,0.292
ca0526cce1cf6225c9f89567446893d2,1,No Smell,0.1739,Format Ambiguity,0.1544,Vague / Missing Context,0.1166,Overloaded Prompt,0.0907,54,0.292
ca0526cce1cf6225c9f89567446893d2,2,Overloaded Prompt,0.1485,No Smell,0.1411,Format Ambiguity,0.1255,Vague / Missing Context,0.1226,167,0.295
ca0526cce1cf6225c9f89567446893d2,3,No Smell,0.1624,Ambiguous References,0.1246,Format Ambiguity,0.1194,Vague / Missing Context,0.0999,34,0.292
ca0526cce1cf6225c9f89567446893d2,4,Format Ambiguity,0.2307,No Smell,0.1774,Overloaded Prompt,0.1099,Vague / Missing Context,0.0825,101,0.292
ca0526cce1cf6225c9f89567446893d2,5,Format Ambiguity,0.2307,No Smell,0.1774,Overloaded Prompt,0.1099,Vague / Missing Context,0.0825,101,0.249
735a531a9ed59f5b3e86268d029665b7,1,Vague / Missing Context,0.1808,Format Ambiguity,0.1695,No Smell,0.1680,Ambiguous References,0.0757,32,0.292
ccfe4da45c4b229b193b3fa9fb2046db,1,Format Ambiguity,0.2307,No Smell,0.1774,Overloaded Prompt,0.1099,Vague / Missing Context,0.0825,101,0.249
2f060bd7c188ffd23dfd64d5a33782c9,1,No Smell,0.2123,Format Ambiguity,0.1175,Irrelevant / Excessive Persona,0.1041,Ambiguous References,0.0925,268,0.319
2f060bd7c188ffd23dfd64d5a33782c9,2,No Smell,0.1762,Format Ambiguity,0.1169,Ambiguous References,0.1147,Vague / Missing Context,0.0923,150,0.295
2f060bd7c188ffd23dfd64d5a33782c9,3,No Smell,0.1822,Format Ambiguity,0.1242,Ambiguous References,0.1123,Vague / Missing Context,0.1047,109,0.292
2f060bd7c188ffd23dfd64d5a33782c9,4,No Smell,0.1538,Format Ambiguity,0.1200,Ambiguous References,0.1171,Vague / Missing Context,0.0996,68,0.292
2f060bd7c188ffd23dfd64d5a33782c9,5,No Smell,0.1696,Ambiguous References,0.1239,Format Ambiguity,0.1206,Vague / Missing Context,0.0996,139,0.295
2f060bd7c188ffd23dfd64d5a33782c9,6,Ambiguous References,0.1482,No Smell,0.1417,Format Ambiguity,0.1236,Vague / Missing Context,0.1074,128,0.295
2f060bd7c188ffd23dfd64d5a33782c9,7,No Smell,0.1452,Ambiguous References,0.1160,Format Ambiguity,0.1149,Vague / Missing Context,0.1055,116,0.293
895f139554c87758f139e0c83c00e3ea,1,No Smell,0.2037,Vague / Missing Context,0.1577,Format Ambiguity,0.1351,Unnecessary Repetition,0.0876,68,0.293
17e209aebcdf8e4ecc1852604ad98378,1,No Smell,0.1984,Vague / Missing Context,0.1227,Format Ambiguity,0.1118,Unnecessary Repetition,0.1002,18,0.292
17e209aebcdf8e4ecc1852604ad98378,2,No Smell,0.1728,Format Ambiguity,0.1468,Vague / Missing Context,0.1456,Overloaded Prompt,0.0909,50,0.292
52842797e80f3728a3e85e74a0f2ecf9,1,Vague / Missing Context,0.1836,No Smell,0.1464,Format Ambiguity,0.1316,Overloaded Prompt,0.0896,2239,0.496
52842797e80f3728a3e85e74a0f2ecf9,2,No Smell,0.1641,Vague / Missing Context,0.1532,Format Ambiguity,0.1394,Overloaded Prompt,0.0791,3380,0.625
52842797e80f3728a3e85e74a0f2ecf9,3,No Smell,0.1555,Vague / Missing Context,0.1294,Format Ambiguity,0.1139,Ambiguous References,0.1099,429,0.323
52842797e80f3728a3e85e74a0f2ecf9,4,No Smell,0.1567,Format Ambiguity,0.1152,Ambiguous References,0.1102,Vague / Missing Context,0.0998,128,0.294
52842797e80f3728a3e85e74a0f2ecf9,5,No Smell,0.1719,Conflicting Constraints,0.1552,Format Ambiguity,0.1422,Vague / Missing Context,0.0993,143,0.293
52842797e80f3728a3e85e74a0f2ecf9,6,Overloaded Prompt,0.1618,No Smell,0.1493,Format Ambiguity,0.1302,Vague / Missing Context,0.1255,1767,0.496
36c561c5f4be27680dee9d92d437000d,1,No Smell,0.2037,Vague / Missing Context,0.1577,Format Ambiguity,0.1351,Unnecessary Repetition,0.0876,68,0.292
911bc135af2f3ca3fd0a63e13ba40fd8,1,No Smell,0.1715,Vague / Missing Context,0.1225,Format Ambiguity,0.1161,Ambiguous References,0.1129,99,0.293
911bc135af2f3ca3fd0a63e13ba40fd8,2,Ambiguous References,0.1856,No Smell,0.1487,Format Ambiguity,0.1471,Vague / Missing Context,0.1189,212,0.296
911bc135af2f3ca3fd0a63e13ba40fd8,3,No Smell,0.1661,Vague / Missing Context,0.1330,Format Ambiguity,0.1197,Conflicting Constraints,0.0825,34,0.292
911bc135af2f3ca3fd0a63e13ba40fd8,4,No Smell,0.1985,Vague / Missing Context,0.1560,Format Ambiguity,0.1075,Unnecessary Repetition,0.0783,106,0.292
911bc135af2f3ca3fd0a63e13ba40fd8,5,Vague / Missing Context,0.1530,No Smell,0.1497,Format Ambiguity,0.1125,Unnecessary Repetition,0.1073,122,0.292
911bc135af2f3ca3fd0a63e13ba40fd8,6,No Smell,0.1631,Overloaded Prompt,0.1608,Format Ambiguity,0.1382,Vague / Missing Context,0.1148,135,0.293
911bc135af2f3ca3fd0a63e13ba40fd8,7,No Smell,0.1973,Format Ambiguity,0.1352,Irrelevant / Excessive Persona,0.0884,Vague / Missing Context,0.0872,62,0.291
911bc135af2f3ca3fd0a63e13ba40fd8,8,No Smell,0.1328,Vague / Missing Context,0.1291,Format Ambiguity,0.1134,Unnecessary Repetition,0.1128,176,0.294
911bc135af2f3ca3fd0a63e13ba40fd8,9,No Smell,0.1618,Format Ambiguity,0.1131,Vague / Missing Context,0.1005,Unnecessary Repetition,0.1001,85,0.293
911bc135af2f3ca3fd0a63e13ba40fd8,10,No Smell,0.1498,Vague / Missing Context,0.1060,Format Ambiguity,0.1031,Ambiguous References,0.0999,107,0.292
911bc135af2f3ca3fd0a63e13ba40fd8,11,No Smell,0.1455,Vague / Missing Context,0.1201,Format Ambiguity,0.1022,Bias / Loaded Framing,0.0982,111,0.293
911bc135af2f3ca3fd0a63e13ba40fd8,12,No Smell,0.1450,Vague / Missing Context,0.1261,Format Ambiguity,0.1016,Bias / Loaded Framing,0.0945,92,0.293
911bc135af2f3ca3fd0a63e13ba40fd8,13,No Smell,0.1403,Vague / Missing Context,0.1190,Format Ambiguity,0.1075,Unnecessary Repetition,0.1070,264,0.296
a7c95c63b036eebfc4c5e9d05706259c,1,No Smell,0.1815,Unnecessary Repetition,0.1383,Irrelevant / Excessive Persona,0.1172,Format Ambiguity,0.1037,695,0.383
a7c95c63b036eebfc4c5e9d05706259c,2,No Smell,0.1936,Format Ambiguity,0.1244,Ambiguous References,0.0996,Irrelevant / Excessive Persona,0.0984,297,0.320
a7c95c63b036eebfc4c5e9d05706259c,3,Ambiguous References,0.1777,No Smell,0.1419,Format Ambiguity,0.1304,Vague / Missing Context,0.0942,219,0.296
a7c95c63b036eebfc4c5e9d05706259c,4,No Smell,0.1646,Ambiguous References,0.1503,Format Ambiguity,0.1287,Vague / Missing Context,0.0965,129,0.294
131fc0e7cbb8cb29c7e64b04c55bbba5,1,No Smell,0.1990,Vague / Missing Context,0.1479,Format Ambiguity,0.1377,Conflicting Constraints,0.0776,84,0.292
40ba2d6d4fba77f9a896cf0731ca95b4,1,No Smell,0.2024,Irrelevant / Excessive Persona,0.1306,Format Ambiguity,0.1205,Ambiguous References,0.1182,16,0.292
40ba2d6d4fba77f9a896cf0731ca95b4,3,Ambiguous References,0.1383,No Smell,0.1265,Vague / Missing Context,0.1073,Format Ambiguity,0.1040,61,0.292
40ba2d6d4fba77f9a896cf0731ca95b4,4,No Smell,0.1852,Format Ambiguity,0.1421,Ambiguous References,0.1400,Irrelevant / Excessive Persona,0.1034,55,0.292
40ba2d6d4fba77f9a896cf0731ca95b4,5,No Smell,0.1682,Ambiguous References,0.1467,Format Ambiguity,0.1205,Conflicting Constraints,0.0927,14,0.291
40ba2d6d4fba77f9a896cf0731ca95b4,6,No Smell,0.2143,Format Ambiguity,0.1552,Ambiguous References,0.1014,Vague / Missing Context,0.0858,31,0.291
40ba2d6d4fba77f9a896cf0731ca95b4,7,No Smell,0.2203,Format Ambiguity,0.1679,Ambiguous References,0.1095,Vague / Missing Context,0.0795,40,0.292
40ba2d6d4fba77f9a896cf0731ca95b4,8,Format Ambiguity,0.2238,No Smell,0.2011,Overloaded Prompt,0.0989,Irrelevant / Excessive Persona,0.0770,42,0.291
40ba2d6d4fba77f9a896cf0731ca95b4,9,No Smell,0.2177,Format Ambiguity,0.1449,Overloaded Prompt,0.1261,Unnecessary Repetition,0.1040,27,0.291
40ba2d6d4fba77f9a896cf0731ca95b4,10,Format Ambiguity,0.1558,No Smell,0.1385,Unnecessary Repetition,0.1376,Overloaded Prompt,0.1171,16,0.291
80502dfc9a823b862f0f89fe9d4903f9,1,Format Ambiguity,0.2156,No Smell,0.1826,Vague / Missing Context,0.0959,Ambiguous References,0.0954,557,0.318
80502dfc9a823b862f0f89fe9d4903f9,4,No Smell,0.1977,Ambiguous References,0.1077,Format Ambiguity,0.1026,Overloaded Prompt,0.1018,740,0.378
80502dfc9a823b862f0f89fe9d4903f9,8,No Smell,0.2029,Format Ambiguity,0.1586,Vague / Missing Context,0.1093,Ambiguous References,0.0876,71,0.292
2d960fc876359acee8c6ffe77cb96dcf,1,No Smell,0.2111,Format Ambiguity,0.1587,Unnecessary Repetition,0.0872,Irrelevant / Excessive Persona,0.0858,31,0.292
bc612a6ca7d5d22ea91b92015f515fa3,1,Vague / Missing Context,0.2108,Format Ambiguity,0.1858,No Smell,0.1691,Overloaded Prompt,0.0762,40,0.292
bc612a6ca7d5d22ea91b92015f515fa3,2,Vague / Missing Context,0.2208,Format Ambiguity,0.1470,No Smell,0.1375,Ambiguous References,0.0928,417,0.322
c4187cd0293c77084a7556740a19eed1,1,No Smell,0.2091,Format Ambiguity,0.1193,Irrelevant / Excessive Persona,0.1103,Unnecessary Repetition,0.1016,491,0.318
951302be3adc9870ad74f8a970cb5cd5,1,Format Ambiguity,0.1651,Irrelevant / Excessive Persona,0.1412,No Smell,0.1214,Vague / Missing Context,0.0955,32,0.292
951302be3adc9870ad74f8a970cb5cd5,2,Format Ambiguity,0.1819,No Smell,0.1705,Irrelevant / Excessive Persona,0.0876,Ambiguous References,0.0806,27,0.292
951302be3adc9870ad74f8a970cb5cd5,3,Format Ambiguity,0.1733,No Smell,0.1594,Overloaded Prompt,0.1157,Vague / Missing Context,0.1010,12,0.292
951302be3adc9870ad74f8a970cb5cd5,4,No Smell,0.1770,Format Ambiguity,0.1056,Vague / Missing Context,0.1023,Ambiguous References,0.0926,865,0.421
951302be3adc9870ad74f8a970cb5cd5,5,No Smell,0.1847,Vague / Missing Context,0.1619,Format Ambiguity,0.1216,Ambiguous References,0.0780,56,0.293
951302be3adc9870ad74f8a970cb5cd5,6,Vague / Missing Context,0.1895,No Smell,0.1605,Format Ambiguity,0.1309,Ambiguous References,0.0867,41,0.292
9654c8926914e5aa82bb1947d0976868,1,Vague / Missing Context,0.1844,Format Ambiguity,0.1324,No Smell,0.1242,Ambiguous References,0.0908,313,0.320
9654c8926914e5aa82bb1947d0976868,2,No Smell,0.1813,Format Ambiguity,0.1715,Vague / Missing Context,0.1601,Unnecessary Repetition,0.0848,90,0.293
9654c8926914e5aa82bb1947d0976868,3,Format Ambiguity,0.2070,Vague / Missing Context,0.1823,No Smell,0.1564,Overloaded Prompt,0.0688,118,0.293
abfb580635d761ac2f1829a49cacde87,1,No Smell,0.1554,Vague / Missing Context,0.1346,Overloaded Prompt,0.1306,Format Ambiguity,0.1182,1894,0.464
abfb580635d761ac2f1829a49cacde87,2,Format Ambiguity,0.1857,No Smell,0.1803,Overloaded Prompt,0.1148,Vague / Missing Context,0.0966,55,0.292
abfb580635d761ac2f1829a49cacde87,3,No Smell,0.1667,Unnecessary Repetition,0.1318,Vague / Missing Context,0.1193,Format Ambiguity,0.1166,35,0.291
9bb6f0e99b565679e9f613e7d48adc96,1,No Smell,0.1746,Format Ambiguity,0.1353,Ambiguous References,0.1130,Vague / Missing Context,0.1099,748,0.363
69eb29ac526b828b342cd07a93a21f51,1,No Smell,0.2787,Format Ambiguity,0.1229,Unnecessary Repetition,0.1008,Vague / Missing Context,0.0920,11,0.292
c7a1cdf0795db1611684afaf3c978cc0,1,Format Ambiguity,0.1713,Vague / Missing Context,0.1602,No Smell,0.1545,Overloaded Prompt,0.0817,179,0.295
c7a1cdf0795db1611684afaf3c978cc0,2,No Smell,0.1710,Vague / Missing Context,0.1362,Format Ambiguity,0.1333,Ambiguous References,0.0944,569,0.330
c7a1cdf0795db1611684afaf3c978cc0,3,Format Ambiguity,0.1612,Vague / Missing Context,0.1441,No Smell,0.1332,Overloaded Prompt,0.1046,109,0.293
c7a1cdf0795db1611684afaf3c978cc0,4,Format Ambiguity,0.1747,No Smell,0.1725,Vague / Missing Context,0.0926,Irrelevant / Excessive Persona,0.0889,82,0.293
ecd63662ea955feac9d542ae6b8e69d0,1,Format Ambiguity,0.1807,No Smell,0.1725,Overloaded Prompt,0.0969,Vague / Missing Context,0.0859,194,0.296
ecd63662ea955feac9d542ae6b8e69d0,2,Format Ambiguity,0.1543,No Smell,0.1330,Vague / Missing Context,0.1296,Ambiguous References,0.0919,690,0.362
ecd63662ea955feac9d542ae6b8e69d0,3,Format Ambiguity,0.1753,Vague / Missing Context,0.1365,No Smell,0.1273,Conflicting Constraints,0.0973,108,0.292
2482330b1cdd52358d77afd0023ddfa9,1,No Smell,0.1922,Format Ambiguity,0.1306,Vague / Missing Context,0.1094,Ambiguous References,0.0918,99,0.292
2482330b1cdd52358d77afd0023ddfa9,2,No Smell,0.1865,Format Ambiguity,0.1393,Ambiguous References,0.1022,Vague / Missing Context,0.0855,754,0.379
7d765ff0274266474553566c38b2281b,1,Ambiguous References,0.2123,Format Ambiguity,0.1576,Vague / Missing Context,0.1307,No Smell,0.1164,114,0.292
7d765ff0274266474553566c38b2281b,2,Ambiguous References,0.1863,Format Ambiguity,0.1628,No Smell,0.1489,Vague / Missing Context,0.0919,106,0.293
7d765ff0274266474553566c38b2281b,3,Ambiguous References,0.1943,Format Ambiguity,0.1601,No Smell,0.1461,Vague / Missing Context,0.0932,114,0.293
7d765ff0274266474553566c38b2281b,4,Ambiguous References,0.1800,Format Ambiguity,0.1586,No Smell,0.1496,Vague / Missing Context,0.0943,134,0.295
7d765ff0274266474553566c38b2281b,5,Ambiguous References,0.1682,Format Ambiguity,0.1589,No Smell,0.1461,Vague / Missing Context,0.0955,173,0.296
7d765ff0274266474553566c38b2281b,6,Ambiguous References,0.1721,Format Ambiguity,0.1564,No Smell,0.1395,Vague / Missing Context,0.0956,191,0.297
bb557385541a6e01c035cd9d801f73f7,2,No Smell,0.1671,Format Ambiguity,0.1554,Ambiguous References,0.1189,Vague / Missing Context,0.1028,40,0.293
bb557385541a6e01c035cd9d801f73f7,3,No Smell,0.1710,Format Ambiguity,0.1568,Vague / Missing Context,0.1492,Irrelevant / Excessive Persona,0.0783,68,0.293
bb557385541a6e01c035cd9d801f73f7,4,Vague / Missing Context,0.1446,No Smell,0.1385,Format Ambiguity,0.1370,Ambiguous References,0.0949,43,0.292
6024ae2c388129d76a191bc8cd0773d9,4,No Smell,0.1673,Format Ambiguity,0.1616,Ambiguous References,0.1250,Vague / Missing Context,0.1004,15,0.292
00c0c16fb160e1e24d9f0bb5b8c90224,2,No Smell,0.1498,Conflicting Constraints,0.1226,Unnecessary Repetition,0.1201,Format Ambiguity,0.0923,15,0.291
2f6d4ff6ceaaacb875f0fa8475de4325,2,No Smell,0.1408,Vague / Missing Context,0.1235,Unnecessary Repetition,0.1081,Formality / Audience Mismatch,0.1058,17,0.292
9f71ce87003c1ceaaa760c31f4ba9767,1,No Smell,0.1618,Format Ambiguity,0.1561,Vague / Missing Context,0.1279,Overloaded Prompt,0.0948,114,0.293
9f71ce87003c1ceaaa760c31f4ba9767,2,No Smell,0.1665,Format Ambiguity,0.1592,Vague / Missing Context,0.1206,Unnecessary Repetition,0.0879,84,0.292
45470949976318a42ad2e8310a896db8,1,No Smell,0.1856,Format Ambiguity,0.1188,Vague / Missing Context,0.0975,Unnecessary Repetition,0.0951,22,0.291
45470949976318a42ad2e8310a896db8,2,Vague / Missing Context,0.1465,Format Ambiguity,0.1317,Ambiguous References,0.1303,No Smell,0.1295,4000,0.757
70def80bd76a9dae365bfe9a14e63a45,1,Format Ambiguity,0.1640,Vague / Missing Context,0.1100,No Smell,0.1093,Ambiguous References,0.1040,4000,0.715
70def80bd76a9dae365bfe9a14e63a45,2,No Smell,0.1368,Format Ambiguity,0.1330,Unnecessary Repetition,0.1297,Conflicting Constraints,0.1279,42,0.292
70def80bd76a9dae365bfe9a14e63a45,4,Format Ambiguity,0.1862,Vague / Missing Context,0.1592,No Smell,0.1316,Overloaded Prompt,0.1101,61,0.292
86614d4221a9365d36375e477f0785cb,1,No Smell,0.1837,Format Ambiguity,0.1261,Vague / Missing Context,0.1123,Prompt Bloat / Convoluted Prompt,0.0933,64,0.292
86614d4221a9365d36375e477f0785cb,3,No Smell,0.1670,Format Ambiguity,0.1114,Vague / Missing Context,0.1055,Conflicting Constraints,0.0902,82,0.293
86614d4221a9365d36375e477f0785cb,4,No Smell,0.1555,Ambiguous References,0.1529,Format Ambiguity,0.1345,Vague / Missing Context,0.1215,36,0.291
2aa7bf4cd637894cc144afda6354d989,2,No Smell,0.2132,Format Ambiguity,0.1149,Vague / Missing Context,0.1125,Prompt Bloat / Convoluted Prompt,0.0878,276,0.319
2aa7bf4cd637894cc144afda6354d989,3,No Smell,0.1514,Format Ambiguity,0.1470,Vague / Missing Context,0.1418,Ambiguous References,0.1237,73,0.292
2aa7bf4cd637894cc144afda6354d989,4,No Smell,0.1900,Ambiguous References,0.1059,Vague / Missing Context,0.0947,Format Ambiguity,0.0882,84,0.292
2aa7bf4cd637894cc144afda6354d989,5,No Smell,0.2290,Format Ambiguity,0.0963,Vague / Missing Context,0.0875,Prompt Bloat / Convoluted Prompt,0.0856,87,0.293
2aa7bf4cd637894cc144afda6354d989,6,No Smell,0.2385,Unnecessary Repetition,0.0981,Vague / Missing Context,0.0875,Conflicting Constraints,0.0859,81,0.292
2aa7bf4cd637894cc144afda6354d989,7,No Smell,0.1985,Unnecessary Repetition,0.1070,Vague / Missing Context,0.0912,Format Ambiguity,0.0881,96,0.292
2aa7bf4cd637894cc144afda6354d989,8,No Smell,0.1656,Vague / Missing Context,0.1070,Ambiguous References,0.1048,Bias / Loaded Framing,0.0989,166,0.295
1518a558e71d2a8e585b9173f3a2e6ea,1,No Smell,0.1856,Format Ambiguity,0.1188,Vague / Missing Context,0.0975,Unnecessary Repetition,0.0951,22,0.292
1518a558e71d2a8e585b9173f3a2e6ea,2,No Smell,0.1942,Vague / Missing Context,0.1259,Format Ambiguity,0.1192,Ambiguous References,0.1168,722,0.362
1518a558e71d2a8e585b9173f3a2e6ea,3,No Smell,0.1870,Format Ambiguity,0.1192,Unnecessary Repetition,0.0975,Vague / Missing Context,0.0954,22,0.291
1518a558e71d2a8e585b9173f3a2e6ea,4,No Smell,0.1942,Vague / Missing Context,0.1259,Format Ambiguity,0.1192,Ambiguous References,0.1168,722,0.251
890e6f35fd262f4aee2afae45caef1c9,1,Vague / Missing Context,0.1921,Format Ambiguity,0.1432,No Smell,0.1305,Ambiguous References,0.0983,3049,0.626
890e6f35fd262f4aee2afae45caef1c9,2,Format Ambiguity,0.1590,No Smell,0.1360,Vague / Missing Context,0.1248,Overloaded Prompt,0.1009,311,0.320
890e6f35fd262f4aee2afae45caef1c9,3,Vague / Missing Context,0.1713,No Smell,0.1644,Format Ambiguity,0.1482,Overloaded Prompt,0.0812,217,0.296
9f5c35a3da8cb55a693aabd686ccc5e3,1,No Smell,0.1887,Format Ambiguity,0.1192,Ambiguous References,0.1044,Unnecessary Repetition,0.0954,102,0.292
9f5c35a3da8cb55a693aabd686ccc5e3,2,Vague / Missing Context,0.1832,No Smell,0.1560,Format Ambiguity,0.1407,Ambiguous References,0.1022,37,0.292
9f5c35a3da8cb55a693aabd686ccc5e3,3,No Smell,0.1601,Ambiguous References,0.1393,Format Ambiguity,0.1157,Irrelevant / Excessive Persona,0.0971,47,0.292
a4cb87e50191d2c4b69e409d61db138b,1,Vague / Missing Context,0.2053,No Smell,0.1886,Format Ambiguity,0.1172,Unnecessary Repetition,0.0723,63,0.292
a4cb87e50191d2c4b69e409d61db138b,2,No Smell,0.1702,Vague / Missing Context,0.1687,Format Ambiguity,0.1195,Ambiguous References,0.0960,116,0.292
a4cb87e50191d2c4b69e409d61db138b,3,No Smell,0.1680,Format Ambiguity,0.1626,Vague / Missing Context,0.1544,Ambiguous References,0.0897,296,0.320
a4cb87e50191d2c4b69e409d61db138b,4,No Smell,0.2124,Vague / Missing Context,0.1415,Format Ambiguity,0.1339,Ambiguous References,0.0917,154,0.293
a4cb87e50191d2c4b69e409d61db138b,5,No Smell,0.1832,Format Ambiguity,0.1669,Vague / Missing Context,0.1391,Overloaded Prompt,0.0822,176,0.295
a4cb87e50191d2c4b69e409d61db138b,6,Vague / Missing Context,0.1798,No Smell,0.1574,Format Ambiguity,0.1359,Bias / Loaded Framing,0.1085,119,0.293
a4cb87e50191d2c4b69e409d61db138b,7,No Smell,0.1573,Vague / Missing Context,0.1438,Format Ambiguity,0.1374,Ambiguous References,0.1049,158,0.295
a4cb87e50191d2c4b69e409d61db138b,8,No Smell,0.1495,Vague / Missing Context,0.1386,Format Ambiguity,0.1264,Ambiguous References,0.1049,278,0.296
d8da71b984fb61415459e56ae3f493b4,1,No Smell,0.1787,Vague / Missing Context,0.1686,Format Ambiguity,0.1562,Unnecessary Repetition,0.0796,64,0.292
eacf1d673cfa8b0e971c7a73113aeab2,1,No Smell,0.2215,Vague / Missing Context,0.1694,Format Ambiguity,0.1439,Overloaded Prompt,0.0905,107,0.292
a294ea5c4a1aff915205c56051f09a78,4,No Smell,0.1551,Format Ambiguity,0.1382,Vague / Missing Context,0.1205,Unnecessary Repetition,0.0932,28,0.293
a294ea5c4a1aff915205c56051f09a78,5,No Smell,0.2594,Unnecessary Repetition,0.0913,Irrelevant / Excessive Persona,0.0901,Format Ambiguity,0.0857,349,0.320
a294ea5c4a1aff915205c56051f09a78,6,No Smell,0.2456,Format Ambiguity,0.1165,Irrelevant / Excessive Persona,0.1049,Unnecessary Repetition,0.0886,284,0.297
c32afc0fe230e4e863059c8c149772ee,1,Vague / Missing Context,0.1921,Format Ambiguity,0.1432,No Smell,0.1305,Ambiguous References,0.0983,3049,0.626
c32afc0fe230e4e863059c8c149772ee,2,Format Ambiguity,0.1612,No Smell,0.1389,Vague / Missing Context,0.1218,Overloaded Prompt,0.0970,342,0.320
c32afc0fe230e4e863059c8c149772ee,3,No Smell,0.1880,Format Ambiguity,0.1460,Vague / Missing Context,0.1058,Unnecessary Repetition,0.0806,63,0.293
c32afc0fe230e4e863059c8c149772ee,4,No Smell,0.2202,Format Ambiguity,0.1370,Vague / Missing Context,0.0939,Unnecessary Repetition,0.0894,98,0.292
a3c5bf9e61f5ab8dae2285578e56cee1,1,Ambiguous References,0.1674,Format Ambiguity,0.1355,No Smell,0.1217,Vague / Missing Context,0.0988,100,0.293
2f7957f78aa231066b7b3da04040db4c,1,No Smell,0.1840,Format Ambiguity,0.1156,Vague / Missing Context,0.0987,Unnecessary Repetition,0.0936,45,0.293
2f7957f78aa231066b7b3da04040db4c,2,No Smell,0.1786,Format Ambiguity,0.1190,Unnecessary Repetition,0.1147,Vague / Missing Context,0.0934,9,0.292
2f7957f78aa231066b7b3da04040db4c,3,Vague / Missing Context,0.1760,Format Ambiguity,0.1431,No Smell,0.1365,Ambiguous References,0.1061,39,0.291
f088cd830adeaac4c69bad53e60479a4,1,Irrelevant / Excessive Persona,0.1404,No Smell,0.1392,Format Ambiguity,0.1171,Overloaded Prompt,0.1109,2288,0.613
551676f73f4688c9e60aa9a3f8351626,1,Format Ambiguity,0.1675,Vague / Missing Context,0.1640,No Smell,0.1354,Overloaded Prompt,0.0939,48,0.292
9438bd8d28e72bd25a8206bb8d1fc6eb,1,Vague / Missing Context,0.2249,No Smell,0.1733,Format Ambiguity,0.1344,Ambiguous References,0.0687,67,0.294
9438bd8d28e72bd25a8206bb8d1fc6eb,2,No Smell,0.1638,Vague / Missing Context,0.1593,Format Ambiguity,0.1180,Overloaded Prompt,0.0792,71,0.293
9438bd8d28e72bd25a8206bb8d1fc6eb,3,No Smell,0.1638,Ambiguous References,0.1104,Format Ambiguity,0.1079,Vague / Missing Context,0.1027,22,0.292
88aa929992d44fcdfc7baa03450f2334,1,Format Ambiguity,0.1577,Vague / Missing Context,0.1499,No Smell,0.1488,Overloaded Prompt,0.1008,64,0.292
622b33b138c5e0c9ddce07f531e7786d,1,Vague / Missing Context,0.1383,Format Ambiguity,0.1371,No Smell,0.1369,Ambiguous References,0.1254,506,0.363
888f7c70517c86a3745454445a6c20a1,1,No Smell,0.1750,Format Ambiguity,0.1288,Ambiguous References,0.1067,Vague / Missing Context,0.0944,617,0.362
888f7c70517c86a3745454445a6c20a1,2,No Smell,0.1573,Format Ambiguity,0.1210,Ambiguous References,0.1102,Irrelevant / Excessive Persona,0.0977,51,0.293
374bdfb5c0ab37ad491a25861d5b631f,1,Vague / Missing Context,0.1383,Format Ambiguity,0.1371,No Smell,0.1369,Ambiguous References,0.1254,506,0.251
c8bede48a0633644981c70b1cf731f95,1,No Smell,0.1803,Format Ambiguity,0.1647,Conflicting Constraints,0.1547,Irrelevant / Excessive Persona,0.0790,101,0.292
c8bede48a0633644981c70b1cf731f95,2,Overloaded Prompt,0.1422,Format Ambiguity,0.1402,Conflicting Constraints,0.1249,No Smell,0.1125,105,0.293
c8bede48a0633644981c70b1cf731f95,3,No Smell,0.1785,Format Ambiguity,0.1225,Vague / Missing Context,0.1196,Conflicting Constraints,0.1176,156,0.295
c8bede48a0633644981c70b1cf731f95,4,No Smell,0.2221,Format Ambiguity,0.1229,Vague / Missing Context,0.0980,Conflicting Constraints,0.0924,117,0.292
3e9027de77076efb3f51e11e1aca566e,1,No Smell,0.1698,Format Ambiguity,0.1692,Prompt Bloat / Convoluted Prompt,0.0933,Unnecessary Repetition,0.0906,266,0.316
3e9027de77076efb3f51e11e1aca566e,2,Overloaded Prompt,0.1643,Format Ambiguity,0.1467,No Smell,0.1378,Prompt Bloat / Convoluted Prompt,0.0921,658,0.399
3e9027de77076efb3f51e11e1aca566e,3,Overloaded Prompt,0.1441,Format Ambiguity,0.1371,No Smell,0.1344,Prompt Bloat / Convoluted Prompt,0.1090,752,0.422
3e9027de77076efb3f51e11e1aca566e,4,Format Ambiguity,0.1515,No Smell,0.1426,Overloaded Prompt,0.1208,Prompt Bloat / Convoluted Prompt,0.0987,827,0.416
3e9027de77076efb3f51e11e1aca566e,5,No Smell,0.1775,Format Ambiguity,0.1088,Conflicting Constraints,0.1014,Ambiguous References,0.0973,161,0.295
6cdb5a45423f2b22c53ef8dfa313313f,1,No Smell,0.1803,Format Ambiguity,0.1647,Conflicting Constraints,0.1547,Irrelevant / Excessive Persona,0.0790,101,0.295
6cdb5a45423f2b22c53ef8dfa313313f,2,Overloaded Prompt,0.1422,Format Ambiguity,0.1402,Conflicting Constraints,0.1249,No Smell,0.1125,105,0.292
6cdb5a45423f2b22c53ef8dfa313313f,3,No Smell,0.1785,Format Ambiguity,0.1225,Vague / Missing Context,0.1196,Conflicting Constraints,0.1176,156,0.295
6cdb5a45423f2b22c53ef8dfa313313f,4,No Smell,0.2221,Format Ambiguity,0.1229,Vague / Missing Context,0.0980,Conflicting Constraints,0.0924,117,0.293
6cdb5a45423f2b22c53ef8dfa313313f,5,No Smell,0.2221,Format Ambiguity,0.1229,Vague / Missing Context,0.0980,Conflicting Constraints,0.0924,117,0.249
6cdb5a45423f2b22c53ef8dfa313313f,6,No Smell,0.1396,Format Ambiguity,0.1248,Ambiguous References,0.1187,Vague / Missing Context,0.1171,168,0.292
1febc9d4b6ca3201cb6867014df81114,1,No Smell,0.1356,Vague / Missing Context,0.1355,Format Ambiguity,0.1344,Ambiguous References,0.1261,506,0.363
8f5422247f766a1b3b78a7f9f4b58ac0,1,No Smell,0.1356,Vague / Missing Context,0.1355,Format Ambiguity,0.1344,Ambiguous References,0.1261,506,0.251
cfd74a0a6a930aadab677e87e5501dac,1,No Smell,0.1390,Vague / Missing Context,0.1372,Format Ambiguity,0.1360,Ambiguous References,0.1218,536,0.362
1e96ae76e05124802f50c21d55713ea8,1,Vague / Missing Context,0.1918,Format Ambiguity,0.1636,No Smell,0.1588,Unnecessary Repetition,0.0842,79,0.292
1e96ae76e05124802f50c21d55713ea8,2,No Smell,0.1644,Vague / Missing Context,0.1605,Format Ambiguity,0.1347,Unnecessary Repetition,0.0802,225,0.296
97a7ac52cbdae3a553329db653ce855d,3,No Smell,0.1466,Format Ambiguity,0.1217,Ambiguous References,0.1080,Vague / Missing Context,0.1067,467,0.323
7a3cb18ffc2be58e485cc41fae7d081c,1,Format Ambiguity,0.1515,No Smell,0.1426,Overloaded Prompt,0.1208,Prompt Bloat / Convoluted Prompt,0.0987,827,0.416
7a3cb18ffc2be58e485cc41fae7d081c,2,No Smell,0.1731,Format Ambiguity,0.1004,Conflicting Constraints,0.0981,Ambiguous References,0.0961,156,0.295
7a3cb18ffc2be58e485cc41fae7d081c,3,No Smell,0.2069,Ambiguous References,0.1119,Conflicting Constraints,0.1111,Prompt Bloat / Convoluted Prompt,0.0896,167,0.296
58cd9520c7b1663297cf5dd0e184dc5c,1,No Smell,0.2131,Format Ambiguity,0.1423,Vague / Missing Context,0.1148,Overloaded Prompt,0.0818,51,0.291
49553aa624bdf3054f591ec0fef2aac4,1,Vague / Missing Context,0.1441,Format Ambiguity,0.1401,No Smell,0.1347,Ambiguous References,0.1156,754,0.387
8fa3db939cd79ea9cd30a736d737a036,1,Format Ambiguity,0.1515,Vague / Missing Context,0.1503,No Smell,0.1292,Ambiguous References,0.1149,720,0.396
c64c1dd8ef9179f3f31e56844f16e713,1,Overloaded Prompt,0.1639,No Smell,0.1257,Vague / Missing Context,0.1250,Format Ambiguity,0.1236,4000,0.718
06b81d8cfba634eca6eda9ba064fb40f,1,Vague / Missing Context,0.1962,Format Ambiguity,0.1408,No Smell,0.1070,Ambiguous References,0.1024,4000,0.713
06b81d8cfba634eca6eda9ba064fb40f,2,Format Ambiguity,0.1609,No Smell,0.1544,Vague / Missing Context,0.1294,Ambiguous References,0.0862,572,0.362
7dc346e50ce4e8d69590e66792f77b0f,1,No Smell,0.1952,Format Ambiguity,0.1348,Vague / Missing Context,0.0948,Ambiguous References,0.0901,205,0.297
7dc346e50ce4e8d69590e66792f77b0f,3,No Smell,0.1821,Ambiguous References,0.1185,Format Ambiguity,0.1120,Unnecessary Repetition,0.0994,2065,0.527
7dc346e50ce4e8d69590e66792f77b0f,4,No Smell,0.1672,Overloaded Prompt,0.1445,Format Ambiguity,0.1428,Prompt Bloat / Convoluted Prompt,0.1023,2424,0.563
7dc346e50ce4e8d69590e66792f77b0f,5,No Smell,0.2062,Format Ambiguity,0.1186,Unnecessary Repetition,0.1070,Prompt Bloat / Convoluted Prompt,0.1049,2658,0.565
259371a477871706add040ce2ef413e3,1,Ambiguous References,0.2209,No Smell,0.1577,Irrelevant / Excessive Persona,0.1391,Conflicting Constraints,0.0870,57,0.292
259371a477871706add040ce2ef413e3,2,No Smell,0.1857,Format Ambiguity,0.1753,Vague / Missing Context,0.0892,Unnecessary Repetition,0.0812,97,0.294
259371a477871706add040ce2ef413e3,3,No Smell,0.2062,Format Ambiguity,0.1203,Unnecessary Repetition,0.1055,Vague / Missing Context,0.0888,12,0.292
46484da6fe4defc8aef91d6ce200d93a,1,Format Ambiguity,0.1449,Vague / Missing Context,0.1386,No Smell,0.1358,Ambiguous References,0.1210,838,0.398
12396be2ab529a0ba4362b59e39393cc,1,Vague / Missing Context,0.1921,No Smell,0.1774,Format Ambiguity,0.1298,Ambiguous References,0.0777,367,0.320
74d22e1a92ec63e5dddb8fc4622d5f8d,1,Vague / Missing Context,0.1493,Format Ambiguity,0.1366,No Smell,0.1317,Ambiguous References,0.1195,986,0.414
2175de857ac6ecb377dfbc50f3b2dfb5,1,Vague / Missing Context,0.1962,Format Ambiguity,0.1408,No Smell,0.1070,Ambiguous References,0.1024,4000,0.713
2175de857ac6ecb377dfbc50f3b2dfb5,2,No Smell,0.1652,Format Ambiguity,0.1633,Vague / Missing Context,0.1177,Ambiguous References,0.0887,731,0.379
b3d787879516a90c812aa019ba52e613,1,Overloaded Prompt,0.1427,No Smell,0.1284,Format Ambiguity,0.1256,Vague / Missing Context,0.1247,4000,0.718
745085a8b8efe9ca8abb83d940844fc3,4,No Smell,0.1910,Format Ambiguity,0.1503,Ambiguous References,0.1111,Vague / Missing Context,0.0804,48,0.292
aa46f9328fb6c5f3bb762011862dc955,1,No Smell,0.1448,Vague / Missing Context,0.1350,Format Ambiguity,0.1305,Ambiguous References,0.1214,1033,0.421
6e8a5faa0c61a47fce91051658b21b78,1,Vague / Missing Context,0.1622,Format Ambiguity,0.1596,No Smell,0.1414,Overloaded Prompt,0.0908,2082,0.497
6e8a5faa0c61a47fce91051658b21b78,2,No Smell,0.1880,Vague / Missing Context,0.1206,Format Ambiguity,0.1030,Ambiguous References,0.0964,202,0.296
6e8a5faa0c61a47fce91051658b21b78,3,No Smell,0.2397,Format Ambiguity,0.1792,Unnecessary Repetition,0.0852,Overloaded Prompt,0.0824,55,0.292
6e8a5faa0c61a47fce91051658b21b78,4,No Smell,0.2111,Format Ambiguity,0.1054,Ambiguous References,0.0981,Unnecessary Repetition,0.0839,426,0.322
6e8a5faa0c61a47fce91051658b21b78,5,Unnecessary Repetition,0.1703,No Smell,0.1500,Conflicting Constraints,0.0980,Vague / Missing Context,0.0912,113,0.294
6e8a5faa0c61a47fce91051658b21b78,6,No Smell,0.2184,Format Ambiguity,0.1216,Unnecessary Repetition,0.1123,Conflicting Constraints,0.0878,56,0.293
12c44250ea29007d2f9f669926e8c41a,2,No Smell,0.1754,Vague / Missing Context,0.1234,Format Ambiguity,0.1125,Unnecessary Repetition,0.0981,24,0.292
12c44250ea29007d2f9f669926e8c41a,5,No Smell,0.1768,Vague / Missing Context,0.1192,Format Ambiguity,0.1159,Conflicting Constraints,0.0872,20,0.292
12c44250ea29007d2f9f669926e8c41a,7,No Smell,0.1814,Format Ambiguity,0.1426,Vague / Missing Context,0.1051,Overloaded Prompt,0.0858,33,0.292
12c44250ea29007d2f9f669926e8c41a,8,No Smell,0.1431,Format Ambiguity,0.1276,Ambiguous References,0.1099,Vague / Missing Context,0.1014,21,0.292
57457379b1ff09e6e69e4c6deaa9156d,1,Vague / Missing Context,0.1375,No Smell,0.1366,Format Ambiguity,0.1343,Ambiguous References,0.1242,1072,0.423
8dfcfa7b781d4e518f7fb8347997c86e,1,No Smell,0.1426,Vague / Missing Context,0.1387,Format Ambiguity,0.1349,Ambiguous References,0.1161,1100,0.454
1d051bede095b4245427910552b00047,1,No Smell,0.1994,Format Ambiguity,0.1335,Vague / Missing Context,0.1260,Irrelevant / Excessive Persona,0.0809,161,0.295
1d051bede095b4245427910552b00047,2,No Smell,0.1552,Ambiguous References,0.1022,Vague / Missing Context,0.1003,Format Ambiguity,0.0990,196,0.296
1d051bede095b4245427910552b00047,3,No Smell,0.2015,Vague / Missing Context,0.1370,Format Ambiguity,0.1325,Overloaded Prompt,0.0840,30,0.292
1d051bede095b4245427910552b00047,4,No Smell,0.1918,Format Ambiguity,0.1436,Vague / Missing Context,0.1029,Unnecessary Repetition,0.0829,156,0.296
ffde04f27b2e31a90653954b0e90cdab,1,Ambiguous References,0.3136,Format Ambiguity,0.1208,No Smell,0.1096,Irrelevant / Excessive Persona,0.1017,11,0.292
f70b38a6e01bf265e266ce0298b57183,1,Vague / Missing Context,0.1934,No Smell,0.1801,Format Ambiguity,0.1288,Ambiguous References,0.0768,369,0.320
501ec836b3192e2dd589dcd84df766be,1,No Smell,0.1617,Format Ambiguity,0.1457,Vague / Missing Context,0.1206,Ambiguous References,0.1144,2510,0.623
c561cc0dc6074a443088bbc4698ef8db,1,No Smell,0.1836,Format Ambiguity,0.1356,Vague / Missing Context,0.1078,Ambiguous References,0.1027,23,0.292
c561cc0dc6074a443088bbc4698ef8db,2,No Smell,0.1861,Format Ambiguity,0.1362,Ambiguous References,0.1097,Vague / Missing Context,0.1013,30,0.292
c561cc0dc6074a443088bbc4698ef8db,3,No Smell,0.2023,Format Ambiguity,0.1083,Vague / Missing Context,0.1013,Ambiguous References,0.0871,28,0.291
c561cc0dc6074a443088bbc4698ef8db,4,No Smell,0.1978,Vague / Missing Context,0.1314,Format Ambiguity,0.1204,Conflicting Constraints,0.0831,17,0.292
c561cc0dc6074a443088bbc4698ef8db,5,No Smell,0.1942,Format Ambiguity,0.1438,Vague / Missing Context,0.1067,Ambiguous References,0.0935,34,0.294
c561cc0dc6074a443088bbc4698ef8db,6,No Smell,0.2045,Format Ambiguity,0.1274,Vague / Missing Context,0.0915,Irrelevant / Excessive Persona,0.0887,40,0.292
c561cc0dc6074a443088bbc4698ef8db,7,Vague / Missing Context,0.1965,No Smell,0.1791,Format Ambiguity,0.1349,Unnecessary Repetition,0.0805,8,0.291
c561cc0dc6074a443088bbc4698ef8db,8,No Smell,0.1899,Format Ambiguity,0.1420,Vague / Missing Context,0.1082,Overloaded Prompt,0.0864,41,0.292
c561cc0dc6074a443088bbc4698ef8db,9,No Smell,0.2036,Format Ambiguity,0.1333,Vague / Missing Context,0.1055,Overloaded Prompt,0.0806,34,0.292
c561cc0dc6074a443088bbc4698ef8db,10,No Smell,0.1764,Format Ambiguity,0.1380,Vague / Missing Context,0.1136,Ambiguous References,0.1041,42,0.292
c561cc0dc6074a443088bbc4698ef8db,11,Vague / Missing Context,0.1912,No Smell,0.1876,Format Ambiguity,0.1245,Unnecessary Repetition,0.0747,35,0.292
825d105282319ec4ed78595691d3be3c,1,No Smell,0.2101,Format Ambiguity,0.1289,Irrelevant / Excessive Persona,0.1157,Vague / Missing Context,0.0966,51,0.293
753dd244765f23abc8e512fa03e6a61d,7,No Smell,0.1977,Format Ambiguity,0.1122,Vague / Missing Context,0.1045,Ambiguous References,0.0943,43,0.292
d72247a23990e5cd6aaac107ccf995db,1,No Smell,0.1622,Format Ambiguity,0.1340,Vague / Missing Context,0.1310,Ambiguous References,0.0864,43,0.292
484d3266f39e28c0660450c686c537e3,1,Vague / Missing Context,0.1934,No Smell,0.1801,Format Ambiguity,0.1288,Ambiguous References,0.0768,369,0.320
db2f05635044fecb90b1898d76a10fa6,1,No Smell,0.1902,Vague / Missing Context,0.1620,Format Ambiguity,0.1475,Irrelevant / Excessive Persona,0.0760,178,0.295
db2f05635044fecb90b1898d76a10fa6,2,Vague / Missing Context,0.1967,No Smell,0.1346,Format Ambiguity,0.1142,Ambiguous References,0.0977,163,0.295
db2f05635044fecb90b1898d76a10fa6,3,No Smell,0.1659,Format Ambiguity,0.1574,Vague / Missing Context,0.1446,Ambiguous References,0.0803,121,0.293
db2f05635044fecb90b1898d76a10fa6,4,Vague / Missing Context,0.1720,No Smell,0.1622,Format Ambiguity,0.1437,Ambiguous References,0.0894,344,0.320
453346fdd0ccb03b8318e4977473af25,1,Vague / Missing Context,0.1622,No Smell,0.1131,Format Ambiguity,0.1072,Ambiguous References,0.1007,162,0.295
453346fdd0ccb03b8318e4977473af25,2,Vague / Missing Context,0.1749,Format Ambiguity,0.1334,No Smell,0.1319,Conflicting Constraints,0.0936,10,0.291
453346fdd0ccb03b8318e4977473af25,3,Vague / Missing Context,0.1555,No Smell,0.1171,Ambiguous References,0.1124,Format Ambiguity,0.1094,261,0.296
fef5b5b8f56db62e199c71d4350d960a,1,Format Ambiguity,0.1532,No Smell,0.1316,Vague / Missing Context,0.1266,Ambiguous References,0.1121,201,0.296
fef5b5b8f56db62e199c71d4350d960a,2,No Smell,0.1327,Format Ambiguity,0.1170,Vague / Missing Context,0.1113,Unnecessary Repetition,0.1047,181,0.295
fef5b5b8f56db62e199c71d4350d960a,3,Format Ambiguity,0.1294,No Smell,0.1203,Vague / Missing Context,0.1143,Unnecessary Repetition,0.1091,202,0.296
fef5b5b8f56db62e199c71d4350d960a,4,No Smell,0.1480,Vague / Missing Context,0.1300,Format Ambiguity,0.1221,Ambiguous References,0.0961,237,0.296
fef5b5b8f56db62e199c71d4350d960a,5,Format Ambiguity,0.1336,No Smell,0.1302,Vague / Missing Context,0.1299,Ambiguous References,0.1137,133,0.292
fef5b5b8f56db62e199c71d4350d960a,6,Vague / Missing Context,0.1340,Ambiguous References,0.1322,No Smell,0.1223,Format Ambiguity,0.1044,134,0.293
fef5b5b8f56db62e199c71d4350d960a,7,Vague / Missing Context,0.1680,Unnecessary Repetition,0.1144,Ambiguous References,0.1114,Prompt Bloat / Convoluted Prompt,0.1046,116,0.294
fef5b5b8f56db62e199c71d4350d960a,8,No Smell,0.1567,Format Ambiguity,0.1217,Vague / Missing Context,0.1121,Unnecessary Repetition,0.0991,151,0.295
fef5b5b8f56db62e199c71d4350d960a,9,No Smell,0.1555,Vague / Missing Context,0.1139,Format Ambiguity,0.1052,Unnecessary Repetition,0.1034,200,0.296
fef5b5b8f56db62e199c71d4350d960a,10,No Smell,0.1647,Vague / Missing Context,0.1114,Format Ambiguity,0.1088,Ambiguous References,0.1005,214,0.297
fef5b5b8f56db62e199c71d4350d960a,11,No Smell,0.1652,Format Ambiguity,0.1108,Vague / Missing Context,0.1107,Ambiguous References,0.1000,217,0.296
fef5b5b8f56db62e199c71d4350d960a,12,Vague / Missing Context,0.1689,Ambiguous References,0.1256,Format Ambiguity,0.1095,No Smell,0.1019,184,0.295
fef5b5b8f56db62e199c71d4350d960a,13,No Smell,0.1655,Format Ambiguity,0.1548,Vague / Missing Context,0.1019,Irrelevant / Excessive Persona,0.0973,104,0.293
fef5b5b8f56db62e199c71d4350d960a,14,Vague / Missing Context,0.1932,No Smell,0.1775,Format Ambiguity,0.1164,Unnecessary Repetition,0.0796,29,0.292
fef5b5b8f56db62e199c71d4350d960a,15,Vague / Missing Context,0.2326,Format Ambiguity,0.1663,No Smell,0.1485,Unnecessary Repetition,0.0739,74,0.292
fef5b5b8f56db62e199c71d4350d960a,16,Vague / Missing Context,0.1530,Ambiguous References,0.1166,Format Ambiguity,0.1136,Unnecessary Repetition,0.1037,125,0.293
fef5b5b8f56db62e199c71d4350d960a,17,Vague / Missing Context,0.1254,Prompt Bloat / Convoluted Prompt,0.1168,Ambiguous References,0.1123,No Smell,0.1066,138,0.293
fef5b5b8f56db62e199c71d4350d960a,18,Format Ambiguity,0.1595,No Smell,0.1316,Vague / Missing Context,0.1222,Unnecessary Repetition,0.1004,97,0.293
d118f8697b743c5dea8b15802c3b3224,1,No Smell,0.1850,Format Ambiguity,0.1317,Vague / Missing Context,0.1075,Formality / Audience Mismatch,0.0960,223,0.296
0e88267cc6b81e183fff26da28467c74,1,No Smell,0.1778,Format Ambiguity,0.1142,Ambiguous References,0.1090,Vague / Missing Context,0.1046,1154,0.421
0e88267cc6b81e183fff26da28467c74,2,No Smell,0.1719,Ambiguous References,0.1216,Format Ambiguity,0.1148,Vague / Missing Context,0.0903,866,0.413
f65088ce1df7aa08ede28cd5bcaa80b8,1,Vague / Missing Context,0.1757,No Smell,0.1323,Format Ambiguity,0.1299,Ambiguous References,0.1260,373,0.316
8944a06921a76500e630a0f0cff7eb78,1,No Smell,0.1853,Vague / Missing Context,0.1172,Format Ambiguity,0.1146,Ambiguous References,0.0990,81,0.292
a28fdf33ddfc9acefe689dd3b3912d26,1,Vague / Missing Context,0.1804,Format Ambiguity,0.1374,Ambiguous References,0.1289,No Smell,0.1279,454,0.330
ca9a887572726446b7086c231835f3ce,1,Vague / Missing Context,0.1945,No Smell,0.1684,Format Ambiguity,0.1564,Formality / Audience Mismatch,0.1287,855,0.395
6c9de37b1cd75040f367362ac29709f8,1,Vague / Missing Context,0.1934,No Smell,0.1801,Format Ambiguity,0.1288,Ambiguous References,0.0768,369,0.320
4ad5b0c19e07f4dee4ba397f3e81c723,1,Format Ambiguity,0.1740,No Smell,0.1347,Vague / Missing Context,0.1248,Irrelevant / Excessive Persona,0.0920,875,0.381
c267998625b20a5ea3a2ec77fe0c729e,2,Vague / Missing Context,0.2485,No Smell,0.1448,Format Ambiguity,0.1334,Overloaded Prompt,0.0850,58,0.292
c267998625b20a5ea3a2ec77fe0c729e,3,Vague / Missing Context,0.1642,No Smell,0.1591,Format Ambiguity,0.1446,Ambiguous References,0.0931,504,0.363
c267998625b20a5ea3a2ec77fe0c729e,4,Format Ambiguity,0.1891,Vague / Missing Context,0.1695,No Smell,0.1174,Ambiguous References,0.0997,156,0.295
c267998625b20a5ea3a2ec77fe0c729e,5,Vague / Missing Context,0.1649,Format Ambiguity,0.1613,No Smell,0.1250,Ambiguous References,0.1142,283,0.319
c267998625b20a5ea3a2ec77fe0c729e,6,Ambiguous References,0.1684,Vague / Missing Context,0.1568,No Smell,0.1308,Format Ambiguity,0.1253,478,0.317
c267998625b20a5ea3a2ec77fe0c729e,8,Format Ambiguity,0.1687,No Smell,0.1556,Vague / Missing Context,0.1376,Ambiguous References,0.0978,346,0.322
c267998625b20a5ea3a2ec77fe0c729e,9,Vague / Missing Context,0.1648,Format Ambiguity,0.1616,No Smell,0.1323,Ambiguous References,0.0942,273,0.321
c267998625b20a5ea3a2ec77fe0c729e,10,Vague / Missing Context,0.2159,Format Ambiguity,0.1711,Overloaded Prompt,0.0950,No Smell,0.0910,64,0.293
c267998625b20a5ea3a2ec77fe0c729e,11,Vague / Missing Context,0.1915,Format Ambiguity,0.1529,No Smell,0.1314,Ambiguous References,0.0797,317,0.322
c267998625b20a5ea3a2ec77fe0c729e,12,Format Ambiguity,0.1993,Vague / Missing Context,0.1476,No Smell,0.1309,Unnecessary Repetition,0.0806,112,0.295
a7b87f2511d13554156336390932578b,1,Format Ambiguity,0.1684,No Smell,0.1379,Vague / Missing Context,0.1294,Overloaded Prompt,0.0863,894,0.381
1aa245de869fa8f56a8a4406acf11782,1,No Smell,0.1573,Format Ambiguity,0.1237,Vague / Missing Context,0.1195,Bias / Loaded Framing,0.1042,169,0.293
1aa245de869fa8f56a8a4406acf11782,2,No Smell,0.1886,Format Ambiguity,0.1275,Bias / Loaded Framing,0.1220,Vague / Missing Context,0.1162,130,0.293
1aa245de869fa8f56a8a4406acf11782,3,Format Ambiguity,0.1500,No Smell,0.1376,Vague / Missing Context,0.1086,Ambiguous References,0.0951,496,0.317
1aa245de869fa8f56a8a4406acf11782,4,No Smell,0.1662,Format Ambiguity,0.1579,Vague / Missing Context,0.1151,Bias / Loaded Framing,0.0926,213,0.296
1aa245de869fa8f56a8a4406acf11782,5,No Smell,0.1919,Format Ambiguity,0.1463,Vague / Missing Context,0.1093,Ambiguous References,0.0885,201,0.295
1aa245de869fa8f56a8a4406acf11782,6,No Smell,0.1826,Format Ambiguity,0.1442,Vague / Missing Context,0.1030,Bias / Loaded Framing,0.0874,254,0.296
7f90605f295e14c28ddadb551cfb79e5,1,Vague / Missing Context,0.1918,Format Ambiguity,0.1338,No Smell,0.1234,Ambiguous References,0.1206,515,0.363
5aa6660c33ab41565dab1e6654a9bd50,1,No Smell,0.1703,Format Ambiguity,0.1165,Ambiguous References,0.1151,Irrelevant / Excessive Persona,0.1043,790,0.364
5aa6660c33ab41565dab1e6654a9bd50,2,No Smell,0.1890,Irrelevant / Excessive Persona,0.1145,Format Ambiguity,0.1135,Ambiguous References,0.1090,795,0.364
1872cdcb14f75579908caba0ebaeecec,1,Vague / Missing Context,0.1918,Format Ambiguity,0.1338,No Smell,0.1234,Ambiguous References,0.1206,515,0.251
2da6942b704a88a34c2c4a3d67b4779f,1,Vague / Missing Context,0.1823,Format Ambiguity,0.1344,Ambiguous References,0.1284,No Smell,0.1233,511,0.363
1492a2256de00838ed7a94597bda17bb,1,Vague / Missing Context,0.1814,Format Ambiguity,0.1350,Ambiguous References,0.1258,No Smell,0.1244,563,0.363
01a200bc346ff843b56c5db195fb13e1,1,Vague / Missing Context,0.1800,Ambiguous References,0.1336,Format Ambiguity,0.1327,No Smell,0.1226,597,0.383
192bed87f37c4e6189c4efc495a5c333,1,Vague / Missing Context,0.1773,Ambiguous References,0.1335,Format Ambiguity,0.1296,No Smell,0.1243,613,0.384
791a7209413e075ee30d8216ab449dba,1,Vague / Missing Context,0.2106,Format Ambiguity,0.1426,No Smell,0.1100,Ambiguous References,0.0989,4000,0.713
791a7209413e075ee30d8216ab449dba,2,No Smell,0.1626,Format Ambiguity,0.1608,Vague / Missing Context,0.1243,Ambiguous References,0.0862,813,0.396
791a7209413e075ee30d8216ab449dba,3,No Smell,0.2035,Format Ambiguity,0.1546,Vague / Missing Context,0.1131,Overloaded Prompt,0.0902,163,0.296
731aab677c4bc0990762945f79271867,1,Vague / Missing Context,0.1841,Format Ambiguity,0.1286,Ambiguous References,0.1273,No Smell,0.1232,665,0.379
3351e6564b14e40c488448ee011b71cd,1,Vague / Missing Context,0.1651,Format Ambiguity,0.1462,No Smell,0.1229,Ambiguous References,0.0847,27,0.292
3351e6564b14e40c488448ee011b71cd,2,No Smell,0.2022,Format Ambiguity,0.1279,Vague / Missing Context,0.1054,Conflicting Constraints,0.0839,48,0.292
c6262b6536402e2bd31b0efccc18436d,1,Vague / Missing Context,0.1778,No Smell,0.1308,Format Ambiguity,0.1260,Ambiguous References,0.1171,697,0.381
1d8f36a5e7044c7520069e98ce8fcdd1,2,No Smell,0.1574,Format Ambiguity,0.1236,Vague / Missing Context,0.1152,Unnecessary Repetition,0.0970,6,0.292
33796f66201da3ccad43df82ac8d1f40,1,No Smell,0.2444,Format Ambiguity,0.1085,Overloaded Prompt,0.0925,Unnecessary Repetition,0.0862,191,0.296
33796f66201da3ccad43df82ac8d1f40,2,Ambiguous References,0.1347,Format Ambiguity,0.1282,No Smell,0.1189,Vague / Missing Context,0.1110,118,0.293
1a047c938b4151f1d568fedc1a37c523,1,No Smell,0.1455,Vague / Missing Context,0.1434,Ambiguous References,0.1259,Format Ambiguity,0.1236,1203,0.454
63b2f337340916c45bac88d7f303ef12,1,No Smell,0.1542,Vague / Missing Context,0.1345,Format Ambiguity,0.1304,Ambiguous References,0.1245,2267,0.581
34a9e24b9bae6dffcc4ed3e7080fb54d,1,Vague / Missing Context,0.1796,No Smell,0.1325,Format Ambiguity,0.1202,Conflicting Constraints,0.0790,12,0.292
34a9e24b9bae6dffcc4ed3e7080fb54d,3,No Smell,0.1806,Vague / Missing Context,0.1299,Format Ambiguity,0.1238,Conflicting Constraints,0.0845,36,0.292
34a9e24b9bae6dffcc4ed3e7080fb54d,4,No Smell,0.1693,Vague / Missing Context,0.1392,Format Ambiguity,0.1341,Conflicting Constraints,0.0807,67,0.292
eb25414794b6db79e128f4c90df189ec,1,Format Ambiguity,0.1781,No Smell,0.1699,Vague / Missing Context,0.1655,Unnecessary Repetition,0.0731,69,0.292
007faedd5ed342b8df55ff12eaa56585,1,No Smell,0.1703,Format Ambiguity,0.1202,Overloaded Prompt,0.1107,Vague / Missing Context,0.1091,1091,0.423
206b8207860cb3eb40faeea850b4b011,1,Vague / Missing Context,0.2106,Format Ambiguity,0.1426,No Smell,0.1097,Ambiguous References,0.0988,4000,0.713
206b8207860cb3eb40faeea850b4b011,2,No Smell,0.1682,Format Ambiguity,0.1542,Vague / Missing Context,0.1148,Ambiguous References,0.0911,783,0.395
206b8207860cb3eb40faeea850b4b011,3,No Smell,0.2060,Format Ambiguity,0.1486,Vague / Missing Context,0.1102,Overloaded Prompt,0.0872,203,0.296
e9071667cf61cc3e5cdabbfae46c23f3,1,No Smell,0.1658,Vague / Missing Context,0.1226,Format Ambiguity,0.1117,Irrelevant / Excessive Persona,0.0931,76,0.292
eab2731631b45b0e4f51b02efd249386,1,No Smell,0.1562,Ambiguous References,0.1254,Format Ambiguity,0.1134,Conflicting Constraints,0.0958,13,0.292
91fa61c60d1c0d1a2fb3f98d7df25ddb,1,No Smell,0.2230,Format Ambiguity,0.1503,Overloaded Prompt,0.1195,Unnecessary Repetition,0.0882,200,0.296
1ae015dde23e52372e5fe798d6033e00,1,No Smell,0.1542,Vague / Missing Context,0.1345,Format Ambiguity,0.1304,Ambiguous References,0.1245,2267,0.581
7bbbf68ec52f694758cd1a688998895b,3,No Smell,0.2352,Format Ambiguity,0.1244,Unnecessary Repetition,0.0925,Irrelevant / Excessive Persona,0.0897,164,0.296
7bbbf68ec52f694758cd1a688998895b,5,No Smell,0.1504,Ambiguous References,0.1238,Vague / Missing Context,0.1164,Format Ambiguity,0.1149,27,0.291
7bbbf68ec52f694758cd1a688998895b,6,No Smell,0.2265,Conflicting Constraints,0.1257,Format Ambiguity,0.1145,Prompt Bloat / Convoluted Prompt,0.0844,655,0.395
7bbbf68ec52f694758cd1a688998895b,8,No Smell,0.1717,Ambiguous References,0.1318,Format Ambiguity,0.1134,Conflicting Constraints,0.0918,71,0.292
e24333cb5218725d5c49723209b6a806,1,No Smell,0.1807,Format Ambiguity,0.1789,Vague / Missing Context,0.1666,Overloaded Prompt,0.0838,79,0.292
697349207f9f66368b29852302e1bd62,1,No Smell,0.1995,Format Ambiguity,0.1658,Vague / Missing Context,0.1224,Overloaded Prompt,0.0981,47,0.292
16b86603fbcf7c57d051b880845f4b24,6,No Smell,0.1799,Format Ambiguity,0.1327,Vague / Missing Context,0.1045,Unnecessary Repetition,0.0975,9,0.292
ed0b8ef829f3e0e31b22a4c7af4444be,1,No Smell,0.2444,Format Ambiguity,0.1085,Overloaded Prompt,0.0925,Unnecessary Repetition,0.0862,191,0.296
ed0b8ef829f3e0e31b22a4c7af4444be,2,No Smell,0.2069,Format Ambiguity,0.1757,Vague / Missing Context,0.0946,Ambiguous References,0.0837,105,0.293
ed0b8ef829f3e0e31b22a4c7af4444be,3,No Smell,0.1849,Format Ambiguity,0.1488,Vague / Missing Context,0.1157,Ambiguous References,0.0877,85,0.293
ed0b8ef829f3e0e31b22a4c7af4444be,4,No Smell,0.1879,Format Ambiguity,0.1117,Vague / Missing Context,0.1036,Conflicting Constraints,0.0949,61,0.292
7976acc8898e6571a13029d2ac50fe91,1,Vague / Missing Context,0.2049,No Smell,0.1713,Format Ambiguity,0.1517,Overloaded Prompt,0.0806,425,0.323
7976acc8898e6571a13029d2ac50fe91,2,Format Ambiguity,0.1589,No Smell,0.1461,Vague / Missing Context,0.1421,Irrelevant / Excessive Persona,0.0949,51,0.293
7976acc8898e6571a13029d2ac50fe91,3,No Smell,0.1420,Vague / Missing Context,0.1364,Unnecessary Repetition,0.1225,Format Ambiguity,0.1221,22,0.292
7976acc8898e6571a13029d2ac50fe91,4,No Smell,0.1872,Format Ambiguity,0.1220,Unnecessary Repetition,0.0994,Conflicting Constraints,0.0971,24,0.292
7530eb591db79dfd4bdba7d862913c6f,1,Vague / Missing Context,0.2041,Format Ambiguity,0.1428,No Smell,0.1109,Ambiguous References,0.0989,4000,0.713
7530eb591db79dfd4bdba7d862913c6f,2,No Smell,0.1620,Format Ambiguity,0.1518,Vague / Missing Context,0.1147,Ambiguous References,0.1030,718,0.380
7530eb591db79dfd4bdba7d862913c6f,3,No Smell,0.1766,Format Ambiguity,0.1369,Vague / Missing Context,0.1126,Overloaded Prompt,0.1004,342,0.321
dd03403720a9946232a7bd42a3e6a9d5,1,No Smell,0.1487,Format Ambiguity,0.1317,Vague / Missing Context,0.1194,Ambiguous References,0.0968,8,0.291
04eea3615285124e24a9f370da3fef85,1,Vague / Missing Context,0.1908,Format Ambiguity,0.1815,No Smell,0.1340,Ambiguous References,0.0900,46,0.291
268882f1d749e67266f14e8de0874ec7,1,Format Ambiguity,0.1836,Vague / Missing Context,0.1740,No Smell,0.1565,Overloaded Prompt,0.0816,48,0.292
ba3ed4e1a16f2ae1e656310ac925207a,1,Vague / Missing Context,0.2086,Format Ambiguity,0.1850,No Smell,0.1526,Overloaded Prompt,0.0727,76,0.293
61c1679a2425b86f12314d107b823a7b,2,Vague / Missing Context,0.1845,Format Ambiguity,0.1750,No Smell,0.1058,Overloaded Prompt,0.1032,25,0.292
3eec63895c796d96dba731328a4ff921,1,Vague / Missing Context,0.2210,No Smell,0.1709,Format Ambiguity,0.1262,Irrelevant / Excessive Persona,0.0726,114,0.293
c759c3a2305fd1fa753eaebab9411534,1,No Smell,0.1673,Format Ambiguity,0.1306,Vague / Missing Context,0.1179,Ambiguous References,0.0924,41,0.292
c759c3a2305fd1fa753eaebab9411534,2,No Smell,0.1419,Format Ambiguity,0.1392,Vague / Missing Context,0.1345,Ambiguous References,0.0931,33,0.292
41ebe08cb2d63271cb2eef7fd4405f15,1,Vague / Missing Context,0.2041,Format Ambiguity,0.1428,No Smell,0.1109,Ambiguous References,0.0989,4000,0.713
41ebe08cb2d63271cb2eef7fd4405f15,2,Format Ambiguity,0.1504,No Smell,0.1421,Vague / Missing Context,0.1195,Ambiguous References,0.1063,831,0.397
41ebe08cb2d63271cb2eef7fd4405f15,3,No Smell,0.1689,Format Ambiguity,0.1331,Vague / Missing Context,0.1215,Overloaded Prompt,0.0974,414,0.316
e036d28e6cd2aecd958a5ed36067be3b,1,Ambiguous References,0.1386,Format Ambiguity,0.1358,No Smell,0.1279,Vague / Missing Context,0.1094,4000,0.717
e036d28e6cd2aecd958a5ed36067be3b,2,Format Ambiguity,0.1607,No Smell,0.1539,Ambiguous References,0.1392,Vague / Missing Context,0.0930,146,0.295
e036d28e6cd2aecd958a5ed36067be3b,3,No Smell,0.1642,Format Ambiguity,0.1332,Vague / Missing Context,0.1230,Ambiguous References,0.1125,134,0.295
e036d28e6cd2aecd958a5ed36067be3b,4,No Smell,0.1322,Vague / Missing Context,0.1250,Ambiguous References,0.1156,Format Ambiguity,0.1074,331,0.320
e036d28e6cd2aecd958a5ed36067be3b,5,No Smell,0.1493,Format Ambiguity,0.1484,Vague / Missing Context,0.1276,Ambiguous References,0.1242,305,0.320
e036d28e6cd2aecd958a5ed36067be3b,6,No Smell,0.1335,Format Ambiguity,0.1224,Ambiguous References,0.1115,Conflicting Constraints,0.1061,231,0.296
7c52a18df06971c6cd903f787e235733,1,No Smell,0.1793,Format Ambiguity,0.1617,Unnecessary Repetition,0.0913,Ambiguous References,0.0898,47,0.292
a6e0df144227e83400d0ad9e6856d6d2,1,No Smell,0.1550,Vague / Missing Context,0.1229,Format Ambiguity,0.1228,Overloaded Prompt,0.0988,190,0.295
a6e0df144227e83400d0ad9e6856d6d2,2,No Smell,0.1438,Vague / Missing Context,0.1281,Format Ambiguity,0.1200,Overloaded Prompt,0.1034,218,0.296
2ad1cd52ac0f31cace3028489ed4d526,1,Vague / Missing Context,0.2057,Format Ambiguity,0.1412,No Smell,0.1071,Ambiguous References,0.0973,4000,0.714
2ad1cd52ac0f31cace3028489ed4d526,2,Format Ambiguity,0.1504,No Smell,0.1421,Vague / Missing Context,0.1195,Ambiguous References,0.1063,831,0.397
2ad1cd52ac0f31cace3028489ed4d526,3,No Smell,0.1689,Format Ambiguity,0.1331,Vague / Missing Context,0.1215,Overloaded Prompt,0.0974,414,0.316
81c0a89dc00cb557993de5b4473774da,1,No Smell,0.1859,Format Ambiguity,0.1149,Ambiguous References,0.1031,Unnecessary Repetition,0.0921,114,0.293
81c0a89dc00cb557993de5b4473774da,2,No Smell,0.2028,Format Ambiguity,0.1774,Ambiguous References,0.1140,Vague / Missing Context,0.0821,43,0.293
81c0a89dc00cb557993de5b4473774da,3,No Smell,0.2251,Format Ambiguity,0.1116,Ambiguous References,0.0986,Unnecessary Repetition,0.0865,105,0.293
81c0a89dc00cb557993de5b4473774da,4,No Smell,0.1949,Format Ambiguity,0.1093,Unnecessary Repetition,0.0952,Vague / Missing Context,0.0896,37,0.292
81c0a89dc00cb557993de5b4473774da,5,No Smell,0.1890,Format Ambiguity,0.1146,Unnecessary Repetition,0.0938,Vague / Missing Context,0.0937,44,0.292
81c0a89dc00cb557993de5b4473774da,6,No Smell,0.2180,Format Ambiguity,0.1315,Vague / Missing Context,0.1131,Unnecessary Repetition,0.0990,24,0.292
81c0a89dc00cb557993de5b4473774da,7,No Smell,0.2314,Vague / Missing Context,0.1432,Format Ambiguity,0.1167,Unnecessary Repetition,0.0827,21,0.292
81c0a89dc00cb557993de5b4473774da,8,No Smell,0.2050,Format Ambiguity,0.1365,Vague / Missing Context,0.1091,Unnecessary Repetition,0.0784,21,0.292
81c0a89dc00cb557993de5b4473774da,9,No Smell,0.2066,Format Ambiguity,0.1925,Vague / Missing Context,0.1256,Overloaded Prompt,0.0805,54,0.292
81c0a89dc00cb557993de5b4473774da,10,No Smell,0.1876,Format Ambiguity,0.1456,Vague / Missing Context,0.1152,Overloaded Prompt,0.0931,149,0.320
81c0a89dc00cb557993de5b4473774da,11,No Smell,0.1740,Format Ambiguity,0.1486,Ambiguous References,0.1074,Vague / Missing Context,0.1055,76,0.293
e6da6c7e116567ba65bb8d352527f300,1,No Smell,0.2422,Format Ambiguity,0.1477,Irrelevant / Excessive Persona,0.0976,Vague / Missing Context,0.0927,54,0.293
e6da6c7e116567ba65bb8d352527f300,2,No Smell,0.1893,Ambiguous References,0.1566,Format Ambiguity,0.1201,Irrelevant / Excessive Persona,0.0906,28,0.292
e6da6c7e116567ba65bb8d352527f300,3,No Smell,0.1697,Irrelevant / Excessive Persona,0.1407,Format Ambiguity,0.1152,Conflicting Constraints,0.0997,70,0.293
e6da6c7e116567ba65bb8d352527f300,4,No Smell,0.1915,Format Ambiguity,0.1337,Conflicting Constraints,0.1080,Irrelevant / Excessive Persona,0.0940,59,0.292
e6da6c7e116567ba65bb8d352527f300,5,No Smell,0.1414,Irrelevant / Excessive Persona,0.1284,Format Ambiguity,0.1099,Conflicting Constraints,0.1061,91,0.293
72b8d798d6fc169a1d61eeebb71378bd,1,No Smell,0.1770,Format Ambiguity,0.1430,Vague / Missing Context,0.1283,Unnecessary Repetition,0.0965,117,0.293
72b8d798d6fc169a1d61eeebb71378bd,2,Format Ambiguity,0.1682,No Smell,0.1549,Vague / Missing Context,0.1120,Unnecessary Repetition,0.1017,24,0.292
50874815c196147db493493745f63bfd,1,No Smell,0.1989,Format Ambiguity,0.1266,Prompt Bloat / Convoluted Prompt,0.0874,Unnecessary Repetition,0.0872,54,0.292
50874815c196147db493493745f63bfd,2,Ambiguous References,0.1482,No Smell,0.1437,Format Ambiguity,0.1113,Vague / Missing Context,0.0984,101,0.292
1909051ef3d63d92d3be551e03ac9db2,3,No Smell,0.1952,Vague / Missing Context,0.1379,Format Ambiguity,0.1260,Conflicting Constraints,0.0967,37,0.292
1909051ef3d63d92d3be551e03ac9db2,4,No Smell,0.2013,Format Ambiguity,0.1152,Ambiguous References,0.0913,Prompt Bloat / Convoluted Prompt,0.0883,413,0.329
1909051ef3d63d92d3be551e03ac9db2,5,No Smell,0.1953,Format Ambiguity,0.1281,Unnecessary Repetition,0.0912,Conflicting Constraints,0.0795,240,0.320
1909051ef3d63d92d3be551e03ac9db2,6,No Smell,0.2105,Format Ambiguity,0.1532,Unnecessary Repetition,0.0851,Conflicting Constraints,0.0758,232,0.296
29898dbe40eea074c5e2d4adeff4964c,1,Vague / Missing Context,0.2057,Format Ambiguity,0.1412,No Smell,0.1071,Ambiguous References,0.0973,4000,0.714
29898dbe40eea074c5e2d4adeff4964c,2,No Smell,0.1485,Format Ambiguity,0.1484,Vague / Missing Context,0.1190,Ambiguous References,0.1062,956,0.399
8a1cf3a11808da4856defc295372002c,1,Format Ambiguity,0.1538,No Smell,0.1497,Vague / Missing Context,0.1146,Irrelevant / Excessive Persona,0.1069,179,0.296
8a1cf3a11808da4856defc295372002c,2,No Smell,0.1585,Format Ambiguity,0.1360,Vague / Missing Context,0.1213,Irrelevant / Excessive Persona,0.0952,26,0.292
0ef9ca531f05135c065742fbb5974e0a,3,No Smell,0.2133,Ambiguous References,0.1046,Format Ambiguity,0.0980,Prompt Bloat / Convoluted Prompt,0.0862,397,0.317
a51bf57d38d37546d268cc78b1c324a5,2,Vague / Missing Context,0.1852,Format Ambiguity,0.1601,No Smell,0.1315,Ambiguous References,0.0957,226,0.296
a51bf57d38d37546d268cc78b1c324a5,3,No Smell,0.1541,Format Ambiguity,0.1217,Vague / Missing Context,0.1123,Conflicting Constraints,0.1039,23,0.293
a51bf57d38d37546d268cc78b1c324a5,4,Format Ambiguity,0.2019,Vague / Missing Context,0.1443,No Smell,0.1216,Overloaded Prompt,0.0965,16,0.293
a51bf57d38d37546d268cc78b1c324a5,5,Format Ambiguity,0.1537,Vague / Missing Context,0.1163,No Smell,0.1153,Overloaded Prompt,0.0988,20,0.292
a51bf57d38d37546d268cc78b1c324a5,6,Format Ambiguity,0.2411,No Smell,0.1430,Vague / Missing Context,0.1171,Unnecessary Repetition,0.0919,19,0.292
a51bf57d38d37546d268cc78b1c324a5,7,No Smell,0.1564,Format Ambiguity,0.1425,Vague / Missing Context,0.1107,Unnecessary Repetition,0.1018,7,0.291
a51bf57d38d37546d268cc78b1c324a5,8,Format Ambiguity,0.2047,No Smell,0.1454,Vague / Missing Context,0.1220,Overloaded Prompt,0.0936,9,0.292
a51bf57d38d37546d268cc78b1c324a5,9,Format Ambiguity,0.1537,No Smell,0.1431,Vague / Missing Context,0.1301,Unnecessary Repetition,0.1071,15,0.291
a51bf57d38d37546d268cc78b1c324a5,10,No Smell,0.1983,Format Ambiguity,0.1278,Vague / Missing Context,0.1248,Ambiguous References,0.0827,88,0.292
4fabb2708205dab9cca1528ffcb28cf3,1,No Smell,0.1654,Irrelevant / Excessive Persona,0.1245,Format Ambiguity,0.1062,Conflicting Constraints,0.0994,2049,0.527
553a75c9a93925679db99dc5d3051cc5,1,No Smell,0.1613,Ambiguous References,0.1200,Vague / Missing Context,0.1179,Format Ambiguity,0.1129,566,0.318
c14eb9f901aa89890331e8202ef0c4a1,1,No Smell,0.1622,Vague / Missing Context,0.1188,Ambiguous References,0.1188,Format Ambiguity,0.1163,557,0.318
5b0178b3ee00832177ed0fb06851c8ee,1,Vague / Missing Context,0.2064,Format Ambiguity,0.1377,No Smell,0.1040,Ambiguous References,0.1025,4000,0.714
5b0178b3ee00832177ed0fb06851c8ee,2,Format Ambiguity,0.1494,No Smell,0.1452,Vague / Missing Context,0.1154,Ambiguous References,0.1056,902,0.390
5b0178b3ee00832177ed0fb06851c8ee,3,No Smell,0.1652,Format Ambiguity,0.1319,Vague / Missing Context,0.1214,Overloaded Prompt,0.0908,427,0.317
95652ea60c06cc41698d443abf216189,1,No Smell,0.2108,Format Ambiguity,0.1220,Vague / Missing Context,0.1019,Ambiguous References,0.0968,571,0.395
95652ea60c06cc41698d443abf216189,2,No Smell,0.1568,Format Ambiguity,0.1094,Ambiguous References,0.1010,Unnecessary Repetition,0.1009,1338,0.513
95652ea60c06cc41698d443abf216189,3,No Smell,0.1921,Ambiguous References,0.1296,Format Ambiguity,0.1133,Conflicting Constraints,0.1080,146,0.296
95652ea60c06cc41698d443abf216189,4,No Smell,0.1943,Ambiguous References,0.1073,Format Ambiguity,0.0988,Prompt Bloat / Convoluted Prompt,0.0924,1760,0.499
95652ea60c06cc41698d443abf216189,5,No Smell,0.1743,Unnecessary Repetition,0.1083,Format Ambiguity,0.0993,Prompt Bloat / Convoluted Prompt,0.0925,411,0.318
95652ea60c06cc41698d443abf216189,6,No Smell,0.1789,Ambiguous References,0.1345,Prompt Bloat / Convoluted Prompt,0.1011,Format Ambiguity,0.0989,1735,0.500
a546350348cd3e96189a540a327be94c,1,No Smell,0.1390,Conflicting Constraints,0.1326,Format Ambiguity,0.1282,Ambiguous References,0.1239,211,0.296
722f1ca80f8daa005b8fc2526fb0df57,1,No Smell,0.1500,Format Ambiguity,0.1483,Vague / Missing Context,0.1205,Overloaded Prompt,0.0994,104,0.294
722f1ca80f8daa005b8fc2526fb0df57,2,No Smell,0.1763,Overloaded Prompt,0.1122,Formality / Audience Mismatch,0.1110,Format Ambiguity,0.1062,1206,0.388
722f1ca80f8daa005b8fc2526fb0df57,3,No Smell,0.2010,Format Ambiguity,0.1224,Ambiguous References,0.1058,Vague / Missing Context,0.0884,1393,0.398
722f1ca80f8daa005b8fc2526fb0df57,4,No Smell,0.1676,Format Ambiguity,0.1480,Ambiguous References,0.1141,Irrelevant / Excessive Persona,0.0998,1093,0.378
722f1ca80f8daa005b8fc2526fb0df57,5,No Smell,0.1476,Format Ambiguity,0.1450,Ambiguous References,0.1124,Irrelevant / Excessive Persona,0.1001,1919,0.452
722f1ca80f8daa005b8fc2526fb0df57,6,Unnecessary Repetition,0.1894,No Smell,0.1430,Format Ambiguity,0.1099,Conflicting Constraints,0.0894,140,0.294
722f1ca80f8daa005b8fc2526fb0df57,7,No Smell,0.1464,Format Ambiguity,0.1320,Irrelevant / Excessive Persona,0.1121,Ambiguous References,0.1058,1246,0.389
722f1ca80f8daa005b8fc2526fb0df57,8,No Smell,0.1697,Format Ambiguity,0.1285,Vague / Missing Context,0.1063,Formality / Audience Mismatch,0.1012,590,0.318
722f1ca80f8daa005b8fc2526fb0df57,9,Formality / Audience Mismatch,0.2599,No Smell,0.1068,Unnecessary Repetition,0.1039,Format Ambiguity,0.0944,645,0.363
722f1ca80f8daa005b8fc2526fb0df57,10,Vague / Missing Context,0.1363,Prompt Bloat / Convoluted Prompt,0.1178,Unnecessary Repetition,0.1047,Format Ambiguity,0.0952,403,0.322
722f1ca80f8daa005b8fc2526fb0df57,11,No Smell,0.1689,Format Ambiguity,0.1155,Ambiguous References,0.0986,Vague / Missing Context,0.0965,1010,0.364
b14410647c14e4710af5e23e3fd64885,1,No Smell,0.1523,Overloaded Prompt,0.1210,Format Ambiguity,0.1102,Vague / Missing Context,0.1060,44,0.292
ef2c036fae50d0f00d76d8615d10950b,1,No Smell,0.1764,Format Ambiguity,0.1112,Vague / Missing Context,0.1025,Ambiguous References,0.1025,66,0.293
ef2c036fae50d0f00d76d8615d10950b,2,No Smell,0.1947,Format Ambiguity,0.1223,Ambiguous References,0.1122,Vague / Missing Context,0.1033,39,0.291
ef2c036fae50d0f00d76d8615d10950b,3,No Smell,0.2054,Vague / Missing Context,0.1292,Format Ambiguity,0.1240,Unnecessary Repetition,0.0828,39,0.291
1e7e3f405c5cd6deb7b575ddcce9a646,1,No Smell,0.1998,Format Ambiguity,0.1437,Ambiguous References,0.1100,Conflicting Constraints,0.1011,3461,0.968
1e7e3f405c5cd6deb7b575ddcce9a646,2,No Smell,0.1738,Format Ambiguity,0.1454,Ambiguous References,0.1210,Prompt Bloat / Convoluted Prompt,0.1137,2199,0.690
1e7e3f405c5cd6deb7b575ddcce9a646,3,No Smell,0.1624,Format Ambiguity,0.1449,Ambiguous References,0.1404,Conflicting Constraints,0.0985,3039,0.962
f66180bc2a14f244f012196cfcb14fcf,1,No Smell,0.1885,Format Ambiguity,0.1195,Overloaded Prompt,0.1044,Ambiguous References,0.1019,375,0.317
4c7d5d510d66c5ee187e5cc576889be6,1,Vague / Missing Context,0.1699,No Smell,0.1661,Format Ambiguity,0.1174,Bias / Loaded Framing,0.0887,115,0.293
4c7d5d510d66c5ee187e5cc576889be6,2,Vague / Missing Context,0.1758,No Smell,0.1567,Format Ambiguity,0.1212,Bias / Loaded Framing,0.1197,169,0.292
4c7d5d510d66c5ee187e5cc576889be6,3,No Smell,0.1661,Format Ambiguity,0.1604,Vague / Missing Context,0.1516,Bias / Loaded Framing,0.0931,349,0.320
4c7d5d510d66c5ee187e5cc576889be6,4,No Smell,0.2163,Vague / Missing Context,0.1430,Format Ambiguity,0.1339,Ambiguous References,0.0897,155,0.294
4c7d5d510d66c5ee187e5cc576889be6,5,No Smell,0.1661,Format Ambiguity,0.1556,Vague / Missing Context,0.1428,Overloaded Prompt,0.0965,236,0.296
9bec695c5f401031ef71731328170799,1,Vague / Missing Context,0.2041,Format Ambiguity,0.1390,No Smell,0.1041,Ambiguous References,0.1017,4000,0.714
9bec695c5f401031ef71731328170799,2,Format Ambiguity,0.1498,No Smell,0.1414,Vague / Missing Context,0.1171,Ambiguous References,0.1134,736,0.381
9bec695c5f401031ef71731328170799,3,No Smell,0.1658,Format Ambiguity,0.1644,Vague / Missing Context,0.1368,Unnecessary Repetition,0.0811,196,0.296
eb3c8fb3f55cc910b4f0545ae1d52ac1,1,No Smell,0.2041,Format Ambiguity,0.1556,Overloaded Prompt,0.0983,Vague / Missing Context,0.0895,42,0.293
d7b647f38efb83bb1a53f235423539ed,2,No Smell,0.1740,Format Ambiguity,0.1153,Vague / Missing Context,0.1040,Conflicting Constraints,0.0932,28,0.291
d7b647f38efb83bb1a53f235423539ed,3,No Smell,0.1435,Vague / Missing Context,0.1173,Ambiguous References,0.1160,Format Ambiguity,0.1033,25,0.292
186f02901f43745794fd8428b1f2f629,1,No Smell,0.2002,Format Ambiguity,0.1687,Irrelevant / Excessive Persona,0.1429,Vague / Missing Context,0.0890,101,0.293
186f02901f43745794fd8428b1f2f629,2,No Smell,0.1948,Format Ambiguity,0.1445,Vague / Missing Context,0.1223,Ambiguous References,0.0907,78,0.292
186f02901f43745794fd8428b1f2f629,3,No Smell,0.3026,Format Ambiguity,0.1342,Vague / Missing Context,0.0808,Unnecessary Repetition,0.0799,60,0.292
186f02901f43745794fd8428b1f2f629,4,No Smell,0.1914,Format Ambiguity,0.1780,Ambiguous References,0.1327,Vague / Missing Context,0.1168,113,0.292
186f02901f43745794fd8428b1f2f629,5,No Smell,0.2084,Format Ambiguity,0.1940,Vague / Missing Context,0.0909,Conflicting Constraints,0.0820,94,0.293
186f02901f43745794fd8428b1f2f629,6,Format Ambiguity,0.2132,No Smell,0.1477,Ambiguous References,0.1422,Irrelevant / Excessive Persona,0.1154,167,0.296
186f02901f43745794fd8428b1f2f629,7,Format Ambiguity,0.2320,No Smell,0.2206,Vague / Missing Context,0.0851,Bias / Loaded Framing,0.0738,116,0.293
6303ae55bcf2bdea92c27ebf8ba18c38,1,No Smell,0.1481,Vague / Missing Context,0.1383,Format Ambiguity,0.1280,Conflicting Constraints,0.0870,78,0.292
3a954b386bbacfd4b60ba244a5d549f9,1,No Smell,0.2020,Format Ambiguity,0.1601,Ambiguous References,0.1301,Vague / Missing Context,0.0953,209,0.296
3a954b386bbacfd4b60ba244a5d549f9,2,No Smell,0.1803,Format Ambiguity,0.1771,Vague / Missing Context,0.1063,Ambiguous References,0.1019,71,0.292
3a954b386bbacfd4b60ba244a5d549f9,3,Format Ambiguity,0.1869,No Smell,0.1773,Vague / Missing Context,0.1207,Ambiguous References,0.0948,112,0.292
3a954b386bbacfd4b60ba244a5d549f9,4,No Smell,0.1963,Vague / Missing Context,0.1546,Format Ambiguity,0.1505,Bias / Loaded Framing,0.0735,49,0.292
07a97475c35edd0b9053db928fd79b76,1,No Smell,0.1949,Format Ambiguity,0.1541,Vague / Missing Context,0.1139,Ambiguous References,0.0986,346,0.320
363f8ce0e86f77092078368f8be6cf64,1,No Smell,0.1856,Format Ambiguity,0.1269,Vague / Missing Context,0.1242,Ambiguous References,0.0925,41,0.292
f801db3e492cc93bff743df87a82ecb0,1,No Smell,0.1954,Format Ambiguity,0.1528,Vague / Missing Context,0.1162,Ambiguous References,0.0952,361,0.321
fcf8a7347a8deeefa84416f33bac05cc,1,No Smell,0.2174,Format Ambiguity,0.1241,Unnecessary Repetition,0.0950,Vague / Missing Context,0.0896,289,0.319
fcf8a7347a8deeefa84416f33bac05cc,2,Format Ambiguity,0.1959,No Smell,0.1814,Vague / Missing Context,0.1159,Ambiguous References,0.0822,26,0.292
a34d995d3a0c42c0d3f167bbaf39bf85,1,No Smell,0.1920,Format Ambiguity,0.1530,Vague / Missing Context,0.1194,Ambiguous References,0.0946,404,0.322
4664526cf81ccd02293f7b7f26bacadd,1,No Smell,0.1920,Format Ambiguity,0.1530,Vague / Missing Context,0.1194,Ambiguous References,0.0946,404,0.250
2e108a974fca0d7f86db1ca311c55749,1,Vague / Missing Context,0.1943,Format Ambiguity,0.1404,No Smell,0.1038,Prompt Bloat / Convoluted Prompt,0.0991,4000,0.714
2e108a974fca0d7f86db1ca311c55749,2,Format Ambiguity,0.1440,No Smell,0.1396,Vague / Missing Context,0.1159,Ambiguous References,0.1124,840,0.388
2e108a974fca0d7f86db1ca311c55749,3,No Smell,0.1659,Format Ambiguity,0.1628,Vague / Missing Context,0.1370,Unnecessary Repetition,0.0809,200,0.296
2e108a974fca0d7f86db1ca311c55749,4,No Smell,0.1691,Vague / Missing Context,0.1674,Format Ambiguity,0.1672,Irrelevant / Excessive Persona,0.0725,78,0.293
1e9fb9c9c7f867bc668037a51cc76fed,1,No Smell,0.2068,Format Ambiguity,0.1309,Unnecessary Repetition,0.0862,Irrelevant / Excessive Persona,0.0859,32,0.291
1e9fb9c9c7f867bc668037a51cc76fed,2,Format Ambiguity,0.2476,No Smell,0.2009,Vague / Missing Context,0.0813,Irrelevant / Excessive Persona,0.0775,72,0.292
c4275c848f806e56861b98e4cd05bc94,1,No Smell,0.1920,Format Ambiguity,0.1530,Vague / Missing Context,0.1194,Ambiguous References,0.0946,404,0.322
635f90c4d2e88dceb1b898f969f4194b,1,Format Ambiguity,0.1365,Vague / Missing Context,0.1200,No Smell,0.1197,Formality / Audience Mismatch,0.0916,122,0.292
635f90c4d2e88dceb1b898f969f4194b,2,Format Ambiguity,0.1324,Ambiguous References,0.1056,No Smell,0.1056,Vague / Missing Context,0.1035,730,0.383
635f90c4d2e88dceb1b898f969f4194b,3,No Smell,0.2141,Format Ambiguity,0.1341,Ambiguous References,0.0988,Conflicting Constraints,0.0871,41,0.291
635f90c4d2e88dceb1b898f969f4194b,4,No Smell,0.1947,Format Ambiguity,0.1093,Vague / Missing Context,0.1059,Ambiguous References,0.0916,24,0.292
78282df8b4806e8bacc2c1cdd38cc49f,1,Format Ambiguity,0.1763,No Smell,0.1747,Vague / Missing Context,0.1107,Unnecessary Repetition,0.0864,67,0.292
d18b3a71a0254c80c5389141f6ecbea2,2,No Smell,0.1878,Format Ambiguity,0.1403,Ambiguous References,0.1086,Vague / Missing Context,0.0852,391,0.318
d18b3a71a0254c80c5389141f6ecbea2,3,No Smell,0.1865,Format Ambiguity,0.1456,Ambiguous References,0.1082,Vague / Missing Context,0.0860,472,0.331
6ca4c4b06567ddbad5bccc26e48835de,1,No Smell,0.1784,Vague / Missing Context,0.1672,Format Ambiguity,0.1367,Overloaded Prompt,0.0937,43,0.292
6ca4c4b06567ddbad5bccc26e48835de,2,Format Ambiguity,0.1718,Vague / Missing Context,0.1328,No Smell,0.1147,Overloaded Prompt,0.0930,68,0.292
011d4d84cd5da3f2133c253999905cf3,1,No Smell,0.1623,Format Ambiguity,0.1216,Ambiguous References,0.1143,Vague / Missing Context,0.0943,751,0.396
011d4d84cd5da3f2133c253999905cf3,2,No Smell,0.1636,Overloaded Prompt,0.1510,Format Ambiguity,0.1197,Ambiguous References,0.1071,780,0.388
011d4d84cd5da3f2133c253999905cf3,3,No Smell,0.1998,Format Ambiguity,0.1203,Ambiguous References,0.1175,Vague / Missing Context,0.0957,429,0.362
011d4d84cd5da3f2133c253999905cf3,4,No Smell,0.1634,Format Ambiguity,0.1257,Vague / Missing Context,0.1155,Ambiguous References,0.1109,192,0.295
011d4d84cd5da3f2133c253999905cf3,5,No Smell,0.2329,Conflicting Constraints,0.1000,Format Ambiguity,0.0987,Vague / Missing Context,0.0975,93,0.292
011d4d84cd5da3f2133c253999905cf3,6,No Smell,0.1808,Format Ambiguity,0.1156,Ambiguous References,0.1116,Unnecessary Repetition,0.0909,110,0.295
011d4d84cd5da3f2133c253999905cf3,7,No Smell,0.1513,Format Ambiguity,0.1150,Vague / Missing Context,0.1033,Ambiguous References,0.0986,215,0.305
011d4d84cd5da3f2133c253999905cf3,8,No Smell,0.2003,Format Ambiguity,0.1294,Ambiguous References,0.1024,Vague / Missing Context,0.1016,397,0.317
011d4d84cd5da3f2133c253999905cf3,9,No Smell,0.2343,Format Ambiguity,0.1790,Vague / Missing Context,0.0989,Overloaded Prompt,0.0974,246,0.296
c77ac4ce9c71fef0d239f97a4b25b757,1,No Smell,0.1923,Format Ambiguity,0.1130,Ambiguous References,0.0938,Vague / Missing Context,0.0930,54,0.293
c77ac4ce9c71fef0d239f97a4b25b757,2,No Smell,0.2058,Format Ambiguity,0.1139,Vague / Missing Context,0.1095,Overloaded Prompt,0.0861,32,0.291
c77ac4ce9c71fef0d239f97a4b25b757,3,No Smell,0.1857,Format Ambiguity,0.1169,Ambiguous References,0.1131,Vague / Missing Context,0.0961,45,0.291
d2f62d510007bc92154f152c1f0be678,1,No Smell,0.1661,Format Ambiguity,0.1556,Vague / Missing Context,0.1428,Overloaded Prompt,0.0965,236,0.296
d2f62d510007bc92154f152c1f0be678,2,Format Ambiguity,0.1488,Overloaded Prompt,0.1407,No Smell,0.1397,Vague / Missing Context,0.1263,627,0.329
d2f62d510007bc92154f152c1f0be678,3,Vague / Missing Context,0.1691,No Smell,0.1609,Format Ambiguity,0.1363,Bias / Loaded Framing,0.1066,173,0.292
d2f62d510007bc92154f152c1f0be678,4,No Smell,0.1686,Format Ambiguity,0.1405,Vague / Missing Context,0.1091,Ambiguous References,0.0950,210,0.296
d2f62d510007bc92154f152c1f0be678,5,No Smell,0.1632,Format Ambiguity,0.1360,Vague / Missing Context,0.1161,Ambiguous References,0.1029,120,0.293
d2f62d510007bc92154f152c1f0be678,6,No Smell,0.1704,Vague / Missing Context,0.1352,Format Ambiguity,0.1242,Ambiguous References,0.0842,350,0.320
d2f62d510007bc92154f152c1f0be678,7,No Smell,0.1521,Vague / Missing Context,0.1466,Format Ambiguity,0.1094,Overloaded Prompt,0.1050,254,0.296
d2f62d510007bc92154f152c1f0be678,8,No Smell,0.1577,Vague / Missing Context,0.1370,Format Ambiguity,0.1269,Bias / Loaded Framing,0.0947,122,0.292
14197bbef18690e8ff91863d1aedd9f6,1,No Smell,0.1472,Format Ambiguity,0.1451,Vague / Missing Context,0.1334,Ambiguous References,0.1036,507,0.329
ce00ba9a703087714c8183707c466d47,1,Format Ambiguity,0.1775,No Smell,0.1546,Vague / Missing Context,0.1401,Overloaded Prompt,0.0833,78,0.293
ce00ba9a703087714c8183707c466d47,2,No Smell,0.1582,Format Ambiguity,0.1283,Vague / Missing Context,0.1182,Unnecessary Repetition,0.0956,75,0.292
ce00ba9a703087714c8183707c466d47,3,No Smell,0.1901,Format Ambiguity,0.1115,Vague / Missing Context,0.1035,Unnecessary Repetition,0.1033,102,0.292
ce00ba9a703087714c8183707c466d47,4,Format Ambiguity,0.1529,No Smell,0.1385,Unnecessary Repetition,0.1370,Overloaded Prompt,0.0895,63,0.291
ce00ba9a703087714c8183707c466d47,5,Vague / Missing Context,0.1782,No Smell,0.1198,Bias / Loaded Framing,0.1147,Unnecessary Repetition,0.0985,8,0.292
ce00ba9a703087714c8183707c466d47,6,Format Ambiguity,0.1716,No Smell,0.1344,Vague / Missing Context,0.1078,Ambiguous References,0.0885,61,0.292
9204e34e9f6caced40c3eb182a0a98a1,1,No Smell,0.1340,Format Ambiguity,0.1265,Vague / Missing Context,0.1071,Ambiguous References,0.1060,1838,0.515
f0aba989afa9d17b5cb99a5bb0932695,1,No Smell,0.1658,Overloaded Prompt,0.1368,Format Ambiguity,0.1219,Prompt Bloat / Convoluted Prompt,0.1011,863,0.390
f0aba989afa9d17b5cb99a5bb0932695,3,No Smell,0.1902,Conflicting Constraints,0.1042,Format Ambiguity,0.1029,Unnecessary Repetition,0.0924,134,0.295
0e2e8faca90b65a3bf776f125f5dada5,1,No Smell,0.1865,Format Ambiguity,0.1456,Ambiguous References,0.1082,Vague / Missing Context,0.0860,472,0.330
0e2e8faca90b65a3bf776f125f5dada5,2,No Smell,0.1752,Format Ambiguity,0.1579,Ambiguous References,0.1021,Vague / Missing Context,0.0978,114,0.293
0e2e8faca90b65a3bf776f125f5dada5,3,No Smell,0.1599,Ambiguous References,0.1386,Vague / Missing Context,0.1316,Format Ambiguity,0.1270,55,0.292
0e2e8faca90b65a3bf776f125f5dada5,4,No Smell,0.1810,Ambiguous References,0.1245,Format Ambiguity,0.1181,Vague / Missing Context,0.0970,185,0.296
0e2e8faca90b65a3bf776f125f5dada5,5,No Smell,0.1400,Format Ambiguity,0.1190,Ambiguous References,0.1103,Vague / Missing Context,0.0992,92,0.293
0e2e8faca90b65a3bf776f125f5dada5,6,No Smell,0.1535,Ambiguous References,0.1192,Format Ambiguity,0.1176,Conflicting Constraints,0.1003,180,0.296
0e2e8faca90b65a3bf776f125f5dada5,7,No Smell,0.2049,Format Ambiguity,0.1732,Irrelevant / Excessive Persona,0.1126,Vague / Missing Context,0.0860,80,0.293
0e2e8faca90b65a3bf776f125f5dada5,8,No Smell,0.1605,Format Ambiguity,0.1265,Ambiguous References,0.1226,Vague / Missing Context,0.0976,224,0.297
12bf56e52d17281f15162ad15f8d204a,1,No Smell,0.1547,Overloaded Prompt,0.1516,Prompt Bloat / Convoluted Prompt,0.1043,Conflicting Constraints,0.0970,978,0.401
8d9c824ff3d1de6bd4b25650a8866c7e,1,No Smell,0.1821,Format Ambiguity,0.1407,Vague / Missing Context,0.1284,Overloaded Prompt,0.0949,395,0.323
8d9c824ff3d1de6bd4b25650a8866c7e,2,Format Ambiguity,0.2316,No Smell,0.1757,Vague / Missing Context,0.1091,Overloaded Prompt,0.0760,28,0.292
8d9c824ff3d1de6bd4b25650a8866c7e,3,Format Ambiguity,0.1780,No Smell,0.1623,Vague / Missing Context,0.1343,Ambiguous References,0.0839,315,0.296
8d9c824ff3d1de6bd4b25650a8866c7e,4,No Smell,0.1730,Vague / Missing Context,0.1308,Format Ambiguity,0.1107,Ambiguous References,0.1008,1563,0.423
8d9c824ff3d1de6bd4b25650a8866c7e,5,Vague / Missing Context,0.1395,No Smell,0.1272,Ambiguous References,0.1105,Format Ambiguity,0.1070,131,0.293
8d9c824ff3d1de6bd4b25650a8866c7e,6,No Smell,0.1638,Vague / Missing Context,0.1561,Format Ambiguity,0.1302,Ambiguous References,0.1189,1883,0.463
8d9c824ff3d1de6bd4b25650a8866c7e,7,No Smell,0.1607,Ambiguous References,0.1302,Format Ambiguity,0.1261,Vague / Missing Context,0.1020,58,0.292
8d9c824ff3d1de6bd4b25650a8866c7e,8,No Smell,0.1448,Vague / Missing Context,0.1395,Format Ambiguity,0.1302,Ambiguous References,0.1279,273,0.296
38f5891ca5bc191f19ae6aed4b206c96,1,No Smell,0.1402,Ambiguous References,0.1226,Vague / Missing Context,0.1009,Conflicting Constraints,0.0979,54,0.294
38f5891ca5bc191f19ae6aed4b206c96,2,No Smell,0.1550,Vague / Missing Context,0.1134,Ambiguous References,0.1055,Unnecessary Repetition,0.1016,37,0.291
afce0019c28d2adefeee3e0a874bb6e8,1,Ambiguous References,0.1331,No Smell,0.1326,Vague / Missing Context,0.1312,Format Ambiguity,0.1257,4000,0.721
afce0019c28d2adefeee3e0a874bb6e8,2,No Smell,0.1559,Format Ambiguity,0.1320,Vague / Missing Context,0.1273,Ambiguous References,0.1044,290,0.297
afce0019c28d2adefeee3e0a874bb6e8,3,No Smell,0.1829,Format Ambiguity,0.1585,Ambiguous References,0.1028,Vague / Missing Context,0.0861,317,0.320
afce0019c28d2adefeee3e0a874bb6e8,4,No Smell,0.1789,Unnecessary Repetition,0.1008,Format Ambiguity,0.0964,Prompt Bloat / Convoluted Prompt,0.0949,341,0.322
afce0019c28d2adefeee3e0a874bb6e8,5,No Smell,0.1548,Formality / Audience Mismatch,0.1255,Format Ambiguity,0.1213,Prompt Bloat / Convoluted Prompt,0.0853,272,0.322
afce0019c28d2adefeee3e0a874bb6e8,6,Vague / Missing Context,0.1419,No Smell,0.1231,Format Ambiguity,0.1198,Prompt Bloat / Convoluted Prompt,0.1083,164,0.296
afce0019c28d2adefeee3e0a874bb6e8,7,Vague / Missing Context,0.1578,No Smell,0.1514,Format Ambiguity,0.1314,Ambiguous References,0.1106,106,0.293
afce0019c28d2adefeee3e0a874bb6e8,8,No Smell,0.1563,Format Ambiguity,0.1343,Ambiguous References,0.1195,Vague / Missing Context,0.1084,199,0.297
afce0019c28d2adefeee3e0a874bb6e8,9,No Smell,0.1543,Format Ambiguity,0.1511,Ambiguous References,0.1210,Vague / Missing Context,0.1145,201,0.296
3c8e53fce3dbbff4564fae9784d42789,1,No Smell,0.2278,Format Ambiguity,0.1232,Vague / Missing Context,0.1089,Unnecessary Repetition,0.0855,159,0.296
3c8e53fce3dbbff4564fae9784d42789,2,No Smell,0.2283,Format Ambiguity,0.1569,Ambiguous References,0.1069,Conflicting Constraints,0.0931,79,0.292
985c7f3589a65cc7529499d77a84e4fa,1,No Smell,0.1834,Conflicting Constraints,0.1258,Vague / Missing Context,0.1081,Format Ambiguity,0.1041,29,0.291
2afb6dfda4111752350251b39b3bab7f,1,Overloaded Prompt,0.1470,No Smell,0.1271,Prompt Bloat / Convoluted Prompt,0.1193,Format Ambiguity,0.1074,1237,0.451
80db260e5cdf6d3953f3e3a8d087fe3a,1,No Smell,0.2164,Format Ambiguity,0.2038,Irrelevant / Excessive Persona,0.0835,Unnecessary Repetition,0.0804,46,0.292
80db260e5cdf6d3953f3e3a8d087fe3a,2,No Smell,0.1931,Format Ambiguity,0.1585,Conflicting Constraints,0.0894,Unnecessary Repetition,0.0880,32,0.292
80db260e5cdf6d3953f3e3a8d087fe3a,3,No Smell,0.2144,Format Ambiguity,0.1657,Irrelevant / Excessive Persona,0.0869,Unnecessary Repetition,0.0859,135,0.295
80db260e5cdf6d3953f3e3a8d087fe3a,4,No Smell,0.1498,Format Ambiguity,0.1441,Vague / Missing Context,0.1320,Overloaded Prompt,0.0973,13,0.292
80db260e5cdf6d3953f3e3a8d087fe3a,5,Format Ambiguity,0.2334,No Smell,0.2041,Irrelevant / Excessive Persona,0.0855,Unnecessary Repetition,0.0801,99,0.293
80db260e5cdf6d3953f3e3a8d087fe3a,6,No Smell,0.1498,Format Ambiguity,0.1441,Vague / Missing Context,0.1320,Overloaded Prompt,0.0973,13,0.249
b5c0e3ff0df1789534c94ada7809b9e1,1,Format Ambiguity,0.1645,No Smell,0.1526,Vague / Missing Context,0.1063,Unnecessary Repetition,0.0903,135,0.292
b5c0e3ff0df1789534c94ada7809b9e1,2,No Smell,0.1593,Format Ambiguity,0.1493,Unnecessary Repetition,0.1133,Conflicting Constraints,0.0826,94,0.293
919db39a75a2a6294f92f88e78c2beea,1,No Smell,0.2130,Format Ambiguity,0.1306,Irrelevant / Excessive Persona,0.0893,Unnecessary Repetition,0.0830,54,0.292
