conversation_id,user_turn,smells,chars_sent,seconds
9deee0d4f93c6a7867eef08fe3be63be,1,Ambiguous References; Overloaded Prompt,116,5.668
9deee0d4f93c6a7867eef08fe3be63be,4,Format Ambiguity,41,1.301
9deee0d4f93c6a7867eef08fe3be63be,6,Ambiguous References; Overloaded Prompt,105,1.244
9deee0d4f93c6a7867eef08fe3be63be,7,Ambiguous References; Unnecessary Repetition,246,1.443
6d4b097a71e2c582c7b26e10589599ea,2,Vague / Missing Context,22,1.289
45b1bae8034accbf0aafe01ba9732485,2,Vague / Missing Context; Format Ambiguity,2355,1.652
75a8afbd34d0158422ad6a9e33005729,1,Vague / Missing Context,9,1.029
75a8afbd34d0158422ad6a9e33005729,2,Vague / Missing Context; Format Ambiguity,32,1.216
75a8afbd34d0158422ad6a9e33005729,3,Vague / Missing Context; Format Ambiguity,31,1.186
75a8afbd34d0158422ad6a9e33005729,6,Vague / Missing Context,9,1.034
258523717d4e397987b402c3f3518af6,1,Vague / Missing Context,111,1.073
258523717d4e397987b402c3f3518af6,2,Overloaded Prompt; Vague / Missing Context,22,1.207
258523717d4e397987b402c3f3518af6,3,Vague / Missing Context,79,1.053
258523717d4e397987b402c3f3518af6,4,Vague / Missing Context; Ambiguous References,57,1.254
258523717d4e397987b402c3f3518af6,5,Vague / Missing Context; Ambiguous References,59,1.193
258523717d4e397987b402c3f3518af6,6,Vague / Missing Context,142,1.051
258523717d4e397987b402c3f3518af6,7,Vague / Missing Context; Ambiguous References,81,1.182
88d5fd13c3e0ff9bd7b131b9c251dd0f,2,Ambiguous References; Overloaded Prompt,166,0.953
88d5fd13c3e0ff9bd7b131b9c251dd0f,3,Ambiguous References; Unnecessary Repetition,80,1.244
88d5fd13c3e0ff9bd7b131b9c251dd0f,4,Ambiguous References; Vague / Missing Context,84,1.157
88d5fd13c3e0ff9bd7b131b9c251dd0f,5,Vague / Missing Context,144,1.212
88d5fd13c3e0ff9bd7b131b9c251dd0f,6,Ambiguous References; Unnecessary Repetition,55,1.206
88d5fd13c3e0ff9bd7b131b9c251dd0f,7,Format Ambiguity,63,1.158
88d5fd13c3e0ff9bd7b131b9c251dd0f,8,Vague / Missing Context; Ambiguous References,55,1.272
291e8752b1737c209223ee3bf67ae1d1,1,Ambiguous References; Unnecessary Repetition,163,1.180
c73581ad3758c37c98116e078620eafe,1,Vague / Missing Context; Unnecessary Repetition,63,1.300
832ab4fa124860200c24bd2f62aa7a96,1,Ambiguous References; Vague / Missing Context,153,1.134
dd30dda76e25051559a149044f07aba2,1,Format Ambiguity,2083,1.461
dd30dda76e25051559a149044f07aba2,2,Vague / Missing Context; Format Ambiguity,53,1.192
dd30dda76e25051559a149044f07aba2,3,Vague / Missing Context; Conflicting Constraints,278,1.157
dd30dda76e25051559a149044f07aba2,4,Ambiguous References; Format Ambiguity,14,1.183
c54c8e5554496318b8ab2999a19ad5c3,1,Vague / Missing Context; Format Ambiguity,45,1.051
c84dca042d2b4f1b24cea4bc11f4b595,1,Unnecessary Repetition; Bias / Loaded Framing,3292,1.512
c84dca042d2b4f1b24cea4bc11f4b595,2,Conflicting Constraints; Unnecessary Repetition,3520,1.571
c84dca042d2b4f1b24cea4bc11f4b595,3,Ambiguous References; Overloaded Prompt; Prompt Bloat / Convoluted Prompt; Unnecessary Repetition; Formality / Audience Mismatch,355,1.108
dbce78a84bbd564d9450ef90c771e978,1,Ambiguous References; Vague / Missing Context,934,0.969
5bd6a59c6ad22b7d1b76c9d8b3e3680b,1,Vague / Missing Context,3642,1.468
5bd6a59c6ad22b7d1b76c9d8b3e3680b,2,Format Ambiguity,93,0.641
5bd6a59c6ad22b7d1b76c9d8b3e3680b,3,Vague / Missing Context; Format Ambiguity,3635,1.382
5bd6a59c6ad22b7d1b76c9d8b3e3680b,4,Format Ambiguity,93,0.817
5bd6a59c6ad22b7d1b76c9d8b3e3680b,5,Ambiguous References; Vague / Missing Context,60,0.854
faab586b26de1d8cc1e32d321ab0b882,2,Format Ambiguity,25,0.741
a9434495a678a26f909b3443105d1ad6,1,Unnecessary Repetition; Bias / Loaded Framing,3292,1.226
5afe97f2562c06667a7f1d4b5eea53da,1,Vague / Missing Context,144,0.657
5afe97f2562c06667a7f1d4b5eea53da,2,Ambiguous References; Unnecessary Repetition,41,0.920
1aac1590f0db2983e8bb2a0c2c96ce56,1,Ambiguous References; Unnecessary Repetition,298,0.985
1aac1590f0db2983e8bb2a0c2c96ce56,3,Vague / Missing Context; Format Ambiguity,237,0.815
d81d3ffa8545e347a16837db586256dc,1,Vague / Missing Context,9,0.671
08ec9fe37d232fcce5a07588ab0b0432,1,Conflicting Constraints; Unnecessary Repetition; Bias / Loaded Framing,3468,1.546
08ec9fe37d232fcce5a07588ab0b0432,3,Conflicting Constraints; Unnecessary Repetition,1986,1.086
da8ade9c68c3981ba0d3bc15bdecfac9,1,Format Ambiguity,45,0.758
da8ade9c68c3981ba0d3bc15bdecfac9,2,Bias / Loaded Framing,162,0.607
38dc452aa55fbc7e418345978bc3aeb6,1,Vague / Missing Context; Format Ambiguity,2089,1.276
38dc452aa55fbc7e418345978bc3aeb6,2,Vague / Missing Context; Format Ambiguity,42,0.938
7d369dccf0ed993cf940cc746a0ade6c,1,Vague / Missing Context; Format Ambiguity,43,0.877
7d369dccf0ed993cf940cc746a0ade6c,2,Vague / Missing Context; Format Ambiguity,44,0.808
7d369dccf0ed993cf940cc746a0ade6c,3,Vague / Missing Context; Format Ambiguity,46,0.825
392c0683b1aa48270e6b6aab823467f5,2,Vague / Missing Context,22,0.591
aab5ef96395efa0ff9bc5e23319384ec,1,Vague / Missing Context,41,0.805
74b48bb91c7f3db21c88801ab87dc778,1,Format Ambiguity,45,0.759
74b48bb91c7f3db21c88801ab87dc778,2,Format Ambiguity,357,0.699
1d08dc6c69f0f17f09d9acab87c2a357,1,No Smell,1659,0.864
1d08dc6c69f0f17f09d9acab87c2a357,2,Format Ambiguity,93,0.710
1d08dc6c69f0f17f09d9acab87c2a357,3,Format Ambiguity; Unnecessary Repetition,79,0.869
1d08dc6c69f0f17f09d9acab87c2a357,4,Format Ambiguity,29,0.796
7956439c6fcef5135bb6960d55454af6,1,Ambiguous References; Overloaded Prompt; Prompt Bloat / Convoluted Prompt,4000,1.879
64747a6df61fbd0eee082be44933fe1d,1,Ambiguous References; Overloaded Prompt; Prompt Bloat / Convoluted Prompt; Unnecessary Repetition; Vague / Missing Context,4000,1.640
d63fb47bec60dbb883140603322f3333,1,Ambiguous References; Overloaded Prompt,507,0.816
d63fb47bec60dbb883140603322f3333,2,Vague / Missing Context; Format Ambiguity,3711,1.690
d63fb47bec60dbb883140603322f3333,3,Overloaded Prompt,3745,1.519
d63fb47bec60dbb883140603322f3333,4,Vague / Missing Context,3724,1.343
f01f3f40c1fd00d9462f9f7bb7434d01,1,Format Ambiguity,2189,1.080
f01f3f40c1fd00d9462f9f7bb7434d01,2,Vague / Missing Context; Format Ambiguity,42,0.848
f01f3f40c1fd00d9462f9f7bb7434d01,3,Ambiguous References; Unnecessary Repetition,100,0.598
5ce4b255aa05816f322e9e37e82cac74,1,Vague / Missing Context; Format Ambiguity,53,0.882
17c3cd1299ca6cf343e0deddd4653ff3,1,Vague / Missing Context,25,0.657
17c3cd1299ca6cf343e0deddd4653ff3,2,Vague / Missing Context; Ambiguous References,26,0.686
616ef4f28c0a8bd91f5affc39d811137,1,Vague / Missing Context; Ambiguous References; Overloaded Prompt,1742,1.332
f4eb0bddc7ffd481c6b79bdce07175f4,1,Vague / Missing Context; Ambiguous References; Unnecessary Repetition,384,1.064
f4eb0bddc7ffd481c6b79bdce07175f4,2,Vague / Missing Context; Ambiguous References; Unnecessary Repetition,386,1.123
f4eb0bddc7ffd481c6b79bdce07175f4,3,Ambiguous References; Unnecessary Repetition,42,0.811
f4eb0bddc7ffd481c6b79bdce07175f4,4,Vague / Missing Context,97,0.737
f4eb0bddc7ffd481c6b79bdce07175f4,5,Vague / Missing Context; Ambiguous References,116,0.875
f4eb0bddc7ffd481c6b79bdce07175f4,6,Vague / Missing Context; Ambiguous References,132,0.756
f4eb0bddc7ffd481c6b79bdce07175f4,7,Vague / Missing Context,146,0.561
f4eb0bddc7ffd481c6b79bdce07175f4,8,Vague / Missing Context,178,0.639
f4eb0bddc7ffd481c6b79bdce07175f4,9,Ambiguous References,184,0.573
f4eb0bddc7ffd481c6b79bdce07175f4,10,Vague / Missing Context,197,0.518
5d83792e0c9e68edf7c45d4aebe4eb05,1,Vague / Missing Context,282,0.650
5d83792e0c9e68edf7c45d4aebe4eb05,2,Format Ambiguity; Vague / Missing Context,284,0.738
5748601dbbe8f733849d51cf2a2e690b,1,Format Ambiguity,2192,1.079
5748601dbbe8f733849d51cf2a2e690b,2,Vague / Missing Context; Format Ambiguity,53,0.811
7fc6366846ce9ff89f6924e7b3c8d4c8,1,Ambiguous References; Conflicting Constraints,4000,1.372
df2afa71c26c48849489d86dfa7ec726,1,Vague / Missing Context,221,0.649
df2afa71c26c48849489d86dfa7ec726,2,Vague / Missing Context,232,0.609
df2afa71c26c48849489d86dfa7ec726,3,Vague / Missing Context; Ambiguous References,242,0.754
df2afa71c26c48849489d86dfa7ec726,4,Vague / Missing Context; Ambiguous References,248,0.783
df2afa71c26c48849489d86dfa7ec726,5,Vague / Missing Context,308,0.572
df2afa71c26c48849489d86dfa7ec726,6,Vague / Missing Context,326,0.769
8f0fbb46a6c0184baa35b4cae1f5b446,1,Bias / Loaded Framing,1592,0.788
c362c8843ab14016013b911e2d82113f,1,Vague / Missing Context; Ambiguous References,42,0.795
c362c8843ab14016013b911e2d82113f,2,Vague / Missing Context; Format Ambiguity,43,0.752
c362c8843ab14016013b911e2d82113f,3,Vague / Missing Context; Format Ambiguity,43,0.702
b44ee4237d92d517b139751e73797678,1,Vague / Missing Context; Format Ambiguity,24,0.522
b44ee4237d92d517b139751e73797678,2,Vague / Missing Context,33,0.569
b44ee4237d92d517b139751e73797678,3,Vague / Missing Context,41,0.627
b44ee4237d92d517b139751e73797678,4,Vague / Missing Context; Ambiguous References,58,0.777
b44ee4237d92d517b139751e73797678,5,Vague / Missing Context,41,0.465
b44ee4237d92d517b139751e73797678,6,Unnecessary Repetition; Bias / Loaded Framing,34,0.804
b44ee4237d92d517b139751e73797678,7,Vague / Missing Context,54,0.758
b44ee4237d92d517b139751e73797678,8,No Smell,37,0.466
b44ee4237d92d517b139751e73797678,9,Vague / Missing Context,47,0.571
b44ee4237d92d517b139751e73797678,10,Vague / Missing Context; Ambiguous References,78,0.821
b44ee4237d92d517b139751e73797678,11,Vague / Missing Context; Format Ambiguity,52,0.731
b44ee4237d92d517b139751e73797678,12,Vague / Missing Context; Ambiguous References,48,0.816
b44ee4237d92d517b139751e73797678,13,Vague / Missing Context; Ambiguous References,34,0.616
b44ee4237d92d517b139751e73797678,14,Format Ambiguity; Ambiguous References,24,0.778
b44ee4237d92d517b139751e73797678,15,Ambiguous References; Vague / Missing Context,24,0.814
b44ee4237d92d517b139751e73797678,16,Vague / Missing Context,24,0.635
b44ee4237d92d517b139751e73797678,17,Ambiguous References; Vague / Missing Context,24,0.816
42ead422a122093601240f7496e6537f,1,Vague / Missing Context; Format Ambiguity,1760,0.953
45b2f12895cb672859d9b6507db9339e,1,Vague / Missing Context; Format Ambiguity,393,0.678
45b2f12895cb672859d9b6507db9339e,2,Vague / Missing Context,415,0.557
45b2f12895cb672859d9b6507db9339e,3,Vague / Missing Context,437,0.700
45b2f12895cb672859d9b6507db9339e,4,Vague / Missing Context,463,0.557
3d001b2e1d09d4ae2f7ee0961682ee5d,1,Vague / Missing Context; Format Ambiguity,42,0.712
3d001b2e1d09d4ae2f7ee0961682ee5d,2,Vague / Missing Context; Ambiguous References,58,0.799
44d3b955c79c997c0131b7c4990839c1,1,Vague / Missing Context,324,0.593
44d3b955c79c997c0131b7c4990839c1,2,Vague / Missing Context; Format Ambiguity,419,0.816
44d3b955c79c997c0131b7c4990839c1,3,Vague / Missing Context; Ambiguous References,113,0.729
44d3b955c79c997c0131b7c4990839c1,4,Format Ambiguity,218,0.531
44d3b955c79c997c0131b7c4990839c1,5,Vague / Missing Context; Format Ambiguity,361,0.947
44d3b955c79c997c0131b7c4990839c1,6,Format Ambiguity,380,0.722
44d3b955c79c997c0131b7c4990839c1,7,Ambiguous References; Vague / Missing Context,21,0.788
44d3b955c79c997c0131b7c4990839c1,8,Prompt Bloat / Convoluted Prompt,149,0.506
d65912ae471dffed009fb1ac360a84f5,1,Format Ambiguity,2325,1.033
d65912ae471dffed009fb1ac360a84f5,2,Vague / Missing Context; Format Ambiguity,42,0.832
d65912ae471dffed009fb1ac360a84f5,3,Vague / Missing Context; Ambiguous References,42,0.816
cebacd34ed76b23773b6a2db4505e54c,1,Vague / Missing Context; Format Ambiguity,2869,1.079
34376502e5220e6797c7e4c90f37587e,1,Ambiguous References; Vague / Missing Context,57,0.895
56459807252a73e8ac58b4cf25468ca8,1,Overloaded Prompt,207,0.582
56459807252a73e8ac58b4cf25468ca8,2,Format Ambiguity,169,0.659
56459807252a73e8ac58b4cf25468ca8,3,Vague / Missing Context,156,0.684
55d3249f94b2c1e3e9e38a7289f32649,3,Vague / Missing Context,34,0.457
55d3249f94b2c1e3e9e38a7289f32649,4,Format Ambiguity; Overloaded Prompt,2591,1.107
1733c027a122d8bfe53fabed7c7840e1,1,Vague / Missing Context,46,0.682
b731f06b0eb7b120ea7a79ed65076bd0,1,Format Ambiguity,49,0.715
a882fd412453d0b7e06c50b7468613ba,1,Vague / Missing Context; Overloaded Prompt,2348,1.271
a882fd412453d0b7e06c50b7468613ba,2,Vague / Missing Context; Format Ambiguity,42,0.834
a882fd412453d0b7e06c50b7468613ba,3,Ambiguous References; Vague / Missing Context,14,0.885
d317c4eee990cf80a0d8928c0d90f0a1,1,Vague / Missing Context; Format Ambiguity,355,0.861
d317c4eee990cf80a0d8928c0d90f0a1,2,Ambiguous References; Vague / Missing Context,369,0.763
d317c4eee990cf80a0d8928c0d90f0a1,3,Vague / Missing Context; Conflicting Constraints,378,0.725
d317c4eee990cf80a0d8928c0d90f0a1,4,Format Ambiguity; Ambiguous References,484,0.682
d317c4eee990cf80a0d8928c0d90f0a1,5,Format Ambiguity; Ambiguous References,503,0.750
d317c4eee990cf80a0d8928c0d90f0a1,6,Vague / Missing Context,536,0.663
6339ec912a47a3e7c62fe47afe6c7934,1,Vague / Missing Context; Ambiguous References,64,0.653
6339ec912a47a3e7c62fe47afe6c7934,2,Format Ambiguity,77,0.919
6339ec912a47a3e7c62fe47afe6c7934,3,Vague / Missing Context; Ambiguous References,73,0.746
6339ec912a47a3e7c62fe47afe6c7934,4,Vague / Missing Context; Format Ambiguity,103,0.776
6339ec912a47a3e7c62fe47afe6c7934,5,Vague / Missing Context; Ambiguous References,69,0.661
6339ec912a47a3e7c62fe47afe6c7934,6,Vague / Missing Context; Ambiguous References,70,0.722
c720ddeee4370c528344c92da8d9ac42,1,Vague / Missing Context,413,0.644
c720ddeee4370c528344c92da8d9ac42,2,Vague / Missing Context,445,0.760
c720ddeee4370c528344c92da8d9ac42,3,Vague / Missing Context,461,0.635
c720ddeee4370c528344c92da8d9ac42,4,Vague / Missing Context,507,0.782
4e78a3a5e6ba06bf89fe7fb5b78cf731,1,Vague / Missing Context,64,0.606
4e78a3a5e6ba06bf89fe7fb5b78cf731,2,Vague / Missing Context; Format Ambiguity,42,0.732
4e78a3a5e6ba06bf89fe7fb5b78cf731,3,Vague / Missing Context; Ambiguous References,89,0.740
4e78a3a5e6ba06bf89fe7fb5b78cf731,4,Vague / Missing Context; Ambiguous References,78,0.804
5021452989189b1ff82a664ea8c124fb,2,Vague / Missing Context,77,0.817
5021452989189b1ff82a664ea8c124fb,3,Vague / Missing Context,120,0.777
0b19b1cb8f9deef46841275438dc4765,1,Format Ambiguity,2534,1.055
0b19b1cb8f9deef46841275438dc4765,2,Vague / Missing Context; Format Ambiguity,42,0.834
4ea618132c3dcf80a67b9cb8f5279205,1,Vague / Missing Context,64,0.602
4ea618132c3dcf80a67b9cb8f5279205,2,Vague / Missing Context; Format Ambiguity,39,0.721
4ea618132c3dcf80a67b9cb8f5279205,3,Vague / Missing Context; Format Ambiguity,58,0.726
8535de3de8c94feb6cff4afb95782919,1,Vague / Missing Context,77,0.611
8535de3de8c94feb6cff4afb95782919,2,Ambiguous References; Overloaded Prompt,121,0.874
8535de3de8c94feb6cff4afb95782919,3,Format Ambiguity,2905,1.219
41a4f2940c03e1dd6816128196e6787c,1,Vague / Missing Context,120,0.778
41a4f2940c03e1dd6816128196e6787c,2,Vague / Missing Context; Ambiguous References,133,0.671
bd598ae526030b07d9eff9ab600b4cf7,1,Vague / Missing Context; Format Ambiguity,46,0.711
bd598ae526030b07d9eff9ab600b4cf7,2,Vague / Missing Context; Ambiguous References,66,0.780
bd598ae526030b07d9eff9ab600b4cf7,3,Vague / Missing Context; Ambiguous References,59,0.778
bd598ae526030b07d9eff9ab600b4cf7,4,Conflicting Constraints; Ambiguous References,85,0.739
28555bb29b98b5dc33f22e96ef0d7b56,1,Vague / Missing Context,158,0.565
28555bb29b98b5dc33f22e96ef0d7b56,2,Vague / Missing Context,122,0.589
28555bb29b98b5dc33f22e96ef0d7b56,3,Vague / Missing Context,235,0.699
28555bb29b98b5dc33f22e96ef0d7b56,4,Vague / Missing Context; Format Ambiguity,68,0.782
2bf363330a7638d9a0c7b1191c89d75f,1,Vague / Missing Context; Ambiguous References; Overloaded Prompt; Unnecessary Repetition,743,1.211
475ad57dfe922dd98aca931f8c2a09f6,1,Vague / Missing Context; Ambiguous References,87,0.738
475ad57dfe922dd98aca931f8c2a09f6,2,Vague / Missing Context; Ambiguous References,39,0.748
475ad57dfe922dd98aca931f8c2a09f6,3,Vague / Missing Context; Ambiguous References,55,0.769
ef8c862ea5c5800d5c65b573254f7ed2,1,Vague / Missing Context; Format Ambiguity,42,0.715
5afe5d488eec233bdf0f6ec8451178a5,1,Vague / Missing Context,61,0.721
5afe5d488eec233bdf0f6ec8451178a5,2,Format Ambiguity,84,0.627
5afe5d488eec233bdf0f6ec8451178a5,3,Format Ambiguity,73,0.648
5afe5d488eec233bdf0f6ec8451178a5,4,Vague / Missing Context,71,0.591
76e29925b2e582e984a3c1aea2d4081a,2,Ambiguous References; Overloaded Prompt,3547,1.575
76e29925b2e582e984a3c1aea2d4081a,3,Ambiguous References; Format Ambiguity,367,0.758
76e29925b2e582e984a3c1aea2d4081a,4,Vague / Missing Context; Format Ambiguity,1043,0.826
6c326c2ea06711f6ca1f806b32ea3a5e,1,Vague / Missing Context; Ambiguous References,45,0.703
6c326c2ea06711f6ca1f806b32ea3a5e,2,Vague / Missing Context; Ambiguous References,55,0.651
6c326c2ea06711f6ca1f806b32ea3a5e,3,Ambiguous References; Vague / Missing Context,62,0.788
8ee0f9527e1b1ba8201316462acff0f7,1,Vague / Missing Context; Format Ambiguity,44,0.713
1cdb6d242025f6de9100b3a80e595f4c,1,Vague / Missing Context; Ambiguous References,77,0.747
fb7b32b547e5eb8ee4090ec5866ace52,1,Format Ambiguity,2554,1.050
fb7b32b547e5eb8ee4090ec5866ace52,2,Ambiguous References; Vague / Missing Context,53,0.739
fb7b32b547e5eb8ee4090ec5866ace52,3,Vague / Missing Context; Format Ambiguity,122,0.787
fb7b32b547e5eb8ee4090ec5866ace52,4,Format Ambiguity; Overloaded Prompt,235,0.793
91e876ce2d80cf5eb7beae3c4efcbe66,1,Vague / Missing Context; Ambiguous References,39,0.730
d0d2e661936dd698804f79d34a9699e5,1,Vague / Missing Context; Format Ambiguity,59,0.787
660e8c9fb6103749c4ef086801e964c6,1,Vague / Missing Context,416,0.693
eeb989073e7ab60321c993cafc533abb,1,Vague / Missing Context; Format Ambiguity,48,0.725
eeb989073e7ab60321c993cafc533abb,2,Vague / Missing Context,47,0.677
86cc5905ec3863c9676e4c9b9751ac8c,1,Vague / Missing Context; Format Ambiguity,416,0.819
86cc5905ec3863c9676e4c9b9751ac8c,2,Vague / Missing Context; Format Ambiguity,442,0.747
86cc5905ec3863c9676e4c9b9751ac8c,3,Format Ambiguity,473,0.598
86cc5905ec3863c9676e4c9b9751ac8c,4,Vague / Missing Context; Format Ambiguity,463,0.769
86cc5905ec3863c9676e4c9b9751ac8c,5,Vague / Missing Context; Format Ambiguity,440,0.679
6711582e3c0b01bf1d23334ee57721dd,1,Vague / Missing Context,144,0.563
6711582e3c0b01bf1d23334ee57721dd,2,Format Ambiguity,157,0.657
6711582e3c0b01bf1d23334ee57721dd,3,Vague / Missing Context,169,0.572
6711582e3c0b01bf1d23334ee57721dd,4,Vague / Missing Context,181,0.598
6711582e3c0b01bf1d23334ee57721dd,9,Vague / Missing Context,222,0.641
6711582e3c0b01bf1d23334ee57721dd,10,Vague / Missing Context,231,0.547
6711582e3c0b01bf1d23334ee57721dd,11,Vague / Missing Context; Format Ambiguity,256,0.735
6711582e3c0b01bf1d23334ee57721dd,12,Ambiguous References; Vague / Missing Context,225,0.876
6711582e3c0b01bf1d23334ee57721dd,13,Ambiguous References; Formality / Audience Mismatch,250,0.814
a6e7a10e4752376d2540f96510b04891,2,Ambiguous References; Formality / Audience Mismatch,250,0.707
a6e7a10e4752376d2540f96510b04891,3,Ambiguous References; Formality / Audience Mismatch,250,0.710
12ccc550a6b54b0419ff77997e5a545b,1,Ambiguous References; Formality / Audience Mismatch,250,0.707
2013cd94425524db11d07d890cffca44,1,Format Ambiguity,212,0.506
94094e5ba0e50d68d0cd19ae3b18d784,1,Ambiguous References; Overloaded Prompt,157,0.584
94094e5ba0e50d68d0cd19ae3b18d784,2,Vague / Missing Context,316,0.528
94094e5ba0e50d68d0cd19ae3b18d784,3,Vague / Missing Context; Format Ambiguity,71,0.679
0592b24b8bc84df4d9b0e29306d36554,1,Vague / Missing Context; Ambiguous References,31,0.691
b6c78eb91043e8f78757f1dfbdd8191c,1,Format Ambiguity,3568,1.275
b6c78eb91043e8f78757f1dfbdd8191c,2,Vague / Missing Context; Format Ambiguity,42,0.831
b6c78eb91043e8f78757f1dfbdd8191c,3,Vague / Missing Context,151,0.554
b6c78eb91043e8f78757f1dfbdd8191c,4,Ambiguous References; Overloaded Prompt; Prompt Bloat / Convoluted Prompt,589,1.131
b6c78eb91043e8f78757f1dfbdd8191c,5,Ambiguous References; Vague / Missing Context,95,0.775
bffa6132aec65f26c6dd2042169f4847,1,Vague / Missing Context; Format Ambiguity,48,0.733
bffa6132aec65f26c6dd2042169f4847,2,Vague / Missing Context; Format Ambiguity,49,0.728
bffa6132aec65f26c6dd2042169f4847,3,Conflicting Constraints; Unnecessary Repetition,67,0.679
32f372a25a9d5e8976ed714b4ba7d06f,1,Format Ambiguity,3568,1.276
32f372a25a9d5e8976ed714b4ba7d06f,2,Vague / Missing Context,249,0.532
5def889dca13d5b2339239cc3c42b376,1,Format Ambiguity,437,0.509
5def889dca13d5b2339239cc3c42b376,2,Ambiguous References; Overloaded Prompt,823,0.777
5def889dca13d5b2339239cc3c42b376,3,Unnecessary Repetition,1019,0.568
5def889dca13d5b2339239cc3c42b376,4,Formality / Audience Mismatch,65,0.710
5def889dca13d5b2339239cc3c42b376,5,Formality / Audience Mismatch,165,0.556
5def889dca13d5b2339239cc3c42b376,6,Ambiguous References,106,0.682
5def889dca13d5b2339239cc3c42b376,7,Unnecessary Repetition,522,0.835
5def889dca13d5b2339239cc3c42b376,8,Unnecessary Repetition,363,0.435
5def889dca13d5b2339239cc3c42b376,9,Formality / Audience Mismatch,281,0.626
5def889dca13d5b2339239cc3c42b376,10,Unnecessary Repetition,27,0.618
5def889dca13d5b2339239cc3c42b376,11,Format Ambiguity,303,0.524
5def889dca13d5b2339239cc3c42b376,12,Unnecessary Repetition; Prompt Bloat / Convoluted Prompt,19,0.777
5def889dca13d5b2339239cc3c42b376,13,Vague / Missing Context; Overloaded Prompt,29,0.757
5def889dca13d5b2339239cc3c42b376,14,Ambiguous References; Vague / Missing Context,39,0.755
5def889dca13d5b2339239cc3c42b376,15,Vague / Missing Context; Ambiguous References,374,0.822
5def889dca13d5b2339239cc3c42b376,16,Vague / Missing Context; Overloaded Prompt,29,0.765
5def889dca13d5b2339239cc3c42b376,17,Ambiguous References; Overloaded Prompt; Prompt Bloat / Convoluted Prompt; Formality / Audience Mismatch,431,0.942
5def889dca13d5b2339239cc3c42b376,18,Vague / Missing Context,288,0.562
5def889dca13d5b2339239cc3c42b376,19,Unnecessary Repetition; Ambiguous References,32,0.712
5def889dca13d5b2339239cc3c42b376,20,Unnecessary Repetition; Ambiguous References; Format Ambiguity,409,0.796
5def889dca13d5b2339239cc3c42b376,21,Vague / Missing Context; Ambiguous References; Format Ambiguity,362,0.935
5def889dca13d5b2339239cc3c42b376,22,Formality / Audience Mismatch,276,0.682
5def889dca13d5b2339239cc3c42b376,23,Ambiguous References; Vague / Missing Context,63,0.827
5def889dca13d5b2339239cc3c42b376,24,Unnecessary Repetition,388,0.488
fa0f2acd924cbcee9ef0ec4e608a66e3,1,Vague / Missing Context; Format Ambiguity,89,0.679
87316e2a9cf556cbb4e05390bd687557,1,Vague / Missing Context; Format Ambiguity,30,0.789
1824ad022e6a7f525e534ac2ba4368b6,3,Vague / Missing Context,60,0.562
1824ad022e6a7f525e534ac2ba4368b6,4,Vague / Missing Context,79,0.590
1824ad022e6a7f525e534ac2ba4368b6,6,Conflicting Constraints; Unnecessary Repetition,108,0.738
1824ad022e6a7f525e534ac2ba4368b6,7,Conflicting Constraints,122,0.801
754ec183a77a3480e2b8a2eabda2611c,1,Format Ambiguity,3568,1.275
754ec183a77a3480e2b8a2eabda2611c,2,Vague / Missing Context; Format Ambiguity,277,0.710
754ec183a77a3480e2b8a2eabda2611c,3,Vague / Missing Context,195,0.582
754ec183a77a3480e2b8a2eabda2611c,4,Overloaded Prompt; Unnecessary Repetition; Format Ambiguity,674,0.951
d57206c091667f615a1b767d12093ae1,1,Vague / Missing Context,447,0.715
d57206c091667f615a1b767d12093ae1,2,Vague / Missing Context,55,0.573
d57206c091667f615a1b767d12093ae1,3,Vague / Missing Context,57,0.651
d57206c091667f615a1b767d12093ae1,4,Vague / Missing Context,69,0.487
d57206c091667f615a1b767d12093ae1,5,Ambiguous References; Vague / Missing Context,70,0.710
d57206c091667f615a1b767d12093ae1,6,Vague / Missing Context; Format Ambiguity,54,0.599
d57206c091667f615a1b767d12093ae1,7,Vague / Missing Context,56,0.527
d57206c091667f615a1b767d12093ae1,8,Vague / Missing Context,69,0.488
d57206c091667f615a1b767d12093ae1,9,Vague / Missing Context,68,0.533
d57206c091667f615a1b767d12093ae1,10,Ambiguous References; Vague / Missing Context,69,0.597
5a6459fd34f4e3ec451974a1520ef331,1,Vague / Missing Context; Format Ambiguity,138,0.563
5a6459fd34f4e3ec451974a1520ef331,2,Conflicting Constraints,37,0.596
73c1a9ec821e7e197d74fdd9553dfc2a,1,Vague / Missing Context; Format Ambiguity,3361,1.391
73c1a9ec821e7e197d74fdd9553dfc2a,2,Ambiguous References; Format Ambiguity,45,0.769
73c1a9ec821e7e197d74fdd9553dfc2a,3,Vague / Missing Context; Format Ambiguity,45,0.721
73c1a9ec821e7e197d74fdd9553dfc2a,4,Vague / Missing Context; Ambiguous References,54,0.693
73c1a9ec821e7e197d74fdd9553dfc2a,5,Ambiguous References,59,0.644
73c1a9ec821e7e197d74fdd9553dfc2a,6,No Smell,4000,1.266
58bf174c15b9a61f4f38b6715481d72a,1,Vague / Missing Context; Format Ambiguity,87,0.781
58bf174c15b9a61f4f38b6715481d72a,3,Vague / Missing Context; Ambiguous References,45,0.691
87d8f1cd48b8e7965975cf56d216e34a,1,Format Ambiguity,3568,1.275
87d8f1cd48b8e7965975cf56d216e34a,2,Vague / Missing Context; Format Ambiguity,277,0.705
87d8f1cd48b8e7965975cf56d216e34a,3,Format Ambiguity; Overloaded Prompt; Unnecessary Repetition,800,0.791
7872167d83bd6290a974e1efdedb2b65,1,Vague / Missing Context,40,0.589
7872167d83bd6290a974e1efdedb2b65,2,Overloaded Prompt,142,0.553
7872167d83bd6290a974e1efdedb2b65,3,Ambiguous References; Unnecessary Repetition,20,0.577
7872167d83bd6290a974e1efdedb2b65,4,Vague / Missing Context,5,0.595
7872167d83bd6290a974e1efdedb2b65,5,Vague / Missing Context; Ambiguous References,11,0.841
7872167d83bd6290a974e1efdedb2b65,6,Unnecessary Repetition,14,0.586
5b8fb38fc18584709e11403b3d8eb6eb,1,Ambiguous References; Overloaded Prompt,2088,1.222
9c5c9afd8bddb9e1fefd1517cbf881b0,3,Format Ambiguity; Overloaded Prompt,7,0.831
9c5c9afd8bddb9e1fefd1517cbf881b0,4,Format Ambiguity; Vague / Missing Context,19,0.739
2aef14f14769ecb728d76bb4947943f7,1,Format Ambiguity,171,0.602
970bd8fb2cb0076848fb152b15becb6e,1,Ambiguous References; Unnecessary Repetition,195,0.558
bab13d84d7d2e053c9feee7a31db4b77,1,Ambiguous References; Unnecessary Repetition,195,0.449
e5d9c89c2c336e4bfaeeb420eb439391,1,Vague / Missing Context; Format Ambiguity,35,0.682
36815bb5e872da05bf6d61100ae0e472,3,Vague / Missing Context; Format Ambiguity,51,0.759
36815bb5e872da05bf6d61100ae0e472,4,Vague / Missing Context; Ambiguous References,33,0.691
0b82001902668cf0a0e6d01e379ddf76,1,Vague / Missing Context,514,0.850
0b82001902668cf0a0e6d01e379ddf76,2,Vague / Missing Context; Format Ambiguity,546,0.854
0b82001902668cf0a0e6d01e379ddf76,3,Vague / Missing Context; Format Ambiguity,557,0.734
0b82001902668cf0a0e6d01e379ddf76,4,Vague / Missing Context; Format Ambiguity,470,0.768
0b82001902668cf0a0e6d01e379ddf76,5,Vague / Missing Context; Format Ambiguity,497,0.861
0b82001902668cf0a0e6d01e379ddf76,6,Vague / Missing Context; Format Ambiguity,410,0.752
0b82001902668cf0a0e6d01e379ddf76,7,Vague / Missing Context; Format Ambiguity,491,0.610
0b82001902668cf0a0e6d01e379ddf76,8,Vague / Missing Context; Format Ambiguity,413,0.671
0b82001902668cf0a0e6d01e379ddf76,9,Format Ambiguity,463,0.681
0b82001902668cf0a0e6d01e379ddf76,10,Vague / Missing Context; Format Ambiguity,411,0.765
0b82001902668cf0a0e6d01e379ddf76,11,Vague / Missing Context; Format Ambiguity,445,0.738
0b82001902668cf0a0e6d01e379ddf76,12,Ambiguous References; Vague / Missing Context,473,0.815
0b82001902668cf0a0e6d01e379ddf76,13,Vague / Missing Context; Format Ambiguity,579,0.742
37a778978bee38f2f66753ad3a95d4cb,1,Ambiguous References; Unnecessary Repetition,195,0.558
37a778978bee38f2f66753ad3a95d4cb,2,Vague / Missing Context,43,0.522
0679145c86eafed4381c8c2adfc1db6b,1,Vague / Missing Context; Format Ambiguity,181,0.736
0679145c86eafed4381c8c2adfc1db6b,2,Vague / Missing Context,135,0.598
0679145c86eafed4381c8c2adfc1db6b,3,Vague / Missing Context,293,0.627
640f0d13a91e4a39607f816d2a5d8ac1,1,Vague / Missing Context; Ambiguous References,39,0.672
640f0d13a91e4a39607f816d2a5d8ac1,2,Vague / Missing Context; Format Ambiguity,63,0.835
640f0d13a91e4a39607f816d2a5d8ac1,3,Ambiguous References; Vague / Missing Context,61,0.759
f90c28a8e858ec25cad07494f90f0312,1,Bias / Loaded Framing; Overloaded Prompt,3906,1.327
ba31c67eab212b85a7335fff189e7973,1,Bias / Loaded Framing; Overloaded Prompt,3906,0.569
b70cc39a9f4693585a17231ccdc67028,1,Vague / Missing Context; Format Ambiguity,35,0.680
d73365358aa19db49110a1ac80891529,1,Ambiguous References; Unnecessary Repetition,195,0.557
d73365358aa19db49110a1ac80891529,2,Vague / Missing Context,87,0.484
d73365358aa19db49110a1ac80891529,3,Vague / Missing Context,69,0.706
d9152ae073af70cdd1057725a282daaa,1,Ambiguous References; Vague / Missing Context,99,0.690
d9152ae073af70cdd1057725a282daaa,2,Ambiguous References; Vague / Missing Context,27,0.917
3f3cced9121db005d31770a19c35fb76,1,Ambiguous References; Vague / Missing Context,139,0.767
3f3cced9121db005d31770a19c35fb76,3,Ambiguous References; Unnecessary Repetition,82,0.692
3f3cced9121db005d31770a19c35fb76,5,Vague / Missing Context,26,0.633
3f3cced9121db005d31770a19c35fb76,6,Ambiguous References; Overloaded Prompt,68,0.769
4bad63ddfa7df0c38b53934875b9da95,1,Bias / Loaded Framing; Overloaded Prompt,3906,1.330
f0734a866c1508dec088c39cdbc1c0d1,1,Vague / Missing Context; Format Ambiguity,30,0.719
877299361509f184966262432a6a74c6,2,Ambiguous References; Vague / Missing Context,48,0.751
564633a85f0db6ce6c09e3ad43657bf8,1,Unnecessary Repetition; Ambiguous References,34,0.777
564633a85f0db6ce6c09e3ad43657bf8,2,Unnecessary Repetition; Ambiguous References,46,0.778
564633a85f0db6ce6c09e3ad43657bf8,3,Vague / Missing Context,3733,1.321
564633a85f0db6ce6c09e3ad43657bf8,4,Format Ambiguity,3741,1.448
564633a85f0db6ce6c09e3ad43657bf8,5,Format Ambiguity,3569,1.358
564633a85f0db6ce6c09e3ad43657bf8,6,Format Ambiguity,3432,1.342
44a17305e231e4f6631c8e8a13c63bd2,2,Ambiguous References; Unnecessary Repetition,11,0.595
9d2bcfd66762688d0ce6f0835c3b74c4,1,Vague / Missing Context; Format Ambiguity,36,0.617
9d2bcfd66762688d0ce6f0835c3b74c4,2,Vague / Missing Context,37,0.506
f250a786774d99aedd78a9e181ccb869,1,Vague / Missing Context,43,0.702
f250a786774d99aedd78a9e181ccb869,2,Vague / Missing Context; Format Ambiguity,44,0.721
ff414d72e01e142041fe47d746b85017,1,Ambiguous References,39,0.475
ff414d72e01e142041fe47d746b85017,2,Vague / Missing Context; Format Ambiguity,174,0.626
ff414d72e01e142041fe47d746b85017,3,Vague / Missing Context,42,0.540
ff414d72e01e142041fe47d746b85017,4,Vague / Missing Context; Ambiguous References,81,0.747
ff414d72e01e142041fe47d746b85017,5,Vague / Missing Context,45,0.617
ff414d72e01e142041fe47d746b85017,6,Vague / Missing Context,29,0.607
ff414d72e01e142041fe47d746b85017,7,Vague / Missing Context; Format Ambiguity,47,0.616
ff414d72e01e142041fe47d746b85017,8,Conflicting Constraints; Ambiguous References,138,0.663
ff414d72e01e142041fe47d746b85017,9,Ambiguous References; Vague / Missing Context,44,0.710
ff414d72e01e142041fe47d746b85017,10,Vague / Missing Context,40,0.525
ff414d72e01e142041fe47d746b85017,11,Vague / Missing Context,71,0.534
ff414d72e01e142041fe47d746b85017,12,Vague / Missing Context,46,0.877
ff414d72e01e142041fe47d746b85017,13,Vague / Missing Context; Format Ambiguity,108,0.738
ff414d72e01e142041fe47d746b85017,14,Ambiguous References; Format Ambiguity,103,0.935
0bcb1174bade23d2177888fd0f6ee68c,1,Vague / Missing Context,42,0.702
6c873d849a2a29baa22902594c8d383b,1,Vague / Missing Context; Format Ambiguity,536,0.956
150fc9da76273154140e6a099db5c006,1,Vague / Missing Context; Format Ambiguity,53,0.700
150fc9da76273154140e6a099db5c006,2,Vague / Missing Context,14,0.642
ef0a1032946c9fca3ac7d8e130d84c27,1,Vague / Missing Context; Format Ambiguity,43,0.723
ef0a1032946c9fca3ac7d8e130d84c27,2,Vague / Missing Context; Ambiguous References,43,0.798
ef0a1032946c9fca3ac7d8e130d84c27,3,Vague / Missing Context; Format Ambiguity,46,0.704
ef0a1032946c9fca3ac7d8e130d84c27,4,Vague / Missing Context; Format Ambiguity,43,0.748
5a4be8ebb61e3f462194db8c859279ed,1,Vague / Missing Context,57,0.591
5a4be8ebb61e3f462194db8c859279ed,2,Vague / Missing Context; Ambiguous References,66,0.672
19cdefdc0907c84cfd467e5d04d22e3a,1,Format Ambiguity,362,0.548
19cdefdc0907c84cfd467e5d04d22e3a,2,Ambiguous References; Vague / Missing Context,53,0.739
19cdefdc0907c84cfd467e5d04d22e3a,3,Ambiguous References; Vague / Missing Context,14,0.885
02f52eb11792b601ddb6786bba4a8b00,1,Vague / Missing Context,55,0.770
702182195e37c96e5efc3a5074027dd5,1,Vague / Missing Context,108,0.521
7110c8fa0797a9744e1ad1696cc23cf8,1,Vague / Missing Context; Ambiguous References,63,0.737
7110c8fa0797a9744e1ad1696cc23cf8,2,Vague / Missing Context; Ambiguous References,61,0.768
1b5c99bbabc433cba8a0805d096841e0,1,Vague / Missing Context; Ambiguous References,69,0.903
1b5c99bbabc433cba8a0805d096841e0,2,Vague / Missing Context; Ambiguous References,105,0.701
1b5c99bbabc433cba8a0805d096841e0,3,Vague / Missing Context,39,0.700
0368d8e6015545ac481b1b1fdce3c17c,1,Format Ambiguity,4000,1.448
0368d8e6015545ac481b1b1fdce3c17c,3,Vague / Missing Context; Ambiguous References,38,0.784
e309dade97d29a0bc6accc6e7e709489,1,Vague / Missing Context,78,0.690
e309dade97d29a0bc6accc6e7e709489,2,Vague / Missing Context; Ambiguous References,57,0.747
e309dade97d29a0bc6accc6e7e709489,3,Vague / Missing Context; Format Ambiguity,44,0.722
1d42fc0c11155448a59a02255dc67533,1,Ambiguous References; Format Ambiguity,94,0.682
7467aa9c23503ae9f4f18ce391309465,1,Vague / Missing Context; Ambiguous References,459,0.861
7467aa9c23503ae9f4f18ce391309465,2,Format Ambiguity,458,0.590
7467aa9c23503ae9f4f18ce391309465,3,Vague / Missing Context,458,0.577
7467aa9c23503ae9f4f18ce391309465,4,Format Ambiguity,458,0.586
7467aa9c23503ae9f4f18ce391309465,5,Format Ambiguity,458,0.585
7467aa9c23503ae9f4f18ce391309465,6,Vague / Missing Context,458,0.577
7467aa9c23503ae9f4f18ce391309465,7,Format Ambiguity,458,0.587
7467aa9c23503ae9f4f18ce391309465,8,Format Ambiguity,458,0.585
7467aa9c23503ae9f4f18ce391309465,9,Format Ambiguity,458,0.587
7467aa9c23503ae9f4f18ce391309465,10,Format Ambiguity,458,0.587
7467aa9c23503ae9f4f18ce391309465,11,Format Ambiguity,458,0.585
79f083954c3c62925a94bffc301c841b,2,Vague / Missing Context,20,0.699
79f083954c3c62925a94bffc301c841b,3,Vague / Missing Context; Format Ambiguity,37,0.729
f23af18d88c21718def6d26a1d1a0683,1,Vague / Missing Context,452,0.748
f23af18d88c21718def6d26a1d1a0683,2,Vague / Missing Context,452,0.702
f23af18d88c21718def6d26a1d1a0683,3,Vague / Missing Context,452,0.747
f23af18d88c21718def6d26a1d1a0683,4,Vague / Missing Context,452,0.752
f23af18d88c21718def6d26a1d1a0683,5,Vague / Missing Context,452,0.748
f23af18d88c21718def6d26a1d1a0683,6,Vague / Missing Context,452,0.748
f23af18d88c21718def6d26a1d1a0683,7,Vague / Missing Context,452,0.570
f23af18d88c21718def6d26a1d1a0683,8,Vague / Missing Context,452,0.763
120df3e3fd35562e02a65fbd921ef7bf,1,Vague / Missing Context,3316,1.376
dbf9c02a91a9c4bae7bcef7a2958d89f,1,Vague / Missing Context; Format Ambiguity,93,0.802
ed2c54a02c754f98d59974ed63a87575,2,Vague / Missing Context; Format Ambiguity,88,0.542
ed2c54a02c754f98d59974ed63a87575,3,Vague / Missing Context; Ambiguous References,19,0.759
ed2c54a02c754f98d59974ed63a87575,4,No Smell,11,0.661
88f174a27ddc6ef33b768e86d472c6ce,5,Formality / Audience Mismatch,100,0.520
88f174a27ddc6ef33b768e86d472c6ce,8,Formality / Audience Mismatch,325,0.536
88f174a27ddc6ef33b768e86d472c6ce,9,Ambiguous References; Vague / Missing Context,45,0.599
88f174a27ddc6ef33b768e86d472c6ce,10,Vague / Missing Context,135,0.546
135735aa869f4101d4f057aa020d0d8c,1,No Smell,4000,1.201
135735aa869f4101d4f057aa020d0d8c,2,Format Ambiguity,3194,1.237
135735aa869f4101d4f057aa020d0d8c,3,Vague / Missing Context; Format Ambiguity,3384,1.415
00b6685d1bbd7ddcfbd982df2b58c5ec,1,Vague / Missing Context; Format Ambiguity,120,0.917
1528265790057450d549beead37076d8,1,Vague / Missing Context,27,0.588
1528265790057450d549beead37076d8,2,Ambiguous References; Unnecessary Repetition,50,0.848
fceb5e642d7b872e2c8f22a592b73b78,1,Ambiguous References; Overloaded Prompt; Unnecessary Repetition,899,1.110
fceb5e642d7b872e2c8f22a592b73b78,2,Ambiguous References; Vague / Missing Context,53,0.736
fceb5e642d7b872e2c8f22a592b73b78,3,Format Ambiguity,317,0.684
fceb5e642d7b872e2c8f22a592b73b78,4,Conflicting Constraints; Unnecessary Repetition,307,0.675
676c9d5f9af6c41b9b451bfdfb4c783e,1,Vague / Missing Context; Ambiguous References; Overloaded Prompt; Unnecessary Repetition,743,1.209
676c9d5f9af6c41b9b451bfdfb4c783e,2,Vague / Missing Context,160,0.572
676c9d5f9af6c41b9b451bfdfb4c783e,3,Vague / Missing Context,191,0.583
676c9d5f9af6c41b9b451bfdfb4c783e,4,Vague / Missing Context; Ambiguous References,187,0.892
676c9d5f9af6c41b9b451bfdfb4c783e,5,Vague / Missing Context,146,0.611
676c9d5f9af6c41b9b451bfdfb4c783e,6,Ambiguous References; Unnecessary Repetition,216,0.499
676c9d5f9af6c41b9b451bfdfb4c783e,7,Format Ambiguity,284,0.503
676c9d5f9af6c41b9b451bfdfb4c783e,8,Vague / Missing Context,152,0.564
e60ccb7000bc0f95a7284b4483aa0c73,1,Format Ambiguity,38,0.559
e60ccb7000bc0f95a7284b4483aa0c73,2,Vague / Missing Context; Format Ambiguity,37,0.793
e60ccb7000bc0f95a7284b4483aa0c73,3,Format Ambiguity,23,0.530
e60ccb7000bc0f95a7284b4483aa0c73,4,Vague / Missing Context; Format Ambiguity,42,0.778
e60ccb7000bc0f95a7284b4483aa0c73,7,Vague / Missing Context; Ambiguous References,24,0.745
e60ccb7000bc0f95a7284b4483aa0c73,8,Vague / Missing Context,31,0.588
e60ccb7000bc0f95a7284b4483aa0c73,9,Vague / Missing Context,79,0.632
e60ccb7000bc0f95a7284b4483aa0c73,10,Vague / Missing Context,94,0.663
e60ccb7000bc0f95a7284b4483aa0c73,11,Vague / Missing Context,94,0.696
e60ccb7000bc0f95a7284b4483aa0c73,12,Vague / Missing Context,102,0.739
e60ccb7000bc0f95a7284b4483aa0c73,13,Vague / Missing Context,17,0.507
e60ccb7000bc0f95a7284b4483aa0c73,14,Vague / Missing Context,33,0.563
e60ccb7000bc0f95a7284b4483aa0c73,15,Vague / Missing Context,38,0.562
e60ccb7000bc0f95a7284b4483aa0c73,16,Format Ambiguity,192,0.587
e60ccb7000bc0f95a7284b4483aa0c73,17,Ambiguous References,201,0.653
e60ccb7000bc0f95a7284b4483aa0c73,18,Ambiguous References,207,0.539
e60ccb7000bc0f95a7284b4483aa0c73,19,Conflicting Constraints,268,0.722
02f5798a701e0cda5c2abae693e0c0bc,1,Vague / Missing Context; Ambiguous References; Overloaded Prompt; Unnecessary Repetition,743,1.209
02f5798a701e0cda5c2abae693e0c0bc,2,Vague / Missing Context,150,0.563
b43c4b2fca3dfec9a8da6eebd542ff2e,1,Vague / Missing Context; Format Ambiguity,47,0.713
b43c4b2fca3dfec9a8da6eebd542ff2e,2,No Smell,272,0.603
b43c4b2fca3dfec9a8da6eebd542ff2e,3,Format Ambiguity,192,0.513
7c0dd4ce477a38c0a4e880e28b4566c4,1,Unnecessary Repetition; Format Ambiguity; Overloaded Prompt,2521,1.241
4e3a6bac4b1ba4786013fc7ec4b2a96f,1,Vague / Missing Context; Format Ambiguity,40,0.691
4e3a6bac4b1ba4786013fc7ec4b2a96f,2,Vague / Missing Context,66,0.494
2af3cf133b233e2a161c91c003a3c6b8,2,Vague / Missing Context,38,0.571
7ad7176488731047c4ebaf515c3a5748,1,Vague / Missing Context,28,0.520
8e4e37d8e0c238420d08ac90ed6c94da,1,Vague / Missing Context; Format Ambiguity,992,0.894
53b41ef9b670ad2d0f133d997c7f4379,1,Vague / Missing Context,36,0.540
88bddb51725da85fe382a74b082d6cf3,1,No Smell,1307,0.824
88bddb51725da85fe382a74b082d6cf3,3,Format Ambiguity,4000,2.684
cc40765d3bf4e6373a26f5d3a1f5fc18,1,Vague / Missing Context,177,0.650
cc40765d3bf4e6373a26f5d3a1f5fc18,2,Vague / Missing Context; Ambiguous References,23,0.767
0ff3b6eb3d71e841a117cd23b5a32291,1,Format Ambiguity,4000,2.685
543be03f56efa6a88619092bcd7bd6dd,1,Vague / Missing Context; Ambiguous References,52,0.693
543be03f56efa6a88619092bcd7bd6dd,2,Vague / Missing Context; Format Ambiguity,106,0.804
543be03f56efa6a88619092bcd7bd6dd,3,Vague / Missing Context; Formality / Audience Mismatch,27,0.758
8bc34302414c8c6590c1a7225507f124,1,Vague / Missing Context; Format Ambiguity,55,0.732
fb4edc001eacb1b2cbbea602533f0e35,1,Bias / Loaded Framing; Overloaded Prompt,3906,1.331
2f949ffa698bad5a02e0c7a2562b753d,1,Bias / Loaded Framing; Overloaded Prompt,3906,0.570
bf840896e23368c8ab071a1b6c79475c,1,Bias / Loaded Framing; Overloaded Prompt,3906,0.569
78af94a012305d950902d8d2c66bfe99,1,Conflicting Constraints,1007,0.966
78af94a012305d950902d8d2c66bfe99,2,Format Ambiguity,574,0.631
78af94a012305d950902d8d2c66bfe99,3,Format Ambiguity,479,0.597
971b713d5b87df19848f9efb74449841,1,Vague / Missing Context; Format Ambiguity,342,0.630
971b713d5b87df19848f9efb74449841,2,Conflicting Constraints,357,0.630
7fa57b5edb58608424cb678aade31e93,1,Vague / Missing Context; Format Ambiguity,69,0.685
7fa57b5edb58608424cb678aade31e93,2,Format Ambiguity; Vague / Missing Context,23,0.750
7fa57b5edb58608424cb678aade31e93,3,No Smell,260,0.462
7fa57b5edb58608424cb678aade31e93,4,Vague / Missing Context; Ambiguous References,18,0.787
7fa57b5edb58608424cb678aade31e93,5,Conflicting Constraints; Ambiguous References,65,0.816
7fa57b5edb58608424cb678aade31e93,6,Format Ambiguity,38,0.721
43ebfb629acc70f31d7b82bfd397479c,1,Vague / Missing Context,3031,1.186
8c6fb8c083ed56dc3976ad43002099c8,1,Ambiguous References; Overloaded Prompt,186,0.707
8c6fb8c083ed56dc3976ad43002099c8,2,Vague / Missing Context; Format Ambiguity,94,0.681
8c6fb8c083ed56dc3976ad43002099c8,3,Vague / Missing Context,154,0.499
8c6fb8c083ed56dc3976ad43002099c8,4,Ambiguous References; Format Ambiguity,127,0.898
8c6fb8c083ed56dc3976ad43002099c8,5,No Smell,592,0.643
8c6fb8c083ed56dc3976ad43002099c8,6,Ambiguous References; Unnecessary Repetition,84,0.777
8c6fb8c083ed56dc3976ad43002099c8,7,Ambiguous References; Overloaded Prompt,125,0.654
8c6fb8c083ed56dc3976ad43002099c8,8,Vague / Missing Context,76,0.640
8c6fb8c083ed56dc3976ad43002099c8,9,Overloaded Prompt; Unnecessary Repetition; Bias / Loaded Framing,2183,1.166
e919440ad79c023d6864751d8eb34ee2,1,Ambiguous References; Vague / Missing Context,11,0.861
e919440ad79c023d6864751d8eb34ee2,4,Vague / Missing Context,21,0.616
14516b61f2bf614fa60bd314e85e3d0e,1,Vague / Missing Context; Format Ambiguity,171,0.659
14516b61f2bf614fa60bd314e85e3d0e,2,Vague / Missing Context; Format Ambiguity,90,0.702
654c38f6e0392ac305506cc239c26c19,1,Ambiguous References; Overloaded Prompt,2465,1.381
654c38f6e0392ac305506cc239c26c19,2,Ambiguous References; Overloaded Prompt,1438,1.054
654c38f6e0392ac305506cc239c26c19,3,Overloaded Prompt,3583,1.368
654c38f6e0392ac305506cc239c26c19,4,Vague / Missing Context; Format Ambiguity,24,0.786
654c38f6e0392ac305506cc239c26c19,5,Vague / Missing Context,963,0.839
e5fd738fe791cd992935af694531903e,1,Format Ambiguity,4000,1.339
e5fd738fe791cd992935af694531903e,2,Overloaded Prompt,4000,1.450
e5fd738fe791cd992935af694531903e,3,Vague / Missing Context,85,0.667
dcd72e7212950a84fb0ab50c45654823,1,Conflicting Constraints,904,0.779
7cd7ea9440085ae18aaa13e8170f7420,1,Overloaded Prompt; Prompt Bloat / Convoluted Prompt,4000,1.671
682cb8f036b3e8fc6bc5284d27dcc52a,1,Ambiguous References; Unnecessary Repetition; Formality / Audience Mismatch,814,1.172
f9de752e851a330aeecebbde190d3402,1,Vague / Missing Context,725,0.645
f9de752e851a330aeecebbde190d3402,2,Format Ambiguity; Overloaded Prompt,752,0.839
f9de752e851a330aeecebbde190d3402,3,Ambiguous References; Overloaded Prompt,2794,1.329
f9de752e851a330aeecebbde190d3402,4,Vague / Missing Context,2854,1.282
7e98acf8d580ab5376f9eec01f9e23a6,1,Vague / Missing Context,134,0.565
769188843a3bf76dfb78d5f5c566f622,1,Unnecessary Repetition; Format Ambiguity,2277,0.999
9af9d5d604b76a1e8440a66600105081,1,Vague / Missing Context; Ambiguous References,54,0.740
569bfcb9b4fba3e0d957b9521cfa2563,1,Ambiguous References; Unnecessary Repetition,287,0.717
84e72c821536ca33543a1c2c21d20547,1,Vague / Missing Context; Format Ambiguity,1967,1.254
429e9df4df9ac86d9359e8bf63a655a4,1,Ambiguous References; Vague / Missing Context,400,0.599
2d89fc2e5e3bfc5dc98cc4f95df35876,1,Ambiguous References; Vague / Missing Context,400,0.453
372906dd10c4bc5572db91743cf22289,1,Vague / Missing Context; Format Ambiguity,128,0.738
372906dd10c4bc5572db91743cf22289,2,Vague / Missing Context,130,0.716
372906dd10c4bc5572db91743cf22289,3,Vague / Missing Context; Format Ambiguity,106,0.765
372906dd10c4bc5572db91743cf22289,4,Vague / Missing Context,200,0.608
372906dd10c4bc5572db91743cf22289,5,Ambiguous References; Vague / Missing Context,165,0.743
372906dd10c4bc5572db91743cf22289,6,Vague / Missing Context; Ambiguous References,68,0.801
372906dd10c4bc5572db91743cf22289,7,Vague / Missing Context,62,0.607
372906dd10c4bc5572db91743cf22289,8,Ambiguous References; Vague / Missing Context,146,0.775
372906dd10c4bc5572db91743cf22289,9,Vague / Missing Context; Ambiguous References,124,0.813
89ab341713385f64c4a985e3f6a30633,1,Vague / Missing Context; Ambiguous References,86,0.706
ec996b752bfcf6c7b1861761c5c8db6a,1,Format Ambiguity,697,0.805
ec996b752bfcf6c7b1861761c5c8db6a,2,Vague / Missing Context; Ambiguous References,24,0.935
ec996b752bfcf6c7b1861761c5c8db6a,3,Vague / Missing Context; Format Ambiguity,60,0.711
6579f9759fc590c13322df446f259f56,1,Ambiguous References; Vague / Missing Context,71,0.772
9d78d6d8a2609fd31f0013ef31fc8a6c,1,Vague / Missing Context; Format Ambiguity,4000,1.617
9d78d6d8a2609fd31f0013ef31fc8a6c,2,Format Ambiguity,51,0.654
9d78d6d8a2609fd31f0013ef31fc8a6c,3,Vague / Missing Context,4000,1.302
9d78d6d8a2609fd31f0013ef31fc8a6c,4,Ambiguous References; Overloaded Prompt,4000,1.415
dce48f1e173208d09ca01ec06e23b835,1,Ambiguous References; Vague / Missing Context,569,0.656
9413ddf42d3bab111ef97539150cd16c,1,Vague / Missing Context,587,0.644
e398bd027c2bb11b5970f068e5662119,1,Overloaded Prompt; Unnecessary Repetition,2674,1.344
e398bd027c2bb11b5970f068e5662119,2,Conflicting Constraints; Unnecessary Repetition,2704,1.161
109a14debb2c734aafa01e57245d3460,2,Vague / Missing Context; Format Ambiguity,29,0.747
5520b94c412ed7d2a6d8a2c3cdc08a32,1,Vague / Missing Context,587,0.643
e1bd5aaf5bdf6ce0389d5caa38d502e4,1,Ambiguous References; Vague / Missing Context,662,0.732
a4275006698a7b58c392d55a1fb6e48e,1,Vague / Missing Context; Ambiguous References,86,0.705
49958201ecddacd7893d205a8ef11582,1,Vague / Missing Context,40,0.541
49958201ecddacd7893d205a8ef11582,2,Vague / Missing Context; Ambiguous References,70,0.730
627c43c7bf734ff74c911de8f0c26b8a,1,Vague / Missing Context; Format Ambiguity,826,0.695
627c43c7bf734ff74c911de8f0c26b8a,3,Formality / Audience Mismatch,43,0.629
627c43c7bf734ff74c911de8f0c26b8a,5,Formality / Audience Mismatch,41,0.654
627c43c7bf734ff74c911de8f0c26b8a,9,Vague / Missing Context; Format Ambiguity,1374,0.760
627c43c7bf734ff74c911de8f0c26b8a,11,Vague / Missing Context; Format Ambiguity,16,0.821
627c43c7bf734ff74c911de8f0c26b8a,12,No Smell,20,0.473
627c43c7bf734ff74c911de8f0c26b8a,14,Vague / Missing Context,40,0.492
695c0a1feac232f6ef9e4024f2dd5ecc,1,Ambiguous References; Conflicting Constraints; Unnecessary Repetition,1752,0.999
841d0cbc372bc330512490fe0a2ae913,1,Vague / Missing Context,738,0.659
7660343226c2716241074f3ebd84dc97,1,Vague / Missing Context,738,0.439
62a9f953666e7a974cd03c05c6d685c7,1,Vague / Missing Context; Ambiguous References,86,0.704
bf9f3ae8bb2e9900cc6d14eca3d96429,1,Vague / Missing Context,738,0.658
025314e64cba6ce0e762400f70c957e0,1,Vague / Missing Context; Ambiguous References,63,0.703
39ce77c72946252b843ca29dbb019838,1,Vague / Missing Context; Ambiguous References,86,0.708
46f8deefa5b4a2fded045889851cadf7,1,Format Ambiguity; Overloaded Prompt,243,0.692
46f8deefa5b4a2fded045889851cadf7,2,Ambiguous References; Overloaded Prompt,170,0.764
c0618c761e5a1c0aff3b4eae7739105d,1,Conflicting Constraints,1007,0.966
c0618c761e5a1c0aff3b4eae7739105d,2,Vague / Missing Context,631,0.759
c0618c761e5a1c0aff3b4eae7739105d,3,Prompt Bloat / Convoluted Prompt,539,0.706
02d05bc2c8cbf68163609c06667d8deb,1,Vague / Missing Context; Format Ambiguity,615,0.712
02d05bc2c8cbf68163609c06667d8deb,2,Vague / Missing Context,1695,0.765
02d05bc2c8cbf68163609c06667d8deb,3,Ambiguous References; Vague / Missing Context,2636,1.020
02d05bc2c8cbf68163609c06667d8deb,4,Vague / Missing Context,673,0.587
02d05bc2c8cbf68163609c06667d8deb,5,Ambiguous References; Vague / Missing Context,53,0.812
02d05bc2c8cbf68163609c06667d8deb,6,Vague / Missing Context; Format Ambiguity,467,0.589
02d05bc2c8cbf68163609c06667d8deb,7,Conflicting Constraints; Irrelevant / Excessive Persona,55,0.721
980023c0e0fce52b3c84362425813c9a,1,Ambiguous References; Vague / Missing Context,119,0.815
701f246a3bbec1f280212b00b2649030,1,Vague / Missing Context,4000,1.302
e0afd19d761ecb8ffb926aef4507ca9e,1,Overloaded Prompt,2700,1.226
e0afd19d761ecb8ffb926aef4507ca9e,2,Vague / Missing Context,452,0.673
e0afd19d761ecb8ffb926aef4507ca9e,3,Vague / Missing Context,82,0.503
e0afd19d761ecb8ffb926aef4507ca9e,4,Ambiguous References; Vague / Missing Context,50,0.781
e0afd19d761ecb8ffb926aef4507ca9e,5,Vague / Missing Context; Format Ambiguity,133,0.688
e0afd19d761ecb8ffb926aef4507ca9e,6,Vague / Missing Context,122,0.665
e0afd19d761ecb8ffb926aef4507ca9e,7,Unnecessary Repetition,3025,1.135
5ac667e13a6f9aa528e1e08441aad421,1,Vague / Missing Context,1508,0.810
e59bd8f0fc4497d7547efdcc4152fef5,1,Vague / Missing Context,464,0.680
73f10c084be43e6da3c343fa1734f13a,1,Vague / Missing Context,472,0.558
73f10c084be43e6da3c343fa1734f13a,2,Vague / Missing Context; Format Ambiguity,564,0.624
64d5f122e2c0d8ec3dc9e80e8916d188,1,Vague / Missing Context; Format Ambiguity,104,0.789
245ce303cea269b9519d425acc87fe8a,1,No Smell,3155,1.310
29382b93be6e3dbe11075310e41ea5b8,1,Unnecessary Repetition; Conflicting Constraints; Ambiguous References,4000,1.534
8e36879f0329ff955c794d97c41504b9,1,Ambiguous References; Overloaded Prompt,161,0.799
8e36879f0329ff955c794d97c41504b9,2,Vague / Missing Context; Ambiguous References,28,0.615
8e36879f0329ff955c794d97c41504b9,3,Ambiguous References; Vague / Missing Context,98,0.728
77e2d4edba748ec6d5aa59b67f01c05a,1,Vague / Missing Context; Format Ambiguity,54,0.708
77e2d4edba748ec6d5aa59b67f01c05a,2,Ambiguous References; Vague / Missing Context,32,0.760
4155f2bd2867fc750a2d5e2ca5f08cc6,1,Ambiguous References; Overloaded Prompt,253,0.681
4155f2bd2867fc750a2d5e2ca5f08cc6,2,Vague / Missing Context,31,0.494
4155f2bd2867fc750a2d5e2ca5f08cc6,4,Vague / Missing Context,43,0.676
4155f2bd2867fc750a2d5e2ca5f08cc6,5,Vague / Missing Context,43,0.617
4155f2bd2867fc750a2d5e2ca5f08cc6,6,Vague / Missing Context,97,0.567
4155f2bd2867fc750a2d5e2ca5f08cc6,7,Ambiguous References; Vague / Missing Context,33,0.807
4155f2bd2867fc750a2d5e2ca5f08cc6,8,Ambiguous References; Overloaded Prompt,51,0.768
4155f2bd2867fc750a2d5e2ca5f08cc6,9,Unnecessary Repetition; Format Ambiguity,75,0.747
4155f2bd2867fc750a2d5e2ca5f08cc6,10,Vague / Missing Context,67,0.664
9ef10078f41d18b6d61a362da2f653cb,1,Vague / Missing Context; Format Ambiguity,1724,0.941
90ec52411eb7e0ebc6041a227847bdb6,1,Vague / Missing Context; Format Ambiguity,208,0.606
8996d0049ad78bb76f9c8a6bd688ba9d,1,Format Ambiguity,120,0.479
8996d0049ad78bb76f9c8a6bd688ba9d,3,Vague / Missing Context,156,0.557
8996d0049ad78bb76f9c8a6bd688ba9d,4,Conflicting Constraints,218,0.502
8996d0049ad78bb76f9c8a6bd688ba9d,5,Conflicting Constraints; Unnecessary Repetition,222,0.656
8996d0049ad78bb76f9c8a6bd688ba9d,6,Ambiguous References; Vague / Missing Context,85,0.757
8996d0049ad78bb76f9c8a6bd688ba9d,7,Conflicting Constraints; Ambiguous References,74,0.756
6ef4e10430e9b3d9323ca442db592836,1,Conflicting Constraints,1007,0.968
6ef4e10430e9b3d9323ca442db592836,2,Vague / Missing Context,639,0.739
6ef4e10430e9b3d9323ca442db592836,3,Prompt Bloat / Convoluted Prompt,539,0.709
4e4a30257640fb95f27ae5c821f58cd3,1,Unnecessary Repetition; Vague / Missing Context,4000,1.554
1cb37942d968e6b1aa03a783190d44fb,1,Ambiguous References,248,0.494
1cb37942d968e6b1aa03a783190d44fb,2,Unnecessary Repetition,27,0.568
1cb37942d968e6b1aa03a783190d44fb,3,Vague / Missing Context; Format Ambiguity,213,0.612
ba3b84be2cd6597b8558b718b25afb12,1,Format Ambiguity,4000,1.314
ba3b84be2cd6597b8558b718b25afb12,2,Ambiguous References; Vague / Missing Context,56,0.657
931a394230ea521e7573258d15e0ff9d,1,Format Ambiguity,3069,1.288
931a394230ea521e7573258d15e0ff9d,2,Ambiguous References; Overloaded Prompt,3102,1.346
931a394230ea521e7573258d15e0ff9d,3,Overloaded Prompt; Unnecessary Repetition,3054,1.405
931a394230ea521e7573258d15e0ff9d,4,Vague / Missing Context; Overloaded Prompt,379,0.847
931a394230ea521e7573258d15e0ff9d,5,No Smell,411,0.647
0d089c84e627cf7065c0db5b03761e11,1,Vague / Missing Context,4000,1.384
0d089c84e627cf7065c0db5b03761e11,2,Format Ambiguity,27,0.607
0d089c84e627cf7065c0db5b03761e11,3,Vague / Missing Context; Format Ambiguity,67,0.703
0d089c84e627cf7065c0db5b03761e11,4,Vague / Missing Context; Format Ambiguity,67,0.703
df03311eff36667a986ccb87b6923374,1,Vague / Missing Context; Ambiguous References,86,0.704
ff5bf7dd8390d160820d634aa098affc,1,Format Ambiguity,4000,1.390
ae2a83a1f375f1401e3e97fe226203f3,2,Vague / Missing Context,36,0.494
51166707235a1ca0ae5ab8e585dc1542,2,Vague / Missing Context,40,0.570
3183588b5f5c18fb0118c7e463169611,1,Overloaded Prompt; Unnecessary Repetition,1519,0.953
db72047207df73bc35bbec2f756f672d,1,Conflicting Constraints,1007,0.965
217ff16fb023168658795556c6262b7d,1,Format Ambiguity; Overloaded Prompt,1546,0.932
21435db40173437377af117c812d16f8,1,Vague / Missing Context,464,0.680
44f7c7d988bcfd590093c6c7d392991a,1,Vague / Missing Context; Format Ambiguity,213,0.614
44f7c7d988bcfd590093c6c7d392991a,2,Format Ambiguity; Overloaded Prompt,17,0.802
44f7c7d988bcfd590093c6c7d392991a,3,Vague / Missing Context; Format Ambiguity,180,0.614
44f7c7d988bcfd590093c6c7d392991a,4,Unnecessary Repetition,34,0.682
6449f421b1af4c801bb1981b1b961483,1,Vague / Missing Context; Format Ambiguity,4000,1.449
06a0ad2b41fbe164fc0649e3706fed70,1,Vague / Missing Context; Ambiguous References,120,0.670
5a4351f4361472cf7bc39c47690b19c4,1,Vague / Missing Context; Format Ambiguity,121,0.796
5a4351f4361472cf7bc39c47690b19c4,2,Ambiguous References; Vague / Missing Context,40,0.708
a7d0531905bd7c676109e317c9338c74,1,Vague / Missing Context; Format Ambiguity,116,0.794
a7d0531905bd7c676109e317c9338c74,2,Vague / Missing Context; Ambiguous References,137,0.662
cfc41d12f22de2ebb7d2770cde51dd9b,1,Vague / Missing Context,250,0.728
4777e8252a7b7db71f6394dc92f0f777,1,Format Ambiguity,113,0.525
4777e8252a7b7db71f6394dc92f0f777,2,Vague / Missing Context,21,0.699
4777e8252a7b7db71f6394dc92f0f777,3,Vague / Missing Context,183,0.575
4777e8252a7b7db71f6394dc92f0f777,4,Format Ambiguity,3301,1.414
4777e8252a7b7db71f6394dc92f0f777,5,Ambiguous References; Vague / Missing Context,98,0.931
4777e8252a7b7db71f6394dc92f0f777,6,Vague / Missing Context; Ambiguous References,70,0.733
4777e8252a7b7db71f6394dc92f0f777,7,Format Ambiguity,3310,1.414
4777e8252a7b7db71f6394dc92f0f777,8,Ambiguous References; Overloaded Prompt,1770,0.997
230a17b4e97d95fac97c4a734bfd5fa7,1,Vague / Missing Context,36,0.503
5d88301d584ab9f1f8085fdf86004444,1,Conflicting Constraints; Ambiguous References,1089,0.942
5d88301d584ab9f1f8085fdf86004444,2,Ambiguous References; Vague / Missing Context,53,0.739
5d88301d584ab9f1f8085fdf86004444,3,Overloaded Prompt,527,0.675
48cef2f01eaf767fded8ae280332bedc,1,Vague / Missing Context; Format Ambiguity,227,0.692
f443b28d33d4e126b54ac3ad98dbf7c7,1,Format Ambiguity,266,0.713
f443b28d33d4e126b54ac3ad98dbf7c7,2,Vague / Missing Context; Ambiguous References,102,0.703
f443b28d33d4e126b54ac3ad98dbf7c7,3,Vague / Missing Context,368,0.816
f443b28d33d4e126b54ac3ad98dbf7c7,4,Ambiguous References; Unnecessary Repetition,101,0.710
f443b28d33d4e126b54ac3ad98dbf7c7,5,Vague / Missing Context,332,0.611
f443b28d33d4e126b54ac3ad98dbf7c7,6,Vague / Missing Context,478,0.754
15a4fd63fc2fb9d67968ca09a4c824d4,1,Vague / Missing Context,9,0.559
15a4fd63fc2fb9d67968ca09a4c824d4,2,Vague / Missing Context,58,0.636
15a4fd63fc2fb9d67968ca09a4c824d4,3,Vague / Missing Context; Ambiguous References,59,0.696
15a4fd63fc2fb9d67968ca09a4c824d4,4,Format Ambiguity,41,0.663
15a4fd63fc2fb9d67968ca09a4c824d4,5,Vague / Missing Context; Ambiguous References,100,0.689
f5af8a4bd43cd29617991db2d95ab5bb,1,Vague / Missing Context,21,0.494
fea282be5a78f0d6973cae8de465bbfe,1,Vague / Missing Context,166,0.504
c81b89325eb53777cf1ec1135ddfaf8f,1,Vague / Missing Context,47,0.474
951392f185fffc326426677c574b351e,1,Ambiguous References; Overloaded Prompt; Vague / Missing Context,480,0.877
da0354bebabd4bbd687ba97fa805bb74,1,Vague / Missing Context; Unnecessary Repetition,747,0.953
44e9bb65071d06bf72821c375278fc50,1,Vague / Missing Context; Format Ambiguity,634,0.808
1421ad2e15058bfb60a2df122bd1583d,1,Conflicting Constraints; Ambiguous References,1089,0.941
1421ad2e15058bfb60a2df122bd1583d,2,Ambiguous References; Vague / Missing Context,53,0.737
2645c8ff43df36533a35f2181bdb346f,1,Vague / Missing Context; Ambiguous References,40,0.683
895081527702c290deeb02f3888051c8,2,Format Ambiguity,107,0.780
e532068dff04599b49a14a2dcea07b44,1,Format Ambiguity; Overloaded Prompt,684,0.752
40dc954680a73bbe8f62e0d2b4e7a1b9,1,Irrelevant / Excessive Persona,3662,1.436
514bcd1f05f28475d98ca61cf40c7df1,1,Vague / Missing Context,42,0.588
4ecfb62c9829262af13576f47b7115ae,1,Irrelevant / Excessive Persona,825,0.830
57a24b9ddc09293f98687d1e1cbc4395,1,Ambiguous References; Vague / Missing Context,49,0.672
57a24b9ddc09293f98687d1e1cbc4395,2,Vague / Missing Context,50,0.629
08af82513fa61dc4e148bd06c89fe133,1,Vague / Missing Context,389,0.595
08af82513fa61dc4e148bd06c89fe133,2,Vague / Missing Context; Format Ambiguity,155,0.707
2fe9fce8649119707a05d48a52cc736f,4,Vague / Missing Context; Format Ambiguity,126,0.624
1a8960172d0f0ffbb94a8ffc9751f610,1,Format Ambiguity,1283,0.674
3a84ad59ca5b0e2545b458e0068d4bfa,1,Format Ambiguity,61,0.611
f443b5e53a79f01685765ea5c4a5f91e,1,Ambiguous References; Unnecessary Repetition,1188,0.926
a59b4b976a24b9f74d4eab02ed141b8c,1,Unnecessary Repetition; Format Ambiguity,2053,1.021
1805293fb4f1c3ae39bbaab5d9fb625e,1,Format Ambiguity,667,0.602
33f0f2f8773fbf2316be15b5137a7799,1,No Smell,4000,1.236
33f0f2f8773fbf2316be15b5137a7799,2,Vague / Missing Context,52,0.675
33f0f2f8773fbf2316be15b5137a7799,3,Ambiguous References; Vague / Missing Context,79,0.744
33f0f2f8773fbf2316be15b5137a7799,4,No Smell,15,0.607
33f0f2f8773fbf2316be15b5137a7799,5,Format Ambiguity,4000,1.208
ee0cf02eb781b3d551d90d2b2f940655,1,Ambiguous References; Unnecessary Repetition,1235,0.919
0769a078d1c5c65fa2955d7e71ce589e,1,Ambiguous References; Conflicting Constraints; Unnecessary Repetition,1642,1.116
72f88d6705e54477b2c9e56fcac2a9fd,1,Irrelevant / Excessive Persona,1290,0.796
51bc669b97949b32b584a21c915accb4,1,Vague / Missing Context,4000,1.438
51bc669b97949b32b584a21c915accb4,2,Ambiguous References; Overloaded Prompt,4000,1.451
f70407cf3670b423785d0afea2492150,2,Ambiguous References; Vague / Missing Context,166,0.518
f70407cf3670b423785d0afea2492150,3,Vague / Missing Context,189,0.520
f70407cf3670b423785d0afea2492150,4,Vague / Missing Context,220,0.521
f70407cf3670b423785d0afea2492150,5,Ambiguous References; Vague / Missing Context,277,0.552
f70407cf3670b423785d0afea2492150,6,Ambiguous References; Vague / Missing Context,330,0.562
47adda60ca66079df77f9a0252ba63f2,1,Format Ambiguity,624,0.738
3bb5cac0741cf1c64a26f9fc6c722837,1,No Smell,645,0.605
3bb5cac0741cf1c64a26f9fc6c722837,2,Ambiguous References; Overloaded Prompt,18,0.606
3bb5cac0741cf1c64a26f9fc6c722837,3,Ambiguous References; Vague / Missing Context,52,0.752
3bb5cac0741cf1c64a26f9fc6c722837,4,No Smell,383,0.512
ede6219f4da9c473a4fb3d7a109817cb,1,Irrelevant / Excessive Persona,1295,0.795
8772b0f847f34f8c2fd5622b9fbbc702,1,Vague / Missing Context,940,0.615
a6a48f6e14bb41f081cd460f56ff563d,1,Irrelevant / Excessive Persona,1295,0.796
7dd6e3ea500301333559a11004f8a683,1,Irrelevant / Excessive Persona,1295,0.411
7dc0ea55865c716f8b3f8d8bceb3fb0a,1,Vague / Missing Context; Format Ambiguity,553,1.030
5f6b0f936266fd24f27f199583e7dfcf,1,Vague / Missing Context,269,0.548
5f6b0f936266fd24f27f199583e7dfcf,2,Vague / Missing Context,55,0.579
5f6b0f936266fd24f27f199583e7dfcf,3,Vague / Missing Context; Format Ambiguity,33,0.756
5f6b0f936266fd24f27f199583e7dfcf,4,Vague / Missing Context,51,0.637
5f6b0f936266fd24f27f199583e7dfcf,5,Vague / Missing Context,19,0.559
5f6b0f936266fd24f27f199583e7dfcf,6,No Smell,15,0.626
5f6b0f936266fd24f27f199583e7dfcf,7,Vague / Missing Context,39,0.475
b29a61dc31e104f87c51378d7538f548,1,Ambiguous References,1446,0.790
e17cd9631f50512d9703722d77e8a4f6,1,Ambiguous References,1446,0.365
276a0785a1c4e24bea369df051727391,1,Ambiguous References; Unnecessary Repetition,1455,1.124
be081e809d452a51f7cd53e5c77ddf97,1,Ambiguous References; Unnecessary Repetition,1455,1.147
96e131e8aed3439d8abe50940043b75d,1,Ambiguous References; Unnecessary Repetition,1455,0.699
38f98fc65bff90bcf805891d13783e6d,1,Vague / Missing Context; Ambiguous References,35,0.721
c3f4a5fb7b24e1ede8b91695dfd5048b,1,Unnecessary Repetition; Conflicting Constraints,4000,1.691
4f1ea10603f8787a8451c365c656e0d9,1,Unnecessary Repetition; Conflicting Constraints,4000,0.676
a78afc983e30fe14f654c8764f548bb7,1,Ambiguous References; Unnecessary Repetition,1591,1.027
a78afc983e30fe14f654c8764f548bb7,2,Ambiguous References; Vague / Missing Context,53,0.739
a78afc983e30fe14f654c8764f548bb7,3,Overloaded Prompt; Prompt Bloat / Convoluted Prompt,553,1.136
a78afc983e30fe14f654c8764f548bb7,4,Vague / Missing Context,123,0.533
020d0a1cd3e1475ddd472219a772219a,1,Unnecessary Repetition; Conflicting Constraints,4000,1.695
e05d7ae65479d2425594d12f1ef872a7,1,Unnecessary Repetition; Conflicting Constraints,4000,0.674
34da679e1f4cf9f4793b45d241994070,1,Ambiguous References; Unnecessary Repetition,1591,0.933
34da679e1f4cf9f4793b45d241994070,2,Ambiguous References; Vague / Missing Context,53,0.741
34da679e1f4cf9f4793b45d241994070,3,Overloaded Prompt,527,0.675
34da679e1f4cf9f4793b45d241994070,4,Vague / Missing Context,123,0.532
636e6ef3f184b823007e309f3bec98ab,1,Unnecessary Repetition; Conflicting Constraints,4000,1.691
b504cd0e3f5e7ebdaefe883902ffb673,1,Vague / Missing Context,723,0.746
2e30c9b8b8374528003c51d79123ba6d,1,Ambiguous References; Overloaded Prompt,741,0.805
78ff696c036a8122440791429d99f9e3,1,Ambiguous References; Vague / Missing Context,31,0.659
ec6e8ea65c53a477d0a5f701a984bfa5,1,Ambiguous References; Unnecessary Repetition,1591,0.933
ec6e8ea65c53a477d0a5f701a984bfa5,2,Ambiguous References; Vague / Missing Context,53,0.738
ec6e8ea65c53a477d0a5f701a984bfa5,3,Overloaded Prompt; Format Ambiguity,649,1.090
ec6e8ea65c53a477d0a5f701a984bfa5,4,Vague / Missing Context,194,0.687
05999ea9d1bfc5df96ede7602ac77b96,1,Vague / Missing Context,132,0.809
05999ea9d1bfc5df96ede7602ac77b96,2,Format Ambiguity,26,0.504
2753cf6e6855e9221a9b7a5e47113b2e,1,Format Ambiguity,4000,1.345
2753cf6e6855e9221a9b7a5e47113b2e,2,Ambiguous References; Vague / Missing Context,87,0.757
2753cf6e6855e9221a9b7a5e47113b2e,3,Vague / Missing Context; Format Ambiguity,44,0.673
2753cf6e6855e9221a9b7a5e47113b2e,4,Vague / Missing Context; Format Ambiguity,124,0.701
2753cf6e6855e9221a9b7a5e47113b2e,5,Format Ambiguity,456,0.784
2753cf6e6855e9221a9b7a5e47113b2e,6,Format Ambiguity,26,0.672
2753cf6e6855e9221a9b7a5e47113b2e,7,Vague / Missing Context,38,0.674
d0b83914cab8d6978ed52f4d2379893e,1,Format Ambiguity; Unnecessary Repetition,354,0.826
d0b83914cab8d6978ed52f4d2379893e,2,Format Ambiguity; Unnecessary Repetition,354,0.658
d0b83914cab8d6978ed52f4d2379893e,3,Format Ambiguity; Prompt Bloat / Convoluted Prompt,354,0.783
d0b83914cab8d6978ed52f4d2379893e,4,Format Ambiguity,310,0.604
c34fa42fe0dded09c2d8470c22d14716,1,Ambiguous References; Vague / Missing Context,64,0.636
e82bfa429468dff67e4d8f2d4604ac3e,1,Format Ambiguity,309,0.602
e82bfa429468dff67e4d8f2d4604ac3e,2,Format Ambiguity; Unnecessary Repetition,354,0.826
8d339f4d74ac3bec7605505d0243d4ea,1,Vague / Missing Context; Format Ambiguity,46,0.713
d16f83c3826d9c031706756605ec3616,1,Ambiguous References; Unnecessary Repetition,1591,0.933
d16f83c3826d9c031706756605ec3616,2,Vague / Missing Context; Format Ambiguity,65,0.702
d16f83c3826d9c031706756605ec3616,3,Ambiguous References; Conflicting Constraints,464,0.816
d16f83c3826d9c031706756605ec3616,4,Vague / Missing Context; Format Ambiguity,206,0.670
fab52f6102b5fa2d884f07c10da6618f,1,Format Ambiguity; Unnecessary Repetition,354,0.828
fab52f6102b5fa2d884f07c10da6618f,2,Format Ambiguity,299,0.594
fab52f6102b5fa2d884f07c10da6618f,3,Format Ambiguity,328,0.606
c98eb3d2c443b1f941e411837ee60d76,1,Ambiguous References; Vague / Missing Context,56,0.884
2090c0f6204b29d90c9f7377b4d3cab4,2,Format Ambiguity,26,0.523
4ccff7468d3b93777bf711ee3471697b,1,Conflicting Constraints; Vague / Missing Context,394,0.747
74282ff13a63e51bc5e8e3a97696d63f,1,Ambiguous References,296,0.533
b2ac5d3a698402202490680373072869,1,Vague / Missing Context; Format Ambiguity,38,0.844
b2ac5d3a698402202490680373072869,2,Vague / Missing Context,119,0.535
b2ac5d3a698402202490680373072869,3,Vague / Missing Context,129,0.556
b2ac5d3a698402202490680373072869,4,Vague / Missing Context,163,0.764
dedd68d6adb91b9d8b44878954dc8118,1,Vague / Missing Context,319,0.606
62b845f7f7d7bb108666fa9f20597b9d,1,Unnecessary Repetition,4000,1.395
62b845f7f7d7bb108666fa9f20597b9d,2,Unnecessary Repetition; Ambiguous References,39,0.607
62b845f7f7d7bb108666fa9f20597b9d,3,Formality / Audience Mismatch,14,0.776
21313f9c1996f931f98ad7ade62747d2,1,Vague / Missing Context,354,0.607
a5bdf6dd22d1a48aa3ba17393158b73f,1,Vague / Missing Context; Format Ambiguity,110,0.724
a5bdf6dd22d1a48aa3ba17393158b73f,2,Vague / Missing Context; Ambiguous References,111,0.747
a5bdf6dd22d1a48aa3ba17393158b73f,3,Vague / Missing Context; Format Ambiguity,110,0.709
a5bdf6dd22d1a48aa3ba17393158b73f,4,Vague / Missing Context; Ambiguous References,89,0.857
a5bdf6dd22d1a48aa3ba17393158b73f,5,Vague / Missing Context; Ambiguous References,89,0.790
a5bdf6dd22d1a48aa3ba17393158b73f,6,Vague / Missing Context,107,0.483
3892f433d3565bc6683aa7c5df0aadba,1,Vague / Missing Context; Ambiguous References,180,0.542
cef46af2a9161d6c6734cf648d327d84,1,Vague / Missing Context,189,0.635
111e1b90e63911443c0e5b33f9f6c41e,1,Format Ambiguity,185,0.801
07604129b49f0bf822466f35573b6798,1,Ambiguous References; Unnecessary Repetition,1247,1.104
a21e394f7617d05905ee05dd23b57230,1,Ambiguous References; Overloaded Prompt,4000,1.587
a21e394f7617d05905ee05dd23b57230,2,Ambiguous References; Vague / Missing Context,27,0.880
57cb02c7ab9bceb494ee2be524cf6aad,1,Format Ambiguity,185,0.800
e4093d20053a32d89c15abba07df0a40,1,Vague / Missing Context; Format Ambiguity,46,0.735
65c7f787c597e72d47501f814c5c6ce5,3,No Smell,64,0.523
0c06fb0f35b274f13dcd678907500893,1,Vague / Missing Context; Ambiguous References,210,1.014
4f3352268eae854b4a276de985ca4f50,1,Vague / Missing Context; Ambiguous References,209,0.925
7f59583df47f4c323941c1ac30d965df,1,Ambiguous References; Vague / Missing Context,417,0.734
07ca17535781e9af31ca098bb1fac9ae,1,Vague / Missing Context; Ambiguous References,209,1.015
de312fa83fc07161fc264b5398c31c20,1,Vague / Missing Context; Ambiguous References,208,0.767
9516be5e654311bf39ca437201c46e00,1,Ambiguous References; Vague / Missing Context,412,0.694
dd9dcf3ae1fb0be78f08711e634f7e5d,1,Vague / Missing Context,402,0.634
a8e8e8d83857a3b410667428e81f9f1f,1,Ambiguous References; Vague / Missing Context,412,0.695
18effa3b4cd91b2b1555734a8c8d438a,1,Vague / Missing Context,746,0.694
02a334a163351e6ada47775f7f34cf92,2,Vague / Missing Context,26,0.684
e88f425f110e7ac59b9ce7203d250497,1,Vague / Missing Context; Format Ambiguity,457,0.646
c0cf6378e512001daadd6f2cf80eae24,1,Vague / Missing Context,746,0.691
7f4a83919ee3d06b3fc6cece8bda763e,1,Ambiguous References,862,0.684
322ded381cce666aa86dac2b97688cc1,1,Ambiguous References; Overloaded Prompt,529,0.681
049959debe662174168fe98db0c9c55a,1,Ambiguous References,882,0.685
07e2e7f9bfca9272ed5f7057a06fa526,1,Format Ambiguity; Overloaded Prompt,1433,0.994
a1c516cf34b6ae35b2768619301b8507,1,Ambiguous References,888,0.686
097b61623d11fab9f3f3970f47c801d2,1,Vague / Missing Context; Format Ambiguity,288,0.578
097b61623d11fab9f3f3970f47c801d2,2,Vague / Missing Context; Format Ambiguity,287,0.726
097b61623d11fab9f3f3970f47c801d2,3,Vague / Missing Context,297,0.532
3c6e0b8aa35cab1f329164073a5ccba6,1,Ambiguous References,930,0.695
a5d07b405041cbc6cfcc3b08ab4c3f84,1,Ambiguous References,899,0.688
2013b1f7eb6db657685ad90bc5e2e7b1,1,Vague / Missing Context; Format Ambiguity,231,0.686
e3e73c856978fd0036e80f614f239e66,1,Vague / Missing Context; Ambiguous References,44,0.673
f3cac5c25944b225904731f6c9f2190c,1,Vague / Missing Context; Format Ambiguity,231,0.686
5cda33098eac3e4f102d02aabad9e7d5,1,Vague / Missing Context; Format Ambiguity,223,0.690
875995f9362411d4e6de4acd0b895eec,1,Vague / Missing Context,527,0.665
fa0722770655bf100d263739d1b1f61e,1,Vague / Missing Context,539,0.684
828f3b08c2d61d659f88456e817fa084,1,Vague / Missing Context; Format Ambiguity,207,0.703
51c57a0da0581ae80a3625a8244963d3,1,Vague / Missing Context; Format Ambiguity,205,0.707
a3c7368d7274d5b9cb66208d46e8f991,4,Ambiguous References; Vague / Missing Context,33,0.872
88faa396a348a4431cb1909fb2cc075d,1,Vague / Missing Context,634,0.652
88faa396a348a4431cb1909fb2cc075d,2,Vague / Missing Context,552,0.683
b1b23b45f3d6c8c5b8910e3cc68ebc67,1,Vague / Missing Context; Ambiguous References; Format Ambiguity; Overloaded Prompt; Prompt Bloat / Convoluted Prompt; Unnecessary Repetition; Bias / Loaded Framing,206,1.233
3450964a110033db826343419ee325cd,1,Format Ambiguity,206,0.641
5e28dc6fdf8d64467b8ece464e22ba86,1,Format Ambiguity,194,0.582
b185d8c81f0ee4b1efd25cb27414437f,1,Vague / Missing Context,575,0.666
08c273f23c1a86fd5ec1bfa413690d18,1,Vague / Missing Context,278,0.561
08c273f23c1a86fd5ec1bfa413690d18,2,Vague / Missing Context; Format Ambiguity,53,0.796
5616e65d0fea30d61799e4ce68880d94,1,Vague / Missing Context; Format Ambiguity,37,0.748
08476ca0445709615a6ecefd66a616ee,1,Format Ambiguity,196,0.609
c817239b8dc309493ee0e6b640708d83,1,Vague / Missing Context,603,0.841
c389906b1584b25de4790f358ab16b18,1,Vague / Missing Context,287,0.563
e7602808796afe88b902090b0ebf5ac5,2,Vague / Missing Context; Format Ambiguity,60,0.601
82c3eeb4224c6092913e62880537df9d,1,Vague / Missing Context; Format Ambiguity,605,0.775
eafa18c96eca31a96aec4872178ad482,1,Vague / Missing Context,137,0.556
eafa18c96eca31a96aec4872178ad482,2,Vague / Missing Context,144,0.558
eafa18c96eca31a96aec4872178ad482,3,Format Ambiguity,197,0.626
eafa18c96eca31a96aec4872178ad482,4,Format Ambiguity,261,0.648
eafa18c96eca31a96aec4872178ad482,5,Vague / Missing Context,380,0.596
eafa18c96eca31a96aec4872178ad482,6,Vague / Missing Context,524,0.891
eafa18c96eca31a96aec4872178ad482,7,Vague / Missing Context,607,0.775
eafa18c96eca31a96aec4872178ad482,8,Conflicting Constraints,674,0.722
eafa18c96eca31a96aec4872178ad482,9,Conflicting Constraints,696,0.665
c9f06b8ba76fdbb0470d5126e413e745,1,Vague / Missing Context,634,0.699
3c291f3e5b1ec287f5d5d49705cc3f01,1,Vague / Missing Context,637,0.775
d898302b9607842f6110906d34985286,1,Vague / Missing Context,289,0.561
d898302b9607842f6110906d34985286,2,Vague / Missing Context; Format Ambiguity,53,0.794
3853436543afd53c38198002ad698e8c,1,Vague / Missing Context,83,0.864
1c30191a53cd4638288a92af7d56c61d,1,Vague / Missing Context,3062,1.091
1c30191a53cd4638288a92af7d56c61d,2,Vague / Missing Context; Ambiguous References; Overloaded Prompt; Prompt Bloat / Convoluted Prompt; Unnecessary Repetition; Conflicting Constraints,3141,1.759
8fc73cd8c9cb3d6c27245c8a11633b89,1,Format Ambiguity,646,0.652
bb8cac9c93e59df5c4bb039e13bbad08,1,Format Ambiguity,204,0.611
b4422c075a468cd3f5ae3b45a5141d16,1,Vague / Missing Context; Format Ambiguity,195,0.795
82a8425f6de97ed8508ce530371a7f3e,1,Vague / Missing Context; Format Ambiguity,78,0.711
b7ea14efa45f6464673e14bad3660471,1,Vague / Missing Context,59,0.513
b7ea14efa45f6464673e14bad3660471,2,Vague / Missing Context; Ambiguous References; Format Ambiguity,799,0.846
b7ea14efa45f6464673e14bad3660471,3,No Smell,91,0.447
b7ea14efa45f6464673e14bad3660471,4,Conflicting Constraints; Overloaded Prompt,321,0.647
b7ea14efa45f6464673e14bad3660471,5,Vague / Missing Context; Unnecessary Repetition,598,0.847
b7ea14efa45f6464673e14bad3660471,6,Formality / Audience Mismatch,106,0.739
b7ea14efa45f6464673e14bad3660471,7,Formality / Audience Mismatch; Unnecessary Repetition,106,0.835
70655e45841743b21b0a0058bf8ddb9b,1,Vague / Missing Context; Ambiguous References,34,0.730
70655e45841743b21b0a0058bf8ddb9b,2,No Smell,10,0.539
b19df29f2a058cf90171567d4eb82ce2,1,Format Ambiguity,685,0.596
33b02d549ff55ac88b87f9837a210708,1,Vague / Missing Context; Format Ambiguity,236,0.802
967bd49f5d97ec68baa8f438c5d88f80,1,No Smell,30,0.587
eeb74df17287b35188256b82bd2749a3,1,Format Ambiguity,702,0.622
6a605d5a935dead394982d5f612008ba,1,Format Ambiguity,649,0.671
c83e4a63ba064e9040f7527e56cdf0d3,1,Vague / Missing Context,291,0.559
c83e4a63ba064e9040f7527e56cdf0d3,2,Vague / Missing Context; Format Ambiguity,90,0.698
c83e4a63ba064e9040f7527e56cdf0d3,3,Ambiguous References; Format Ambiguity,48,0.776
053c4a93d892c319f970c6a6f1335044,1,Vague / Missing Context,240,0.554
053c4a93d892c319f970c6a6f1335044,2,Vague / Missing Context; Ambiguous References,71,0.685
053c4a93d892c319f970c6a6f1335044,3,Vague / Missing Context; Ambiguous References,66,0.655
053c4a93d892c319f970c6a6f1335044,4,Vague / Missing Context; Format Ambiguity,35,0.786
053c4a93d892c319f970c6a6f1335044,5,Ambiguous References; Overloaded Prompt,43,0.634
0a098ebd3b1b0616230604c66fdd4df4,2,No Smell,22,0.406
0a098ebd3b1b0616230604c66fdd4df4,3,Vague / Missing Context; Ambiguous References,95,0.677
0a098ebd3b1b0616230604c66fdd4df4,4,Vague / Missing Context; Format Ambiguity,31,0.730
0a098ebd3b1b0616230604c66fdd4df4,6,Format Ambiguity,69,0.627
0a098ebd3b1b0616230604c66fdd4df4,9,Vague / Missing Context,26,0.529
0a098ebd3b1b0616230604c66fdd4df4,10,Ambiguous References; Format Ambiguity,37,0.688
0a098ebd3b1b0616230604c66fdd4df4,11,Vague / Missing Context; Format Ambiguity,46,0.746
0a098ebd3b1b0616230604c66fdd4df4,12,Format Ambiguity,71,0.688
0a098ebd3b1b0616230604c66fdd4df4,13,Ambiguous References; Vague / Missing Context,80,0.837
0a098ebd3b1b0616230604c66fdd4df4,14,Vague / Missing Context; Format Ambiguity,30,0.729
0a098ebd3b1b0616230604c66fdd4df4,15,Vague / Missing Context; Format Ambiguity,52,0.615
0a098ebd3b1b0616230604c66fdd4df4,16,Vague / Missing Context,43,0.530
0a098ebd3b1b0616230604c66fdd4df4,17,Vague / Missing Context; Format Ambiguity,109,0.746
0a098ebd3b1b0616230604c66fdd4df4,18,Ambiguous References; Vague / Missing Context,43,0.682
0a098ebd3b1b0616230604c66fdd4df4,19,Vague / Missing Context; Format Ambiguity,55,0.702
ef8cb74abd62475a2fef22269ea338f4,1,Format Ambiguity,674,0.675
c10be9e563339cc02f6cb8faea9ee2c9,1,Ambiguous References; Vague / Missing Context,43,0.719
c10be9e563339cc02f6cb8faea9ee2c9,2,Vague / Missing Context; Format Ambiguity,75,0.776
5dee1d8f2da3fb34eab034ef7aa5d78f,1,Vague / Missing Context,325,0.564
ea2a0aaf9db4288875ee84a7b2317f21,1,Formality / Audience Mismatch,370,0.714
49d1405254688e9d4a85bd2f61db6017,1,Vague / Missing Context,139,0.539
49d1405254688e9d4a85bd2f61db6017,2,Vague / Missing Context; Ambiguous References,95,0.694
49d1405254688e9d4a85bd2f61db6017,3,Unnecessary Repetition; Ambiguous References,55,0.713
49d1405254688e9d4a85bd2f61db6017,4,Vague / Missing Context,94,0.700
49d1405254688e9d4a85bd2f61db6017,5,Vague / Missing Context; Ambiguous References,66,0.675
49d1405254688e9d4a85bd2f61db6017,6,Vague / Missing Context,39,0.625
90ab7cd637c0eed7575cb988c6512f4d,1,Format Ambiguity,695,0.623
82c3408d5711ecd7f0f6a352aab02839,1,Format Ambiguity,649,0.619
aaee0713473a8232f300c584df683583,1,Vague / Missing Context; Format Ambiguity,425,0.681
aaee0713473a8232f300c584df683583,2,Vague / Missing Context; Format Ambiguity,65,0.739
35cbbf390fbb63457631ac8c7554ffde,1,Vague / Missing Context,34,0.522
f8dbffdfc58b04e08fac8b0184e27e01,1,Format Ambiguity,669,0.643
095389d544cf5d87d73c6db09a003b63,1,Vague / Missing Context; Format Ambiguity,48,0.645
f08ff8291096f2a28a242b7cf888b9d6,3,Format Ambiguity; Ambiguous References,23,0.749
f08ff8291096f2a28a242b7cf888b9d6,4,Vague / Missing Context; Format Ambiguity,19,0.720
f08ff8291096f2a28a242b7cf888b9d6,6,Vague / Missing Context,275,0.542
f08ff8291096f2a28a242b7cf888b9d6,7,Vague / Missing Context,18,0.585
f08ff8291096f2a28a242b7cf888b9d6,11,No Smell,244,0.438
1c8cf6e36665c7028d051d67a2d8d588,1,Vague / Missing Context,212,0.766
a95bf561e5b072e02ec11f4fe9657812,2,Vague / Missing Context,21,0.396
a95bf561e5b072e02ec11f4fe9657812,3,Vague / Missing Context,44,0.686
ad426bea7e18969c0ae966fd90ff21aa,1,Format Ambiguity,666,0.691
72e96869a0f54d10bd0b44c70459f3e3,1,Vague / Missing Context,259,0.572
bca4719584567e1bc922854df872b244,1,Format Ambiguity,682,0.665
996bcbf0ba1d7123fd310fcf1d62e980,1,Vague / Missing Context,226,0.680
996bcbf0ba1d7123fd310fcf1d62e980,2,Vague / Missing Context,50,0.504
73a374713fe0be0ddfd9160c22c738e0,1,Vague / Missing Context,216,0.530
96bbb3c8e984f9b39d9575ede35f47f7,1,Vague / Missing Context; Format Ambiguity,794,0.816
96bbb3c8e984f9b39d9575ede35f47f7,2,Vague / Missing Context; Format Ambiguity,805,0.816
1315e5a6ba69563b925c4d21ac4319a1,1,Vague / Missing Context; Format Ambiguity,805,0.817
1ba66065101d84b02a1330f4dde2521f,1,Format Ambiguity,688,0.665
4e82c142da688268e5778653c44eda37,1,Vague / Missing Context,342,0.559
e51f7b0bdd4b2fab4222e4f4b5bd2ba7,1,Vague / Missing Context; Format Ambiguity,82,0.665
168c3814dafe903c5c96d94e345ce0b2,1,Vague / Missing Context; Format Ambiguity,425,0.681
168c3814dafe903c5c96d94e345ce0b2,2,Vague / Missing Context; Format Ambiguity,53,0.793
168c3814dafe903c5c96d94e345ce0b2,3,Format Ambiguity,13,0.680
1ae7d0c88fe72d89afa20cff9bef27e5,1,Vague / Missing Context,343,0.622
b1e80cecffb6e2a0d74d3f118ff8dd36,1,Overloaded Prompt,2509,1.167
80f08d1a611cb040d70184e0a5f12671,1,Vague / Missing Context; Format Ambiguity,806,0.846
ce3fabca43492ac8a0b0209e8e858be5,1,Vague / Missing Context; Format Ambiguity,809,0.897
377cc569fcb0c3863be49e6d28a72d7a,1,Vague / Missing Context; Format Ambiguity,53,0.757
377cc569fcb0c3863be49e6d28a72d7a,2,Vague / Missing Context; Format Ambiguity,49,0.855
377cc569fcb0c3863be49e6d28a72d7a,3,Vague / Missing Context,58,0.504
94377d31d0456bbd3b84bdff9f3f39f4,1,Vague / Missing Context; Format Ambiguity,794,0.816
94377d31d0456bbd3b84bdff9f3f39f4,2,Vague / Missing Context; Format Ambiguity,794,0.588
8836698304de740fcacf89a8619bc222,1,Vague / Missing Context,395,0.595
f9879866fa52379d7061c97bfaa68130,1,Vague / Missing Context; Format Ambiguity,794,0.815
2ab23291c9c170b18b709cc603e08fdf,1,Vague / Missing Context; Format Ambiguity,830,0.895
cafdaae7fe97fdcadda45f7852d27066,1,Vague / Missing Context,357,0.746
6111efc1df9f0cf295b2b571a831c90d,1,Format Ambiguity,877,0.790
43fadb7346fdaef98e87bdc1f741145e,1,Vague / Missing Context,357,0.746
cc6f164fe603b81c6c186a2ca047b4ba,1,Format Ambiguity,878,0.790
994bfec1ebb369936837975fbfadce44,1,Vague / Missing Context,33,0.492
83cecb006b8732393651e4750e33f32b,1,Ambiguous References; Vague / Missing Context,839,0.678
f3a439b194779cc9f197fd08d2f44d43,1,Vague / Missing Context,32,0.533
2200dd17a061b65848b4a8df6e026aec,1,Vague / Missing Context,374,0.747
0fa110b93efa80df302ad6297cf9f666,1,Vague / Missing Context; Format Ambiguity,401,0.833
93d7a0d67eb5440566f0eef711ab178c,1,Vague / Missing Context; Format Ambiguity,82,0.670
93d7a0d67eb5440566f0eef711ab178c,2,Format Ambiguity; Overloaded Prompt,107,0.709
7338c68017fc4611674c21419afff385,1,Vague / Missing Context; Format Ambiguity,80,0.665
7338c68017fc4611674c21419afff385,2,Vague / Missing Context,379,0.684
7338c68017fc4611674c21419afff385,3,Vague / Missing Context; Format Ambiguity,31,0.730
7338c68017fc4611674c21419afff385,4,Vague / Missing Context; Format Ambiguity,32,0.739
7338c68017fc4611674c21419afff385,5,Vague / Missing Context,43,0.597
7338c68017fc4611674c21419afff385,6,Vague / Missing Context; Format Ambiguity,34,0.684
7338c68017fc4611674c21419afff385,7,Vague / Missing Context; Format Ambiguity,35,0.763
7338c68017fc4611674c21419afff385,8,Vague / Missing Context,30,0.646
2d0aa2802de7c1b82d3043cee77809b7,1,Format Ambiguity,895,0.772
0ec3ed22da39577fa0b6ffa0ec03df11,1,Format Ambiguity,910,0.756
3c8161139f67130d90a2968fe3a8dc1b,1,Vague / Missing Context,11,0.573
3c8161139f67130d90a2968fe3a8dc1b,5,Vague / Missing Context,46,0.492
3c8161139f67130d90a2968fe3a8dc1b,6,Vague / Missing Context; Format Ambiguity,29,0.671
3c8161139f67130d90a2968fe3a8dc1b,7,Vague / Missing Context,12,0.623
e9440d1328b46645bd1360105b11f235,1,Format Ambiguity,416,0.635
c7252fe2b285498b1906178ddcd7a45f,1,Formality / Audience Mismatch,171,0.772
895e1c84a2688de62073345bf75eb92d,1,Format Ambiguity,938,0.785
caa644fde522e1c06fea6eaa7ac1e0c5,1,Conflicting Constraints; Unnecessary Repetition,86,0.649
839dc6a22f4c5ea838c070639c8aae36,1,Vague / Missing Context; Format Ambiguity,37,0.759
d0bee7fc592a8aef82002f96351c30fa,2,Vague / Missing Context; Format Ambiguity,53,0.794
b306009088427515e0d6f09ee6e25412,1,Vague / Missing Context,941,0.826
0f8e8a01893905f1eee096a29836f51b,1,Vague / Missing Context; Format Ambiguity,2644,1.247
7e4ef8a45c0ff6c4c0908351a7869b36,1,Format Ambiguity,94,0.620
c96b4a18fde3a9692e477fef7b37b3b4,1,Format Ambiguity; Unnecessary Repetition,290,0.683
c96b4a18fde3a9692e477fef7b37b3b4,2,Vague / Missing Context,32,0.670
c96b4a18fde3a9692e477fef7b37b3b4,3,Conflicting Constraints; Overloaded Prompt,73,0.718
c96b4a18fde3a9692e477fef7b37b3b4,4,Vague / Missing Context,14,0.662
c96b4a18fde3a9692e477fef7b37b3b4,5,Vague / Missing Context,36,0.548
c96b4a18fde3a9692e477fef7b37b3b4,6,Vague / Missing Context; Format Ambiguity,68,0.703
0bc589ba07d839dea98d18d249fee0af,1,Vague / Missing Context; Format Ambiguity,865,0.942
5345e279f7912746182781843d560500,1,Vague / Missing Context,102,0.610
6dd747b46fc60a9d73f5000491665060,1,Format Ambiguity; Unnecessary Repetition,354,0.798
c2a0e152e6f27cafc5c7150a70c6d9c4,1,Prompt Bloat / Convoluted Prompt; Unnecessary Repetition,1737,0.990
c2a0e152e6f27cafc5c7150a70c6d9c4,2,Vague / Missing Context; Ambiguous References; Format Ambiguity,3932,1.499
d5f56e4d203ddda87148a297394439f2,1,Vague / Missing Context,868,0.797
67d3aa315eff8eb47219027b0aee5d02,1,Format Ambiguity,890,0.714
18e54d69af0b3c73f5a879c8b6184ac7,1,Conflicting Constraints; Ambiguous References,787,0.941
18e54d69af0b3c73f5a879c8b6184ac7,2,Vague / Missing Context,824,0.893
18e54d69af0b3c73f5a879c8b6184ac7,3,Vague / Missing Context,824,0.638
18e54d69af0b3c73f5a879c8b6184ac7,4,Vague / Missing Context,824,0.645
18e54d69af0b3c73f5a879c8b6184ac7,5,Conflicting Constraints,853,1.033
f43ce58c40834dce23871d892de0f7ce,1,Vague / Missing Context,897,0.791
de50c7c69e04bd93c016f628cf135784,1,Vague / Missing Context,74,0.711
cf53e31122b606104edb6eec2b96b371,1,Format Ambiguity; Unnecessary Repetition,354,0.797
8a96dd61a6ed4fdaa39007ebfcdac3c1,1,Format Ambiguity,941,0.724
abe48398f1f401e5de6c92f2aeabd796,1,Overloaded Prompt; Prompt Bloat / Convoluted Prompt,1181,1.064
abe48398f1f401e5de6c92f2aeabd796,2,Vague / Missing Context; Ambiguous References; Unnecessary Repetition; Formality / Audience Mismatch,1257,1.067
4de00ad4d1edc0a2df487524d9ae9413,1,Format Ambiguity,936,0.719
7350f21f19297fec26038843106c7961,2,Ambiguous References; Vague / Missing Context,18,0.894
7350f21f19297fec26038843106c7961,3,Vague / Missing Context,26,0.434
7350f21f19297fec26038843106c7961,5,Vague / Missing Context,76,0.693
7350f21f19297fec26038843106c7961,6,Ambiguous References; Vague / Missing Context,34,0.791
4c5a65cb5a7713d72a2115ab3917188b,1,Irrelevant / Excessive Persona; Bias / Loaded Framing,4000,1.406
c931ae034b79ee9939d74882c64acccc,1,Vague / Missing Context; Format Ambiguity,387,0.832
6b336e20cea4da7f4494f43f49e309be,1,Format Ambiguity,935,0.721
96c7a98347fdf99084937fb8ec8638e9,1,Unnecessary Repetition; Conflicting Constraints,4000,1.471
02a8480befdf065e15fba96d5460580e,1,Vague / Missing Context,388,0.671
85a9addc23bb1fa256f3233a0dbe93dc,1,Vague / Missing Context; Ambiguous References,102,0.701
85a9addc23bb1fa256f3233a0dbe93dc,2,Vague / Missing Context,113,0.606
85a9addc23bb1fa256f3233a0dbe93dc,3,Format Ambiguity,119,0.739
85a9addc23bb1fa256f3233a0dbe93dc,4,Vague / Missing Context; Ambiguous References,126,0.522
85a9addc23bb1fa256f3233a0dbe93dc,5,Vague / Missing Context,133,0.496
01e233f843a2f0d7aa0b8bec741ec660,1,Format Ambiguity,959,0.720
aa4f49cce0c773dd139e793a7cea6d06,1,Vague / Missing Context; Format Ambiguity,226,0.679
506bf310e1a4fd44405f1476be43738a,1,Format Ambiguity,973,0.750
a48183e8f80cb20e89e8afc288cdcb61,1,Unnecessary Repetition,4000,1.163
a48183e8f80cb20e89e8afc288cdcb61,2,Ambiguous References; Vague / Missing Context,64,0.798
a48183e8f80cb20e89e8afc288cdcb61,3,Vague / Missing Context,481,0.782
a48183e8f80cb20e89e8afc288cdcb61,4,Ambiguous References; Prompt Bloat / Convoluted Prompt,855,1.087
a48183e8f80cb20e89e8afc288cdcb61,5,Vague / Missing Context; Format Ambiguity,111,0.707
a48183e8f80cb20e89e8afc288cdcb61,6,Vague / Missing Context; Format Ambiguity,212,0.663
41ba9ca6fd66d12517a2b62451130e7c,1,Format Ambiguity,937,0.721
02158d027d07be1d10e7a9462f585438,1,Vague / Missing Context; Format Ambiguity,226,0.680
ebc4fb10b0b65dc1569b87e62f910175,1,No Smell,214,0.694
18f34f00f67b603ef3ef78619102fe55,1,Format Ambiguity,945,0.722
7c70c27a76e15191cc4205b93f85b7ec,1,Vague / Missing Context,241,0.532
0f7895746147cf5383a494d735e791af,1,No Smell,233,0.679
4f3a66f8074879b0a8036e50ad288344,1,Vague / Missing Context; Format Ambiguity,250,0.661
e63369ce74bffa12e2b1801ca6490f9d,2,Ambiguous References; Vague / Missing Context,24,0.680
b0a5c45228977c4eb86fb29ed015dcca,1,Format Ambiguity,945,0.721
df20e1e45b5240b797432c01a8413aaf,4,Vague / Missing Context,36,0.660
df20e1e45b5240b797432c01a8413aaf,7,Vague / Missing Context; Ambiguous References,61,0.646
df20e1e45b5240b797432c01a8413aaf,8,Vague / Missing Context; Format Ambiguity,85,0.739
df20e1e45b5240b797432c01a8413aaf,9,Vague / Missing Context; Format Ambiguity,72,0.685
df20e1e45b5240b797432c01a8413aaf,10,Vague / Missing Context; Format Ambiguity,80,0.684
df20e1e45b5240b797432c01a8413aaf,11,Vague / Missing Context; Format Ambiguity,100,0.693
df20e1e45b5240b797432c01a8413aaf,12,Vague / Missing Context; Ambiguous References,78,0.683
6027b62b97ca5d2271634b35a09bea10,1,Vague / Missing Context; Format Ambiguity,226,0.679
6027b62b97ca5d2271634b35a09bea10,2,Vague / Missing Context,189,0.583
9ee22f34b8e028245d09520dee8f3d47,5,Ambiguous References; Unnecessary Repetition,52,0.877
9ee22f34b8e028245d09520dee8f3d47,6,Ambiguous References; Overloaded Prompt,675,1.127
9ee22f34b8e028245d09520dee8f3d47,7,Format Ambiguity,461,0.740
9ee22f34b8e028245d09520dee8f3d47,8,Ambiguous References; Prompt Bloat / Convoluted Prompt,43,0.818
a774120c80a420cd651221e27f0580f3,1,Format Ambiguity; Ambiguous References,318,0.811
a774120c80a420cd651221e27f0580f3,2,Vague / Missing Context,24,0.700
a774120c80a420cd651221e27f0580f3,3,Format Ambiguity,54,0.654
a774120c80a420cd651221e27f0580f3,4,Ambiguous References; Overloaded Prompt,63,0.702
a774120c80a420cd651221e27f0580f3,5,Format Ambiguity,40,0.690
a774120c80a420cd651221e27f0580f3,6,Vague / Missing Context,12,0.716
1ace5af0ce8db0fe90d4295f92edee88,1,Vague / Missing Context,1029,0.663
a74b975a0e38df9a58ffda0f78d5b2fa,1,No Smell,234,0.679
6513a7f0bda7493faa3113e44d31ecdb,1,Vague / Missing Context; Format Ambiguity,226,0.680
706e26aa11ac6f3005c62032da9d776c,1,Vague / Missing Context,455,0.609
8aeb795ed452e22f35a67be169d51ffe,1,Vague / Missing Context; Ambiguous References,107,0.610
8aeb795ed452e22f35a67be169d51ffe,2,Vague / Missing Context; Ambiguous References,235,0.645
8aeb795ed452e22f35a67be169d51ffe,3,Vague / Missing Context,144,0.581
8aeb795ed452e22f35a67be169d51ffe,4,Vague / Missing Context; Ambiguous References,98,0.677
30d9e3c43d7533f5e2a421d135885ce6,1,Vague / Missing Context; Format Ambiguity,51,0.733
30d9e3c43d7533f5e2a421d135885ce6,2,Vague / Missing Context,31,0.673
30d9e3c43d7533f5e2a421d135885ce6,3,Vague / Missing Context,36,0.533
21410778d69dc38e3df31e12cc6d6fe4,1,Vague / Missing Context; Format Ambiguity,1071,0.806
1a157fdc11e5a82478dada6ca04500c8,1,Vague / Missing Context,35,0.644
aa11b1bc2f72a6da7d922508029fb43d,1,Format Ambiguity,1081,0.750
93637c3b24a84ddd849e776e805a34ce,1,Vague / Missing Context; Format Ambiguity,590,0.772
6a47d41ecb9a33561564f03c0ebcf633,1,Format Ambiguity,1112,0.751
202f019da661624edaedeebed9bf6716,1,Vague / Missing Context,1697,0.793
b333e993385b28fd88e8f0623fea3776,1,Vague / Missing Context,429,0.638
b333e993385b28fd88e8f0623fea3776,2,Vague / Missing Context; Format Ambiguity,53,0.795
b333e993385b28fd88e8f0623fea3776,3,Ambiguous References; Vague / Missing Context,14,0.809
b333e993385b28fd88e8f0623fea3776,4,Vague / Missing Context; Ambiguous References,100,0.830
d43e518bb39fd5485f387d7525b9aedb,1,Vague / Missing Context,390,0.803
9b008d7c2d7014992836c9a20bb40a51,1,Vague / Missing Context; Format Ambiguity,81,0.807
9b008d7c2d7014992836c9a20bb40a51,2,Vague / Missing Context; Format Ambiguity,72,0.767
bedc267123b0634da61cbd9d42d8e823,2,Vague / Missing Context; Format Ambiguity,22,0.739
bedc267123b0634da61cbd9d42d8e823,3,Vague / Missing Context,25,0.585
bedc267123b0634da61cbd9d42d8e823,4,Vague / Missing Context; Format Ambiguity,34,0.710
bedc267123b0634da61cbd9d42d8e823,5,Vague / Missing Context,10,0.688
c3cd8dfbb5a56a3984b7dc076c5632af,1,Vague / Missing Context,56,0.514
3f97330020c28742ba9959f6fc8ffe16,1,Irrelevant / Excessive Persona,4000,1.254
47fc7b25d3f2563d0e131224123b6a65,1,Vague / Missing Context,473,0.649
bfb142974f5e0ade51d751fbc932fa93,1,No Smell,367,0.555
bfb142974f5e0ade51d751fbc932fa93,2,Vague / Missing Context; Format Ambiguity,155,0.706
00db9a5f40cc2a5fd9612223bc0dedc2,1,Format Ambiguity,1141,0.781
00db9a5f40cc2a5fd9612223bc0dedc2,2,Vague / Missing Context,84,0.562
4b98b0da33b2bbcad08fcb4b2aa12841,2,Vague / Missing Context; Format Ambiguity,35,0.710
7f99f50f234a26f390f5057047cc6c1f,1,Format Ambiguity,486,0.594
d8a11a5c085d2deab19e4f75ee9268ea,1,Vague / Missing Context,558,0.655
17d4199527e203102f6d99f8d9ba5632,1,Format Ambiguity,1144,0.782
c681bdf9a5756237807f8d74db2ab341,1,Vague / Missing Context,557,0.666
d2ff2c1c4cb1bdc4e1d73d8c1a96008b,1,Vague / Missing Context,1153,0.764
fd956cb72159534bdfbcaf812cf2036c,1,Format Ambiguity,1522,0.929
fd956cb72159534bdfbcaf812cf2036c,3,Format Ambiguity,148,0.512
fd956cb72159534bdfbcaf812cf2036c,5,Vague / Missing Context; Format Ambiguity,12,0.802
fd956cb72159534bdfbcaf812cf2036c,6,Vague / Missing Context; Format Ambiguity,46,0.739
fd956cb72159534bdfbcaf812cf2036c,7,Ambiguous References; Unnecessary Repetition,62,0.654
fd956cb72159534bdfbcaf812cf2036c,8,Ambiguous References; Overloaded Prompt,247,0.574
69e0033401b9831505b145179166f9f9,1,No Smell,367,0.555
69e0033401b9831505b145179166f9f9,2,Vague / Missing Context; Format Ambiguity,155,0.705
69e0033401b9831505b145179166f9f9,3,Format Ambiguity,384,0.718
69e0033401b9831505b145179166f9f9,4,Vague / Missing Context; Format Ambiguity,154,0.732
69e0033401b9831505b145179166f9f9,5,Vague / Missing Context,399,0.681
69e0033401b9831505b145179166f9f9,6,Vague / Missing Context; Format Ambiguity,154,0.732
69e0033401b9831505b145179166f9f9,7,Format Ambiguity,430,0.643
69e0033401b9831505b145179166f9f9,8,Vague / Missing Context; Format Ambiguity,154,0.734
69e0033401b9831505b145179166f9f9,9,Vague / Missing Context,392,0.624
69e0033401b9831505b145179166f9f9,10,Vague / Missing Context; Format Ambiguity,154,0.735
b6026964e51e95dd21ca6994fef1755d,1,Vague / Missing Context; Format Ambiguity,1157,0.821
322841ebf9b4d98683a96d893f90c305,1,Format Ambiguity,1216,0.782
1b812b451b011ae2056f8b0a42ee0d39,1,Vague / Missing Context; Ambiguous References,104,0.722
bfab086b2a5e3058554fb877f358d4da,1,Vague / Missing Context,24,0.631
8de087440b99154a3f5db9fbdf770839,1,Vague / Missing Context; Format Ambiguity,1271,0.785
10ac8a4a8d50ff9e8d5203246936c997,1,Vague / Missing Context; Format Ambiguity,226,0.681
56120c9355cdc166119609539326ce23,3,Vague / Missing Context,56,0.513
83e33fcb1546f4b611d9cd596652c2dc,1,Vague / Missing Context; Format Ambiguity,70,0.741
83e33fcb1546f4b611d9cd596652c2dc,2,Vague / Missing Context; Ambiguous References,60,0.711
83e33fcb1546f4b611d9cd596652c2dc,4,Vague / Missing Context; Ambiguous References,87,0.747
83e33fcb1546f4b611d9cd596652c2dc,5,Vague / Missing Context; Ambiguous References,102,0.756
83e33fcb1546f4b611d9cd596652c2dc,9,Vague / Missing Context; Format Ambiguity,21,0.757
83e33fcb1546f4b611d9cd596652c2dc,10,Vague / Missing Context; Ambiguous References,38,0.808
83e33fcb1546f4b611d9cd596652c2dc,11,Ambiguous References; Vague / Missing Context,50,0.815
cb92b02825eb060f93800999f90cf824,4,Vague / Missing Context; Format Ambiguity,26,0.812
0e883fb4f2df2ec9d17574db5e3eb092,1,Vague / Missing Context; Ambiguous References,104,0.722
0e883fb4f2df2ec9d17574db5e3eb092,2,Vague / Missing Context,76,0.588
0e883fb4f2df2ec9d17574db5e3eb092,3,Vague / Missing Context,108,0.773
0e883fb4f2df2ec9d17574db5e3eb092,4,Vague / Missing Context,85,0.702
0e883fb4f2df2ec9d17574db5e3eb092,5,Vague / Missing Context,87,0.667
2b91a865a3e3e49ac527def1c6b07c89,1,Vague / Missing Context,232,0.630
2b91a865a3e3e49ac527def1c6b07c89,2,Vague / Missing Context; Ambiguous References,256,0.591
7a18696a6fb5eb650c793b241886d62e,1,Vague / Missing Context,1269,0.941
7a18696a6fb5eb650c793b241886d62e,2,Vague / Missing Context,82,0.591
7a18696a6fb5eb650c793b241886d62e,3,Ambiguous References; Vague / Missing Context,102,0.755
ae581564861164c84276d2566b8e80c5,1,Vague / Missing Context,443,0.638
ae581564861164c84276d2566b8e80c5,2,Vague / Missing Context; Format Ambiguity,53,0.795
ae581564861164c84276d2566b8e80c5,3,Vague / Missing Context; Conflicting Constraints,228,0.681
ae581564861164c84276d2566b8e80c5,5,Overloaded Prompt,383,0.680
b5ec2003f317b16f2d03b6d86466235a,1,Format Ambiguity,3228,1.139
b5ec2003f317b16f2d03b6d86466235a,2,No Smell,45,0.553
b5ec2003f317b16f2d03b6d86466235a,3,No Smell,19,0.587
b5ec2003f317b16f2d03b6d86466235a,4,Ambiguous References,118,0.704
b5ec2003f317b16f2d03b6d86466235a,5,Formality / Audience Mismatch; Ambiguous References,137,0.850
b5ec2003f317b16f2d03b6d86466235a,6,Ambiguous References; Prompt Bloat / Convoluted Prompt,206,0.760
b5ec2003f317b16f2d03b6d86466235a,7,Ambiguous References,122,0.530
b5ec2003f317b16f2d03b6d86466235a,8,Format Ambiguity,898,0.689
b5ec2003f317b16f2d03b6d86466235a,9,Vague / Missing Context; Format Ambiguity,130,0.872
b5ec2003f317b16f2d03b6d86466235a,10,Ambiguous References; Unnecessary Repetition,108,0.748
b5ec2003f317b16f2d03b6d86466235a,11,Vague / Missing Context,192,0.556
f3edcfed607a8c20110c78f81b56ffaf,1,Vague / Missing Context; Format Ambiguity,123,0.600
f3edcfed607a8c20110c78f81b56ffaf,2,Vague / Missing Context; Format Ambiguity,136,0.601
f3edcfed607a8c20110c78f81b56ffaf,3,Vague / Missing Context; Format Ambiguity,154,0.570
f3edcfed607a8c20110c78f81b56ffaf,4,Vague / Missing Context; Ambiguous References,32,0.682
f3edcfed607a8c20110c78f81b56ffaf,5,Vague / Missing Context; Format Ambiguity,87,0.766
0da5c7c86f9f07cc23e0b48d74df4285,1,Vague / Missing Context,403,0.606
8685dd9bdc07f9b413aee1e28b58f6a1,1,Format Ambiguity,1286,0.790
b7ba0287902f4408b149b1c74caf45ef,1,Vague / Missing Context; Format Ambiguity,416,0.743
629ecd3931b147fba513b5763c1b0efc,1,Vague / Missing Context; Ambiguous References,43,0.776
629ecd3931b147fba513b5763c1b0efc,2,Vague / Missing Context,40,0.601
8165171e2f2f2cbd4602bd1e81746d26,1,Vague / Missing Context; Format Ambiguity,1244,0.872
196c3762060e725b1389f2054bda0168,1,Vague / Missing Context,402,0.592
0ef652b2b91d541f76a6766dd1018ebb,1,Vague / Missing Context; Ambiguous References,104,0.726
0ef652b2b91d541f76a6766dd1018ebb,2,Vague / Missing Context,76,0.590
0ef652b2b91d541f76a6766dd1018ebb,3,Vague / Missing Context,108,0.770
0ef652b2b91d541f76a6766dd1018ebb,4,Vague / Missing Context,85,0.702
0ef652b2b91d541f76a6766dd1018ebb,5,Vague / Missing Context,87,0.669
0ef652b2b91d541f76a6766dd1018ebb,6,Vague / Missing Context,116,0.653
0ef652b2b91d541f76a6766dd1018ebb,7,Vague / Missing Context,96,0.617
0ef652b2b91d541f76a6766dd1018ebb,8,Vague / Missing Context; Ambiguous References,89,0.742
0ef652b2b91d541f76a6766dd1018ebb,9,Vague / Missing Context,108,0.766
0ef652b2b91d541f76a6766dd1018ebb,10,Vague / Missing Context,127,0.640
8f4236ed1aab8e4b373e154883f960f1,1,Vague / Missing Context; Format Ambiguity,636,0.936
d374993fd792fb354ff8e2c2a0c2ec7e,1,Vague / Missing Context; Format Ambiguity,636,0.737
3a9fd4eb9504b6af1b20398bad1eb26d,1,Vague / Missing Context; Ambiguous References,104,0.721
3a9fd4eb9504b6af1b20398bad1eb26d,2,Vague / Missing Context,76,0.589
3a9fd4eb9504b6af1b20398bad1eb26d,3,Vague / Missing Context,108,0.771
3a9fd4eb9504b6af1b20398bad1eb26d,4,Vague / Missing Context,85,0.703
3a9fd4eb9504b6af1b20398bad1eb26d,5,Vague / Missing Context,87,0.667
3a9fd4eb9504b6af1b20398bad1eb26d,6,Vague / Missing Context,116,0.652
3a9fd4eb9504b6af1b20398bad1eb26d,7,Vague / Missing Context,96,0.617
3a9fd4eb9504b6af1b20398bad1eb26d,8,Vague / Missing Context; Ambiguous References,89,0.741
3a9fd4eb9504b6af1b20398bad1eb26d,9,Vague / Missing Context,108,0.766
3a9fd4eb9504b6af1b20398bad1eb26d,10,Vague / Missing Context,127,0.624
3a9fd4eb9504b6af1b20398bad1eb26d,11,Vague / Missing Context,108,0.769
91c6f1d75d98c66cea4f57db9b8131e2,1,Overloaded Prompt; Vague / Missing Context,677,0.841
6b503946dbd875ad424a527196928d31,1,Format Ambiguity; Overloaded Prompt,1276,0.876
dac490293fe1fd42d97b96d5432d80e9,1,Unnecessary Repetition,722,0.784
20978fb106a5aad897f8783f9e3aa63a,1,Ambiguous References; Vague / Missing Context,50,0.814
20978fb106a5aad897f8783f9e3aa63a,2,Ambiguous References; Vague / Missing Context,51,0.787
20978fb106a5aad897f8783f9e3aa63a,3,Vague / Missing Context; Ambiguous References,51,0.739
20978fb106a5aad897f8783f9e3aa63a,4,Ambiguous References; Vague / Missing Context,50,0.798
20978fb106a5aad897f8783f9e3aa63a,5,Ambiguous References; Vague / Missing Context,57,0.858
20978fb106a5aad897f8783f9e3aa63a,6,Vague / Missing Context; Ambiguous References,69,0.666
20978fb106a5aad897f8783f9e3aa63a,7,Vague / Missing Context; Ambiguous References,71,0.675
20978fb106a5aad897f8783f9e3aa63a,8,Vague / Missing Context; Ambiguous References,70,0.666
20978fb106a5aad897f8783f9e3aa63a,9,Ambiguous References,149,0.522
20978fb106a5aad897f8783f9e3aa63a,10,Unnecessary Repetition,163,0.505
20978fb106a5aad897f8783f9e3aa63a,11,Conflicting Constraints; Ambiguous References,207,0.590
20978fb106a5aad897f8783f9e3aa63a,13,Ambiguous References; Formality / Audience Mismatch,204,0.725
20978fb106a5aad897f8783f9e3aa63a,14,Vague / Missing Context; Ambiguous References,45,0.702
afbe6a0e6c3d98fd358ba50226482949,1,Format Ambiguity; Overloaded Prompt,1299,0.872
fc1de9d97a9f577b5608caaf80782e83,1,Vague / Missing Context,443,0.640
fc1de9d97a9f577b5608caaf80782e83,2,Vague / Missing Context; Format Ambiguity,53,0.795
fc1de9d97a9f577b5608caaf80782e83,3,Ambiguous References; Vague / Missing Context,14,0.811
fc1de9d97a9f577b5608caaf80782e83,4,Format Ambiguity,204,0.492
a7e7b20477362ebbdabe67f82c8bb085,1,Overloaded Prompt,806,0.676
6069a5acc7da5490a43d2b943df15b40,1,Vague / Missing Context,82,0.650
6069a5acc7da5490a43d2b943df15b40,2,Vague / Missing Context,15,0.568
9049cf839a7fa2ba018a003f76db5ce1,1,Ambiguous References; Vague / Missing Context,45,0.913
b34e2b5759b2ba7fa05e119698bd3e5f,1,Format Ambiguity,1307,0.786
d0bfd4d640db9aff74114e47eed7e905,1,Vague / Missing Context; Ambiguous References; Overloaded Prompt,809,0.867
4e81046b9389a55e3ffab95a392a2a78,1,Format Ambiguity,1279,0.784
bf564d00b073f98c625255af9045f46e,1,Ambiguous References; Overloaded Prompt,4000,1.820
95bb4f130339c90459328335710896b3,1,Ambiguous References; Overloaded Prompt,4000,0.873
b0be4e67bc50dc87764d766ee7026740,1,Vague / Missing Context,443,0.714
b9bfe2b458c46f9f55d56923ad465091,1,Vague / Missing Context,169,0.450
007786617f02698f844076a803c559e5,1,Ambiguous References; Overloaded Prompt,4000,1.779
c6bc7b393330941ac74c6d3ff4919373,1,Prompt Bloat / Convoluted Prompt,924,0.704
54478b8b3715d5671fecdd4a8f9209a3,1,Ambiguous References; Overloaded Prompt,4000,1.771
09873e50c440c60b5937fbfa4be5790a,1,Prompt Bloat / Convoluted Prompt,924,0.703
fea1eed332dd5ca892478174d4f5b631,1,Vague / Missing Context,1278,0.935
fea1eed332dd5ca892478174d4f5b631,2,Ambiguous References; Vague / Missing Context,84,0.684
251f118e2953906143a1c68978fa087c,1,Vague / Missing Context,443,0.615
251f118e2953906143a1c68978fa087c,2,Vague / Missing Context; Format Ambiguity,53,0.809
a6978f918d1666b3d7a8337492d65e7f,1,Vague / Missing Context; Format Ambiguity,973,0.789
5e9e27268ce5a4ac4ddec0c91a6ff683,1,Ambiguous References; Overloaded Prompt,4000,1.772
3afd79d5455c41951017ba6028f6044a,1,Vague / Missing Context; Format Ambiguity,973,0.790
9f1e06ef3e65ce91b649026f75112ed3,1,Format Ambiguity,1263,0.789
9f1e06ef3e65ce91b649026f75112ed3,2,Vague / Missing Context,86,0.564
ebaa71ae289b552414c2e72105510ad6,1,Ambiguous References; Overloaded Prompt,4000,1.778
2c467973737f8e31c777840e260f5971,1,Ambiguous References; Overloaded Prompt,4000,0.873
9087eb73c16839f623ac457bab66fe93,1,Vague / Missing Context; Format Ambiguity,1036,0.896
114df681026fd9cc19d70edbba93ce85,1,Vague / Missing Context; Format Ambiguity,1036,0.640
1fa1464324628892585cc6992419c9e3,1,Vague / Missing Context; Format Ambiguity; Overloaded Prompt; Prompt Bloat / Convoluted Prompt; Unnecessary Repetition,1290,1.318
20fb8e464b75e2af6a41925e76d8888b,1,Vague / Missing Context; Format Ambiguity,1036,0.894
d177b5f8a51321eae48f058fbeb7a49e,1,Vague / Missing Context; Format Ambiguity,938,0.828
e3c1e8867ae5b7921b4a67465cc954fb,1,Vague / Missing Context; Format Ambiguity; Overloaded Prompt,1186,1.015
57730e8214728c70b3a9436085349f54,1,Vague / Missing Context; Format Ambiguity,938,0.831
789690ea337f18561fd3412826dd6ec3,1,Vague / Missing Context,31,0.445
11a5e7e0162df32b66339191dbe0b473,1,Vague / Missing Context,110,0.450
11a5e7e0162df32b66339191dbe0b473,8,No Smell,147,0.464
4732d4b9c08cf47b676377db3b4edcd6,1,Vague / Missing Context,1378,0.821
4732d4b9c08cf47b676377db3b4edcd6,2,Vague / Missing Context,371,0.612
4732d4b9c08cf47b676377db3b4edcd6,3,Vague / Missing Context; Format Ambiguity,960,0.827
4732d4b9c08cf47b676377db3b4edcd6,4,Formality / Audience Mismatch,265,0.633
4732d4b9c08cf47b676377db3b4edcd6,5,Vague / Missing Context,219,0.696
4732d4b9c08cf47b676377db3b4edcd6,6,Vague / Missing Context; Ambiguous References,85,0.740
4732d4b9c08cf47b676377db3b4edcd6,7,Conflicting Constraints,195,0.548
e4e663a822071091eceb295cdbc0311f,1,Format Ambiguity,1217,0.761
eaa7b77b319164008d028842b8240c98,1,Vague / Missing Context; Format Ambiguity,55,0.878
fdbba3cfbaf901ac418f47e1699358be,1,Overloaded Prompt; Format Ambiguity,2202,1.000
d35e6ba6e8a7db768fb93442bcf86970,1,Vague / Missing Context; Ambiguous References,102,0.658
9b3369c9207183e34e5f706085fec24f,1,Ambiguous References; Overloaded Prompt,1221,0.848
174d2ed738e3978ed2d91cd87f91be7b,1,Unnecessary Repetition; Ambiguous References,2251,1.355
ed76a6f36ac77cae49a6b01d1abf4218,1,Vague / Missing Context,453,0.618
ed76a6f36ac77cae49a6b01d1abf4218,2,Vague / Missing Context; Format Ambiguity,53,0.819
ed76a6f36ac77cae49a6b01d1abf4218,3,Vague / Missing Context; Format Ambiguity,161,0.601
ed76a6f36ac77cae49a6b01d1abf4218,4,Vague / Missing Context,187,0.458
b76836095101a846bcbc7c0b56fcb998,1,Ambiguous References,115,0.589
ba9179a6d70363761020008deb7833bc,1,Vague / Missing Context; Ambiguous References,90,0.609
74e912c00e6ad729985fa13ff4bdd2b7,1,Vague / Missing Context,253,0.507
1611941bd4ccfdcd35e055280521ba4d,1,Vague / Missing Context; Ambiguous References,87,0.627
13769fe724296fee1cd7dae18fa55ef8,1,Vague / Missing Context; Ambiguous References,84,0.678
91ab968b4c417ad1a5d94ff4c7a12a23,1,Vague / Missing Context; Ambiguous References,75,0.741
c9d994db35bbe7e03e753adf183f1e28,1,Vague / Missing Context; Ambiguous References,71,0.616
73bec3d3b16d6a41933f02b233d6867a,1,Vague / Missing Context; Format Ambiguity,52,0.638
017914786e84c44e46bee970b82309a3,1,Vague / Missing Context; Format Ambiguity,2666,1.363
eee02fd9ac72cbc1c2e8fffc462503d5,1,Vague / Missing Context; Format Ambiguity,92,0.912
34970630be08b3061c7c4f804cf450ac,1,Vague / Missing Context; Format Ambiguity,633,0.813
e032dc1f13c1d430e84d9d45775416da,1,Ambiguous References; Formality / Audience Mismatch,54,0.698
e032dc1f13c1d430e84d9d45775416da,2,Vague / Missing Context,21,0.483
10193d6ad37c1fb53996017e32bf914a,1,Format Ambiguity,77,0.773
23332c5ba3b8bd4266648ef32ece0acf,1,Ambiguous References,17,0.499
45ed6a4586e8554032151621450b25d5,1,Vague / Missing Context; Format Ambiguity,194,0.745
3c72c543b2a42d4e63c5096b9f11b1df,1,Unnecessary Repetition; Ambiguous References,2251,1.360
3329f553164253b08bd54d94503ec352,1,Vague / Missing Context; Format Ambiguity,238,0.692
87fdd141b706ab72d039180b54129046,1,Vague / Missing Context; Format Ambiguity,38,0.678
3c725dc36d176ab4b93402e6363a2bb3,2,Vague / Missing Context,28,0.606
8700e65cf37ca9de459c1fb4485a8a6f,1,Vague / Missing Context; Ambiguous References,235,0.771
7ef6f960ada94cbde0fa5f9751fd09d1,1,Ambiguous References; Unnecessary Repetition; Overloaded Prompt,245,0.970
050ff024fa4944aa40c25f49a313823e,1,Unnecessary Repetition; Conflicting Constraints,2307,1.075
050ff024fa4944aa40c25f49a313823e,2,Ambiguous References; Overloaded Prompt; Prompt Bloat / Convoluted Prompt,2035,1.104
6058c6907a938e9a2aa104b710bc0e1d,1,Vague / Missing Context; Ambiguous References,244,0.843
902b200b1edc12b849f15bcb9d5b1351,1,Vague / Missing Context,590,0.605
11a975debe7a5403f965d9c6e31d462d,1,Vague / Missing Context; Ambiguous References; Format Ambiguity; Overloaded Prompt,249,1.168
58fcecca353a49884246a2cc2646b1ab,1,Vague / Missing Context; Ambiguous References; Format Ambiguity; Overloaded Prompt,249,1.103
e504bd0f0fd2b1bf3fef05515126a864,1,Vague / Missing Context,599,0.605
402a9b677d3ae5f4662fe571542e7762,1,Conflicting Constraints,145,0.505
4025d0ae99885f48805987d0f24a27f6,1,Vague / Missing Context,617,0.731
67c2dbe6f2ff4589eda9054bbfe0de34,1,Vague / Missing Context,326,0.485
7716955e8f71ce36fc2796ca624dccba,1,Ambiguous References; Vague / Missing Context,37,0.668
16b8d6b1e0bfc4529a164293cc945abd,1,No Smell,4000,1.487
96567b3498969f3439c06fcf0d6bafea,10,Ambiguous References; Vague / Missing Context,14,0.856
298cc3b5a591fbe511ba52cdc7ff959c,1,Ambiguous References; Overloaded Prompt,4000,1.443
d174dcbbbe0f549656a54dbb32ad6e9f,1,Format Ambiguity,649,0.774
386957e74dd65ba75079d268d75aeb21,1,Format Ambiguity,678,0.677
026cceff58e872cb285c7034c06d07ac,1,Vague / Missing Context,27,0.710
ad479e74a39e6f6e4d2d7ae0110ba4bc,1,Ambiguous References; Overloaded Prompt,69,0.799
cafed52442604ba73513179f7b5647a7,1,Vague / Missing Context,731,0.727
2d7669f500d48a2a78eeb16808fc8cb0,1,Vague / Missing Context,159,0.448
2d7669f500d48a2a78eeb16808fc8cb0,2,Vague / Missing Context,159,0.383
2d7669f500d48a2a78eeb16808fc8cb0,3,Ambiguous References,202,0.612
2d7669f500d48a2a78eeb16808fc8cb0,4,Ambiguous References,203,0.546
5ff8f40dc7a13e9b57ef91305f6711f7,1,Vague / Missing Context; Format Ambiguity,742,0.719
5c6798e9bbfe0ae795d2ad20f4bb0dee,2,Vague / Missing Context; Ambiguous References,19,0.764
5c6798e9bbfe0ae795d2ad20f4bb0dee,3,Vague / Missing Context; Format Ambiguity,44,0.841
5c6798e9bbfe0ae795d2ad20f4bb0dee,4,Vague / Missing Context,35,0.460
66d9a7dd63cd09c9a2133d02ca6ec84b,4,Format Ambiguity,29,0.697
e15350a96613c845a5fa75c6585f9fd7,1,Ambiguous References; Overloaded Prompt,756,0.750
08c4bf85be387de997c02d99a393baad,2,Vague / Missing Context; Format Ambiguity,90,0.788
7f54262de17578f3a5e1a0d2764bc792,1,Ambiguous References,202,0.610
7f54262de17578f3a5e1a0d2764bc792,2,Ambiguous References,247,0.634
7f54262de17578f3a5e1a0d2764bc792,3,Ambiguous References; Vague / Missing Context,249,0.784
786b03bc11603e2524a98c66369457b3,1,Vague / Missing Context,3725,1.215
8002fd5d4172e6b0345e82fa1660163b,1,Format Ambiguity,4000,1.451
623665be11510a9b349d545f27cca154,1,Format Ambiguity,84,0.982
623665be11510a9b349d545f27cca154,2,Vague / Missing Context; Format Ambiguity,153,0.576
623665be11510a9b349d545f27cca154,3,Vague / Missing Context; Format Ambiguity,92,0.641
623665be11510a9b349d545f27cca154,4,Vague / Missing Context,105,0.564
623665be11510a9b349d545f27cca154,5,Format Ambiguity; Overloaded Prompt,141,0.524
623665be11510a9b349d545f27cca154,6,Format Ambiguity,205,0.448
623665be11510a9b349d545f27cca154,7,Format Ambiguity,191,0.486
623665be11510a9b349d545f27cca154,8,Format Ambiguity,67,0.585
68a5d20019e135e5e244208f11fcb768,1,Format Ambiguity,738,0.624
5bd2110cb4e0eead4a8e505c358c165c,1,Conflicting Constraints; Overloaded Prompt,254,0.877
7c169dbd890305bb34e63ccfec405c9f,1,Vague / Missing Context,3859,1.339
7c169dbd890305bb34e63ccfec405c9f,2,Vague / Missing Context; Format Ambiguity,53,0.809
7c169dbd890305bb34e63ccfec405c9f,3,Vague / Missing Context,67,0.571
6f5be39463231c07a45abeb836ddb766,1,Vague / Missing Context,392,0.713
5dcc3098a2ecb1e9281dcce1d6268e87,1,Overloaded Prompt; Unnecessary Repetition,100,0.742
5dcc3098a2ecb1e9281dcce1d6268e87,2,Ambiguous References; Vague / Missing Context,123,0.716
b9c155cede4bd56866ee431c246c1979,1,Vague / Missing Context; Format Ambiguity,729,0.708
fa7acb9422197bee9e559cbbe8248dea,1,Vague / Missing Context,157,0.570
1b2a845f590bb7671821431ed04f2ac6,1,Vague / Missing Context; Format Ambiguity,114,0.573
1b2a845f590bb7671821431ed04f2ac6,2,Vague / Missing Context,202,0.498
1b2a845f590bb7671821431ed04f2ac6,3,Vague / Missing Context; Ambiguous References,214,0.601
1b2a845f590bb7671821431ed04f2ac6,4,Vague / Missing Context; Ambiguous References,237,0.650
1b2a845f590bb7671821431ed04f2ac6,5,Vague / Missing Context,238,0.526
1b2a845f590bb7671821431ed04f2ac6,6,Vague / Missing Context; Ambiguous References,222,0.611
373a9044f43203af2d40f8a649d65cb1,1,Vague / Missing Context,22,0.518
1cf611af1438753696ff5cfbda2e9c9c,1,Vague / Missing Context; Format Ambiguity,742,0.668
dcebe11cc0cfd094052379d802b6f959,1,Vague / Missing Context; Format Ambiguity,61,0.740
265441f1fd370de428ba1a56c8cd5e0e,4,Format Ambiguity,530,0.669
a7fda30135129bc45495971c4a8f4198,1,Vague / Missing Context,108,0.650
ce8666bcf577390be47e7ba7b39a06e7,1,Vague / Missing Context,42,0.732
e01216e01546bc8ddde858fc31572f9d,1,Format Ambiguity,72,0.686
e01216e01546bc8ddde858fc31572f9d,2,Vague / Missing Context; Format Ambiguity,52,0.715
af6d3d167186dbff9f14afd8607b47f6,1,Vague / Missing Context,223,0.528
cc6f2fc7af346065ae4ee5881cb95211,1,Vague / Missing Context; Format Ambiguity,726,0.668
2be329ff6e31925e7f5a98a347b20496,1,Overloaded Prompt,139,0.509
3effdc6939010b41be7428d7df29ac19,1,Vague / Missing Context; Format Ambiguity,762,0.736
987870aed6731358fb7303bc0af31f38,1,Vague / Missing Context,1144,0.661
6071921b3cab585f57c5471e862349a9,1,Conflicting Constraints; Ambiguous References,322,0.483
6071921b3cab585f57c5471e862349a9,2,Unnecessary Repetition,53,0.585
6071921b3cab585f57c5471e862349a9,3,Format Ambiguity,7,0.479
6071921b3cab585f57c5471e862349a9,4,Conflicting Constraints; Ambiguous References,339,0.543
aefd44816878268758b14b25ccec5381,1,Format Ambiguity,796,0.636
06947c3c06295cd5e2e7a0c3780c7704,1,Format Ambiguity; Conflicting Constraints,432,0.570
06947c3c06295cd5e2e7a0c3780c7704,2,Vague / Missing Context,29,0.585
06947c3c06295cd5e2e7a0c3780c7704,3,Vague / Missing Context; Format Ambiguity,28,0.804
0650ce9097212b57c18096cb96097585,1,Vague / Missing Context,3884,1.342
0650ce9097212b57c18096cb96097585,2,Vague / Missing Context; Format Ambiguity,53,0.808
0650ce9097212b57c18096cb96097585,3,Vague / Missing Context,124,0.555
5f18519d0f776727f90c0b9fe0bf5c1f,1,Vague / Missing Context; Format Ambiguity,803,0.724
19cb2a77585a73723f913485fd919b03,1,Format Ambiguity; Conflicting Constraints,432,0.570
ca47429ab3bd723a2e2a9bef64e0eb3e,1,Vague / Missing Context,1143,0.654
18f651d782c6bbab8a71b29eba000d1e,1,Vague / Missing Context,22,0.576
6365c16547823b0e8d3a553635e98179,1,Ambiguous References; Vague / Missing Context,127,0.669
6365c16547823b0e8d3a553635e98179,2,Ambiguous References; Overloaded Prompt,12,0.786
6365c16547823b0e8d3a553635e98179,3,Vague / Missing Context; Formality / Audience Mismatch,148,0.584
6365c16547823b0e8d3a553635e98179,5,Vague / Missing Context; Format Ambiguity,52,0.769
dd50650de6c9d355f843d986e250f8aa,1,Vague / Missing Context,853,0.784
b042fc4b5393c24a9b9004ac6658bf4f,1,Vague / Missing Context; Ambiguous References,400,0.824
adfc79bf0cfdfa0414c200c1c766b0f1,1,Format Ambiguity,783,0.624
f6e879c436b7ff7a942615380770193e,1,Prompt Bloat / Convoluted Prompt,4000,1.263
f6e879c436b7ff7a942615380770193e,2,Ambiguous References; Vague / Missing Context,83,0.713
f6e879c436b7ff7a942615380770193e,3,Format Ambiguity,209,0.495
f6e879c436b7ff7a942615380770193e,5,Vague / Missing Context,24,0.745
f64ddebe44dfe821ee9a01dc1962046d,1,Format Ambiguity,3568,1.175
f64ddebe44dfe821ee9a01dc1962046d,2,Vague / Missing Context; Format Ambiguity,276,0.646
0d923d922dc0a846204a21be7e62d3f9,1,Format Ambiguity,790,0.626
0d923d922dc0a846204a21be7e62d3f9,2,Vague / Missing Context; Ambiguous References,109,0.774
0d923d922dc0a846204a21be7e62d3f9,3,Vague / Missing Context; Format Ambiguity,48,0.694
dc3b1ab6aa0f0043d560e2630d8c29b9,1,Format Ambiguity,3604,1.178
dc3b1ab6aa0f0043d560e2630d8c29b9,2,Vague / Missing Context; Format Ambiguity,93,0.770
e3fbc175eeb479b9a238b503f112e7a4,4,Format Ambiguity,26,0.517
e8b6890ca7b4308b238a1cdb6b2bc624,2,Ambiguous References,17,0.499
e8b6890ca7b4308b238a1cdb6b2bc624,3,Ambiguous References,26,0.416
e8b6890ca7b4308b238a1cdb6b2bc624,4,Vague / Missing Context,24,0.517
e8b6890ca7b4308b238a1cdb6b2bc624,5,No Smell,38,0.653
e8b6890ca7b4308b238a1cdb6b2bc624,6,Vague / Missing Context,27,0.648
e8b6890ca7b4308b238a1cdb6b2bc624,7,Vague / Missing Context,35,0.566
e8b6890ca7b4308b238a1cdb6b2bc624,8,Vague / Missing Context; Ambiguous References,35,0.728
e8b6890ca7b4308b238a1cdb6b2bc624,9,Vague / Missing Context,55,0.692
e8b6890ca7b4308b238a1cdb6b2bc624,10,Ambiguous References; Vague / Missing Context,23,0.691
328951ec9f2ebda604d2ce70c436f7c3,1,Vague / Missing Context,63,0.629
1108ccfb2ca6393e6ab4249169980734,1,Format Ambiguity,3682,1.187
1108ccfb2ca6393e6ab4249169980734,2,Vague / Missing Context,190,0.686
4711cf3d3f7f9d23b9fe019e2acf31db,1,Ambiguous References; Vague / Missing Context,26,0.706
e99a6028b12f64c8ea401c76be4a0808,2,No Smell,61,0.479
e99a6028b12f64c8ea401c76be4a0808,3,No Smell,11,0.595
e99a6028b12f64c8ea401c76be4a0808,4,Ambiguous References; Unnecessary Repetition,58,0.698
e99a6028b12f64c8ea401c76be4a0808,5,No Smell,52,0.627
ca7d8460ac697b7c2ed061fc331df46c,1,Ambiguous References; Format Ambiguity,86,0.660
7d5885f9dcb646a2ff68809209494bfb,1,Ambiguous References; Vague / Missing Context,25,0.707
e300b4385b46301085cdbb5697aaf734,1,Unnecessary Repetition,298,0.761
e300b4385b46301085cdbb5697aaf734,3,Format Ambiguity,28,0.510
e300b4385b46301085cdbb5697aaf734,4,Ambiguous References; Overloaded Prompt,28,0.697
e300b4385b46301085cdbb5697aaf734,5,Vague / Missing Context,35,0.741
7dc355eeacdb6df1e9758e02226f7a67,1,Vague / Missing Context; Format Ambiguity,48,0.750
7dc355eeacdb6df1e9758e02226f7a67,2,Vague / Missing Context; Format Ambiguity,51,0.743
7dc355eeacdb6df1e9758e02226f7a67,3,Vague / Missing Context; Format Ambiguity,64,0.676
7dc355eeacdb6df1e9758e02226f7a67,4,Vague / Missing Context,58,0.489
7dc355eeacdb6df1e9758e02226f7a67,5,Vague / Missing Context; Format Ambiguity,62,0.529
7dc355eeacdb6df1e9758e02226f7a67,6,Vague / Missing Context,26,0.479
7dc355eeacdb6df1e9758e02226f7a67,7,Vague / Missing Context; Format Ambiguity,77,0.556
7dc355eeacdb6df1e9758e02226f7a67,8,Vague / Missing Context; Format Ambiguity,78,0.698
7dc355eeacdb6df1e9758e02226f7a67,9,Vague / Missing Context; Format Ambiguity,45,0.699
7aa67d7495e1f9d4e5b1893281ebe499,2,Format Ambiguity,197,0.546
44e0eae4292df446451d819f7860bef9,1,Format Ambiguity,3736,1.391
44e0eae4292df446451d819f7860bef9,2,Vague / Missing Context; Format Ambiguity,163,0.553
3e111a55d2bc6aa3624e0ee2cbd58cdc,1,Vague / Missing Context; Ambiguous References,29,0.745
3e111a55d2bc6aa3624e0ee2cbd58cdc,2,Vague / Missing Context; Format Ambiguity,72,0.722
3e111a55d2bc6aa3624e0ee2cbd58cdc,3,Vague / Missing Context,47,0.584
3e111a55d2bc6aa3624e0ee2cbd58cdc,4,Vague / Missing Context,40,0.849
6e1f69d935b5110ec98169c22ced408e,1,Vague / Missing Context; Format Ambiguity,247,0.514
6e1f69d935b5110ec98169c22ced408e,2,Vague / Missing Context; Format Ambiguity,36,0.686
6e1f69d935b5110ec98169c22ced408e,3,Format Ambiguity,1537,0.918
3b5b10e01f31ab1557429e159c7aeb45,1,Format Ambiguity,3736,1.393
2e9031a6f7bd668c3bd1fe90b29ecd21,3,Ambiguous References; Overloaded Prompt,248,0.539
7e7cfcb2eb0ce05b1a77fcba3c1c4c38,1,Vague / Missing Context; Format Ambiguity,51,0.676
7e7cfcb2eb0ce05b1a77fcba3c1c4c38,2,Vague / Missing Context; Format Ambiguity,74,0.636
7e7cfcb2eb0ce05b1a77fcba3c1c4c38,3,Vague / Missing Context; Format Ambiguity,84,0.732
f1cdeaf05a3ccbd5e1407a1d84c5e4e9,1,Overloaded Prompt,4000,1.631
852335d5509053b252ebcd40814288f4,1,Ambiguous References; Vague / Missing Context,81,0.863
ce792d06ccf117acc2eeb5cd62a78c53,2,Vague / Missing Context; Format Ambiguity,38,0.656
ce792d06ccf117acc2eeb5cd62a78c53,3,Vague / Missing Context; Format Ambiguity,38,0.632
ce792d06ccf117acc2eeb5cd62a78c53,4,Format Ambiguity,91,0.515
ce792d06ccf117acc2eeb5cd62a78c53,5,Format Ambiguity,92,0.534
ce792d06ccf117acc2eeb5cd62a78c53,6,Vague / Missing Context,52,0.487
ce792d06ccf117acc2eeb5cd62a78c53,7,Vague / Missing Context; Ambiguous References,47,0.659
ce792d06ccf117acc2eeb5cd62a78c53,8,Ambiguous References; Overloaded Prompt,18,0.478
ce792d06ccf117acc2eeb5cd62a78c53,9,Format Ambiguity,52,0.613
ce792d06ccf117acc2eeb5cd62a78c53,10,Format Ambiguity; Overloaded Prompt,7,0.764
ef54c1e7850b86bfe7dcfe78dfab39f1,2,Format Ambiguity; Vague / Missing Context,72,0.675
ef54c1e7850b86bfe7dcfe78dfab39f1,3,Ambiguous References; Unnecessary Repetition,53,0.565
bab9b34ec44a91b8ab95fbe8b83a5954,1,Ambiguous References; Vague / Missing Context,67,0.613
bab9b34ec44a91b8ab95fbe8b83a5954,2,Formality / Audience Mismatch,653,0.786
bab9b34ec44a91b8ab95fbe8b83a5954,3,Vague / Missing Context,173,0.470
bab9b34ec44a91b8ab95fbe8b83a5954,4,Vague / Missing Context,98,0.757
bab9b34ec44a91b8ab95fbe8b83a5954,5,Vague / Missing Context,89,0.459
bab9b34ec44a91b8ab95fbe8b83a5954,6,Vague / Missing Context,91,0.586
bab9b34ec44a91b8ab95fbe8b83a5954,7,Vague / Missing Context,66,0.486
bab9b34ec44a91b8ab95fbe8b83a5954,8,Vague / Missing Context,251,0.545
bab9b34ec44a91b8ab95fbe8b83a5954,9,Vague / Missing Context,60,0.480
8c49b9b22ef1e25d2bb01b302b363e86,1,Vague / Missing Context,382,0.660
d129ef6b967e60bd1b7d21d672ca9740,1,Ambiguous References; Vague / Missing Context,123,0.707
afef736e405e864a349fe916229f0b64,1,Format Ambiguity; Overloaded Prompt,4000,1.533
afef736e405e864a349fe916229f0b64,2,Format Ambiguity,2740,0.979
afef736e405e864a349fe916229f0b64,3,Vague / Missing Context; Ambiguous References; Overloaded Prompt,181,0.866
529a714311b90a662b4f2ec943590d38,2,Vague / Missing Context; Format Ambiguity,4000,1.172
529a714311b90a662b4f2ec943590d38,3,Vague / Missing Context,229,0.692
529a714311b90a662b4f2ec943590d38,4,Ambiguous References,159,0.525
529a714311b90a662b4f2ec943590d38,5,Vague / Missing Context,186,0.563
529a714311b90a662b4f2ec943590d38,6,Ambiguous References; Vague / Missing Context,66,0.719
529a714311b90a662b4f2ec943590d38,7,Ambiguous References; Vague / Missing Context,27,0.757
529a714311b90a662b4f2ec943590d38,8,Format Ambiguity,21,0.481
529a714311b90a662b4f2ec943590d38,9,Ambiguous References; Vague / Missing Context,60,0.812
da955095e2dd19fd621c770525cb83bb,1,Unnecessary Repetition; Ambiguous References,2251,1.355
c7420bcb8167025331e328606092605c,1,Vague / Missing Context,135,0.604
b7a8a2465631a533f1742bc4b6c3840e,1,Vague / Missing Context; Format Ambiguity,2475,1.150
c39c983ebafb6528319539e91a6f4c01,1,Unnecessary Repetition; Ambiguous References; Overloaded Prompt,2751,1.792
c39c983ebafb6528319539e91a6f4c01,2,Ambiguous References; Overloaded Prompt,38,0.640
c39c983ebafb6528319539e91a6f4c01,3,Vague / Missing Context,37,0.696
c39c983ebafb6528319539e91a6f4c01,4,Ambiguous References; Overloaded Prompt,38,0.642
c39c983ebafb6528319539e91a6f4c01,5,Vague / Missing Context,36,0.629
c39c983ebafb6528319539e91a6f4c01,6,Vague / Missing Context; Format Ambiguity,43,0.714
f72e6094eec3357e476012084f45c445,1,Format Ambiguity,945,0.619
381791116890b40965ddf2f13e3c04bf,1,Vague / Missing Context,137,0.517
82d902deac806d89196022e0a52db658,1,Format Ambiguity,988,0.755
06623239729362a7134040fa06e56c06,1,Vague / Missing Context,398,0.544
06623239729362a7134040fa06e56c06,2,Ambiguous References; Vague / Missing Context,54,0.688
06623239729362a7134040fa06e56c06,3,Vague / Missing Context; Ambiguous References,305,0.875
a66649d51d89b9185e008c875ca81ed9,2,Vague / Missing Context,143,0.703
5f209b5a601d455e799aa69e9a63871c,1,Vague / Missing Context; Unnecessary Repetition,1385,1.080
5f209b5a601d455e799aa69e9a63871c,2,Format Ambiguity,26,0.528
5f209b5a601d455e799aa69e9a63871c,3,Vague / Missing Context; Ambiguous References; Overloaded Prompt; Prompt Bloat / Convoluted Prompt; Unnecessary Repetition; Conflicting Constraints; Irrelevant / Excessive Persona; Bias / Loaded Framing,2775,2.292
6b08d16e7e2f035faab584b28ed1a834,1,Format Ambiguity,1002,0.756
6b08d16e7e2f035faab584b28ed1a834,2,Overloaded Prompt; Conflicting Constraints,52,0.750
a886b878e19fad082997ec4a8386aeaa,1,Vague / Missing Context; Format Ambiguity,84,0.866
3601f31ac906bba1e393cbb1944b9cca,1,Vague / Missing Context; Ambiguous References,69,0.687
29ff99c71f69b82cae49afc96662493a,1,Format Ambiguity,1001,0.755
bab3ae9ff5eb16930939f52b2732c0ef,1,Vague / Missing Context; Ambiguous References,86,0.638
bab3ae9ff5eb16930939f52b2732c0ef,2,Vague / Missing Context,406,0.607
bab3ae9ff5eb16930939f52b2732c0ef,3,Ambiguous References; Unnecessary Repetition,101,0.703
ad9318b132529f36aae3c977e3706353,1,Vague / Missing Context; Ambiguous References,1008,0.955
ec968648b61af40ff5e76f1764d9289e,1,Vague / Missing Context,93,0.654
b5d4fd3bbaae2e08a3b3fbe8bc71a42a,9,Vague / Missing Context; Ambiguous References,23,0.834
ffee2fa45797fea3168db6e10b9b8a9b,1,Bias / Loaded Framing; Unnecessary Repetition,2501,1.114
f6820f4939329f142f06a248f20ed0d1,1,Vague / Missing Context; Format Ambiguity,1012,0.964
0858adf0b85a489fa50f90b6a1718cfe,1,Vague / Missing Context; Format Ambiguity,45,0.697
0858adf0b85a489fa50f90b6a1718cfe,2,Vague / Missing Context,11,0.596
0858adf0b85a489fa50f90b6a1718cfe,3,Vague / Missing Context,11,0.568
0858adf0b85a489fa50f90b6a1718cfe,4,No Smell,22,0.367
0858adf0b85a489fa50f90b6a1718cfe,5,Vague / Missing Context,11,0.592
ee0132081092f9b33a691211d7d539df,1,Vague / Missing Context; Format Ambiguity,1014,0.727
030c745535c630dac51c595c29a17548,1,Vague / Missing Context; Format Ambiguity,1007,0.964
030c745535c630dac51c595c29a17548,2,Ambiguous References; Unnecessary Repetition,61,0.755
c07b6cd94f4a8b0bab507aa376405573,1,Format Ambiguity; Ambiguous References,1923,1.035
c07b6cd94f4a8b0bab507aa376405573,2,Vague / Missing Context; Ambiguous References,46,0.641
c07b6cd94f4a8b0bab507aa376405573,3,Vague / Missing Context; Ambiguous References,63,0.733
c07b6cd94f4a8b0bab507aa376405573,4,Vague / Missing Context,21,0.605
c07b6cd94f4a8b0bab507aa376405573,5,Ambiguous References; Format Ambiguity,65,0.685
c07b6cd94f4a8b0bab507aa376405573,6,Vague / Missing Context,641,0.691
c07b6cd94f4a8b0bab507aa376405573,7,Vague / Missing Context; Ambiguous References,102,0.800
c07b6cd94f4a8b0bab507aa376405573,8,Ambiguous References; Vague / Missing Context,71,0.681
c07b6cd94f4a8b0bab507aa376405573,9,Ambiguous References; Vague / Missing Context,42,0.648
c07b6cd94f4a8b0bab507aa376405573,10,Ambiguous References; Vague / Missing Context,150,0.540
c07b6cd94f4a8b0bab507aa376405573,11,Vague / Missing Context,95,0.637
c07b6cd94f4a8b0bab507aa376405573,12,Vague / Missing Context,182,0.485
c07b6cd94f4a8b0bab507aa376405573,13,Vague / Missing Context,160,0.431
9536723622b7c9d04e852c619b80852b,1,Vague / Missing Context; Overloaded Prompt,1029,0.806
eae311638655cc956f21035856c59672,1,Vague / Missing Context; Format Ambiguity,525,0.881
eae311638655cc956f21035856c59672,2,Vague / Missing Context; Format Ambiguity,508,0.878
b00f486482d41cad8b42f86f9826344e,1,Vague / Missing Context,562,0.621
b00f486482d41cad8b42f86f9826344e,2,Vague / Missing Context,33,0.548
2ba438cb2a94c4abf0cd89df1262780e,1,Ambiguous References; Unnecessary Repetition,53,0.753
aeccb71666888bd3112f5e9e50f8ffa9,1,Vague / Missing Context; Format Ambiguity,56,0.631
dbdd094e9c6a8b0ea7ce79d0d8abf81a,1,Vague / Missing Context; Conflicting Constraints,1254,0.914
dbdd094e9c6a8b0ea7ce79d0d8abf81a,2,Ambiguous References; Vague / Missing Context,180,0.773
dbdd094e9c6a8b0ea7ce79d0d8abf81a,3,Vague / Missing Context,76,0.468
dbdd094e9c6a8b0ea7ce79d0d8abf81a,4,Vague / Missing Context; Format Ambiguity,40,0.724
dbdd094e9c6a8b0ea7ce79d0d8abf81a,5,Vague / Missing Context,42,0.586
ccf28188f71050a3e9404d5a9e947df0,1,Vague / Missing Context; Ambiguous References,32,0.677
ccf28188f71050a3e9404d5a9e947df0,2,Vague / Missing Context; Format Ambiguity,30,0.730
19cdba75d73931396cc58d0fc016aef0,1,Vague / Missing Context; Format Ambiguity,56,0.630
d532b865943279f2076e9ea553229084,1,Format Ambiguity; Overloaded Prompt,76,0.677
2d1b19869e9d9a97b5002842bcfb55a1,10,Format Ambiguity,351,0.732
6536678d6e153d8bc6edbb9885f6d353,1,Vague / Missing Context; Ambiguous References,53,0.631
05242ba503ac3d4c6cddf06524347ea8,1,Vague / Missing Context; Ambiguous References,80,0.685
05242ba503ac3d4c6cddf06524347ea8,2,Vague / Missing Context; Ambiguous References,26,0.743
05242ba503ac3d4c6cddf06524347ea8,3,Overloaded Prompt,70,0.752
05242ba503ac3d4c6cddf06524347ea8,4,Vague / Missing Context; Ambiguous References,72,0.805
05242ba503ac3d4c6cddf06524347ea8,5,Vague / Missing Context; Ambiguous References,28,0.632
05242ba503ac3d4c6cddf06524347ea8,6,Ambiguous References; Format Ambiguity,44,0.687
05242ba503ac3d4c6cddf06524347ea8,7,Conflicting Constraints; Format Ambiguity,47,0.658
05242ba503ac3d4c6cddf06524347ea8,8,Ambiguous References; Vague / Missing Context,68,0.658
05242ba503ac3d4c6cddf06524347ea8,9,Vague / Missing Context; Ambiguous References,164,0.754
efd6da6877a13e91e72105455c79ae2d,2,Format Ambiguity; Unnecessary Repetition,45,0.779
aaa20bc318e62778931a6c082789c77c,1,Vague / Missing Context; Format Ambiguity,133,0.854
edec19b2d18ce0ea2220744bd2f7a676,1,Format Ambiguity; Conflicting Constraints,429,0.570
ad9200e3a960201d4a8e9b91d02366ed,1,Format Ambiguity,682,0.811
ad9200e3a960201d4a8e9b91d02366ed,2,Vague / Missing Context; Format Ambiguity,53,0.818
ad9200e3a960201d4a8e9b91d02366ed,3,Ambiguous References,14,0.759
ad9200e3a960201d4a8e9b91d02366ed,4,Ambiguous References; Format Ambiguity,14,0.736
0ac63fe49674ff681a1846418843ebf5,1,Format Ambiguity,682,0.839
dd34939112bce62d8534d2416d2066b9,1,Format Ambiguity,47,0.639
d349375b24713029f8b6c61be4fb62a1,1,Vague / Missing Context; Ambiguous References,50,0.707
858c194148ccf08ae5994d99f3f4f3b0,1,Vague / Missing Context; Ambiguous References,74,0.658
f09ddd9e47a1a19de1ea1fd1b2e7d545,1,Vague / Missing Context; Format Ambiguity,529,0.879
f09ddd9e47a1a19de1ea1fd1b2e7d545,2,Vague / Missing Context; Format Ambiguity,528,0.879
f09ddd9e47a1a19de1ea1fd1b2e7d545,3,Vague / Missing Context; Format Ambiguity,528,0.982
8713d11d66be6012867329ace7adaa2a,1,Vague / Missing Context,364,0.573
d85f66cea72f3c7f73a12c4d6e4f1c40,1,Format Ambiguity,1105,0.681
d85f66cea72f3c7f73a12c4d6e4f1c40,2,Ambiguous References; Overloaded Prompt,116,0.627
fa5ad7f30eb6436596131e33b66a80ee,1,Format Ambiguity; Conflicting Constraints,452,0.618
77fd7212983c1ebfa777deedaf110304,1,Vague / Missing Context; Format Ambiguity,40,0.708
7d593f3d28f50ca0d2d8eada5a8fcc21,1,Vague / Missing Context; Format Ambiguity,528,0.982
c168e690c0d9affd8a557b4cc894a7d9,1,Format Ambiguity; Overloaded Prompt,4000,1.535
c168e690c0d9affd8a557b4cc894a7d9,2,Formality / Audience Mismatch; Unnecessary Repetition,187,0.746
c168e690c0d9affd8a557b4cc894a7d9,3,Ambiguous References; Vague / Missing Context,9,0.604
61f500735059da78edae45364241b809,1,Vague / Missing Context,331,0.667
61f500735059da78edae45364241b809,2,Vague / Missing Context,155,0.496
61f500735059da78edae45364241b809,3,Vague / Missing Context,138,0.525
6b9a4b2692fe0d1ebced73c7c75c08ff,1,Ambiguous References; Vague / Missing Context,49,0.781
a16139e426b9b1935bbd5ddd981ef06a,1,Vague / Missing Context,626,0.567
d5eb8ea7092ac900656cb9952b861e3a,1,Vague / Missing Context,145,0.485
d5eb8ea7092ac900656cb9952b861e3a,2,Vague / Missing Context,77,0.741
d5eb8ea7092ac900656cb9952b861e3a,3,Format Ambiguity; Ambiguous References,110,0.952
6ab7b9636c1d4d0892e1330d0d93bd83,1,Vague / Missing Context,8,0.518
6ab7b9636c1d4d0892e1330d0d93bd83,7,Vague / Missing Context,25,0.425
46e7531c06f45c858b7d17143197a8ad,1,Vague / Missing Context; Format Ambiguity,314,0.640
827984832e117e7db5e822780d0ab2d4,1,Vague / Missing Context; Ambiguous References,59,0.622
7d8b04ea4139375d8ccb064a7a58c978,1,Format Ambiguity,1059,0.746
a93d95e17cfbb5af39db31e58ea530d4,1,Vague / Missing Context; Format Ambiguity,519,0.847
2de0feb4bdad6f1636c0f2567a9833fc,1,Format Ambiguity,1024,0.749
e4d5e3c4bd1cdd9be3b01abc782aeea8,1,Ambiguous References; Unnecessary Repetition,808,0.804
a05066548563694e796116fb98ab8b24,1,Ambiguous References; Unnecessary Repetition,809,0.805
f22007d671978ad0b6a3646b15e1a90c,1,Unnecessary Repetition; Ambiguous References; Format Ambiguity,1976,0.942
21dfac9c6ff67c054ed4a413a322ab9b,1,Vague / Missing Context; Format Ambiguity,1034,0.767
f95b5c2aa595c00273ec1f7ae7e8a11f,1,Unnecessary Repetition; Ambiguous References; Format Ambiguity,1977,0.939
d818aec03309c9febeeed839254a89d3,1,Ambiguous References; Unnecessary Repetition,847,0.794
5e806f428ccb2c785648f3ce4db1118a,1,Vague / Missing Context,1968,0.890
b3efe9f12c7c3f1f1f1764bbdb2fc557,1,Conflicting Constraints; Unnecessary Repetition,786,0.793
b3efe9f12c7c3f1f1f1764bbdb2fc557,2,Ambiguous References,218,0.489
b3efe9f12c7c3f1f1f1764bbdb2fc557,3,Vague / Missing Context; Unnecessary Repetition,27,0.638
b3efe9f12c7c3f1f1f1764bbdb2fc557,4,Format Ambiguity; Overloaded Prompt,20,0.781
b3efe9f12c7c3f1f1f1764bbdb2fc557,5,Vague / Missing Context; Format Ambiguity,30,0.892
b078d41ad71b346b0173ca57f08dcbd6,1,Irrelevant / Excessive Persona,866,0.794
2bd59a5019bd50a6adb2984e740115d3,1,Vague / Missing Context; Format Ambiguity,527,0.879
4057f4df6c89c310697e39ffaf2da969,1,Format Ambiguity,1076,0.682
76f24579e31cd5e61670d274063c3bc6,1,Vague / Missing Context; Format Ambiguity,77,0.677
76f24579e31cd5e61670d274063c3bc6,2,Vague / Missing Context; Format Ambiguity,77,0.687
76f24579e31cd5e61670d274063c3bc6,3,Vague / Missing Context,87,0.573
5502bec935ece018bacea1d946bd97e1,1,Vague / Missing Context,274,0.678
5502bec935ece018bacea1d946bd97e1,2,Vague / Missing Context; Format Ambiguity,99,0.727
8eb06f1814c893afbc6ab9ec3296e864,1,Vague / Missing Context,1943,0.910
e70a7ac3809113fdc5d0b7ec27653301,1,Ambiguous References,1078,0.791
a807acdfe09f1e603e9d9889af13f1a3,1,Ambiguous References; Unnecessary Repetition,1103,0.944
daa3d15f956f3c6635cb4ff7349faf2e,1,Vague / Missing Context; Format Ambiguity,521,0.849
faff7f8b86b96643d5913fe044ae1c14,1,Ambiguous References; Unnecessary Repetition,1103,0.944
f86622f2ea7b75d85b4d99b556613103,1,Vague / Missing Context; Format Ambiguity,57,0.786
f86622f2ea7b75d85b4d99b556613103,2,Vague / Missing Context; Format Ambiguity,29,0.708
92b6b761d144605ce4565257bd32a8c9,1,Vague / Missing Context; Format Ambiguity,475,0.618
1a1b318595b98dd5475896474f19cafb,1,Format Ambiguity,219,0.508
1a1b318595b98dd5475896474f19cafb,2,Format Ambiguity,54,0.594
1a1b318595b98dd5475896474f19cafb,3,Ambiguous References; Vague / Missing Context,33,0.770
1a1b318595b98dd5475896474f19cafb,4,Vague / Missing Context; Format Ambiguity,98,0.807
1a1b318595b98dd5475896474f19cafb,5,Vague / Missing Context; Format Ambiguity,74,0.714
1a1b318595b98dd5475896474f19cafb,6,Vague / Missing Context; Format Ambiguity,180,0.628
add94755494514af9628e59580716f7e,1,Ambiguous References; Unnecessary Repetition,1220,1.024
fee301887498659af145cb6eedb26253,1,Vague / Missing Context; Ambiguous References,68,0.742
fee301887498659af145cb6eedb26253,2,Vague / Missing Context,21,0.584
fee301887498659af145cb6eedb26253,3,Vague / Missing Context; Ambiguous References,51,0.692
fee301887498659af145cb6eedb26253,4,Ambiguous References; Vague / Missing Context,57,0.698
fee301887498659af145cb6eedb26253,5,Vague / Missing Context,26,0.454
fee301887498659af145cb6eedb26253,6,Ambiguous References; Vague / Missing Context,66,0.755
fee301887498659af145cb6eedb26253,7,Vague / Missing Context,112,0.499
fee301887498659af145cb6eedb26253,8,Format Ambiguity; Unnecessary Repetition,95,0.731
fee301887498659af145cb6eedb26253,9,Ambiguous References,57,0.669
fee301887498659af145cb6eedb26253,10,Ambiguous References; Unnecessary Repetition,99,0.749
973ba0d9de4027d0d8b43d8d9d61551a,1,Format Ambiguity,1088,0.759
973ba0d9de4027d0d8b43d8d9d61551a,2,Vague / Missing Context,128,0.647
973ba0d9de4027d0d8b43d8d9d61551a,3,Vague / Missing Context; Ambiguous References,94,0.625
973ba0d9de4027d0d8b43d8d9d61551a,4,Ambiguous References; Vague / Missing Context,61,0.705
dc72fc5bd311a09078ccc2efc6c21998,1,Vague / Missing Context; Format Ambiguity,85,0.677
dc72fc5bd311a09078ccc2efc6c21998,2,Vague / Missing Context; Format Ambiguity,85,0.681
dc72fc5bd311a09078ccc2efc6c21998,3,Vague / Missing Context; Format Ambiguity,85,0.677
40dfbe4ee391fe09ceaafbab67918ebd,1,Format Ambiguity; Conflicting Constraints,452,0.619
734c10ac5a1beb28d7c0e612e82ef0fc,1,Vague / Missing Context; Overloaded Prompt,1972,1.020
dbc570d09797047454acabb674aea7ee,1,Vague / Missing Context,71,0.531
dbc570d09797047454acabb674aea7ee,2,Vague / Missing Context,40,0.451
83baccee1b7c5ea99c6f665517955304,1,Vague / Missing Context; Overloaded Prompt,1969,1.014
81b0696ea44e12a659e265f7c141772e,1,Overloaded Prompt; Bias / Loaded Framing,1976,0.977
312d9e4517ad267f8a7478d22ba7ac5c,1,Vague / Missing Context; Format Ambiguity,101,0.704
19ba1d05a332c28eddf8cfe62e24eb4d,1,Format Ambiguity; Unnecessary Repetition,127,0.705
47a73f444cc698e866c5113172b090c2,1,Vague / Missing Context,1935,0.846
813ea5f57680abd24fa7093047b39059,1,Vague / Missing Context; Unnecessary Repetition,1130,0.752
328ad8d3a731ac16e95585d8b146559f,1,Vague / Missing Context; Format Ambiguity,123,0.536
328ad8d3a731ac16e95585d8b146559f,2,Vague / Missing Context; Format Ambiguity,60,0.575
250f951be46b9e5b8031ec812331729c,1,Vague / Missing Context,884,0.650
6c062acdd415d62cb79b27897e7a8a90,1,Vague / Missing Context; Format Ambiguity,52,0.705
6c062acdd415d62cb79b27897e7a8a90,2,Vague / Missing Context,65,0.460
6c062acdd415d62cb79b27897e7a8a90,3,Ambiguous References; Vague / Missing Context,48,0.641
6c062acdd415d62cb79b27897e7a8a90,4,Vague / Missing Context; Format Ambiguity,20,0.668
54d45dea30d3e304be8dc8bd65c2f0ac,1,Vague / Missing Context; Ambiguous References,1920,0.946
409b91460142fc3e2d116b7787dfeb87,1,Irrelevant / Excessive Persona,934,0.614
c67318e9833b218f8e447d2ad61f6cfa,1,Vague / Missing Context,703,0.925
c67318e9833b218f8e447d2ad61f6cfa,2,Ambiguous References; Vague / Missing Context,36,0.720
c67318e9833b218f8e447d2ad61f6cfa,3,Vague / Missing Context; Format Ambiguity,53,0.810
c67318e9833b218f8e447d2ad61f6cfa,4,Ambiguous References; Unnecessary Repetition,67,0.725
c67318e9833b218f8e447d2ad61f6cfa,5,Ambiguous References; Overloaded Prompt,162,0.457
ea68b3a1d89b19571390b2946ee8dbcf,1,Irrelevant / Excessive Persona,934,0.613
f5bce9964e5948b59ce715931099bee8,1,Vague / Missing Context; Format Ambiguity,543,0.903
96d721a827e12dca5b17a531d1f381c3,1,Vague / Missing Context,37,0.566
96d721a827e12dca5b17a531d1f381c3,2,Vague / Missing Context; Format Ambiguity,27,0.700
96d721a827e12dca5b17a531d1f381c3,4,Vague / Missing Context; Format Ambiguity,41,0.724
96d721a827e12dca5b17a531d1f381c3,5,Vague / Missing Context; Format Ambiguity,43,0.728
96d721a827e12dca5b17a531d1f381c3,6,Vague / Missing Context; Format Ambiguity,47,0.583
96d721a827e12dca5b17a531d1f381c3,7,Vague / Missing Context; Format Ambiguity,50,0.840
96d721a827e12dca5b17a531d1f381c3,8,Vague / Missing Context; Format Ambiguity,24,0.714
96d721a827e12dca5b17a531d1f381c3,9,Vague / Missing Context; Format Ambiguity,41,0.581
6f8f0256be30161f88ad02a6a3c250d7,1,Vague / Missing Context,1056,0.853
58f1e3480d4027e155e65a07c5dfd7c8,1,Vague / Missing Context; Ambiguous References,243,1.014
9a76e4e2d97fca51ef9ba61b2d222386,1,Vague / Missing Context,181,0.488
86b7d4bdbaafc4b40dd6dc342cfd4fa4,1,Vague / Missing Context; Format Ambiguity,108,0.565
86b7d4bdbaafc4b40dd6dc342cfd4fa4,2,Overloaded Prompt,189,0.512
48d11437f392f1a1d477fe9a9f5d38b6,1,Ambiguous References; Unnecessary Repetition,1039,0.914
3c0734a1ef0cddcf32fb1f6231372cfb,1,Ambiguous References; Unnecessary Repetition,1039,0.668
08bfe9e9ba11b3168d9fca276d579297,1,Ambiguous References; Unnecessary Repetition,1071,0.922
f120d28f008555185b4aa1074f3031b4,1,Vague / Missing Context,703,0.924
71cc87776171aa7caa76ac3d09391c0e,1,Irrelevant / Excessive Persona,1120,0.829
bf2f8a8ef37faaa6fbbdd08d0dd48174,1,Irrelevant / Excessive Persona,1132,0.830
711a913bf883a8769fa50bf91ee7a746,1,Irrelevant / Excessive Persona,1168,0.828
137ee2358e68af77437be98aae78e5a4,1,Irrelevant / Excessive Persona,1244,0.936
0c5a725c1f5223279451d23eab9769a9,1,Ambiguous References; Unnecessary Repetition,1240,0.975
cbb9dc3d7528fb73589c5987083155ed,1,Ambiguous References; Unnecessary Repetition,1240,0.687
810c824fefe161d4d41802470341911e,1,Vague / Missing Context; Format Ambiguity,52,0.798
d9bebc0d052a60159a40ff4410a255cb,1,Vague / Missing Context; Format Ambiguity,1120,0.948
ab213ca7fb954966ad93cce288cb1e0f,1,Irrelevant / Excessive Persona,1320,0.824
6e00ebd25e925c28e46b78ef496e6345,1,Vague / Missing Context; Format Ambiguity,43,0.713
6e00ebd25e925c28e46b78ef496e6345,2,Vague / Missing Context; Format Ambiguity,50,0.722
6e00ebd25e925c28e46b78ef496e6345,3,Vague / Missing Context; Format Ambiguity,35,0.816
6e00ebd25e925c28e46b78ef496e6345,4,Vague / Missing Context; Format Ambiguity,32,0.784
6e00ebd25e925c28e46b78ef496e6345,5,Vague / Missing Context,48,0.690
6e00ebd25e925c28e46b78ef496e6345,6,Vague / Missing Context,47,0.698
a59dd9ac916baeb4ef7c96d2477a7489,1,Vague / Missing Context; Format Ambiguity,1325,0.962
64f9b67c3edcf25122165315a7de28f1,1,Vague / Missing Context,1110,0.691
fe2e47cd0a8ac385f85bc0dde78bd52f,1,No Smell,120,0.428
eb21fd183b3e217cf0a9d73135d61dfa,1,Irrelevant / Excessive Persona,1269,0.814
d9a6cdc60b04b06f34da8d2fafd472b7,1,Irrelevant / Excessive Persona,1269,0.525
bdab6302e6b0a20998477407f55f359a,1,Vague / Missing Context; Format Ambiguity,1120,0.912
d5a475748ed3c67e14528f0d155140c3,1,Irrelevant / Excessive Persona,1269,0.813
386c9aecb8c8f1cd0f38e9c6625ba1fb,1,Vague / Missing Context; Format Ambiguity,1120,0.911
5ba8861f8eaa4664dd47da847fdc3620,1,Vague / Missing Context,126,0.447
5335866a682f626969a2119c7876b197,1,Vague / Missing Context; Format Ambiguity,1120,0.913
3ca8f9cafe9ddc12de20fb1b6fbb1307,1,Ambiguous References; Vague / Missing Context,130,0.590
3ca8f9cafe9ddc12de20fb1b6fbb1307,2,Vague / Missing Context,15,0.453
3ca8f9cafe9ddc12de20fb1b6fbb1307,3,Ambiguous References; Format Ambiguity,58,0.564
3ca8f9cafe9ddc12de20fb1b6fbb1307,4,Vague / Missing Context,20,0.474
3ca8f9cafe9ddc12de20fb1b6fbb1307,5,Vague / Missing Context,25,0.569
8580c3e675b8f6ed442441237bc10345,1,Format Ambiguity,127,0.559
199d30330f27a82c5fed41afa8b422e8,1,Irrelevant / Excessive Persona,1322,0.738
f307b8116fe5b1a741ae32b244a67492,1,Vague / Missing Context,1127,0.729
19dfb267bba7904cb3f10b526edc5a41,1,Irrelevant / Excessive Persona,1322,0.739
7c87660c07cb777c78ccc539e68b61d0,1,Vague / Missing Context; Format Ambiguity,51,0.690
7c87660c07cb777c78ccc539e68b61d0,2,Vague / Missing Context,27,0.481
7c87660c07cb777c78ccc539e68b61d0,3,Vague / Missing Context; Format Ambiguity,30,0.671
7c87660c07cb777c78ccc539e68b61d0,4,Vague / Missing Context; Format Ambiguity,21,0.674
55da03ac1f18695e4c37fcd878b8739d,1,Vague / Missing Context; Format Ambiguity,1161,0.788
29d7016da2af323dffe3b40a84e2730e,2,Vague / Missing Context; Ambiguous References,102,0.657
29d7016da2af323dffe3b40a84e2730e,3,Vague / Missing Context; Ambiguous References,88,0.771
2399e23b6d3fa551ded30690d61f8c7d,1,Vague / Missing Context,1137,0.728
caf5631709e876a2d3635536aa8fa8a8,1,Vague / Missing Context; Ambiguous References,102,0.972
caf5631709e876a2d3635536aa8fa8a8,3,Formality / Audience Mismatch,122,0.507
e1142f75883adcd80914d3a9ddb844fc,1,Vague / Missing Context; Format Ambiguity; Bias / Loaded Framing,193,1.003
85b1ef56c452232bdfebd01301947e16,1,Vague / Missing Context; Format Ambiguity,46,0.612
916aace7f84e92b6e87a43a4a71bd124,1,Format Ambiguity; Conflicting Constraints,452,0.619
20615b015942602c13f1ade22d04656c,1,Vague / Missing Context; Format Ambiguity,1829,1.007
cfb73ef46b06bcb41e7e02cb9aadf3eb,1,Format Ambiguity,757,0.846
cfb73ef46b06bcb41e7e02cb9aadf3eb,2,Vague / Missing Context; Format Ambiguity,53,0.811
cfb73ef46b06bcb41e7e02cb9aadf3eb,3,Vague / Missing Context; Format Ambiguity,106,0.679
5d9735f90d3ee4515f4e24428b72c8a1,1,Format Ambiguity; Conflicting Constraints,452,0.617
6e187d62604705a83e0e88279dcb9ff8,1,Vague / Missing Context; Format Ambiguity,569,0.717
66e6f1f513f2ad0435f8e9defb170e9d,1,Irrelevant / Excessive Persona,188,0.736
928f392450509779fab187d390bb5eb1,1,Vague / Missing Context,546,0.514
928f392450509779fab187d390bb5eb1,2,No Smell,9,0.595
4950d1e85603056650e443b5df736457,1,Vague / Missing Context; Format Ambiguity,579,0.736
8de0cf58246d2bcda01cb387a5abc8db,1,Vague / Missing Context,590,0.717
241e7a811dde7be55e0456488e5169a2,1,Vague / Missing Context; Format Ambiguity,602,0.719
55c02412b4a60846f36fc93e78f8d8e1,1,Vague / Missing Context,616,0.719
200e7fb3d8d6fc19d57b733f14968850,1,Vague / Missing Context; Ambiguous References,101,0.795
036caef155019cb77a86903ddb77b73d,1,Vague / Missing Context,634,0.760
0af8e358e486885ac47a0e0048b08d3e,1,Vague / Missing Context; Ambiguous References,96,0.706
9db6fabe2719422f37ad8cd90b98675f,1,Vague / Missing Context; Ambiguous References,68,0.650
eb7c39bb8284b8a55f99b072654f9583,1,Vague / Missing Context,629,0.690
ce3147484e49db568496133fb8775e5a,1,Format Ambiguity,732,0.831
ce3147484e49db568496133fb8775e5a,2,Vague / Missing Context; Format Ambiguity,53,0.809
ce3147484e49db568496133fb8775e5a,3,Format Ambiguity,111,0.563
fa79ccbb0017f23756efdb3a7bc35558,1,Format Ambiguity,680,0.667
d05b0c986d3cbf2ce8ac320372082330,1,Vague / Missing Context,18,0.491
d05b0c986d3cbf2ce8ac320372082330,3,Vague / Missing Context; Format Ambiguity,98,0.583
e47d45d176ccbb5190410c1383199609,1,Vague / Missing Context,660,0.696
53da976f2c49a29cc38fb6f9b592bc48,1,Vague / Missing Context; Ambiguous References,91,0.677
53da976f2c49a29cc38fb6f9b592bc48,2,Vague / Missing Context,29,0.414
53da976f2c49a29cc38fb6f9b592bc48,3,Ambiguous References; Overloaded Prompt,17,0.659
53da976f2c49a29cc38fb6f9b592bc48,4,Format Ambiguity; Overloaded Prompt,7,0.765
2a7907c14be4b2974aaeaaa910fb9cb1,1,Vague / Missing Context; Format Ambiguity,533,0.819
8a895508a1e2794b365d81768625bf7f,1,Format Ambiguity,183,0.572
efc42edaf00e52d833aa6cebb5de54f3,1,Vague / Missing Context; Format Ambiguity,46,0.565
05fca4ceb71731de3d661b5faa5e95e2,1,Vague / Missing Context; Format Ambiguity,32,0.777
05fca4ceb71731de3d661b5faa5e95e2,2,Vague / Missing Context; Format Ambiguity,33,0.760
05fca4ceb71731de3d661b5faa5e95e2,3,Ambiguous References; Vague / Missing Context,82,0.715
05fca4ceb71731de3d661b5faa5e95e2,4,Ambiguous References; Vague / Missing Context,83,0.676
e2b4e8bc5684db282fb6f0252f6617b2,1,Vague / Missing Context,2178,1.250
e2b4e8bc5684db282fb6f0252f6617b2,2,Vague / Missing Context; Ambiguous References; Overloaded Prompt,402,0.565
e2b4e8bc5684db282fb6f0252f6617b2,3,Vague / Missing Context,398,0.553
8232c356df6d444819b7852968c43164,1,Format Ambiguity,349,0.564
98f3acc682c2ba3e248782ef364b4d10,1,Vague / Missing Context,397,0.514
736828ce766e108f9ba04b1b7888da48,2,Vague / Missing Context,25,0.670
736828ce766e108f9ba04b1b7888da48,3,Vague / Missing Context; Format Ambiguity,29,0.775
7fb9164a58b7a85fdc55dc13296adc61,1,Format Ambiguity,413,0.614
f5d0d8939fb06286aac1828c0b49cf21,1,Vague / Missing Context,427,0.666
c49358634fb2c62b89631049d8f97d27,1,Ambiguous References; Unnecessary Repetition,118,0.647
c49358634fb2c62b89631049d8f97d27,2,No Smell,56,0.487
5c13336f430b7aa1a528e914cbbf552f,1,Vague / Missing Context,103,0.505
5c13336f430b7aa1a528e914cbbf552f,2,Ambiguous References; Vague / Missing Context,96,0.497
5c13336f430b7aa1a528e914cbbf552f,3,Ambiguous References; Vague / Missing Context,78,0.638
5c13336f430b7aa1a528e914cbbf552f,4,Ambiguous References; Unnecessary Repetition,104,0.611
5c13336f430b7aa1a528e914cbbf552f,5,Ambiguous References; Vague / Missing Context,141,0.534
5c13336f430b7aa1a528e914cbbf552f,6,Ambiguous References; Unnecessary Repetition,97,0.684
5c13336f430b7aa1a528e914cbbf552f,7,Ambiguous References; Vague / Missing Context,98,0.679
60eee059ea260701682621120a14fa98,1,Vague / Missing Context; Format Ambiguity,439,0.635
887a38bff87ba2a969144b72410ea502,1,Irrelevant / Excessive Persona,1322,0.741
30a781fe14d076ccb839fd031dc4f0c7,1,Vague / Missing Context; Format Ambiguity,439,0.635
16616ebb5242bb46636b51ac08dd7556,1,Irrelevant / Excessive Persona,1322,0.739
935fab9248630f2865d125a2b37e0276,1,Irrelevant / Excessive Persona,1322,0.448
f34ce669ccc5ba8b04d35fe66e2bd9e8,1,Irrelevant / Excessive Persona,1322,0.447
f04db073ccebeb7c2c48d11f16b190ae,1,Format Ambiguity,474,0.559
60bb12808e8eec5e5904768cd5f86f31,1,Vague / Missing Context; Ambiguous References; Format Ambiguity; Overloaded Prompt; Unnecessary Repetition,248,1.202
cf770dc4fb4dd2cd133bb9de7a5f7ca4,1,Vague / Missing Context,452,0.617
85ba770ce4d92548a5f3332b58250fb3,1,Ambiguous References; Vague / Missing Context,59,0.732
c1f6e556d6e36a584bd88972e8e217b4,1,Irrelevant / Excessive Persona,1322,0.740
43bb459f6a3faee9e5961a264be35c70,1,Vague / Missing Context,179,0.533
43bb459f6a3faee9e5961a264be35c70,2,Vague / Missing Context,40,0.465
43bb459f6a3faee9e5961a264be35c70,3,No Smell,82,0.582
43bb459f6a3faee9e5961a264be35c70,4,Vague / Missing Context,73,0.514
43bb459f6a3faee9e5961a264be35c70,5,Ambiguous References; Vague / Missing Context,30,0.701
43bb459f6a3faee9e5961a264be35c70,6,Vague / Missing Context,227,0.795
43bb459f6a3faee9e5961a264be35c70,7,Vague / Missing Context,153,0.531
43bb459f6a3faee9e5961a264be35c70,8,Vague / Missing Context,55,0.603
8db8a346e50a8aee9a28c4249c2127e3,1,Vague / Missing Context; Format Ambiguity,54,0.718
2d29f847ead4d6483b60bd51427672af,1,Vague / Missing Context,48,0.646
2d29f847ead4d6483b60bd51427672af,2,Vague / Missing Context,35,0.509
2d29f847ead4d6483b60bd51427672af,3,Vague / Missing Context,61,0.526
e135a6e773a8751c9629923ce93008f1,2,Vague / Missing Context; Ambiguous References,108,0.650
e135a6e773a8751c9629923ce93008f1,3,Ambiguous References; Vague / Missing Context,129,0.570
e135a6e773a8751c9629923ce93008f1,4,Ambiguous References; Vague / Missing Context,94,0.659
e135a6e773a8751c9629923ce93008f1,5,Ambiguous References; Unnecessary Repetition,118,0.609
e135a6e773a8751c9629923ce93008f1,6,Ambiguous References; Unnecessary Repetition,84,0.680
b6a55f4d4bc31b4603336c52eaf7025f,1,Ambiguous References; Vague / Missing Context,1814,1.188
8979b31eb5a7c82654f61849fbe8870f,1,Vague / Missing Context,611,0.585
775bed6dae9f7539580a237808da7939,1,Ambiguous References; Vague / Missing Context,1814,1.189
41fc4da2d2696c6c42eb9085a3b51d9d,1,Ambiguous References; Vague / Missing Context,1814,0.766
b3677a94e4ee3817c869b5a10994ae8b,1,Ambiguous References; Vague / Missing Context,1814,0.766
5e34f52bcb1de840f46a5ba102a2b3fc,1,Vague / Missing Context; Format Ambiguity,268,0.609
12424bc34b2cfcc1c502406dc361d712,1,Ambiguous References; Vague / Missing Context,1814,1.188
f11da4480e2eb024d78b8cc451a66ba7,1,Format Ambiguity,632,0.690
f11da4480e2eb024d78b8cc451a66ba7,2,Vague / Missing Context; Format Ambiguity,65,0.695
d6c5e4af8f11e036c193bdaa7c76bfca,1,Unnecessary Repetition; Format Ambiguity,705,0.629
78ef67f4ad98f3fb4b49aeff9e858173,1,Format Ambiguity,803,0.625
d2c1730f0e631d8383d1bfdb099fb988,1,Format Ambiguity; Overloaded Prompt,2541,1.432
f9de115677e069cdc53ae77271fd2bab,1,Vague / Missing Context; Ambiguous References,98,0.723
d292ee3fed175694aa09539f550d3330,1,Ambiguous References,124,0.431
d292ee3fed175694aa09539f550d3330,2,Vague / Missing Context,48,0.552
d292ee3fed175694aa09539f550d3330,3,Ambiguous References; Unnecessary Repetition,124,0.629
d292ee3fed175694aa09539f550d3330,4,Ambiguous References,160,0.488
08a3f5a79944fa20e8b21ff6452a40c2,1,Format Ambiguity,39,0.564
08a3f5a79944fa20e8b21ff6452a40c2,2,Vague / Missing Context,35,0.547
08a3f5a79944fa20e8b21ff6452a40c2,3,Vague / Missing Context; Format Ambiguity,77,0.789
08a3f5a79944fa20e8b21ff6452a40c2,4,Format Ambiguity,24,0.528
08a3f5a79944fa20e8b21ff6452a40c2,5,Vague / Missing Context; Format Ambiguity,74,0.725
c6bcf1707691b85da82f24142f518571,1,Ambiguous References; Format Ambiguity,817,0.767
c6bcf1707691b85da82f24142f518571,2,Vague / Missing Context; Ambiguous References,110,0.862
be7132e28e882bae24f7f0c2af15b8d5,1,Vague / Missing Context,772,0.675
105f771f6ef97f8d9b3478f606d7509f,1,Vague / Missing Context; Ambiguous References; Format Ambiguity,372,1.002
6899c0908e805eb0c5d6330ceeae580c,1,Vague / Missing Context; Format Ambiguity,121,0.781
6899c0908e805eb0c5d6330ceeae580c,2,Vague / Missing Context; Format Ambiguity,122,0.768
a7e5b7ad6d04970dedde9c35eb546df4,1,Ambiguous References; Unnecessary Repetition,11,0.555
aeaaf7d61fb200c27dc21eaeab6534a5,1,Vague / Missing Context; Format Ambiguity,383,0.990
765d00742aa433c7da83c7371d40f0a1,1,Irrelevant / Excessive Persona,733,0.661
6697c3e390fe1d671269a9c8dc89e32d,1,Vague / Missing Context; Format Ambiguity,411,0.890
c0a6555a2e066b6dd30843077e28d384,1,Vague / Missing Context; Ambiguous References; Format Ambiguity; Overloaded Prompt; Prompt Bloat / Convoluted Prompt; Unnecessary Repetition; Formality / Audience Mismatch,758,1.221
4b4b14f2fe282ec2d1c2b8e13ada3de1,1,Vague / Missing Context; Format Ambiguity,456,0.904
e89ed0ef4724e9b58430b386c9b55cc6,1,Ambiguous References; Unnecessary Repetition; Format Ambiguity; Bias / Loaded Framing,624,0.794
ee36eeb7ad1c806a7ec4d4c1213dfe09,1,Vague / Missing Context; Ambiguous References; Format Ambiguity; Overloaded Prompt; Prompt Bloat / Convoluted Prompt; Unnecessary Repetition; Conflicting Constraints,782,1.230
138fda61fb28a9613558942c0e735dc2,1,Vague / Missing Context,514,0.456
138fda61fb28a9613558942c0e735dc2,2,Ambiguous References; Unnecessary Repetition,28,0.728
813ec253d1d6505056dea915726e0380,1,Vague / Missing Context,16,0.638
813ec253d1d6505056dea915726e0380,5,Format Ambiguity; Vague / Missing Context,70,0.708
813ec253d1d6505056dea915726e0380,6,Format Ambiguity,198,0.584
813ec253d1d6505056dea915726e0380,7,Vague / Missing Context,35,0.573
813ec253d1d6505056dea915726e0380,8,Vague / Missing Context; Ambiguous References,46,0.753
813ec253d1d6505056dea915726e0380,9,Bias / Loaded Framing,24,0.528
813ec253d1d6505056dea915726e0380,10,Ambiguous References; Unnecessary Repetition,57,0.723
813ec253d1d6505056dea915726e0380,11,Ambiguous References; Vague / Missing Context,114,0.703
813ec253d1d6505056dea915726e0380,12,Vague / Missing Context; Format Ambiguity,78,0.546
813ec253d1d6505056dea915726e0380,13,No Smell,26,0.473
813ec253d1d6505056dea915726e0380,14,Vague / Missing Context,28,0.452
813ec253d1d6505056dea915726e0380,15,Vague / Missing Context,62,0.528
813ec253d1d6505056dea915726e0380,16,Vague / Missing Context,67,0.614
813ec253d1d6505056dea915726e0380,17,Conflicting Constraints; Ambiguous References,275,0.571
813ec253d1d6505056dea915726e0380,18,Ambiguous References; Unnecessary Repetition,16,0.490
813ec253d1d6505056dea915726e0380,20,No Smell,27,0.638
813ec253d1d6505056dea915726e0380,21,Vague / Missing Context; Format Ambiguity,1537,1.986
813ec253d1d6505056dea915726e0380,22,Vague / Missing Context; Format Ambiguity,41,0.786
813ec253d1d6505056dea915726e0380,23,Ambiguous References; Unnecessary Repetition,31,0.597
813ec253d1d6505056dea915726e0380,24,Vague / Missing Context; Format Ambiguity,47,0.751
813ec253d1d6505056dea915726e0380,25,Vague / Missing Context; Ambiguous References,87,0.712
813ec253d1d6505056dea915726e0380,26,Vague / Missing Context; Format Ambiguity,33,0.677
c39b70dc6e5ca495c9b92eeb6c8aa42f,1,Vague / Missing Context; Unnecessary Repetition,816,0.821
8437aa8c170120ef46e1e196d2259c60,1,Vague / Missing Context; Ambiguous References; Overloaded Prompt; Prompt Bloat / Convoluted Prompt,817,1.460
f50810b1aa576a6aa082c2e63994273d,1,Vague / Missing Context; Ambiguous References; Overloaded Prompt; Prompt Bloat / Convoluted Prompt,817,1.163
e9a9502d645391df297f6cff538be34f,1,Vague / Missing Context,226,0.484
e9a9502d645391df297f6cff538be34f,2,Overloaded Prompt; Unnecessary Repetition,419,0.609
581d5205da76b81d1fc62cdc85ea05bc,1,Vague / Missing Context; Overloaded Prompt; Prompt Bloat / Convoluted Prompt,817,0.934
e4e585cf51d03953523b97fd32fbe825,1,Overloaded Prompt; Unnecessary Repetition,418,0.609
3f2c785cae90c5b82ed677c3d14f6437,1,Format Ambiguity; Overloaded Prompt,16,0.651
3f2c785cae90c5b82ed677c3d14f6437,2,Vague / Missing Context; Format Ambiguity,29,0.812
8603be60215ee300e16630f575682d45,1,Vague / Missing Context; Overloaded Prompt; Prompt Bloat / Convoluted Prompt,817,0.937
ba9370980f3ce4fe07c13c892c168891,1,Vague / Missing Context; Format Ambiguity; Unnecessary Repetition; Formality / Audience Mismatch,672,1.234
03f66d6fa3015364223a54847c0b0312,1,Vague / Missing Context; Overloaded Prompt; Prompt Bloat / Convoluted Prompt,817,0.942
03f66d6fa3015364223a54847c0b0312,2,Ambiguous References,141,0.511
44ec945b8fbd3c63f7db535fae996f92,1,Ambiguous References; Overloaded Prompt; Prompt Bloat / Convoluted Prompt,830,1.321
497e2972d969161b82377cbd793607cd,1,Unnecessary Repetition; Ambiguous References; Overloaded Prompt,687,1.125
912f2419fe58bac2e64a1c47c8bd9596,1,Unnecessary Repetition; Ambiguous References; Overloaded Prompt,687,0.952
d164c9ad991240d567feb41a2de18888,1,Vague / Missing Context,192,0.735
d164c9ad991240d567feb41a2de18888,2,Ambiguous References; Unnecessary Repetition,289,0.869
d164c9ad991240d567feb41a2de18888,3,Ambiguous References; Vague / Missing Context,272,0.754
d164c9ad991240d567feb41a2de18888,4,Vague / Missing Context; Ambiguous References,219,0.677
d164c9ad991240d567feb41a2de18888,5,Vague / Missing Context,177,0.535
d164c9ad991240d567feb41a2de18888,6,Conflicting Constraints,173,0.565
d164c9ad991240d567feb41a2de18888,7,Vague / Missing Context,184,0.669
d164c9ad991240d567feb41a2de18888,8,Vague / Missing Context,165,0.549
dc7ca1115543a57b7936a743cad7f3fe,1,Vague / Missing Context; Ambiguous References; Format Ambiguity,693,1.239
df2c876f974a75a8b11cb87cf35dfc2b,1,Unnecessary Repetition; Overloaded Prompt,937,0.762
e7a94bc09c0e803921830df923a765b9,1,Unnecessary Repetition; Overloaded Prompt,940,0.708
4835c04bbb449ec97049eef3abb861cb,1,Ambiguous References; Overloaded Prompt; Unnecessary Repetition; Prompt Bloat / Convoluted Prompt; Vague / Missing Context,791,1.291
00e997198d9ee26dfffabad0b6bf83a1,1,Overloaded Prompt; Prompt Bloat / Convoluted Prompt,940,0.669
c0b48aae0c5ccf63a065b0ab9cfc4a65,1,Vague / Missing Context,67,0.580
c0b48aae0c5ccf63a065b0ab9cfc4a65,2,Vague / Missing Context,11,0.774
c0b48aae0c5ccf63a065b0ab9cfc4a65,3,Vague / Missing Context; Format Ambiguity,45,0.714
c0b48aae0c5ccf63a065b0ab9cfc4a65,4,Format Ambiguity,34,0.643
c0b48aae0c5ccf63a065b0ab9cfc4a65,5,Vague / Missing Context,36,0.591
c0b48aae0c5ccf63a065b0ab9cfc4a65,6,Vague / Missing Context; Format Ambiguity,32,0.786
c0b48aae0c5ccf63a065b0ab9cfc4a65,7,Format Ambiguity,25,0.636
d9e18b85abb8f94a87ba2ed612246ffb,1,Vague / Missing Context; Format Ambiguity,250,0.665
15495e8ad0967e662fa324fd8866338f,1,Ambiguous References; Unnecessary Repetition; Bias / Loaded Framing,784,1.026
89b83081c904ab124a273701f9499941,1,Vague / Missing Context,677,0.778
442e2b41d3167cd6c848a9cf87457c8c,1,Ambiguous References; Unnecessary Repetition; Bias / Loaded Framing,784,1.026
5d12498f03799f0e25ba8b7fb6ab1305,1,Vague / Missing Context; Format Ambiguity,708,0.687
d32d00b7c9b1582da79d2f04a36fbb73,1,Vague / Missing Context; Ambiguous References,97,0.747
0bb78355ef31ff0c79587b73969bccb5,1,Ambiguous References; Unnecessary Repetition; Bias / Loaded Framing,826,1.029
2a810fb4b8d1a94f1457890b369d7bc5,1,Ambiguous References; Unnecessary Repetition; Bias / Loaded Framing,826,0.827
e8ed61b314481c70007bb2a366cd4a1a,1,Format Ambiguity,750,0.715
a40c5638ec3db463740906bc54ef68c7,1,Ambiguous References; Unnecessary Repetition; Bias / Loaded Framing,784,1.027
9ea702171237226f44eab744785322cc,1,Format Ambiguity,750,0.709
5bccbd04802925a323a3319bc5e0424d,1,Format Ambiguity; Overloaded Prompt,1797,0.928
deb9ff189fb319464bb684e768682a70,1,Vague / Missing Context,93,0.649
d1eebdbb4378d671909537307013e2b5,1,Format Ambiguity,754,0.707
e0827f6cf1d283c61a0056528da3390e,1,Ambiguous References; Overloaded Prompt; Prompt Bloat / Convoluted Prompt; Unnecessary Repetition; Vague / Missing Context,792,1.256
a9634a0407fc6fd27aad3a0401c322bd,1,No Smell,259,0.412
a9634a0407fc6fd27aad3a0401c322bd,2,Format Ambiguity,29,0.613
5798a4a99599fd1dba130db06aaa0b45,1,Ambiguous References; Overloaded Prompt; Prompt Bloat / Convoluted Prompt; Unnecessary Repetition; Vague / Missing Context,796,1.260
b2ba5413ba6f1cfa23a7a2fe597631ba,1,Vague / Missing Context,761,0.565
d02a8ce8c9eacb6d88a48b62475f174d,1,Ambiguous References; Overloaded Prompt; Prompt Bloat / Convoluted Prompt; Unnecessary Repetition; Vague / Missing Context,796,1.259
d799877c79c7e7a5bff0c71291e22737,1,Ambiguous References; Unnecessary Repetition,805,0.998
9a5d4349338507e5ffc9ecc979885b12,1,Vague / Missing Context; Format Ambiguity,778,0.624
6b775da82214d57b81b1675717eb3232,1,Ambiguous References; Unnecessary Repetition,241,0.599
0d25c2b68dae714b2f091aef34490bc7,1,Format Ambiguity; Unnecessary Repetition,868,0.832
176f54689c7eadbdde9e1bfe7ece482c,1,Unnecessary Repetition,1941,1.024
176f54689c7eadbdde9e1bfe7ece482c,3,Ambiguous References; Overloaded Prompt,1023,0.803
176f54689c7eadbdde9e1bfe7ece482c,4,Vague / Missing Context,1136,0.719
176f54689c7eadbdde9e1bfe7ece482c,5,No Smell,1175,0.623
55870e03cebc78abd69e192bb9bde8f9,1,Vague / Missing Context,777,0.628
55870e03cebc78abd69e192bb9bde8f9,2,Vague / Missing Context,50,0.461
1fcdc4d904e4268fc136fb39bc531402,1,Format Ambiguity,135,0.630
811cad1db0acbf392a28b77451996c2c,1,Vague / Missing Context,791,0.833
811cad1db0acbf392a28b77451996c2c,2,Vague / Missing Context,50,0.460
d43ee66832c304afd0711865aea1eeeb,1,Vague / Missing Context; Ambiguous References; Overloaded Prompt,882,1.215
64b521d9214c826f5ef91322bebbbbd8,1,Vague / Missing Context; Ambiguous References,883,1.143
55d5c893fd683f6f2c2d3bfc76c63032,1,Vague / Missing Context; Ambiguous References,54,0.667
55d5c893fd683f6f2c2d3bfc76c63032,2,Vague / Missing Context,50,0.503
55d5c893fd683f6f2c2d3bfc76c63032,3,Vague / Missing Context; Ambiguous References,106,0.632
55d5c893fd683f6f2c2d3bfc76c63032,4,Vague / Missing Context,319,0.468
55d5c893fd683f6f2c2d3bfc76c63032,5,Vague / Missing Context; Ambiguous References,125,0.772
55d5c893fd683f6f2c2d3bfc76c63032,6,Vague / Missing Context,180,0.468
55d5c893fd683f6f2c2d3bfc76c63032,7,Vague / Missing Context; Format Ambiguity,117,0.564
bf725df9b950d34a33cc8ad66ed7d1f9,1,Vague / Missing Context,791,0.833
050cd4b02ceaa9fb7b3e2bf5b20d9082,1,Vague / Missing Context,827,0.638
ff4541b6b4ff9d78109daf36effa64fc,1,Vague / Missing Context; Ambiguous References; Overloaded Prompt,874,1.206
454fa11627c4f4cea8ec19547849fa04,1,Format Ambiguity,118,0.675
1eb15f4669dd3d258e25670ba42e2b16,1,Ambiguous References; Vague / Missing Context,1814,1.189
b3be18a7c2079eeab05e6e87d18bd406,1,Vague / Missing Context; Ambiguous References,47,0.713
4656ced83b3237af6632bf1ae3893b78,1,Ambiguous References; Vague / Missing Context,1814,1.186
074a7695689bd16f3d43c1feacdfd997,1,Ambiguous References; Vague / Missing Context,1814,0.772
785a83096670782e061cc2ea407c6d76,1,Vague / Missing Context; Ambiguous References; Overloaded Prompt,878,1.218
e84f507c3a88b6d64f16d1abc67745ac,2,Vague / Missing Context; Format Ambiguity,51,0.706
e84f507c3a88b6d64f16d1abc67745ac,3,Vague / Missing Context; Ambiguous References,34,0.708
e84f507c3a88b6d64f16d1abc67745ac,4,Vague / Missing Context; Format Ambiguity,44,0.697
e84f507c3a88b6d64f16d1abc67745ac,5,Vague / Missing Context; Format Ambiguity,143,0.775
a7f9a8af8bf04f533f80d4d5b4193465,7,Ambiguous References; Vague / Missing Context,17,0.763
d4adc98c963ec5590638066e8c8ac8b3,1,Vague / Missing Context,126,0.560
d4adc98c963ec5590638066e8c8ac8b3,2,Vague / Missing Context; Ambiguous References,72,0.680
d4adc98c963ec5590638066e8c8ac8b3,3,Vague / Missing Context,44,0.434
d4adc98c963ec5590638066e8c8ac8b3,4,No Smell,20,0.567
7d9a9d52baba5458b5e241b905ffe74d,1,Format Ambiguity,141,0.581
786d8b24bf2d090c21a846be44e01326,1,Vague / Missing Context; Format Ambiguity,854,0.658
c784b287d76a595c6a6f019756e30805,1,Ambiguous References; Vague / Missing Context,1814,1.188
bfefa290050e9ec4673e2dcb0b37bb3a,1,Vague / Missing Context,861,0.641
461ebaad05c0f9a14f5acefa70411a10,1,Ambiguous References; Vague / Missing Context,1814,1.187
cf63f76341ece45f066dd001fc604980,1,Ambiguous References; Vague / Missing Context,17,0.813
cf63f76341ece45f066dd001fc604980,2,Vague / Missing Context; Format Ambiguity,28,0.833
cf63f76341ece45f066dd001fc604980,3,Vague / Missing Context,31,0.496
1667fed141975c82e348443d69ee5733,1,Ambiguous References; Vague / Missing Context,1814,1.188
ed281cb5efb34f3fc6a5e209ec1263a0,1,Ambiguous References; Vague / Missing Context,1814,0.766
f9c577e230850faac673df00ae166c55,1,Ambiguous References; Vague / Missing Context,1814,0.766
2a9fb52d482fdbeec726c9b395f61ae4,1,Vague / Missing Context; Format Ambiguity,42,0.725
2a9fb52d482fdbeec726c9b395f61ae4,2,Vague / Missing Context,51,0.660
2a9fb52d482fdbeec726c9b395f61ae4,3,Vague / Missing Context; Ambiguous References,58,0.726
2a9fb52d482fdbeec726c9b395f61ae4,4,Ambiguous References; Conflicting Constraints,128,0.779
2a9fb52d482fdbeec726c9b395f61ae4,5,Vague / Missing Context; Ambiguous References,89,0.684
2a9fb52d482fdbeec726c9b395f61ae4,6,Ambiguous References; Vague / Missing Context,120,0.740
2a9fb52d482fdbeec726c9b395f61ae4,7,Ambiguous References; Vague / Missing Context,49,0.733
2a9fb52d482fdbeec726c9b395f61ae4,8,Vague / Missing Context,184,0.511
b0bd6c1f11eec7750de220655858381c,1,Unnecessary Repetition,932,0.757
ce24c03e35f674d1994b2721f283a4ac,1,Ambiguous References; Vague / Missing Context,1814,1.192
d90a920d138deeebae54a3f293a22a54,1,Format Ambiguity,2197,0.943
d90a920d138deeebae54a3f293a22a54,2,Vague / Missing Context; Format Ambiguity,53,0.809
d90a920d138deeebae54a3f293a22a54,3,Vague / Missing Context,312,0.485
47b7f9b4dd22b299f921a5a8f4e24b17,1,Vague / Missing Context,893,0.664
9ca6263701e1613d28807fe348d300ca,1,Vague / Missing Context; Ambiguous References; Overloaded Prompt,891,1.299
e91511cddc5201c6dbf83ed9acbe52f0,1,Vague / Missing Context; Ambiguous References; Overloaded Prompt,892,1.118
05838ddafa1f7f0a69ee4378486247cd,1,Vague / Missing Context; Ambiguous References; Overloaded Prompt,892,1.095
1b5897509d5da999435aa594d157d4a7,1,Vague / Missing Context; Ambiguous References; Overloaded Prompt,872,1.287
a921a02db19f255637121ac897f12507,1,Vague / Missing Context,897,0.664
0fcc37336a6d5f031cb0057b4057d1f6,1,Ambiguous References; Vague / Missing Context,1814,1.189
9b691232ea789499cee1a39b08a20ca6,1,Vague / Missing Context; Format Ambiguity,98,0.698
9b691232ea789499cee1a39b08a20ca6,3,Ambiguous References; Vague / Missing Context,74,0.771
9b691232ea789499cee1a39b08a20ca6,4,Ambiguous References; Unnecessary Repetition,12,0.620
9b691232ea789499cee1a39b08a20ca6,5,Vague / Missing Context; Format Ambiguity,51,0.714
9b691232ea789499cee1a39b08a20ca6,6,Format Ambiguity,25,0.584
9b691232ea789499cee1a39b08a20ca6,7,Format Ambiguity,57,0.555
9b691232ea789499cee1a39b08a20ca6,8,Unnecessary Repetition; Ambiguous References,69,0.690
9b691232ea789499cee1a39b08a20ca6,9,Vague / Missing Context,18,0.492
9b691232ea789499cee1a39b08a20ca6,11,Format Ambiguity,19,0.398
9b691232ea789499cee1a39b08a20ca6,12,Ambiguous References,48,0.479
9b691232ea789499cee1a39b08a20ca6,13,No Smell,32,0.527
9b691232ea789499cee1a39b08a20ca6,14,Vague / Missing Context,16,0.471
9b691232ea789499cee1a39b08a20ca6,15,Ambiguous References; Unnecessary Repetition,31,0.652
9b691232ea789499cee1a39b08a20ca6,16,Vague / Missing Context,17,0.530
9b691232ea789499cee1a39b08a20ca6,17,Vague / Missing Context; Ambiguous References,60,0.649
9b691232ea789499cee1a39b08a20ca6,18,Vague / Missing Context,35,0.537
9b691232ea789499cee1a39b08a20ca6,19,Vague / Missing Context; Ambiguous References,51,0.678
9b691232ea789499cee1a39b08a20ca6,20,Vague / Missing Context,180,0.542
9b691232ea789499cee1a39b08a20ca6,21,Vague / Missing Context,37,0.462
9b691232ea789499cee1a39b08a20ca6,22,Vague / Missing Context; Format Ambiguity,59,0.739
9b691232ea789499cee1a39b08a20ca6,23,Format Ambiguity,28,0.617
9b691232ea789499cee1a39b08a20ca6,24,Vague / Missing Context; Format Ambiguity,140,0.714
9b691232ea789499cee1a39b08a20ca6,25,Ambiguous References; Unnecessary Repetition,54,0.801
9b691232ea789499cee1a39b08a20ca6,26,No Smell,81,0.478
9b691232ea789499cee1a39b08a20ca6,27,Ambiguous References,42,0.614
593bef5084fe47d9888fc1f9e28e6af2,1,Vague / Missing Context,852,0.741
717aa461dab90be9f26916a9cd7c5eeb,1,Ambiguous References; Vague / Missing Context,1814,1.186
f2b4915c418693914f44982ee7f89ffb,1,Vague / Missing Context; Ambiguous References,24,0.707
7034063b4a90d0a5deca82ba236c5e2a,1,Vague / Missing Context; Ambiguous References; Overloaded Prompt,906,1.220
e3efbbd771b7f4e0cee09cca0daec1bc,1,Format Ambiguity,24,0.669
fd7002e955065b59da169b4a65c8bc65,1,Vague / Missing Context; Ambiguous References; Overloaded Prompt,891,1.247
a860437418baa19ccc96e22c33237f45,1,Vague / Missing Context; Format Ambiguity,91,0.779
a860437418baa19ccc96e22c33237f45,2,Vague / Missing Context; Overloaded Prompt,55,0.659
d0967436d9fd429696b7a842fac351cd,1,Vague / Missing Context; Format Ambiguity,90,0.702
d0967436d9fd429696b7a842fac351cd,2,Format Ambiguity,35,0.512
8a3ea292aa20f4b346b00e90ef84a03a,1,Vague / Missing Context; Ambiguous References,1134,0.955
4d59c6b023d89cd2df289d8ea4989dfe,1,Vague / Missing Context,15,0.643
2cd5ec6526a867586c42ee300ec820a8,1,Vague / Missing Context,39,0.500
2cd5ec6526a867586c42ee300ec820a8,2,Vague / Missing Context,99,0.604
f4a4435b92c8f0cfdda7eb2d43c532bb,1,Format Ambiguity,21,0.588
2f165a07c18a417e11a711036017d460,1,Vague / Missing Context; Overloaded Prompt,2020,0.888
2f165a07c18a417e11a711036017d460,2,Ambiguous References; Unnecessary Repetition,83,0.667
2f165a07c18a417e11a711036017d460,3,Vague / Missing Context,113,0.536
52cb8d452af9d85a74927606006809dc,1,Ambiguous References; Unnecessary Repetition,38,0.658
1a19701c0fd6e653dded5a47bb4ccb7b,1,No Smell,1692,1.031
c7d7d60f3c15b10742e0c6f1a1bbf35a,1,No Smell,1692,0.654
9f0b3e617b31e37988b24d97af0f45d5,1,Ambiguous References; Vague / Missing Context,32,0.741
d0ed24fe93530a7505064e206a411939,1,Unnecessary Repetition; Ambiguous References; Overloaded Prompt,179,0.926
d0ed24fe93530a7505064e206a411939,2,Vague / Missing Context; Format Ambiguity,174,0.653
d0ed24fe93530a7505064e206a411939,3,Format Ambiguity,243,0.449
d0ed24fe93530a7505064e206a411939,4,Ambiguous References; Unnecessary Repetition; Irrelevant / Excessive Persona,168,0.936
cd297d4e4ed9c635c6ce151cfee1526d,1,No Smell,1692,1.030
3d93dd5f710235d56d35acf7333588c0,1,Vague / Missing Context; Format Ambiguity,43,0.893
4b948bd1ca33e0f79d823861cad669a0,1,No Smell,1692,1.028
dac5d9533f67724163024bdb43b7a9b0,1,Vague / Missing Context,39,0.422
890e495186fad8e0923095c8ac42ad50,1,Vague / Missing Context; Format Ambiguity,48,0.869
c80fae177c9369fe3017af87653c1ad6,1,Vague / Missing Context,46,0.669
c80fae177c9369fe3017af87653c1ad6,2,Conflicting Constraints,36,0.674
132ee86e00e8dd8ddba638a83f49ac0f,1,Vague / Missing Context,28,0.463
132ee86e00e8dd8ddba638a83f49ac0f,2,Vague / Missing Context; Ambiguous References,51,0.620
132ee86e00e8dd8ddba638a83f49ac0f,3,Vague / Missing Context; Ambiguous References,98,0.715
132ee86e00e8dd8ddba638a83f49ac0f,4,Ambiguous References,61,0.574
132ee86e00e8dd8ddba638a83f49ac0f,5,Vague / Missing Context; Ambiguous References,56,0.715
132ee86e00e8dd8ddba638a83f49ac0f,6,Ambiguous References; Vague / Missing Context,42,0.709
132ee86e00e8dd8ddba638a83f49ac0f,7,Vague / Missing Context,47,0.537
132ee86e00e8dd8ddba638a83f49ac0f,8,Ambiguous References; Vague / Missing Context,79,0.878
132ee86e00e8dd8ddba638a83f49ac0f,9,Ambiguous References; Unnecessary Repetition,74,0.736
132ee86e00e8dd8ddba638a83f49ac0f,10,Vague / Missing Context; Unnecessary Repetition,23,0.543
132ee86e00e8dd8ddba638a83f49ac0f,11,Vague / Missing Context,23,0.595
132ee86e00e8dd8ddba638a83f49ac0f,12,Vague / Missing Context,93,0.499
132ee86e00e8dd8ddba638a83f49ac0f,13,Unnecessary Repetition; Overloaded Prompt,41,0.634
132ee86e00e8dd8ddba638a83f49ac0f,14,Vague / Missing Context,31,0.661
132ee86e00e8dd8ddba638a83f49ac0f,15,Unnecessary Repetition,24,0.599
9f81c0672158f634d0add55e0acea7f8,1,Ambiguous References; Overloaded Prompt; Unnecessary Repetition,3049,1.465
9f81c0672158f634d0add55e0acea7f8,2,Vague / Missing Context; Format Ambiguity,53,0.812
9f81c0672158f634d0add55e0acea7f8,3,Overloaded Prompt; Vague / Missing Context,439,0.751
9f81c0672158f634d0add55e0acea7f8,4,Vague / Missing Context; Format Ambiguity,335,0.753
f4a7450efe4cb69c55ee14da2faffd1f,2,Vague / Missing Context; Format Ambiguity,20,0.632
f4a7450efe4cb69c55ee14da2faffd1f,4,Vague / Missing Context; Format Ambiguity,14,0.821
f4a7450efe4cb69c55ee14da2faffd1f,5,Vague / Missing Context,25,0.575
c82a66fde468e8d367e1a682126fc733,1,Vague / Missing Context; Ambiguous References,130,0.666
c82a66fde468e8d367e1a682126fc733,2,No Smell,9,0.464
c82a66fde468e8d367e1a682126fc733,3,Vague / Missing Context; Ambiguous References,140,0.797
c82a66fde468e8d367e1a682126fc733,4,Vague / Missing Context; Format Ambiguity,142,0.696
c82a66fde468e8d367e1a682126fc733,5,Vague / Missing Context; Ambiguous References,152,0.797
c82a66fde468e8d367e1a682126fc733,6,Vague / Missing Context,65,0.664
c82a66fde468e8d367e1a682126fc733,7,Vague / Missing Context,1999,0.837
c82a66fde468e8d367e1a682126fc733,8,Vague / Missing Context; Format Ambiguity,2006,1.092
93df1f0c89b3d19ece3b5f44430409f0,1,Vague / Missing Context; Ambiguous References; Overloaded Prompt,887,1.280
48de200714e2c07b5fd20ee86b4cccea,1,Vague / Missing Context; Ambiguous References; Overloaded Prompt,887,1.072
75ddcab39fbe5384b8fac9fa2b9fdad1,1,Vague / Missing Context; Format Ambiguity,28,0.784
3bd2561aa403a589e46d81854a5e93d1,1,Irrelevant / Excessive Persona; Ambiguous References,183,0.563
8986e4d150a850248618c7a82a1f359d,1,Ambiguous References; Unnecessary Repetition; Formality / Audience Mismatch,168,0.919
bfd8dca4517044044b7e3f0bcffa8340,1,Vague / Missing Context; Format Ambiguity,31,0.674
dc709370774ecf208af53cab3faf6d46,1,Ambiguous References; Unnecessary Repetition; Prompt Bloat / Convoluted Prompt,878,1.020
b632a31e0524b8341c107d99b27d8936,1,Vague / Missing Context; Format Ambiguity,191,0.649
654ab696c821551b8410bbf0000b2f3f,1,Ambiguous References; Overloaded Prompt; Unnecessary Repetition,885,0.876
df5772d926792c1a7fb5cdd7b1ae365f,1,Ambiguous References; Unnecessary Repetition; Prompt Bloat / Convoluted Prompt,861,1.042
050bedd55f053d981f9150090719fae8,1,Vague / Missing Context; Format Ambiguity,55,0.801
050bedd55f053d981f9150090719fae8,2,Ambiguous References; Vague / Missing Context,68,0.676
050bedd55f053d981f9150090719fae8,3,Vague / Missing Context; Format Ambiguity,43,0.735
050bedd55f053d981f9150090719fae8,5,Ambiguous References; Vague / Missing Context,90,0.725
5baaf2ee5b23f77373b0249a71e72c5d,1,Ambiguous References; Unnecessary Repetition; Prompt Bloat / Convoluted Prompt,861,1.043
af644f1744b0b5462dc3d88ed2825f8e,1,Vague / Missing Context; Ambiguous References,54,0.696
af644f1744b0b5462dc3d88ed2825f8e,2,Formality / Audience Mismatch; Overloaded Prompt,20,0.606
af644f1744b0b5462dc3d88ed2825f8e,3,Vague / Missing Context; Ambiguous References,30,0.740
668c5e78866d95eb9667c5a1fb214dd8,1,Ambiguous References; Unnecessary Repetition; Prompt Bloat / Convoluted Prompt,861,1.040
8e348a4e6ae6914d5367923013c71a0b,1,Vague / Missing Context; Format Ambiguity,45,0.751
8ec44f7de2900b4c702d92e80a5e3d2e,1,Ambiguous References; Overloaded Prompt,900,1.108
dd7d48f5f54f976d13b0f193c7924dbf,1,Vague / Missing Context; Overloaded Prompt,2012,0.887
5c94c2cbb9dead5e01fadf5222e20bb4,1,Ambiguous References; Overloaded Prompt,1127,0.719
5c94c2cbb9dead5e01fadf5222e20bb4,2,Vague / Missing Context,451,0.576
5c94c2cbb9dead5e01fadf5222e20bb4,3,Vague / Missing Context; Format Ambiguity,348,0.580
5c94c2cbb9dead5e01fadf5222e20bb4,4,Vague / Missing Context,293,0.542
5c94c2cbb9dead5e01fadf5222e20bb4,5,Vague / Missing Context; Ambiguous References,273,0.706
120de4b77dbc4879aea7fc09f2d6d499,1,Vague / Missing Context,811,0.643
6afed78d91599b76b556ade4d92f7ae4,1,Vague / Missing Context; Format Ambiguity,1860,0.915
6afed78d91599b76b556ade4d92f7ae4,2,Vague / Missing Context; Format Ambiguity,53,0.809
6afed78d91599b76b556ade4d92f7ae4,3,Vague / Missing Context; Overloaded Prompt,539,0.846
4baf6815866042aee86bf81ce26dcbae,1,Vague / Missing Context; Format Ambiguity,50,0.730
4baf6815866042aee86bf81ce26dcbae,2,Vague / Missing Context; Format Ambiguity,46,0.733
4baf6815866042aee86bf81ce26dcbae,3,Vague / Missing Context; Ambiguous References,32,0.641
4baf6815866042aee86bf81ce26dcbae,4,Ambiguous References; Unnecessary Repetition,35,0.697
4baf6815866042aee86bf81ce26dcbae,5,Vague / Missing Context; Ambiguous References,94,0.739
8ae3722051890ca1245df36df686689a,1,Vague / Missing Context; Ambiguous References,820,0.851
9554c6e13543d8df547d8766cf4992b6,1,Format Ambiguity,2153,0.913
39e2fc122f9b9aa8821e21f24ededa22,1,Vague / Missing Context; Ambiguous References,681,0.795
18b412c1fe51d29ba23cabeead42a3c0,1,Ambiguous References; Vague / Missing Context,3152,1.617
18b412c1fe51d29ba23cabeead42a3c0,2,Format Ambiguity,3179,1.135
18b412c1fe51d29ba23cabeead42a3c0,3,Format Ambiguity; Unnecessary Repetition,589,0.758
18b412c1fe51d29ba23cabeead42a3c0,4,Vague / Missing Context; Ambiguous References; Overloaded Prompt; Prompt Bloat / Convoluted Prompt,1640,1.083
eab649a8756a8df70ebeb47117a4c864,1,Vague / Missing Context; Format Ambiguity,666,0.878
e73e800b64d760b706682a245557691b,1,Vague / Missing Context; Ambiguous References,486,0.664
e73e800b64d760b706682a245557691b,2,Vague / Missing Context; Unnecessary Repetition,352,0.607
e73e800b64d760b706682a245557691b,3,Formality / Audience Mismatch,547,0.634
e73e800b64d760b706682a245557691b,4,Ambiguous References; Vague / Missing Context,288,0.575
e73e800b64d760b706682a245557691b,5,Vague / Missing Context,746,0.520
e73e800b64d760b706682a245557691b,6,Vague / Missing Context; Ambiguous References,341,0.497
e73e800b64d760b706682a245557691b,7,Vague / Missing Context; Ambiguous References,553,0.756
e73e800b64d760b706682a245557691b,8,Ambiguous References,305,0.468
89debf5f001015b35ae85fa664a39810,2,Vague / Missing Context,11,0.339
89debf5f001015b35ae85fa664a39810,3,Vague / Missing Context; Format Ambiguity,1643,0.792
14215dda7ed7cdec11ac250ebdf8ecab,1,Vague / Missing Context,44,0.433
14215dda7ed7cdec11ac250ebdf8ecab,2,Format Ambiguity,41,0.595
14215dda7ed7cdec11ac250ebdf8ecab,4,Vague / Missing Context,37,0.471
383570d91901150babf026383bd26a19,1,Ambiguous References; Overloaded Prompt,1352,0.818
0eef34c02fe5d734c7b4a432ea68afdf,1,Ambiguous References; Overloaded Prompt,1352,0.566
35c8cce2936fc5d04f2d56cad4d89e4c,1,Vague / Missing Context; Ambiguous References,89,0.723
087a1fad6b195e32fc9dc9bce917bcff,1,Vague / Missing Context; Ambiguous References,36,0.841
7c95e6af72150cc07095e6e65c73b8ba,1,Vague / Missing Context; Format Ambiguity,67,0.667
7c95e6af72150cc07095e6e65c73b8ba,2,Vague / Missing Context,19,0.414
7c95e6af72150cc07095e6e65c73b8ba,3,Ambiguous References; Format Ambiguity,62,0.713
7c95e6af72150cc07095e6e65c73b8ba,4,Vague / Missing Context; Format Ambiguity,21,0.785
7c95e6af72150cc07095e6e65c73b8ba,5,Format Ambiguity,39,0.528
7c95e6af72150cc07095e6e65c73b8ba,6,Ambiguous References; Vague / Missing Context,36,0.800
a091cdd17ad40e3ee0eb5c1549ce4f08,2,Vague / Missing Context,28,0.442
a091cdd17ad40e3ee0eb5c1549ce4f08,3,Vague / Missing Context,18,0.547
9cd1eaa25dd9e5f8fc91562d1a67f466,1,Format Ambiguity,4000,1.369
9cd1eaa25dd9e5f8fc91562d1a67f466,2,Vague / Missing Context; Format Ambiguity,288,0.611
9cd1eaa25dd9e5f8fc91562d1a67f466,3,Ambiguous References,14,0.759
8390653367bc6d492ee432daa8306d4c,1,Vague / Missing Context; Ambiguous References,36,0.838
8390653367bc6d492ee432daa8306d4c,2,Vague / Missing Context; Format Ambiguity,53,0.734
1ccbd683e05bd106388ca6fb7da11fa3,1,Vague / Missing Context; Format Ambiguity,51,0.685
1ccbd683e05bd106388ca6fb7da11fa3,3,Ambiguous References; Format Ambiguity,28,0.754
1be3df9266ee3d8fc54b35f35415dc66,1,Vague / Missing Context,737,0.680
1be3df9266ee3d8fc54b35f35415dc66,2,Vague / Missing Context; Format Ambiguity,73,0.719
1be3df9266ee3d8fc54b35f35415dc66,3,Vague / Missing Context,15,0.574
1be3df9266ee3d8fc54b35f35415dc66,4,Conflicting Constraints; Ambiguous References,92,0.617
1be3df9266ee3d8fc54b35f35415dc66,5,Ambiguous References; Vague / Missing Context,57,0.715
d03322d17bdda72c66f7090633d7ec6e,1,Vague / Missing Context,94,0.712
d03322d17bdda72c66f7090633d7ec6e,2,Vague / Missing Context,94,0.674
d03322d17bdda72c66f7090633d7ec6e,3,Vague / Missing Context,27,0.765
5662ac6d992698f7e6f4e22a904ba35d,1,Vague / Missing Context; Overloaded Prompt,63,0.648
5662ac6d992698f7e6f4e22a904ba35d,2,Ambiguous References; Vague / Missing Context,28,0.714
5662ac6d992698f7e6f4e22a904ba35d,3,Vague / Missing Context,39,0.413
5662ac6d992698f7e6f4e22a904ba35d,4,No Smell,63,0.480
5662ac6d992698f7e6f4e22a904ba35d,5,Ambiguous References,106,0.749
5662ac6d992698f7e6f4e22a904ba35d,7,Ambiguous References,52,0.433
d18deec38f1ff055f69207908069a908,2,Vague / Missing Context; Format Ambiguity,79,0.703
d18deec38f1ff055f69207908069a908,3,Vague / Missing Context; Ambiguous References,51,0.659
d18deec38f1ff055f69207908069a908,4,Format Ambiguity,143,0.420
d18deec38f1ff055f69207908069a908,5,Vague / Missing Context; Format Ambiguity,89,0.798
d18deec38f1ff055f69207908069a908,6,Vague / Missing Context,21,0.669
d18deec38f1ff055f69207908069a908,7,Vague / Missing Context; Unnecessary Repetition,82,0.744
d18deec38f1ff055f69207908069a908,8,Format Ambiguity,26,0.612
d18deec38f1ff055f69207908069a908,9,Vague / Missing Context; Ambiguous References,59,0.698
70a47c082b8c41ee2e4386a263b5246f,1,Vague / Missing Context; Ambiguous References,127,0.723
d80bc66c42e99d48cecd06ec5ce9684f,2,Vague / Missing Context; Ambiguous References,85,0.686
28bf3336eead2746fd0cc3aa18843748,1,Vague / Missing Context; Unnecessary Repetition,220,0.607
90828c2f843afbab5ddfa926d747e5e3,1,Conflicting Constraints,445,0.580
90828c2f843afbab5ddfa926d747e5e3,2,Vague / Missing Context; Format Ambiguity,45,0.676
0b93c325ffa4922071e2bf8baac90127,1,Vague / Missing Context,117,0.515
0b93c325ffa4922071e2bf8baac90127,2,Unnecessary Repetition; Ambiguous References,43,0.741
5135bffd1942b5fdff72b8fc6b312aea,1,Vague / Missing Context; Ambiguous References; Overloaded Prompt,97,0.887
332617cd8dacea323d39da0797756b56,1,Vague / Missing Context; Format Ambiguity,97,0.778
332617cd8dacea323d39da0797756b56,2,Vague / Missing Context; Ambiguous References,102,0.755
332617cd8dacea323d39da0797756b56,3,Vague / Missing Context; Ambiguous References,142,0.707
332617cd8dacea323d39da0797756b56,4,Format Ambiguity,19,0.564
332617cd8dacea323d39da0797756b56,5,Vague / Missing Context; Ambiguous References,67,0.848
332617cd8dacea323d39da0797756b56,6,Vague / Missing Context; Ambiguous References,75,0.707
332617cd8dacea323d39da0797756b56,7,Vague / Missing Context; Format Ambiguity,243,0.586
332617cd8dacea323d39da0797756b56,8,Vague / Missing Context; Ambiguous References,89,0.863
332617cd8dacea323d39da0797756b56,9,Vague / Missing Context,118,0.465
18ef2b6165f6be02bb7e01e5b5a030cd,1,Vague / Missing Context; Format Ambiguity,34,0.596
4f81ad463688b636e60b65d0f59c7348,1,Format Ambiguity,38,0.368
8cd8cad8269430a123c93b14ccf1e04b,1,Format Ambiguity,38,0.336
8eef2117d28c37748d5a1d8966581ae4,1,Format Ambiguity,38,0.336
7a689cbe389ad2827c1ab1944605c330,1,Format Ambiguity,38,0.336
81252a543423daac194f3e7a2dd5195f,1,Vague / Missing Context; Ambiguous References,71,0.714
81252a543423daac194f3e7a2dd5195f,3,Vague / Missing Context; Ambiguous References,50,0.745
81252a543423daac194f3e7a2dd5195f,4,Vague / Missing Context,1602,0.802
bde8c832a00f777723e825f7f8f343a4,1,Vague / Missing Context; Format Ambiguity,26,0.762
28718cb6f3357f2ab176d9fd9e2c8a56,1,Overloaded Prompt,1583,0.851
7d747f0648951acd91f74c3396285397,1,Vague / Missing Context; Ambiguous References,102,0.599
7d747f0648951acd91f74c3396285397,2,Vague / Missing Context,78,0.496
7d747f0648951acd91f74c3396285397,3,Ambiguous References; Unnecessary Repetition,93,0.807
7d747f0648951acd91f74c3396285397,4,Vague / Missing Context; Ambiguous References,49,0.678
7d747f0648951acd91f74c3396285397,5,Vague / Missing Context; Format Ambiguity,60,0.569
7d747f0648951acd91f74c3396285397,6,Vague / Missing Context,222,0.488
7d747f0648951acd91f74c3396285397,7,Vague / Missing Context,188,0.517
bb3f5ac78492cd99217a1ce6b4ff3618,1,Overloaded Prompt,1583,0.851
f24d69342cb212e039df965f4cf0e33b,1,Ambiguous References; Vague / Missing Context,147,0.649
275080b290a2c4c098709b7dafe7bdeb,1,Vague / Missing Context; Format Ambiguity,45,0.682
275080b290a2c4c098709b7dafe7bdeb,2,Vague / Missing Context; Format Ambiguity,41,0.659
275080b290a2c4c098709b7dafe7bdeb,3,Vague / Missing Context; Format Ambiguity,44,0.717
275080b290a2c4c098709b7dafe7bdeb,4,Vague / Missing Context; Format Ambiguity,36,0.745
275080b290a2c4c098709b7dafe7bdeb,5,Vague / Missing Context; Format Ambiguity,45,0.678
c875638a81fdfe07b13ba25783db5270,1,No Smell,1093,0.682
ff31211b619d1520467094a33d0939f1,1,No Smell,1093,0.457
709fe14d2939b7de98f7d42194944c64,1,Vague / Missing Context,33,0.461
dd67e7191f8ac6eeda20836e6243f726,1,Bias / Loaded Framing; Unnecessary Repetition,3980,1.324
e9fee8047359fb2b1cda041e036bfc54,1,Bias / Loaded Framing; Unnecessary Repetition,3980,0.572
4c6d62d7d604a92dfd4a907ce558fdc2,2,Ambiguous References; Format Ambiguity,15,0.795
4c6d62d7d604a92dfd4a907ce558fdc2,3,Format Ambiguity,167,0.527
95d1673a83811f11ef209d86d4511acb,1,Vague / Missing Context; Ambiguous References,71,0.651
6bfef795a9625dcb39f64b258a7e7ebb,1,Vague / Missing Context; Ambiguous References,65,0.654
c4273b2dc6a1d4ea3ae8734dcdb5cfc6,1,Vague / Missing Context; Format Ambiguity,321,0.968
08dd45baf986348e5caa45ffd699312d,1,Ambiguous References; Vague / Missing Context,74,0.687
babbe2c62ec6174580ea6bd6fc7e169b,1,Vague / Missing Context; Format Ambiguity,71,0.705
fa2276ce549d5061e7e1b9a6a8c0d652,1,Vague / Missing Context; Ambiguous References,65,0.660
dc415abe44e6ea0a843c47470a1985c0,1,Vague / Missing Context; Format Ambiguity,45,0.677
dc415abe44e6ea0a843c47470a1985c0,2,Vague / Missing Context; Format Ambiguity,40,0.690
dc415abe44e6ea0a843c47470a1985c0,3,Vague / Missing Context; Format Ambiguity,44,0.717
dc415abe44e6ea0a843c47470a1985c0,4,Vague / Missing Context; Format Ambiguity,36,0.745
c37d0bffd0e1ad316c646906a2afef4e,1,Vague / Missing Context,21,0.709
c37d0bffd0e1ad316c646906a2afef4e,2,Ambiguous References; Vague / Missing Context,7,0.612
c37d0bffd0e1ad316c646906a2afef4e,3,Ambiguous References,10,0.677
65100e865b1ec38612458c52d5c02dd3,1,Vague / Missing Context,1602,0.802
588db44bb874198ab425ce6981c21a6a,1,Vague / Missing Context,1602,0.887
6a834581df08b5d2771eefedc6dae3f7,1,Vague / Missing Context; Format Ambiguity,106,0.713
6a834581df08b5d2771eefedc6dae3f7,2,No Smell,13,0.573
6a834581df08b5d2771eefedc6dae3f7,3,Ambiguous References,50,0.582
6a834581df08b5d2771eefedc6dae3f7,4,Vague / Missing Context; Ambiguous References,89,0.827
6a834581df08b5d2771eefedc6dae3f7,5,Vague / Missing Context,44,0.603
6a834581df08b5d2771eefedc6dae3f7,6,Ambiguous References; Vague / Missing Context,38,0.711
6a834581df08b5d2771eefedc6dae3f7,7,No Smell,36,0.413
6a834581df08b5d2771eefedc6dae3f7,8,Vague / Missing Context; Ambiguous References,102,0.846
6a834581df08b5d2771eefedc6dae3f7,9,Ambiguous References; Vague / Missing Context,21,0.730
6a834581df08b5d2771eefedc6dae3f7,10,Unnecessary Repetition; Ambiguous References,87,0.637
6a834581df08b5d2771eefedc6dae3f7,11,Vague / Missing Context; Ambiguous References,78,0.747
6a834581df08b5d2771eefedc6dae3f7,12,Vague / Missing Context,130,0.451
c929294b5d38b7cd515f80171fcdcfe9,1,Vague / Missing Context,173,0.422
c929294b5d38b7cd515f80171fcdcfe9,2,Format Ambiguity,74,0.548
c929294b5d38b7cd515f80171fcdcfe9,3,Vague / Missing Context; Format Ambiguity,38,0.657
c929294b5d38b7cd515f80171fcdcfe9,4,Vague / Missing Context; Format Ambiguity,108,0.694
c929294b5d38b7cd515f80171fcdcfe9,5,Ambiguous References; Vague / Missing Context,21,0.634
c929294b5d38b7cd515f80171fcdcfe9,6,Vague / Missing Context,70,0.656
c929294b5d38b7cd515f80171fcdcfe9,7,Format Ambiguity,44,0.648
5950fc875ec2779b679982411563ca49,1,Vague / Missing Context; Format Ambiguity,97,0.678
fdaf88b5a981137744e84b7aeee0df2e,1,Vague / Missing Context; Ambiguous References,122,0.716
fdaf88b5a981137744e84b7aeee0df2e,2,Vague / Missing Context,45,0.548
fdaf88b5a981137744e84b7aeee0df2e,3,No Smell,44,0.338
fdaf88b5a981137744e84b7aeee0df2e,4,Vague / Missing Context,55,0.453
c111c7af2f62baf1e9f9d7528ee7259f,1,Vague / Missing Context; Ambiguous References,37,0.771
c111c7af2f62baf1e9f9d7528ee7259f,2,Vague / Missing Context; Format Ambiguity,1615,0.995
c111c7af2f62baf1e9f9d7528ee7259f,3,Vague / Missing Context; Ambiguous References,74,0.639
c111c7af2f62baf1e9f9d7528ee7259f,5,Vague / Missing Context; Ambiguous References,59,0.640
fdabb9accb10c46fbeb9b20911613eea,1,Irrelevant / Excessive Persona,38,0.547
fdabb9accb10c46fbeb9b20911613eea,2,Vague / Missing Context,6,0.591
fdabb9accb10c46fbeb9b20911613eea,3,Ambiguous References; Unnecessary Repetition,18,0.691
fdabb9accb10c46fbeb9b20911613eea,5,Vague / Missing Context; Format Ambiguity,56,0.668
fdabb9accb10c46fbeb9b20911613eea,6,Ambiguous References; Overloaded Prompt,39,0.500
fdabb9accb10c46fbeb9b20911613eea,7,Irrelevant / Excessive Persona,98,0.603
fb0dbf70dcc1838fcbd6030e25823d04,2,Formality / Audience Mismatch,86,0.573
ce93a458b5d27074dc7fc33bbd33b924,1,Ambiguous References; Unnecessary Repetition,40,0.531
1a906a8b8313989e62b58f0cb0ca3a5a,1,Vague / Missing Context,173,0.431
1a906a8b8313989e62b58f0cb0ca3a5a,2,Format Ambiguity,74,0.548
1a906a8b8313989e62b58f0cb0ca3a5a,3,Vague / Missing Context,52,0.640
1a906a8b8313989e62b58f0cb0ca3a5a,4,Vague / Missing Context; Format Ambiguity,46,0.725
1a906a8b8313989e62b58f0cb0ca3a5a,5,Vague / Missing Context,46,0.631
1a906a8b8313989e62b58f0cb0ca3a5a,6,Format Ambiguity; Overloaded Prompt,64,0.701
1a906a8b8313989e62b58f0cb0ca3a5a,7,Ambiguous References; Unnecessary Repetition,55,0.694
2a0fa6a16e4a3e9a359af9be5af35995,1,Vague / Missing Context; Ambiguous References,49,0.744
2a0fa6a16e4a3e9a359af9be5af35995,2,Vague / Missing Context; Ambiguous References,67,0.650
2a0fa6a16e4a3e9a359af9be5af35995,3,Vague / Missing Context; Format Ambiguity,26,0.649
cc68c30ac5142b39d3629958bbdb2ba9,1,Vague / Missing Context; Format Ambiguity,9,0.652
f90390e23423b79f452e091ee5040cd5,1,Vague / Missing Context; Format Ambiguity,55,0.725
c740ed5705bb625d21b162c7ab99af34,1,Overloaded Prompt; Prompt Bloat / Convoluted Prompt,868,0.661
d97cde2f824eef059d083d3f03cd0b2c,1,Vague / Missing Context,37,0.444
927efbef28d8b70e585b546e5fed835c,1,Vague / Missing Context; Format Ambiguity,44,0.714
927efbef28d8b70e585b546e5fed835c,2,Vague / Missing Context; Format Ambiguity,45,0.681
927efbef28d8b70e585b546e5fed835c,3,Vague / Missing Context,37,0.573
927efbef28d8b70e585b546e5fed835c,4,Vague / Missing Context; Format Ambiguity,43,0.689
cc2e385dde7ab9aa4ac16afc50f510e7,1,Ambiguous References; Vague / Missing Context,132,0.566
cc2e385dde7ab9aa4ac16afc50f510e7,2,Vague / Missing Context; Ambiguous References,66,0.629
cc2e385dde7ab9aa4ac16afc50f510e7,3,Ambiguous References; Unnecessary Repetition,36,0.622
cc2e385dde7ab9aa4ac16afc50f510e7,4,Vague / Missing Context; Ambiguous References,52,0.771
cc2e385dde7ab9aa4ac16afc50f510e7,5,Vague / Missing Context; Format Ambiguity,82,0.692
90455cdaae5389e5cacfd67c489045ec,1,Vague / Missing Context,190,0.506
90455cdaae5389e5cacfd67c489045ec,2,Vague / Missing Context; Format Ambiguity,135,0.796
bb6b25b4b50d2bd4b3cdab13c648da54,1,Ambiguous References; Vague / Missing Context,10,0.790
bf7cbee6d057d880a4017b0a261c9af8,1,Vague / Missing Context; Format Ambiguity,108,0.754
bf7cbee6d057d880a4017b0a261c9af8,2,Ambiguous References; Vague / Missing Context,118,0.687
bece629dbea88fdcad24293df48f6b75,2,Vague / Missing Context,13,0.707
ab33109550534875b81763727d836d3b,1,No Smell,1692,1.026
1e53da117000595ce2723a55f29f4a78,1,Vague / Missing Context,58,0.470
1e53da117000595ce2723a55f29f4a78,2,Ambiguous References; Vague / Missing Context,96,0.704
e5929fc4a5ae4cece00ec811c95a27c5,1,Vague / Missing Context; Format Ambiguity,75,0.750
e5929fc4a5ae4cece00ec811c95a27c5,2,Vague / Missing Context,2212,0.930
a7766f48a8c83052e6a48c4106ece0e2,1,Unnecessary Repetition; Conflicting Constraints,2380,1.258
f7f8c79c3ff42ee60135177360210a4d,1,Vague / Missing Context; Format Ambiguity,38,0.606
ec465292e8211536cc05bc384bbfe1e2,1,Vague / Missing Context; Format Ambiguity,231,0.740
ec465292e8211536cc05bc384bbfe1e2,2,Vague / Missing Context; Format Ambiguity,224,0.718
ec465292e8211536cc05bc384bbfe1e2,3,Vague / Missing Context; Overloaded Prompt,45,0.660
ec465292e8211536cc05bc384bbfe1e2,4,Vague / Missing Context; Ambiguous References,108,0.793
47f58486d3bcf4a78bba991063a6f7dc,1,Format Ambiguity; Overloaded Prompt,571,0.683
c7a198a487108b77be5744b28186c0a6,1,Unnecessary Repetition; Conflicting Constraints,2380,1.256
a2d4ba3336f8ec1fba047ddfb4112175,2,Vague / Missing Context; Format Ambiguity,75,0.660
9f574e8cbcbfe27c9370856cbb62c175,1,Vague / Missing Context; Ambiguous References,63,0.706
406032a9040c5891d87aad42aace2fd4,1,Vague / Missing Context; Format Ambiguity,193,0.583
10c976dc22e6fe2e1a630164a53d8c3f,1,Vague / Missing Context; Ambiguous References; Overloaded Prompt,341,0.765
caa7862aa9f1e283e06607663aa3d0e9,1,Vague / Missing Context,365,0.671
4dd2b69870dab815bc9a4a7ee2e976b2,1,Vague / Missing Context,365,0.564
7f88a7cd856afae2a90fd9b4d531c249,1,Vague / Missing Context,358,0.673
bdceb943fe53af655ad7ca2507055455,1,Vague / Missing Context,48,0.561
bdceb943fe53af655ad7ca2507055455,2,Vague / Missing Context,30,0.651
bdceb943fe53af655ad7ca2507055455,3,Vague / Missing Context,50,0.762
bdceb943fe53af655ad7ca2507055455,4,Vague / Missing Context,26,0.652
b9866548d8b356078840887ee2524e07,1,Format Ambiguity,956,0.730
e8f28266fc5bb4e01b4d19c5f6ddda90,1,Format Ambiguity,1015,0.693
90998a958f800a774b65b58b2695b282,1,Format Ambiguity,1236,0.754
5aebcac7a3e2829625c06447b027eb3c,1,Vague / Missing Context,32,0.684
44894a0f06ee4d7c828c551910577f51,2,Vague / Missing Context,24,0.453
231c609cb9e36059e5e72e28b3656c54,1,Conflicting Constraints; Ambiguous References,1743,1.010
869865636919ac70c7994b4a9f3e63ba,1,Unnecessary Repetition,2240,0.980
eed6fd491343eaddbbeca7091a148c1d,1,Vague / Missing Context; Format Ambiguity,23,0.720
0300168fb61a1ea65ee9ac203ae9add2,1,Vague / Missing Context,4000,1.389
e9a662a9e6700fa2063c5d873cebb461,1,No Smell,13,0.623
839ff9751f0e7f12ebf36ec605f501e9,1,Vague / Missing Context; Ambiguous References,26,0.677
b2a1665527bf3b1e8e156262e947ca73,1,Vague / Missing Context,4000,1.394
9c14680c9c15c331e97522d31ab00237,1,Vague / Missing Context,4000,0.529
284b0e6dddd837f1310a537b1bee78b7,1,Unnecessary Repetition; Ambiguous References,41,0.789
4771c8eac4157c2bcf2ead12f340a19d,1,Vague / Missing Context; Format Ambiguity,3874,1.103
4771c8eac4157c2bcf2ead12f340a19d,2,Vague / Missing Context; Ambiguous References,43,0.752
4771c8eac4157c2bcf2ead12f340a19d,3,No Smell,25,0.434
4771c8eac4157c2bcf2ead12f340a19d,4,Vague / Missing Context,58,0.585
4771c8eac4157c2bcf2ead12f340a19d,5,No Smell,10,0.423
f1c15271d72b0dbd7fec09d29b7ffb0e,1,Ambiguous References; Unnecessary Repetition,25,0.708
f1c15271d72b0dbd7fec09d29b7ffb0e,2,Ambiguous References; Vague / Missing Context,41,0.800
f1c15271d72b0dbd7fec09d29b7ffb0e,3,Vague / Missing Context,41,0.727
064ef9a24dd6eb77b472243a92d2abcb,1,Vague / Missing Context,4000,1.390
f81c874ee7a8f5bcf63e6c171264d83b,1,Vague / Missing Context; Ambiguous References,59,0.639
d6c9731f13e11a3e3af4a424bdf049d5,1,Vague / Missing Context,286,0.608
b9d40431992c38ca77909736622dbac2,1,Vague / Missing Context,37,0.585
3398cd6c7db8038e8bbfd050398ca59a,1,Vague / Missing Context,332,0.544
74e523b459af860cf6d9c372a0c56d1a,1,Vague / Missing Context,4000,1.394
fc66d5e9383dd7589bed5f764bc1e88b,1,Vague / Missing Context,401,0.577
3a571fe8a8723a67bb8ad4dfb371d2b5,1,Vague / Missing Context; Ambiguous References,73,0.628
3a571fe8a8723a67bb8ad4dfb371d2b5,2,Vague / Missing Context; Ambiguous References,62,0.771
26dc7e393129c92547c27f36d8fba83d,3,Ambiguous References,98,0.566
4b8a8bca9771ef8bcb95ba1f4211ec7f,2,Vague / Missing Context; Ambiguous References,25,0.698
4b8a8bca9771ef8bcb95ba1f4211ec7f,3,Vague / Missing Context,29,0.416
b4f7d69f8d95e031760881eb3c8b6b6d,1,Ambiguous References; Overloaded Prompt,180,0.497
b4f7d69f8d95e031760881eb3c8b6b6d,2,Vague / Missing Context; Unnecessary Repetition,141,0.591
b4f7d69f8d95e031760881eb3c8b6b6d,3,Vague / Missing Context; Format Ambiguity,200,0.580
b4f7d69f8d95e031760881eb3c8b6b6d,4,Format Ambiguity; Overloaded Prompt,75,0.670
b4f7d69f8d95e031760881eb3c8b6b6d,5,Vague / Missing Context; Format Ambiguity,43,0.641
b4f7d69f8d95e031760881eb3c8b6b6d,6,Ambiguous References; Conflicting Constraints,160,0.568
b4f7d69f8d95e031760881eb3c8b6b6d,7,Ambiguous References,186,0.515
ee1480e6068c4353f782e50f4e7585a2,1,Vague / Missing Context,4000,1.390
12e88ef88b7c3ab1aa800e4a6c6ecb63,1,Vague / Missing Context; Format Ambiguity,59,0.689
6b1cbb6b8fd2d1c201610f661f1e88b7,1,Vague / Missing Context,42,0.479
16db4c53967461132be43f140c919c51,1,Vague / Missing Context; Format Ambiguity,63,0.690
2c0959ff82361c7b61d37832d6c8410d,1,Vague / Missing Context,4000,1.391
de91ad53da973ef72d6ad773250302a6,1,Vague / Missing Context; Ambiguous References,73,0.658
e791a9b05e378096b23cacc9767c1dae,1,Ambiguous References; Format Ambiguity,80,0.713
e791a9b05e378096b23cacc9767c1dae,2,Format Ambiguity,43,0.583
cf71b69b0863da2cead2edd3a0e67ea0,1,Vague / Missing Context,528,0.610
9d5072f555d031441d273416847a8b50,1,Vague / Missing Context; Format Ambiguity,80,0.696
9d5072f555d031441d273416847a8b50,2,Vague / Missing Context; Format Ambiguity,80,0.699
ad5088c43803f7c4855684fac55d5ced,1,Vague / Missing Context,106,0.563
e52304f034cfdda521fde31c44593774,2,Vague / Missing Context; Format Ambiguity,1045,0.788
e52304f034cfdda521fde31c44593774,3,Vague / Missing Context; Format Ambiguity,36,0.734
e52304f034cfdda521fde31c44593774,4,Ambiguous References,703,0.687
e52304f034cfdda521fde31c44593774,5,Vague / Missing Context,711,0.558
e52304f034cfdda521fde31c44593774,6,No Smell,16,0.556
e52304f034cfdda521fde31c44593774,7,Format Ambiguity,12,0.605
8176dbdb9af2c1fcb75cdb1f80c928cd,1,Vague / Missing Context,159,0.466
8176dbdb9af2c1fcb75cdb1f80c928cd,2,Ambiguous References; Vague / Missing Context,29,0.739
8176dbdb9af2c1fcb75cdb1f80c928cd,3,Vague / Missing Context,14,0.642
c5310f8ce7a26eee13f8ef7660120e23,1,Format Ambiguity,44,0.742
c5310f8ce7a26eee13f8ef7660120e23,2,Vague / Missing Context; Format Ambiguity,22,0.625
62c78add9adf7b961766d9c300f9e7e4,1,Format Ambiguity,243,0.543
18484a37b947919406779ae49e174f14,1,Format Ambiguity,243,0.477
3189a07d0c0261205f40bdf5d75e80b1,1,Ambiguous References; Vague / Missing Context,69,0.725
ce6ba122f9d06b13bccc13b3eda6c5f9,3,Format Ambiguity,265,0.502
ce6ba122f9d06b13bccc13b3eda6c5f9,5,Vague / Missing Context; Ambiguous References,67,0.626
4679c092af62e9f6352b1af7e974ad3e,1,Vague / Missing Context,10,0.565
4c2e9d5a30fc0515f196ba8d766d261f,1,Vague / Missing Context,106,0.572
52d72af08b8dda7c81125e53f37f5b30,1,Vague / Missing Context; Format Ambiguity,72,0.698
c0daf54bc13b6cb0615b631433763925,1,Vague / Missing Context; Format Ambiguity,4000,1.298
c51f14cd61f94983cc267ba01304d8ae,4,Ambiguous References,17,0.405
d8891697fcfe13ff249e64e9f1a7cd45,1,Vague / Missing Context; Format Ambiguity,52,0.631
d8891697fcfe13ff249e64e9f1a7cd45,2,Vague / Missing Context; Format Ambiguity,69,0.639
fdba6ddf58fa35fc12968ed036f5f380,1,Vague / Missing Context; Format Ambiguity,4000,1.442
2253f4bbcc8deea4aa1344ae1f7dd36e,1,Vague / Missing Context; Format Ambiguity,83,0.639
2253f4bbcc8deea4aa1344ae1f7dd36e,2,Ambiguous References; Overloaded Prompt,82,0.753
a78c24ace35b7d530d559955c04b8efb,2,Vague / Missing Context; Format Ambiguity,38,0.690
a78c24ace35b7d530d559955c04b8efb,3,Vague / Missing Context,60,0.471
a78c24ace35b7d530d559955c04b8efb,4,Vague / Missing Context; Format Ambiguity,113,0.637
a78c24ace35b7d530d559955c04b8efb,5,Vague / Missing Context,76,0.604
a78c24ace35b7d530d559955c04b8efb,6,Vague / Missing Context,100,0.618
0cc2f542d958884f6658cb64e1a38efc,1,Vague / Missing Context,678,0.723
23a000141bab923a080238b3f23aa05a,1,Vague / Missing Context; Format Ambiguity,4000,1.440
2ac7151cbbce70f9bbad17cc0be35add,1,Vague / Missing Context,824,0.644
2ac7151cbbce70f9bbad17cc0be35add,2,Vague / Missing Context,977,0.653
2ac7151cbbce70f9bbad17cc0be35add,3,Vague / Missing Context,2031,0.821
b6ced884c9cda6dc83552155c945563e,1,Ambiguous References; Vague / Missing Context,76,0.696
b9b0b4890d0f467349a730adde7a2d41,1,Vague / Missing Context,713,0.818
a2e7efa77de3297c2e5dcb49de9ae0ac,1,Vague / Missing Context; Format Ambiguity,83,0.639
a2e7efa77de3297c2e5dcb49de9ae0ac,2,Ambiguous References; Overloaded Prompt,82,0.752
a2e7efa77de3297c2e5dcb49de9ae0ac,3,Vague / Missing Context,85,0.564
a2e7efa77de3297c2e5dcb49de9ae0ac,4,Vague / Missing Context; Format Ambiguity,105,0.566
c8d5eedc6d8f2b21efe531175524f896,2,Vague / Missing Context; Format Ambiguity,50,0.655
4ff0aac0ccbf0e5b0e34e69de3f92a8f,1,Vague / Missing Context; Format Ambiguity,83,0.783
370ba055fe2def5e6e2e5d0422effcc9,1,Vague / Missing Context,56,0.450
43e3016e9831fc891f2d805bc5cdbbe8,1,Ambiguous References; Vague / Missing Context,47,0.499
43e3016e9831fc891f2d805bc5cdbbe8,2,Vague / Missing Context; Format Ambiguity,39,0.707
43e3016e9831fc891f2d805bc5cdbbe8,3,Vague / Missing Context,45,0.451
87d31a9295c07aabe5a484b129d65f7c,1,Format Ambiguity,4000,1.470
1774ccafb513217be2dfe5d34c035a18,1,Format Ambiguity,144,0.551
c7c49ff3ab9e6863f46f924c5cde695d,1,Vague / Missing Context; Format Ambiguity,106,0.705
c7c49ff3ab9e6863f46f924c5cde695d,2,Overloaded Prompt; Unnecessary Repetition,108,0.842
d19348c7149b34451cec6b095910b3bc,1,Vague / Missing Context; Format Ambiguity,4000,1.610
45e9391055d88e991251b802852bcac9,1,Vague / Missing Context; Format Ambiguity,41,0.755
45e9391055d88e991251b802852bcac9,2,Vague / Missing Context,57,0.773
45e9391055d88e991251b802852bcac9,3,Vague / Missing Context; Format Ambiguity,50,0.744
45e9391055d88e991251b802852bcac9,4,Vague / Missing Context; Format Ambiguity,66,0.687
45e9391055d88e991251b802852bcac9,5,Vague / Missing Context,40,0.474
45e9391055d88e991251b802852bcac9,6,Ambiguous References; Vague / Missing Context,41,0.628
45e9391055d88e991251b802852bcac9,7,Vague / Missing Context; Format Ambiguity,56,0.753
45e9391055d88e991251b802852bcac9,9,Vague / Missing Context,24,0.524
45e9391055d88e991251b802852bcac9,12,Vague / Missing Context; Format Ambiguity,21,0.679
45e9391055d88e991251b802852bcac9,13,Vague / Missing Context; Format Ambiguity,15,0.680
45e9391055d88e991251b802852bcac9,14,Vague / Missing Context; Format Ambiguity,48,0.603
45e9391055d88e991251b802852bcac9,15,Vague / Missing Context; Ambiguous References,43,0.792
45e9391055d88e991251b802852bcac9,16,Vague / Missing Context; Ambiguous References,66,0.704
45e9391055d88e991251b802852bcac9,19,Vague / Missing Context; Format Ambiguity,49,0.799
45e9391055d88e991251b802852bcac9,20,Vague / Missing Context; Ambiguous References,30,0.747
45e9391055d88e991251b802852bcac9,21,Ambiguous References,28,0.454
45e9391055d88e991251b802852bcac9,22,Vague / Missing Context; Ambiguous References,41,0.791
39f5ec6bc72b7b2e0fb451b88c8739cc,1,Ambiguous References; Vague / Missing Context,41,0.658
39f5ec6bc72b7b2e0fb451b88c8739cc,2,Vague / Missing Context; Format Ambiguity,74,0.809
39f5ec6bc72b7b2e0fb451b88c8739cc,3,Ambiguous References; Vague / Missing Context,71,0.829
39f5ec6bc72b7b2e0fb451b88c8739cc,4,Ambiguous References; Unnecessary Repetition,53,0.631
739d60fc54aa715af5b60f0a9485d16c,1,Vague / Missing Context; Format Ambiguity,106,0.708
0e206aec95903554968ffa8d0f89f25a,1,Vague / Missing Context,154,0.515
091eb7545c084c374cdcfc36714d59ed,1,Vague / Missing Context; Format Ambiguity,47,0.696
091eb7545c084c374cdcfc36714d59ed,2,Vague / Missing Context; Format Ambiguity,40,0.688
091eb7545c084c374cdcfc36714d59ed,3,Vague / Missing Context; Format Ambiguity,35,0.705
091eb7545c084c374cdcfc36714d59ed,4,Bias / Loaded Framing; Unnecessary Repetition,43,0.699
3408c99295878035eccb0611ee963614,1,Ambiguous References; Vague / Missing Context,48,0.714
3408c99295878035eccb0611ee963614,2,Vague / Missing Context; Format Ambiguity,52,0.736
cbbed737bec72534e264dda36ca46909,1,Vague / Missing Context; Format Ambiguity,51,0.704
cbbed737bec72534e264dda36ca46909,3,Ambiguous References; Vague / Missing Context,42,0.639
cbbed737bec72534e264dda36ca46909,5,Ambiguous References; Vague / Missing Context,41,0.734
5e255f392d520fe86dd33131b8500176,1,Vague / Missing Context,36,0.509
5e255f392d520fe86dd33131b8500176,2,Vague / Missing Context; Format Ambiguity,54,0.639
ff06c93b6fc5d7184f226c4ae3be4d36,1,Vague / Missing Context,25,0.539
ff06c93b6fc5d7184f226c4ae3be4d36,2,Vague / Missing Context; Format Ambiguity,43,0.593
ff06c93b6fc5d7184f226c4ae3be4d36,3,Ambiguous References; Format Ambiguity,45,0.677
ff06c93b6fc5d7184f226c4ae3be4d36,4,Vague / Missing Context,29,0.472
ff06c93b6fc5d7184f226c4ae3be4d36,5,Ambiguous References; Vague / Missing Context,64,0.695
ff06c93b6fc5d7184f226c4ae3be4d36,6,Ambiguous References; Overloaded Prompt,55,0.494
ff06c93b6fc5d7184f226c4ae3be4d36,7,Ambiguous References; Vague / Missing Context,41,0.660
ff06c93b6fc5d7184f226c4ae3be4d36,8,Vague / Missing Context,144,0.528
ff06c93b6fc5d7184f226c4ae3be4d36,9,Vague / Missing Context,54,0.659
3e8bcc2af550710c79ab9fa7c9cbe8bc,1,Vague / Missing Context; Format Ambiguity,57,0.690
3e8bcc2af550710c79ab9fa7c9cbe8bc,2,Vague / Missing Context; Ambiguous References,78,0.655
6baaa23853b17a38aadb005d421ba3ed,1,Format Ambiguity,4000,1.352
398dbde5901ed11cf003821de8607df0,1,Ambiguous References; Overloaded Prompt,152,0.988
398dbde5901ed11cf003821de8607df0,2,Ambiguous References,10,0.566
af58aaaf34b35c906cdc31b4b573cb4e,1,Vague / Missing Context; Ambiguous References,47,0.612
af58aaaf34b35c906cdc31b4b573cb4e,2,Vague / Missing Context; Ambiguous References,80,0.662
af58aaaf34b35c906cdc31b4b573cb4e,3,Vague / Missing Context; Ambiguous References,60,0.608
0718b3f921261d45388998c3b1f14338,1,Vague / Missing Context,59,0.500
0718b3f921261d45388998c3b1f14338,2,Vague / Missing Context,46,0.531
0718b3f921261d45388998c3b1f14338,3,Vague / Missing Context; Ambiguous References,77,0.690
0718b3f921261d45388998c3b1f14338,4,Ambiguous References; Vague / Missing Context,45,0.659
0718b3f921261d45388998c3b1f14338,5,Ambiguous References; Vague / Missing Context,53,0.535
6027b0fba751a5352c5882e39195c947,1,Vague / Missing Context; Format Ambiguity,1277,0.818
9066e1815d673be501601b8203a6cfc2,1,Vague / Missing Context; Ambiguous References,59,0.608
9066e1815d673be501601b8203a6cfc2,2,Vague / Missing Context; Ambiguous References,52,0.610
18db845d740264a90a2a3c2c1a8e83b5,1,Vague / Missing Context,1445,0.755
7047e974a293e58f37e1bcd7f0e2beac,1,Vague / Missing Context,513,0.496
25f041ec24b2db3006c01fe5392bdf30,1,Vague / Missing Context; Format Ambiguity,4000,1.419
576d8ad509168f77d3698c5ed0458aa7,1,Vague / Missing Context; Ambiguous References,151,0.677
576d8ad509168f77d3698c5ed0458aa7,3,Conflicting Constraints,712,0.667
636730cf4205d4996f3e9364d20d189e,1,Format Ambiguity; Vague / Missing Context,1166,1.032
f074237afd45470512fba05bf1f45158,1,Vague / Missing Context; Format Ambiguity,121,0.618
f074237afd45470512fba05bf1f45158,2,Ambiguous References; Unnecessary Repetition,4000,1.583
f074237afd45470512fba05bf1f45158,3,Format Ambiguity,4000,1.781
e633275a4168f18b2e54ed2de80eb822,1,Overloaded Prompt,4000,1.926
27cf10cde659f7be3b6d84ee6add0356,1,Format Ambiguity,243,0.516
b949abfeb8c48832c5ce5e645b47bce7,1,Vague / Missing Context,23,0.640
b949abfeb8c48832c5ce5e645b47bce7,2,Vague / Missing Context,25,0.621
b949abfeb8c48832c5ce5e645b47bce7,3,Vague / Missing Context; Ambiguous References,19,0.683
844a083791eadcd3af7815c18b1ab046,1,Format Ambiguity,4000,1.267
afab7b892588f230812208e8e52e8722,1,Ambiguous References; Vague / Missing Context,58,0.724
5b56ca1b19c3ad7f1601ee111ae77ba0,1,Vague / Missing Context,39,0.625
825090b978285265abdf03669f70c69f,1,Vague / Missing Context,117,0.490
825090b978285265abdf03669f70c69f,2,Format Ambiguity,123,0.544
825090b978285265abdf03669f70c69f,3,Vague / Missing Context; Format Ambiguity,113,0.611
5e0b62ee7bb17b6cfe275d884a7ae1a0,1,Vague / Missing Context; Format Ambiguity,105,0.643
5e0b62ee7bb17b6cfe275d884a7ae1a0,2,Unnecessary Repetition; Ambiguous References,30,0.518
52720388b7b8fe8d427d6317b615b72f,1,No Smell,176,0.517
52720388b7b8fe8d427d6317b615b72f,3,Ambiguous References; Format Ambiguity,146,0.601
52720388b7b8fe8d427d6317b615b72f,4,Ambiguous References; Format Ambiguity,146,0.508
52720388b7b8fe8d427d6317b615b72f,6,Conflicting Constraints,230,0.623
9773a9a2170638254adc2e5682bf8aee,1,Unnecessary Repetition,430,0.578
9773a9a2170638254adc2e5682bf8aee,2,Vague / Missing Context; Format Ambiguity,43,0.745
ff4fb78b7a5b1c7173fdeeab6b248ceb,1,Vague / Missing Context,83,0.442
ff4fb78b7a5b1c7173fdeeab6b248ceb,2,Conflicting Constraints,495,0.743
ff4fb78b7a5b1c7173fdeeab6b248ceb,3,Vague / Missing Context; Ambiguous References,499,0.617
ff4fb78b7a5b1c7173fdeeab6b248ceb,7,Conflicting Constraints; Unnecessary Repetition,629,0.697
66617b4d03fdc170a92dfd477c68d8ea,1,Vague / Missing Context; Format Ambiguity,101,0.655
6e6f2d7a40c43db18b8d1ad059d80e36,1,Formality / Audience Mismatch,172,0.440
61f3ece568b70b415d7180da10a1698e,1,Vague / Missing Context; Format Ambiguity,42,0.705
61f3ece568b70b415d7180da10a1698e,2,Format Ambiguity; Ambiguous References,42,0.699
61f3ece568b70b415d7180da10a1698e,3,Vague / Missing Context; Format Ambiguity,26,0.715
61f3ece568b70b415d7180da10a1698e,4,Format Ambiguity,43,0.799
61f3ece568b70b415d7180da10a1698e,5,Ambiguous References; Vague / Missing Context,72,0.688
61f3ece568b70b415d7180da10a1698e,7,Format Ambiguity; Ambiguous References,30,0.710
61f3ece568b70b415d7180da10a1698e,8,Ambiguous References; Vague / Missing Context,16,0.768
61f3ece568b70b415d7180da10a1698e,9,Conflicting Constraints; Format Ambiguity,212,0.497
61f3ece568b70b415d7180da10a1698e,10,Conflicting Constraints; Ambiguous References,180,0.579
c128e448c8d4a2a2d0ab7f678a0bbae6,1,Vague / Missing Context,290,0.460
c128e448c8d4a2a2d0ab7f678a0bbae6,2,Vague / Missing Context,257,0.553
e17a4b7d371f64c67812168771789105,1,Vague / Missing Context; Ambiguous References,63,0.630
e17a4b7d371f64c67812168771789105,2,No Smell,47,0.518
8ca58bf2b8e9f970845a574dcf6880ae,1,Vague / Missing Context; Format Ambiguity,23,0.566
8ca58bf2b8e9f970845a574dcf6880ae,2,Format Ambiguity,25,0.627
bd9da6feb0fb6e6be4f577029c920b39,1,Vague / Missing Context; Format Ambiguity,4000,1.345
c3870004dba7c831e225ee041ad3d897,1,Vague / Missing Context,4000,1.456
c8e924d279cc476e37155af8cccf765d,2,Format Ambiguity,255,0.680
7e09e399c79cb69b8d6a80953e094ec6,1,Format Ambiguity; Overloaded Prompt,113,0.694
7e09e399c79cb69b8d6a80953e094ec6,2,Format Ambiguity,36,0.480
7e09e399c79cb69b8d6a80953e094ec6,3,Format Ambiguity,33,0.489
7e09e399c79cb69b8d6a80953e094ec6,4,Format Ambiguity,39,0.479
7e09e399c79cb69b8d6a80953e094ec6,5,Format Ambiguity,88,0.694
7e09e399c79cb69b8d6a80953e094ec6,6,Conflicting Constraints; Unnecessary Repetition,21,0.708
7e09e399c79cb69b8d6a80953e094ec6,7,Format Ambiguity,39,0.478
7e09e399c79cb69b8d6a80953e094ec6,8,Vague / Missing Context; Format Ambiguity,83,0.710
7e09e399c79cb69b8d6a80953e094ec6,9,Format Ambiguity,32,0.452
7e09e399c79cb69b8d6a80953e094ec6,10,Format Ambiguity,37,0.517
7e09e399c79cb69b8d6a80953e094ec6,11,Format Ambiguity,55,0.488
7e09e399c79cb69b8d6a80953e094ec6,12,Unnecessary Repetition; Conflicting Constraints,22,0.593
97c3263bf859ddd624cf572de159c002,1,Vague / Missing Context,381,0.546
97c3263bf859ddd624cf572de159c002,2,Vague / Missing Context; Format Ambiguity,155,0.781
7d1b0abf2497ad343da0f7950e82ba52,2,Vague / Missing Context,20,0.559
7d1b0abf2497ad343da0f7950e82ba52,4,Unnecessary Repetition,20,0.586
378b6be6ff2572aa4c1ea226f9d4bf46,1,Format Ambiguity,4000,1.424
b2cd9b3dba480eb57e2f7da991f3c286,1,Vague / Missing Context,381,0.545
b2cd9b3dba480eb57e2f7da991f3c286,2,Vague / Missing Context; Format Ambiguity,155,0.780
b2cd9b3dba480eb57e2f7da991f3c286,3,Format Ambiguity,438,0.697
b2cd9b3dba480eb57e2f7da991f3c286,4,Vague / Missing Context,154,0.579
445e5cc33cf42f3d32586a54169aa3f9,1,Overloaded Prompt,4000,1.424
aaa615b181f36f32c479c62598552939,3,Ambiguous References; Vague / Missing Context,9,0.766
e1cae45c4e1bbee0453b3ccc7599c431,1,Ambiguous References,26,0.450
3ddde9de9a786fe9dbc6a8fe4b6e444d,1,Vague / Missing Context,47,0.508
3ddde9de9a786fe9dbc6a8fe4b6e444d,4,Ambiguous References; Unnecessary Repetition,418,0.632
3ddde9de9a786fe9dbc6a8fe4b6e444d,5,Format Ambiguity,205,0.432
92774fc636bb34225fc764ee1e141bbc,1,Ambiguous References; Vague / Missing Context,30,0.623
92774fc636bb34225fc764ee1e141bbc,2,Ambiguous References; Vague / Missing Context,28,0.827
92774fc636bb34225fc764ee1e141bbc,3,Ambiguous References; Vague / Missing Context,33,0.611
92774fc636bb34225fc764ee1e141bbc,4,Ambiguous References; Overloaded Prompt,31,0.615
c45ebc37d04dafcd87a291c4d227b8e5,1,Vague / Missing Context,1161,0.769
5953c85a43f6cff921c050418188a632,1,Vague / Missing Context; Ambiguous References,1141,0.845
5c71148629cc9b35bdc4d9395b769e5a,1,Vague / Missing Context,378,0.594
5c71148629cc9b35bdc4d9395b769e5a,2,Vague / Missing Context; Format Ambiguity,156,0.780
5c71148629cc9b35bdc4d9395b769e5a,3,Vague / Missing Context,392,0.545
5c71148629cc9b35bdc4d9395b769e5a,4,Vague / Missing Context,154,0.579
5c71148629cc9b35bdc4d9395b769e5a,5,No Smell,389,0.623
43d489af2fb3939361ae6799d07e4749,1,Vague / Missing Context; Format Ambiguity,41,0.714
43d489af2fb3939361ae6799d07e4749,2,Ambiguous References; Vague / Missing Context,43,0.716
b3cb2f3a3347428d0e3fd9ab8501c143,1,Vague / Missing Context,48,0.706
009932cccc273e564034521942d9b29b,1,Vague / Missing Context; Ambiguous References,1070,0.858
ffeadd618c316f8c27f5be7178c25b3f,1,Format Ambiguity,336,0.583
ffeadd618c316f8c27f5be7178c25b3f,2,Vague / Missing Context; Format Ambiguity,144,0.608
ffeadd618c316f8c27f5be7178c25b3f,3,Vague / Missing Context; Ambiguous References,32,0.675
f45adb705f27060f5bd14143b08c67f3,1,Format Ambiguity,4000,1.314
a6a64ed3b3a5acb7e907d097ff18cb55,1,Ambiguous References; Vague / Missing Context,61,0.516
febdc205374d9c3d857b77274ff310b2,1,Format Ambiguity,1052,0.860
c9884461346605e0165d4b15bf455197,1,Ambiguous References; Vague / Missing Context,112,0.635
c9884461346605e0165d4b15bf455197,2,Vague / Missing Context; Ambiguous References,49,0.694
c9884461346605e0165d4b15bf455197,3,Ambiguous References; Vague / Missing Context,42,0.685
1b8d2ab6aa38e92083945a623eb73db5,1,Vague / Missing Context; Format Ambiguity,4000,1.424
05f9c9dcb571ea0ccf68975e0422bc56,1,Ambiguous References; Overloaded Prompt,64,0.567
05f9c9dcb571ea0ccf68975e0422bc56,2,Vague / Missing Context,57,0.631
05f9c9dcb571ea0ccf68975e0422bc56,3,Ambiguous References; Vague / Missing Context,99,0.669
05f9c9dcb571ea0ccf68975e0422bc56,4,Ambiguous References; Vague / Missing Context,42,0.820
05f9c9dcb571ea0ccf68975e0422bc56,5,Vague / Missing Context,78,0.561
05f9c9dcb571ea0ccf68975e0422bc56,6,Ambiguous References; Vague / Missing Context,89,0.683
d2d9b212550e24b4a0835a7a9674a826,1,Ambiguous References,70,0.440
6c88288bc749c3d05941f82aceb722df,1,Vague / Missing Context; Ambiguous References,48,0.754
6c88288bc749c3d05941f82aceb722df,2,Vague / Missing Context; Ambiguous References,48,0.724
6c88288bc749c3d05941f82aceb722df,3,Vague / Missing Context; Ambiguous References,94,0.685
6c88288bc749c3d05941f82aceb722df,6,Vague / Missing Context; Ambiguous References,74,0.660
6c88288bc749c3d05941f82aceb722df,7,Vague / Missing Context,80,0.481
6c88288bc749c3d05941f82aceb722df,8,Vague / Missing Context,35,0.512
6c88288bc749c3d05941f82aceb722df,11,Vague / Missing Context,38,0.422
184f15f783bd23a82cff7166b2efa3ef,1,Vague / Missing Context,1582,0.749
184f15f783bd23a82cff7166b2efa3ef,2,Vague / Missing Context; Ambiguous References,959,0.887
184f15f783bd23a82cff7166b2efa3ef,3,No Smell,821,0.798
184f15f783bd23a82cff7166b2efa3ef,4,Unnecessary Repetition; Ambiguous References,61,0.611
184f15f783bd23a82cff7166b2efa3ef,5,Formality / Audience Mismatch,27,0.561
184f15f783bd23a82cff7166b2efa3ef,6,No Smell,90,0.518
184f15f783bd23a82cff7166b2efa3ef,7,Vague / Missing Context; Ambiguous References; Overloaded Prompt; Prompt Bloat / Convoluted Prompt,290,0.771
184f15f783bd23a82cff7166b2efa3ef,8,Vague / Missing Context,199,0.455
184f15f783bd23a82cff7166b2efa3ef,9,Ambiguous References; Unnecessary Repetition,539,0.582
6473f48e71416ba4b2571deb41ae7c19,1,Vague / Missing Context; Format Ambiguity,31,0.670
6473f48e71416ba4b2571deb41ae7c19,2,Format Ambiguity; Overloaded Prompt,7,0.763
6473f48e71416ba4b2571deb41ae7c19,3,Vague / Missing Context; Format Ambiguity,41,0.610
6473f48e71416ba4b2571deb41ae7c19,4,Vague / Missing Context; Format Ambiguity,30,0.718
d8e1d80aeb35e75e94702d6312c46a1b,7,Vague / Missing Context,17,0.666
e62ebb28be10d3fa67ffa8936b21b883,1,Vague / Missing Context; Format Ambiguity,4000,1.425
8eea8678ac2a6c3d976ed562ebd5899f,1,No Smell,376,0.631
8eea8678ac2a6c3d976ed562ebd5899f,2,Vague / Missing Context; Format Ambiguity,155,0.779
8eea8678ac2a6c3d976ed562ebd5899f,3,Vague / Missing Context,378,0.593
8eea8678ac2a6c3d976ed562ebd5899f,4,Vague / Missing Context,154,0.578
8eea8678ac2a6c3d976ed562ebd5899f,6,No Smell,378,0.511
8eea8678ac2a6c3d976ed562ebd5899f,7,Vague / Missing Context,154,0.579
8eea8678ac2a6c3d976ed562ebd5899f,8,Vague / Missing Context,389,0.588
8eea8678ac2a6c3d976ed562ebd5899f,9,Vague / Missing Context,154,0.580
8eea8678ac2a6c3d976ed562ebd5899f,10,Format Ambiguity,434,0.623
8eea8678ac2a6c3d976ed562ebd5899f,11,Vague / Missing Context,154,0.580
8eea8678ac2a6c3d976ed562ebd5899f,12,Vague / Missing Context,396,0.632
8eea8678ac2a6c3d976ed562ebd5899f,13,Vague / Missing Context,154,0.580
8eea8678ac2a6c3d976ed562ebd5899f,14,Vague / Missing Context,410,0.604
8eea8678ac2a6c3d976ed562ebd5899f,15,Vague / Missing Context,154,0.579
8eea8678ac2a6c3d976ed562ebd5899f,16,Vague / Missing Context; Format Ambiguity,390,0.616
8eea8678ac2a6c3d976ed562ebd5899f,17,Vague / Missing Context,154,0.579
8eea8678ac2a6c3d976ed562ebd5899f,18,Vague / Missing Context,397,0.594
8eea8678ac2a6c3d976ed562ebd5899f,19,Vague / Missing Context; Format Ambiguity,156,0.778
8eea8678ac2a6c3d976ed562ebd5899f,20,Vague / Missing Context,380,0.614
8eea8678ac2a6c3d976ed562ebd5899f,21,Vague / Missing Context; Format Ambiguity,155,0.779
8eea8678ac2a6c3d976ed562ebd5899f,22,Vague / Missing Context,380,0.622
8eea8678ac2a6c3d976ed562ebd5899f,23,Vague / Missing Context; Format Ambiguity,155,0.779
8eea8678ac2a6c3d976ed562ebd5899f,24,Vague / Missing Context,417,0.576
8eea8678ac2a6c3d976ed562ebd5899f,25,Vague / Missing Context; Format Ambiguity,155,0.779
8eea8678ac2a6c3d976ed562ebd5899f,26,Vague / Missing Context,380,0.614
8eea8678ac2a6c3d976ed562ebd5899f,27,Vague / Missing Context; Format Ambiguity,155,0.630
8eea8678ac2a6c3d976ed562ebd5899f,28,No Smell,417,0.659
8eea8678ac2a6c3d976ed562ebd5899f,29,Vague / Missing Context; Format Ambiguity,155,0.628
8eea8678ac2a6c3d976ed562ebd5899f,30,Vague / Missing Context,388,0.546
8eea8678ac2a6c3d976ed562ebd5899f,31,Vague / Missing Context; Format Ambiguity,155,0.628
8eea8678ac2a6c3d976ed562ebd5899f,32,Vague / Missing Context,421,0.549
8eea8678ac2a6c3d976ed562ebd5899f,33,Vague / Missing Context; Format Ambiguity,155,0.626
8eea8678ac2a6c3d976ed562ebd5899f,34,Format Ambiguity,381,0.519
8eea8678ac2a6c3d976ed562ebd5899f,35,Vague / Missing Context; Format Ambiguity,155,0.628
8eea8678ac2a6c3d976ed562ebd5899f,36,Vague / Missing Context,400,0.596
ee9911677693093c8ef0df1da0d2ab60,1,Vague / Missing Context; Ambiguous References,1141,0.844
158d0297008e76f551ee6a12789183d2,1,Vague / Missing Context,404,0.595
9900365ae9739f74647fc35b8ac89f07,1,Vague / Missing Context,736,0.608
8e503c44490bffef5cdd44b1a8b9370f,1,Vague / Missing Context,4000,1.334
abf104dbb3e0aa23c7bf8bbad12f81e9,2,Vague / Missing Context; Ambiguous References,90,0.637
7fd14a34f8d1c387be978e9ff9bda4aa,1,Vague / Missing Context; Format Ambiguity,291,0.846
e2e229e6950c975808759a160ed837b9,1,Vague / Missing Context,56,0.592
e2e229e6950c975808759a160ed837b9,2,Vague / Missing Context; Format Ambiguity,64,0.898
6821b67a85cb954cdc08951d4f7a82f2,1,Ambiguous References; Overloaded Prompt; Unnecessary Repetition,1229,1.195
3b9b97ecdb6712c59624e1459d5d8ac8,1,Format Ambiguity,117,0.695
3b9b97ecdb6712c59624e1459d5d8ac8,2,Vague / Missing Context; Ambiguous References,40,0.774
094d3a7c639a2dbcf6193220443132dd,1,Vague / Missing Context,404,0.596
094d3a7c639a2dbcf6193220443132dd,2,Vague / Missing Context; Format Ambiguity,155,0.626
094d3a7c639a2dbcf6193220443132dd,3,Vague / Missing Context,387,0.698
094d3a7c639a2dbcf6193220443132dd,4,Vague / Missing Context; Format Ambiguity,155,0.628
094d3a7c639a2dbcf6193220443132dd,5,Format Ambiguity,436,0.594
094d3a7c639a2dbcf6193220443132dd,6,Vague / Missing Context; Format Ambiguity,155,0.629
094d3a7c639a2dbcf6193220443132dd,7,Format Ambiguity,388,0.667
094d3a7c639a2dbcf6193220443132dd,8,Vague / Missing Context; Format Ambiguity,155,0.628
094d3a7c639a2dbcf6193220443132dd,9,Format Ambiguity,434,0.699
094d3a7c639a2dbcf6193220443132dd,10,Vague / Missing Context; Format Ambiguity,155,0.628
094d3a7c639a2dbcf6193220443132dd,11,Vague / Missing Context,378,0.548
094d3a7c639a2dbcf6193220443132dd,12,Vague / Missing Context; Format Ambiguity,155,0.629
094d3a7c639a2dbcf6193220443132dd,13,Vague / Missing Context,365,0.584
094d3a7c639a2dbcf6193220443132dd,14,Vague / Missing Context; Format Ambiguity,155,0.630
094d3a7c639a2dbcf6193220443132dd,15,Vague / Missing Context,438,0.584
094d3a7c639a2dbcf6193220443132dd,16,Vague / Missing Context; Format Ambiguity,155,0.628
094d3a7c639a2dbcf6193220443132dd,17,Vague / Missing Context,398,0.592
094d3a7c639a2dbcf6193220443132dd,18,Vague / Missing Context; Format Ambiguity,155,0.629
094d3a7c639a2dbcf6193220443132dd,19,Vague / Missing Context,383,0.596
094d3a7c639a2dbcf6193220443132dd,20,Vague / Missing Context; Format Ambiguity,155,0.627
094d3a7c639a2dbcf6193220443132dd,21,No Smell,389,0.624
094d3a7c639a2dbcf6193220443132dd,22,Vague / Missing Context; Format Ambiguity,155,0.632
094d3a7c639a2dbcf6193220443132dd,23,Vague / Missing Context; Format Ambiguity,398,0.693
094d3a7c639a2dbcf6193220443132dd,24,Vague / Missing Context; Format Ambiguity,155,0.628
094d3a7c639a2dbcf6193220443132dd,25,Format Ambiguity,387,0.667
094d3a7c639a2dbcf6193220443132dd,26,Vague / Missing Context; Format Ambiguity,155,0.629
094d3a7c639a2dbcf6193220443132dd,27,Vague / Missing Context,397,0.681
094d3a7c639a2dbcf6193220443132dd,29,Format Ambiguity,394,0.521
094d3a7c639a2dbcf6193220443132dd,30,Vague / Missing Context; Format Ambiguity,155,0.627
cc5fa689171862c1d07ed5af9323ff73,1,Ambiguous References; Vague / Missing Context,119,0.786
cc5fa689171862c1d07ed5af9323ff73,2,Vague / Missing Context,47,0.619
cc5fa689171862c1d07ed5af9323ff73,3,Vague / Missing Context,240,0.579
cc5fa689171862c1d07ed5af9323ff73,4,Vague / Missing Context; Format Ambiguity,250,0.544
cc5fa689171862c1d07ed5af9323ff73,5,Vague / Missing Context,129,0.626
cc5fa689171862c1d07ed5af9323ff73,6,Vague / Missing Context,117,0.470
cc5fa689171862c1d07ed5af9323ff73,7,Vague / Missing Context,75,0.562
cc5fa689171862c1d07ed5af9323ff73,8,Vague / Missing Context,114,0.665
cc5fa689171862c1d07ed5af9323ff73,9,Vague / Missing Context,231,0.485
a4c59ae45e9497ea8c54424dd5cb5fb0,1,Vague / Missing Context,1086,0.574
a4c59ae45e9497ea8c54424dd5cb5fb0,2,Vague / Missing Context,1279,0.637
928b74900a138adb211b4d5703bbfb10,2,Ambiguous References; Overloaded Prompt,168,0.753
89745d8364bc20d652a74bb095ae99ef,1,Vague / Missing Context,397,0.597
89745d8364bc20d652a74bb095ae99ef,2,Vague / Missing Context; Format Ambiguity,155,0.627
89745d8364bc20d652a74bb095ae99ef,3,Format Ambiguity,388,0.669
89745d8364bc20d652a74bb095ae99ef,4,Vague / Missing Context; Format Ambiguity,155,0.628
89745d8364bc20d652a74bb095ae99ef,5,Format Ambiguity,388,0.669
89745d8364bc20d652a74bb095ae99ef,6,Vague / Missing Context; Format Ambiguity,155,0.628
89745d8364bc20d652a74bb095ae99ef,7,Format Ambiguity,393,0.681
89745d8364bc20d652a74bb095ae99ef,8,Vague / Missing Context; Format Ambiguity,155,0.627
8168adfecbca4bc659c4daea8f4d4ac9,1,Vague / Missing Context; Format Ambiguity,44,0.735
8168adfecbca4bc659c4daea8f4d4ac9,2,Vague / Missing Context; Format Ambiguity,65,0.641
8168adfecbca4bc659c4daea8f4d4ac9,3,Vague / Missing Context,64,0.610
8168adfecbca4bc659c4daea8f4d4ac9,4,Vague / Missing Context,105,0.592
8168adfecbca4bc659c4daea8f4d4ac9,5,Format Ambiguity,51,0.952
8168adfecbca4bc659c4daea8f4d4ac9,6,Format Ambiguity; Overloaded Prompt,7,0.765
2c2d9d793845ebc79115a913b75847d5,1,Vague / Missing Context,1582,0.746
2c2d9d793845ebc79115a913b75847d5,2,Ambiguous References; Vague / Missing Context,184,0.573
2c2d9d793845ebc79115a913b75847d5,3,Vague / Missing Context,324,0.488
2c2d9d793845ebc79115a913b75847d5,4,Ambiguous References,675,0.670
2c2d9d793845ebc79115a913b75847d5,5,Ambiguous References,325,0.467
2c2d9d793845ebc79115a913b75847d5,6,Vague / Missing Context,624,0.575
2c2d9d793845ebc79115a913b75847d5,7,Format Ambiguity,276,0.497
34822fe66adf80ec05514531c870bea8,1,Format Ambiguity,438,0.680
34822fe66adf80ec05514531c870bea8,2,Vague / Missing Context; Format Ambiguity,155,0.629
34822fe66adf80ec05514531c870bea8,3,No Smell,389,0.623
34822fe66adf80ec05514531c870bea8,4,Vague / Missing Context; Format Ambiguity,155,0.629
34822fe66adf80ec05514531c870bea8,5,Format Ambiguity,388,0.668
34822fe66adf80ec05514531c870bea8,6,Vague / Missing Context; Format Ambiguity,155,0.627
34822fe66adf80ec05514531c870bea8,7,Format Ambiguity,434,0.700
34822fe66adf80ec05514531c870bea8,8,Vague / Missing Context; Format Ambiguity,155,0.630
34822fe66adf80ec05514531c870bea8,9,Vague / Missing Context,415,0.505
34822fe66adf80ec05514531c870bea8,10,Vague / Missing Context; Format Ambiguity,155,0.628
34822fe66adf80ec05514531c870bea8,11,Vague / Missing Context; Format Ambiguity,387,0.689
34822fe66adf80ec05514531c870bea8,12,Vague / Missing Context; Format Ambiguity,155,0.628
34822fe66adf80ec05514531c870bea8,13,Format Ambiguity,399,0.519
34822fe66adf80ec05514531c870bea8,14,Vague / Missing Context; Format Ambiguity,155,0.628
34822fe66adf80ec05514531c870bea8,15,Vague / Missing Context,405,0.598
34822fe66adf80ec05514531c870bea8,16,Vague / Missing Context; Format Ambiguity,155,0.630
2428f7bdf62fc7955629f40c9fc03eaf,1,Vague / Missing Context,22,0.549
2428f7bdf62fc7955629f40c9fc03eaf,2,Ambiguous References; Vague / Missing Context,45,0.746
5810088abeb7da8d59cbea27e859cc8c,1,No Smell,367,0.528
5810088abeb7da8d59cbea27e859cc8c,2,Vague / Missing Context; Format Ambiguity,155,0.630
5810088abeb7da8d59cbea27e859cc8c,3,Vague / Missing Context,402,0.548
5810088abeb7da8d59cbea27e859cc8c,4,Vague / Missing Context; Format Ambiguity,155,0.628
5810088abeb7da8d59cbea27e859cc8c,5,Vague / Missing Context,397,0.597
5810088abeb7da8d59cbea27e859cc8c,6,Vague / Missing Context; Format Ambiguity,155,0.659
5810088abeb7da8d59cbea27e859cc8c,7,No Smell,376,0.497
5810088abeb7da8d59cbea27e859cc8c,8,Vague / Missing Context; Format Ambiguity,155,0.626
eaf52c287d517eb62d4d7e945a217361,3,Ambiguous References; Unnecessary Repetition,727,0.823
eaf52c287d517eb62d4d7e945a217361,4,No Smell,140,0.563
eaf52c287d517eb62d4d7e945a217361,5,No Smell,90,0.434
eaf52c287d517eb62d4d7e945a217361,7,Vague / Missing Context; Format Ambiguity,3904,1.592
0e00a183f2b8c6f6e2cfb336e8402d46,1,Format Ambiguity,388,0.875
0e00a183f2b8c6f6e2cfb336e8402d46,2,Vague / Missing Context; Format Ambiguity,155,0.629
0e00a183f2b8c6f6e2cfb336e8402d46,3,Vague / Missing Context,375,0.583
16a9358d0cb545561e7de32d95c7182a,1,Vague / Missing Context; Ambiguous References,125,0.786
e698a18765656330429980f1346a0066,1,Vague / Missing Context,375,0.583
e698a18765656330429980f1346a0066,2,Vague / Missing Context; Format Ambiguity,155,0.627
e698a18765656330429980f1346a0066,3,Vague / Missing Context,388,0.594
e698a18765656330429980f1346a0066,4,Vague / Missing Context; Format Ambiguity,155,0.627
e698a18765656330429980f1346a0066,5,Vague / Missing Context,385,0.624
e698a18765656330429980f1346a0066,6,Vague / Missing Context; Format Ambiguity,155,0.627
e698a18765656330429980f1346a0066,7,No Smell,367,0.526
e698a18765656330429980f1346a0066,8,Vague / Missing Context; Format Ambiguity,155,0.628
e698a18765656330429980f1346a0066,9,No Smell,434,0.632
e698a18765656330429980f1346a0066,10,Vague / Missing Context; Format Ambiguity,155,0.626
e698a18765656330429980f1346a0066,11,No Smell,357,0.499
e698a18765656330429980f1346a0066,12,Vague / Missing Context; Format Ambiguity,155,0.628
e698a18765656330429980f1346a0066,13,Format Ambiguity,388,0.669
e698a18765656330429980f1346a0066,14,Vague / Missing Context; Format Ambiguity,155,0.628
e698a18765656330429980f1346a0066,15,Format Ambiguity,434,0.699
3f81af630a246be55b8bb9a8d0d0f4ba,1,Vague / Missing Context,60,0.557
3f81af630a246be55b8bb9a8d0d0f4ba,2,Vague / Missing Context,38,0.599
3f81af630a246be55b8bb9a8d0d0f4ba,3,Ambiguous References; Vague / Missing Context,47,0.853
3f81af630a246be55b8bb9a8d0d0f4ba,4,Vague / Missing Context,51,0.536
3f81af630a246be55b8bb9a8d0d0f4ba,5,Vague / Missing Context,63,0.650
3f81af630a246be55b8bb9a8d0d0f4ba,6,Vague / Missing Context; Format Ambiguity,66,0.734
3f81af630a246be55b8bb9a8d0d0f4ba,7,Vague / Missing Context,46,0.614
01b4a6211e5d4a382b4bd22a25d11fdc,1,Vague / Missing Context,1309,0.726
01b4a6211e5d4a382b4bd22a25d11fdc,2,Vague / Missing Context,156,0.541
01b4a6211e5d4a382b4bd22a25d11fdc,3,Vague / Missing Context,1335,0.748
32da683fce4f8e12f758b97444386fef,1,Vague / Missing Context,1600,0.750
32da683fce4f8e12f758b97444386fef,2,Vague / Missing Context,459,0.605
32da683fce4f8e12f758b97444386fef,3,Vague / Missing Context,384,0.632
32da683fce4f8e12f758b97444386fef,4,Vague / Missing Context,402,0.515
32da683fce4f8e12f758b97444386fef,5,Vague / Missing Context,418,0.536
32742e61f06c16558a1964d5bcbf5d28,1,Vague / Missing Context,408,0.611
32742e61f06c16558a1964d5bcbf5d28,2,Vague / Missing Context; Format Ambiguity,155,0.628
32742e61f06c16558a1964d5bcbf5d28,3,Format Ambiguity,438,0.557
32742e61f06c16558a1964d5bcbf5d28,4,Vague / Missing Context; Format Ambiguity,155,0.628
32742e61f06c16558a1964d5bcbf5d28,5,Vague / Missing Context,405,0.593
32742e61f06c16558a1964d5bcbf5d28,6,Vague / Missing Context; Format Ambiguity,155,0.628
32742e61f06c16558a1964d5bcbf5d28,7,No Smell,409,0.511
32742e61f06c16558a1964d5bcbf5d28,8,Vague / Missing Context; Format Ambiguity,155,0.629
32742e61f06c16558a1964d5bcbf5d28,9,Vague / Missing Context,389,0.565
32742e61f06c16558a1964d5bcbf5d28,10,Vague / Missing Context; Format Ambiguity,155,0.626
32742e61f06c16558a1964d5bcbf5d28,11,Vague / Missing Context; Format Ambiguity,378,0.776
32742e61f06c16558a1964d5bcbf5d28,12,Vague / Missing Context; Format Ambiguity,155,0.627
32742e61f06c16558a1964d5bcbf5d28,13,Vague / Missing Context; Format Ambiguity,398,0.695
32742e61f06c16558a1964d5bcbf5d28,14,Vague / Missing Context; Format Ambiguity,155,0.633
32742e61f06c16558a1964d5bcbf5d28,15,Vague / Missing Context,418,0.591
32742e61f06c16558a1964d5bcbf5d28,16,Vague / Missing Context; Format Ambiguity,155,0.627
32742e61f06c16558a1964d5bcbf5d28,17,Vague / Missing Context,365,0.613
32742e61f06c16558a1964d5bcbf5d28,18,Vague / Missing Context; Format Ambiguity,155,0.627
32742e61f06c16558a1964d5bcbf5d28,19,Vague / Missing Context,380,0.596
32742e61f06c16558a1964d5bcbf5d28,20,Vague / Missing Context; Format Ambiguity,155,0.635
32742e61f06c16558a1964d5bcbf5d28,21,Vague / Missing Context,419,0.611
32742e61f06c16558a1964d5bcbf5d28,22,Vague / Missing Context; Format Ambiguity,155,0.628
32742e61f06c16558a1964d5bcbf5d28,23,Vague / Missing Context,388,0.578
32742e61f06c16558a1964d5bcbf5d28,24,Vague / Missing Context; Format Ambiguity,155,0.627
32742e61f06c16558a1964d5bcbf5d28,25,Vague / Missing Context,377,0.592
32742e61f06c16558a1964d5bcbf5d28,26,Vague / Missing Context; Format Ambiguity,155,0.627
32742e61f06c16558a1964d5bcbf5d28,27,Vague / Missing Context,369,0.592
32742e61f06c16558a1964d5bcbf5d28,28,Vague / Missing Context; Format Ambiguity,155,0.627
32742e61f06c16558a1964d5bcbf5d28,29,Vague / Missing Context,380,0.593
32742e61f06c16558a1964d5bcbf5d28,30,Vague / Missing Context; Format Ambiguity,155,0.628
32742e61f06c16558a1964d5bcbf5d28,31,Vague / Missing Context,373,0.613
32742e61f06c16558a1964d5bcbf5d28,32,Vague / Missing Context; Format Ambiguity,155,0.627
32742e61f06c16558a1964d5bcbf5d28,33,No Smell,390,0.517
32742e61f06c16558a1964d5bcbf5d28,34,Vague / Missing Context; Format Ambiguity,155,0.628
32742e61f06c16558a1964d5bcbf5d28,35,Vague / Missing Context,360,0.592
32742e61f06c16558a1964d5bcbf5d28,36,Vague / Missing Context; Format Ambiguity,155,0.628
32742e61f06c16558a1964d5bcbf5d28,37,Vague / Missing Context,409,0.638
32742e61f06c16558a1964d5bcbf5d28,38,Vague / Missing Context; Format Ambiguity,155,0.627
b2b00e2ae69cd9d18f2d26acc56ff1d0,1,Format Ambiguity,16,0.492
b2b00e2ae69cd9d18f2d26acc56ff1d0,2,Vague / Missing Context,323,0.725
88ae6a525f6efae9d60033b5d8c7ff2d,1,Vague / Missing Context,229,0.679
58ea16f76ba1f67eeb03fbd990543a36,1,Vague / Missing Context; Ambiguous References,123,0.733
58ea16f76ba1f67eeb03fbd990543a36,2,Vague / Missing Context; Format Ambiguity,31,0.734
5ff012fd994759b3b4f03c437138cc0b,1,Vague / Missing Context,375,0.592
5ff012fd994759b3b4f03c437138cc0b,2,Vague / Missing Context; Format Ambiguity,155,0.628
5ff012fd994759b3b4f03c437138cc0b,3,Vague / Missing Context,375,0.593
5ff012fd994759b3b4f03c437138cc0b,4,Vague / Missing Context; Format Ambiguity,155,0.627
5ff012fd994759b3b4f03c437138cc0b,5,Vague / Missing Context,378,0.574
5ff012fd994759b3b4f03c437138cc0b,6,Vague / Missing Context; Format Ambiguity,155,0.628
5ff012fd994759b3b4f03c437138cc0b,7,Format Ambiguity,410,0.546
5ff012fd994759b3b4f03c437138cc0b,8,Vague / Missing Context; Format Ambiguity,155,0.627
5ff012fd994759b3b4f03c437138cc0b,9,Vague / Missing Context,354,0.627
5ff012fd994759b3b4f03c437138cc0b,10,Vague / Missing Context; Format Ambiguity,155,0.630
5ff012fd994759b3b4f03c437138cc0b,11,Vague / Missing Context,378,0.573
5ff012fd994759b3b4f03c437138cc0b,12,Vague / Missing Context; Format Ambiguity,155,0.627
5ff012fd994759b3b4f03c437138cc0b,13,Vague / Missing Context,409,0.634
5ff012fd994759b3b4f03c437138cc0b,14,Vague / Missing Context; Format Ambiguity,155,0.627
5ff012fd994759b3b4f03c437138cc0b,15,Vague / Missing Context,369,0.593
5ff012fd994759b3b4f03c437138cc0b,16,Vague / Missing Context; Format Ambiguity,155,0.627
5ff012fd994759b3b4f03c437138cc0b,17,Vague / Missing Context,389,0.640
5ff012fd994759b3b4f03c437138cc0b,18,Vague / Missing Context; Format Ambiguity,155,0.629
5ff012fd994759b3b4f03c437138cc0b,19,Vague / Missing Context,395,0.578
5ff012fd994759b3b4f03c437138cc0b,20,Vague / Missing Context; Format Ambiguity,155,0.629
ceaea190dd17f4dd8eb071458c967ce5,1,Vague / Missing Context; Format Ambiguity,100,0.789
91da32e185b389c590bf9ea43626d879,1,Ambiguous References,49,0.536
91da32e185b389c590bf9ea43626d879,2,Vague / Missing Context; Format Ambiguity,282,0.678
91da32e185b389c590bf9ea43626d879,3,Ambiguous References; Format Ambiguity,372,0.597
91da32e185b389c590bf9ea43626d879,4,Ambiguous References; Unnecessary Repetition,297,0.917
46ff692248dd88b845e65ac5839cf058,1,Vague / Missing Context,20,0.763
46ff692248dd88b845e65ac5839cf058,2,Vague / Missing Context,30,0.489
74284444d393e6acf7eb94b5e35d08a7,1,Vague / Missing Context; Format Ambiguity,50,0.714
74284444d393e6acf7eb94b5e35d08a7,2,Vague / Missing Context; Ambiguous References,49,0.783
8ffbf69a8a0e8d30f9a9680ccfb2a760,1,Vague / Missing Context; Format Ambiguity,141,0.749
fa091c33eae423b5e0a4622f1090b3a3,1,Prompt Bloat / Convoluted Prompt,627,0.702
3d0663916939591770464f5439377d25,1,Vague / Missing Context,58,0.614
3d0663916939591770464f5439377d25,2,No Smell,49,0.488
12622ec12050a4f98ccf85d4785002dd,1,Format Ambiguity; Overloaded Prompt,78,0.704
12622ec12050a4f98ccf85d4785002dd,2,Ambiguous References; Format Ambiguity,67,0.685
12622ec12050a4f98ccf85d4785002dd,3,Vague / Missing Context; Format Ambiguity,57,0.641
dcd97490f4e6ba2dc9dd292671749c22,1,Vague / Missing Context,82,0.613
6b43670c70aa1549386de7855e11c8cf,1,Vague / Missing Context,38,0.555
6b43670c70aa1549386de7855e11c8cf,2,Vague / Missing Context,55,0.592
a1eff590924ac49555413d34911b5334,1,Vague / Missing Context; Ambiguous References,32,0.659
ab376ad8584e6fd75f545740320724b5,1,Unnecessary Repetition; Ambiguous References,847,0.731
ab376ad8584e6fd75f545740320724b5,2,Vague / Missing Context; Ambiguous References,39,0.706
4cdad97c6288a21e34f126dd8263b052,1,Vague / Missing Context; Ambiguous References,45,0.706
4cdad97c6288a21e34f126dd8263b052,2,Vague / Missing Context; Ambiguous References,40,0.734
4cdad97c6288a21e34f126dd8263b052,3,No Smell,47,0.469
4cdad97c6288a21e34f126dd8263b052,4,Ambiguous References; Vague / Missing Context,74,0.756
de9ff9914beb0f969c5b2fd94e73f96c,1,Ambiguous References; Format Ambiguity,1474,1.069
de9ff9914beb0f969c5b2fd94e73f96c,3,Vague / Missing Context; Ambiguous References,76,0.639
de9ff9914beb0f969c5b2fd94e73f96c,4,Vague / Missing Context,49,0.547
de9ff9914beb0f969c5b2fd94e73f96c,5,Vague / Missing Context,131,0.478
de9ff9914beb0f969c5b2fd94e73f96c,6,Vague / Missing Context; Format Ambiguity,45,0.708
0267db1c52cf294c9bdc4d98a6b2a244,1,Vague / Missing Context; Ambiguous References,1141,0.848
3eb2f684494861972a3bacba30a541df,1,Ambiguous References; Unnecessary Repetition; Bias / Loaded Framing,2495,1.134
3eb2f684494861972a3bacba30a541df,2,Ambiguous References; Unnecessary Repetition; Bias / Loaded Framing,2495,0.593
46ca88882a0bb5034911bf2c6ba31c07,1,Vague / Missing Context; Ambiguous References,62,0.692
46ca88882a0bb5034911bf2c6ba31c07,2,Vague / Missing Context; Ambiguous References,81,0.611
9987edd789e9bee673fda8a748d583b7,1,Ambiguous References; Unnecessary Repetition,221,0.846
80a7aef2cc6b929cfe0bdf484c3c9dc5,1,Vague / Missing Context; Ambiguous References,88,0.736
80a7aef2cc6b929cfe0bdf484c3c9dc5,2,Vague / Missing Context; Format Ambiguity,82,0.725
80a7aef2cc6b929cfe0bdf484c3c9dc5,3,Vague / Missing Context; Ambiguous References,114,0.770
80a7aef2cc6b929cfe0bdf484c3c9dc5,4,Vague / Missing Context,666,0.686
80a7aef2cc6b929cfe0bdf484c3c9dc5,5,Vague / Missing Context,340,0.475
80a7aef2cc6b929cfe0bdf484c3c9dc5,6,Vague / Missing Context; Formality / Audience Mismatch,314,0.686
80a7aef2cc6b929cfe0bdf484c3c9dc5,7,Formality / Audience Mismatch,806,0.804
80a7aef2cc6b929cfe0bdf484c3c9dc5,8,Vague / Missing Context; Formality / Audience Mismatch,359,0.630
80a7aef2cc6b929cfe0bdf484c3c9dc5,9,Vague / Missing Context,647,0.690
80a7aef2cc6b929cfe0bdf484c3c9dc5,10,Vague / Missing Context,687,0.520
80a7aef2cc6b929cfe0bdf484c3c9dc5,11,Ambiguous References; Unnecessary Repetition,707,0.558
7fa4a3b562b5ed8cae98d64af8d9b6bd,1,Ambiguous References; Conflicting Constraints,2604,1.079
0bc6b83fcfe8121a95b3e4e39da9b8a2,1,Format Ambiguity; Overloaded Prompt,241,0.875
9a3b9cd13e5773970ddab7db463302f7,1,Vague / Missing Context,22,0.480
9a3b9cd13e5773970ddab7db463302f7,2,Vague / Missing Context; Ambiguous References,26,0.734
9a3b9cd13e5773970ddab7db463302f7,3,Ambiguous References; Overloaded Prompt,14,0.671
9a3b9cd13e5773970ddab7db463302f7,4,Ambiguous References; Format Ambiguity,223,0.490
9a3b9cd13e5773970ddab7db463302f7,5,Ambiguous References; Overloaded Prompt,79,0.683
9a3b9cd13e5773970ddab7db463302f7,6,Vague / Missing Context,13,0.526
7b21b22a9ca15b7b0808ff025099afdc,1,Vague / Missing Context,259,0.800
633f761ffbd343163e309ff02732fb7e,1,Vague / Missing Context,82,0.653
0eaf9ee8294715035bf5995fd722aa79,1,Vague / Missing Context,77,0.676
0fd4b824ea5d505ad33ed48818fc1771,1,Vague / Missing Context,30,0.520
0fd4b824ea5d505ad33ed48818fc1771,2,Vague / Missing Context,63,0.496
0fd4b824ea5d505ad33ed48818fc1771,3,Vague / Missing Context,50,0.508
0fd4b824ea5d505ad33ed48818fc1771,5,Vague / Missing Context,19,0.585
0fd4b824ea5d505ad33ed48818fc1771,6,Vague / Missing Context; Format Ambiguity,46,0.660
0fd4b824ea5d505ad33ed48818fc1771,8,Vague / Missing Context; Format Ambiguity,4,0.886
c126506e5181804220540f016148442a,1,Vague / Missing Context; Ambiguous References,375,0.639
06f953b0754b72568ae3b8691bda2124,1,Unnecessary Repetition; Vague / Missing Context,989,0.707
06f953b0754b72568ae3b8691bda2124,2,Vague / Missing Context,111,0.533
06f953b0754b72568ae3b8691bda2124,3,Vague / Missing Context,126,0.609
48f5439eee5c55a5ff05a2f626aa45df,1,Vague / Missing Context,15,0.632
48f5439eee5c55a5ff05a2f626aa45df,2,Vague / Missing Context; Format Ambiguity,23,0.662
197044e8c3a4b9a899496771cd8305c7,1,Vague / Missing Context,195,0.450
197044e8c3a4b9a899496771cd8305c7,2,Vague / Missing Context,61,0.503
197044e8c3a4b9a899496771cd8305c7,3,Ambiguous References,212,0.519
197044e8c3a4b9a899496771cd8305c7,4,Ambiguous References,85,0.519
197044e8c3a4b9a899496771cd8305c7,5,Ambiguous References; Vague / Missing Context,119,0.782
197044e8c3a4b9a899496771cd8305c7,6,Vague / Missing Context,204,0.518
197044e8c3a4b9a899496771cd8305c7,7,Vague / Missing Context,51,0.770
197044e8c3a4b9a899496771cd8305c7,8,Ambiguous References,146,0.457
b374c48f2b566bd061d3430c4b333d14,1,Vague / Missing Context; Ambiguous References,375,0.638
68bbeaa92da611f3dd14f43f8d5a64c1,1,Vague / Missing Context; Format Ambiguity,75,0.574
68bbeaa92da611f3dd14f43f8d5a64c1,2,Vague / Missing Context; Ambiguous References,48,0.696
62afb6d2b4993ee9f6e098f2177356a6,1,Vague / Missing Context; Format Ambiguity,58,0.707
19868ca046f984c62124124c9c24639b,1,Formality / Audience Mismatch,669,0.633
19868ca046f984c62124124c9c24639b,2,Formality / Audience Mismatch,706,0.761
94712c1c464d1b34f96b7b595ed8e90a,1,Formality / Audience Mismatch,706,0.614
33157839d4fda135098fa16ed4ae0c49,1,Vague / Missing Context; Format Ambiguity,42,0.686
33157839d4fda135098fa16ed4ae0c49,2,Vague / Missing Context,42,0.670
33157839d4fda135098fa16ed4ae0c49,3,Vague / Missing Context; Ambiguous References,43,0.761
33157839d4fda135098fa16ed4ae0c49,4,Vague / Missing Context,42,0.697
33157839d4fda135098fa16ed4ae0c49,5,Vague / Missing Context,42,0.668
33157839d4fda135098fa16ed4ae0c49,6,Vague / Missing Context; Format Ambiguity,43,0.715
33157839d4fda135098fa16ed4ae0c49,7,Vague / Missing Context,44,0.674
4dfb31afd6de73d62475d691c6670304,1,Vague / Missing Context,26,0.755
fccc584758b55ac4ba87cfbc346f158d,1,Vague / Missing Context; Ambiguous References,375,0.638
fccc584758b55ac4ba87cfbc346f158d,2,Format Ambiguity; Overloaded Prompt,440,1.002
16c60cb0bb020db1cb31b589e56e1144,1,Format Ambiguity; Overloaded Prompt,440,0.898
18da6808a04898d092f5b943f180ef91,1,Vague / Missing Context; Format Ambiguity,103,0.684
c03bfad0a5f5b126063506cb1428d54e,1,Vague / Missing Context; Ambiguous References,440,0.879
984204f908ecc58181321d88418de61f,1,No Smell,28,0.348
984204f908ecc58181321d88418de61f,2,Format Ambiguity,45,0.573
984204f908ecc58181321d88418de61f,3,Ambiguous References; Format Ambiguity,41,0.657
984204f908ecc58181321d88418de61f,4,Vague / Missing Context; Format Ambiguity,50,0.685
984204f908ecc58181321d88418de61f,5,Format Ambiguity; Overloaded Prompt,314,0.731
984204f908ecc58181321d88418de61f,6,Vague / Missing Context; Format Ambiguity,205,0.670
984204f908ecc58181321d88418de61f,7,Vague / Missing Context,51,0.564
984204f908ecc58181321d88418de61f,8,Ambiguous References; Format Ambiguity,119,0.629
984204f908ecc58181321d88418de61f,9,Vague / Missing Context; Ambiguous References,42,0.893
984204f908ecc58181321d88418de61f,10,Vague / Missing Context; Format Ambiguity,35,0.726
9880b7423930fff8e450610f773339c9,1,No Smell,477,0.674
470c730d3fed3b9e462cfd2232eb0f27,2,Vague / Missing Context; Ambiguous References,59,0.614
87f0a2a0aadc730e475baccedcbf24fc,1,Vague / Missing Context,57,0.488
87f0a2a0aadc730e475baccedcbf24fc,2,Vague / Missing Context; Format Ambiguity,46,0.754
87f0a2a0aadc730e475baccedcbf24fc,4,Vague / Missing Context,51,0.454
87f0a2a0aadc730e475baccedcbf24fc,6,Vague / Missing Context,24,0.443
87f0a2a0aadc730e475baccedcbf24fc,7,No Smell,87,0.510
87f0a2a0aadc730e475baccedcbf24fc,8,Vague / Missing Context,22,0.568
87f0a2a0aadc730e475baccedcbf24fc,9,Vague / Missing Context,22,0.633
87f0a2a0aadc730e475baccedcbf24fc,10,Vague / Missing Context,56,0.474
87f0a2a0aadc730e475baccedcbf24fc,12,Vague / Missing Context,41,0.482
87f0a2a0aadc730e475baccedcbf24fc,13,Ambiguous References; Vague / Missing Context,64,0.572
87f0a2a0aadc730e475baccedcbf24fc,14,Ambiguous References; Vague / Missing Context,58,0.779
87f0a2a0aadc730e475baccedcbf24fc,18,Vague / Missing Context,25,0.564
87f0a2a0aadc730e475baccedcbf24fc,19,Vague / Missing Context,52,0.591
87f0a2a0aadc730e475baccedcbf24fc,20,Vague / Missing Context,55,0.537
87f0a2a0aadc730e475baccedcbf24fc,21,Vague / Missing Context,35,0.422
a34f2b49ae9e2853da0bc324b44fd254,1,No Smell,477,0.590
0b0784576da87ea222e4d8bddbffe92b,1,Formality / Audience Mismatch,254,0.757
0b0784576da87ea222e4d8bddbffe92b,2,Vague / Missing Context; Format Ambiguity,382,0.632
b8a5cc82c7a520a51d8c92a68f942844,1,Vague / Missing Context; Ambiguous References,120,0.798
586938350d20710a21da1440306cdd8f,1,No Smell,227,0.353
586938350d20710a21da1440306cdd8f,2,Format Ambiguity,235,0.460
586938350d20710a21da1440306cdd8f,3,Format Ambiguity,204,0.648
586938350d20710a21da1440306cdd8f,4,Vague / Missing Context; Ambiguous References,52,0.677
586938350d20710a21da1440306cdd8f,5,Vague / Missing Context,71,0.506
586938350d20710a21da1440306cdd8f,6,Vague / Missing Context; Ambiguous References,87,0.947
586938350d20710a21da1440306cdd8f,7,Vague / Missing Context; Format Ambiguity,87,0.719
7ad7a26ce6b187e407b6c70afa1948b1,1,Vague / Missing Context; Ambiguous References,770,0.716
7ad7a26ce6b187e407b6c70afa1948b1,2,Ambiguous References; Vague / Missing Context,7,0.601
7ad7a26ce6b187e407b6c70afa1948b1,3,Vague / Missing Context,105,0.702
fb7889902e3c695fe9c32367e19a33ca,1,Vague / Missing Context,114,0.609
be97e3402e594b188fa5a2b800335154,3,Vague / Missing Context; Ambiguous References,98,0.620
be97e3402e594b188fa5a2b800335154,5,Vague / Missing Context,92,0.562
31e57b8ea1ee0f3708a742efcfd520d4,1,Vague / Missing Context; Format Ambiguity,44,0.509
31e57b8ea1ee0f3708a742efcfd520d4,2,Format Ambiguity,31,0.434
31e57b8ea1ee0f3708a742efcfd520d4,3,Format Ambiguity,31,0.435
31e57b8ea1ee0f3708a742efcfd520d4,4,Vague / Missing Context; Format Ambiguity,39,0.705
31e57b8ea1ee0f3708a742efcfd520d4,5,Vague / Missing Context; Ambiguous References,72,0.725
31e57b8ea1ee0f3708a742efcfd520d4,6,Vague / Missing Context,99,0.631
31e57b8ea1ee0f3708a742efcfd520d4,7,Vague / Missing Context; Ambiguous References,40,0.686
c63b3a50ad42a280f11d722f656f7429,1,Vague / Missing Context,488,0.577
a190e9f0c7a81a8e7cd86e9744926027,1,Vague / Missing Context; Format Ambiguity,86,0.600
a190e9f0c7a81a8e7cd86e9744926027,2,Vague / Missing Context; Format Ambiguity,127,0.696
a190e9f0c7a81a8e7cd86e9744926027,3,Vague / Missing Context,159,0.528
a190e9f0c7a81a8e7cd86e9744926027,4,Vague / Missing Context,170,0.505
a190e9f0c7a81a8e7cd86e9744926027,5,Vague / Missing Context,188,0.528
a190e9f0c7a81a8e7cd86e9744926027,6,Vague / Missing Context,158,0.502
a190e9f0c7a81a8e7cd86e9744926027,7,Vague / Missing Context; Format Ambiguity,204,0.566
a190e9f0c7a81a8e7cd86e9744926027,8,Vague / Missing Context,214,0.552
a190e9f0c7a81a8e7cd86e9744926027,9,Overloaded Prompt,186,0.536
a190e9f0c7a81a8e7cd86e9744926027,10,Vague / Missing Context,142,0.452
a190e9f0c7a81a8e7cd86e9744926027,11,Vague / Missing Context,198,0.439
a190e9f0c7a81a8e7cd86e9744926027,12,Vague / Missing Context,235,0.412
a190e9f0c7a81a8e7cd86e9744926027,13,Vague / Missing Context,191,0.477
a190e9f0c7a81a8e7cd86e9744926027,14,Vague / Missing Context,182,0.447
a190e9f0c7a81a8e7cd86e9744926027,15,Vague / Missing Context; Format Ambiguity,153,0.610
a190e9f0c7a81a8e7cd86e9744926027,16,Vague / Missing Context,189,0.500
a190e9f0c7a81a8e7cd86e9744926027,17,Formality / Audience Mismatch,198,0.600
a190e9f0c7a81a8e7cd86e9744926027,18,Unnecessary Repetition; Ambiguous References,133,0.466
a190e9f0c7a81a8e7cd86e9744926027,19,Vague / Missing Context,201,0.469
a190e9f0c7a81a8e7cd86e9744926027,20,Ambiguous References,172,0.467
a190e9f0c7a81a8e7cd86e9744926027,21,Vague / Missing Context; Ambiguous References,175,0.551
a190e9f0c7a81a8e7cd86e9744926027,22,Vague / Missing Context,199,0.486
a190e9f0c7a81a8e7cd86e9744926027,23,Vague / Missing Context,179,0.446
a190e9f0c7a81a8e7cd86e9744926027,24,Vague / Missing Context,164,0.559
a190e9f0c7a81a8e7cd86e9744926027,25,Vague / Missing Context,221,0.477
a190e9f0c7a81a8e7cd86e9744926027,26,Vague / Missing Context,205,0.440
a190e9f0c7a81a8e7cd86e9744926027,27,Vague / Missing Context,228,0.463
a190e9f0c7a81a8e7cd86e9744926027,28,Vague / Missing Context,160,0.570
a190e9f0c7a81a8e7cd86e9744926027,29,Vague / Missing Context,190,0.489
a190e9f0c7a81a8e7cd86e9744926027,30,Vague / Missing Context,231,0.517
a190e9f0c7a81a8e7cd86e9744926027,31,Vague / Missing Context,217,0.497
a190e9f0c7a81a8e7cd86e9744926027,32,Vague / Missing Context,170,0.481
a190e9f0c7a81a8e7cd86e9744926027,33,Vague / Missing Context; Format Ambiguity,216,0.499
a190e9f0c7a81a8e7cd86e9744926027,34,Vague / Missing Context,236,0.469
a190e9f0c7a81a8e7cd86e9744926027,35,Vague / Missing Context,174,0.524
a190e9f0c7a81a8e7cd86e9744926027,36,Vague / Missing Context,215,0.457
a190e9f0c7a81a8e7cd86e9744926027,37,Formality / Audience Mismatch,166,0.572
a190e9f0c7a81a8e7cd86e9744926027,38,Vague / Missing Context; Format Ambiguity,248,0.803
a190e9f0c7a81a8e7cd86e9744926027,39,Vague / Missing Context; Format Ambiguity,180,0.513
a190e9f0c7a81a8e7cd86e9744926027,40,Vague / Missing Context,188,0.439
a190e9f0c7a81a8e7cd86e9744926027,41,No Smell,195,0.580
a190e9f0c7a81a8e7cd86e9744926027,42,Vague / Missing Context,184,0.457
a190e9f0c7a81a8e7cd86e9744926027,43,Vague / Missing Context,182,0.432
a190e9f0c7a81a8e7cd86e9744926027,44,Vague / Missing Context,203,0.429
a190e9f0c7a81a8e7cd86e9744926027,45,Vague / Missing Context,159,0.447
a190e9f0c7a81a8e7cd86e9744926027,46,Vague / Missing Context,181,0.477
a190e9f0c7a81a8e7cd86e9744926027,47,Vague / Missing Context,201,0.487
a190e9f0c7a81a8e7cd86e9744926027,48,Vague / Missing Context,183,0.467
a190e9f0c7a81a8e7cd86e9744926027,49,Vague / Missing Context,204,0.466
a190e9f0c7a81a8e7cd86e9744926027,50,Vague / Missing Context,267,0.510
a190e9f0c7a81a8e7cd86e9744926027,51,Ambiguous References; Vague / Missing Context,210,0.591
66049985af46f63fd7f3257d23645403,2,Vague / Missing Context,29,0.454
66049985af46f63fd7f3257d23645403,3,Vague / Missing Context,105,0.657
66049985af46f63fd7f3257d23645403,4,Vague / Missing Context,106,0.588
6dd2f9365faee8eb1e33086094143d02,1,Vague / Missing Context; Format Ambiguity,630,0.934
6dd2f9365faee8eb1e33086094143d02,2,Formality / Audience Mismatch; Unnecessary Repetition,541,0.811
ac02605399b5ff202676ebae26124aea,1,Vague / Missing Context; Format Ambiguity,34,0.715
4aa9d8d35d749e9c086e77dc65333d3c,3,Vague / Missing Context; Ambiguous References,116,0.750
a8717cead46fe618bc43a5e354d755d3,1,Vague / Missing Context,97,0.490
a8717cead46fe618bc43a5e354d755d3,2,No Smell,15,0.659
a8717cead46fe618bc43a5e354d755d3,3,Ambiguous References; Format Ambiguity,29,0.848
26396b5e7f90fa25407e805fb8c1db1d,1,Prompt Bloat / Convoluted Prompt,1015,0.813
58843d79629ee31544ae49d31dcb3a17,1,Vague / Missing Context; Format Ambiguity,1000,0.964
58843d79629ee31544ae49d31dcb3a17,4,No Smell,35,0.516
58843d79629ee31544ae49d31dcb3a17,5,Vague / Missing Context,28,0.573
975b5514d3fabc46263edfc81fae5e99,1,Vague / Missing Context; Format Ambiguity,86,0.600
975b5514d3fabc46263edfc81fae5e99,2,Vague / Missing Context,191,0.473
975b5514d3fabc46263edfc81fae5e99,3,Vague / Missing Context,184,0.459
975b5514d3fabc46263edfc81fae5e99,4,Format Ambiguity,216,0.554
975b5514d3fabc46263edfc81fae5e99,5,Vague / Missing Context; Format Ambiguity,152,0.703
975b5514d3fabc46263edfc81fae5e99,6,Vague / Missing Context,173,0.522
975b5514d3fabc46263edfc81fae5e99,7,Ambiguous References,211,0.543
975b5514d3fabc46263edfc81fae5e99,8,Vague / Missing Context,176,0.456
975b5514d3fabc46263edfc81fae5e99,9,Vague / Missing Context,207,0.630
975b5514d3fabc46263edfc81fae5e99,10,Vague / Missing Context,159,0.466
975b5514d3fabc46263edfc81fae5e99,11,Vague / Missing Context; Format Ambiguity,170,0.552
975b5514d3fabc46263edfc81fae5e99,12,Vague / Missing Context; Format Ambiguity,137,0.583
975b5514d3fabc46263edfc81fae5e99,13,Vague / Missing Context,160,0.466
975b5514d3fabc46263edfc81fae5e99,14,Vague / Missing Context,165,0.512
975b5514d3fabc46263edfc81fae5e99,15,Vague / Missing Context; Format Ambiguity,163,0.621
975b5514d3fabc46263edfc81fae5e99,16,Vague / Missing Context,179,0.475
975b5514d3fabc46263edfc81fae5e99,17,Vague / Missing Context,212,0.483
975b5514d3fabc46263edfc81fae5e99,18,Vague / Missing Context; Format Ambiguity,151,0.499
975b5514d3fabc46263edfc81fae5e99,19,Vague / Missing Context,218,0.441
975b5514d3fabc46263edfc81fae5e99,20,Vague / Missing Context; Ambiguous References,143,0.702
975b5514d3fabc46263edfc81fae5e99,21,Vague / Missing Context,221,0.480
975b5514d3fabc46263edfc81fae5e99,22,Vague / Missing Context,236,0.487
975b5514d3fabc46263edfc81fae5e99,23,Vague / Missing Context,193,0.513
975b5514d3fabc46263edfc81fae5e99,24,Vague / Missing Context,156,0.468
975b5514d3fabc46263edfc81fae5e99,25,Ambiguous References,161,0.371
975b5514d3fabc46263edfc81fae5e99,26,Vague / Missing Context,142,0.479
975b5514d3fabc46263edfc81fae5e99,27,Vague / Missing Context,162,0.451
975b5514d3fabc46263edfc81fae5e99,28,Vague / Missing Context,178,0.448
975b5514d3fabc46263edfc81fae5e99,29,Vague / Missing Context,163,0.458
975b5514d3fabc46263edfc81fae5e99,30,Vague / Missing Context,172,0.546
975b5514d3fabc46263edfc81fae5e99,31,Vague / Missing Context,224,0.459
975b5514d3fabc46263edfc81fae5e99,32,Vague / Missing Context; Ambiguous References,168,0.730
975b5514d3fabc46263edfc81fae5e99,33,Vague / Missing Context,226,0.459
975b5514d3fabc46263edfc81fae5e99,34,Vague / Missing Context,183,0.521
975b5514d3fabc46263edfc81fae5e99,35,Vague / Missing Context,122,0.657
975b5514d3fabc46263edfc81fae5e99,36,Vague / Missing Context,201,0.484
975b5514d3fabc46263edfc81fae5e99,37,Vague / Missing Context,173,0.447
975b5514d3fabc46263edfc81fae5e99,38,Vague / Missing Context,196,0.436
975b5514d3fabc46263edfc81fae5e99,39,Vague / Missing Context; Format Ambiguity,221,0.602
975b5514d3fabc46263edfc81fae5e99,40,Vague / Missing Context; Format Ambiguity,132,0.753
975b5514d3fabc46263edfc81fae5e99,41,Vague / Missing Context,183,0.447
975b5514d3fabc46263edfc81fae5e99,42,Vague / Missing Context,161,0.499
975b5514d3fabc46263edfc81fae5e99,43,Vague / Missing Context,212,0.458
975b5514d3fabc46263edfc81fae5e99,44,Vague / Missing Context,163,0.475
975b5514d3fabc46263edfc81fae5e99,45,Vague / Missing Context,208,0.495
975b5514d3fabc46263edfc81fae5e99,46,Vague / Missing Context,187,0.430
975b5514d3fabc46263edfc81fae5e99,47,Vague / Missing Context,202,0.476
975b5514d3fabc46263edfc81fae5e99,48,Vague / Missing Context; Format Ambiguity,188,0.619
975b5514d3fabc46263edfc81fae5e99,49,Vague / Missing Context,191,0.504
975b5514d3fabc46263edfc81fae5e99,50,Vague / Missing Context,175,0.437
975b5514d3fabc46263edfc81fae5e99,51,Vague / Missing Context,128,0.421
a0426a4518d4eb808a840a76ebf42f52,1,Vague / Missing Context,13,0.598
560a5fa2fdf7296986f203b3cb19956c,3,Ambiguous References; Format Ambiguity,222,0.617
6625a60a9dc2f09e6446f60102927550,1,Format Ambiguity; Overloaded Prompt,4000,1.338
3790c72e2cfac5190d33e62114759cd7,1,Ambiguous References,889,0.776
3790c72e2cfac5190d33e62114759cd7,2,Vague / Missing Context,53,0.595
3790c72e2cfac5190d33e62114759cd7,3,Vague / Missing Context; Ambiguous References,82,0.752
ad47a32eaa43adfe455e36f82f656fb6,1,Format Ambiguity,4000,1.278
e3fd1e17606e2ec7ba82489d4dad16f7,2,Ambiguous References; Unnecessary Repetition,110,0.657
70375d2f66a51bd042b2c558fec1b2e5,1,Ambiguous References; Overloaded Prompt,1150,0.809
3db000c23b9db1b2499cd11171e7e714,1,Vague / Missing Context; Format Ambiguity,942,0.940
3db000c23b9db1b2499cd11171e7e714,2,Vague / Missing Context; Ambiguous References,84,0.727
3db000c23b9db1b2499cd11171e7e714,3,Vague / Missing Context,66,0.603
3db000c23b9db1b2499cd11171e7e714,4,Vague / Missing Context; Ambiguous References,106,0.628
3db000c23b9db1b2499cd11171e7e714,5,Vague / Missing Context,61,0.554
6f9a72c3ce6b73144b04bb165dc35fd7,2,Vague / Missing Context,42,0.480
6f9a72c3ce6b73144b04bb165dc35fd7,4,Ambiguous References,30,0.478
6f9a72c3ce6b73144b04bb165dc35fd7,9,Vague / Missing Context,134,0.457
6f9a72c3ce6b73144b04bb165dc35fd7,10,Vague / Missing Context,14,0.642
6f9a72c3ce6b73144b04bb165dc35fd7,11,No Smell,11,0.434
6f9a72c3ce6b73144b04bb165dc35fd7,13,Vague / Missing Context; Format Ambiguity,12,0.664
6f9a72c3ce6b73144b04bb165dc35fd7,15,Vague / Missing Context; Format Ambiguity,20,0.691
bf6c46774e9f5803e34ade907e6f7f2d,1,Vague / Missing Context,66,0.501
bf6c46774e9f5803e34ade907e6f7f2d,2,Vague / Missing Context; Format Ambiguity,73,0.779
bf6c46774e9f5803e34ade907e6f7f2d,3,Vague / Missing Context; Ambiguous References,104,0.752
bf6c46774e9f5803e34ade907e6f7f2d,4,Vague / Missing Context; Ambiguous References,62,0.641
bf6c46774e9f5803e34ade907e6f7f2d,5,Vague / Missing Context,33,0.417
bf6c46774e9f5803e34ade907e6f7f2d,6,Format Ambiguity,19,0.631
2403dd7f4bd56170d9f393895a437a9d,1,Vague / Missing Context; Overloaded Prompt,1201,0.827
51c2fc23f7b007c92ef459e8f133865d,1,Vague / Missing Context; Ambiguous References,308,0.545
a2064bb0d9762ecbb0c706e38a1d69c3,1,Ambiguous References; Format Ambiguity,49,0.695
558449367e5487327f21430ee60053f4,1,Vague / Missing Context,958,0.689
a64ffe0175d19ce41137f6e04c3c89f1,1,Vague / Missing Context; Format Ambiguity,2934,1.327
2d2cb5222f9d8561712bde562de9ae8d,1,No Smell,22,0.663
109c782e3b95ef0bf8bd71589f9627a2,1,Vague / Missing Context,8,0.528
109c782e3b95ef0bf8bd71589f9627a2,2,Vague / Missing Context; Format Ambiguity,39,0.733
109c782e3b95ef0bf8bd71589f9627a2,3,Vague / Missing Context; Ambiguous References,48,0.962
109c782e3b95ef0bf8bd71589f9627a2,4,No Smell,38,0.529
21a97dad3892e888a2cb7df2306c4299,1,Vague / Missing Context,938,0.719
cb2276e19ebed5e0fe08237efd1a7e83,1,Format Ambiguity,4000,1.453
6a8d205bb8cd67798477c7341f480ce1,1,Vague / Missing Context; Format Ambiguity,40,0.712
ab89209b21156276892eaf7ad587b038,1,Vague / Missing Context; Format Ambiguity,2144,0.975
ab89209b21156276892eaf7ad587b038,2,Ambiguous References; Vague / Missing Context,65,0.646
ab89209b21156276892eaf7ad587b038,3,Vague / Missing Context; Ambiguous References,57,0.827
ab89209b21156276892eaf7ad587b038,4,Ambiguous References; Unnecessary Repetition,208,0.877
ab89209b21156276892eaf7ad587b038,5,Ambiguous References; Vague / Missing Context,178,0.690
9c21ac833061af5a7b6ac9f588b524b1,1,Vague / Missing Context; Format Ambiguity,35,0.782
1272b7c7967a89623847bbe29c384a2f,1,Vague / Missing Context; Format Ambiguity,50,0.784
1272b7c7967a89623847bbe29c384a2f,2,Conflicting Constraints; Ambiguous References,98,0.817
1272b7c7967a89623847bbe29c384a2f,4,Vague / Missing Context; Format Ambiguity,72,0.694
1272b7c7967a89623847bbe29c384a2f,5,Vague / Missing Context; Ambiguous References,51,0.768
1272b7c7967a89623847bbe29c384a2f,6,Vague / Missing Context; Format Ambiguity,51,0.684
1272b7c7967a89623847bbe29c384a2f,7,Vague / Missing Context; Format Ambiguity,53,0.689
7ee7bf7767db3f8e8b6beb24dc341302,1,Vague / Missing Context,937,0.708
76618c1317ef84c119dda911cd8e137a,1,Vague / Missing Context; Ambiguous References,41,0.641
76618c1317ef84c119dda911cd8e137a,2,Conflicting Constraints; Ambiguous References,74,0.771
01555df2d90627c79467a2b119132a61,1,Vague / Missing Context; Format Ambiguity,972,1.219
62cad8882570749ff2e65a73c01edd4b,1,Format Ambiguity,38,0.668
62cad8882570749ff2e65a73c01edd4b,3,Ambiguous References; Vague / Missing Context,61,0.703
62cad8882570749ff2e65a73c01edd4b,4,Vague / Missing Context; Ambiguous References,113,0.743
62cad8882570749ff2e65a73c01edd4b,5,Vague / Missing Context,122,0.834
62cad8882570749ff2e65a73c01edd4b,6,Vague / Missing Context,235,0.599
84405689229d1e49133984ac5d57ebfc,1,Vague / Missing Context; Format Ambiguity,21,0.614
84405689229d1e49133984ac5d57ebfc,2,Ambiguous References; Vague / Missing Context,32,0.599
84405689229d1e49133984ac5d57ebfc,3,Vague / Missing Context; Unnecessary Repetition,17,0.613
b08841f21a10be74161967ab54a74e76,1,Ambiguous References; Vague / Missing Context,66,0.816
b08841f21a10be74161967ab54a74e76,2,Vague / Missing Context; Ambiguous References,90,0.638
aeb3e747123ef87c5e2e545dfc57fa77,1,Vague / Missing Context; Format Ambiguity,586,0.912
d28aee5ced3ed7392aa540b0a1744415,1,Vague / Missing Context; Format Ambiguity,991,0.950
eae0dac2aba8dce8ff0ab839c7d7a85c,1,Vague / Missing Context; Format Ambiguity,586,0.912
55b0ff0918331bdde0b71ff0299fcd38,1,Vague / Missing Context; Format Ambiguity,43,0.689
55b0ff0918331bdde0b71ff0299fcd38,2,Vague / Missing Context; Ambiguous References,79,0.701
8f9202c145082488be737dde946b0ce9,1,Vague / Missing Context,969,0.952
8f9202c145082488be737dde946b0ce9,2,Vague / Missing Context; Ambiguous References,70,0.697
9c181dda3adae4b87fbf6dc0012d7965,1,Conflicting Constraints; Unnecessary Repetition,593,0.784
39d9e2a7f72d882684878f5b7d003d40,1,Vague / Missing Context,58,0.491
acac80086fef9eefa9e98cace091c636,1,Format Ambiguity,4000,1.367
47b805cc2f745ec55347bfa7a7eef402,1,Ambiguous References; Overloaded Prompt,600,0.815
8cb6a11eee3c8204625dff44c5eeb673,1,Vague / Missing Context,226,0.651
8cb6a11eee3c8204625dff44c5eeb673,2,Vague / Missing Context,44,0.614
8cb6a11eee3c8204625dff44c5eeb673,3,Vague / Missing Context,316,0.621
8cb6a11eee3c8204625dff44c5eeb673,4,Vague / Missing Context,173,0.627
8cb6a11eee3c8204625dff44c5eeb673,5,Vague / Missing Context,51,0.538
6d3020e5c37efaf2eff34a937c0d91eb,1,Vague / Missing Context; Format Ambiguity,42,0.687
6d3020e5c37efaf2eff34a937c0d91eb,2,Ambiguous References; Vague / Missing Context,90,0.744
6d3020e5c37efaf2eff34a937c0d91eb,3,Vague / Missing Context; Ambiguous References,37,0.735
6d3020e5c37efaf2eff34a937c0d91eb,4,Vague / Missing Context; Ambiguous References,53,0.608
6d3020e5c37efaf2eff34a937c0d91eb,5,Vague / Missing Context; Ambiguous References,85,0.678
6d3020e5c37efaf2eff34a937c0d91eb,6,Vague / Missing Context; Ambiguous References,57,0.718
6d3020e5c37efaf2eff34a937c0d91eb,7,Vague / Missing Context; Ambiguous References,51,0.608
0240a1387b5ae62c216e986dcfb92f0f,1,Ambiguous References; Vague / Missing Context,61,0.802
0240a1387b5ae62c216e986dcfb92f0f,2,Format Ambiguity,89,0.554
0240a1387b5ae62c216e986dcfb92f0f,3,Format Ambiguity; Ambiguous References,53,0.772
f4143fe9b6f15e446c3f86c42b6d6f7c,1,Vague / Missing Context; Ambiguous References,58,0.629
f4143fe9b6f15e446c3f86c42b6d6f7c,2,Format Ambiguity; Unnecessary Repetition,277,0.644
94a14e976bb0e7f37dab2de5bc04ee5b,1,Ambiguous References; Overloaded Prompt,577,0.881
73dc0ff614e73085d61838878970b49e,1,Vague / Missing Context; Ambiguous References,94,0.807
73dc0ff614e73085d61838878970b49e,2,Vague / Missing Context,83,0.469
73dc0ff614e73085d61838878970b49e,3,No Smell,71,0.510
73dc0ff614e73085d61838878970b49e,4,Vague / Missing Context,42,0.487
628646460b4b3d89e6a8aec2f2ff49ac,1,Vague / Missing Context; Format Ambiguity,48,0.698
6d8a36b53daabe74c97be215d31f5477,1,Vague / Missing Context,63,0.678
6d8a36b53daabe74c97be215d31f5477,2,Ambiguous References,67,0.791
8be5951e57e52ae3ffa6fb262334a734,1,Vague / Missing Context,906,0.669
bb397e631217dd7893b534a6a0f25fa7,1,Vague / Missing Context; Ambiguous References,90,0.827
bb397e631217dd7893b534a6a0f25fa7,2,Vague / Missing Context; Format Ambiguity,110,0.733
bb397e631217dd7893b534a6a0f25fa7,3,Vague / Missing Context; Format Ambiguity,155,0.573
bb397e631217dd7893b534a6a0f25fa7,4,Format Ambiguity,146,0.595
bb397e631217dd7893b534a6a0f25fa7,5,Vague / Missing Context,26,0.491
bb397e631217dd7893b534a6a0f25fa7,6,Ambiguous References; Vague / Missing Context,97,0.741
0b274cd130141615c01eaea9f45ea913,1,No Smell,378,0.747
b75696e3a470963aeb0bcd3bbcd0d401,1,Vague / Missing Context; Format Ambiguity,4000,1.324
1662fe7f93b187a68f39b19de29e858c,1,No Smell,158,0.482
1662fe7f93b187a68f39b19de29e858c,2,Format Ambiguity,145,0.529
1662fe7f93b187a68f39b19de29e858c,3,No Smell,158,0.489
1662fe7f93b187a68f39b19de29e858c,4,Format Ambiguity,141,0.553
1662fe7f93b187a68f39b19de29e858c,5,Vague / Missing Context,129,0.520
873698205c219ecedd85c4d76f22ca28,1,Vague / Missing Context; Ambiguous References,68,0.668
c2c135244b13fba516d1119ac67d2f9c,1,Vague / Missing Context,912,0.940
062b61d42fc2d4b64d0b05aea0f7fe17,1,Vague / Missing Context,204,0.645
f200f34f5695a10814f0f1551bf2f792,6,Ambiguous References; Format Ambiguity,161,0.715
7d425a65b7d4f21a51eaa47b038974e8,1,Ambiguous References; Overloaded Prompt,519,0.813
2a62b22b555ae1079e139aea36110322,1,Vague / Missing Context,927,0.775
d090b26d07c2c66b2085cf6852c0320e,1,Format Ambiguity; Ambiguous References,68,0.706
d090b26d07c2c66b2085cf6852c0320e,2,Ambiguous References; Vague / Missing Context,65,0.643
d090b26d07c2c66b2085cf6852c0320e,3,Ambiguous References; Vague / Missing Context,67,0.701
d090b26d07c2c66b2085cf6852c0320e,4,Ambiguous References; Vague / Missing Context,7,0.804
f7029c7359c984e73016bae6bb03d1fa,1,Vague / Missing Context,947,0.777
523badaa18fd5dd6fa09b435124fd912,1,Format Ambiguity,4000,1.906
9f6871b17ff28d10c3ff4d8e82d86d5b,1,Vague / Missing Context; Ambiguous References,58,0.701
9f6871b17ff28d10c3ff4d8e82d86d5b,2,Vague / Missing Context,258,0.545
9f6871b17ff28d10c3ff4d8e82d86d5b,3,Vague / Missing Context,245,0.531
9f6871b17ff28d10c3ff4d8e82d86d5b,4,Vague / Missing Context,362,0.704
9f6871b17ff28d10c3ff4d8e82d86d5b,5,Vague / Missing Context,320,0.495
9f6871b17ff28d10c3ff4d8e82d86d5b,6,Ambiguous References; Overloaded Prompt,276,0.652
2bedcd0c0621450ff0550ced9057b937,1,Vague / Missing Context; Ambiguous References,62,0.687
2bedcd0c0621450ff0550ced9057b937,2,No Smell,124,0.468
2bedcd0c0621450ff0550ced9057b937,3,Vague / Missing Context; Ambiguous References,117,0.718
2bedcd0c0621450ff0550ced9057b937,4,Vague / Missing Context; Format Ambiguity,299,0.610
2bedcd0c0621450ff0550ced9057b937,5,Vague / Missing Context; Ambiguous References,151,0.671
2bedcd0c0621450ff0550ced9057b937,6,Vague / Missing Context; Ambiguous References,185,0.732
2bedcd0c0621450ff0550ced9057b937,7,Vague / Missing Context; Ambiguous References,120,0.818
2bedcd0c0621450ff0550ced9057b937,8,Vague / Missing Context,151,0.475
58177980a80af5ad0fcac3cbf13a23d1,1,No Smell,105,0.575
2c82242fd7ba61184aa72fee45e8516d,1,Vague / Missing Context; Format Ambiguity,66,0.695
2c82242fd7ba61184aa72fee45e8516d,2,Vague / Missing Context; Format Ambiguity,65,0.695
2c82242fd7ba61184aa72fee45e8516d,3,Vague / Missing Context; Format Ambiguity,52,0.688
413af815d3e4e270af2c7c868f38c5c3,1,Vague / Missing Context,922,0.711
d6185792d7ddd4799f5afb3f6ca45320,2,Vague / Missing Context,13,0.377
d6185792d7ddd4799f5afb3f6ca45320,3,Formality / Audience Mismatch,21,0.455
d4867cb58ae33a8559b24ef2c489ab89,1,Vague / Missing Context; Format Ambiguity,74,0.685
d4867cb58ae33a8559b24ef2c489ab89,2,Overloaded Prompt; Unnecessary Repetition,90,0.688
ebbfa07312eaa43ee8620ece6679a86e,1,Vague / Missing Context,936,0.736
397c463316b87ce5fcd96acaf4bf60c6,3,Vague / Missing Context,4,0.545
7fcf4d9ed4eca17cc983b35755e095c5,1,Vague / Missing Context,944,0.737
5f5f75c66690f97c44ebd7c50f68dde0,1,Vague / Missing Context; Format Ambiguity,44,0.869
c129eb24715936196d8ab82c8975bca4,1,Formality / Audience Mismatch,15,0.499
908520aa2c8ebca81638f85feeec08ba,1,Vague / Missing Context,278,0.675
a2c7dc6e4a2aa9d033c7b863d0c639bb,1,Vague / Missing Context,83,0.449
a2c7dc6e4a2aa9d033c7b863d0c639bb,2,Vague / Missing Context,41,0.517
3a8819cb73f1fa2e74dd5e30a276f469,1,Vague / Missing Context; Format Ambiguity,66,0.714
5e33a0510e530a8a6b6c219e4b3c4d42,1,Vague / Missing Context; Format Ambiguity,885,0.694
514016e94a150957b77456993dbb05d7,1,Vague / Missing Context,8,0.517
514016e94a150957b77456993dbb05d7,2,Vague / Missing Context,159,0.439
3f5c3e2fc4cbada42702827785d5e683,1,Vague / Missing Context,892,0.680
cc4e8d783fe04b292991963a3d9d88f0,1,Vague / Missing Context,53,0.500
cc4e8d783fe04b292991963a3d9d88f0,2,Vague / Missing Context,60,0.490
928bdc6f650411bff2dfb600cee76763,1,Vague / Missing Context; Format Ambiguity,88,1.047
65e36dd34f962f8fdf78d98e5ce12a4d,1,Vague / Missing Context; Format Ambiguity,921,0.717
508ccc3cf3b5de475a5ec81d72678f6d,1,Vague / Missing Context; Format Ambiguity,4000,1.449
8cb5913e9e6f03faf5d49666718a6de4,1,Vague / Missing Context,206,0.479
13534624512f98a0fa1bda7226b72a4e,1,Vague / Missing Context; Ambiguous References,58,0.659
13534624512f98a0fa1bda7226b72a4e,2,Vague / Missing Context; Format Ambiguity,59,0.537
6b77db34d6b2627de633a5a8d09cbf0f,1,Vague / Missing Context,946,0.728
d64c3d025acf1e4ce3a0031b301b24ac,2,Vague / Missing Context; Format Ambiguity,38,0.687
d64c3d025acf1e4ce3a0031b301b24ac,3,Vague / Missing Context; Ambiguous References,100,0.646
d64c3d025acf1e4ce3a0031b301b24ac,4,Vague / Missing Context; Format Ambiguity,47,0.611
d64c3d025acf1e4ce3a0031b301b24ac,5,Vague / Missing Context; Format Ambiguity,47,0.579
d64c3d025acf1e4ce3a0031b301b24ac,6,Vague / Missing Context,51,0.627
d64c3d025acf1e4ce3a0031b301b24ac,7,Vague / Missing Context; Ambiguous References,67,0.813
d64c3d025acf1e4ce3a0031b301b24ac,8,Vague / Missing Context,124,0.481
d64c3d025acf1e4ce3a0031b301b24ac,9,Vague / Missing Context,141,0.445
d64c3d025acf1e4ce3a0031b301b24ac,10,Vague / Missing Context,47,0.613
76d8a271c2f3fdc1e480ff1acb3b0200,1,Vague / Missing Context,284,0.619
6ceda9683c78b527acbedb46822bb45b,1,Vague / Missing Context,969,0.854
f921a991037f821630d0fdcf73275aac,1,Vague / Missing Context,969,0.652
4eeb9c686fd99cd0b7f60cd97faad1ee,2,Vague / Missing Context,76,0.734
4eeb9c686fd99cd0b7f60cd97faad1ee,3,Ambiguous References; Vague / Missing Context,87,0.721
5a06b7505115eff4a232182e83023370,1,Overloaded Prompt,4000,1.618
16e176a94e4e594eb4460cd5c1d70c0b,1,Overloaded Prompt,4000,0.862
9732cd400e6d98ab4d58de452b61c45f,1,Vague / Missing Context; Format Ambiguity,983,0.794
63e8f7d0c6e1e6b2b1968ff87947bde1,1,Vague / Missing Context; Format Ambiguity,86,0.601
e9f7b5c4e592105f001b69d585085967,3,Format Ambiguity; Formality / Audience Mismatch,1163,1.026
52d97b1f5ed3bc6f888e18362cc87d40,1,Vague / Missing Context,981,0.737
284df930277f381bb74de03bcbf1fdfb,1,Vague / Missing Context; Format Ambiguity,988,0.796
9468d59c30d041d0e5c45c309937b5a9,1,Vague / Missing Context; Ambiguous References,26,0.724
9468d59c30d041d0e5c45c309937b5a9,2,Vague / Missing Context; Ambiguous References,129,0.631
b8ad02f44236ba0a76880e4c7cabd4e4,1,Vague / Missing Context; Format Ambiguity,994,0.806
a7982a98a8cbbb555af7af2f95d5a2d3,1,Vague / Missing Context; Format Ambiguity,994,0.794
e53313b2efca6181433e1d489e0f3421,6,Ambiguous References; Overloaded Prompt,19,0.550
e53313b2efca6181433e1d489e0f3421,9,Ambiguous References; Format Ambiguity,65,0.578
04e509c9c721ed5bf2a8df8666e80958,1,Vague / Missing Context; Ambiguous References,453,0.746
7094d5fd09ae3f5c5f91a7502501a664,1,Vague / Missing Context; Ambiguous References,36,0.454
6340a8f365261bbbd627d9dd21016dd3,1,Vague / Missing Context; Format Ambiguity,1022,0.798
f87d113610216b3bd96e0548394d5bb1,1,Vague / Missing Context; Format Ambiguity,64,0.658
f87d113610216b3bd96e0548394d5bb1,2,Vague / Missing Context; Ambiguous References,117,0.705
f87d113610216b3bd96e0548394d5bb1,3,Vague / Missing Context,299,0.486
f87d113610216b3bd96e0548394d5bb1,4,Vague / Missing Context,157,0.490
f87d113610216b3bd96e0548394d5bb1,5,Vague / Missing Context; Ambiguous References,184,0.734
f87d113610216b3bd96e0548394d5bb1,6,Vague / Missing Context; Ambiguous References,120,0.816
f87d113610216b3bd96e0548394d5bb1,7,Vague / Missing Context,149,0.474
f87d113610216b3bd96e0548394d5bb1,8,Vague / Missing Context,277,0.546
d7a61f480a9f8ac9c832f7b3437dbfee,1,Vague / Missing Context,37,0.418
d7a61f480a9f8ac9c832f7b3437dbfee,2,Conflicting Constraints; Ambiguous References,463,0.598
229b8f3ff936b418bd74c055858ddf80,1,Vague / Missing Context,1027,0.842
0045a8e2db254a536a5954906f627e7a,1,Vague / Missing Context,7,0.556
6c34d0b3bd2d58fb4769b5f14d607ddc,1,Vague / Missing Context,149,0.503
034df59038b37f4a33178b1c5138545b,1,Vague / Missing Context; Format Ambiguity,1016,0.795
84b060ee66c652cb0fc1f446063b8c1a,2,Vague / Missing Context; Format Ambiguity,62,0.684
5af2d5663b1630f0dc772b65bf29344d,1,Ambiguous References; Overloaded Prompt,3149,1.522
5af2d5663b1630f0dc772b65bf29344d,2,Overloaded Prompt,3221,1.596
5d842ad95b9058de4600947066260a15,1,Vague / Missing Context,9,0.837
a19fab3c96b82eff43c9ce2e0bda12bb,3,Vague / Missing Context; Ambiguous References,70,0.641
a19fab3c96b82eff43c9ce2e0bda12bb,4,Format Ambiguity; Unnecessary Repetition,42,0.678
792b462fb8612e6bc719a5231138a420,1,Vague / Missing Context,242,0.701
792b462fb8612e6bc719a5231138a420,2,Format Ambiguity,243,0.620
792b462fb8612e6bc719a5231138a420,3,Format Ambiguity,246,0.631
792b462fb8612e6bc719a5231138a420,4,Vague / Missing Context; Format Ambiguity,287,0.691
792b462fb8612e6bc719a5231138a420,5,Format Ambiguity; Overloaded Prompt,286,0.567
792b462fb8612e6bc719a5231138a420,6,Vague / Missing Context; Format Ambiguity,274,0.782
7fd020e5269edc057b3a8cac8342220e,1,Ambiguous References; Vague / Missing Context,42,0.669
7fd020e5269edc057b3a8cac8342220e,2,Vague / Missing Context; Format Ambiguity,28,0.748
f4bc17f9d6b3efc46fdf44a3b26a3b85,1,Vague / Missing Context; Format Ambiguity,86,0.600
f4bc17f9d6b3efc46fdf44a3b26a3b85,2,Vague / Missing Context; Format Ambiguity,216,0.497
f4bc17f9d6b3efc46fdf44a3b26a3b85,3,Vague / Missing Context,236,0.467
f4bc17f9d6b3efc46fdf44a3b26a3b85,4,Vague / Missing Context,174,0.523
f4bc17f9d6b3efc46fdf44a3b26a3b85,5,Vague / Missing Context,215,0.457
f4bc17f9d6b3efc46fdf44a3b26a3b85,6,Formality / Audience Mismatch,166,0.571
f4bc17f9d6b3efc46fdf44a3b26a3b85,7,Vague / Missing Context; Format Ambiguity,248,0.803
f4bc17f9d6b3efc46fdf44a3b26a3b85,8,Vague / Missing Context; Format Ambiguity,180,0.514
f4bc17f9d6b3efc46fdf44a3b26a3b85,9,Vague / Missing Context,188,0.441
f4bc17f9d6b3efc46fdf44a3b26a3b85,10,No Smell,195,0.580
f4bc17f9d6b3efc46fdf44a3b26a3b85,11,Vague / Missing Context,184,0.457
3737a75f890ad0f5866cf11084567d01,1,Vague / Missing Context,118,0.612
aca33452f51c77145809eb6d20a7513b,1,Vague / Missing Context; Format Ambiguity,1036,0.837
cc573147a25607cb8db29fc875d17bbb,2,Vague / Missing Context; Format Ambiguity,45,0.715
cc573147a25607cb8db29fc875d17bbb,3,Vague / Missing Context; Ambiguous References,32,0.841
cc573147a25607cb8db29fc875d17bbb,4,Vague / Missing Context; Format Ambiguity,56,0.698
cc573147a25607cb8db29fc875d17bbb,5,Ambiguous References; Unnecessary Repetition,99,0.737
cc573147a25607cb8db29fc875d17bbb,6,Vague / Missing Context; Format Ambiguity,46,0.716
cc573147a25607cb8db29fc875d17bbb,7,Format Ambiguity; Overloaded Prompt,54,0.752
cc573147a25607cb8db29fc875d17bbb,8,Vague / Missing Context; Ambiguous References,104,0.714
cc573147a25607cb8db29fc875d17bbb,9,No Smell,46,0.414
92316b4eb271130622463812f6d2e992,1,Vague / Missing Context,287,0.581
92316b4eb271130622463812f6d2e992,2,Format Ambiguity,76,0.600
92316b4eb271130622463812f6d2e992,4,Ambiguous References; Prompt Bloat / Convoluted Prompt,164,0.550
92316b4eb271130622463812f6d2e992,5,No Smell,413,0.561
92316b4eb271130622463812f6d2e992,6,Format Ambiguity; Conflicting Constraints,91,0.701
92316b4eb271130622463812f6d2e992,7,Ambiguous References; Format Ambiguity,355,0.558
85fec89d9227f25c836787b385ffe116,1,Vague / Missing Context; Unnecessary Repetition,56,0.787
85fec89d9227f25c836787b385ffe116,2,Vague / Missing Context,32,0.425
85fec89d9227f25c836787b385ffe116,3,Ambiguous References; Vague / Missing Context,29,0.765
85fec89d9227f25c836787b385ffe116,4,Vague / Missing Context; Format Ambiguity,47,0.773
85fec89d9227f25c836787b385ffe116,5,Ambiguous References; Vague / Missing Context,7,0.834
85fec89d9227f25c836787b385ffe116,6,Format Ambiguity,82,0.604
85fec89d9227f25c836787b385ffe116,7,Vague / Missing Context,30,0.560
85fec89d9227f25c836787b385ffe116,8,Vague / Missing Context; Ambiguous References,54,0.694
85fec89d9227f25c836787b385ffe116,9,Vague / Missing Context; Format Ambiguity,34,0.753
6186a4ca01c54c5b3a245450222b73ad,1,Vague / Missing Context; Format Ambiguity,23,0.767
8479222c4f169f14919cada3730eedf5,1,No Smell,91,0.434
8479222c4f169f14919cada3730eedf5,3,Ambiguous References; Vague / Missing Context,2934,1.462
82157bc0ff6dfbb74cc986df8692326c,1,Vague / Missing Context; Ambiguous References,163,1.212
82157bc0ff6dfbb74cc986df8692326c,2,Vague / Missing Context,21,0.534
f49bd6edfdfd5ac948f0f3a8f66791a0,1,Vague / Missing Context; Format Ambiguity,1066,0.814
1a910e20d5a98a942b1507357e44f912,1,Vague / Missing Context,59,0.508
22dfdab689cdd0b59869bca5523e02fc,1,Vague / Missing Context; Format Ambiguity,79,0.618
22dfdab689cdd0b59869bca5523e02fc,2,Ambiguous References; Vague / Missing Context,50,0.657
22dfdab689cdd0b59869bca5523e02fc,3,Ambiguous References; Vague / Missing Context,105,0.620
22dfdab689cdd0b59869bca5523e02fc,4,Ambiguous References,44,0.497
464c27107e3c3fb41bde2432c258a494,1,Format Ambiguity,1438,0.693
86a82e6c887d02acdeb2ace4808f4b1f,1,Vague / Missing Context; Format Ambiguity,71,0.765
fdedbb92ffcff641123474f33a4e754c,1,Vague / Missing Context,186,0.542
fdedbb92ffcff641123474f33a4e754c,2,Vague / Missing Context; Ambiguous References,153,0.654
6666a1dcd3ce68a2868f23099d67cb87,1,Vague / Missing Context; Format Ambiguity,1076,0.826
0036446488c4a387cb3058ca2d6a4c06,1,Vague / Missing Context,1093,0.837
d5524b895bae75bd449533cf7460fcb4,1,Conflicting Constraints; Unnecessary Repetition,522,0.824
a48bce6fa69db8606aa57474a049a64d,1,Vague / Missing Context,1135,0.654
e635064dacd7000895ce862191e8de6a,1,Formality / Audience Mismatch,1102,0.798
a171ba9cf569033e0c2fcd0f549a17d0,1,Vague / Missing Context,843,0.886
a171ba9cf569033e0c2fcd0f549a17d0,3,Unnecessary Repetition; Ambiguous References,102,0.620
aaa2bc63eda660be7a8f725a8059994a,1,Conflicting Constraints; Overloaded Prompt,445,0.613
6d0cda3dbbd383e8d77b5b5159c07bb3,1,Vague / Missing Context,148,0.503
c89e3a02af7140c3c149e96ae2102930,2,Vague / Missing Context; Ambiguous References; Overloaded Prompt,973,1.097
c89e3a02af7140c3c149e96ae2102930,3,Ambiguous References; Unnecessary Repetition,130,0.683
b05c488627e935758fb6329c75681086,1,Vague / Missing Context,148,0.503
6416cba0fdcbf12ba7e5f87d5e973ad6,1,Vague / Missing Context; Ambiguous References,137,0.797
6416cba0fdcbf12ba7e5f87d5e973ad6,2,Vague / Missing Context,87,0.587
8316943d047c26bf6f8ce3beeefb6e34,1,Vague / Missing Context; Format Ambiguity,79,0.620
8316943d047c26bf6f8ce3beeefb6e34,2,Ambiguous References,38,0.600
8316943d047c26bf6f8ce3beeefb6e34,3,Vague / Missing Context,84,0.526
8316943d047c26bf6f8ce3beeefb6e34,4,Vague / Missing Context; Ambiguous References,77,0.685
8316943d047c26bf6f8ce3beeefb6e34,5,Vague / Missing Context; Ambiguous References,71,0.696
8316943d047c26bf6f8ce3beeefb6e34,6,Vague / Missing Context,54,0.550
8316943d047c26bf6f8ce3beeefb6e34,7,Ambiguous References,86,0.629
8316943d047c26bf6f8ce3beeefb6e34,8,Vague / Missing Context,105,0.439
92a037666245d2fbc7b6749dac0dda86,1,Ambiguous References; Vague / Missing Context,119,0.785
0538c8f425b331c193abcfe960dc7215,1,Irrelevant / Excessive Persona,1112,0.721
074207c15f3ede619b207c5b58105af5,1,Vague / Missing Context,36,0.479
f31534310e7bb35cd68a3c23f7f68ef3,1,Overloaded Prompt; Bias / Loaded Framing,1117,0.916
e139463a82ef58d06ff542e012164ff9,1,Vague / Missing Context; Format Ambiguity,86,0.603
e139463a82ef58d06ff542e012164ff9,2,Vague / Missing Context,227,0.462
e139463a82ef58d06ff542e012164ff9,3,Vague / Missing Context,184,0.524
e139463a82ef58d06ff542e012164ff9,4,Vague / Missing Context,122,0.657
e139463a82ef58d06ff542e012164ff9,5,Vague / Missing Context,201,0.485
e139463a82ef58d06ff542e012164ff9,6,Vague / Missing Context,173,0.446
e139463a82ef58d06ff542e012164ff9,7,Vague / Missing Context,196,0.437
e139463a82ef58d06ff542e012164ff9,8,Vague / Missing Context; Format Ambiguity,223,0.600
e139463a82ef58d06ff542e012164ff9,9,Vague / Missing Context; Format Ambiguity,132,0.752
e139463a82ef58d06ff542e012164ff9,10,Vague / Missing Context,184,0.448
e139463a82ef58d06ff542e012164ff9,11,Vague / Missing Context,162,0.499
e139463a82ef58d06ff542e012164ff9,12,Vague / Missing Context,212,0.457
e139463a82ef58d06ff542e012164ff9,13,Vague / Missing Context,163,0.475
e139463a82ef58d06ff542e012164ff9,14,Vague / Missing Context,208,0.496
e139463a82ef58d06ff542e012164ff9,15,Vague / Missing Context,187,0.430
e139463a82ef58d06ff542e012164ff9,16,Vague / Missing Context,202,0.478
e139463a82ef58d06ff542e012164ff9,17,Vague / Missing Context; Format Ambiguity,188,0.619
e139463a82ef58d06ff542e012164ff9,18,Vague / Missing Context,191,0.504
e139463a82ef58d06ff542e012164ff9,19,Vague / Missing Context,175,0.438
e139463a82ef58d06ff542e012164ff9,20,Vague / Missing Context,129,0.422
e139463a82ef58d06ff542e012164ff9,21,Vague / Missing Context,155,0.499
e139463a82ef58d06ff542e012164ff9,22,Format Ambiguity,200,0.514
e139463a82ef58d06ff542e012164ff9,23,Vague / Missing Context,187,0.498
e139463a82ef58d06ff542e012164ff9,24,Vague / Missing Context,179,0.580
e139463a82ef58d06ff542e012164ff9,25,Vague / Missing Context; Format Ambiguity,186,0.556
e139463a82ef58d06ff542e012164ff9,26,Vague / Missing Context,172,0.593
e139463a82ef58d06ff542e012164ff9,27,Vague / Missing Context,215,0.575
e139463a82ef58d06ff542e012164ff9,28,Vague / Missing Context; Format Ambiguity,145,0.771
e139463a82ef58d06ff542e012164ff9,29,Vague / Missing Context,186,0.448
e139463a82ef58d06ff542e012164ff9,30,Vague / Missing Context,202,0.452
e139463a82ef58d06ff542e012164ff9,31,Vague / Missing Context,141,0.489
e139463a82ef58d06ff542e012164ff9,32,Vague / Missing Context,173,0.468
e139463a82ef58d06ff542e012164ff9,33,Vague / Missing Context,209,0.489
e139463a82ef58d06ff542e012164ff9,34,Vague / Missing Context; Format Ambiguity,149,0.705
e139463a82ef58d06ff542e012164ff9,35,Vague / Missing Context,161,0.475
e139463a82ef58d06ff542e012164ff9,36,Format Ambiguity,201,0.622
e139463a82ef58d06ff542e012164ff9,37,Vague / Missing Context,166,0.535
e139463a82ef58d06ff542e012164ff9,38,Vague / Missing Context,183,0.536
e139463a82ef58d06ff542e012164ff9,39,Vague / Missing Context,210,0.591
e139463a82ef58d06ff542e012164ff9,40,Vague / Missing Context,203,0.599
e139463a82ef58d06ff542e012164ff9,41,Vague / Missing Context; Format Ambiguity,207,0.592
e139463a82ef58d06ff542e012164ff9,42,Vague / Missing Context,183,0.447
e139463a82ef58d06ff542e012164ff9,43,Formality / Audience Mismatch,136,0.574
e139463a82ef58d06ff542e012164ff9,44,Vague / Missing Context,209,0.581
e139463a82ef58d06ff542e012164ff9,45,Vague / Missing Context,197,0.497
e139463a82ef58d06ff542e012164ff9,46,Vague / Missing Context; Format Ambiguity,175,0.485
e139463a82ef58d06ff542e012164ff9,47,Vague / Missing Context,157,0.555
e139463a82ef58d06ff542e012164ff9,48,Vague / Missing Context,165,0.412
e139463a82ef58d06ff542e012164ff9,49,Vague / Missing Context,196,0.448
e139463a82ef58d06ff542e012164ff9,50,Vague / Missing Context,206,0.648
e139463a82ef58d06ff542e012164ff9,51,Vague / Missing Context,202,0.430
6d8ef573701ceed7689eb07054cc7a0e,1,Vague / Missing Context,199,0.601
6d8ef573701ceed7689eb07054cc7a0e,2,Vague / Missing Context,211,0.629
6d8ef573701ceed7689eb07054cc7a0e,3,Vague / Missing Context,228,0.611
6d8ef573701ceed7689eb07054cc7a0e,4,Vague / Missing Context,259,0.599
6d8ef573701ceed7689eb07054cc7a0e,5,Vague / Missing Context; Ambiguous References,48,0.773
6d8ef573701ceed7689eb07054cc7a0e,6,Vague / Missing Context; Ambiguous References,59,0.651
6d8ef573701ceed7689eb07054cc7a0e,7,Vague / Missing Context,73,0.640
6d8ef573701ceed7689eb07054cc7a0e,8,Vague / Missing Context; Ambiguous References,98,0.731
6d8ef573701ceed7689eb07054cc7a0e,9,Vague / Missing Context; Ambiguous References,109,0.685
6d8ef573701ceed7689eb07054cc7a0e,10,Vague / Missing Context,95,0.545
6d8ef573701ceed7689eb07054cc7a0e,11,Ambiguous References; Vague / Missing Context,155,1.058
6d8ef573701ceed7689eb07054cc7a0e,12,Ambiguous References; Vague / Missing Context,263,0.857
6d8ef573701ceed7689eb07054cc7a0e,13,Vague / Missing Context,57,0.538
f633faba3500ff23f3718b6bf6b89322,1,Vague / Missing Context; Format Ambiguity,60,0.668
f633faba3500ff23f3718b6bf6b89322,2,Ambiguous References; Vague / Missing Context,47,0.756
8f1c11c71afc9f494df327bfda4639fb,1,Vague / Missing Context,57,0.537
1b1edba9534759d5b4e73858e21d30af,1,Vague / Missing Context,1122,0.655
2ddee9f2f7f8f9c0075395290f731a1b,1,No Smell,719,0.621
61e5ed405550ff31ef07e787cc7f506b,1,Vague / Missing Context; Format Ambiguity,52,0.781
61e5ed405550ff31ef07e787cc7f506b,3,Vague / Missing Context; Format Ambiguity,180,0.686
2b468b0f9ed69d8b73bba1e7b168ae4e,1,Vague / Missing Context; Format Ambiguity,180,0.642
0ca5b86d57437f21e75272e74d1a0b78,1,Vague / Missing Context,154,0.502
707e47ce33fcefcdd143f08a860eeff4,1,Vague / Missing Context,139,0.619
09f85ae92c1b8b745fdd2931250a57c3,2,Ambiguous References; Vague / Missing Context,18,0.774
5ce422f0d74b74f701aaa921493957cc,1,Vague / Missing Context; Format Ambiguity,86,0.601
5ce422f0d74b74f701aaa921493957cc,2,Vague / Missing Context,231,0.473
5ce422f0d74b74f701aaa921493957cc,3,Vague / Missing Context,193,0.458
5ce422f0d74b74f701aaa921493957cc,4,Ambiguous References; Unnecessary Repetition,242,0.545
5ce422f0d74b74f701aaa921493957cc,5,Vague / Missing Context,228,0.509
5ce422f0d74b74f701aaa921493957cc,6,Vague / Missing Context,201,0.440
5ce422f0d74b74f701aaa921493957cc,7,Vague / Missing Context,234,0.506
5ce422f0d74b74f701aaa921493957cc,8,Vague / Missing Context,188,0.573
5ce422f0d74b74f701aaa921493957cc,9,Vague / Missing Context,214,0.478
5ce422f0d74b74f701aaa921493957cc,10,Vague / Missing Context,168,0.533
5ce422f0d74b74f701aaa921493957cc,11,Vague / Missing Context; Format Ambiguity,136,0.705
5ce422f0d74b74f701aaa921493957cc,12,Vague / Missing Context,152,0.451
5ce422f0d74b74f701aaa921493957cc,13,Vague / Missing Context; Format Ambiguity,149,0.614
5ce422f0d74b74f701aaa921493957cc,14,Vague / Missing Context,185,0.485
5ce422f0d74b74f701aaa921493957cc,15,Vague / Missing Context,245,0.487
5ce422f0d74b74f701aaa921493957cc,16,Vague / Missing Context,185,0.513
5ce422f0d74b74f701aaa921493957cc,17,Vague / Missing Context,181,0.515
5ce422f0d74b74f701aaa921493957cc,18,Vague / Missing Context; Format Ambiguity,187,0.582
5ce422f0d74b74f701aaa921493957cc,19,Vague / Missing Context,135,0.459
5ce422f0d74b74f701aaa921493957cc,20,Vague / Missing Context,183,0.496
5ce422f0d74b74f701aaa921493957cc,21,Vague / Missing Context,193,0.448
5ce422f0d74b74f701aaa921493957cc,22,Vague / Missing Context,190,0.449
5ce422f0d74b74f701aaa921493957cc,23,Vague / Missing Context,145,0.489
5ce422f0d74b74f701aaa921493957cc,24,Vague / Missing Context,186,0.506
5ce422f0d74b74f701aaa921493957cc,25,Vague / Missing Context,214,0.438
5ce422f0d74b74f701aaa921493957cc,26,Vague / Missing Context; Format Ambiguity,171,0.527
5ce422f0d74b74f701aaa921493957cc,27,Vague / Missing Context; Format Ambiguity,228,0.681
5ce422f0d74b74f701aaa921493957cc,28,Vague / Missing Context,181,0.477
5ce422f0d74b74f701aaa921493957cc,29,Vague / Missing Context,177,0.486
5ce422f0d74b74f701aaa921493957cc,30,Vague / Missing Context,206,0.458
5ce422f0d74b74f701aaa921493957cc,31,Vague / Missing Context,192,0.572
5ce422f0d74b74f701aaa921493957cc,32,Vague / Missing Context,209,0.458
5ce422f0d74b74f701aaa921493957cc,33,Vague / Missing Context; Format Ambiguity,208,0.538
5ce422f0d74b74f701aaa921493957cc,34,Vague / Missing Context,162,0.534
5ce422f0d74b74f701aaa921493957cc,35,Vague / Missing Context,198,0.448
5ce422f0d74b74f701aaa921493957cc,36,Vague / Missing Context,196,0.545
5ce422f0d74b74f701aaa921493957cc,37,Vague / Missing Context,222,0.559
5ce422f0d74b74f701aaa921493957cc,38,Vague / Missing Context,163,0.495
5ce422f0d74b74f701aaa921493957cc,39,Vague / Missing Context,200,0.486
5ce422f0d74b74f701aaa921493957cc,40,Vague / Missing Context,150,0.503
5ce422f0d74b74f701aaa921493957cc,41,Vague / Missing Context,211,0.515
5ce422f0d74b74f701aaa921493957cc,42,Vague / Missing Context,194,0.447
5ce422f0d74b74f701aaa921493957cc,43,Format Ambiguity,193,0.581
5ce422f0d74b74f701aaa921493957cc,44,Vague / Missing Context,210,0.420
5ce422f0d74b74f701aaa921493957cc,45,Vague / Missing Context; Format Ambiguity,162,0.581
5ce422f0d74b74f701aaa921493957cc,46,Unnecessary Repetition,146,0.456
5ce422f0d74b74f701aaa921493957cc,47,Bias / Loaded Framing,183,0.581
5ce422f0d74b74f701aaa921493957cc,48,Vague / Missing Context; Format Ambiguity,168,0.625
5ce422f0d74b74f701aaa921493957cc,49,Vague / Missing Context,163,0.421
5ce422f0d74b74f701aaa921493957cc,50,Ambiguous References,144,0.511
5ce422f0d74b74f701aaa921493957cc,51,Vague / Missing Context,166,0.493
1f62bc1ca969e283f8a4cb2297d08fc5,1,Vague / Missing Context,3721,1.432
16089c27d63251964206788765e0854b,1,Vague / Missing Context; Overloaded Prompt,365,0.555
16089c27d63251964206788765e0854b,2,Vague / Missing Context,28,0.508
16089c27d63251964206788765e0854b,3,Unnecessary Repetition,75,0.495
16089c27d63251964206788765e0854b,4,Vague / Missing Context,160,0.461
16089c27d63251964206788765e0854b,5,Unnecessary Repetition,73,0.458
16089c27d63251964206788765e0854b,6,Format Ambiguity; Overloaded Prompt,22,0.736
16089c27d63251964206788765e0854b,7,Vague / Missing Context; Unnecessary Repetition,87,0.705
16089c27d63251964206788765e0854b,8,Vague / Missing Context; Format Ambiguity,121,0.638
1d2284cdfb27bd59a170b5db80062d6a,1,No Smell,16,0.376
1d2284cdfb27bd59a170b5db80062d6a,2,No Smell,17,0.656
1d2284cdfb27bd59a170b5db80062d6a,3,Vague / Missing Context; Ambiguous References,30,0.701
1d2284cdfb27bd59a170b5db80062d6a,4,Vague / Missing Context; Format Ambiguity,65,0.721
1d2284cdfb27bd59a170b5db80062d6a,5,Vague / Missing Context,35,0.508
1d2284cdfb27bd59a170b5db80062d6a,6,No Smell,34,0.377
1d2284cdfb27bd59a170b5db80062d6a,7,Vague / Missing Context; Format Ambiguity,51,0.724
1d2284cdfb27bd59a170b5db80062d6a,8,Ambiguous References,24,0.686
1d2284cdfb27bd59a170b5db80062d6a,10,Vague / Missing Context,23,0.491
06f5d5c0211ead49cc0d406218abeae0,1,Format Ambiguity,119,0.833
06f5d5c0211ead49cc0d406218abeae0,2,Vague / Missing Context,228,0.470
06f5d5c0211ead49cc0d406218abeae0,4,Vague / Missing Context; Format Ambiguity,632,0.597
06f5d5c0211ead49cc0d406218abeae0,5,Vague / Missing Context,529,0.793
06f5d5c0211ead49cc0d406218abeae0,6,Vague / Missing Context; Format Ambiguity,1250,0.656
06f5d5c0211ead49cc0d406218abeae0,7,Vague / Missing Context; Format Ambiguity,998,0.821
06f5d5c0211ead49cc0d406218abeae0,8,Vague / Missing Context; Format Ambiguity,1275,0.763
06f5d5c0211ead49cc0d406218abeae0,9,Format Ambiguity,1795,0.771
001a8972a4f7b0f61c14ce9dd99013e0,1,Vague / Missing Context,148,0.502
8fb2fab423561623ff1274b958eeb65b,1,Format Ambiguity,143,0.547
8fb2fab423561623ff1274b958eeb65b,2,No Smell,132,0.435
8fb2fab423561623ff1274b958eeb65b,3,No Smell,132,0.353
02e7cc23adaa51368ba65d8b46447f1e,1,Format Ambiguity,116,0.537
02e7cc23adaa51368ba65d8b46447f1e,2,No Smell,141,0.406
02e7cc23adaa51368ba65d8b46447f1e,3,Formality / Audience Mismatch; Ambiguous References,93,0.485
02e7cc23adaa51368ba65d8b46447f1e,4,Format Ambiguity,92,0.442
02e7cc23adaa51368ba65d8b46447f1e,5,No Smell,99,0.398
02e7cc23adaa51368ba65d8b46447f1e,6,No Smell,113,0.521
02e7cc23adaa51368ba65d8b46447f1e,7,No Smell,101,0.414
02e7cc23adaa51368ba65d8b46447f1e,8,Ambiguous References,102,0.574
02e7cc23adaa51368ba65d8b46447f1e,9,Ambiguous References; Vague / Missing Context,107,0.602
02e7cc23adaa51368ba65d8b46447f1e,10,Vague / Missing Context,67,0.483
02e7cc23adaa51368ba65d8b46447f1e,11,Vague / Missing Context,108,0.651
40c69465a784b57ff24d6f9127c51eee,2,Vague / Missing Context,301,0.579
40c69465a784b57ff24d6f9127c51eee,3,Vague / Missing Context,128,0.516
40c69465a784b57ff24d6f9127c51eee,4,Vague / Missing Context,107,0.550
40c69465a784b57ff24d6f9127c51eee,5,Vague / Missing Context; Format Ambiguity,196,0.857
40c69465a784b57ff24d6f9127c51eee,6,Vague / Missing Context; Ambiguous References,164,0.581
40c69465a784b57ff24d6f9127c51eee,7,Ambiguous References; Vague / Missing Context,87,0.706
40c69465a784b57ff24d6f9127c51eee,8,Vague / Missing Context,80,0.506
40c69465a784b57ff24d6f9127c51eee,9,Vague / Missing Context; Format Ambiguity,323,0.698
40c69465a784b57ff24d6f9127c51eee,10,Ambiguous References; Format Ambiguity,38,0.699
e25b5ad8aee31494a920755adfacb005,1,Vague / Missing Context,148,0.502
b3f045721f572f8bb528d4b96dd05f86,1,No Smell,120,0.448
b3f045721f572f8bb528d4b96dd05f86,2,Ambiguous References; Vague / Missing Context,148,0.676
b3f045721f572f8bb528d4b96dd05f86,3,Ambiguous References; Vague / Missing Context,437,0.636
b3f045721f572f8bb528d4b96dd05f86,4,Vague / Missing Context; Format Ambiguity,1156,0.728
b3f045721f572f8bb528d4b96dd05f86,5,Vague / Missing Context,36,0.603
b3f045721f572f8bb528d4b96dd05f86,6,Irrelevant / Excessive Persona; Ambiguous References; Overloaded Prompt,1302,1.183
b3f045721f572f8bb528d4b96dd05f86,7,Format Ambiguity,1325,0.690
b3f045721f572f8bb528d4b96dd05f86,10,Format Ambiguity,201,0.422
b3f045721f572f8bb528d4b96dd05f86,11,Ambiguous References; Formality / Audience Mismatch,88,0.934
b3f045721f572f8bb528d4b96dd05f86,13,Vague / Missing Context; Format Ambiguity,1204,0.885
787ffc7cc9f4b9e88c5dec55cad767cd,1,Format Ambiguity,2298,0.926
787ffc7cc9f4b9e88c5dec55cad767cd,2,Vague / Missing Context,165,0.440
787ffc7cc9f4b9e88c5dec55cad767cd,3,Ambiguous References,14,0.761
787ffc7cc9f4b9e88c5dec55cad767cd,4,Vague / Missing Context; Format Ambiguity,112,0.806
3872863052f34fbcf499bedff1b51200,1,Vague / Missing Context; Format Ambiguity,86,0.599
3872863052f34fbcf499bedff1b51200,2,Vague / Missing Context,162,0.503
3872863052f34fbcf499bedff1b51200,3,Overloaded Prompt; Unnecessary Repetition,165,0.648
3872863052f34fbcf499bedff1b51200,4,Vague / Missing Context,173,0.447
3872863052f34fbcf499bedff1b51200,5,Vague / Missing Context,191,0.448
3872863052f34fbcf499bedff1b51200,6,Vague / Missing Context,145,0.486
3872863052f34fbcf499bedff1b51200,7,Vague / Missing Context,193,0.388
3872863052f34fbcf499bedff1b51200,8,Vague / Missing Context,180,0.447
3872863052f34fbcf499bedff1b51200,9,Vague / Missing Context,183,0.438
3872863052f34fbcf499bedff1b51200,10,Vague / Missing Context,154,0.427
3872863052f34fbcf499bedff1b51200,11,Vague / Missing Context,214,0.523
3872863052f34fbcf499bedff1b51200,12,Format Ambiguity,206,0.600
3872863052f34fbcf499bedff1b51200,13,Vague / Missing Context,159,0.534
3872863052f34fbcf499bedff1b51200,14,Vague / Missing Context,145,0.422
3872863052f34fbcf499bedff1b51200,15,Vague / Missing Context,162,0.450
3872863052f34fbcf499bedff1b51200,16,Vague / Missing Context,189,0.542
3872863052f34fbcf499bedff1b51200,17,Vague / Missing Context,140,0.441
3872863052f34fbcf499bedff1b51200,18,Vague / Missing Context,224,0.462
3872863052f34fbcf499bedff1b51200,19,Vague / Missing Context,223,0.496
3872863052f34fbcf499bedff1b51200,20,Vague / Missing Context,170,0.441
3872863052f34fbcf499bedff1b51200,21,Vague / Missing Context,216,0.427
3872863052f34fbcf499bedff1b51200,22,Vague / Missing Context,218,0.470
3872863052f34fbcf499bedff1b51200,23,Vague / Missing Context,197,0.438
3872863052f34fbcf499bedff1b51200,24,Vague / Missing Context,228,0.440
3872863052f34fbcf499bedff1b51200,25,Vague / Missing Context,163,0.493
3872863052f34fbcf499bedff1b51200,26,Vague / Missing Context,178,0.428
3872863052f34fbcf499bedff1b51200,27,Format Ambiguity,196,0.536
3872863052f34fbcf499bedff1b51200,28,Vague / Missing Context,265,0.475
3872863052f34fbcf499bedff1b51200,29,Vague / Missing Context; Format Ambiguity,145,0.694
3872863052f34fbcf499bedff1b51200,30,Vague / Missing Context,165,0.508
3872863052f34fbcf499bedff1b51200,31,Vague / Missing Context,188,0.468
3872863052f34fbcf499bedff1b51200,32,Vague / Missing Context,188,0.430
3872863052f34fbcf499bedff1b51200,33,Vague / Missing Context,217,0.453
3872863052f34fbcf499bedff1b51200,34,Vague / Missing Context; Ambiguous References,168,0.624
3872863052f34fbcf499bedff1b51200,35,Vague / Missing Context,207,0.543
3872863052f34fbcf499bedff1b51200,36,Vague / Missing Context,143,0.666
3872863052f34fbcf499bedff1b51200,37,Vague / Missing Context,145,0.487
3872863052f34fbcf499bedff1b51200,38,Vague / Missing Context,150,0.558
3872863052f34fbcf499bedff1b51200,39,Vague / Missing Context,162,0.399
3872863052f34fbcf499bedff1b51200,40,Vague / Missing Context,181,0.507
3872863052f34fbcf499bedff1b51200,41,Vague / Missing Context,189,0.485
3872863052f34fbcf499bedff1b51200,42,Vague / Missing Context,153,0.474
3872863052f34fbcf499bedff1b51200,43,Format Ambiguity,190,0.552
3872863052f34fbcf499bedff1b51200,44,Vague / Missing Context,149,0.451
3872863052f34fbcf499bedff1b51200,45,Vague / Missing Context,188,0.456
3872863052f34fbcf499bedff1b51200,46,Vague / Missing Context; Format Ambiguity,166,0.538
3872863052f34fbcf499bedff1b51200,47,Conflicting Constraints,166,0.501
3872863052f34fbcf499bedff1b51200,48,Vague / Missing Context,209,0.441
3872863052f34fbcf499bedff1b51200,49,Format Ambiguity,184,0.505
3872863052f34fbcf499bedff1b51200,50,Formality / Audience Mismatch,157,0.516
9cbfd3a08ebae53309f41ece1b1d4275,1,Vague / Missing Context,148,0.502
3eda9b55d13219e818597b04df62cec8,3,Vague / Missing Context; Ambiguous References,70,0.626
d03125fb4d143db2e3b1d8c0cf1e6043,1,Ambiguous References; Unnecessary Repetition,87,0.772
d03125fb4d143db2e3b1d8c0cf1e6043,2,Conflicting Constraints; Unnecessary Repetition,103,0.809
d03125fb4d143db2e3b1d8c0cf1e6043,3,Conflicting Constraints,72,0.648
d03125fb4d143db2e3b1d8c0cf1e6043,4,Vague / Missing Context; Format Ambiguity,51,0.705
d03125fb4d143db2e3b1d8c0cf1e6043,5,Vague / Missing Context; Format Ambiguity,55,0.698
f7cdd4dac9d89158861bd099f2573308,3,Vague / Missing Context; Ambiguous References,43,0.791
f7cdd4dac9d89158861bd099f2573308,5,Vague / Missing Context; Format Ambiguity,164,0.808
a8dc465a7085b15ce0b4dc2dca8e0876,1,Vague / Missing Context; Format Ambiguity,1205,0.884
61a9e5cf083d2c722b23b439ef279a32,1,Vague / Missing Context; Format Ambiguity,62,0.713
72fdc16def51631284e2166ca63663cb,1,Ambiguous References; Overloaded Prompt,109,0.545
72fdc16def51631284e2166ca63663cb,3,Vague / Missing Context,295,0.642
fb72c273828fdab9a44afab2fed11ea1,1,Format Ambiguity,127,0.434
2156d622806ed471691de9c9e961db46,1,Vague / Missing Context; Ambiguous References,47,0.607
2156d622806ed471691de9c9e961db46,2,Vague / Missing Context,50,0.639
bca1218e021c0bffb33ca888235cdae4,1,Vague / Missing Context; Format Ambiguity,86,0.599
bca1218e021c0bffb33ca888235cdae4,2,Vague / Missing Context,143,0.471
bca1218e021c0bffb33ca888235cdae4,3,Vague / Missing Context,168,0.428
bca1218e021c0bffb33ca888235cdae4,4,Vague / Missing Context,140,0.516
bca1218e021c0bffb33ca888235cdae4,5,Vague / Missing Context,175,0.495
bca1218e021c0bffb33ca888235cdae4,6,Vague / Missing Context,176,0.580
bca1218e021c0bffb33ca888235cdae4,7,Vague / Missing Context; Ambiguous References,198,0.590
bca1218e021c0bffb33ca888235cdae4,8,Vague / Missing Context,214,0.526
bca1218e021c0bffb33ca888235cdae4,9,Vague / Missing Context,183,0.504
bca1218e021c0bffb33ca888235cdae4,10,Vague / Missing Context,141,0.447
bca1218e021c0bffb33ca888235cdae4,11,Vague / Missing Context,131,0.486
bca1218e021c0bffb33ca888235cdae4,12,Format Ambiguity,179,0.477
bca1218e021c0bffb33ca888235cdae4,13,Vague / Missing Context,148,0.497
bca1218e021c0bffb33ca888235cdae4,14,Vague / Missing Context,193,0.448
bca1218e021c0bffb33ca888235cdae4,15,Vague / Missing Context,145,0.486
bca1218e021c0bffb33ca888235cdae4,16,Vague / Missing Context; Format Ambiguity,203,0.687
bca1218e021c0bffb33ca888235cdae4,17,Vague / Missing Context,172,0.438
bca1218e021c0bffb33ca888235cdae4,18,Vague / Missing Context,180,0.437
bca1218e021c0bffb33ca888235cdae4,19,Vague / Missing Context,198,0.468
bca1218e021c0bffb33ca888235cdae4,20,Vague / Missing Context; Unnecessary Repetition,192,0.553
bca1218e021c0bffb33ca888235cdae4,21,Vague / Missing Context,152,0.526
bca1218e021c0bffb33ca888235cdae4,22,Vague / Missing Context,151,0.483
bca1218e021c0bffb33ca888235cdae4,23,Vague / Missing Context,125,0.639
bca1218e021c0bffb33ca888235cdae4,24,Formality / Audience Mismatch,194,0.584
bca1218e021c0bffb33ca888235cdae4,25,Vague / Missing Context,172,0.590
bca1218e021c0bffb33ca888235cdae4,26,Format Ambiguity,206,0.607
bca1218e021c0bffb33ca888235cdae4,27,Vague / Missing Context,171,0.493
bca1218e021c0bffb33ca888235cdae4,28,Vague / Missing Context,168,0.458
bca1218e021c0bffb33ca888235cdae4,29,Vague / Missing Context,161,0.518
bca1218e021c0bffb33ca888235cdae4,30,Vague / Missing Context,175,0.637
bca1218e021c0bffb33ca888235cdae4,31,Vague / Missing Context,145,0.488
bca1218e021c0bffb33ca888235cdae4,32,Vague / Missing Context; Format Ambiguity,137,0.789
bca1218e021c0bffb33ca888235cdae4,33,Vague / Missing Context,170,0.584
bca1218e021c0bffb33ca888235cdae4,34,Vague / Missing Context,165,0.414
bca1218e021c0bffb33ca888235cdae4,35,Vague / Missing Context; Format Ambiguity,207,0.720
bca1218e021c0bffb33ca888235cdae4,36,Vague / Missing Context,191,0.424
bca1218e021c0bffb33ca888235cdae4,37,Vague / Missing Context,226,0.461
bca1218e021c0bffb33ca888235cdae4,38,Vague / Missing Context; Format Ambiguity,136,0.585
bca1218e021c0bffb33ca888235cdae4,39,Vague / Missing Context,147,0.512
bca1218e021c0bffb33ca888235cdae4,40,Formality / Audience Mismatch,184,0.623
bca1218e021c0bffb33ca888235cdae4,41,Vague / Missing Context,172,0.666
bca1218e021c0bffb33ca888235cdae4,42,Vague / Missing Context,145,0.486
bca1218e021c0bffb33ca888235cdae4,43,Ambiguous References; Unnecessary Repetition,191,0.518
bca1218e021c0bffb33ca888235cdae4,44,Vague / Missing Context,207,0.544
bca1218e021c0bffb33ca888235cdae4,45,Formality / Audience Mismatch,183,0.509
bca1218e021c0bffb33ca888235cdae4,46,Vague / Missing Context,132,0.503
bca1218e021c0bffb33ca888235cdae4,47,Vague / Missing Context,157,0.417
bca1218e021c0bffb33ca888235cdae4,48,Vague / Missing Context,128,0.450
bca1218e021c0bffb33ca888235cdae4,49,Vague / Missing Context,149,0.452
bca1218e021c0bffb33ca888235cdae4,50,Vague / Missing Context,196,0.513
bca1218e021c0bffb33ca888235cdae4,51,Vague / Missing Context,171,0.511
7313ec278570b39018aa9d90a9fd2094,1,Conflicting Constraints,77,0.618
b45176d9ef8584e3904e05c3a00935e7,1,Vague / Missing Context; Ambiguous References,79,0.666
124269035ab63f64fd0472a55c59860b,1,Vague / Missing Context,111,0.659
124269035ab63f64fd0472a55c59860b,2,Vague / Missing Context,11,0.552
124269035ab63f64fd0472a55c59860b,4,Format Ambiguity,72,0.805
2cf23df14115324a0d8619a3d2a74940,2,Ambiguous References,422,0.615
2cf23df14115324a0d8619a3d2a74940,4,Formality / Audience Mismatch; Unnecessary Repetition,227,0.577
b6ebe5a455a04584a15ce78bfc48a6c5,1,Format Ambiguity,2308,0.922
b6ebe5a455a04584a15ce78bfc48a6c5,2,Vague / Missing Context; Format Ambiguity,53,0.810
b6ebe5a455a04584a15ce78bfc48a6c5,3,Conflicting Constraints,224,0.639
b6ebe5a455a04584a15ce78bfc48a6c5,4,Vague / Missing Context; Format Ambiguity,156,0.581
d047c9bb2b6e02aa72360e53d99ed2f6,1,Vague / Missing Context; Format Ambiguity,34,0.687
9b5081dee54ff3911f43ca4c620a900d,1,Vague / Missing Context; Ambiguous References,19,0.679
9b5081dee54ff3911f43ca4c620a900d,2,Vague / Missing Context; Format Ambiguity,28,0.735
9b5081dee54ff3911f43ca4c620a900d,3,Vague / Missing Context; Format Ambiguity,27,0.733
9b5081dee54ff3911f43ca4c620a900d,4,Vague / Missing Context; Format Ambiguity,27,0.669
9b5081dee54ff3911f43ca4c620a900d,5,Vague / Missing Context; Ambiguous References,27,0.677
9b5081dee54ff3911f43ca4c620a900d,6,Vague / Missing Context; Ambiguous References,40,0.686
9b5081dee54ff3911f43ca4c620a900d,7,Vague / Missing Context; Format Ambiguity,39,0.565
9b5081dee54ff3911f43ca4c620a900d,8,Ambiguous References; Vague / Missing Context,8,0.801
9b5081dee54ff3911f43ca4c620a900d,9,Ambiguous References; Vague / Missing Context,14,0.847
9b5081dee54ff3911f43ca4c620a900d,10,Format Ambiguity,94,0.744
8574263ffa62bb58f3ab33de994997fc,1,Ambiguous References; Overloaded Prompt,197,0.580
8574263ffa62bb58f3ab33de994997fc,2,No Smell,170,0.360
81df335ff689a5670ef1ff010500444d,1,Vague / Missing Context; Format Ambiguity,63,0.705
81df335ff689a5670ef1ff010500444d,2,Vague / Missing Context; Ambiguous References,84,0.679
97d7374fcc5125ca8b8da3fbc225a55a,6,Unnecessary Repetition,782,0.578
4768a83ffc071a2788aa8c63ee8f4f19,1,Vague / Missing Context; Format Ambiguity,43,0.668
4768a83ffc071a2788aa8c63ee8f4f19,2,Vague / Missing Context; Format Ambiguity,48,0.669
4768a83ffc071a2788aa8c63ee8f4f19,4,Vague / Missing Context; Format Ambiguity,39,0.711
4768a83ffc071a2788aa8c63ee8f4f19,5,Ambiguous References; Format Ambiguity,20,0.751
cab9bebb67a1e6c6856273f3791f9fe2,1,Format Ambiguity,2308,0.924
cab9bebb67a1e6c6856273f3791f9fe2,2,Vague / Missing Context; Format Ambiguity,53,0.807
cab9bebb67a1e6c6856273f3791f9fe2,3,Vague / Missing Context; Ambiguous References,138,0.700
7546d33e884f3cf63426292e3a14e971,1,Vague / Missing Context; Format Ambiguity,86,0.600
7546d33e884f3cf63426292e3a14e971,2,Vague / Missing Context,142,0.458
7546d33e884f3cf63426292e3a14e971,3,Vague / Missing Context,198,0.429
7546d33e884f3cf63426292e3a14e971,4,Vague / Missing Context,235,0.413
7546d33e884f3cf63426292e3a14e971,5,Vague / Missing Context,191,0.477
7546d33e884f3cf63426292e3a14e971,6,Vague / Missing Context,182,0.451
7546d33e884f3cf63426292e3a14e971,7,Vague / Missing Context; Format Ambiguity,153,0.611
7546d33e884f3cf63426292e3a14e971,8,Vague / Missing Context,189,0.494
7546d33e884f3cf63426292e3a14e971,9,Formality / Audience Mismatch,198,0.592
7546d33e884f3cf63426292e3a14e971,10,Unnecessary Repetition; Ambiguous References,133,0.467
7546d33e884f3cf63426292e3a14e971,11,Vague / Missing Context,201,0.470
7546d33e884f3cf63426292e3a14e971,12,Ambiguous References,172,0.467
7546d33e884f3cf63426292e3a14e971,13,Vague / Missing Context; Ambiguous References,175,0.560
7546d33e884f3cf63426292e3a14e971,14,Vague / Missing Context,199,0.488
7546d33e884f3cf63426292e3a14e971,15,Vague / Missing Context,179,0.447
7546d33e884f3cf63426292e3a14e971,16,Vague / Missing Context,164,0.559
7546d33e884f3cf63426292e3a14e971,17,Vague / Missing Context,221,0.478
7546d33e884f3cf63426292e3a14e971,18,Vague / Missing Context,205,0.441
7546d33e884f3cf63426292e3a14e971,19,Vague / Missing Context,228,0.461
7546d33e884f3cf63426292e3a14e971,20,Vague / Missing Context,160,0.569
7546d33e884f3cf63426292e3a14e971,21,Vague / Missing Context,190,0.487
7546d33e884f3cf63426292e3a14e971,22,Vague / Missing Context,231,0.516
7546d33e884f3cf63426292e3a14e971,23,Vague / Missing Context,217,0.498
7546d33e884f3cf63426292e3a14e971,24,Vague / Missing Context,170,0.476
7546d33e884f3cf63426292e3a14e971,25,Vague / Missing Context; Format Ambiguity,216,0.500
7546d33e884f3cf63426292e3a14e971,26,Vague / Missing Context,236,0.470
7546d33e884f3cf63426292e3a14e971,27,Vague / Missing Context,174,0.522
7546d33e884f3cf63426292e3a14e971,28,Vague / Missing Context,215,0.459
7546d33e884f3cf63426292e3a14e971,29,Formality / Audience Mismatch,166,0.574
7546d33e884f3cf63426292e3a14e971,30,Vague / Missing Context; Format Ambiguity,248,0.805
7546d33e884f3cf63426292e3a14e971,31,Vague / Missing Context; Format Ambiguity,180,0.514
7546d33e884f3cf63426292e3a14e971,32,Vague / Missing Context,188,0.441
7546d33e884f3cf63426292e3a14e971,33,No Smell,195,0.580
7546d33e884f3cf63426292e3a14e971,34,Vague / Missing Context,184,0.456
7546d33e884f3cf63426292e3a14e971,35,Vague / Missing Context,182,0.432
7546d33e884f3cf63426292e3a14e971,36,Vague / Missing Context,203,0.429
7546d33e884f3cf63426292e3a14e971,37,Vague / Missing Context,159,0.447
7546d33e884f3cf63426292e3a14e971,38,Vague / Missing Context,181,0.475
7546d33e884f3cf63426292e3a14e971,39,Vague / Missing Context,201,0.487
7546d33e884f3cf63426292e3a14e971,40,Vague / Missing Context,183,0.456
7546d33e884f3cf63426292e3a14e971,41,Vague / Missing Context,204,0.466
7546d33e884f3cf63426292e3a14e971,42,Vague / Missing Context,267,0.514
7546d33e884f3cf63426292e3a14e971,43,Ambiguous References; Vague / Missing Context,211,0.594
7546d33e884f3cf63426292e3a14e971,44,Vague / Missing Context,191,0.473
7546d33e884f3cf63426292e3a14e971,45,Vague / Missing Context,184,0.458
7546d33e884f3cf63426292e3a14e971,46,Format Ambiguity,216,0.554
7546d33e884f3cf63426292e3a14e971,47,Vague / Missing Context; Format Ambiguity,152,0.703
7546d33e884f3cf63426292e3a14e971,48,Vague / Missing Context,173,0.523
7546d33e884f3cf63426292e3a14e971,49,Ambiguous References,211,0.543
7546d33e884f3cf63426292e3a14e971,50,Vague / Missing Context,176,0.455
7546d33e884f3cf63426292e3a14e971,51,Vague / Missing Context,207,0.632
4b503b4a0aa1b1f042c72f7eb08e7896,1,Vague / Missing Context; Format Ambiguity,33,0.755
4b503b4a0aa1b1f042c72f7eb08e7896,2,Vague / Missing Context; Format Ambiguity,60,0.736
4b503b4a0aa1b1f042c72f7eb08e7896,3,Vague / Missing Context; Format Ambiguity,37,0.670
4b503b4a0aa1b1f042c72f7eb08e7896,4,Vague / Missing Context; Format Ambiguity,37,0.738
4b503b4a0aa1b1f042c72f7eb08e7896,5,Vague / Missing Context; Format Ambiguity,41,0.720
4b503b4a0aa1b1f042c72f7eb08e7896,6,Vague / Missing Context; Format Ambiguity,53,0.817
4b503b4a0aa1b1f042c72f7eb08e7896,7,Vague / Missing Context; Ambiguous References,61,0.773
4b503b4a0aa1b1f042c72f7eb08e7896,8,Vague / Missing Context; Format Ambiguity,20,0.736
4b503b4a0aa1b1f042c72f7eb08e7896,9,Vague / Missing Context; Format Ambiguity,12,0.772
4b503b4a0aa1b1f042c72f7eb08e7896,11,Vague / Missing Context; Format Ambiguity,56,0.667
bcf5bb1f6efce3e27dcee16df3934039,1,Vague / Missing Context; Format Ambiguity,56,0.638
40036380002cff420704a330ff65d11a,1,Bias / Loaded Framing; Conflicting Constraints,92,0.780
e5d23d788085d51e2dcf919e44ec6206,1,Ambiguous References; Conflicting Constraints,92,0.689
0bdccfe1f21b5f0256b41e0c8b42ab40,2,Ambiguous References; Vague / Missing Context,56,0.895
0bdccfe1f21b5f0256b41e0c8b42ab40,3,No Smell,209,0.477
0bdccfe1f21b5f0256b41e0c8b42ab40,4,Vague / Missing Context; Ambiguous References,51,0.651
b97abb3788fdc5874d5b55fa148aa99f,1,Vague / Missing Context; Format Ambiguity,58,0.715
09d05af0b30963fa3c09bb8add0d8c82,1,Vague / Missing Context; Format Ambiguity,761,0.658
c9bdd64e11ce89068e875c479a77567e,1,Vague / Missing Context,8,0.525
c9bdd64e11ce89068e875c479a77567e,2,Vague / Missing Context,62,0.482
5daa705af3b24994dbfbf5346009fbc5,1,Format Ambiguity,1795,0.771
5daa705af3b24994dbfbf5346009fbc5,2,Vague / Missing Context,824,0.625
5daa705af3b24994dbfbf5346009fbc5,3,Formality / Audience Mismatch; Unnecessary Repetition,1331,0.935
5daa705af3b24994dbfbf5346009fbc5,4,Vague / Missing Context,601,0.622
5daa705af3b24994dbfbf5346009fbc5,5,Vague / Missing Context; Format Ambiguity,1324,0.897
5f6c1244af7d1c9175aca4e4d9c7464a,1,Vague / Missing Context; Format Ambiguity,86,0.600
5f6c1244af7d1c9175aca4e4d9c7464a,2,Vague / Missing Context,160,0.464
5f6c1244af7d1c9175aca4e4d9c7464a,3,Vague / Missing Context; Format Ambiguity,170,0.552
5f6c1244af7d1c9175aca4e4d9c7464a,4,Vague / Missing Context; Format Ambiguity,137,0.584
5f6c1244af7d1c9175aca4e4d9c7464a,5,Vague / Missing Context,161,0.466
5f6c1244af7d1c9175aca4e4d9c7464a,6,Vague / Missing Context,166,0.503
5f6c1244af7d1c9175aca4e4d9c7464a,7,Vague / Missing Context; Format Ambiguity,164,0.622
5f6c1244af7d1c9175aca4e4d9c7464a,8,Vague / Missing Context,179,0.476
5f6c1244af7d1c9175aca4e4d9c7464a,9,Vague / Missing Context,212,0.484
5f6c1244af7d1c9175aca4e4d9c7464a,10,Vague / Missing Context; Format Ambiguity,151,0.497
5f6c1244af7d1c9175aca4e4d9c7464a,11,Vague / Missing Context,219,0.441
5f6c1244af7d1c9175aca4e4d9c7464a,12,Vague / Missing Context; Ambiguous References,143,0.705
5f6c1244af7d1c9175aca4e4d9c7464a,13,Vague / Missing Context,222,0.478
5f6c1244af7d1c9175aca4e4d9c7464a,14,Vague / Missing Context,236,0.486
5f6c1244af7d1c9175aca4e4d9c7464a,15,Vague / Missing Context,193,0.514
5f6c1244af7d1c9175aca4e4d9c7464a,16,Vague / Missing Context,156,0.469
5f6c1244af7d1c9175aca4e4d9c7464a,17,Ambiguous References,161,0.372
5f6c1244af7d1c9175aca4e4d9c7464a,18,Vague / Missing Context,142,0.479
5f6c1244af7d1c9175aca4e4d9c7464a,19,Vague / Missing Context,166,0.449
5f6c1244af7d1c9175aca4e4d9c7464a,20,Vague / Missing Context,178,0.449
5f6c1244af7d1c9175aca4e4d9c7464a,21,Vague / Missing Context,163,0.458
5f6c1244af7d1c9175aca4e4d9c7464a,22,Vague / Missing Context,173,0.545
5f6c1244af7d1c9175aca4e4d9c7464a,23,Vague / Missing Context,225,0.460
5f6c1244af7d1c9175aca4e4d9c7464a,24,Vague / Missing Context; Ambiguous References,168,0.732
5f6c1244af7d1c9175aca4e4d9c7464a,25,Vague / Missing Context,227,0.461
5f6c1244af7d1c9175aca4e4d9c7464a,26,Vague / Missing Context,184,0.524
5f6c1244af7d1c9175aca4e4d9c7464a,27,Vague / Missing Context,122,0.657
5f6c1244af7d1c9175aca4e4d9c7464a,28,Vague / Missing Context,201,0.484
5f6c1244af7d1c9175aca4e4d9c7464a,29,Vague / Missing Context,173,0.447
5f6c1244af7d1c9175aca4e4d9c7464a,30,Vague / Missing Context,196,0.438
5f6c1244af7d1c9175aca4e4d9c7464a,31,Vague / Missing Context; Format Ambiguity,223,0.602
5f6c1244af7d1c9175aca4e4d9c7464a,32,Vague / Missing Context; Format Ambiguity,132,0.752
5f6c1244af7d1c9175aca4e4d9c7464a,33,Vague / Missing Context,184,0.448
5f6c1244af7d1c9175aca4e4d9c7464a,34,Vague / Missing Context,162,0.500
5f6c1244af7d1c9175aca4e4d9c7464a,35,Vague / Missing Context,212,0.458
5f6c1244af7d1c9175aca4e4d9c7464a,36,Vague / Missing Context,163,0.476
5f6c1244af7d1c9175aca4e4d9c7464a,37,Vague / Missing Context,208,0.496
5f6c1244af7d1c9175aca4e4d9c7464a,38,Vague / Missing Context,187,0.430
5f6c1244af7d1c9175aca4e4d9c7464a,39,Vague / Missing Context,202,0.478
5f6c1244af7d1c9175aca4e4d9c7464a,40,Vague / Missing Context; Format Ambiguity,188,0.618
5f6c1244af7d1c9175aca4e4d9c7464a,41,Vague / Missing Context,191,0.503
5f6c1244af7d1c9175aca4e4d9c7464a,42,Vague / Missing Context,175,0.437
5f6c1244af7d1c9175aca4e4d9c7464a,43,Vague / Missing Context,129,0.422
5f6c1244af7d1c9175aca4e4d9c7464a,44,Vague / Missing Context,155,0.497
5f6c1244af7d1c9175aca4e4d9c7464a,45,Format Ambiguity,200,0.515
5f6c1244af7d1c9175aca4e4d9c7464a,46,Vague / Missing Context,187,0.498
5f6c1244af7d1c9175aca4e4d9c7464a,47,Vague / Missing Context,179,0.584
5f6c1244af7d1c9175aca4e4d9c7464a,48,Vague / Missing Context; Format Ambiguity,186,0.558
5f6c1244af7d1c9175aca4e4d9c7464a,49,Vague / Missing Context,172,0.589
5f6c1244af7d1c9175aca4e4d9c7464a,50,Vague / Missing Context,215,0.574
5f6c1244af7d1c9175aca4e4d9c7464a,51,Vague / Missing Context; Format Ambiguity,145,0.770
3ccaab59c32b125b98e329fbaaaeb199,1,Prompt Bloat / Convoluted Prompt,754,0.634
921f3ade2648a47ced1b25107c0c358d,1,Vague / Missing Context,150,0.543
bd92c91309400c18118724543db82651,1,Conflicting Constraints; Irrelevant / Excessive Persona,86,0.696
bd92c91309400c18118724543db82651,2,Vague / Missing Context; Ambiguous References,74,0.632
bd92c91309400c18118724543db82651,3,Vague / Missing Context; Ambiguous References,63,0.650
bd92c91309400c18118724543db82651,4,Ambiguous References; Vague / Missing Context,93,0.648
bd92c91309400c18118724543db82651,5,Vague / Missing Context; Ambiguous References,65,0.670
bd92c91309400c18118724543db82651,6,Vague / Missing Context,62,0.640
913be62fd1d0079fc872b208bf229d71,1,Irrelevant / Excessive Persona,4000,3.357
913be62fd1d0079fc872b208bf229d71,3,Vague / Missing Context,248,5.246
2450856a02df14965593df2d7527a0db,1,Vague / Missing Context; Ambiguous References,51,0.720
2450856a02df14965593df2d7527a0db,2,Vague / Missing Context; Ambiguous References,77,0.610
07d5939a336201c6ad8fd0bd3a57dbca,1,Formality / Audience Mismatch,304,0.723
07d5939a336201c6ad8fd0bd3a57dbca,2,Formality / Audience Mismatch,278,0.712
8a0b3ba9339faf5126a9624f41612f5c,1,Vague / Missing Context; Format Ambiguity,86,0.604
8a0b3ba9339faf5126a9624f41612f5c,2,Vague / Missing Context,186,0.446
8a0b3ba9339faf5126a9624f41612f5c,3,Vague / Missing Context,202,0.454
8a0b3ba9339faf5126a9624f41612f5c,4,Vague / Missing Context,141,0.489
8a0b3ba9339faf5126a9624f41612f5c,5,Vague / Missing Context,173,0.469
8a0b3ba9339faf5126a9624f41612f5c,6,Vague / Missing Context,209,0.489
8a0b3ba9339faf5126a9624f41612f5c,7,Vague / Missing Context; Format Ambiguity,149,0.703
8a0b3ba9339faf5126a9624f41612f5c,8,Vague / Missing Context,161,0.474
8a0b3ba9339faf5126a9624f41612f5c,9,Format Ambiguity,201,0.621
8a0b3ba9339faf5126a9624f41612f5c,10,Vague / Missing Context,166,0.533
8a0b3ba9339faf5126a9624f41612f5c,11,Vague / Missing Context,183,0.535
8a0b3ba9339faf5126a9624f41612f5c,12,Vague / Missing Context,210,0.594
8a0b3ba9339faf5126a9624f41612f5c,13,Vague / Missing Context,203,0.599
8a0b3ba9339faf5126a9624f41612f5c,14,Vague / Missing Context; Format Ambiguity,207,0.592
8a0b3ba9339faf5126a9624f41612f5c,15,Vague / Missing Context,183,0.447
8a0b3ba9339faf5126a9624f41612f5c,16,Formality / Audience Mismatch,136,0.576
8a0b3ba9339faf5126a9624f41612f5c,17,Vague / Missing Context,209,0.582
8a0b3ba9339faf5126a9624f41612f5c,18,Vague / Missing Context,197,0.496
8a0b3ba9339faf5126a9624f41612f5c,19,Vague / Missing Context; Format Ambiguity,175,0.486
8a0b3ba9339faf5126a9624f41612f5c,20,Vague / Missing Context,157,0.554
8a0b3ba9339faf5126a9624f41612f5c,21,Vague / Missing Context,165,0.410
8a0b3ba9339faf5126a9624f41612f5c,22,Vague / Missing Context,196,0.448
8a0b3ba9339faf5126a9624f41612f5c,23,Vague / Missing Context,206,0.648
8a0b3ba9339faf5126a9624f41612f5c,24,Vague / Missing Context,202,0.430
8a0b3ba9339faf5126a9624f41612f5c,25,Vague / Missing Context,231,0.469
8a0b3ba9339faf5126a9624f41612f5c,26,Vague / Missing Context,193,0.458
8a0b3ba9339faf5126a9624f41612f5c,27,Ambiguous References; Unnecessary Repetition,242,0.547
8a0b3ba9339faf5126a9624f41612f5c,28,Vague / Missing Context,228,0.509
8a0b3ba9339faf5126a9624f41612f5c,29,Vague / Missing Context,201,0.440
8a0b3ba9339faf5126a9624f41612f5c,30,Vague / Missing Context,234,0.507
8a0b3ba9339faf5126a9624f41612f5c,31,Vague / Missing Context,188,0.572
8a0b3ba9339faf5126a9624f41612f5c,32,Vague / Missing Context,214,0.478
8a0b3ba9339faf5126a9624f41612f5c,33,Vague / Missing Context,168,0.532
8a0b3ba9339faf5126a9624f41612f5c,34,Vague / Missing Context; Format Ambiguity,136,0.705
8a0b3ba9339faf5126a9624f41612f5c,35,Vague / Missing Context,152,0.450
8a0b3ba9339faf5126a9624f41612f5c,36,Vague / Missing Context; Format Ambiguity,149,0.612
8a0b3ba9339faf5126a9624f41612f5c,37,Vague / Missing Context,185,0.486
8a0b3ba9339faf5126a9624f41612f5c,38,Vague / Missing Context,245,0.487
8a0b3ba9339faf5126a9624f41612f5c,39,Vague / Missing Context,185,0.512
8a0b3ba9339faf5126a9624f41612f5c,40,Vague / Missing Context,181,0.514
8a0b3ba9339faf5126a9624f41612f5c,41,Vague / Missing Context; Format Ambiguity,187,0.581
8a0b3ba9339faf5126a9624f41612f5c,42,Vague / Missing Context,135,0.459
8a0b3ba9339faf5126a9624f41612f5c,43,Vague / Missing Context,183,0.495
8a0b3ba9339faf5126a9624f41612f5c,44,Vague / Missing Context,193,0.448
8a0b3ba9339faf5126a9624f41612f5c,45,Vague / Missing Context,190,0.454
8a0b3ba9339faf5126a9624f41612f5c,46,Vague / Missing Context,145,0.501
8a0b3ba9339faf5126a9624f41612f5c,47,Vague / Missing Context,186,0.508
8a0b3ba9339faf5126a9624f41612f5c,48,Vague / Missing Context,214,0.438
8a0b3ba9339faf5126a9624f41612f5c,49,Vague / Missing Context; Format Ambiguity,171,0.528
8a0b3ba9339faf5126a9624f41612f5c,50,Vague / Missing Context; Format Ambiguity,228,0.679
8a0b3ba9339faf5126a9624f41612f5c,51,Vague / Missing Context,181,0.476
70cb5ec47c84ec0b39b7a0603397f0ff,1,Vague / Missing Context,368,0.532
70cb5ec47c84ec0b39b7a0603397f0ff,2,Vague / Missing Context,602,0.551
96aba9142305f25516e6b7dd8700d7af,2,Vague / Missing Context; Format Ambiguity,28,0.731
6a2ce9e01595986b2d8d37089516cef5,1,Vague / Missing Context; Ambiguous References,77,0.620
6a2ce9e01595986b2d8d37089516cef5,2,Vague / Missing Context; Format Ambiguity,93,0.677
6a2ce9e01595986b2d8d37089516cef5,3,Vague / Missing Context; Ambiguous References,74,0.631
c25dce8b732a0b985ba96aff7259794d,2,Vague / Missing Context; Ambiguous References,67,0.711
1f1faa30a3eb01bbd01720fafd93137c,2,Prompt Bloat / Convoluted Prompt; Unnecessary Repetition,126,0.814
5e462b3f369032a5ca8729e9688ec0c7,1,Vague / Missing Context; Format Ambiguity,86,0.604
5e462b3f369032a5ca8729e9688ec0c7,2,Vague / Missing Context,177,0.487
5e462b3f369032a5ca8729e9688ec0c7,3,Vague / Missing Context,206,0.469
5e462b3f369032a5ca8729e9688ec0c7,4,Vague / Missing Context,192,0.570
5e462b3f369032a5ca8729e9688ec0c7,5,Vague / Missing Context,209,0.457
5e462b3f369032a5ca8729e9688ec0c7,6,Vague / Missing Context; Format Ambiguity,208,0.539
5e462b3f369032a5ca8729e9688ec0c7,7,Vague / Missing Context,162,0.536
5e462b3f369032a5ca8729e9688ec0c7,8,Vague / Missing Context,198,0.448
5e462b3f369032a5ca8729e9688ec0c7,9,Vague / Missing Context,196,0.545
5e462b3f369032a5ca8729e9688ec0c7,10,Vague / Missing Context,222,0.560
5e462b3f369032a5ca8729e9688ec0c7,11,Vague / Missing Context,163,0.496
5e462b3f369032a5ca8729e9688ec0c7,12,Vague / Missing Context,200,0.488
5e462b3f369032a5ca8729e9688ec0c7,13,Vague / Missing Context,150,0.503
5e462b3f369032a5ca8729e9688ec0c7,14,Vague / Missing Context,211,0.516
5e462b3f369032a5ca8729e9688ec0c7,15,Vague / Missing Context,194,0.448
5e462b3f369032a5ca8729e9688ec0c7,16,Format Ambiguity,193,0.582
5e462b3f369032a5ca8729e9688ec0c7,17,Vague / Missing Context,210,0.422
5e462b3f369032a5ca8729e9688ec0c7,18,Vague / Missing Context; Format Ambiguity,162,0.585
5e462b3f369032a5ca8729e9688ec0c7,19,Unnecessary Repetition,146,0.456
5e462b3f369032a5ca8729e9688ec0c7,20,Bias / Loaded Framing,183,0.581
5e462b3f369032a5ca8729e9688ec0c7,21,Vague / Missing Context; Format Ambiguity,168,0.622
5e462b3f369032a5ca8729e9688ec0c7,22,Vague / Missing Context,163,0.419
5e462b3f369032a5ca8729e9688ec0c7,23,Ambiguous References,144,0.489
5e462b3f369032a5ca8729e9688ec0c7,24,Vague / Missing Context,166,0.495
5e462b3f369032a5ca8729e9688ec0c7,25,Vague / Missing Context,162,0.507
5e462b3f369032a5ca8729e9688ec0c7,26,Overloaded Prompt; Unnecessary Repetition,165,0.648
5e462b3f369032a5ca8729e9688ec0c7,27,Vague / Missing Context,173,0.452
5e462b3f369032a5ca8729e9688ec0c7,28,Vague / Missing Context,191,0.451
5e462b3f369032a5ca8729e9688ec0c7,29,Vague / Missing Context,145,0.487
5e462b3f369032a5ca8729e9688ec0c7,30,Vague / Missing Context,193,0.389
5e462b3f369032a5ca8729e9688ec0c7,31,Vague / Missing Context,180,0.456
5e462b3f369032a5ca8729e9688ec0c7,32,Vague / Missing Context,183,0.440
5e462b3f369032a5ca8729e9688ec0c7,33,Vague / Missing Context,154,0.427
5e462b3f369032a5ca8729e9688ec0c7,34,Vague / Missing Context,214,0.524
5e462b3f369032a5ca8729e9688ec0c7,35,Format Ambiguity,206,0.603
5e462b3f369032a5ca8729e9688ec0c7,36,Vague / Missing Context,159,0.534
5e462b3f369032a5ca8729e9688ec0c7,37,Vague / Missing Context,145,0.422
5e462b3f369032a5ca8729e9688ec0c7,38,Vague / Missing Context,162,0.450
5e462b3f369032a5ca8729e9688ec0c7,39,Vague / Missing Context,189,0.544
5e462b3f369032a5ca8729e9688ec0c7,40,Vague / Missing Context,140,0.441
5e462b3f369032a5ca8729e9688ec0c7,41,Vague / Missing Context,224,0.461
5e462b3f369032a5ca8729e9688ec0c7,42,Vague / Missing Context,223,0.497
5e462b3f369032a5ca8729e9688ec0c7,43,Vague / Missing Context,170,0.441
5e462b3f369032a5ca8729e9688ec0c7,44,Vague / Missing Context,216,0.428
5e462b3f369032a5ca8729e9688ec0c7,45,Vague / Missing Context,218,0.469
5e462b3f369032a5ca8729e9688ec0c7,46,Vague / Missing Context,197,0.441
5e462b3f369032a5ca8729e9688ec0c7,47,Vague / Missing Context,228,0.442
5e462b3f369032a5ca8729e9688ec0c7,48,Vague / Missing Context,163,0.494
5e462b3f369032a5ca8729e9688ec0c7,49,Vague / Missing Context,178,0.427
5e462b3f369032a5ca8729e9688ec0c7,50,Format Ambiguity,196,0.535
5e462b3f369032a5ca8729e9688ec0c7,51,Vague / Missing Context,265,0.469
0cd8e17acefbc020fa6cc137e7e77317,1,Vague / Missing Context,166,0.544
0cd8e17acefbc020fa6cc137e7e77317,2,Vague / Missing Context,200,0.564
0cd8e17acefbc020fa6cc137e7e77317,3,Vague / Missing Context,178,0.467
0cd8e17acefbc020fa6cc137e7e77317,4,Ambiguous References; Format Ambiguity,111,0.554
01f312d6c632e6caa1bc05d63153ba73,1,Vague / Missing Context,23,0.464
01f312d6c632e6caa1bc05d63153ba73,2,Vague / Missing Context,34,0.415
01f312d6c632e6caa1bc05d63153ba73,3,Vague / Missing Context; Format Ambiguity,57,0.642
07eaef0c73df81e6334127e3a5e7ef77,1,Format Ambiguity,3590,1.248
07eaef0c73df81e6334127e3a5e7ef77,2,Vague / Missing Context; Format Ambiguity,53,0.809
e822a82971f23b24cb5ef4878894fc88,1,Vague / Missing Context,8,0.526
3124cf4da1b5789b095458c8dbfcab1a,4,Ambiguous References,20,0.503
94bc611f47a7de3b286a664c8ee5393e,1,Vague / Missing Context,135,0.661
94bc611f47a7de3b286a664c8ee5393e,2,Format Ambiguity,117,0.726
b257aa36dcda54b09b633812384fd1fa,1,Vague / Missing Context,887,0.850
b257aa36dcda54b09b633812384fd1fa,2,Vague / Missing Context; Format Ambiguity,1186,0.682
b257aa36dcda54b09b633812384fd1fa,3,Vague / Missing Context,1002,0.602
b257aa36dcda54b09b633812384fd1fa,4,Vague / Missing Context; Format Ambiguity,1005,0.692
b257aa36dcda54b09b633812384fd1fa,5,Vague / Missing Context; Format Ambiguity,1678,0.797
68047fee50425f5e2635154c750456ee,3,Format Ambiguity,15,0.548
147f0703577075d8673f4c6f44d24c7f,1,Vague / Missing Context,85,0.707
cdfcc92aa0c613ddbf57b23fdde8b943,1,Vague / Missing Context,20,0.458
cdfcc92aa0c613ddbf57b23fdde8b943,2,Format Ambiguity,7,0.527
cdfcc92aa0c613ddbf57b23fdde8b943,3,Format Ambiguity,55,0.433
cdfcc92aa0c613ddbf57b23fdde8b943,4,Vague / Missing Context; Format Ambiguity,22,0.670
cdfcc92aa0c613ddbf57b23fdde8b943,5,No Smell,22,0.579
cdfcc92aa0c613ddbf57b23fdde8b943,6,Ambiguous References; Vague / Missing Context,29,0.791
cdfcc92aa0c613ddbf57b23fdde8b943,7,Vague / Missing Context; Format Ambiguity,55,0.700
cdfcc92aa0c613ddbf57b23fdde8b943,8,Vague / Missing Context,18,0.547
9dfea71b4b75eef635e0ed53b378f2a7,1,Vague / Missing Context,38,0.442
9dfea71b4b75eef635e0ed53b378f2a7,2,Vague / Missing Context; Format Ambiguity,42,0.646
9dfea71b4b75eef635e0ed53b378f2a7,4,Vague / Missing Context,54,0.462
9dfea71b4b75eef635e0ed53b378f2a7,5,Vague / Missing Context,36,0.556
9de04f661e76ff9d92cddd32df006879,1,Vague / Missing Context; Format Ambiguity,22,0.632
93eaeae19ad7573167e4284f003f9ce4,1,Vague / Missing Context,40,0.639
93eaeae19ad7573167e4284f003f9ce4,2,Vague / Missing Context,20,0.507
93eaeae19ad7573167e4284f003f9ce4,3,Vague / Missing Context,29,0.498
d49e42f80c7d95bdba98513600001635,1,Vague / Missing Context,70,0.508
d49e42f80c7d95bdba98513600001635,2,Vague / Missing Context,92,0.698
d49e42f80c7d95bdba98513600001635,3,Vague / Missing Context; Format Ambiguity,103,0.759
d49e42f80c7d95bdba98513600001635,4,Ambiguous References; Vague / Missing Context,54,0.727
d49e42f80c7d95bdba98513600001635,5,Vague / Missing Context,211,0.496
d49e42f80c7d95bdba98513600001635,6,Vague / Missing Context; Unnecessary Repetition,174,0.600
d49e42f80c7d95bdba98513600001635,7,Ambiguous References; Vague / Missing Context,89,0.798
02bca2e0c9f5b58deb0f3b5a287572c4,1,Vague / Missing Context,1232,0.944
02bca2e0c9f5b58deb0f3b5a287572c4,2,Vague / Missing Context,1094,0.852
02bca2e0c9f5b58deb0f3b5a287572c4,3,Prompt Bloat / Convoluted Prompt; Unnecessary Repetition,616,0.564
02bca2e0c9f5b58deb0f3b5a287572c4,4,Format Ambiguity,1347,0.673
02bca2e0c9f5b58deb0f3b5a287572c4,5,Vague / Missing Context,1826,0.781
efe2b5c9c68dbabfe6a91b9e19efdb5a,1,Ambiguous References; Unnecessary Repetition,62,0.651
604820e69196dc01c1872f7677db38f0,1,Vague / Missing Context,453,0.615
604820e69196dc01c1872f7677db38f0,2,Vague / Missing Context; Format Ambiguity,53,0.811
604820e69196dc01c1872f7677db38f0,3,Ambiguous References,14,0.760
604820e69196dc01c1872f7677db38f0,4,Format Ambiguity; Unnecessary Repetition; Overloaded Prompt,427,0.655
9ddc6ad537830862409be2817c1b7c37,1,Vague / Missing Context,141,0.430
9ddc6ad537830862409be2817c1b7c37,2,Formality / Audience Mismatch; Unnecessary Repetition,262,0.980
75f49fc6c302ed5db925c80d61df43aa,1,Vague / Missing Context; Ambiguous References,104,0.723
75f49fc6c302ed5db925c80d61df43aa,2,Format Ambiguity,123,0.571
75f49fc6c302ed5db925c80d61df43aa,3,Vague / Missing Context; Ambiguous References,86,0.667
1165ec5383de88d65079b95c1a93c9d2,1,Vague / Missing Context; Ambiguous References,143,0.657
1165ec5383de88d65079b95c1a93c9d2,2,Vague / Missing Context,134,0.450
1165ec5383de88d65079b95c1a93c9d2,3,Vague / Missing Context; Ambiguous References,83,0.649
1165ec5383de88d65079b95c1a93c9d2,4,Vague / Missing Context; Ambiguous References,73,0.705
7e8d25878186c22a4b2dd43b9af10bce,2,Ambiguous References; Unnecessary Repetition,19,0.661
28da01cc66e8384132130ae9021dbf48,1,Vague / Missing Context; Format Ambiguity,36,0.649
cf2bc0fce4ea33821ed1ad5c64f8d491,1,Vague / Missing Context,2804,0.854
5fdc9b5313b8632b9a1f5867c370f04e,1,Vague / Missing Context,145,0.488
fcba91e4b4ad35d924006b122f695f8a,1,No Smell,2166,0.873
fcba91e4b4ad35d924006b122f695f8a,2,Format Ambiguity,31,0.595
fcba91e4b4ad35d924006b122f695f8a,3,Vague / Missing Context; Ambiguous References,39,0.605
fcba91e4b4ad35d924006b122f695f8a,4,Vague / Missing Context; Format Ambiguity,40,0.708
edf0e587da83a7d10fbb563dd4cea5f9,1,Vague / Missing Context,275,0.516
1e1b4e925cb9f90a26d28b4ab8668b9f,2,Ambiguous References; Unnecessary Repetition,19,0.594
867bbc733e7b3afaecc8b45e217d2971,1,Vague / Missing Context,22,0.512
c2487c7302ffeef3ae49813e4840e354,1,Vague / Missing Context,2027,0.763
c2487c7302ffeef3ae49813e4840e354,2,Vague / Missing Context,694,0.685
c2487c7302ffeef3ae49813e4840e354,3,Vague / Missing Context; Format Ambiguity,1622,0.807
c2487c7302ffeef3ae49813e4840e354,4,Vague / Missing Context,1726,0.845
9536a9557717cd022c5d841975929ae5,6,Vague / Missing Context; Ambiguous References,20,0.723
fb1ae5cf902e4d699cfcd01fdfb79252,1,Vague / Missing Context,11,0.369
177fc66e8542ccb1b2cbe0b60e29a9fc,1,Vague / Missing Context; Ambiguous References,133,0.560
ee6f1c7d50979054533dcdae0463d7d0,2,Vague / Missing Context,78,0.589
ee6f1c7d50979054533dcdae0463d7d0,4,Vague / Missing Context,111,0.567
e5c00403b6ae226954ee5a1ea461adf1,1,Format Ambiguity,3590,1.247
e5c00403b6ae226954ee5a1ea461adf1,2,Ambiguous References; Overloaded Prompt,384,0.644
e5c00403b6ae226954ee5a1ea461adf1,3,Vague / Missing Context,210,0.681
e5c00403b6ae226954ee5a1ea461adf1,4,Vague / Missing Context,204,0.566
dddd56965a1e8a631bcfd392c8013c79,1,Vague / Missing Context; Ambiguous References,161,0.751
dddd56965a1e8a631bcfd392c8013c79,2,Vague / Missing Context; Ambiguous References,161,0.706
dddd56965a1e8a631bcfd392c8013c79,3,Vague / Missing Context; Ambiguous References,129,0.800
b98c7a7a20ef664bcd9ccc7616ce0473,1,Format Ambiguity,4000,1.531
75bccc1747fd3a262c20e8523da3b2cd,2,Ambiguous References; Vague / Missing Context,12,0.725
75bccc1747fd3a262c20e8523da3b2cd,3,No Smell,56,0.556
75bccc1747fd3a262c20e8523da3b2cd,4,Format Ambiguity,168,0.528
75bccc1747fd3a262c20e8523da3b2cd,6,Format Ambiguity,211,0.455
75bccc1747fd3a262c20e8523da3b2cd,8,Ambiguous References; Overloaded Prompt,640,0.801
a78db106e66b22d1cb73517c592dbc13,1,Vague / Missing Context; Ambiguous References,124,0.585
a78db106e66b22d1cb73517c592dbc13,2,Vague / Missing Context,217,0.517
e8002782f8d63faeef787a3a04fdcfe7,1,Vague / Missing Context; Format Ambiguity,62,0.687
e8002782f8d63faeef787a3a04fdcfe7,2,Format Ambiguity,17,0.634
bd5c40dc117e397206eeeff31e6c9bef,1,Vague / Missing Context; Format Ambiguity,86,0.601
bd5c40dc117e397206eeeff31e6c9bef,2,Vague / Missing Context,188,0.457
bd5c40dc117e397206eeeff31e6c9bef,3,Vague / Missing Context,148,0.543
bd5c40dc117e397206eeeff31e6c9bef,4,Vague / Missing Context,144,0.524
bd5c40dc117e397206eeeff31e6c9bef,5,Vague / Missing Context; Format Ambiguity,160,0.600
bd5c40dc117e397206eeeff31e6c9bef,6,Ambiguous References; Vague / Missing Context,156,0.555
bd5c40dc117e397206eeeff31e6c9bef,7,Vague / Missing Context,153,0.513
bd5c40dc117e397206eeeff31e6c9bef,8,Ambiguous References; Vague / Missing Context,127,0.536
bd5c40dc117e397206eeeff31e6c9bef,9,Vague / Missing Context,172,0.501
bd5c40dc117e397206eeeff31e6c9bef,10,Formality / Audience Mismatch,215,0.604
bd5c40dc117e397206eeeff31e6c9bef,11,Vague / Missing Context,168,0.553
bd5c40dc117e397206eeeff31e6c9bef,12,Vague / Missing Context; Format Ambiguity,186,0.533
bd5c40dc117e397206eeeff31e6c9bef,13,Formality / Audience Mismatch,150,0.582
bd5c40dc117e397206eeeff31e6c9bef,14,Format Ambiguity,178,0.599
bd5c40dc117e397206eeeff31e6c9bef,15,Vague / Missing Context,148,0.584
bd5c40dc117e397206eeeff31e6c9bef,16,Vague / Missing Context; Format Ambiguity,185,0.556
bd5c40dc117e397206eeeff31e6c9bef,17,Vague / Missing Context,140,0.591
bd5c40dc117e397206eeeff31e6c9bef,18,Vague / Missing Context; Format Ambiguity,147,0.588
bd5c40dc117e397206eeeff31e6c9bef,19,Vague / Missing Context,188,0.497
bd5c40dc117e397206eeeff31e6c9bef,20,Vague / Missing Context,156,0.481
bd5c40dc117e397206eeeff31e6c9bef,21,Vague / Missing Context,181,0.542
bd5c40dc117e397206eeeff31e6c9bef,22,Ambiguous References; Overloaded Prompt,139,0.542
bd5c40dc117e397206eeeff31e6c9bef,23,Vague / Missing Context,145,0.491
bd5c40dc117e397206eeeff31e6c9bef,24,Vague / Missing Context; Format Ambiguity,225,0.545
bd5c40dc117e397206eeeff31e6c9bef,25,Vague / Missing Context,222,0.440
bd5c40dc117e397206eeeff31e6c9bef,26,Vague / Missing Context,213,0.496
bd5c40dc117e397206eeeff31e6c9bef,27,Vague / Missing Context,205,0.442
bd5c40dc117e397206eeeff31e6c9bef,28,Vague / Missing Context,184,0.441
bd5c40dc117e397206eeeff31e6c9bef,29,Vague / Missing Context,137,0.544
bd5c40dc117e397206eeeff31e6c9bef,30,Vague / Missing Context,180,0.448
bd5c40dc117e397206eeeff31e6c9bef,31,Vague / Missing Context,148,0.441
bd5c40dc117e397206eeeff31e6c9bef,32,Vague / Missing Context,199,0.458
bd5c40dc117e397206eeeff31e6c9bef,33,Vague / Missing Context,174,0.532
bd5c40dc117e397206eeeff31e6c9bef,34,Vague / Missing Context,135,0.486
bd5c40dc117e397206eeeff31e6c9bef,35,Vague / Missing Context,215,0.505
bd5c40dc117e397206eeeff31e6c9bef,36,Vague / Missing Context,175,0.450
bd5c40dc117e397206eeeff31e6c9bef,37,Vague / Missing Context,168,0.431
bd5c40dc117e397206eeeff31e6c9bef,38,Vague / Missing Context,166,0.410
bd5c40dc117e397206eeeff31e6c9bef,39,Vague / Missing Context; Format Ambiguity,206,0.585
bd5c40dc117e397206eeeff31e6c9bef,40,Vague / Missing Context,194,0.479
bd5c40dc117e397206eeeff31e6c9bef,41,Unnecessary Repetition,151,0.452
bd5c40dc117e397206eeeff31e6c9bef,42,Formality / Audience Mismatch,190,0.523
bd5c40dc117e397206eeeff31e6c9bef,43,Vague / Missing Context,182,0.485
bd5c40dc117e397206eeeff31e6c9bef,44,Vague / Missing Context,144,0.554
bd5c40dc117e397206eeeff31e6c9bef,45,Vague / Missing Context,186,0.555
bd5c40dc117e397206eeeff31e6c9bef,46,Vague / Missing Context,206,0.526
bd5c40dc117e397206eeeff31e6c9bef,47,Vague / Missing Context,193,0.573
bd5c40dc117e397206eeeff31e6c9bef,48,Format Ambiguity,219,0.433
db3a9c23b57784ef0a3492f0abdc6542,1,Vague / Missing Context,1191,0.643
db3a9c23b57784ef0a3492f0abdc6542,2,Irrelevant / Excessive Persona,1413,0.877
db3a9c23b57784ef0a3492f0abdc6542,3,Format Ambiguity,1980,0.867
db3a9c23b57784ef0a3492f0abdc6542,4,Vague / Missing Context; Format Ambiguity,1862,0.839
3c473ace121eee584732e43c513b5258,1,Format Ambiguity,1052,0.861
3c473ace121eee584732e43c513b5258,2,Vague / Missing Context,594,0.723
9b15a82e0dafaf4340a9b77558349615,1,Ambiguous References; Format Ambiguity,599,0.603
86e9fd4f73856ae1692f9a3a76d47b81,1,No Smell,35,0.412
86e9fd4f73856ae1692f9a3a76d47b81,2,Vague / Missing Context,12,0.406
86e9fd4f73856ae1692f9a3a76d47b81,4,Vague / Missing Context,27,0.452
86e9fd4f73856ae1692f9a3a76d47b81,5,Ambiguous References; Vague / Missing Context,30,0.618
fa95483fd5d790040c4de9510da33f00,3,Vague / Missing Context,107,0.713
efe049b8a2afbd920c727daa3441005a,1,Vague / Missing Context; Format Ambiguity,1862,0.829
efe049b8a2afbd920c727daa3441005a,2,Format Ambiguity,960,0.597
575b8d75a5468225ac884c1c16de3173,1,Vague / Missing Context; Format Ambiguity,28,0.824
575b8d75a5468225ac884c1c16de3173,2,Vague / Missing Context,207,0.551
911345ae93fded353620cba2358bd5a3,1,Vague / Missing Context,32,0.738
87b8e6048f316ff985b1fdd85303797c,1,Format Ambiguity,4000,1.285
c02712db474216ae2518fbb6ed939b89,1,Format Ambiguity,4000,0.522
143c4de87bfe838fb9f318107a085ebf,2,Formality / Audience Mismatch,6,0.564
143c4de87bfe838fb9f318107a085ebf,3,Vague / Missing Context; Ambiguous References,129,0.732
143c4de87bfe838fb9f318107a085ebf,4,Vague / Missing Context; Ambiguous References,159,0.629
739c18b974e3a0c9b26b660ad2ce5bce,1,Vague / Missing Context; Format Ambiguity,86,0.600
739c18b974e3a0c9b26b660ad2ce5bce,2,Format Ambiguity,201,0.470
739c18b974e3a0c9b26b660ad2ce5bce,3,Vague / Missing Context,132,0.600
739c18b974e3a0c9b26b660ad2ce5bce,4,Vague / Missing Context,177,0.488
739c18b974e3a0c9b26b660ad2ce5bce,5,Vague / Missing Context,145,0.489
739c18b974e3a0c9b26b660ad2ce5bce,6,Vague / Missing Context,178,0.686
739c18b974e3a0c9b26b660ad2ce5bce,7,Vague / Missing Context,196,0.489
739c18b974e3a0c9b26b660ad2ce5bce,8,Format Ambiguity,179,0.411
739c18b974e3a0c9b26b660ad2ce5bce,9,Vague / Missing Context,209,0.460
739c18b974e3a0c9b26b660ad2ce5bce,10,Vague / Missing Context,141,0.452
739c18b974e3a0c9b26b660ad2ce5bce,11,Vague / Missing Context,172,0.477
739c18b974e3a0c9b26b660ad2ce5bce,12,Vague / Missing Context,139,0.494
739c18b974e3a0c9b26b660ad2ce5bce,13,Vague / Missing Context,156,0.637
739c18b974e3a0c9b26b660ad2ce5bce,14,Vague / Missing Context,193,0.525
739c18b974e3a0c9b26b660ad2ce5bce,15,Vague / Missing Context,147,0.603
739c18b974e3a0c9b26b660ad2ce5bce,16,Vague / Missing Context,182,0.526
739c18b974e3a0c9b26b660ad2ce5bce,17,Vague / Missing Context; Format Ambiguity,127,0.695
739c18b974e3a0c9b26b660ad2ce5bce,18,Vague / Missing Context,159,0.530
739c18b974e3a0c9b26b660ad2ce5bce,19,Vague / Missing Context,170,0.507
739c18b974e3a0c9b26b660ad2ce5bce,20,Vague / Missing Context,188,0.528
739c18b974e3a0c9b26b660ad2ce5bce,21,Vague / Missing Context,158,0.503
739c18b974e3a0c9b26b660ad2ce5bce,22,Vague / Missing Context; Format Ambiguity,204,0.569
739c18b974e3a0c9b26b660ad2ce5bce,23,Vague / Missing Context,214,0.551
739c18b974e3a0c9b26b660ad2ce5bce,24,Overloaded Prompt,186,0.538
739c18b974e3a0c9b26b660ad2ce5bce,25,Vague / Missing Context,142,0.451
739c18b974e3a0c9b26b660ad2ce5bce,26,Vague / Missing Context,198,0.428
739c18b974e3a0c9b26b660ad2ce5bce,27,Vague / Missing Context,235,0.412
739c18b974e3a0c9b26b660ad2ce5bce,28,Vague / Missing Context,191,0.477
739c18b974e3a0c9b26b660ad2ce5bce,29,Vague / Missing Context,182,0.448
739c18b974e3a0c9b26b660ad2ce5bce,30,Vague / Missing Context; Format Ambiguity,153,0.610
739c18b974e3a0c9b26b660ad2ce5bce,31,Vague / Missing Context,189,0.494
739c18b974e3a0c9b26b660ad2ce5bce,32,Formality / Audience Mismatch,198,0.593
739c18b974e3a0c9b26b660ad2ce5bce,33,Unnecessary Repetition; Ambiguous References,133,0.467
739c18b974e3a0c9b26b660ad2ce5bce,34,Vague / Missing Context,201,0.468
739c18b974e3a0c9b26b660ad2ce5bce,35,Ambiguous References,172,0.468
739c18b974e3a0c9b26b660ad2ce5bce,36,Vague / Missing Context; Ambiguous References,175,0.553
739c18b974e3a0c9b26b660ad2ce5bce,37,Vague / Missing Context,199,0.486
739c18b974e3a0c9b26b660ad2ce5bce,38,Vague / Missing Context,179,0.448
739c18b974e3a0c9b26b660ad2ce5bce,39,Vague / Missing Context,164,0.560
739c18b974e3a0c9b26b660ad2ce5bce,40,Vague / Missing Context,221,0.479
739c18b974e3a0c9b26b660ad2ce5bce,41,Vague / Missing Context,205,0.442
739c18b974e3a0c9b26b660ad2ce5bce,42,Vague / Missing Context,228,0.466
739c18b974e3a0c9b26b660ad2ce5bce,43,Vague / Missing Context,160,0.576
739c18b974e3a0c9b26b660ad2ce5bce,44,Vague / Missing Context,190,0.490
739c18b974e3a0c9b26b660ad2ce5bce,45,Vague / Missing Context,231,0.519
739c18b974e3a0c9b26b660ad2ce5bce,46,Vague / Missing Context,217,0.503
739c18b974e3a0c9b26b660ad2ce5bce,47,Vague / Missing Context,170,0.477
739c18b974e3a0c9b26b660ad2ce5bce,48,Vague / Missing Context; Format Ambiguity,216,0.499
739c18b974e3a0c9b26b660ad2ce5bce,49,Vague / Missing Context,236,0.468
739c18b974e3a0c9b26b660ad2ce5bce,50,Vague / Missing Context,174,0.523
739c18b974e3a0c9b26b660ad2ce5bce,51,Vague / Missing Context,215,0.460
3a5398ca3ed22a932b51cdf0a66ce35e,1,Format Ambiguity,540,0.743
3a5398ca3ed22a932b51cdf0a66ce35e,2,Ambiguous References; Conflicting Constraints,186,0.824
3a5398ca3ed22a932b51cdf0a66ce35e,3,Vague / Missing Context,25,0.681
6ccb8fbfe32823b5a426f2bbe4111385,1,Vague / Missing Context; Ambiguous References,97,0.639
1fd77541f5e217cf438b3caca04b65e3,1,Vague / Missing Context,28,0.576
cab7da0d06ccc444d1d190ccbab18881,1,Format Ambiguity,353,0.525
cab7da0d06ccc444d1d190ccbab18881,2,Format Ambiguity,455,0.560
cab7da0d06ccc444d1d190ccbab18881,3,Vague / Missing Context; Ambiguous References,84,0.697
cab7da0d06ccc444d1d190ccbab18881,4,Vague / Missing Context,65,0.575
c693a47b3368defc1163e0cbcc85e3a2,1,Ambiguous References; Vague / Missing Context,177,0.573
c203d85eaad1f8f29519ab1ca2c7e9c3,1,Overloaded Prompt,4000,1.307
2a1fc23e9eb58ca68fbf9fb45c60b43c,1,Vague / Missing Context,28,0.576
2a1fc23e9eb58ca68fbf9fb45c60b43c,2,Vague / Missing Context,28,0.410
9a19cffdc1b3ca8dd328679a74f3f597,1,Ambiguous References; Vague / Missing Context,24,0.650
992ea3a453b7e6df5f5fa4d9de2a6d17,1,Vague / Missing Context,1097,0.655
992ea3a453b7e6df5f5fa4d9de2a6d17,2,Ambiguous References; Unnecessary Repetition,104,0.715
d42165a4b9640538b6e86671ece4f0d8,1,Vague / Missing Context,1097,0.654
f382ac299a5dad709760898de0d584f4,1,Vague / Missing Context,169,0.494
1708e91e2134a36049c8759b1784352e,1,Vague / Missing Context; Format Ambiguity,86,0.600
1708e91e2134a36049c8759b1784352e,2,Formality / Audience Mismatch,166,0.572
1708e91e2134a36049c8759b1784352e,3,Vague / Missing Context; Format Ambiguity,248,0.803
1708e91e2134a36049c8759b1784352e,4,Vague / Missing Context; Format Ambiguity,180,0.515
1708e91e2134a36049c8759b1784352e,5,Vague / Missing Context,188,0.441
1708e91e2134a36049c8759b1784352e,6,No Smell,195,0.579
1708e91e2134a36049c8759b1784352e,7,Vague / Missing Context,184,0.457
1708e91e2134a36049c8759b1784352e,8,Vague / Missing Context,182,0.432
1708e91e2134a36049c8759b1784352e,9,Vague / Missing Context,203,0.430
1708e91e2134a36049c8759b1784352e,10,Vague / Missing Context,159,0.447
1708e91e2134a36049c8759b1784352e,11,Vague / Missing Context,181,0.479
1708e91e2134a36049c8759b1784352e,12,Vague / Missing Context,201,0.485
1708e91e2134a36049c8759b1784352e,13,Vague / Missing Context,183,0.458
1708e91e2134a36049c8759b1784352e,14,Vague / Missing Context,204,0.467
1708e91e2134a36049c8759b1784352e,15,Vague / Missing Context,267,0.510
1708e91e2134a36049c8759b1784352e,16,Ambiguous References; Vague / Missing Context,211,0.596
1708e91e2134a36049c8759b1784352e,17,Vague / Missing Context,191,0.474
1708e91e2134a36049c8759b1784352e,18,Vague / Missing Context,184,0.459
1708e91e2134a36049c8759b1784352e,19,Format Ambiguity,216,0.555
1708e91e2134a36049c8759b1784352e,20,Vague / Missing Context; Format Ambiguity,152,0.703
1708e91e2134a36049c8759b1784352e,21,Vague / Missing Context,173,0.522
1708e91e2134a36049c8759b1784352e,22,Ambiguous References,211,0.544
1708e91e2134a36049c8759b1784352e,23,Vague / Missing Context,176,0.456
1708e91e2134a36049c8759b1784352e,24,Vague / Missing Context,207,0.633
1708e91e2134a36049c8759b1784352e,25,Vague / Missing Context,160,0.464
1708e91e2134a36049c8759b1784352e,26,Vague / Missing Context; Format Ambiguity,170,0.551
1708e91e2134a36049c8759b1784352e,27,Vague / Missing Context; Format Ambiguity,137,0.584
1708e91e2134a36049c8759b1784352e,28,Vague / Missing Context,161,0.467
1708e91e2134a36049c8759b1784352e,29,Vague / Missing Context,166,0.504
1708e91e2134a36049c8759b1784352e,30,Vague / Missing Context; Format Ambiguity,164,0.620
1708e91e2134a36049c8759b1784352e,31,Vague / Missing Context,179,0.475
1708e91e2134a36049c8759b1784352e,32,Vague / Missing Context,212,0.484
1708e91e2134a36049c8759b1784352e,33,Vague / Missing Context; Format Ambiguity,151,0.499
1708e91e2134a36049c8759b1784352e,34,Vague / Missing Context,219,0.441
1708e91e2134a36049c8759b1784352e,35,Vague / Missing Context; Ambiguous References,143,0.702
1708e91e2134a36049c8759b1784352e,36,Vague / Missing Context,222,0.478
1708e91e2134a36049c8759b1784352e,37,Vague / Missing Context,236,0.489
1708e91e2134a36049c8759b1784352e,38,Vague / Missing Context,193,0.512
1708e91e2134a36049c8759b1784352e,39,Vague / Missing Context,156,0.467
1708e91e2134a36049c8759b1784352e,40,Ambiguous References,161,0.370
1708e91e2134a36049c8759b1784352e,41,Vague / Missing Context,142,0.477
1708e91e2134a36049c8759b1784352e,42,Vague / Missing Context,166,0.449
1708e91e2134a36049c8759b1784352e,43,Vague / Missing Context,178,0.449
1708e91e2134a36049c8759b1784352e,44,Vague / Missing Context,163,0.477
1708e91e2134a36049c8759b1784352e,45,Vague / Missing Context,173,0.551
1708e91e2134a36049c8759b1784352e,46,Vague / Missing Context,225,0.459
1708e91e2134a36049c8759b1784352e,47,Vague / Missing Context; Ambiguous References,168,0.730
1708e91e2134a36049c8759b1784352e,48,Vague / Missing Context,227,0.460
1708e91e2134a36049c8759b1784352e,49,Vague / Missing Context,184,0.522
1708e91e2134a36049c8759b1784352e,50,Vague / Missing Context,122,0.656
1708e91e2134a36049c8759b1784352e,51,Vague / Missing Context,201,0.485
c6d887fa76ff92a390f0caa5ebc23593,1,Vague / Missing Context,169,0.494
5a76d12fdf66715344f9453efeaefbe4,1,Format Ambiguity,1780,0.808
116123abafee7751d2fce94da9f37680,1,Vague / Missing Context,171,0.419
544b1418bdcc500cb246a22de99a1688,1,Vague / Missing Context,1122,0.659
d664ccc9e9e011c272184e960f9cc5ee,1,Vague / Missing Context; Ambiguous References,133,0.520
ac99c6a334d12e9765b991582e355a0b,1,Vague / Missing Context,1123,0.656
92e5d6380967ef516d165ec394e1c75f,1,Vague / Missing Context,193,0.509
a7e2b4d7cc8ba3b839805af6c1149d69,1,Vague / Missing Context,26,0.482
0361608c38fcc734a0cbe65426adbb08,1,Ambiguous References; Overloaded Prompt,185,0.562
c3bfa6c1e3a4f8c731521cb7ff0beb03,1,Vague / Missing Context,1151,0.868
01317cea0c4341637d3a72d32df4b9f6,1,Vague / Missing Context,28,0.548
06f50cee7d0b85219e1008d4632d1a38,1,Vague / Missing Context; Format Ambiguity,42,0.671
7cfb9a7a57b83324d762e222350ebfc0,1,Vague / Missing Context; Ambiguous References,45,0.676
0f9463babb56b34061be5e4ef5cc712d,1,Format Ambiguity; Overloaded Prompt,4000,1.304
ef0a8ab9314d15b72782fb8965625421,1,Vague / Missing Context,118,0.583
ef0a8ab9314d15b72782fb8965625421,2,Format Ambiguity; Vague / Missing Context,58,0.664
ef0a8ab9314d15b72782fb8965625421,3,No Smell,372,0.554
ef0a8ab9314d15b72782fb8965625421,4,Format Ambiguity,4000,1.454
ef0a8ab9314d15b72782fb8965625421,5,Conflicting Constraints; Ambiguous References,72,1.097
ef0a8ab9314d15b72782fb8965625421,6,Ambiguous References; Overloaded Prompt,135,0.531
ef0a8ab9314d15b72782fb8965625421,7,Ambiguous References; Overloaded Prompt,135,0.478
ef0a8ab9314d15b72782fb8965625421,8,No Smell,136,0.457
ef0a8ab9314d15b72782fb8965625421,9,Format Ambiguity,208,0.476
ef0a8ab9314d15b72782fb8965625421,10,Ambiguous References,89,0.602
80e2a8afeed1702802ae669908fccb1d,1,Vague / Missing Context; Format Ambiguity,38,0.691
80e2a8afeed1702802ae669908fccb1d,3,Vague / Missing Context,41,0.452
80e2a8afeed1702802ae669908fccb1d,4,Vague / Missing Context; Format Ambiguity,77,0.778
80e2a8afeed1702802ae669908fccb1d,5,Ambiguous References; Format Ambiguity,34,0.755
4640ce38ae13a74c7d8e215aaf5fcff6,1,Overloaded Prompt; Prompt Bloat / Convoluted Prompt,1172,0.858
5c108e733ce7aff9fd6f0edaf057950d,1,Vague / Missing Context; Format Ambiguity,86,0.605
5c108e733ce7aff9fd6f0edaf057950d,2,Vague / Missing Context,173,0.447
5c108e733ce7aff9fd6f0edaf057950d,3,Vague / Missing Context,196,0.446
5c108e733ce7aff9fd6f0edaf057950d,4,Vague / Missing Context; Format Ambiguity,223,0.602
5c108e733ce7aff9fd6f0edaf057950d,5,Vague / Missing Context; Format Ambiguity,132,0.753
5c108e733ce7aff9fd6f0edaf057950d,6,Vague / Missing Context,184,0.449
5c108e733ce7aff9fd6f0edaf057950d,7,Vague / Missing Context,162,0.499
5c108e733ce7aff9fd6f0edaf057950d,8,Vague / Missing Context,212,0.457
5c108e733ce7aff9fd6f0edaf057950d,9,Vague / Missing Context,163,0.482
5c108e733ce7aff9fd6f0edaf057950d,10,Vague / Missing Context,208,0.494
5c108e733ce7aff9fd6f0edaf057950d,11,Vague / Missing Context,187,0.430
5c108e733ce7aff9fd6f0edaf057950d,12,Vague / Missing Context,202,0.477
5c108e733ce7aff9fd6f0edaf057950d,13,Vague / Missing Context; Format Ambiguity,188,0.619
5c108e733ce7aff9fd6f0edaf057950d,14,Vague / Missing Context,191,0.505
5c108e733ce7aff9fd6f0edaf057950d,15,Vague / Missing Context,175,0.442
5c108e733ce7aff9fd6f0edaf057950d,16,Vague / Missing Context,129,0.423
5c108e733ce7aff9fd6f0edaf057950d,17,Vague / Missing Context,155,0.499
5c108e733ce7aff9fd6f0edaf057950d,18,Format Ambiguity,200,0.513
5c108e733ce7aff9fd6f0edaf057950d,19,Vague / Missing Context,187,0.498
5c108e733ce7aff9fd6f0edaf057950d,20,Vague / Missing Context,179,0.579
5c108e733ce7aff9fd6f0edaf057950d,21,Vague / Missing Context; Format Ambiguity,186,0.555
5c108e733ce7aff9fd6f0edaf057950d,22,Vague / Missing Context,172,0.591
5c108e733ce7aff9fd6f0edaf057950d,23,Vague / Missing Context,215,0.573
5c108e733ce7aff9fd6f0edaf057950d,24,Vague / Missing Context; Format Ambiguity,145,0.770
5c108e733ce7aff9fd6f0edaf057950d,25,Vague / Missing Context,186,0.456
5c108e733ce7aff9fd6f0edaf057950d,26,Vague / Missing Context,202,0.452
5c108e733ce7aff9fd6f0edaf057950d,27,Vague / Missing Context,141,0.490
5c108e733ce7aff9fd6f0edaf057950d,28,Vague / Missing Context,173,0.469
5c108e733ce7aff9fd6f0edaf057950d,29,Vague / Missing Context,209,0.488
5c108e733ce7aff9fd6f0edaf057950d,30,Vague / Missing Context; Format Ambiguity,149,0.705
5c108e733ce7aff9fd6f0edaf057950d,31,Vague / Missing Context,161,0.474
5c108e733ce7aff9fd6f0edaf057950d,32,Format Ambiguity,201,0.621
5c108e733ce7aff9fd6f0edaf057950d,33,Vague / Missing Context,166,0.535
5c108e733ce7aff9fd6f0edaf057950d,34,Vague / Missing Context,183,0.533
5c108e733ce7aff9fd6f0edaf057950d,35,Vague / Missing Context,210,0.595
5c108e733ce7aff9fd6f0edaf057950d,36,Vague / Missing Context,203,0.599
5c108e733ce7aff9fd6f0edaf057950d,37,Vague / Missing Context; Format Ambiguity,207,0.591
5c108e733ce7aff9fd6f0edaf057950d,38,Vague / Missing Context,183,0.447
5c108e733ce7aff9fd6f0edaf057950d,39,Formality / Audience Mismatch,136,0.575
5c108e733ce7aff9fd6f0edaf057950d,40,Vague / Missing Context,209,0.585
5c108e733ce7aff9fd6f0edaf057950d,41,Vague / Missing Context,197,0.499
5c108e733ce7aff9fd6f0edaf057950d,42,Vague / Missing Context; Format Ambiguity,175,0.484
5c108e733ce7aff9fd6f0edaf057950d,43,Vague / Missing Context,157,0.559
5c108e733ce7aff9fd6f0edaf057950d,44,Vague / Missing Context,165,0.410
5c108e733ce7aff9fd6f0edaf057950d,45,Vague / Missing Context,196,0.448
5c108e733ce7aff9fd6f0edaf057950d,46,Vague / Missing Context,206,0.651
5c108e733ce7aff9fd6f0edaf057950d,47,Vague / Missing Context,202,0.430
5c108e733ce7aff9fd6f0edaf057950d,48,Vague / Missing Context,231,0.469
5c108e733ce7aff9fd6f0edaf057950d,49,Vague / Missing Context,193,0.458
5c108e733ce7aff9fd6f0edaf057950d,50,Ambiguous References; Unnecessary Repetition,242,0.545
5c108e733ce7aff9fd6f0edaf057950d,51,Vague / Missing Context,228,0.507
b4875590c406569f2af5e909bd69e553,1,Formality / Audience Mismatch,1174,0.808
7066437c6dd8162177f16c3f3aeabf5e,1,Vague / Missing Context; Format Ambiguity,4000,1.325
4898671b3f7fb36a095bbe5eb84acccf,1,Ambiguous References; Overloaded Prompt,1195,0.722
de0d143dd26522095cd23b52d729f2e2,1,Format Ambiguity,3590,1.246
de0d143dd26522095cd23b52d729f2e2,2,Ambiguous References; Overloaded Prompt,384,0.645
de0d143dd26522095cd23b52d729f2e2,3,Vague / Missing Context,303,0.686
de0d143dd26522095cd23b52d729f2e2,4,Vague / Missing Context,259,0.484
36a885465491f9dce7273cb13c6807ff,1,Ambiguous References; Overloaded Prompt; Prompt Bloat / Convoluted Prompt,1292,0.916
9655a22f4fa2615406a769831a3f318c,1,Vague / Missing Context,8,0.517
9655a22f4fa2615406a769831a3f318c,3,Vague / Missing Context; Format Ambiguity,47,0.733
9655a22f4fa2615406a769831a3f318c,4,Ambiguous References; Unnecessary Repetition,94,0.679
9655a22f4fa2615406a769831a3f318c,5,Vague / Missing Context; Format Ambiguity,75,0.770
9655a22f4fa2615406a769831a3f318c,6,Vague / Missing Context; Format Ambiguity,77,0.740
9655a22f4fa2615406a769831a3f318c,7,Vague / Missing Context; Format Ambiguity,96,0.632
9655a22f4fa2615406a769831a3f318c,8,Vague / Missing Context; Format Ambiguity,61,0.744
58d70efa4f9cfbf4b637d6052f5458d8,1,Vague / Missing Context,924,0.827
c45173b0ad0c6b5dd12e8cc1ccfa6296,1,Vague / Missing Context,924,0.834
6515f510300c19fdbac74674b2249fb9,4,Vague / Missing Context; Format Ambiguity,22,0.689
bdbd253134a06335c140b42c4447026c,1,Vague / Missing Context; Format Ambiguity,336,0.647
bdbd253134a06335c140b42c4447026c,2,Vague / Missing Context,286,0.544
bdbd253134a06335c140b42c4447026c,3,Vague / Missing Context,213,0.496
bdbd253134a06335c140b42c4447026c,4,Vague / Missing Context,174,0.526
bdbd253134a06335c140b42c4447026c,5,Ambiguous References; Vague / Missing Context,99,0.853
bdbd253134a06335c140b42c4447026c,6,Format Ambiguity; Overloaded Prompt,29,0.744
baf49525605fcccd89ea8994d7a3c8af,1,Vague / Missing Context,917,0.827
2153ca3d0e0b59302a6f5225239ed71b,1,Vague / Missing Context,179,0.535
2153ca3d0e0b59302a6f5225239ed71b,2,Format Ambiguity,4000,1.455
2153ca3d0e0b59302a6f5225239ed71b,3,No Smell,77,0.908
7e8ea875c4e1685905e5bb552f207ea1,1,Vague / Missing Context,124,0.442
7e8ea875c4e1685905e5bb552f207ea1,2,Ambiguous References; Vague / Missing Context,103,0.743
7e8ea875c4e1685905e5bb552f207ea1,3,Vague / Missing Context; Ambiguous References,107,0.730
b52c2263b082c56b0fe4e024fcd90fde,1,Vague / Missing Context,22,0.407
b52c2263b082c56b0fe4e024fcd90fde,2,Vague / Missing Context,17,0.708
2c714015812065f25baf349b302d6e87,1,Ambiguous References; Format Ambiguity,1292,0.934
2c714015812065f25baf349b302d6e87,2,Vague / Missing Context,94,0.549
2c714015812065f25baf349b302d6e87,3,Vague / Missing Context,389,0.674
2c714015812065f25baf349b302d6e87,4,Vague / Missing Context; Ambiguous References,57,0.694
2c714015812065f25baf349b302d6e87,5,Vague / Missing Context; Format Ambiguity,301,0.599
2c714015812065f25baf349b302d6e87,6,Vague / Missing Context; Format Ambiguity,74,0.514
34f0e986baaf4289b84964984544a70d,1,Overloaded Prompt,4000,1.998
f1486f3a2e8af9ca2919c9ec10ec031d,1,Ambiguous References; Unnecessary Repetition,45,0.704
7864d40ebc1f458c4a18d81b2a324f55,1,Vague / Missing Context,906,0.827
36a5b7ecd8894c16a1f9ec443fc51d81,1,Vague / Missing Context; Format Ambiguity,2247,0.958
36a5b7ecd8894c16a1f9ec443fc51d81,2,Format Ambiguity; Vague / Missing Context,2214,0.928
36a5b7ecd8894c16a1f9ec443fc51d81,3,Vague / Missing Context,383,0.554
6cad0e03b113ca297b1b38c3ca562a8f,1,Vague / Missing Context,915,0.854
2f26f1be2aa1b5b9896077c4fe242a07,1,Vague / Missing Context; Overloaded Prompt,3691,1.419
86f9e4302e3b568a2fcbdd1ceb4fbe74,1,Vague / Missing Context; Format Ambiguity,86,0.601
86f9e4302e3b568a2fcbdd1ceb4fbe74,2,Vague / Missing Context,145,0.486
86f9e4302e3b568a2fcbdd1ceb4fbe74,3,Vague / Missing Context,193,0.389
86f9e4302e3b568a2fcbdd1ceb4fbe74,4,Vague / Missing Context,180,0.451
86f9e4302e3b568a2fcbdd1ceb4fbe74,5,Vague / Missing Context,183,0.437
86f9e4302e3b568a2fcbdd1ceb4fbe74,6,Vague / Missing Context,154,0.433
86f9e4302e3b568a2fcbdd1ceb4fbe74,7,Vague / Missing Context,214,0.526
86f9e4302e3b568a2fcbdd1ceb4fbe74,8,Format Ambiguity,206,0.602
86f9e4302e3b568a2fcbdd1ceb4fbe74,9,Vague / Missing Context,159,0.534
86f9e4302e3b568a2fcbdd1ceb4fbe74,10,Vague / Missing Context,145,0.425
86f9e4302e3b568a2fcbdd1ceb4fbe74,11,Vague / Missing Context,162,0.451
86f9e4302e3b568a2fcbdd1ceb4fbe74,12,Vague / Missing Context,189,0.541
86f9e4302e3b568a2fcbdd1ceb4fbe74,13,Vague / Missing Context,140,0.440
86f9e4302e3b568a2fcbdd1ceb4fbe74,14,Vague / Missing Context,224,0.460
86f9e4302e3b568a2fcbdd1ceb4fbe74,15,Vague / Missing Context,223,0.496
86f9e4302e3b568a2fcbdd1ceb4fbe74,16,Vague / Missing Context,170,0.442
86f9e4302e3b568a2fcbdd1ceb4fbe74,17,Vague / Missing Context,216,0.428
86f9e4302e3b568a2fcbdd1ceb4fbe74,18,Vague / Missing Context,218,0.471
86f9e4302e3b568a2fcbdd1ceb4fbe74,19,Vague / Missing Context,197,0.440
86f9e4302e3b568a2fcbdd1ceb4fbe74,20,Vague / Missing Context,228,0.440
86f9e4302e3b568a2fcbdd1ceb4fbe74,21,Vague / Missing Context,163,0.494
86f9e4302e3b568a2fcbdd1ceb4fbe74,22,Vague / Missing Context,178,0.428
86f9e4302e3b568a2fcbdd1ceb4fbe74,23,Format Ambiguity,196,0.537
86f9e4302e3b568a2fcbdd1ceb4fbe74,24,Vague / Missing Context,265,0.469
86f9e4302e3b568a2fcbdd1ceb4fbe74,25,Vague / Missing Context; Format Ambiguity,145,0.698
86f9e4302e3b568a2fcbdd1ceb4fbe74,26,Vague / Missing Context,165,0.505
86f9e4302e3b568a2fcbdd1ceb4fbe74,27,Vague / Missing Context,188,0.469
86f9e4302e3b568a2fcbdd1ceb4fbe74,28,Vague / Missing Context,188,0.429
86f9e4302e3b568a2fcbdd1ceb4fbe74,29,Vague / Missing Context,217,0.452
86f9e4302e3b568a2fcbdd1ceb4fbe74,30,Vague / Missing Context; Ambiguous References,168,0.624
86f9e4302e3b568a2fcbdd1ceb4fbe74,31,Vague / Missing Context,207,0.544
86f9e4302e3b568a2fcbdd1ceb4fbe74,32,Vague / Missing Context,143,0.666
86f9e4302e3b568a2fcbdd1ceb4fbe74,33,Vague / Missing Context,145,0.488
86f9e4302e3b568a2fcbdd1ceb4fbe74,34,Vague / Missing Context,150,0.564
86f9e4302e3b568a2fcbdd1ceb4fbe74,35,Vague / Missing Context,162,0.403
86f9e4302e3b568a2fcbdd1ceb4fbe74,36,Vague / Missing Context,181,0.509
86f9e4302e3b568a2fcbdd1ceb4fbe74,37,Vague / Missing Context,189,0.487
86f9e4302e3b568a2fcbdd1ceb4fbe74,38,Vague / Missing Context,153,0.476
86f9e4302e3b568a2fcbdd1ceb4fbe74,39,Format Ambiguity,190,0.552
86f9e4302e3b568a2fcbdd1ceb4fbe74,40,Vague / Missing Context,149,0.450
86f9e4302e3b568a2fcbdd1ceb4fbe74,41,Vague / Missing Context,188,0.458
86f9e4302e3b568a2fcbdd1ceb4fbe74,42,Vague / Missing Context; Format Ambiguity,166,0.537
86f9e4302e3b568a2fcbdd1ceb4fbe74,43,Conflicting Constraints,166,0.501
86f9e4302e3b568a2fcbdd1ceb4fbe74,44,Vague / Missing Context,209,0.439
86f9e4302e3b568a2fcbdd1ceb4fbe74,45,Format Ambiguity,184,0.505
86f9e4302e3b568a2fcbdd1ceb4fbe74,46,Formality / Audience Mismatch,157,0.513
86f9e4302e3b568a2fcbdd1ceb4fbe74,47,Vague / Missing Context,201,0.485
86f9e4302e3b568a2fcbdd1ceb4fbe74,48,Vague / Missing Context,143,0.469
86f9e4302e3b568a2fcbdd1ceb4fbe74,49,Vague / Missing Context,168,0.428
86f9e4302e3b568a2fcbdd1ceb4fbe74,50,Vague / Missing Context,140,0.516
86f9e4302e3b568a2fcbdd1ceb4fbe74,51,Vague / Missing Context,175,0.495
2e6076a5ac6aca73f386742c3fdd9e02,1,Vague / Missing Context; Format Ambiguity,24,0.738
4f992d5a3e4e00e357ed897979f5a6f9,1,Vague / Missing Context; Format Ambiguity,3696,1.617
bd5ad70e7ef241690d5be1ccae2158a6,1,Vague / Missing Context,35,0.416
bd5ad70e7ef241690d5be1ccae2158a6,2,Vague / Missing Context,35,0.581
7a6d8677ccce9750567bb46206db66d6,1,Overloaded Prompt,4000,1.292
e936a52039a91b18cc7dfe2e42b0e34e,1,Vague / Missing Context; Overloaded Prompt,3696,1.418
b13747b079d47378997894d5cb586af6,1,Format Ambiguity,929,0.670
10bac3f4958eaa3243ff271f1d5f41e1,1,Vague / Missing Context; Ambiguous References; Unnecessary Repetition; Conflicting Constraints,3505,1.799
a020f91d1117ce09c31b68d9d25d29b2,1,Unnecessary Repetition; Ambiguous References,3672,1.568
a020f91d1117ce09c31b68d9d25d29b2,2,Vague / Missing Context,18,0.898
6d66f7b3fc73ea43f8cee20f41d5e8fb,1,Vague / Missing Context; Format Ambiguity,423,0.640
6d66f7b3fc73ea43f8cee20f41d5e8fb,2,Conflicting Constraints; Bias / Loaded Framing,507,0.806
6d66f7b3fc73ea43f8cee20f41d5e8fb,3,Vague / Missing Context,436,0.624
bf74c8b8600326e8344340c1b8bdd23f,1,Vague / Missing Context,928,0.860
03b0e6f296c4a90b3890625d46bb1574,1,Vague / Missing Context; Format Ambiguity,958,0.908
d586094fd90581c1362b50c2d0694b8b,1,Vague / Missing Context; Format Ambiguity,92,0.818
f107883a6de07127a4e9b814642197ec,1,Vague / Missing Context,970,0.865
2302377c69212fe4267b0faefa068669,1,Vague / Missing Context; Format Ambiguity,52,0.722
2302377c69212fe4267b0faefa068669,2,Ambiguous References; Vague / Missing Context,19,0.767
2302377c69212fe4267b0faefa068669,3,Format Ambiguity,35,0.602
2302377c69212fe4267b0faefa068669,4,Conflicting Constraints; Ambiguous References,35,0.667
2302377c69212fe4267b0faefa068669,5,Format Ambiguity,34,0.536
2302377c69212fe4267b0faefa068669,6,Format Ambiguity; Ambiguous References,20,0.709
b8e4ee25b5399da6ad123eb4d2a56843,1,Vague / Missing Context; Format Ambiguity,179,0.658
b8e4ee25b5399da6ad123eb4d2a56843,2,Format Ambiguity,4000,1.455
b8e4ee25b5399da6ad123eb4d2a56843,3,No Smell,77,0.458
b8e4ee25b5399da6ad123eb4d2a56843,4,Vague / Missing Context; Ambiguous References,135,0.660
ccd7c8f51a452a6c0e32d6fb680ca3da,1,Format Ambiguity,1250,0.792
ccd7c8f51a452a6c0e32d6fb680ca3da,2,No Smell,1590,0.791
ccd7c8f51a452a6c0e32d6fb680ca3da,3,Ambiguous References; Format Ambiguity,439,0.593
c7c663c913c1b9065dcc38ed8e78eddf,1,Vague / Missing Context,167,0.559
c7c663c913c1b9065dcc38ed8e78eddf,2,Vague / Missing Context,34,0.463
c7c663c913c1b9065dcc38ed8e78eddf,3,Vague / Missing Context,171,0.575
c7c663c913c1b9065dcc38ed8e78eddf,4,Vague / Missing Context; Ambiguous References,32,0.695
c7c663c913c1b9065dcc38ed8e78eddf,5,Ambiguous References; Vague / Missing Context,126,0.723
c7c663c913c1b9065dcc38ed8e78eddf,7,Vague / Missing Context; Ambiguous References,34,0.793
c7c663c913c1b9065dcc38ed8e78eddf,8,Vague / Missing Context; Ambiguous References,38,0.716
171bcb9caf576760d8b1f43055753063,1,Vague / Missing Context; Ambiguous References,100,0.727
171bcb9caf576760d8b1f43055753063,6,Vague / Missing Context,106,0.686
171bcb9caf576760d8b1f43055753063,8,Vague / Missing Context; Ambiguous References,104,0.683
171bcb9caf576760d8b1f43055753063,11,Vague / Missing Context; Format Ambiguity,105,0.713
171bcb9caf576760d8b1f43055753063,12,Vague / Missing Context; Format Ambiguity,928,0.753
171bcb9caf576760d8b1f43055753063,13,Vague / Missing Context,28,0.649
171bcb9caf576760d8b1f43055753063,15,Ambiguous References; Vague / Missing Context,73,0.695
171bcb9caf576760d8b1f43055753063,16,Format Ambiguity,438,0.608
171bcb9caf576760d8b1f43055753063,18,Ambiguous References; Format Ambiguity,69,0.700
171bcb9caf576760d8b1f43055753063,19,Vague / Missing Context; Format Ambiguity,18,0.642
171bcb9caf576760d8b1f43055753063,20,Vague / Missing Context,40,0.490
d766931ca67affc54934d6952303566f,1,Vague / Missing Context; Format Ambiguity,968,0.795
4f26c3197bbbe7526012e7f5bec65d0b,1,Vague / Missing Context,365,0.571
4f26c3197bbbe7526012e7f5bec65d0b,2,Vague / Missing Context,63,0.639
5f1bb8d38ce15c7e7504b96b02d524e7,1,Ambiguous References; Vague / Missing Context,26,0.652
5f1bb8d38ce15c7e7504b96b02d524e7,2,Vague / Missing Context; Format Ambiguity,19,0.623
5f1bb8d38ce15c7e7504b96b02d524e7,3,Vague / Missing Context; Ambiguous References,45,0.894
fdc3aad994d00891f75b2f17c9e76cb8,1,Vague / Missing Context; Format Ambiguity,206,0.724
fdc3aad994d00891f75b2f17c9e76cb8,2,Vague / Missing Context,269,0.706
029f8132237856ddefc560feb6fda26e,1,Vague / Missing Context,53,0.726
029f8132237856ddefc560feb6fda26e,2,Vague / Missing Context; Format Ambiguity,65,0.839
8aa2d1f1742aa503817c81e12933d7ba,1,Vague / Missing Context; Format Ambiguity,968,0.795
5472a4ac0448935034abf8c3808c7a5a,1,Format Ambiguity; Vague / Missing Context,216,0.619
382274e4f9301aeaabb4a8f1ee530971,1,Vague / Missing Context; Format Ambiguity,530,0.880
d3f1f136739c63c84b2f5503ebfbb74a,1,Vague / Missing Context; Format Ambiguity,86,0.601
d3f1f136739c63c84b2f5503ebfbb74a,2,Vague / Missing Context,192,0.448
d3f1f136739c63c84b2f5503ebfbb74a,3,Ambiguous References; Unnecessary Repetition,205,0.738
d3f1f136739c63c84b2f5503ebfbb74a,4,Vague / Missing Context; Format Ambiguity,195,0.592
d3f1f136739c63c84b2f5503ebfbb74a,5,Vague / Missing Context,152,0.485
d3f1f136739c63c84b2f5503ebfbb74a,6,Vague / Missing Context,205,0.439
d3f1f136739c63c84b2f5503ebfbb74a,7,Vague / Missing Context,191,0.420
d3f1f136739c63c84b2f5503ebfbb74a,8,Vague / Missing Context,226,0.460
d3f1f136739c63c84b2f5503ebfbb74a,9,Vague / Missing Context,214,0.487
d3f1f136739c63c84b2f5503ebfbb74a,10,Vague / Missing Context; Ambiguous References,179,0.498
d3f1f136739c63c84b2f5503ebfbb74a,11,Vague / Missing Context; Format Ambiguity,197,0.553
d3f1f136739c63c84b2f5503ebfbb74a,12,Vague / Missing Context,195,0.543
d3f1f136739c63c84b2f5503ebfbb74a,13,Vague / Missing Context; Format Ambiguity,143,0.742
d3f1f136739c63c84b2f5503ebfbb74a,14,Vague / Missing Context,145,0.487
d3f1f136739c63c84b2f5503ebfbb74a,15,Vague / Missing Context,182,0.507
d3f1f136739c63c84b2f5503ebfbb74a,16,Vague / Missing Context,160,0.687
d3f1f136739c63c84b2f5503ebfbb74a,17,Vague / Missing Context,194,0.433
3d3d554f4bd9c02ed53b131afc9bf1b2,1,Vague / Missing Context; Format Ambiguity,969,0.910
ea20feeddb1b1e6dbf128304f2fb82a7,2,Vague / Missing Context; Ambiguous References,81,0.705
c1fc1a8e52553b0382ac56a01edea872,1,Ambiguous References; Vague / Missing Context,225,0.660
c1fc1a8e52553b0382ac56a01edea872,2,Ambiguous References; Vague / Missing Context,54,0.737
c1fc1a8e52553b0382ac56a01edea872,3,Ambiguous References,55,0.688
c1fc1a8e52553b0382ac56a01edea872,4,No Smell,64,0.507
c1fc1a8e52553b0382ac56a01edea872,5,Ambiguous References; Vague / Missing Context,28,0.775
c1fc1a8e52553b0382ac56a01edea872,6,Vague / Missing Context; Format Ambiguity,107,0.801
c1fc1a8e52553b0382ac56a01edea872,7,Overloaded Prompt,159,0.541
c1fc1a8e52553b0382ac56a01edea872,8,Vague / Missing Context,99,0.571
5881d60832000007f8c7dbaf55f97e70,1,Vague / Missing Context,302,0.541
f224355fdd4963c10a4204f283eee573,1,Vague / Missing Context,286,0.545
f224355fdd4963c10a4204f283eee573,2,Vague / Missing Context; Format Ambiguity,54,0.661
c9c644bf649fa554adeec562d505abe8,1,Vague / Missing Context; Ambiguous References,196,0.619
c9c644bf649fa554adeec562d505abe8,2,Vague / Missing Context; Format Ambiguity,40,0.700
c9c644bf649fa554adeec562d505abe8,3,Vague / Missing Context; Ambiguous References,67,0.694
c9c644bf649fa554adeec562d505abe8,4,Ambiguous References; Format Ambiguity,103,0.544
c9c644bf649fa554adeec562d505abe8,5,Ambiguous References; Vague / Missing Context,110,0.657
c9c644bf649fa554adeec562d505abe8,6,Vague / Missing Context,26,0.613
60b5ac012907eb014ce829561e4f6068,1,Vague / Missing Context,841,0.815
2afda67e3776508e28b33ee710cb8d84,2,Vague / Missing Context,44,0.470
2a9574b79b9738882aabf671eda661f4,1,Vague / Missing Context,179,0.537
2a9574b79b9738882aabf671eda661f4,2,Format Ambiguity,4000,1.453
2a9574b79b9738882aabf671eda661f4,3,Vague / Missing Context; Ambiguous References,135,0.664
2a9574b79b9738882aabf671eda661f4,4,No Smell,77,0.459
0c12d194cd06520b6d1d14cf3f4c3496,1,Vague / Missing Context; Ambiguous References; Unnecessary Repetition,994,1.086
0780384bba0d399794e7553df8b63c9c,1,Vague / Missing Context; Format Ambiguity,880,0.786
473a750cbfffc5253a001ba409706172,1,Conflicting Constraints; Ambiguous References,381,0.598
473a750cbfffc5253a001ba409706172,2,Vague / Missing Context,179,0.514
26713e468bfc860911064ea5113be4d0,1,Vague / Missing Context,32,0.531
26713e468bfc860911064ea5113be4d0,2,Vague / Missing Context,34,0.419
26713e468bfc860911064ea5113be4d0,3,Vague / Missing Context,52,0.652
26713e468bfc860911064ea5113be4d0,4,No Smell,68,0.535
26713e468bfc860911064ea5113be4d0,5,Bias / Loaded Framing,63,0.782
6533d32bc16c268251572685db13e7cf,1,Vague / Missing Context; Format Ambiguity,896,0.856
94ce1d163feb4222b4febd3ae26b1b7f,6,Ambiguous References; Vague / Missing Context,55,0.838
e92d9f0ace14d4a9b1ca374d28200622,1,Vague / Missing Context,838,0.887
8f59a4c77f5b4dddb5032deecb8646b6,1,Format Ambiguity,3590,1.251
8f59a4c77f5b4dddb5032deecb8646b6,2,Ambiguous References; Overloaded Prompt; Prompt Bloat / Convoluted Prompt,754,1.151
8f59a4c77f5b4dddb5032deecb8646b6,3,Ambiguous References; Format Ambiguity,545,0.713
8f59a4c77f5b4dddb5032deecb8646b6,4,Vague / Missing Context,290,0.591
cc75dfd4b73b8e2c40c65a22c662c42b,1,Format Ambiguity,273,0.523
c19f90ae4b6ae50a39994bfa79fe8d64,1,Format Ambiguity,782,0.657
ff056d819cb9ea5a2c0eccb132376617,1,Vague / Missing Context; Ambiguous References,162,0.544
183a511ed8e80c66f0182d41fd0b62a1,1,Vague / Missing Context,699,0.598
183a511ed8e80c66f0182d41fd0b62a1,2,Format Ambiguity; Overloaded Prompt,14,0.822
183a511ed8e80c66f0182d41fd0b62a1,3,Vague / Missing Context,263,0.612
6a5e62616829c6a5b1a8af16d25fba7f,1,Vague / Missing Context; Ambiguous References; Unnecessary Repetition,996,1.028
6a5e62616829c6a5b1a8af16d25fba7f,2,Vague / Missing Context,70,0.467
6a5e62616829c6a5b1a8af16d25fba7f,4,Ambiguous References; Unnecessary Repetition,71,0.509
6a5e62616829c6a5b1a8af16d25fba7f,6,Vague / Missing Context,68,0.468
6a5e62616829c6a5b1a8af16d25fba7f,10,Vague / Missing Context; Format Ambiguity,137,0.592
acdb71e1294d9d2c924ffc841f6297ce,1,Ambiguous References; Vague / Missing Context,62,0.605
acdb71e1294d9d2c924ffc841f6297ce,2,Ambiguous References; Unnecessary Repetition,160,0.752
acdb71e1294d9d2c924ffc841f6297ce,3,Vague / Missing Context,121,0.685
acdb71e1294d9d2c924ffc841f6297ce,4,Ambiguous References; Conflicting Constraints,95,0.622
acdb71e1294d9d2c924ffc841f6297ce,5,No Smell,122,0.411
acdb71e1294d9d2c924ffc841f6297ce,6,Formality / Audience Mismatch; Unnecessary Repetition,291,0.506
acdb71e1294d9d2c924ffc841f6297ce,7,Unnecessary Repetition,164,0.447
c4b5e5327fe9f7d59a0e4ca43aa740f9,5,Ambiguous References; Unnecessary Repetition,327,0.643
c4b5e5327fe9f7d59a0e4ca43aa740f9,8,Conflicting Constraints,141,0.553
c4b5e5327fe9f7d59a0e4ca43aa740f9,9,Ambiguous References,266,0.477
c4b5e5327fe9f7d59a0e4ca43aa740f9,10,Vague / Missing Context,201,0.518
c4b5e5327fe9f7d59a0e4ca43aa740f9,11,Bias / Loaded Framing,682,0.896
7db5a0377efa635d03feb357a3bba72e,1,Ambiguous References; Vague / Missing Context,60,0.695
7db5a0377efa635d03feb357a3bba72e,2,Vague / Missing Context; Ambiguous References,68,0.622
7db5a0377efa635d03feb357a3bba72e,3,Format Ambiguity,80,0.656
7db5a0377efa635d03feb357a3bba72e,4,Format Ambiguity,56,0.673
7db5a0377efa635d03feb357a3bba72e,5,Vague / Missing Context; Format Ambiguity,451,0.712
7db5a0377efa635d03feb357a3bba72e,6,Format Ambiguity,87,0.590
c96a536f6e0e253b87ed551696b88ff2,1,Vague / Missing Context,888,0.837
ee6dc3635687c1792556355f9a0ef3c6,1,Formality / Audience Mismatch,57,0.564
5833c34656ac9853830f4451538032e1,1,Ambiguous References; Vague / Missing Context,83,0.830
74485fb4a83bc1e0cd7ee58404b11da8,1,Vague / Missing Context,826,0.803
0055cfa45994c96ca3f1bc4a2c5742e8,1,Format Ambiguity,231,0.506
d60000e40dc782a4c3548e177a0a2696,1,Vague / Missing Context,294,0.541
62cd8f3e0c4230c6bc1f432e909086d3,1,Vague / Missing Context,58,0.521
2b0ade3fe8ec4b898d0135b003198551,1,Vague / Missing Context,939,0.840
3167c8b150f04400cb33ba9c40fa72ab,1,Vague / Missing Context,93,0.627
bbb76d129f0c43cd342fc69fab59d832,1,Vague / Missing Context; Format Ambiguity,4000,1.255
bbb76d129f0c43cd342fc69fab59d832,2,Vague / Missing Context; Format Ambiguity,4000,1.313
c2e8a48c7ee422f8312637b1942b524d,1,Formality / Audience Mismatch,622,0.614
e7f0a105f857e9a8f0206041fb19fd6f,1,Vague / Missing Context; Format Ambiguity,4000,1.304
0ed8d2f31f5d099dbf921adfb04db2ba,1,Format Ambiguity; Overloaded Prompt,1026,0.804
8f0d941486135db496215ed4be3367ea,1,Vague / Missing Context; Ambiguous References,98,0.738
e6dbb9de44acc29e9dd7b684327fc555,1,Overloaded Prompt; Unnecessary Repetition,107,0.647
e6dbb9de44acc29e9dd7b684327fc555,2,Overloaded Prompt; Unnecessary Repetition,1159,0.834
3a39b5735398aa4192fbd674010e47a4,1,Unnecessary Repetition; Format Ambiguity,1166,0.780
4bf1c45bf3ca0df9af18913680611d4d,1,Vague / Missing Context; Ambiguous References,98,0.733
4bf1c45bf3ca0df9af18913680611d4d,2,Vague / Missing Context; Format Ambiguity,54,0.711
5a312efcc9a8f45cce0f833ef5783811,1,Vague / Missing Context; Format Ambiguity,67,0.772
89778f568d28a4f545f5c1717564bc5d,1,Vague / Missing Context,735,0.714
89778f568d28a4f545f5c1717564bc5d,2,Vague / Missing Context,45,0.431
0119099e125be1ca4b5a5537e36742a0,1,Vague / Missing Context,507,0.567
0119099e125be1ca4b5a5537e36742a0,4,Vague / Missing Context,18,0.604
68cc72ef1120afef14a20a11404a6ad8,1,Vague / Missing Context; Format Ambiguity,49,0.685
68cc72ef1120afef14a20a11404a6ad8,2,Vague / Missing Context; Format Ambiguity,57,0.761
68cc72ef1120afef14a20a11404a6ad8,3,Vague / Missing Context; Format Ambiguity,42,0.678
68cc72ef1120afef14a20a11404a6ad8,4,Ambiguous References; Vague / Missing Context,63,0.864
39133f12d418cb3741fe8c31e327d432,1,Overloaded Prompt; Unnecessary Repetition,349,0.679
52445ea7dcfb05465db25af87544ad1b,1,Vague / Missing Context; Ambiguous References,232,0.649
6efc3e19d646a1e40dace13e5b9706c9,1,Ambiguous References; Overloaded Prompt,952,0.823
7c54072f16819d4465459f30a5e4949d,1,Vague / Missing Context,65,0.585
f0653832b5dbc8f94c3ec14bcd94af6a,1,Vague / Missing Context; Format Ambiguity,42,0.743
f0653832b5dbc8f94c3ec14bcd94af6a,2,Vague / Missing Context; Format Ambiguity,43,0.685
f0653832b5dbc8f94c3ec14bcd94af6a,3,Vague / Missing Context; Format Ambiguity,44,0.725
f0653832b5dbc8f94c3ec14bcd94af6a,4,Vague / Missing Context; Format Ambiguity,41,0.734
f0653832b5dbc8f94c3ec14bcd94af6a,5,Vague / Missing Context; Ambiguous References,46,0.676
f0653832b5dbc8f94c3ec14bcd94af6a,6,Ambiguous References; Format Ambiguity,61,0.619
f0653832b5dbc8f94c3ec14bcd94af6a,7,Vague / Missing Context; Format Ambiguity,45,0.743
acc39e714044a15a1535584f867e8a93,1,Vague / Missing Context,65,0.583
feeb03dc6e473fe3307beed4de8419ab,1,Vague / Missing Context; Ambiguous References,77,0.711
feeb03dc6e473fe3307beed4de8419ab,2,Ambiguous References,79,0.515
feeb03dc6e473fe3307beed4de8419ab,3,Ambiguous References; Format Ambiguity,81,0.696
feeb03dc6e473fe3307beed4de8419ab,4,Vague / Missing Context,77,0.501
feeb03dc6e473fe3307beed4de8419ab,5,Vague / Missing Context; Format Ambiguity,43,0.770
feeb03dc6e473fe3307beed4de8419ab,6,Vague / Missing Context,32,0.662
27fdd33b53d927d509d61d17b154b3d7,1,Vague / Missing Context,87,0.434
3cbaebe875894fc84219e32e92faebc2,1,No Smell,97,0.461
4f267d51df05354b801fc97dcde954c9,2,Conflicting Constraints,347,0.583
4f267d51df05354b801fc97dcde954c9,3,Overloaded Prompt; Unnecessary Repetition,332,0.793
4f267d51df05354b801fc97dcde954c9,6,Vague / Missing Context; Format Ambiguity,331,0.863
db2d7935f50e11dbd33ff597fd249d30,1,Format Ambiguity,14,0.553
82f94b5b55bbd70f0e497fa3508a9810,1,Ambiguous References; Overloaded Prompt,97,0.657
e022959fe7204caf3be690e3c69d15a1,1,Conflicting Constraints; Ambiguous References,1023,0.854
e022959fe7204caf3be690e3c69d15a1,3,Ambiguous References; Formality / Audience Mismatch,74,0.740
e022959fe7204caf3be690e3c69d15a1,4,Formality / Audience Mismatch; Ambiguous References,282,0.637
e022959fe7204caf3be690e3c69d15a1,5,Vague / Missing Context; Format Ambiguity,280,0.667
6b8f5420d58d96402e96bd67e76de87e,1,Vague / Missing Context; Format Ambiguity,65,0.620
6b8f5420d58d96402e96bd67e76de87e,2,Vague / Missing Context; Format Ambiguity,63,0.700
7cad64fd7d5aedf1e8424c7ead00bae8,1,Format Ambiguity; Conflicting Constraints,985,0.747
7cad64fd7d5aedf1e8424c7ead00bae8,3,Format Ambiguity,993,0.824
7cad64fd7d5aedf1e8424c7ead00bae8,4,Vague / Missing Context; Ambiguous References; Unnecessary Repetition,992,1.117
7cad64fd7d5aedf1e8424c7ead00bae8,8,Ambiguous References; Overloaded Prompt; Unnecessary Repetition,289,0.658
92241ebb04c8f57be67dd832ed6eee30,1,Ambiguous References; Formality / Audience Mismatch,9,0.706
92241ebb04c8f57be67dd832ed6eee30,11,Vague / Missing Context,67,0.491
1497efbbd7a60aeaf12e0236e5931fd9,1,Prompt Bloat / Convoluted Prompt; Unnecessary Repetition,473,0.849
e6200af6d84d7b16b0172c8a58545e29,1,Vague / Missing Context; Overloaded Prompt,1201,0.829
0fb4ef7066978e5a9d497b39fe2e4fc9,1,Vague / Missing Context; Ambiguous References,379,0.719
0fb4ef7066978e5a9d497b39fe2e4fc9,2,Format Ambiguity,12,0.594
0fb4ef7066978e5a9d497b39fe2e4fc9,3,Vague / Missing Context; Ambiguous References,28,0.773
0fb4ef7066978e5a9d497b39fe2e4fc9,4,Vague / Missing Context; Ambiguous References,379,0.716
0fb4ef7066978e5a9d497b39fe2e4fc9,5,Vague / Missing Context; Ambiguous References; Format Ambiguity,398,0.852
0fb4ef7066978e5a9d497b39fe2e4fc9,6,Format Ambiguity; Overloaded Prompt,277,0.731
d2fb26d483edf14eaa8bb331ea4f22fb,1,Vague / Missing Context,26,0.471
d2fb26d483edf14eaa8bb331ea4f22fb,2,No Smell,39,0.536
d2fb26d483edf14eaa8bb331ea4f22fb,3,Ambiguous References; Overloaded Prompt,35,0.634
2aa77ce30b0e8608d35dcd85a116b9fc,1,Vague / Missing Context; Format Ambiguity,189,0.521
2aa77ce30b0e8608d35dcd85a116b9fc,2,Vague / Missing Context; Format Ambiguity,189,0.472
2aa77ce30b0e8608d35dcd85a116b9fc,3,Vague / Missing Context; Format Ambiguity,156,0.678
2aa77ce30b0e8608d35dcd85a116b9fc,4,Vague / Missing Context; Ambiguous References,148,0.749
98b2a6573e2e8afe8a34aa8cf53f95ff,1,Format Ambiguity,2308,0.923
98b2a6573e2e8afe8a34aa8cf53f95ff,2,Vague / Missing Context; Format Ambiguity,86,0.716
98b2a6573e2e8afe8a34aa8cf53f95ff,3,Format Ambiguity,234,0.603
98b2a6573e2e8afe8a34aa8cf53f95ff,4,Vague / Missing Context; Format Ambiguity,76,0.703
ccf5c14b89f02402257fad1fb02777f9,1,Vague / Missing Context; Format Ambiguity,87,0.715
1689c5d5b13bdf3ff9d04cda63d84100,1,Format Ambiguity; Ambiguous References,288,0.609
1689c5d5b13bdf3ff9d04cda63d84100,2,Formality / Audience Mismatch; Ambiguous References; Overloaded Prompt,289,0.781
f439d355cb274831b2d67a2b75b3cfed,3,Vague / Missing Context; Ambiguous References,83,0.688
f439d355cb274831b2d67a2b75b3cfed,4,Vague / Missing Context; Overloaded Prompt,40,0.594
f439d355cb274831b2d67a2b75b3cfed,5,Vague / Missing Context; Format Ambiguity,39,0.608
f439d355cb274831b2d67a2b75b3cfed,6,Ambiguous References; Vague / Missing Context,200,0.628
f439d355cb274831b2d67a2b75b3cfed,7,Vague / Missing Context; Ambiguous References,101,0.733
aa126717e6dac3a16aa60426b2e9ec91,1,Ambiguous References; Vague / Missing Context,3921,1.660
aa126717e6dac3a16aa60426b2e9ec91,2,Vague / Missing Context; Format Ambiguity,66,0.705
2f9ad7146bc5084f79a8ff4cc7be3612,1,Format Ambiguity,3590,1.250
2f9ad7146bc5084f79a8ff4cc7be3612,2,Conflicting Constraints; Overloaded Prompt,860,0.757
df07d8cde58ede01764cd1501093d292,1,Vague / Missing Context,29,0.470
df07d8cde58ede01764cd1501093d292,2,Formality / Audience Mismatch,93,0.546
df07d8cde58ede01764cd1501093d292,3,Ambiguous References; Overloaded Prompt,149,0.645
df07d8cde58ede01764cd1501093d292,4,Ambiguous References; Overloaded Prompt,106,0.554
df07d8cde58ede01764cd1501093d292,5,No Smell,180,0.336
df07d8cde58ede01764cd1501093d292,6,Vague / Missing Context,41,0.472
df07d8cde58ede01764cd1501093d292,7,Formality / Audience Mismatch,75,0.558
df07d8cde58ede01764cd1501093d292,8,Ambiguous References; Unnecessary Repetition,64,0.631
df07d8cde58ede01764cd1501093d292,9,Ambiguous References; Overloaded Prompt,105,0.582
3c3112c0b5380036e46e05e0e862dc9c,1,Vague / Missing Context; Ambiguous References,93,0.637
3c3112c0b5380036e46e05e0e862dc9c,2,Vague / Missing Context; Format Ambiguity,74,0.752
3c3112c0b5380036e46e05e0e862dc9c,3,Vague / Missing Context; Format Ambiguity,81,0.764
3c3112c0b5380036e46e05e0e862dc9c,4,Vague / Missing Context; Format Ambiguity,74,0.743
3c3112c0b5380036e46e05e0e862dc9c,5,Vague / Missing Context; Format Ambiguity,83,0.696
b98b1c753f22e3a4c5b6953f99752611,1,Vague / Missing Context,183,0.476
b98b1c753f22e3a4c5b6953f99752611,2,Vague / Missing Context,175,0.476
b98b1c753f22e3a4c5b6953f99752611,3,Vague / Missing Context,166,0.485
f4bde4435ea2a8e4fe0614ac61d0b6d4,1,Vague / Missing Context; Format Ambiguity,50,0.763
566e81fb2334aef0e7d95581cfecba65,1,Vague / Missing Context,42,0.527
566e81fb2334aef0e7d95581cfecba65,2,Vague / Missing Context,32,0.591
566e81fb2334aef0e7d95581cfecba65,3,Vague / Missing Context,237,0.485
566e81fb2334aef0e7d95581cfecba65,4,Format Ambiguity,40,0.601
9707ef6a34937e8cd6c96d54f1ec712f,4,Format Ambiguity,551,0.802
9707ef6a34937e8cd6c96d54f1ec712f,5,Ambiguous References; Overloaded Prompt,647,0.722
9707ef6a34937e8cd6c96d54f1ec712f,6,Format Ambiguity,186,0.532
9707ef6a34937e8cd6c96d54f1ec712f,7,Format Ambiguity,185,0.534
9707ef6a34937e8cd6c96d54f1ec712f,8,Ambiguous References,138,0.555
9707ef6a34937e8cd6c96d54f1ec712f,9,Ambiguous References; Vague / Missing Context,214,0.758
9707ef6a34937e8cd6c96d54f1ec712f,10,Vague / Missing Context,214,0.788
dd1a42f58173424949bce53c377a05bf,1,Vague / Missing Context,129,0.535
dd1a42f58173424949bce53c377a05bf,2,Vague / Missing Context,28,0.638
dd1a42f58173424949bce53c377a05bf,3,Vague / Missing Context; Format Ambiguity,44,0.766
5775c8ee0bc7d4333689e63514273ca4,1,Ambiguous References; Vague / Missing Context,837,0.900
5775c8ee0bc7d4333689e63514273ca4,2,Ambiguous References; Vague / Missing Context,4000,1.769
1ab03972ff68767f2dd3a3beb25082ec,1,Vague / Missing Context; Format Ambiguity,47,1.266
1ab03972ff68767f2dd3a3beb25082ec,2,Vague / Missing Context; Format Ambiguity,113,0.757
c3dac7b6b86503aa7f1f82a8b079edec,1,Ambiguous References; Vague / Missing Context,61,0.698
c3dac7b6b86503aa7f1f82a8b079edec,2,Ambiguous References; Vague / Missing Context,70,0.696
c3dac7b6b86503aa7f1f82a8b079edec,3,Ambiguous References; Vague / Missing Context,69,0.700
783f530199cbe9476e6f499ab813db07,1,Vague / Missing Context,96,0.614
783f530199cbe9476e6f499ab813db07,2,Vague / Missing Context; Ambiguous References,32,0.722
f99ab5fd8194118380f4e267e4084e3d,1,Vague / Missing Context,1614,0.887
38deb9fe55039747371bbe181ededbcf,1,Ambiguous References; Vague / Missing Context,69,0.697
8fb3951900c3f7019f6afa1d9c840731,2,Vague / Missing Context,34,0.490
8fb3951900c3f7019f6afa1d9c840731,3,Vague / Missing Context; Format Ambiguity,44,0.744
8fb3951900c3f7019f6afa1d9c840731,4,Ambiguous References,35,0.536
8fb3951900c3f7019f6afa1d9c840731,6,Ambiguous References; Vague / Missing Context,57,0.659
8fb3951900c3f7019f6afa1d9c840731,7,Vague / Missing Context,26,0.614
8fb3951900c3f7019f6afa1d9c840731,9,Format Ambiguity,11,0.603
8fb3951900c3f7019f6afa1d9c840731,10,Format Ambiguity,11,0.579
8fb3951900c3f7019f6afa1d9c840731,11,Vague / Missing Context,57,0.494
8fb3951900c3f7019f6afa1d9c840731,12,Vague / Missing Context,26,0.547
8fb3951900c3f7019f6afa1d9c840731,13,Vague / Missing Context,30,0.442
8fb3951900c3f7019f6afa1d9c840731,14,Vague / Missing Context,26,0.557
8fb3951900c3f7019f6afa1d9c840731,15,Vague / Missing Context,24,0.452
8fb3951900c3f7019f6afa1d9c840731,16,Vague / Missing Context; Ambiguous References,41,0.686
8fb3951900c3f7019f6afa1d9c840731,17,No Smell,26,0.511
8fb3951900c3f7019f6afa1d9c840731,18,No Smell,16,0.461
8fb3951900c3f7019f6afa1d9c840731,19,Format Ambiguity,11,0.603
8fb3951900c3f7019f6afa1d9c840731,21,No Smell,22,0.491
8fb3951900c3f7019f6afa1d9c840731,22,Ambiguous References; Overloaded Prompt,21,0.702
8fb3951900c3f7019f6afa1d9c840731,23,Ambiguous References; Vague / Missing Context,17,0.858
8fb3951900c3f7019f6afa1d9c840731,24,Ambiguous References; Vague / Missing Context,19,0.775
8fb3951900c3f7019f6afa1d9c840731,25,Bias / Loaded Framing,19,0.428
8fb3951900c3f7019f6afa1d9c840731,26,Vague / Missing Context,39,0.461
8fb3951900c3f7019f6afa1d9c840731,27,Vague / Missing Context,270,0.578
8fb3951900c3f7019f6afa1d9c840731,28,No Smell,10,0.608
176de06222c205be8bb8ff16ecc23c2e,1,Ambiguous References; Vague / Missing Context,33,0.881
749f4aa69e207d4072126b7bfffa8eed,3,Vague / Missing Context,179,0.749
749f4aa69e207d4072126b7bfffa8eed,4,Vague / Missing Context; Format Ambiguity,383,0.933
749f4aa69e207d4072126b7bfffa8eed,5,Ambiguous References; Format Ambiguity,463,1.180
749f4aa69e207d4072126b7bfffa8eed,6,Ambiguous References; Vague / Missing Context,262,0.790
749f4aa69e207d4072126b7bfffa8eed,7,Ambiguous References; Vague / Missing Context,232,0.849
749f4aa69e207d4072126b7bfffa8eed,8,No Smell,351,0.500
e4544d7af1aa863f348a51f602f7bd22,1,Vague / Missing Context,128,0.393
e4544d7af1aa863f348a51f602f7bd22,2,Vague / Missing Context; Format Ambiguity,52,0.716
634935de785a2d0f62f224d8e9019c66,1,Vague / Missing Context,33,0.460
ca88146d4c8f2f5cb202a4f8f5e58c12,1,Vague / Missing Context,3497,1.493
5f68bc500079c8dd2cf838d4b2a7bde6,3,Conflicting Constraints,202,1.089
21aaa14d3601d3105d4e3290e4baba0b,2,Vague / Missing Context,13,0.737
204e02f120eb382eb635e24789861936,1,Vague / Missing Context,71,0.631
ab9cfbfdaf93497cc8a3868db9d12f60,1,Vague / Missing Context; Format Ambiguity,4000,1.232
ab9cfbfdaf93497cc8a3868db9d12f60,2,Vague / Missing Context,53,0.611
ab9cfbfdaf93497cc8a3868db9d12f60,3,Vague / Missing Context; Format Ambiguity,46,0.845
ab9cfbfdaf93497cc8a3868db9d12f60,4,Vague / Missing Context,58,0.631
ab9cfbfdaf93497cc8a3868db9d12f60,5,Vague / Missing Context,41,0.622
68c1a5f9c7b9739ed4fefc0ffd964a3d,1,Vague / Missing Context,41,0.591
c50d93b49997de7e21f1274ddb65a69b,1,Vague / Missing Context; Format Ambiguity,133,0.845
c50d93b49997de7e21f1274ddb65a69b,2,Vague / Missing Context; Ambiguous References,17,0.640
8fadc219cd1b101b3f59ac49ad05e822,1,No Smell,344,0.468
8fadc219cd1b101b3f59ac49ad05e822,2,Ambiguous References; Vague / Missing Context,257,0.706
8fadc219cd1b101b3f59ac49ad05e822,3,Vague / Missing Context; Ambiguous References; Unnecessary Repetition,292,1.177
d216d57de3217c1603e48258f3237237,1,Vague / Missing Context,71,0.619
d216d57de3217c1603e48258f3237237,2,Vague / Missing Context,887,0.796
d216d57de3217c1603e48258f3237237,3,Vague / Missing Context; Format Ambiguity,103,0.818
af3f847d6231cd603d4b2e59597610bc,1,Vague / Missing Context; Format Ambiguity,88,0.741
af3f847d6231cd603d4b2e59597610bc,3,Ambiguous References; Vague / Missing Context,13,0.620
d959e3ce2132b1b9e86e8f97f1ea0aca,1,Bias / Loaded Framing; Unnecessary Repetition,2485,1.077
f464382e7db8e52173f0ab9e22069727,5,Vague / Missing Context; Format Ambiguity,289,0.657
f464382e7db8e52173f0ab9e22069727,6,Vague / Missing Context,77,0.705
f464382e7db8e52173f0ab9e22069727,7,Format Ambiguity,297,0.564
2e432161b8e2a41d21a6b84849a962e8,1,Vague / Missing Context; Ambiguous References,51,0.641
2e432161b8e2a41d21a6b84849a962e8,2,Ambiguous References; Overloaded Prompt,208,0.642
10f3ead5d93a0e3c2b6b3e19300d526c,1,Vague / Missing Context; Ambiguous References,95,0.673
10f3ead5d93a0e3c2b6b3e19300d526c,2,Vague / Missing Context; Format Ambiguity,67,0.706
10f3ead5d93a0e3c2b6b3e19300d526c,3,Vague / Missing Context,77,0.637
10f3ead5d93a0e3c2b6b3e19300d526c,4,Ambiguous References; Format Ambiguity,290,0.628
10f3ead5d93a0e3c2b6b3e19300d526c,5,No Smell,328,0.512
d8109c873a7ca3223ed38720b8f55f37,1,Bias / Loaded Framing; Unnecessary Repetition,2485,1.078
a2e621324e724bf2685befdc226cbe73,1,Vague / Missing Context; Format Ambiguity,3383,1.644
a2e621324e724bf2685befdc226cbe73,2,Vague / Missing Context; Format Ambiguity,197,0.730
a2e621324e724bf2685befdc226cbe73,3,Vague / Missing Context,50,0.575
a2e621324e724bf2685befdc226cbe73,4,Ambiguous References; Vague / Missing Context,2243,1.226
a2e621324e724bf2685befdc226cbe73,5,Vague / Missing Context,36,0.511
a2e621324e724bf2685befdc226cbe73,6,Vague / Missing Context,54,0.612
8d3f5e69decb067ed366342aa75886de,1,Vague / Missing Context; Format Ambiguity,755,0.765
8d3f5e69decb067ed366342aa75886de,2,Vague / Missing Context; Format Ambiguity,90,0.921
8d3f5e69decb067ed366342aa75886de,3,Vague / Missing Context; Format Ambiguity,1232,0.966
8d3f5e69decb067ed366342aa75886de,5,Vague / Missing Context,36,0.684
8d3f5e69decb067ed366342aa75886de,6,Format Ambiguity,242,0.601
544fe8c41b5513749880f86cd64ddf37,1,Vague / Missing Context,420,0.489
9953b346d5944bb7785577e05bd2fe84,1,Vague / Missing Context; Format Ambiguity,81,0.619
58687edb209a38648593339c97a1106b,1,Vague / Missing Context,262,0.618
dd3f1ceca4bd9a7bfadb4e54d6ded2a7,1,Vague / Missing Context,857,0.770
dd3f1ceca4bd9a7bfadb4e54d6ded2a7,2,Vague / Missing Context,115,0.497
c25ad48872441ce3175eef19b7cb9782,2,Vague / Missing Context; Format Ambiguity,199,0.722
c25ad48872441ce3175eef19b7cb9782,3,Vague / Missing Context; Format Ambiguity,118,0.738
c25ad48872441ce3175eef19b7cb9782,4,Vague / Missing Context; Format Ambiguity,97,0.705
c25ad48872441ce3175eef19b7cb9782,5,Format Ambiguity,97,0.504
c25ad48872441ce3175eef19b7cb9782,6,Ambiguous References; Overloaded Prompt,24,0.698
c25ad48872441ce3175eef19b7cb9782,7,Vague / Missing Context; Format Ambiguity,97,0.688
c25ad48872441ce3175eef19b7cb9782,8,Format Ambiguity,81,0.865
c25ad48872441ce3175eef19b7cb9782,9,Format Ambiguity,55,0.678
8e50ac626d949f35976e14ca6d11bf58,1,Overloaded Prompt; Unnecessary Repetition,1597,0.834
8e50ac626d949f35976e14ca6d11bf58,2,Vague / Missing Context; Ambiguous References,262,0.818
dec93fca5e8dff1d194f1358fdd45229,1,Vague / Missing Context; Format Ambiguity,41,0.772
dec93fca5e8dff1d194f1358fdd45229,2,Vague / Missing Context; Format Ambiguity,66,0.686
a6ef99cfeb21780e3b970d2bd43cf69a,3,Vague / Missing Context; Ambiguous References,23,0.703
a6ef99cfeb21780e3b970d2bd43cf69a,4,Vague / Missing Context,15,0.537
1390f5bc94c47e13aa8ddf2432cd963a,1,Vague / Missing Context; Format Ambiguity,40,0.651
d9d363a981d73b5a1394c75e50c43307,1,Ambiguous References; Overloaded Prompt; Prompt Bloat / Convoluted Prompt,1418,1.132
f8b095f36d26c26a8349212a110a09c9,1,Conflicting Constraints; Irrelevant / Excessive Persona,70,0.802
615a2e342547fe91a48c5380cb8f38fa,1,Vague / Missing Context,453,0.614
615a2e342547fe91a48c5380cb8f38fa,2,Vague / Missing Context; Ambiguous References,90,0.794
9fa1b9c3f37b0513d4117b061455464f,1,Vague / Missing Context,460,0.615
15abfa2b235274f6aebd4e33473c6507,2,Vague / Missing Context; Format Ambiguity,60,0.544
15abfa2b235274f6aebd4e33473c6507,4,Vague / Missing Context; Format Ambiguity,34,0.613
15abfa2b235274f6aebd4e33473c6507,5,Vague / Missing Context,34,0.488
15abfa2b235274f6aebd4e33473c6507,6,Vague / Missing Context,35,0.539
15abfa2b235274f6aebd4e33473c6507,7,Vague / Missing Context; Format Ambiguity,42,0.586
15abfa2b235274f6aebd4e33473c6507,8,Vague / Missing Context,59,0.714
15abfa2b235274f6aebd4e33473c6507,9,Vague / Missing Context,24,0.471
ee073b287440271a20232c0f53600ada,1,Vague / Missing Context; Format Ambiguity,42,0.686
ee073b287440271a20232c0f53600ada,2,Vague / Missing Context; Ambiguous References,72,0.631
ee073b287440271a20232c0f53600ada,3,Vague / Missing Context; Format Ambiguity,74,0.703
e61152facc5b4d8571e764edbda1c7c7,1,Vague / Missing Context; Format Ambiguity,51,0.730
872c3260351ac10f330a92413379f288,1,Vague / Missing Context,79,0.432
872c3260351ac10f330a92413379f288,2,Vague / Missing Context,69,0.394
872c3260351ac10f330a92413379f288,3,Vague / Missing Context,71,0.574
872c3260351ac10f330a92413379f288,4,Ambiguous References; Vague / Missing Context,141,0.468
872c3260351ac10f330a92413379f288,5,Vague / Missing Context,93,0.526
872c3260351ac10f330a92413379f288,6,Vague / Missing Context,62,0.534
872c3260351ac10f330a92413379f288,7,Vague / Missing Context; Format Ambiguity,62,0.664
872c3260351ac10f330a92413379f288,8,Vague / Missing Context; Format Ambiguity,58,0.640
872c3260351ac10f330a92413379f288,9,Vague / Missing Context; Format Ambiguity,62,0.657
872c3260351ac10f330a92413379f288,10,Vague / Missing Context; Format Ambiguity,64,0.578
872c3260351ac10f330a92413379f288,11,Vague / Missing Context,71,0.644
5aaca94b8af80f6e3e955b3b8c755a21,1,Vague / Missing Context,71,0.614
43af628835f2503775b5d47c6d82bfa5,1,Vague / Missing Context; Format Ambiguity,86,0.600
43af628835f2503775b5d47c6d82bfa5,2,Vague / Missing Context,182,0.447
43af628835f2503775b5d47c6d82bfa5,3,Vague / Missing Context; Format Ambiguity,153,0.617
43af628835f2503775b5d47c6d82bfa5,4,Vague / Missing Context,189,0.492
43af628835f2503775b5d47c6d82bfa5,5,Formality / Audience Mismatch,198,0.591
43af628835f2503775b5d47c6d82bfa5,6,Unnecessary Repetition; Ambiguous References,133,0.466
43af628835f2503775b5d47c6d82bfa5,7,Vague / Missing Context,201,0.475
43af628835f2503775b5d47c6d82bfa5,8,Ambiguous References,171,0.468
af0f173a152788d345fcc080a80d2aad,1,Vague / Missing Context; Format Ambiguity,74,0.842
af0f173a152788d345fcc080a80d2aad,2,Ambiguous References; Overloaded Prompt,186,0.559
af0f173a152788d345fcc080a80d2aad,3,Vague / Missing Context,26,0.527
af0f173a152788d345fcc080a80d2aad,4,Vague / Missing Context; Format Ambiguity,13,0.668
18e2c7174b83d092d79cf0d37704b8cd,2,Vague / Missing Context; Format Ambiguity,79,0.744
18e2c7174b83d092d79cf0d37704b8cd,3,No Smell,38,0.543
f9050fead3dfcda6031304db1fc22331,1,Format Ambiguity,491,0.725
81985ecf14fc6833ffb78c7341cc9366,1,Vague / Missing Context,455,0.616
81985ecf14fc6833ffb78c7341cc9366,2,Vague / Missing Context; Format Ambiguity,53,0.809
81985ecf14fc6833ffb78c7341cc9366,3,Ambiguous References,14,0.762
7d680aa1427a81fd45d01d35a9c9c2af,1,Vague / Missing Context; Format Ambiguity,59,0.695
f5628eeb1ccb720dba4483e31a91e3f3,1,Vague / Missing Context; Format Ambiguity,486,0.588
8aa2f9ec96ed9658b0eeb0e89eb963f9,1,Ambiguous References,4000,1.016
022e15065a6c37be70ed17b0de37be9d,1,Format Ambiguity,145,0.539
022e15065a6c37be70ed17b0de37be9d,2,Vague / Missing Context; Ambiguous References,98,0.690
022e15065a6c37be70ed17b0de37be9d,3,Vague / Missing Context; Format Ambiguity,109,0.702
022e15065a6c37be70ed17b0de37be9d,4,Format Ambiguity,47,0.649
022e15065a6c37be70ed17b0de37be9d,5,Vague / Missing Context; Format Ambiguity,63,0.674
022e15065a6c37be70ed17b0de37be9d,6,Vague / Missing Context; Format Ambiguity,89,0.650
022e15065a6c37be70ed17b0de37be9d,7,Ambiguous References; Vague / Missing Context,102,0.664
022e15065a6c37be70ed17b0de37be9d,9,Vague / Missing Context; Format Ambiguity,133,0.690
022e15065a6c37be70ed17b0de37be9d,10,Vague / Missing Context,109,0.656
022e15065a6c37be70ed17b0de37be9d,11,Vague / Missing Context,68,0.595
a3759f1694cb7e4ce3a99ae70a08f80f,6,Format Ambiguity,25,0.536
a3759f1694cb7e4ce3a99ae70a08f80f,7,No Smell,143,0.596
a3759f1694cb7e4ce3a99ae70a08f80f,8,Ambiguous References,28,0.576
ab144ccbcd85f93bede2a060f7c80afa,1,Ambiguous References; Vague / Missing Context,136,0.728
2ca101c7d28c6e5b4d84a8214c79511d,7,Prompt Bloat / Convoluted Prompt; Unnecessary Repetition,77,0.634
4c82e558f00bde97b3461512b57f981f,1,Vague / Missing Context; Format Ambiguity,81,0.714
4c82e558f00bde97b3461512b57f981f,2,Vague / Missing Context; Ambiguous References,72,0.654
4c82e558f00bde97b3461512b57f981f,3,Vague / Missing Context; Ambiguous References,79,0.725
4c82e558f00bde97b3461512b57f981f,4,Vague / Missing Context; Format Ambiguity,69,0.693
ddfcbdd8bc758f14a9ec3e75beb36a61,1,Vague / Missing Context,111,0.533
ddfcbdd8bc758f14a9ec3e75beb36a61,3,Ambiguous References; Unnecessary Repetition,296,0.621
ddfcbdd8bc758f14a9ec3e75beb36a61,5,Format Ambiguity,118,0.619
ddfcbdd8bc758f14a9ec3e75beb36a61,6,Ambiguous References; Unnecessary Repetition,117,0.637
ddfcbdd8bc758f14a9ec3e75beb36a61,7,No Smell,187,0.476
96592088dfa7ee7bb6c5201a5ad71bc2,1,Vague / Missing Context; Format Ambiguity,39,0.721
7b1f81291298485799c75725efb0f9b1,1,Vague / Missing Context; Format Ambiguity,274,0.845
7b1f81291298485799c75725efb0f9b1,2,Ambiguous References; Vague / Missing Context,63,0.679
ae58cef69ae786bda1b6c9854ec6de3a,1,Vague / Missing Context; Format Ambiguity,61,0.680
ae58cef69ae786bda1b6c9854ec6de3a,2,Format Ambiguity,69,0.696
8b2ca039fca2fedab753966b9f5331e3,2,Vague / Missing Context,65,0.502
9f1093fd06f9d1bdf8904dbaacb2c2c2,2,Vague / Missing Context; Format Ambiguity,37,0.716
a5786711b76393c321eeb2f28962b1c5,1,Vague / Missing Context,150,0.429
ebe8eea0f8e4ba2ec2e2e3f9b99a0090,1,Vague / Missing Context,505,0.562
ebe8eea0f8e4ba2ec2e2e3f9b99a0090,2,Vague / Missing Context; Format Ambiguity,282,0.607
314a72fc0148e47ad147c49555f50a19,2,Vague / Missing Context; Format Ambiguity,59,0.689
314a72fc0148e47ad147c49555f50a19,3,Vague / Missing Context; Ambiguous References,55,0.643
314a72fc0148e47ad147c49555f50a19,4,Vague / Missing Context; Ambiguous References,55,0.677
37ed5b43e375878c8ea2381b7e85d542,1,Vague / Missing Context; Format Ambiguity,29,0.701
602c6befd9087852d4cd84752397846d,1,Format Ambiguity,2250,0.924
602c6befd9087852d4cd84752397846d,2,Vague / Missing Context; Format Ambiguity,53,0.809
602c6befd9087852d4cd84752397846d,3,Vague / Missing Context; Ambiguous References,80,0.656
602c6befd9087852d4cd84752397846d,4,Ambiguous References; Overloaded Prompt,293,0.654
5b3778910bd6e3befcef5e58d418560c,1,Vague / Missing Context; Ambiguous References,37,0.677
5b3778910bd6e3befcef5e58d418560c,2,Vague / Missing Context; Ambiguous References,43,0.744
5b3778910bd6e3befcef5e58d418560c,3,Vague / Missing Context; Ambiguous References,37,0.785
5b3778910bd6e3befcef5e58d418560c,4,Vague / Missing Context; Ambiguous References,71,0.669
03b04665937db24f23b78099315efe2d,2,Format Ambiguity,969,0.805
03b04665937db24f23b78099315efe2d,3,Format Ambiguity; Overloaded Prompt,880,0.923
1468f563d622e0478fcdc576af81352c,1,Vague / Missing Context; Ambiguous References,1463,0.901
09c62607008cf792f16604d46a7fb02b,1,Unnecessary Repetition; Ambiguous References,62,0.684
09c62607008cf792f16604d46a7fb02b,2,Vague / Missing Context,472,0.641
09c62607008cf792f16604d46a7fb02b,3,Vague / Missing Context; Ambiguous References,63,0.663
8f253ab107ee7a50f22e9f8dfa1d9c09,1,Vague / Missing Context,40,0.526
8f253ab107ee7a50f22e9f8dfa1d9c09,2,Vague / Missing Context,44,0.492
790de5229eed1e730cde262893f4688d,1,Format Ambiguity,2250,0.925
790de5229eed1e730cde262893f4688d,2,Vague / Missing Context; Format Ambiguity,53,0.807
790de5229eed1e730cde262893f4688d,3,Vague / Missing Context; Format Ambiguity,211,0.559
5cf547544c0142b6148dd8dc9a44f9db,1,Vague / Missing Context; Format Ambiguity,58,0.739
5cf547544c0142b6148dd8dc9a44f9db,2,Ambiguous References; Vague / Missing Context,69,0.648
5cf547544c0142b6148dd8dc9a44f9db,4,Ambiguous References; Unnecessary Repetition,28,0.503
5cf547544c0142b6148dd8dc9a44f9db,5,Vague / Missing Context; Format Ambiguity,87,0.648
22f7b37227314cc96aa06cdb60145bf7,1,Format Ambiguity; Overloaded Prompt; Prompt Bloat / Convoluted Prompt,861,1.069
f10dd13d2d05f7fb26ee18a932b1f2ce,1,Vague / Missing Context; Format Ambiguity,217,0.719
f10dd13d2d05f7fb26ee18a932b1f2ce,3,Vague / Missing Context; Ambiguous References,74,0.723
f10dd13d2d05f7fb26ee18a932b1f2ce,5,Vague / Missing Context,22,0.601
b749a5c15ac89a745e011ec244fbd56c,1,Format Ambiguity,2250,0.922
b749a5c15ac89a745e011ec244fbd56c,2,Vague / Missing Context; Format Ambiguity,53,0.809
b749a5c15ac89a745e011ec244fbd56c,3,Vague / Missing Context; Format Ambiguity,211,0.556
b749a5c15ac89a745e011ec244fbd56c,4,Ambiguous References; Overloaded Prompt,339,0.561
7b93c4a568df061ffed194cae28efda6,1,Vague / Missing Context; Format Ambiguity,31,0.753
1a48cf0af441a2eef33052a8d9ba30db,1,Ambiguous References; Vague / Missing Context,463,0.652
1a48cf0af441a2eef33052a8d9ba30db,2,Vague / Missing Context; Format Ambiguity,433,0.831
3ed4c298f41415519cd71ccf238c65cc,1,Vague / Missing Context; Format Ambiguity,755,0.771
3ed4c298f41415519cd71ccf238c65cc,2,Format Ambiguity,292,0.482
3ed4c298f41415519cd71ccf238c65cc,3,Vague / Missing Context; Format Ambiguity,45,0.620
b2df80c55bee5bb29b92d63d9784b10f,1,Vague / Missing Context; Format Ambiguity,522,0.879
71315b4bed4917ec22fd1f7f655b5dc3,1,Vague / Missing Context,104,0.496
a9b56caf9fa4584819cce328a7b2baf4,1,Vague / Missing Context; Ambiguous References,55,0.719
a9b56caf9fa4584819cce328a7b2baf4,2,Format Ambiguity,4000,1.349
a9b56caf9fa4584819cce328a7b2baf4,3,Ambiguous References; Overloaded Prompt,61,0.923
a9b56caf9fa4584819cce328a7b2baf4,4,Ambiguous References; Vague / Missing Context,20,0.864
a9b56caf9fa4584819cce328a7b2baf4,5,Unnecessary Repetition; Ambiguous References,21,0.669
a9b56caf9fa4584819cce328a7b2baf4,6,No Smell,19,0.568
42b83001833da67aa084f935cd18360c,1,Format Ambiguity,2250,0.925
42b83001833da67aa084f935cd18360c,2,Vague / Missing Context; Format Ambiguity,53,0.809
42b83001833da67aa084f935cd18360c,3,Format Ambiguity,284,0.743
42b83001833da67aa084f935cd18360c,4,Vague / Missing Context,114,0.468
ce93f68b1b40761a1a5f820cf197ba96,1,Vague / Missing Context,19,0.546
ce93f68b1b40761a1a5f820cf197ba96,2,Vague / Missing Context; Ambiguous References,62,0.676
ce93f68b1b40761a1a5f820cf197ba96,3,Ambiguous References; Unnecessary Repetition,44,0.697
eab769b703f0a71f4ddc8b0b6624f9aa,1,Format Ambiguity,1386,0.818
9da3a54eb617b47b920a3140c32c54ce,1,Ambiguous References; Overloaded Prompt; Prompt Bloat / Convoluted Prompt,827,1.132
8f997f1f3fddb7e809f9337555064c8d,1,Vague / Missing Context; Format Ambiguity,265,0.808
9d3045d27f7bea6bd08a66d16fcaa48a,2,Vague / Missing Context,23,0.575
9d3045d27f7bea6bd08a66d16fcaa48a,3,Vague / Missing Context; Ambiguous References,39,0.732
bbbfec0404b130f514c6f38bcc56d593,1,Vague / Missing Context; Format Ambiguity,928,0.753
bbbfec0404b130f514c6f38bcc56d593,2,Vague / Missing Context,3011,0.941
bbbfec0404b130f514c6f38bcc56d593,3,Ambiguous References; Vague / Missing Context,97,0.611
bbbfec0404b130f514c6f38bcc56d593,4,Vague / Missing Context; Format Ambiguity,172,0.733
bbbfec0404b130f514c6f38bcc56d593,5,Vague / Missing Context; Format Ambiguity,40,0.666
bbbfec0404b130f514c6f38bcc56d593,6,Vague / Missing Context,4000,1.108
be68b87524080e02dce119bda412ce44,1,Vague / Missing Context,229,0.481
a1e033d8d1675d56de63d1348612e26e,1,Vague / Missing Context,173,0.485
9bb2bd93d0620ff6a1bd77362b05b8b2,1,Vague / Missing Context; Ambiguous References,17,0.649
9bb2bd93d0620ff6a1bd77362b05b8b2,2,Vague / Missing Context; Format Ambiguity,39,0.723
9bb2bd93d0620ff6a1bd77362b05b8b2,3,Vague / Missing Context,36,0.713
9bb2bd93d0620ff6a1bd77362b05b8b2,4,Vague / Missing Context,42,0.718
9bb2bd93d0620ff6a1bd77362b05b8b2,5,Vague / Missing Context,38,0.750
9bb2bd93d0620ff6a1bd77362b05b8b2,6,Vague / Missing Context; Format Ambiguity,28,0.728
9bb2bd93d0620ff6a1bd77362b05b8b2,7,Vague / Missing Context,32,0.613
9bb2bd93d0620ff6a1bd77362b05b8b2,8,Vague / Missing Context; Format Ambiguity,42,0.753
793b84fe24ba687ad46c868c27fe8139,1,Format Ambiguity,4000,1.062
522371e67acaaa74cde195e5e4ddd712,2,Ambiguous References; Unnecessary Repetition,175,0.614
522371e67acaaa74cde195e5e4ddd712,3,Ambiguous References; Format Ambiguity,323,0.752
799c8c6033ab41546ef7adb961b92984,1,Format Ambiguity,2291,0.968
799c8c6033ab41546ef7adb961b92984,2,Vague / Missing Context; Format Ambiguity,91,0.759
799c8c6033ab41546ef7adb961b92984,3,Vague / Missing Context,334,0.641
3c232022c8f156e85ce527211b3878b0,1,Vague / Missing Context; Ambiguous References,67,0.854
3c232022c8f156e85ce527211b3878b0,2,Vague / Missing Context; Format Ambiguity,65,0.648
3c232022c8f156e85ce527211b3878b0,3,Vague / Missing Context,30,0.557
e60b8a3f2f930f1af56a79d6acccae69,1,Conflicting Constraints; Overloaded Prompt,989,0.759
5cbda611904126f0b6c01918c11e5928,1,Conflicting Constraints; Vague / Missing Context,992,0.714
acd8cf11dc6fd85f91a03f34e3afb461,1,Ambiguous References; Overloaded Prompt,1118,0.741
9a49e783be8281f4138b674849d5f3bb,2,Vague / Missing Context; Ambiguous References,86,0.761
3a5c40dc1e174a09e161139798510173,1,Ambiguous References,4000,1.020
3a5c40dc1e174a09e161139798510173,2,Format Ambiguity,864,0.533
3a5c40dc1e174a09e161139798510173,3,Vague / Missing Context,96,0.492
55282e281a891a488a6d7b7d555e882d,1,Vague / Missing Context,29,0.547
55282e281a891a488a6d7b7d555e882d,2,Formality / Audience Mismatch,384,0.720
5c5391d4b69e759604dbaad0ca41f049,2,Ambiguous References; Vague / Missing Context,34,0.734
5d5739ac41274827dd7b58e423f676ac,1,Format Ambiguity,848,0.649
34414b973a4b201e7c3304590009b657,1,No Smell,849,0.665
b3146a289dbce70b4844f7f91fcc1857,1,Format Ambiguity,4000,1.299
8c66f08b5ee9d997dcf6802d37f24a20,1,Vague / Missing Context; Format Ambiguity,66,0.779
8c66f08b5ee9d997dcf6802d37f24a20,2,Vague / Missing Context; Format Ambiguity,66,0.706
a1c33f41107959f8647cabae70e19bb3,1,No Smell,859,0.568
a16dc0ba390f1b5731457c208ada026f,1,Vague / Missing Context,156,0.493
a16dc0ba390f1b5731457c208ada026f,2,Vague / Missing Context,53,0.549
a16dc0ba390f1b5731457c208ada026f,3,Vague / Missing Context,32,0.461
a16dc0ba390f1b5731457c208ada026f,4,Vague / Missing Context,220,0.584
a16dc0ba390f1b5731457c208ada026f,5,Ambiguous References; Vague / Missing Context,62,0.829
a16dc0ba390f1b5731457c208ada026f,6,Vague / Missing Context,212,0.594
a16dc0ba390f1b5731457c208ada026f,7,Vague / Missing Context; Format Ambiguity,194,0.619
216f4a73469fbeca27a946e1023cb007,1,No Smell,870,0.569
864fdd42736c8581591db8d7dee44605,1,Vague / Missing Context; Format Ambiguity,71,0.708
e558b215257f619888ed8a5e86ace180,1,No Smell,938,0.563
476e1ce49504f30e5d777717225913aa,1,Format Ambiguity,54,0.572
476e1ce49504f30e5d777717225913aa,2,Format Ambiguity,53,0.566
476e1ce49504f30e5d777717225913aa,3,Format Ambiguity,56,0.572
476e1ce49504f30e5d777717225913aa,4,Format Ambiguity,58,0.591
476e1ce49504f30e5d777717225913aa,5,Vague / Missing Context,107,0.488
5d1bd901b948c4f3d3d5b14c8027e294,1,Vague / Missing Context,288,0.556
5d1bd901b948c4f3d3d5b14c8027e294,2,Ambiguous References; Bias / Loaded Framing,26,0.734
1be0f3e049a73b997f2a9cbf600eecd8,1,Vague / Missing Context; Format Ambiguity,844,0.674
1be0f3e049a73b997f2a9cbf600eecd8,2,No Smell,1790,0.786
15e3e5f0787afaa18bbb3ff35f5026c2,1,Format Ambiguity,128,0.474
996f782b103f404aefd74db8463addf8,1,Conflicting Constraints; Ambiguous References,421,0.639
946f16408d778708cb868f1b3f8c0221,3,Vague / Missing Context; Ambiguous References,47,0.618
946f16408d778708cb868f1b3f8c0221,4,Vague / Missing Context,21,0.482
946f16408d778708cb868f1b3f8c0221,5,Vague / Missing Context,52,0.422
946f16408d778708cb868f1b3f8c0221,6,Vague / Missing Context,42,0.562
946f16408d778708cb868f1b3f8c0221,7,Vague / Missing Context,37,0.384
cc1f9ae2aa28351e4594aedfc7c2d98c,1,Vague / Missing Context,128,0.645
cc1f9ae2aa28351e4594aedfc7c2d98c,2,Format Ambiguity,134,0.524
747bbbd28feaeaf80bf3dc36ce3588d7,1,Vague / Missing Context,38,0.621
747bbbd28feaeaf80bf3dc36ce3588d7,2,Vague / Missing Context; Format Ambiguity,46,0.736
747bbbd28feaeaf80bf3dc36ce3588d7,3,Vague / Missing Context; Format Ambiguity,34,0.699
6fb66c229eb57681ba2f1a544ab578cb,1,Vague / Missing Context; Ambiguous References,53,0.781
6fb66c229eb57681ba2f1a544ab578cb,2,Vague / Missing Context; Ambiguous References,68,0.716
6fb66c229eb57681ba2f1a544ab578cb,3,Vague / Missing Context; Format Ambiguity,50,0.623
6a5df0ef4b379678d53e64db583bb8d9,1,Format Ambiguity,2729,1.000
6a5df0ef4b379678d53e64db583bb8d9,2,Vague / Missing Context; Format Ambiguity,53,0.808
6a5df0ef4b379678d53e64db583bb8d9,3,Vague / Missing Context; Format Ambiguity,332,0.795
6a5df0ef4b379678d53e64db583bb8d9,4,Vague / Missing Context; Ambiguous References,52,0.669
d72db00321aff50414a7a2c7de4c8df2,1,No Smell,1005,0.679
b6f8ff34b71a1faac16ac6d77b919676,1,Irrelevant / Excessive Persona,1002,0.682
59189e68dd732e5a4402566bddf57d2b,1,Irrelevant / Excessive Persona; Conflicting Constraints,1066,0.761
40892d11ef68730d2bbe656a2482226d,1,Format Ambiguity,2729,1.002
40892d11ef68730d2bbe656a2482226d,2,Vague / Missing Context; Format Ambiguity,53,0.809
40892d11ef68730d2bbe656a2482226d,3,Vague / Missing Context,408,0.620
7432e537a217afb5b4c96adcc163a5a2,1,Ambiguous References; Overloaded Prompt,839,0.641
79f861796de90569f1278243d2031ff5,2,Vague / Missing Context,587,0.511
53f5d914063a47994706018ae5590da7,1,Vague / Missing Context; Ambiguous References,86,0.640
53f5d914063a47994706018ae5590da7,2,Vague / Missing Context,124,0.448
fd66c09a338bca3d383913f8355c1fa0,1,Vague / Missing Context; Ambiguous References,116,0.723
d66600e01b17cd6dcd455d767034ad65,1,Format Ambiguity; Overloaded Prompt,94,0.778
d6bc0b0cc2be36f5d0c37baad7cb8555,1,Ambiguous References; Unnecessary Repetition,144,0.536
39a890e394354f8bf17bc3e5713ea779,1,Format Ambiguity,1334,0.744
d09b3cc4d2e2e49dbc5e4d6262ea8797,2,Vague / Missing Context,109,0.573
d09b3cc4d2e2e49dbc5e4d6262ea8797,3,Ambiguous References,27,0.388
3939242f24c39a3c375c15dcf42e9988,2,Ambiguous References; Vague / Missing Context,31,0.860
b0631af33bc4462d359207ce9fbbbea8,1,Vague / Missing Context,829,0.761
19ee3ca70053213aa3b5165720f4cd9f,1,Vague / Missing Context,178,0.506
19ee3ca70053213aa3b5165720f4cd9f,2,Vague / Missing Context,564,0.679
19ee3ca70053213aa3b5165720f4cd9f,3,Ambiguous References; Formality / Audience Mismatch,613,0.873
ad40372f0b09c38b3ec367aa8aa5285f,1,Vague / Missing Context,847,0.686
ed68ce75444a0a6a8c77079034c4ad92,1,Ambiguous References,3483,1.244
715d77be1ecb09b8ff35685c83b3b376,1,Vague / Missing Context,839,0.637
47d5fdc7d4f6c6021a33705cd67c0789,1,Vague / Missing Context; Format Ambiguity,66,0.695
47d5fdc7d4f6c6021a33705cd67c0789,2,Vague / Missing Context; Format Ambiguity,60,0.668
bf4a3af76d4bcb340fee3429d4d0fe3b,2,Vague / Missing Context,24,0.781
1e2c48395709ca81c2574a1aa30acbfe,1,Ambiguous References,3466,1.238
28d637604bc2bfd5e63b6c80fef40db7,1,Vague / Missing Context; Ambiguous References,66,0.634
28d637604bc2bfd5e63b6c80fef40db7,2,Vague / Missing Context; Ambiguous References,96,0.602
28d637604bc2bfd5e63b6c80fef40db7,4,Vague / Missing Context; Format Ambiguity,64,0.739
28d637604bc2bfd5e63b6c80fef40db7,5,Ambiguous References; Vague / Missing Context,61,0.667
cb5a7e15c8d14b07c0320f22bf4ec2db,1,Vague / Missing Context,37,0.565
cb5a7e15c8d14b07c0320f22bf4ec2db,2,Vague / Missing Context,62,0.631
cb5a7e15c8d14b07c0320f22bf4ec2db,3,Format Ambiguity,7,0.479
cb5a7e15c8d14b07c0320f22bf4ec2db,4,Ambiguous References; Format Ambiguity,28,0.692
cb5a7e15c8d14b07c0320f22bf4ec2db,5,Format Ambiguity,8,0.479
cb5a7e15c8d14b07c0320f22bf4ec2db,6,Conflicting Constraints,10,0.604
cb5a7e15c8d14b07c0320f22bf4ec2db,7,Format Ambiguity,7,0.479
f8cf1ab9191b81e51023a5278433b43f,1,Vague / Missing Context,178,0.551
f8cf1ab9191b81e51023a5278433b43f,2,Vague / Missing Context; Unnecessary Repetition,53,0.665
748b25b213b2051e9c196c277e46355e,1,Overloaded Prompt,3489,1.256
fa43e51027ccb2bb9222b06fc47feac7,1,Vague / Missing Context,42,0.490
1838b24328c1dd3508c61f3eb7a12390,2,Ambiguous References; Overloaded Prompt,45,0.648
1838b24328c1dd3508c61f3eb7a12390,3,Format Ambiguity,97,0.464
1838b24328c1dd3508c61f3eb7a12390,4,Format Ambiguity,230,0.535
1838b24328c1dd3508c61f3eb7a12390,5,No Smell,7,0.387
1838b24328c1dd3508c61f3eb7a12390,6,Vague / Missing Context,155,0.440
1838b24328c1dd3508c61f3eb7a12390,7,Vague / Missing Context,85,0.602
cc89505a8979eaa8d15976b65dc565d1,1,Vague / Missing Context,931,0.693
86612b69409b770a574fed967514440c,1,Ambiguous References; Overloaded Prompt,15,0.680
86612b69409b770a574fed967514440c,2,Ambiguous References; Unnecessary Repetition,25,0.585
86612b69409b770a574fed967514440c,3,Vague / Missing Context; Format Ambiguity,25,0.867
86612b69409b770a574fed967514440c,4,Ambiguous References; Vague / Missing Context,39,0.787
86612b69409b770a574fed967514440c,5,Vague / Missing Context; Format Ambiguity,39,0.712
86612b69409b770a574fed967514440c,6,Vague / Missing Context; Format Ambiguity,33,0.668
86612b69409b770a574fed967514440c,7,Ambiguous References; Unnecessary Repetition,41,0.586
86612b69409b770a574fed967514440c,8,Ambiguous References; Unnecessary Repetition,41,0.587
e5a320e0dee4ea79705871e8833ba27e,1,Vague / Missing Context,939,0.692
16fb5f3bdc3c0d21cb859606a80ff168,1,Overloaded Prompt,3489,1.257
be62c54a824fbcd9541c17c0c7e597cc,2,Vague / Missing Context,72,0.487
48ab321dc6153385e35fc31eb7d05374,1,Vague / Missing Context,958,0.692
dfed43c54cf863fbfa12b1129f892a82,1,Format Ambiguity,4000,1.281
dfed43c54cf863fbfa12b1129f892a82,2,Vague / Missing Context,394,0.547
e260b7ee20c1a867ccf11e8bdb7e9779,3,Overloaded Prompt; Prompt Bloat / Convoluted Prompt,2172,1.019
92828e19671027900ae1bb29030ba7d4,1,Vague / Missing Context,994,0.697
a67678df34f3cb452c3e18de8fe6564d,1,Vague / Missing Context,82,0.611
a67678df34f3cb452c3e18de8fe6564d,2,Vague / Missing Context,107,0.445
cd6cf804cbc35db37f6947fc2167bfc9,1,Vague / Missing Context,21,0.397
91ba00c054952ca61d624209c7265e6a,5,Ambiguous References; Format Ambiguity,95,0.744
dfab03ae297b9db27d6cb935350c18d9,1,Vague / Missing Context; Format Ambiguity,25,0.595
c28553fbb7fb26d249b588dd70b5cbef,1,Format Ambiguity,4000,1.364
e4fbc371b1acb1b500c1124472025c31,1,Vague / Missing Context,956,0.721
ac8b22cd8dfbfab31c0b86371c0f79f6,1,Format Ambiguity,4000,1.277
50e31abce022729c3bf0a4b1f897ce8d,1,Format Ambiguity,4000,1.364
55bb0ff256d1745ea2691084a2a097a3,1,Vague / Missing Context,980,0.717
70114dd3e3506e51c57964b207739438,1,Vague / Missing Context; Format Ambiguity,4000,1.518
81dfffe3a4503b0cf0099dcf510040b9,1,Format Ambiguity; Vague / Missing Context,829,0.897
81dfffe3a4503b0cf0099dcf510040b9,2,Format Ambiguity; Unnecessary Repetition; Prompt Bloat / Convoluted Prompt,840,0.950
8f6cd60f9ccb4c0c64d712b28920695a,1,Ambiguous References; Vague / Missing Context,47,0.712
8f6cd60f9ccb4c0c64d712b28920695a,2,Vague / Missing Context; Format Ambiguity,69,0.716
214f6f82d6de69f5a4fe57ba8b0c08ff,1,Vague / Missing Context; Format Ambiguity,4000,1.516
b938280506a3d5a423b15f975fb5423c,1,Vague / Missing Context,1020,0.719
4b7fc339d8bbf4a83a56b8865c6ff48e,1,Overloaded Prompt; Unnecessary Repetition,1597,0.836
4b7fc339d8bbf4a83a56b8865c6ff48e,2,Vague / Missing Context; Format Ambiguity,441,0.681
0554229cbb30e7a5a7e77d4570fc23fe,1,Format Ambiguity,4000,1.317
d414f65f1fca845f436ed69ef66ac6c9,1,Vague / Missing Context; Format Ambiguity,1022,0.853
557e45cd15928a003737bfae64499c16,1,Vague / Missing Context; Format Ambiguity,3907,1.435
d1972636857e185531a39276a5fbd7ae,1,Vague / Missing Context,1026,0.715
71d2c2ec44b91432e2a4be1465f916cc,1,Vague / Missing Context,1037,0.718
41506b59cde7311883ccfa99bf97a894,1,Vague / Missing Context; Ambiguous References,213,0.726
5a02a0d6da734ee5889b4364c3be0934,2,Ambiguous References; Overloaded Prompt,21,0.696
5a02a0d6da734ee5889b4364c3be0934,3,Ambiguous References; Vague / Missing Context,20,0.716
5a02a0d6da734ee5889b4364c3be0934,4,Vague / Missing Context,22,0.654
5a02a0d6da734ee5889b4364c3be0934,6,Ambiguous References; Format Ambiguity,19,0.602
211232df5617718435283eb52763aa8b,7,Vague / Missing Context; Ambiguous References,33,0.730
a64f222908c7343cee62eb3d9914c3e8,1,Overloaded Prompt; Unnecessary Repetition; Prompt Bloat / Convoluted Prompt,1106,0.911
5a31d4524a12c4efb14786b8ba30be5b,1,Format Ambiguity,458,0.626
38b740b05016bd6495891fa3fe8d1651,1,Format Ambiguity,493,0.629
e6b80e5c79ec67e66cfda80c66fe191d,1,Vague / Missing Context; Format Ambiguity,69,0.645
e6b80e5c79ec67e66cfda80c66fe191d,2,Ambiguous References; Vague / Missing Context,68,0.605
e5910b37d42ec96ee5474914bde2073f,1,Vague / Missing Context; Format Ambiguity,183,0.561
e5910b37d42ec96ee5474914bde2073f,2,Vague / Missing Context,122,0.574
e5910b37d42ec96ee5474914bde2073f,3,Vague / Missing Context,191,0.611
ea2db85a7f86328c726fe64cf78cca4b,1,Format Ambiguity; Overloaded Prompt,4000,1.534
ea2db85a7f86328c726fe64cf78cca4b,2,Irrelevant / Excessive Persona,3917,1.286
ea2db85a7f86328c726fe64cf78cca4b,3,No Smell,134,0.443
58bec9e7afbbf8eea02c0aee5fa974aa,2,Vague / Missing Context; Format Ambiguity,71,0.862
58bec9e7afbbf8eea02c0aee5fa974aa,3,Vague / Missing Context; Ambiguous References,52,0.753
58bec9e7afbbf8eea02c0aee5fa974aa,4,Vague / Missing Context; Format Ambiguity,34,0.669
58bec9e7afbbf8eea02c0aee5fa974aa,5,Vague / Missing Context; Format Ambiguity,48,0.725
012be8b25606703bb4e8b7d422aa224f,1,Conflicting Constraints; Irrelevant / Excessive Persona,58,0.691
012be8b25606703bb4e8b7d422aa224f,2,Ambiguous References; Overloaded Prompt,74,0.790
2b9c8778307a0eac3eecf0f6a363744b,1,Format Ambiguity,538,0.640
031d1269d53431d40dd26ad502054efb,1,Vague / Missing Context; Format Ambiguity,84,0.705
031d1269d53431d40dd26ad502054efb,2,Ambiguous References; Format Ambiguity,17,0.811
031d1269d53431d40dd26ad502054efb,3,Vague / Missing Context,13,0.580
9660dce87579b2f66967d870ec93ced7,2,Unnecessary Repetition; Overloaded Prompt,924,0.883
9660dce87579b2f66967d870ec93ced7,5,Vague / Missing Context; Unnecessary Repetition; Overloaded Prompt,1846,1.775
09b4aaea077402081020f8fbe187fdea,1,Vague / Missing Context; Format Ambiguity,60,0.965
76bad785cbeb0813aeb0410912fbb214,1,Format Ambiguity,242,0.533
984a333a54901bf44e86b75c784a6ed1,1,Format Ambiguity,4000,1.279
eb329a445eafa83d5803227d75c9b52b,1,Vague / Missing Context; Format Ambiguity,161,0.853
bd47c91d790bbdb62792252ce3315806,1,Vague / Missing Context,4000,1.710
cedcd77b8a77057b6b989590354ed10f,1,Vague / Missing Context,439,1.427
bc51ff6de4ebd3ba80cac81c03b454d9,1,Format Ambiguity; Overloaded Prompt,4000,1.533
bc51ff6de4ebd3ba80cac81c03b454d9,2,Format Ambiguity,4000,1.179
6b8df72b6bd16d59695bad9711960ce8,1,Ambiguous References; Unnecessary Repetition,2845,1.415
c5a13321533a62719bc075031f3f52b4,1,Vague / Missing Context; Ambiguous References,48,1.075
c5a13321533a62719bc075031f3f52b4,2,Vague / Missing Context; Format Ambiguity,55,0.701
c5a13321533a62719bc075031f3f52b4,3,Vague / Missing Context; Ambiguous References,63,0.643
c216b8f6aa38303ff7ad2f8241113448,1,Vague / Missing Context,148,0.607
c216b8f6aa38303ff7ad2f8241113448,2,Vague / Missing Context; Ambiguous References,75,0.652
c216b8f6aa38303ff7ad2f8241113448,3,No Smell,57,0.520
c216b8f6aa38303ff7ad2f8241113448,4,Vague / Missing Context,80,0.621
c216b8f6aa38303ff7ad2f8241113448,5,Ambiguous References,31,0.669
628bec98c4d5258b3e5a5d35d6455000,1,Vague / Missing Context; Format Ambiguity,461,0.703
bc7752f13f96420f0db2655a1f3d13cf,1,Format Ambiguity,2054,0.896
bda07a2d84c53617cd2f0fb68fa92d75,1,Ambiguous References; Vague / Missing Context,140,0.914
bda07a2d84c53617cd2f0fb68fa92d75,2,Vague / Missing Context; Format Ambiguity,1590,0.807
bda07a2d84c53617cd2f0fb68fa92d75,3,Vague / Missing Context,31,0.632
bda07a2d84c53617cd2f0fb68fa92d75,4,Vague / Missing Context,45,0.576
2ffbfb114acd1a2c9d22caf8e71b01ff,1,Vague / Missing Context; Ambiguous References,37,0.839
d6549366062e85601035897933f1e5ce,1,Vague / Missing Context; Ambiguous References,55,0.770
aa16f207312acc7cd91b8979baa8a595,1,Format Ambiguity,41,0.660
aa16f207312acc7cd91b8979baa8a595,2,Vague / Missing Context; Format Ambiguity,41,0.726
9b200d2ecbee772a6e5983c207ecb512,1,Ambiguous References; Vague / Missing Context,96,0.813
f2e65ba0c04f4f74ce4e340c97357807,1,Vague / Missing Context; Ambiguous References,57,0.684
21afada9aac3a5e9d8baada0fe044088,1,Vague / Missing Context,1600,0.881
21afada9aac3a5e9d8baada0fe044088,2,Format Ambiguity,2055,0.897
21afada9aac3a5e9d8baada0fe044088,3,Vague / Missing Context; Format Ambiguity,62,0.715
ba981e62790522513bc65a6fa9945332,1,Format Ambiguity,350,0.533
ad6fc67577642b76899804e8dddb1356,1,Format Ambiguity,4000,1.064
ad6fc67577642b76899804e8dddb1356,2,Vague / Missing Context; Format Ambiguity,38,0.690
ad6fc67577642b76899804e8dddb1356,3,Ambiguous References; Vague / Missing Context,41,0.754
ad6fc67577642b76899804e8dddb1356,4,Format Ambiguity,25,0.554
ad6fc67577642b76899804e8dddb1356,5,Format Ambiguity,156,0.647
ad6fc67577642b76899804e8dddb1356,6,Format Ambiguity,3071,0.913
d4c65a44ea28e503b573c7a116807e7a,1,Vague / Missing Context; Ambiguous References,67,0.627
d4c65a44ea28e503b573c7a116807e7a,2,Formality / Audience Mismatch,16,0.628
d4c65a44ea28e503b573c7a116807e7a,3,No Smell,14,0.568
906c31f2629667101e18c390763dd3f8,1,Ambiguous References; Conflicting Constraints,66,0.647
906c31f2629667101e18c390763dd3f8,2,Ambiguous References; Unnecessary Repetition,69,0.669
906c31f2629667101e18c390763dd3f8,3,Vague / Missing Context; Ambiguous References,48,0.755
906c31f2629667101e18c390763dd3f8,4,Ambiguous References; Vague / Missing Context,41,0.752
5e5d37f9a3f01b2988b19a6ebe8047e9,1,Vague / Missing Context; Ambiguous References,65,0.659
082e76a513057ca0380249ea475c33eb,1,No Smell,4000,1.518
a2928b830b8b66809296a0ee17fcde35,1,Vague / Missing Context,63,4.260
a2928b830b8b66809296a0ee17fcde35,2,Format Ambiguity,139,0.500
a2928b830b8b66809296a0ee17fcde35,3,Vague / Missing Context,217,0.666
a2928b830b8b66809296a0ee17fcde35,4,Vague / Missing Context; Format Ambiguity,46,0.609
a2928b830b8b66809296a0ee17fcde35,5,Format Ambiguity,81,0.533
a2928b830b8b66809296a0ee17fcde35,6,Vague / Missing Context,2157,0.925
a2928b830b8b66809296a0ee17fcde35,7,Vague / Missing Context,64,0.463
22df480a7cccdaf26b977216e78f1916,1,Ambiguous References; Vague / Missing Context,110,0.794
22df480a7cccdaf26b977216e78f1916,2,Ambiguous References; Vague / Missing Context,120,0.646
22df480a7cccdaf26b977216e78f1916,3,Format Ambiguity,166,0.503
22df480a7cccdaf26b977216e78f1916,4,Format Ambiguity,166,0.590
22df480a7cccdaf26b977216e78f1916,5,Format Ambiguity; Ambiguous References,152,0.644
22df480a7cccdaf26b977216e78f1916,6,Vague / Missing Context; Format Ambiguity,150,0.644
22df480a7cccdaf26b977216e78f1916,7,Ambiguous References; Vague / Missing Context,172,0.552
22df480a7cccdaf26b977216e78f1916,8,Vague / Missing Context,178,0.558
22df480a7cccdaf26b977216e78f1916,9,Vague / Missing Context; Ambiguous References,164,0.682
22df480a7cccdaf26b977216e78f1916,10,Vague / Missing Context,178,0.530
22df480a7cccdaf26b977216e78f1916,11,Ambiguous References,216,0.487
1d84139c02bc3886afa71e575a9bdde9,1,Vague / Missing Context; Format Ambiguity,2790,1.079
1d84139c02bc3886afa71e575a9bdde9,2,Vague / Missing Context; Format Ambiguity,53,0.810
b75f03a9f27ba3b39b23884b0b7173df,1,Vague / Missing Context,903,0.666
49ff4aef339ebeac0e6e28107a63a89d,1,Vague / Missing Context,1020,0.679
304cca7b286629c77f9134647807ed97,1,Vague / Missing Context,1020,0.475
b0b2cc61068cb97ffe08568ea64348d1,1,Vague / Missing Context,2283,0.971
b613b60731b80269a55c95b10e1027d8,1,Bias / Loaded Framing; Unnecessary Repetition,3898,1.306
c4a657a1d90c47e0934d416a4586becb,1,Format Ambiguity,4000,1.279
ae9c4fe55611e9a7732ed743f00faea2,1,Vague / Missing Context,908,0.669
a05f2c0a1af0010a7abc4bfda8b90dec,1,Ambiguous References; Vague / Missing Context,55,0.706
4bdf3fcd8baf50fcbbb09ad9b2299baa,2,Formality / Audience Mismatch,16,0.623
4bdf3fcd8baf50fcbbb09ad9b2299baa,3,Vague / Missing Context; Ambiguous References,22,0.698
6e54e77edc1a209246c0254e11dc438e,1,Format Ambiguity,2744,0.999
6e54e77edc1a209246c0254e11dc438e,2,Vague / Missing Context; Format Ambiguity,53,0.809
4bbff2588fbe7a79c8035e61a3155e4d,1,Bias / Loaded Framing; Unnecessary Repetition,3898,1.309
4bbff2588fbe7a79c8035e61a3155e4d,2,Bias / Loaded Framing; Unnecessary Repetition,3898,0.551
4bbff2588fbe7a79c8035e61a3155e4d,3,Bias / Loaded Framing; Unnecessary Repetition,3898,0.550
04fa3a92407f54cacc334be1ca248843,1,Vague / Missing Context,41,0.572
a272311ccd7e810abf1af487ef668c60,1,Vague / Missing Context,865,0.732
da4521f81e03414b54c83b1feb54071a,3,Vague / Missing Context,372,0.586
73446e4befe18d86b7059b099a7b980d,1,Format Ambiguity,4000,1.279
df9446d2054c063853c5f96f8ea3256c,1,Prompt Bloat / Convoluted Prompt,183,0.532
df9446d2054c063853c5f96f8ea3256c,2,Vague / Missing Context; Format Ambiguity,500,0.779
353957890fab866044e851417a2c361a,3,Vague / Missing Context,65,0.593
353957890fab866044e851417a2c361a,6,Vague / Missing Context; Ambiguous References,101,0.726
f8cd2d5e2fdd48e5f78cfad7dd65cb39,1,No Smell,2283,1.414
d1f2354a35b4742e7b690b3b6ea89ce1,1,Vague / Missing Context; Format Ambiguity,447,1.752
d1f2354a35b4742e7b690b3b6ea89ce1,2,Vague / Missing Context; Format Ambiguity,57,0.707
d1f2354a35b4742e7b690b3b6ea89ce1,3,No Smell,194,0.411
06640152cc14fcdad5cd2bb91ed0c2e1,1,Ambiguous References; Vague / Missing Context,114,0.695
e8800bf6ab1d144dac7470e746907ff1,1,Ambiguous References,23,0.670
e8800bf6ab1d144dac7470e746907ff1,2,Vague / Missing Context,28,0.661
3dff6625d827f9f4dedab19135eea8f3,1,Format Ambiguity,4000,1.280
4c96ab726ae7c89b7d3935b72ed2ea47,1,Formality / Audience Mismatch,8,0.575
4c96ab726ae7c89b7d3935b72ed2ea47,3,Vague / Missing Context,16,0.441
4c96ab726ae7c89b7d3935b72ed2ea47,4,Ambiguous References; Vague / Missing Context,40,0.781
4c96ab726ae7c89b7d3935b72ed2ea47,6,Vague / Missing Context,22,0.610
cdab1b85bf0ca877ac1e56035238c449,1,Format Ambiguity,2749,0.999
cdab1b85bf0ca877ac1e56035238c449,2,Vague / Missing Context; Format Ambiguity,53,0.711
cdab1b85bf0ca877ac1e56035238c449,3,Ambiguous References,14,0.762
57cc0c20f5f69e84d8e9f78a1b3fc14c,1,Format Ambiguity; Overloaded Prompt,1795,1.543
8b68fcca6d6f5028e44e20f3580cf028,1,Vague / Missing Context; Ambiguous References,267,0.629
8b68fcca6d6f5028e44e20f3580cf028,2,Vague / Missing Context; Ambiguous References,268,0.498
8b68fcca6d6f5028e44e20f3580cf028,3,Vague / Missing Context; Ambiguous References,305,0.578
8b68fcca6d6f5028e44e20f3580cf028,4,Vague / Missing Context; Format Ambiguity,356,0.714
8b68fcca6d6f5028e44e20f3580cf028,5,Conflicting Constraints; Irrelevant / Excessive Persona,387,0.634
8b68fcca6d6f5028e44e20f3580cf028,6,Ambiguous References,407,0.626
8b68fcca6d6f5028e44e20f3580cf028,7,Ambiguous References; Vague / Missing Context,440,0.777
8b68fcca6d6f5028e44e20f3580cf028,8,Format Ambiguity; Overloaded Prompt,467,0.683
8b68fcca6d6f5028e44e20f3580cf028,9,Vague / Missing Context,49,0.661
8b68fcca6d6f5028e44e20f3580cf028,10,Vague / Missing Context,45,0.442
8b68fcca6d6f5028e44e20f3580cf028,11,Vague / Missing Context; Ambiguous References,62,0.632
780bf7a1dd3c7f89cea49ebd6add8546,2,Vague / Missing Context,27,0.613
780bf7a1dd3c7f89cea49ebd6add8546,3,Vague / Missing Context; Ambiguous References,69,0.659
780bf7a1dd3c7f89cea49ebd6add8546,4,Vague / Missing Context; Ambiguous References,46,0.776
53dce996e055f1b550cc5ee6adff6f17,1,Vague / Missing Context; Format Ambiguity,76,0.795
53dce996e055f1b550cc5ee6adff6f17,2,Format Ambiguity,27,0.529
53dce996e055f1b550cc5ee6adff6f17,3,No Smell,58,0.478
53dce996e055f1b550cc5ee6adff6f17,4,Vague / Missing Context,37,0.603
53dce996e055f1b550cc5ee6adff6f17,5,Format Ambiguity,27,0.532
53dce996e055f1b550cc5ee6adff6f17,6,Vague / Missing Context,57,0.744
53dce996e055f1b550cc5ee6adff6f17,7,Ambiguous References; Vague / Missing Context,51,0.632
53dce996e055f1b550cc5ee6adff6f17,8,Vague / Missing Context,31,0.605
53dce996e055f1b550cc5ee6adff6f17,9,Vague / Missing Context,40,0.546
53dce996e055f1b550cc5ee6adff6f17,10,Vague / Missing Context,61,0.526
53dce996e055f1b550cc5ee6adff6f17,11,Vague / Missing Context,73,0.758
76c522db243ca2b9abbe6c84efc0e795,1,Vague / Missing Context,30,0.759
76c522db243ca2b9abbe6c84efc0e795,2,Vague / Missing Context,38,0.725
76c522db243ca2b9abbe6c84efc0e795,3,Ambiguous References; Vague / Missing Context,50,0.667
51326e142b5e18d5afde534f3de591ff,1,Vague / Missing Context,31,0.413
51326e142b5e18d5afde534f3de591ff,2,Vague / Missing Context,38,0.486
e124ff44310e240124b6464ceb8a53a7,1,Vague / Missing Context,187,0.534
e124ff44310e240124b6464ceb8a53a7,2,Vague / Missing Context; Format Ambiguity,142,0.498
e124ff44310e240124b6464ceb8a53a7,3,No Smell,147,0.482
e124ff44310e240124b6464ceb8a53a7,4,Vague / Missing Context; Format Ambiguity,464,0.700
e124ff44310e240124b6464ceb8a53a7,5,Vague / Missing Context,99,0.563
e124ff44310e240124b6464ceb8a53a7,6,Vague / Missing Context; Format Ambiguity,43,0.772
e124ff44310e240124b6464ceb8a53a7,7,Format Ambiguity; Overloaded Prompt,203,0.584
e124ff44310e240124b6464ceb8a53a7,8,Vague / Missing Context,419,0.633
e124ff44310e240124b6464ceb8a53a7,9,Formality / Audience Mismatch; Ambiguous References,302,0.562
65a44b8cc00fc117f989836c6c2e4260,2,Vague / Missing Context,35,0.359
7113c99e3f58b5875780d71a3b53b621,1,Vague / Missing Context,19,0.462
7113c99e3f58b5875780d71a3b53b621,2,Ambiguous References; Vague / Missing Context,16,0.673
7113c99e3f58b5875780d71a3b53b621,3,Ambiguous References; Unnecessary Repetition,35,0.462
4be001190b0f9657c36947cd637a27b3,1,Vague / Missing Context,292,0.526
4be001190b0f9657c36947cd637a27b3,2,Ambiguous References; Vague / Missing Context,154,0.484
6780b31e26682462ccae6d27ab20b216,1,Format Ambiguity; Overloaded Prompt,69,0.805
6780b31e26682462ccae6d27ab20b216,2,Format Ambiguity,63,0.621
6780b31e26682462ccae6d27ab20b216,3,Ambiguous References,44,0.566
6780b31e26682462ccae6d27ab20b216,4,Vague / Missing Context; Format Ambiguity,92,0.704
6780b31e26682462ccae6d27ab20b216,5,Vague / Missing Context; Ambiguous References,77,0.737
156dcc644bebbed4ba9bf7f567c38a1f,1,Ambiguous References; Vague / Missing Context,52,0.707
156dcc644bebbed4ba9bf7f567c38a1f,2,Vague / Missing Context; Format Ambiguity,63,0.691
156dcc644bebbed4ba9bf7f567c38a1f,3,Vague / Missing Context; Format Ambiguity,73,0.782
85e6d1b3c1e5774be99a589888a34b88,1,Vague / Missing Context,292,0.526
85e6d1b3c1e5774be99a589888a34b88,2,Ambiguous References; Vague / Missing Context,227,0.517
85e6d1b3c1e5774be99a589888a34b88,3,Vague / Missing Context,292,0.523
d2aabbb2bf34695f0909d31a7f502b65,1,Vague / Missing Context,273,0.637
1e7496fab057ed21b3d18a88112df921,1,Vague / Missing Context,52,0.490
1e7496fab057ed21b3d18a88112df921,2,Vague / Missing Context,49,0.518
1e7496fab057ed21b3d18a88112df921,3,Vague / Missing Context; Format Ambiguity,75,0.563
1e7496fab057ed21b3d18a88112df921,4,No Smell,59,0.547
e6594384c91e67ec9e90d2f206ac1ad0,1,Format Ambiguity,189,0.421
e6594384c91e67ec9e90d2f206ac1ad0,2,Vague / Missing Context,30,0.465
e6594384c91e67ec9e90d2f206ac1ad0,3,Format Ambiguity,56,0.440
ccd2b4ecde031d5bcb36d0269b3b3fbd,1,Vague / Missing Context,181,0.561
1668c06e97338b3722dc48d8ed78ced2,1,Vague / Missing Context; Format Ambiguity,48,0.785
2aa4f557d951dd061afa73d14cb9faaf,1,Ambiguous References; Vague / Missing Context,67,0.650
2aa4f557d951dd061afa73d14cb9faaf,2,Vague / Missing Context,33,0.565
2aa4f557d951dd061afa73d14cb9faaf,4,Vague / Missing Context; Ambiguous References,37,0.720
2aa4f557d951dd061afa73d14cb9faaf,5,Ambiguous References; Vague / Missing Context,87,0.800
2aa4f557d951dd061afa73d14cb9faaf,8,Ambiguous References; Vague / Missing Context,116,0.507
cb5098b5f13c074efe26dddf15b8c885,1,Vague / Missing Context,71,0.569
ed541ffbaaf39e21f6e58eca2c558b84,1,Vague / Missing Context; Format Ambiguity,102,0.656
ed541ffbaaf39e21f6e58eca2c558b84,3,No Smell,410,0.529
33822b668f27ae082c7edda2c2a14c26,1,Formality / Audience Mismatch,334,0.505
46c2145b19c0c221f402bb5b722b6d9d,1,Vague / Missing Context; Ambiguous References,49,0.676
46c2145b19c0c221f402bb5b722b6d9d,2,Vague / Missing Context; Format Ambiguity,36,0.725
565a669ec514fbd69bee6b8b22258d24,1,Vague / Missing Context,25,0.642
1a9450cc974284dbe6529f2f4da49d4b,1,Vague / Missing Context; Format Ambiguity,29,0.769
ca0526cce1cf6225c9f89567446893d2,1,Vague / Missing Context; Format Ambiguity,54,0.688
ca0526cce1cf6225c9f89567446893d2,2,Format Ambiguity,167,0.595
ca0526cce1cf6225c9f89567446893d2,3,Vague / Missing Context,34,0.794
ca0526cce1cf6225c9f89567446893d2,4,Format Ambiguity,101,0.649
ca0526cce1cf6225c9f89567446893d2,5,Format Ambiguity,101,0.613
735a531a9ed59f5b3e86268d029665b7,1,Vague / Missing Context; Format Ambiguity,32,0.734
ccfe4da45c4b229b193b3fa9fb2046db,1,Format Ambiguity,101,0.647
2f060bd7c188ffd23dfd64d5a33782c9,1,Vague / Missing Context,268,0.525
2f060bd7c188ffd23dfd64d5a33782c9,2,Ambiguous References,150,0.523
2f060bd7c188ffd23dfd64d5a33782c9,3,Vague / Missing Context; Format Ambiguity,109,0.653
2f060bd7c188ffd23dfd64d5a33782c9,4,Vague / Missing Context; Format Ambiguity,68,0.656
2f060bd7c188ffd23dfd64d5a33782c9,5,Vague / Missing Context,139,0.418
2f060bd7c188ffd23dfd64d5a33782c9,6,Vague / Missing Context,128,0.420
2f060bd7c188ffd23dfd64d5a33782c9,7,Vague / Missing Context; Format Ambiguity,116,0.742
895f139554c87758f139e0c83c00e3ea,1,Vague / Missing Context; Format Ambiguity,68,0.717
17e209aebcdf8e4ecc1852604ad98378,1,Vague / Missing Context,18,0.427
17e209aebcdf8e4ecc1852604ad98378,2,Format Ambiguity,50,0.620
52842797e80f3728a3e85e74a0f2ecf9,1,Vague / Missing Context; Format Ambiguity,2239,1.066
52842797e80f3728a3e85e74a0f2ecf9,2,Ambiguous References; Overloaded Prompt,3380,1.133
52842797e80f3728a3e85e74a0f2ecf9,3,Vague / Missing Context; Format Ambiguity,429,0.627
52842797e80f3728a3e85e74a0f2ecf9,4,Ambiguous References,128,0.448
52842797e80f3728a3e85e74a0f2ecf9,5,Vague / Missing Context,143,0.553
52842797e80f3728a3e85e74a0f2ecf9,6,Vague / Missing Context; Format Ambiguity,1767,1.064
36c561c5f4be27680dee9d92d437000d,1,Vague / Missing Context; Format Ambiguity,68,0.717
911bc135af2f3ca3fd0a63e13ba40fd8,1,Vague / Missing Context,99,0.565
911bc135af2f3ca3fd0a63e13ba40fd8,2,Vague / Missing Context; Ambiguous References,212,0.794
911bc135af2f3ca3fd0a63e13ba40fd8,3,Vague / Missing Context; Format Ambiguity,34,0.735
911bc135af2f3ca3fd0a63e13ba40fd8,4,Vague / Missing Context; Ambiguous References,106,0.733
911bc135af2f3ca3fd0a63e13ba40fd8,5,Vague / Missing Context; Format Ambiguity,122,0.851
911bc135af2f3ca3fd0a63e13ba40fd8,6,Vague / Missing Context; Ambiguous References,135,0.865
911bc135af2f3ca3fd0a63e13ba40fd8,7,Vague / Missing Context; Format Ambiguity,62,0.706
911bc135af2f3ca3fd0a63e13ba40fd8,8,Vague / Missing Context,176,0.506
911bc135af2f3ca3fd0a63e13ba40fd8,9,Vague / Missing Context; Format Ambiguity,85,0.672
911bc135af2f3ca3fd0a63e13ba40fd8,10,Vague / Missing Context,107,0.640
911bc135af2f3ca3fd0a63e13ba40fd8,11,Vague / Missing Context,111,0.608
911bc135af2f3ca3fd0a63e13ba40fd8,12,Vague / Missing Context; Ambiguous References,92,0.722
911bc135af2f3ca3fd0a63e13ba40fd8,13,Formality / Audience Mismatch; Overloaded Prompt,264,0.583
a7c95c63b036eebfc4c5e9d05706259c,1,Ambiguous References; Overloaded Prompt; Prompt Bloat / Convoluted Prompt,695,0.989
a7c95c63b036eebfc4c5e9d05706259c,2,Vague / Missing Context,297,0.516
a7c95c63b036eebfc4c5e9d05706259c,3,Ambiguous References; Unnecessary Repetition,219,0.564
a7c95c63b036eebfc4c5e9d05706259c,4,Vague / Missing Context,129,0.572
131fc0e7cbb8cb29c7e64b04c55bbba5,1,Vague / Missing Context; Format Ambiguity,84,0.680
40ba2d6d4fba77f9a896cf0731ca95b4,1,Vague / Missing Context,16,0.552
40ba2d6d4fba77f9a896cf0731ca95b4,3,Vague / Missing Context,61,0.603
40ba2d6d4fba77f9a896cf0731ca95b4,4,Vague / Missing Context,55,0.528
40ba2d6d4fba77f9a896cf0731ca95b4,5,Ambiguous References,14,0.397
40ba2d6d4fba77f9a896cf0731ca95b4,6,Vague / Missing Context,31,0.537
40ba2d6d4fba77f9a896cf0731ca95b4,7,Ambiguous References; Vague / Missing Context,40,0.670
40ba2d6d4fba77f9a896cf0731ca95b4,8,Format Ambiguity,42,0.603
40ba2d6d4fba77f9a896cf0731ca95b4,9,Vague / Missing Context; Format Ambiguity,27,0.717
40ba2d6d4fba77f9a896cf0731ca95b4,10,Format Ambiguity,16,0.622
80502dfc9a823b862f0f89fe9d4903f9,1,Ambiguous References; Overloaded Prompt,557,0.599
80502dfc9a823b862f0f89fe9d4903f9,4,Format Ambiguity,740,0.544
80502dfc9a823b862f0f89fe9d4903f9,8,Vague / Missing Context,71,0.592
2d960fc876359acee8c6ffe77cb96dcf,1,Vague / Missing Context; Format Ambiguity,31,0.724
bc612a6ca7d5d22ea91b92015f515fa3,1,Vague / Missing Context; Format Ambiguity,40,0.646
bc612a6ca7d5d22ea91b92015f515fa3,2,Vague / Missing Context,417,0.708
c4187cd0293c77084a7556740a19eed1,1,Vague / Missing Context,491,0.569
951302be3adc9870ad74f8a970cb5cd5,1,Vague / Missing Context; Ambiguous References,32,0.625
951302be3adc9870ad74f8a970cb5cd5,2,Vague / Missing Context; Format Ambiguity,27,0.766
951302be3adc9870ad74f8a970cb5cd5,3,Vague / Missing Context; Format Ambiguity,12,0.709
951302be3adc9870ad74f8a970cb5cd5,4,Prompt Bloat / Convoluted Prompt; Ambiguous References,865,0.846
951302be3adc9870ad74f8a970cb5cd5,5,Ambiguous References; Vague / Missing Context,56,0.649
951302be3adc9870ad74f8a970cb5cd5,6,Vague / Missing Context,41,0.507
9654c8926914e5aa82bb1947d0976868,1,Format Ambiguity,313,0.609
9654c8926914e5aa82bb1947d0976868,2,Vague / Missing Context,90,0.838
9654c8926914e5aa82bb1947d0976868,3,Vague / Missing Context; Format Ambiguity,118,0.787
abfb580635d761ac2f1829a49cacde87,1,Format Ambiguity,1894,0.829
abfb580635d761ac2f1829a49cacde87,2,Vague / Missing Context; Format Ambiguity,55,0.690
abfb580635d761ac2f1829a49cacde87,3,Vague / Missing Context; Format Ambiguity,35,0.669
9bb6f0e99b565679e9f613e7d48adc96,1,Vague / Missing Context,748,0.590
69eb29ac526b828b342cd07a93a21f51,1,Vague / Missing Context,11,0.574
c7a1cdf0795db1611684afaf3c978cc0,1,Vague / Missing Context,179,0.458
c7a1cdf0795db1611684afaf3c978cc0,2,Vague / Missing Context; Format Ambiguity,569,0.671
c7a1cdf0795db1611684afaf3c978cc0,3,Vague / Missing Context,109,0.468
c7a1cdf0795db1611684afaf3c978cc0,4,Vague / Missing Context; Format Ambiguity,82,0.717
ecd63662ea955feac9d542ae6b8e69d0,1,Vague / Missing Context,194,0.570
ecd63662ea955feac9d542ae6b8e69d0,2,Vague / Missing Context; Format Ambiguity,690,0.667
ecd63662ea955feac9d542ae6b8e69d0,3,Format Ambiguity; Overloaded Prompt,108,0.543
2482330b1cdd52358d77afd0023ddfa9,1,Vague / Missing Context,99,0.487
2482330b1cdd52358d77afd0023ddfa9,2,Vague / Missing Context,754,0.621
7d765ff0274266474553566c38b2281b,1,Ambiguous References; Vague / Missing Context,114,0.666
7d765ff0274266474553566c38b2281b,2,Ambiguous References; Vague / Missing Context,106,0.661
7d765ff0274266474553566c38b2281b,3,Vague / Missing Context,114,0.496
7d765ff0274266474553566c38b2281b,4,No Smell,134,0.369
7d765ff0274266474553566c38b2281b,5,Vague / Missing Context,173,0.475
7d765ff0274266474553566c38b2281b,6,Ambiguous References; Vague / Missing Context,191,0.542
bb557385541a6e01c035cd9d801f73f7,2,Vague / Missing Context,40,0.459
bb557385541a6e01c035cd9d801f73f7,3,Vague / Missing Context; Ambiguous References,68,0.626
bb557385541a6e01c035cd9d801f73f7,4,Vague / Missing Context,43,0.603
6024ae2c388129d76a191bc8cd0773d9,4,Ambiguous References; Vague / Missing Context,15,0.652
00c0c16fb160e1e24d9f0bb5b8c90224,2,Ambiguous References; Unnecessary Repetition,15,0.722
2f6d4ff6ceaaacb875f0fa8475de4325,2,Bias / Loaded Framing,17,0.534
9f71ce87003c1ceaaa760c31f4ba9767,1,Vague / Missing Context,114,0.491
9f71ce87003c1ceaaa760c31f4ba9767,2,Vague / Missing Context; Ambiguous References,84,0.663
45470949976318a42ad2e8310a896db8,1,Vague / Missing Context; Format Ambiguity,22,0.772
45470949976318a42ad2e8310a896db8,2,Irrelevant / Excessive Persona,4000,1.455
70def80bd76a9dae365bfe9a14e63a45,1,Vague / Missing Context; Format Ambiguity,4000,1.394
70def80bd76a9dae365bfe9a14e63a45,2,Conflicting Constraints; Overloaded Prompt,42,0.630
70def80bd76a9dae365bfe9a14e63a45,4,Vague / Missing Context; Format Ambiguity,61,0.770
86614d4221a9365d36375e477f0785cb,1,Format Ambiguity,64,0.686
86614d4221a9365d36375e477f0785cb,3,Vague / Missing Context; Format Ambiguity,82,0.754
86614d4221a9365d36375e477f0785cb,4,Vague / Missing Context,36,0.552
2aa7bf4cd637894cc144afda6354d989,2,Vague / Missing Context; Format Ambiguity,276,0.739
2aa7bf4cd637894cc144afda6354d989,3,Vague / Missing Context; Ambiguous References,73,0.702
2aa7bf4cd637894cc144afda6354d989,4,Ambiguous References; Unnecessary Repetition,84,0.699
2aa7bf4cd637894cc144afda6354d989,5,Format Ambiguity,87,0.714
2aa7bf4cd637894cc144afda6354d989,6,No Smell,81,0.462
2aa7bf4cd637894cc144afda6354d989,7,No Smell,96,0.459
2aa7bf4cd637894cc144afda6354d989,8,Conflicting Constraints; Ambiguous References,166,0.738
1518a558e71d2a8e585b9173f3a2e6ea,1,Vague / Missing Context; Format Ambiguity,22,0.772
1518a558e71d2a8e585b9173f3a2e6ea,2,No Smell,722,0.548
1518a558e71d2a8e585b9173f3a2e6ea,3,Vague / Missing Context; Ambiguous References,22,0.788
1518a558e71d2a8e585b9173f3a2e6ea,4,No Smell,722,0.550
890e6f35fd262f4aee2afae45caef1c9,1,Ambiguous References; Overloaded Prompt; Unnecessary Repetition,3049,1.481
890e6f35fd262f4aee2afae45caef1c9,2,Vague / Missing Context,311,0.587
890e6f35fd262f4aee2afae45caef1c9,3,Format Ambiguity,217,0.490
9f5c35a3da8cb55a693aabd686ccc5e3,1,Vague / Missing Context,102,0.730
9f5c35a3da8cb55a693aabd686ccc5e3,2,Vague / Missing Context,37,0.556
9f5c35a3da8cb55a693aabd686ccc5e3,3,Ambiguous References; Vague / Missing Context,47,0.623
a4cb87e50191d2c4b69e409d61db138b,1,Vague / Missing Context; Format Ambiguity,63,0.658
a4cb87e50191d2c4b69e409d61db138b,2,Vague / Missing Context; Ambiguous References,116,0.807
a4cb87e50191d2c4b69e409d61db138b,3,Vague / Missing Context,296,0.485
a4cb87e50191d2c4b69e409d61db138b,4,Vague / Missing Context; Ambiguous References,154,0.648
a4cb87e50191d2c4b69e409d61db138b,5,Vague / Missing Context; Ambiguous References,176,0.773
a4cb87e50191d2c4b69e409d61db138b,6,Vague / Missing Context; Ambiguous References,119,0.769
a4cb87e50191d2c4b69e409d61db138b,7,Vague / Missing Context,158,0.475
a4cb87e50191d2c4b69e409d61db138b,8,Vague / Missing Context,278,0.514
d8da71b984fb61415459e56ae3f493b4,1,Vague / Missing Context; Ambiguous References,64,0.671
eacf1d673cfa8b0e971c7a73113aeab2,1,Vague / Missing Context; Ambiguous References,107,0.686
a294ea5c4a1aff915205c56051f09a78,4,Vague / Missing Context; Format Ambiguity,28,0.575
a294ea5c4a1aff915205c56051f09a78,5,Format Ambiguity,349,0.714
a294ea5c4a1aff915205c56051f09a78,6,No Smell,284,0.540
c32afc0fe230e4e863059c8c149772ee,1,Ambiguous References; Overloaded Prompt; Unnecessary Repetition,3049,1.463
c32afc0fe230e4e863059c8c149772ee,2,Vague / Missing Context; Format Ambiguity,342,0.646
c32afc0fe230e4e863059c8c149772ee,3,Vague / Missing Context; Ambiguous References,63,0.730
c32afc0fe230e4e863059c8c149772ee,4,Conflicting Constraints; Ambiguous References,98,0.719
a3c5bf9e61f5ab8dae2285578e56cee1,1,Format Ambiguity,100,0.507
2f7957f78aa231066b7b3da04040db4c,1,Vague / Missing Context; Format Ambiguity,45,0.766
2f7957f78aa231066b7b3da04040db4c,2,No Smell,9,0.425
2f7957f78aa231066b7b3da04040db4c,3,Vague / Missing Context,39,0.423
f088cd830adeaac4c69bad53e60479a4,1,Ambiguous References; Unnecessary Repetition,2288,1.110
551676f73f4688c9e60aa9a3f8351626,1,Vague / Missing Context,48,0.554
9438bd8d28e72bd25a8206bb8d1fc6eb,1,Vague / Missing Context; Ambiguous References,67,0.631
9438bd8d28e72bd25a8206bb8d1fc6eb,2,Vague / Missing Context; Ambiguous References,71,0.640
9438bd8d28e72bd25a8206bb8d1fc6eb,3,Vague / Missing Context,22,0.612
88aa929992d44fcdfc7baa03450f2334,1,Vague / Missing Context; Ambiguous References,64,0.664
622b33b138c5e0c9ddce07f531e7786d,1,Ambiguous References; Unnecessary Repetition,506,0.662
888f7c70517c86a3745454445a6c20a1,1,Vague / Missing Context; Format Ambiguity,617,0.642
888f7c70517c86a3745454445a6c20a1,2,No Smell,51,0.524
374bdfb5c0ab37ad491a25861d5b631f,1,Ambiguous References; Unnecessary Repetition,506,0.665
c8bede48a0633644981c70b1cf731f95,1,Ambiguous References; Vague / Missing Context,101,0.641
c8bede48a0633644981c70b1cf731f95,2,Vague / Missing Context,105,0.705
c8bede48a0633644981c70b1cf731f95,3,Format Ambiguity,156,0.504
c8bede48a0633644981c70b1cf731f95,4,Vague / Missing Context,117,0.498
3e9027de77076efb3f51e11e1aca566e,1,Format Ambiguity,266,0.584
3e9027de77076efb3f51e11e1aca566e,2,Vague / Missing Context,658,0.756
3e9027de77076efb3f51e11e1aca566e,3,Format Ambiguity,752,0.727
3e9027de77076efb3f51e11e1aca566e,4,Format Ambiguity,827,0.840
3e9027de77076efb3f51e11e1aca566e,5,No Smell,161,0.468
6cdb5a45423f2b22c53ef8dfa313313f,1,Ambiguous References; Vague / Missing Context,101,0.640
6cdb5a45423f2b22c53ef8dfa313313f,2,Vague / Missing Context,105,0.705
6cdb5a45423f2b22c53ef8dfa313313f,3,Format Ambiguity,156,0.503
6cdb5a45423f2b22c53ef8dfa313313f,4,Vague / Missing Context,117,0.500
6cdb5a45423f2b22c53ef8dfa313313f,5,Vague / Missing Context,117,0.463
6cdb5a45423f2b22c53ef8dfa313313f,6,Vague / Missing Context,168,0.509
1febc9d4b6ca3201cb6867014df81114,1,Vague / Missing Context; Ambiguous References,506,0.595
8f5422247f766a1b3b78a7f9f4b58ac0,1,Vague / Missing Context; Ambiguous References,506,0.454
cfd74a0a6a930aadab677e87e5501dac,1,Vague / Missing Context,536,0.559
1e96ae76e05124802f50c21d55713ea8,1,Vague / Missing Context; Ambiguous References,79,0.809
1e96ae76e05124802f50c21d55713ea8,2,Vague / Missing Context,225,0.513
97a7ac52cbdae3a553329db653ce855d,3,Vague / Missing Context,467,0.614
7a3cb18ffc2be58e485cc41fae7d081c,1,Format Ambiguity,827,0.835
7a3cb18ffc2be58e485cc41fae7d081c,2,Format Ambiguity,156,0.523
7a3cb18ffc2be58e485cc41fae7d081c,3,No Smell,167,0.522
58cd9520c7b1663297cf5dd0e184dc5c,1,Vague / Missing Context; Format Ambiguity,51,0.781
49553aa624bdf3054f591ec0fef2aac4,1,Ambiguous References; Unnecessary Repetition,754,0.849
8fa3db939cd79ea9cd30a736d737a036,1,Irrelevant / Excessive Persona,720,0.748
c64c1dd8ef9179f3f31e56844f16e713,1,Vague / Missing Context; Ambiguous References,4000,1.471
06b81d8cfba634eca6eda9ba064fb40f,1,Ambiguous References; Overloaded Prompt; Unnecessary Repetition; Prompt Bloat / Convoluted Prompt,4000,1.577
06b81d8cfba634eca6eda9ba064fb40f,2,Conflicting Constraints; Unnecessary Repetition,572,0.802
7dc346e50ce4e8d69590e66792f77b0f,1,Ambiguous References; Overloaded Prompt,205,0.552
7dc346e50ce4e8d69590e66792f77b0f,3,Format Ambiguity,2065,0.807
7dc346e50ce4e8d69590e66792f77b0f,4,Overloaded Prompt,2424,1.025
7dc346e50ce4e8d69590e66792f77b0f,5,Ambiguous References,2658,1.193
259371a477871706add040ce2ef413e3,1,No Smell,57,0.566
259371a477871706add040ce2ef413e3,2,Vague / Missing Context; Format Ambiguity,97,0.721
259371a477871706add040ce2ef413e3,3,No Smell,12,0.378
46484da6fe4defc8aef91d6ce200d93a,1,Vague / Missing Context,838,0.863
12396be2ab529a0ba4362b59e39393cc,1,Vague / Missing Context,367,0.594
74d22e1a92ec63e5dddb8fc4622d5f8d,1,Ambiguous References; Unnecessary Repetition,986,0.906
2175de857ac6ecb377dfbc50f3b2dfb5,1,Ambiguous References; Overloaded Prompt; Unnecessary Repetition; Prompt Bloat / Convoluted Prompt,4000,1.573
2175de857ac6ecb377dfbc50f3b2dfb5,2,Ambiguous References,731,0.792
b3d787879516a90c812aa019ba52e613,1,Vague / Missing Context; Format Ambiguity,4000,1.441
745085a8b8efe9ca8abb83d940844fc3,4,Irrelevant / Excessive Persona; Ambiguous References,48,0.603
aa46f9328fb6c5f3bb762011862dc955,1,Ambiguous References; Unnecessary Repetition,1033,0.909
6e8a5faa0c61a47fce91051658b21b78,1,Unnecessary Repetition; Ambiguous References,2082,0.934
6e8a5faa0c61a47fce91051658b21b78,2,Ambiguous References; Vague / Missing Context,202,0.534
6e8a5faa0c61a47fce91051658b21b78,3,No Smell,55,0.507
6e8a5faa0c61a47fce91051658b21b78,4,Ambiguous References; Vague / Missing Context,426,0.738
6e8a5faa0c61a47fce91051658b21b78,5,Ambiguous References,113,0.424
6e8a5faa0c61a47fce91051658b21b78,6,Vague / Missing Context,56,0.500
12c44250ea29007d2f9f669926e8c41a,2,Vague / Missing Context,24,0.500
12c44250ea29007d2f9f669926e8c41a,5,Vague / Missing Context,20,0.462
12c44250ea29007d2f9f669926e8c41a,7,Vague / Missing Context,33,0.461
12c44250ea29007d2f9f669926e8c41a,8,Ambiguous References; Vague / Missing Context,21,0.831
57457379b1ff09e6e69e4c6deaa9156d,1,Ambiguous References; Unnecessary Repetition,1072,0.938
8dfcfa7b781d4e518f7fb8347997c86e,1,Ambiguous References; Unnecessary Repetition,1100,0.878
1d051bede095b4245427910552b00047,1,Vague / Missing Context,161,0.571
1d051bede095b4245427910552b00047,2,Ambiguous References; Format Ambiguity,196,0.717
1d051bede095b4245427910552b00047,3,Ambiguous References; Overloaded Prompt,30,0.681
1d051bede095b4245427910552b00047,4,Vague / Missing Context,156,0.484
ffde04f27b2e31a90653954b0e90cdab,1,Vague / Missing Context,11,0.368
f70b38a6e01bf265e266ce0298b57183,1,Vague / Missing Context,369,0.592
501ec836b3192e2dd589dcd84df766be,1,Irrelevant / Excessive Persona,2510,1.096
c561cc0dc6074a443088bbc4698ef8db,1,Vague / Missing Context,23,0.512
c561cc0dc6074a443088bbc4698ef8db,2,Ambiguous References; Overloaded Prompt,30,0.502
c561cc0dc6074a443088bbc4698ef8db,3,Vague / Missing Context,28,0.425
c561cc0dc6074a443088bbc4698ef8db,4,Vague / Missing Context,17,0.538
c561cc0dc6074a443088bbc4698ef8db,5,Vague / Missing Context; Format Ambiguity,34,0.560
c561cc0dc6074a443088bbc4698ef8db,6,Vague / Missing Context,40,0.441
c561cc0dc6074a443088bbc4698ef8db,7,Vague / Missing Context,8,0.575
c561cc0dc6074a443088bbc4698ef8db,8,Vague / Missing Context,41,0.641
c561cc0dc6074a443088bbc4698ef8db,9,Vague / Missing Context,34,0.433
c561cc0dc6074a443088bbc4698ef8db,10,Vague / Missing Context; Format Ambiguity,42,0.557
c561cc0dc6074a443088bbc4698ef8db,11,Vague / Missing Context,35,0.519
825d105282319ec4ed78595691d3be3c,1,Ambiguous References; Unnecessary Repetition,51,0.796
753dd244765f23abc8e512fa03e6a61d,7,Vague / Missing Context,43,0.535
d72247a23990e5cd6aaac107ccf995db,1,Vague / Missing Context; Format Ambiguity,43,0.705
484d3266f39e28c0660450c686c537e3,1,Vague / Missing Context,369,0.592
db2f05635044fecb90b1898d76a10fa6,1,No Smell,178,0.543
db2f05635044fecb90b1898d76a10fa6,2,Vague / Missing Context; Format Ambiguity,163,0.969
db2f05635044fecb90b1898d76a10fa6,3,Vague / Missing Context; Ambiguous References,121,0.657
db2f05635044fecb90b1898d76a10fa6,4,Vague / Missing Context,344,0.637
453346fdd0ccb03b8318e4977473af25,1,Vague / Missing Context,162,0.572
453346fdd0ccb03b8318e4977473af25,2,Vague / Missing Context; Format Ambiguity,10,0.800
453346fdd0ccb03b8318e4977473af25,3,Vague / Missing Context,261,0.440
fef5b5b8f56db62e199c71d4350d960a,1,Vague / Missing Context,201,0.498
fef5b5b8f56db62e199c71d4350d960a,2,Unnecessary Repetition,181,0.511
fef5b5b8f56db62e199c71d4350d960a,3,Vague / Missing Context,202,0.402
fef5b5b8f56db62e199c71d4350d960a,4,Vague / Missing Context; Format Ambiguity,237,0.584
fef5b5b8f56db62e199c71d4350d960a,5,Vague / Missing Context; Ambiguous References,133,0.729
fef5b5b8f56db62e199c71d4350d960a,6,Vague / Missing Context; Ambiguous References,134,0.656
fef5b5b8f56db62e199c71d4350d960a,7,Vague / Missing Context; Ambiguous References,116,0.617
fef5b5b8f56db62e199c71d4350d960a,8,Vague / Missing Context,151,0.447
fef5b5b8f56db62e199c71d4350d960a,9,Conflicting Constraints,200,0.431
fef5b5b8f56db62e199c71d4350d960a,10,Vague / Missing Context,214,0.470
fef5b5b8f56db62e199c71d4350d960a,11,Conflicting Constraints,217,0.566
fef5b5b8f56db62e199c71d4350d960a,12,Vague / Missing Context,184,0.562
fef5b5b8f56db62e199c71d4350d960a,13,Vague / Missing Context,104,0.470
fef5b5b8f56db62e199c71d4350d960a,14,Vague / Missing Context,29,0.604
fef5b5b8f56db62e199c71d4350d960a,15,Vague / Missing Context,74,0.480
fef5b5b8f56db62e199c71d4350d960a,16,Vague / Missing Context,125,0.593
fef5b5b8f56db62e199c71d4350d960a,17,Ambiguous References; Overloaded Prompt,138,0.547
fef5b5b8f56db62e199c71d4350d960a,18,Formality / Audience Mismatch,97,0.580
d118f8697b743c5dea8b15802c3b3224,1,Vague / Missing Context,223,0.603
0e88267cc6b81e183fff26da28467c74,1,Vague / Missing Context; Ambiguous References,1154,0.821
0e88267cc6b81e183fff26da28467c74,2,Vague / Missing Context,866,0.776
f65088ce1df7aa08ede28cd5bcaa80b8,1,Vague / Missing Context,373,0.521
8944a06921a76500e630a0f0cff7eb78,1,Vague / Missing Context,81,0.457
a28fdf33ddfc9acefe689dd3b3912d26,1,Ambiguous References; Unnecessary Repetition,454,0.753
ca9a887572726446b7086c231835f3ce,1,Format Ambiguity; Overloaded Prompt,855,1.063
6c9de37b1cd75040f367362ac29709f8,1,Vague / Missing Context,369,0.595
4ad5b0c19e07f4dee4ba397f3e81c723,1,Vague / Missing Context; Format Ambiguity,875,0.753
c267998625b20a5ea3a2ec77fe0c729e,2,Vague / Missing Context,58,0.641
c267998625b20a5ea3a2ec77fe0c729e,3,Format Ambiguity,504,0.747
c267998625b20a5ea3a2ec77fe0c729e,4,Vague / Missing Context,156,0.495
c267998625b20a5ea3a2ec77fe0c729e,5,Vague / Missing Context; Unnecessary Repetition; Format Ambiguity,283,1.053
c267998625b20a5ea3a2ec77fe0c729e,6,Vague / Missing Context,478,0.684
c267998625b20a5ea3a2ec77fe0c729e,8,Vague / Missing Context; Conflicting Constraints,346,0.672
c267998625b20a5ea3a2ec77fe0c729e,9,Vague / Missing Context; Format Ambiguity,273,0.617
c267998625b20a5ea3a2ec77fe0c729e,10,Bias / Loaded Framing; Unnecessary Repetition,64,0.741
c267998625b20a5ea3a2ec77fe0c729e,11,Vague / Missing Context; Format Ambiguity,317,0.620
c267998625b20a5ea3a2ec77fe0c729e,12,Vague / Missing Context,112,0.478
a7b87f2511d13554156336390932578b,1,Vague / Missing Context; Format Ambiguity,894,0.721
1aa245de869fa8f56a8a4406acf11782,1,Vague / Missing Context; Format Ambiguity,169,0.735
1aa245de869fa8f56a8a4406acf11782,2,Vague / Missing Context; Format Ambiguity,130,0.696
1aa245de869fa8f56a8a4406acf11782,3,Vague / Missing Context,496,0.522
1aa245de869fa8f56a8a4406acf11782,4,Vague / Missing Context,213,0.459
1aa245de869fa8f56a8a4406acf11782,5,Vague / Missing Context,201,0.671
1aa245de869fa8f56a8a4406acf11782,6,No Smell,254,0.552
7f90605f295e14c28ddadb551cfb79e5,1,Ambiguous References,515,0.760
5aa6660c33ab41565dab1e6654a9bd50,1,Format Ambiguity,790,0.697
5aa6660c33ab41565dab1e6654a9bd50,2,Vague / Missing Context; Format Ambiguity,795,0.758
1872cdcb14f75579908caba0ebaeecec,1,Ambiguous References,515,0.761
2da6942b704a88a34c2c4a3d67b4779f,1,Ambiguous References,511,0.761
1492a2256de00838ed7a94597bda17bb,1,Irrelevant / Excessive Persona,563,0.783
01a200bc346ff843b56c5db195fb13e1,1,Ambiguous References; Conflicting Constraints,597,0.603
192bed87f37c4e6189c4efc495a5c333,1,Irrelevant / Excessive Persona,613,0.891
791a7209413e075ee30d8216ab449dba,1,Irrelevant / Excessive Persona; Bias / Loaded Framing,4000,1.517
791a7209413e075ee30d8216ab449dba,2,Conflicting Constraints; Unnecessary Repetition,813,0.737
791a7209413e075ee30d8216ab449dba,3,Vague / Missing Context,163,0.569
731aab677c4bc0990762945f79271867,1,Vague / Missing Context,665,0.686
3351e6564b14e40c488448ee011b71cd,1,Vague / Missing Context,27,0.632
3351e6564b14e40c488448ee011b71cd,2,Vague / Missing Context; Format Ambiguity,48,0.742
c6262b6536402e2bd31b0efccc18436d,1,Ambiguous References; Unnecessary Repetition,697,0.716
1d8f36a5e7044c7520069e98ce8fcdd1,2,Vague / Missing Context; Format Ambiguity,6,0.736
33796f66201da3ccad43df82ac8d1f40,1,Format Ambiguity,191,0.555
33796f66201da3ccad43df82ac8d1f40,2,Format Ambiguity; Unnecessary Repetition,118,0.752
1a047c938b4151f1d568fedc1a37c523,1,Ambiguous References; Vague / Missing Context,1203,0.924
63b2f337340916c45bac88d7f303ef12,1,Vague / Missing Context; Ambiguous References; Format Ambiguity,2267,1.284
34a9e24b9bae6dffcc4ed3e7080fb54d,1,Vague / Missing Context,12,0.444
34a9e24b9bae6dffcc4ed3e7080fb54d,3,Vague / Missing Context; Format Ambiguity,36,0.785
34a9e24b9bae6dffcc4ed3e7080fb54d,4,Vague / Missing Context; Ambiguous References,67,0.799
eb25414794b6db79e128f4c90df189ec,1,Vague / Missing Context; Format Ambiguity,69,0.666
007faedd5ed342b8df55ff12eaa56585,1,Ambiguous References; Format Ambiguity,1091,0.773
206b8207860cb3eb40faeea850b4b011,1,Irrelevant / Excessive Persona; Bias / Loaded Framing,4000,1.516
206b8207860cb3eb40faeea850b4b011,2,Ambiguous References; Conflicting Constraints,783,0.965
206b8207860cb3eb40faeea850b4b011,3,Vague / Missing Context; Format Ambiguity,203,0.649
e9071667cf61cc3e5cdabbfae46c23f3,1,Vague / Missing Context; Ambiguous References,76,0.694
eab2731631b45b0e4f51b02efd249386,1,No Smell,13,0.564
91fa61c60d1c0d1a2fb3f98d7df25ddb,1,Conflicting Constraints,200,0.522
1ae015dde23e52372e5fe798d6033e00,1,Vague / Missing Context; Ambiguous References; Format Ambiguity,2267,1.284
7bbbf68ec52f694758cd1a688998895b,3,Format Ambiguity,164,0.538
7bbbf68ec52f694758cd1a688998895b,5,Vague / Missing Context; Ambiguous References,27,0.729
7bbbf68ec52f694758cd1a688998895b,6,Ambiguous References; Overloaded Prompt,655,0.924
7bbbf68ec52f694758cd1a688998895b,8,Ambiguous References; Unnecessary Repetition,71,0.845
e24333cb5218725d5c49723209b6a806,1,Format Ambiguity,79,0.774
697349207f9f66368b29852302e1bd62,1,Vague / Missing Context; Format Ambiguity,47,0.752
16b86603fbcf7c57d051b880845f4b24,6,Vague / Missing Context; Format Ambiguity,9,0.754
ed0b8ef829f3e0e31b22a4c7af4444be,1,Format Ambiguity,191,0.555
ed0b8ef829f3e0e31b22a4c7af4444be,2,Format Ambiguity,105,0.592
ed0b8ef829f3e0e31b22a4c7af4444be,3,Format Ambiguity,85,0.527
ed0b8ef829f3e0e31b22a4c7af4444be,4,Ambiguous References; Format Ambiguity,61,0.701
7976acc8898e6571a13029d2ac50fe91,1,Vague / Missing Context; Ambiguous References,425,0.901
7976acc8898e6571a13029d2ac50fe91,2,Vague / Missing Context; Ambiguous References,51,0.676
7976acc8898e6571a13029d2ac50fe91,3,Vague / Missing Context; Ambiguous References,22,0.882
7976acc8898e6571a13029d2ac50fe91,4,Ambiguous References; Vague / Missing Context,24,0.766
7530eb591db79dfd4bdba7d862913c6f,1,Unnecessary Repetition; Ambiguous References; Overloaded Prompt,4000,1.460
7530eb591db79dfd4bdba7d862913c6f,2,No Smell,718,0.752
7530eb591db79dfd4bdba7d862913c6f,3,Vague / Missing Context,342,0.594
dd03403720a9946232a7bd42a3e6a9d5,1,Vague / Missing Context,8,0.527
04eea3615285124e24a9f370da3fef85,1,Vague / Missing Context,46,0.592
268882f1d749e67266f14e8de0874ec7,1,Vague / Missing Context,48,0.659
ba3ed4e1a16f2ae1e656310ac925207a,1,Vague / Missing Context; Format Ambiguity,76,0.763
61c1679a2425b86f12314d107b823a7b,2,Ambiguous References; Vague / Missing Context,25,0.708
3eec63895c796d96dba731328a4ff921,1,Vague / Missing Context; Ambiguous References,114,0.788
c759c3a2305fd1fa753eaebab9411534,1,Vague / Missing Context; Format Ambiguity,41,0.722
c759c3a2305fd1fa753eaebab9411534,2,Vague / Missing Context; Format Ambiguity,33,0.725
41ebe08cb2d63271cb2eef7fd4405f15,1,Unnecessary Repetition; Ambiguous References; Overloaded Prompt,4000,1.460
41ebe08cb2d63271cb2eef7fd4405f15,2,Conflicting Constraints; Overloaded Prompt,831,0.919
41ebe08cb2d63271cb2eef7fd4405f15,3,Conflicting Constraints; Ambiguous References,414,0.721
e036d28e6cd2aecd958a5ed36067be3b,1,Vague / Missing Context,4000,1.221
e036d28e6cd2aecd958a5ed36067be3b,2,Vague / Missing Context,146,0.484
e036d28e6cd2aecd958a5ed36067be3b,3,Vague / Missing Context; Format Ambiguity,134,0.594
e036d28e6cd2aecd958a5ed36067be3b,4,Vague / Missing Context; Format Ambiguity,331,0.895
e036d28e6cd2aecd958a5ed36067be3b,5,Format Ambiguity,305,0.686
e036d28e6cd2aecd958a5ed36067be3b,6,Vague / Missing Context,231,0.656
7c52a18df06971c6cd903f787e235733,1,Vague / Missing Context,47,0.633
a6e0df144227e83400d0ad9e6856d6d2,1,Ambiguous References; Overloaded Prompt,190,0.570
a6e0df144227e83400d0ad9e6856d6d2,2,Ambiguous References; Overloaded Prompt,218,0.583
2ad1cd52ac0f31cace3028489ed4d526,1,Overloaded Prompt; Unnecessary Repetition,4000,1.332
2ad1cd52ac0f31cace3028489ed4d526,2,Conflicting Constraints; Overloaded Prompt,831,0.920
2ad1cd52ac0f31cace3028489ed4d526,3,Conflicting Constraints; Ambiguous References,414,0.720
81c0a89dc00cb557993de5b4473774da,1,Vague / Missing Context; Ambiguous References,114,0.704
81c0a89dc00cb557993de5b4473774da,2,Vague / Missing Context; Format Ambiguity,43,0.527
81c0a89dc00cb557993de5b4473774da,3,Ambiguous References; Format Ambiguity,105,0.713
81c0a89dc00cb557993de5b4473774da,4,Ambiguous References; Unnecessary Repetition,37,0.810
81c0a89dc00cb557993de5b4473774da,5,Ambiguous References; Unnecessary Repetition,44,0.830
81c0a89dc00cb557993de5b4473774da,6,Vague / Missing Context; Format Ambiguity,24,0.725
81c0a89dc00cb557993de5b4473774da,7,Ambiguous References; Unnecessary Repetition,21,0.616
81c0a89dc00cb557993de5b4473774da,8,Vague / Missing Context,21,0.452
81c0a89dc00cb557993de5b4473774da,9,Vague / Missing Context; Format Ambiguity,54,0.705
81c0a89dc00cb557993de5b4473774da,10,Prompt Bloat / Convoluted Prompt,149,0.492
81c0a89dc00cb557993de5b4473774da,11,Format Ambiguity,76,0.513
e6da6c7e116567ba65bb8d352527f300,1,Ambiguous References; Unnecessary Repetition,54,0.768
e6da6c7e116567ba65bb8d352527f300,2,Vague / Missing Context; Ambiguous References,28,0.591
e6da6c7e116567ba65bb8d352527f300,3,Vague / Missing Context,70,0.541
e6da6c7e116567ba65bb8d352527f300,4,Format Ambiguity,59,0.580
e6da6c7e116567ba65bb8d352527f300,5,Ambiguous References; Format Ambiguity,91,0.774
72b8d798d6fc169a1d61eeebb71378bd,1,Vague / Missing Context; Ambiguous References,117,0.759
72b8d798d6fc169a1d61eeebb71378bd,2,Vague / Missing Context,24,0.434
50874815c196147db493493745f63bfd,1,Vague / Missing Context,54,0.597
50874815c196147db493493745f63bfd,2,Ambiguous References; Vague / Missing Context,101,0.674
1909051ef3d63d92d3be551e03ac9db2,3,Vague / Missing Context; Format Ambiguity,37,0.606
1909051ef3d63d92d3be551e03ac9db2,4,Ambiguous References; Format Ambiguity,413,0.716
1909051ef3d63d92d3be551e03ac9db2,5,Vague / Missing Context,240,0.649
1909051ef3d63d92d3be551e03ac9db2,6,Vague / Missing Context,232,0.559
29898dbe40eea074c5e2d4adeff4964c,1,Overloaded Prompt; Unnecessary Repetition,4000,1.335
29898dbe40eea074c5e2d4adeff4964c,2,Conflicting Constraints; Unnecessary Repetition,956,0.876
8a1cf3a11808da4856defc295372002c,1,Format Ambiguity,179,0.533
8a1cf3a11808da4856defc295372002c,2,Format Ambiguity; Unnecessary Repetition,26,0.736
0ef9ca531f05135c065742fbb5974e0a,3,Format Ambiguity,397,0.514
a51bf57d38d37546d268cc78b1c324a5,2,Vague / Missing Context; Format Ambiguity,226,0.576
a51bf57d38d37546d268cc78b1c324a5,3,Ambiguous References; Prompt Bloat / Convoluted Prompt,23,0.746
a51bf57d38d37546d268cc78b1c324a5,4,Format Ambiguity; Overloaded Prompt,16,0.830
a51bf57d38d37546d268cc78b1c324a5,5,Unnecessary Repetition; Ambiguous References,20,0.710
a51bf57d38d37546d268cc78b1c324a5,6,Vague / Missing Context; Format Ambiguity,19,0.593
a51bf57d38d37546d268cc78b1c324a5,7,No Smell,7,0.416
a51bf57d38d37546d268cc78b1c324a5,8,Ambiguous References; Format Ambiguity,9,0.829
a51bf57d38d37546d268cc78b1c324a5,9,Vague / Missing Context; Format Ambiguity,15,0.622
a51bf57d38d37546d268cc78b1c324a5,10,Vague / Missing Context; Ambiguous References,88,0.658
4fabb2708205dab9cca1528ffcb28cf3,1,Vague / Missing Context,2049,0.944
553a75c9a93925679db99dc5d3051cc5,1,Vague / Missing Context,566,0.760
c14eb9f901aa89890331e8202ef0c4a1,1,Vague / Missing Context,557,0.796
5b0178b3ee00832177ed0fb06851c8ee,1,Conflicting Constraints; Unnecessary Repetition,4000,1.352
5b0178b3ee00832177ed0fb06851c8ee,2,Conflicting Constraints; Unnecessary Repetition,902,0.768
5b0178b3ee00832177ed0fb06851c8ee,3,Conflicting Constraints; Unnecessary Repetition,427,0.636
95652ea60c06cc41698d443abf216189,1,Format Ambiguity,571,0.891
95652ea60c06cc41698d443abf216189,2,Format Ambiguity; Overloaded Prompt,1338,0.949
95652ea60c06cc41698d443abf216189,3,Ambiguous References; Format Ambiguity,146,0.627
95652ea60c06cc41698d443abf216189,4,Vague / Missing Context; Format Ambiguity,1760,0.980
95652ea60c06cc41698d443abf216189,5,Vague / Missing Context,411,0.533
95652ea60c06cc41698d443abf216189,6,No Smell,1735,0.744
a546350348cd3e96189a540a327be94c,1,Vague / Missing Context,211,0.672
722f1ca80f8daa005b8fc2526fb0df57,1,Ambiguous References; Vague / Missing Context,104,0.760
722f1ca80f8daa005b8fc2526fb0df57,2,Vague / Missing Context; Overloaded Prompt,1206,0.735
722f1ca80f8daa005b8fc2526fb0df57,3,Unnecessary Repetition; Irrelevant / Excessive Persona,1393,0.738
722f1ca80f8daa005b8fc2526fb0df57,4,Vague / Missing Context; Format Ambiguity,1093,0.866
722f1ca80f8daa005b8fc2526fb0df57,5,Vague / Missing Context,1919,0.847
722f1ca80f8daa005b8fc2526fb0df57,6,Unnecessary Repetition,140,0.450
722f1ca80f8daa005b8fc2526fb0df57,7,Unnecessary Repetition,1246,0.671
722f1ca80f8daa005b8fc2526fb0df57,8,Ambiguous References; Vague / Missing Context,590,0.770
722f1ca80f8daa005b8fc2526fb0df57,9,Format Ambiguity,645,0.560
722f1ca80f8daa005b8fc2526fb0df57,10,Vague / Missing Context,403,0.571
722f1ca80f8daa005b8fc2526fb0df57,11,Ambiguous References; Overloaded Prompt; Unnecessary Repetition,1010,0.864
b14410647c14e4710af5e23e3fd64885,1,Vague / Missing Context,44,0.534
ef2c036fae50d0f00d76d8615d10950b,1,Vague / Missing Context,66,0.574
ef2c036fae50d0f00d76d8615d10950b,2,Vague / Missing Context; Ambiguous References,39,0.590
ef2c036fae50d0f00d76d8615d10950b,3,Vague / Missing Context,39,0.605
1e7e3f405c5cd6deb7b575ddcce9a646,1,Ambiguous References; Format Ambiguity,3461,1.708
1e7e3f405c5cd6deb7b575ddcce9a646,2,Overloaded Prompt; Unnecessary Repetition,2199,2.578
1e7e3f405c5cd6deb7b575ddcce9a646,3,Ambiguous References; Format Ambiguity,3039,1.508
f66180bc2a14f244f012196cfcb14fcf,1,Format Ambiguity,375,1.840
4c7d5d510d66c5ee187e5cc576889be6,1,Vague / Missing Context; Ambiguous References,115,0.647
4c7d5d510d66c5ee187e5cc576889be6,2,Vague / Missing Context; Format Ambiguity,169,0.694
4c7d5d510d66c5ee187e5cc576889be6,3,Vague / Missing Context; Format Ambiguity,349,0.593
4c7d5d510d66c5ee187e5cc576889be6,4,Vague / Missing Context,155,0.488
4c7d5d510d66c5ee187e5cc576889be6,5,No Smell,236,0.592
9bec695c5f401031ef71731328170799,1,Ambiguous References; Overloaded Prompt; Bias / Loaded Framing,4000,1.582
9bec695c5f401031ef71731328170799,2,Ambiguous References; Overloaded Prompt,736,0.829
9bec695c5f401031ef71731328170799,3,Vague / Missing Context; Format Ambiguity,196,0.651
eb3c8fb3f55cc910b4f0545ae1d52ac1,1,Vague / Missing Context,42,0.490
d7b647f38efb83bb1a53f235423539ed,2,Vague / Missing Context; Ambiguous References,28,0.668
d7b647f38efb83bb1a53f235423539ed,3,Vague / Missing Context,25,0.406
186f02901f43745794fd8428b1f2f629,1,Vague / Missing Context; Ambiguous References,101,0.630
186f02901f43745794fd8428b1f2f629,2,Ambiguous References; Vague / Missing Context,78,0.828
186f02901f43745794fd8428b1f2f629,3,Vague / Missing Context; Ambiguous References,60,0.733
186f02901f43745794fd8428b1f2f629,4,Vague / Missing Context,113,0.449
186f02901f43745794fd8428b1f2f629,5,Vague / Missing Context,94,0.476
186f02901f43745794fd8428b1f2f629,6,Vague / Missing Context; Format Ambiguity,167,0.524
186f02901f43745794fd8428b1f2f629,7,Vague / Missing Context; Format Ambiguity,116,0.546
6303ae55bcf2bdea92c27ebf8ba18c38,1,Vague / Missing Context,78,0.613
3a954b386bbacfd4b60ba244a5d549f9,1,Vague / Missing Context; Unnecessary Repetition,209,0.611
3a954b386bbacfd4b60ba244a5d549f9,2,Vague / Missing Context; Format Ambiguity,71,0.631
3a954b386bbacfd4b60ba244a5d549f9,3,Vague / Missing Context; Ambiguous References,112,0.665
3a954b386bbacfd4b60ba244a5d549f9,4,Vague / Missing Context; Format Ambiguity,49,0.676
07a97475c35edd0b9053db928fd79b76,1,Vague / Missing Context; Format Ambiguity,346,0.554
363f8ce0e86f77092078368f8be6cf64,1,Format Ambiguity,41,0.658
f801db3e492cc93bff743df87a82ecb0,1,Vague / Missing Context; Format Ambiguity,361,0.574
fcf8a7347a8deeefa84416f33bac05cc,1,Vague / Missing Context,289,0.475
fcf8a7347a8deeefa84416f33bac05cc,2,Vague / Missing Context,26,0.574
a34d995d3a0c42c0d3f167bbaf39bf85,1,Format Ambiguity; Ambiguous References,404,0.558
4664526cf81ccd02293f7b7f26bacadd,1,Format Ambiguity; Ambiguous References,404,0.460
2e108a974fca0d7f86db1ca311c55749,1,Conflicting Constraints,4000,1.530
2e108a974fca0d7f86db1ca311c55749,2,Ambiguous References; Unnecessary Repetition,840,0.881
2e108a974fca0d7f86db1ca311c55749,3,Vague / Missing Context; Format Ambiguity,200,0.651
2e108a974fca0d7f86db1ca311c55749,4,Vague / Missing Context; Ambiguous References,78,0.807
1e9fb9c9c7f867bc668037a51cc76fed,1,Vague / Missing Context; Format Ambiguity,32,0.632
1e9fb9c9c7f867bc668037a51cc76fed,2,Format Ambiguity; Overloaded Prompt,72,0.703
c4275c848f806e56861b98e4cd05bc94,1,Format Ambiguity; Ambiguous References,404,0.556
635f90c4d2e88dceb1b898f969f4194b,1,Vague / Missing Context,122,0.497
635f90c4d2e88dceb1b898f969f4194b,2,Irrelevant / Excessive Persona,730,0.643
635f90c4d2e88dceb1b898f969f4194b,3,Vague / Missing Context; Ambiguous References,41,0.724
635f90c4d2e88dceb1b898f969f4194b,4,Vague / Missing Context,24,0.616
78282df8b4806e8bacc2c1cdd38cc49f,1,Vague / Missing Context; Ambiguous References,67,0.760
d18b3a71a0254c80c5389141f6ecbea2,2,Ambiguous References; Overloaded Prompt,391,0.582
d18b3a71a0254c80c5389141f6ecbea2,3,Ambiguous References; Unnecessary Repetition,472,0.803
6ca4c4b06567ddbad5bccc26e48835de,1,Vague / Missing Context; Format Ambiguity,43,0.717
6ca4c4b06567ddbad5bccc26e48835de,2,Vague / Missing Context; Format Ambiguity,68,0.631
011d4d84cd5da3f2133c253999905cf3,1,Vague / Missing Context; Format Ambiguity,751,0.870
011d4d84cd5da3f2133c253999905cf3,2,Vague / Missing Context; Ambiguous References,780,0.715
011d4d84cd5da3f2133c253999905cf3,3,Vague / Missing Context; Overloaded Prompt,429,0.868
011d4d84cd5da3f2133c253999905cf3,4,Vague / Missing Context; Unnecessary Repetition,192,0.798
011d4d84cd5da3f2133c253999905cf3,5,Format Ambiguity; Overloaded Prompt,93,0.470
011d4d84cd5da3f2133c253999905cf3,6,Vague / Missing Context; Format Ambiguity,110,0.625
011d4d84cd5da3f2133c253999905cf3,7,Ambiguous References; Overloaded Prompt,215,0.621
011d4d84cd5da3f2133c253999905cf3,8,Vague / Missing Context; Format Ambiguity,397,0.847
011d4d84cd5da3f2133c253999905cf3,9,Vague / Missing Context; Format Ambiguity,246,0.716
c77ac4ce9c71fef0d239f97a4b25b757,1,Vague / Missing Context; Ambiguous References,54,0.743
c77ac4ce9c71fef0d239f97a4b25b757,2,Vague / Missing Context,32,0.417
c77ac4ce9c71fef0d239f97a4b25b757,3,Ambiguous References; Vague / Missing Context,45,0.590
d2f62d510007bc92154f152c1f0be678,1,No Smell,236,0.590
d2f62d510007bc92154f152c1f0be678,2,No Smell,627,0.621
d2f62d510007bc92154f152c1f0be678,3,Vague / Missing Context; Ambiguous References,173,0.849
d2f62d510007bc92154f152c1f0be678,4,Vague / Missing Context,210,0.468
d2f62d510007bc92154f152c1f0be678,5,Vague / Missing Context,120,0.535
d2f62d510007bc92154f152c1f0be678,6,Vague / Missing Context; Format Ambiguity,350,0.667
d2f62d510007bc92154f152c1f0be678,7,Vague / Missing Context,254,0.556
d2f62d510007bc92154f152c1f0be678,8,Vague / Missing Context; Format Ambiguity,122,0.753
14197bbef18690e8ff91863d1aedd9f6,1,Ambiguous References; Overloaded Prompt,507,1.016
ce00ba9a703087714c8183707c466d47,1,Vague / Missing Context; Ambiguous References,78,0.779
ce00ba9a703087714c8183707c466d47,2,Ambiguous References; Unnecessary Repetition,75,0.801
ce00ba9a703087714c8183707c466d47,3,Vague / Missing Context; Ambiguous References,102,0.911
ce00ba9a703087714c8183707c466d47,4,Format Ambiguity; Vague / Missing Context,63,0.735
ce00ba9a703087714c8183707c466d47,5,Ambiguous References; Vague / Missing Context,8,0.791
ce00ba9a703087714c8183707c466d47,6,Vague / Missing Context,61,0.638
9204e34e9f6caced40c3eb182a0a98a1,1,Bias / Loaded Framing; Unnecessary Repetition,1838,1.006
f0aba989afa9d17b5cb99a5bb0932695,1,Vague / Missing Context; Unnecessary Repetition,863,0.718
f0aba989afa9d17b5cb99a5bb0932695,3,Ambiguous References; Format Ambiguity,134,0.606
0e2e8faca90b65a3bf776f125f5dada5,1,Ambiguous References; Unnecessary Repetition,472,0.802
0e2e8faca90b65a3bf776f125f5dada5,2,Vague / Missing Context; Ambiguous References,114,0.998
0e2e8faca90b65a3bf776f125f5dada5,3,Vague / Missing Context; Format Ambiguity,55,0.704
0e2e8faca90b65a3bf776f125f5dada5,4,Vague / Missing Context,185,0.460
0e2e8faca90b65a3bf776f125f5dada5,5,Ambiguous References; Vague / Missing Context,92,0.760
0e2e8faca90b65a3bf776f125f5dada5,6,Vague / Missing Context,180,0.493
0e2e8faca90b65a3bf776f125f5dada5,7,Vague / Missing Context,80,0.655
0e2e8faca90b65a3bf776f125f5dada5,8,Vague / Missing Context,224,0.647
12bf56e52d17281f15162ad15f8d204a,1,Ambiguous References; Vague / Missing Context,978,0.920
8d9c824ff3d1de6bd4b25650a8866c7e,1,Vague / Missing Context; Conflicting Constraints,395,0.823
8d9c824ff3d1de6bd4b25650a8866c7e,2,Vague / Missing Context; Format Ambiguity,28,0.652
8d9c824ff3d1de6bd4b25650a8866c7e,3,Vague / Missing Context,315,0.666
8d9c824ff3d1de6bd4b25650a8866c7e,4,Vague / Missing Context; Format Ambiguity; Overloaded Prompt; Prompt Bloat / Convoluted Prompt,1563,2.433
8d9c824ff3d1de6bd4b25650a8866c7e,5,Vague / Missing Context,131,0.651
8d9c824ff3d1de6bd4b25650a8866c7e,6,Vague / Missing Context; Overloaded Prompt,1883,1.027
8d9c824ff3d1de6bd4b25650a8866c7e,7,Unnecessary Repetition; Ambiguous References,58,0.717
8d9c824ff3d1de6bd4b25650a8866c7e,8,Formality / Audience Mismatch,273,0.685
38f5891ca5bc191f19ae6aed4b206c96,1,Vague / Missing Context,54,0.470
38f5891ca5bc191f19ae6aed4b206c96,2,Vague / Missing Context,37,0.492
afce0019c28d2adefeee3e0a874bb6e8,1,Ambiguous References; Unnecessary Repetition,4000,1.454
afce0019c28d2adefeee3e0a874bb6e8,2,Vague / Missing Context; Overloaded Prompt,290,0.762
afce0019c28d2adefeee3e0a874bb6e8,3,Ambiguous References; Format Ambiguity,317,0.553
afce0019c28d2adefeee3e0a874bb6e8,4,Format Ambiguity,341,0.652
afce0019c28d2adefeee3e0a874bb6e8,5,No Smell,272,0.691
afce0019c28d2adefeee3e0a874bb6e8,6,Ambiguous References; Format Ambiguity,164,0.687
afce0019c28d2adefeee3e0a874bb6e8,7,Vague / Missing Context; Ambiguous References,106,0.796
afce0019c28d2adefeee3e0a874bb6e8,8,Vague / Missing Context,199,0.635
afce0019c28d2adefeee3e0a874bb6e8,9,Vague / Missing Context; Ambiguous References,201,0.629
3c8e53fce3dbbff4564fae9784d42789,1,Vague / Missing Context,159,0.616
3c8e53fce3dbbff4564fae9784d42789,2,Format Ambiguity,79,0.571
985c7f3589a65cc7529499d77a84e4fa,1,Vague / Missing Context; Format Ambiguity,29,0.763
2afb6dfda4111752350251b39b3bab7f,1,Ambiguous References,1237,0.726
80db260e5cdf6d3953f3e3a8d087fe3a,1,Vague / Missing Context; Format Ambiguity,46,0.662
80db260e5cdf6d3953f3e3a8d087fe3a,2,Vague / Missing Context; Format Ambiguity,32,0.671
80db260e5cdf6d3953f3e3a8d087fe3a,3,Vague / Missing Context,135,0.531
80db260e5cdf6d3953f3e3a8d087fe3a,4,Vague / Missing Context; Format Ambiguity,13,0.772
80db260e5cdf6d3953f3e3a8d087fe3a,5,Vague / Missing Context; Ambiguous References,99,0.610
80db260e5cdf6d3953f3e3a8d087fe3a,6,Vague / Missing Context; Format Ambiguity,13,0.770
b5c0e3ff0df1789534c94ada7809b9e1,1,Ambiguous References; Format Ambiguity,135,0.711
b5c0e3ff0df1789534c94ada7809b9e1,2,Vague / Missing Context; Ambiguous References,94,0.619
919db39a75a2a6294f92f88e78c2beea,1,Vague / Missing Context; Ambiguous References,54,0.628
