2026-10-03 03:24:47 supervisor: started run_model_passes.py (pid 13866)
2026-10-03 03:24:47 selecting 6000 English user messages from train-00003-of-00006.parquet
2026-10-03 03:24:47 granite (granite4:350m): 0/6000 done, 6000 to go
2026-10-03 03:24:56 [granite 25/6000] 291e8752b1737c209223ee3bf67ae1d1#1 -> Ambiguous References; Format Ambiguity (0.37s/prompt, eta 37 min, 0 errors)
2026-10-03 03:25:11 [granite 50/6000] 08ec9fe37d232fcce5a07588ab0b0432#3 -> Vague / Missing Context; Format Ambiguity; Overloaded Prompt; Unnecessary Repetition; Conflicting Constraints; Bias / Loaded Framing; Formality / Audience Mismatch; Irrelevant / Excessive Persona (0.47s/prompt, eta 47 min, 0 errors)
2026-10-03 03:25:24 [granite 75/6000] 5ce4b255aa05816f322e9e37e82cac74#1 -> Ambiguous References (0.49s/prompt, eta 49 min, 0 errors)
2026-10-03 03:25:38 [granite 100/6000] 8f0fbb46a6c0184baa35b4cae1f5b446#1 -> Vague / Missing Context; Format Ambiguity (0.51s/prompt, eta 50 min, 0 errors)
2026-10-03 03:25:46 [granite 125/6000] 45b2f12895cb672859d9b6507db9339e#4 -> Vague / Missing Context; Ambiguous References; Format Ambiguity (0.47s/prompt, eta 46 min, 0 errors)
2026-10-03 03:25:59 [granite 150/6000] a882fd412453d0b7e06c50b7468613ba#3 -> Ambiguous References; Overloaded Prompt; Format Ambiguity; Unnecessary Repetition; Conflicting Constraints; Bias / Loaded Framing; Vague / Missing Context (0.48s/prompt, eta 47 min, 0 errors)
2026-10-03 03:26:09 [granite 175/6000] 4ea618132c3dcf80a67b9cb8f5279205#1 -> Vague / Missing Context; Format Ambiguity (0.47s/prompt, eta 46 min, 0 errors)
2026-10-03 03:26:20 [granite 200/6000] 76e29925b2e582e984a3c1aea2d4081a#2 -> Ambiguous References; Format Ambiguity; Overloaded Prompt; Unnecessary Repetition; Conflicting Constraints; Bias / Loaded Framing; Formality / Audience Mismatch; Vague / Missing Context (0.46s/prompt, eta 45 min, 0 errors)
2026-10-03 03:26:31 [granite 225/6000] 6711582e3c0b01bf1d23334ee57721dd#4 -> Ambiguous References; Format Ambiguity (0.46s/prompt, eta 44 min, 0 errors)
2026-10-03 03:26:44 [granite 250/6000] 5def889dca13d5b2339239cc3c42b376#2 -> Ambiguous References; Format Ambiguity (0.47s/prompt, eta 45 min, 0 errors)
2026-10-03 03:26:53 [granite 275/6000] 1824ad022e6a7f525e534ac2ba4368b6#3 -> Vague / Missing Context; Ambiguous References; Format Ambiguity; Overloaded Prompt; Unnecessary Repetition; Conflicting Constraints; Bias / Loaded Framing; Formality / Audience Mismatch (0.46s/prompt, eta 44 min, 0 errors)
2026-10-03 03:27:04 [granite 300/6000] 73c1a9ec821e7e197d74fdd9553dfc2a#6 -> Vague / Missing Context (0.46s/prompt, eta 43 min, 0 errors)
2026-10-03 03:27:14 [granite 325/6000] 0b82001902668cf0a0e6d01e379ddf76#5 -> Ambiguous References; Format Ambiguity (0.45s/prompt, eta 43 min, 0 errors)
2026-10-03 03:27:24 [granite 350/6000] 3f3cced9121db005d31770a19c35fb76#1 -> Ambiguous References; Format Ambiguity (0.45s/prompt, eta 42 min, 0 errors)
2026-10-03 03:27:33 [granite 375/6000] ff414d72e01e142041fe47d746b85017#8 -> Ambiguous References (0.44s/prompt, eta 42 min, 0 errors)
2026-10-03 03:27:42 [granite 400/6000] 1b5c99bbabc433cba8a0805d096841e0#2 -> Ambiguous References; Format Ambiguity (0.44s/prompt, eta 41 min, 0 errors)
2026-10-03 03:27:55 [granite 425/6000] f23af18d88c21718def6d26a1d1a0683#5 -> Vague / Missing Context; Ambiguous References; Format Ambiguity; Overloaded Prompt; Unnecessary Repetition; Conflicting Constraints; Bias / Loaded Framing (0.44s/prompt, eta 41 min, 0 errors)
2026-10-03 03:28:08 [granite 450/6000] 676c9d5f9af6c41b9b451bfdfb4c783e#3 -> Ambiguous References; Format Ambiguity (0.45s/prompt, eta 41 min, 0 errors)
2026-10-03 03:28:16 [granite 475/6000] b43c4b2fca3dfec9a8da6eebd542ff2e#1 -> Vague / Missing Context; Ambiguous References (0.44s/prompt, eta 41 min, 0 errors)
2026-10-03 03:28:29 [granite 500/6000] 971b713d5b87df19848f9efb74449841#1 -> Vague / Missing Context; Ambiguous References; Format Ambiguity; Overloaded Prompt; Unnecessary Repetition; Conflicting Constraints; Bias / Loaded Framing; Formality / Audience Mismatch (0.44s/prompt, eta 41 min, 0 errors)
2026-10-03 03:28:39 [granite 525/6000] 654c38f6e0392ac305506cc239c26c19#4 -> Ambiguous References; Format Ambiguity (0.44s/prompt, eta 40 min, 0 errors)
2026-10-03 03:28:55 [granite 550/6000] 372906dd10c4bc5572db91743cf22289#7 -> Vague / Missing Context; Ambiguous References (0.45s/prompt, eta 41 min, 0 errors)
2026-10-03 03:29:09 [granite 575/6000] 627c43c7bf734ff74c911de8f0c26b8a#9 -> Ambiguous References (0.45s/prompt, eta 41 min, 0 errors)
2026-10-03 03:29:23 [granite 600/6000] e0afd19d761ecb8ffb926aef4507ca9e#1 -> Ambiguous References; Format Ambiguity; Overloaded Prompt; Unnecessary Repetition; Conflicting Constraints; Bias / Loaded Framing; Vague / Missing Context (0.46s/prompt, eta 41 min, 0 errors)
2026-10-03 03:29:34 [granite 625/6000] 4155f2bd2867fc750a2d5e2ca5f08cc6#8 -> Ambiguous References (0.46s/prompt, eta 41 min, 0 errors)
2026-10-03 03:29:47 [granite 650/6000] 0d089c84e627cf7065c0db5b03761e11#1 -> Ambiguous References; Format Ambiguity (0.46s/prompt, eta 41 min, 0 errors)
2026-10-03 03:29:58 [granite 675/6000] 4777e8252a7b7db71f6394dc92f0f777#3 -> Ambiguous References; Format Ambiguity (0.46s/prompt, eta 41 min, 0 errors)
2026-10-03 03:30:09 [granite 700/6000] 951392f185fffc326426677c574b351e#1 -> Ambiguous References; Format Ambiguity; Overloaded Prompt; Unnecessary Repetition; Conflicting Constraints (0.46s/prompt, eta 41 min, 0 errors)
2026-10-03 03:30:22 [granite 725/6000] 33f0f2f8773fbf2316be15b5137a7799#5 -> Vague / Missing Context; Ambiguous References (0.46s/prompt, eta 41 min, 0 errors)
2026-10-03 03:30:35 [granite 750/6000] 5f6b0f936266fd24f27f199583e7dfcf#5 -> Vague / Missing Context (0.46s/prompt, eta 41 min, 0 errors)
2026-10-03 03:30:52 [granite 775/6000] ec6e8ea65c53a477d0a5f701a984bfa5#1 -> Ambiguous References; Format Ambiguity (0.47s/prompt, eta 41 min, 0 errors)
2026-10-03 03:31:02 [granite 800/6000] fab52f6102b5fa2d884f07c10da6618f#1 -> Ambiguous References; Format Ambiguity (0.47s/prompt, eta 41 min, 0 errors)
2026-10-03 03:31:11 [granite 825/6000] 07604129b49f0bf822466f35573b6798#1 -> Ambiguous References; Format Ambiguity (0.47s/prompt, eta 40 min, 0 errors)
2026-10-03 03:31:23 [granite 850/6000] 097b61623d11fab9f3f3970f47c801d2#3 -> Vague / Missing Context; Ambiguous References (0.47s/prompt, eta 40 min, 0 errors)
2026-10-03 03:31:35 [granite 875/6000] 82c3eeb4224c6092913e62880537df9d#1 -> Ambiguous References; Format Ambiguity (0.47s/prompt, eta 40 min, 0 errors)
2026-10-03 03:31:46 [granite 900/6000] b7ea14efa45f6464673e14bad3660471#5 -> Vague / Missing Context; Format Ambiguity (0.47s/prompt, eta 40 min, 0 errors)
2026-10-03 03:31:56 [granite 925/6000] 0a098ebd3b1b0616230604c66fdd4df4#12 -> Vague / Missing Context; Ambiguous References (0.46s/prompt, eta 39 min, 0 errors)
2026-10-03 03:32:05 [granite 950/6000] 095389d544cf5d87d73c6db09a003b63#1 -> Ambiguous References; Format Ambiguity (0.46s/prompt, eta 39 min, 0 errors)
2026-10-03 03:32:15 [granite 975/6000] b1e80cecffb6e2a0d74d3f118ff8dd36#1 -> Ambiguous References; Format Ambiguity; Overloaded Prompt; Unnecessary Repetition; Conflicting Constraints; Bias / Loaded Framing; Vague / Missing Context (0.46s/prompt, eta 39 min, 0 errors)
2026-10-03 03:32:27 [granite 1000/6000] 7338c68017fc4611674c21419afff385#4 -> Vague / Missing Context; Ambiguous References (0.46s/prompt, eta 38 min, 0 errors)
2026-10-03 03:32:37 [granite 1025/6000] c96b4a18fde3a9692e477fef7b37b3b4#6 -> Ambiguous References; Format Ambiguity; Overloaded Prompt; Unnecessary Repetition; Conflicting Constraints; Bias / Loaded Framing; Vague / Missing Context (0.46s/prompt, eta 38 min, 0 errors)
2026-10-03 03:32:50 [granite 1050/6000] c931ae034b79ee9939d74882c64acccc#1 -> Vague / Missing Context; Format Ambiguity (0.46s/prompt, eta 38 min, 0 errors)
2026-10-03 03:33:02 [granite 1075/6000] e63369ce74bffa12e2b1801ca6490f9d#2 -> None (0.46s/prompt, eta 38 min, 0 errors)
2026-10-03 03:33:13 [granite 1100/6000] 8aeb795ed452e22f35a67be169d51ffe#1 -> Vague / Missing Context (0.46s/prompt, eta 38 min, 0 errors)
2026-10-03 03:33:23 [granite 1125/6000] 3f97330020c28742ba9959f6fc8ffe16#1 -> None (0.46s/prompt, eta 37 min, 0 errors)
2026-10-03 03:33:35 [granite 1150/6000] 69e0033401b9831505b145179166f9f9#8 -> Ambiguous References; Format Ambiguity; Overloaded Prompt; Vague / Missing Context; Unnecessary Repetition; Conflicting Constraints; Bias / Loaded Framing (0.46s/prompt, eta 37 min, 0 errors)
2026-10-03 03:33:44 [granite 1175/6000] 7a18696a6fb5eb650c793b241886d62e#1 -> Ambiguous References; Format Ambiguity (0.46s/prompt, eta 37 min, 0 errors)
2026-10-03 03:33:55 [granite 1200/6000] b7ba0287902f4408b149b1c74caf45ef#1 -> Ambiguous References; Format Ambiguity (0.46s/prompt, eta 37 min, 0 errors)
2026-10-03 03:34:04 [granite 1225/6000] 3a9fd4eb9504b6af1b20398bad1eb26d#9 -> Vague / Missing Context; Ambiguous References (0.45s/prompt, eta 36 min, 0 errors)
2026-10-03 03:34:15 [granite 1250/6000] 6069a5acc7da5490a43d2b943df15b40#1 -> Ambiguous References; Format Ambiguity (0.45s/prompt, eta 36 min, 0 errors)
2026-10-03 03:34:31 [granite 1275/6000] 9087eb73c16839f623ac457bab66fe93#1 -> Vague / Missing Context; Ambiguous References; Format Ambiguity; Overloaded Prompt; Unnecessary Repetition; Conflicting Constraints; Bias / Loaded Framing; Formality / Audience Mismatch; Irrelevant / Excessive Persona (0.46s/prompt, eta 36 min, 0 errors)
2026-10-03 03:34:46 [granite 1300/6000] ed76a6f36ac77cae49a6b01d1abf4218#3 -> Ambiguous References; Format Ambiguity (0.46s/prompt, eta 36 min, 0 errors)
2026-10-03 03:34:57 [granite 1325/6000] 050ff024fa4944aa40c25f49a313823e#2 -> Vague / Missing Context; Format Ambiguity (0.46s/prompt, eta 36 min, 0 errors)
2026-10-03 03:35:09 [granite 1350/6000] 5c6798e9bbfe0ae795d2ad20f4bb0dee#4 -> Vague / Missing Context; Ambiguous References (0.46s/prompt, eta 36 min, 0 errors)
2026-10-03 03:35:21 [granite 1375/6000] b9c155cede4bd56866ee431c246c1979#1 -> Ambiguous References; Format Ambiguity (0.46s/prompt, eta 36 min, 0 errors)
2026-10-03 03:35:31 [granite 1400/6000] aefd44816878268758b14b25ccec5381#1 -> Ambiguous References; Format Ambiguity (0.46s/prompt, eta 35 min, 0 errors)
2026-10-03 03:35:44 [granite 1425/6000] 0d923d922dc0a846204a21be7e62d3f9#2 -> Vague / Missing Context; Ambiguous References; Format Ambiguity; Overloaded Prompt; Unnecessary Repetition; Conflicting Constraints; Bias / Loaded Framing; Formality / Audience Mismatch (0.46s/prompt, eta 35 min, 0 errors)
2026-10-03 03:35:55 [granite 1450/6000] e300b4385b46301085cdbb5697aaf734#3 -> Ambiguous References; Format Ambiguity (0.46s/prompt, eta 35 min, 0 errors)
2026-10-03 03:36:05 [granite 1475/6000] 7e7cfcb2eb0ce05b1a77fcba3c1c4c38#2 -> Ambiguous References; Format Ambiguity (0.46s/prompt, eta 35 min, 0 errors)
2026-10-03 03:36:14 [granite 1500/6000] d129ef6b967e60bd1b7d21d672ca9740#1 -> Ambiguous References; Format Ambiguity (0.46s/prompt, eta 34 min, 0 errors)
2026-10-03 03:36:27 [granite 1525/6000] 06623239729362a7134040fa06e56c06#2 -> Ambiguous References; Format Ambiguity (0.46s/prompt, eta 34 min, 0 errors)
2026-10-03 03:36:39 [granite 1550/6000] 030c745535c630dac51c595c29a17548#1 -> Ambiguous References; Format Ambiguity (0.46s/prompt, eta 34 min, 0 errors)
2026-10-03 03:36:48 [granite 1575/6000] dbdd094e9c6a8b0ea7ce79d0d8abf81a#4 -> Ambiguous References; Format Ambiguity (0.46s/prompt, eta 34 min, 0 errors)
2026-10-03 03:36:58 [granite 1600/6000] dd34939112bce62d8534d2416d2066b9#1 -> Ambiguous References; Format Ambiguity (0.46s/prompt, eta 34 min, 0 errors)
2026-10-03 03:37:08 [granite 1625/6000] 46e7531c06f45c858b7d17143197a8ad#1 -> Ambiguous References; Format Ambiguity (0.46s/prompt, eta 33 min, 0 errors)
2026-10-03 03:37:20 [granite 1650/6000] 8eb06f1814c893afbc6ab9ec3296e864#1 -> Ambiguous References; Format Ambiguity (0.46s/prompt, eta 33 min, 0 errors)
2026-10-03 03:37:29 [granite 1675/6000] 973ba0d9de4027d0d8b43d8d9d61551a#1 -> Ambiguous References; Format Ambiguity (0.46s/prompt, eta 33 min, 0 errors)
2026-10-03 03:37:41 [granite 1700/6000] 409b91460142fc3e2d116b7787dfeb87#1 -> Ambiguous References; Format Ambiguity (0.46s/prompt, eta 33 min, 0 errors)
2026-10-03 03:37:53 [granite 1725/6000] 71cc87776171aa7caa76ac3d09391c0e#1 -> Ambiguous References; Format Ambiguity (0.46s/prompt, eta 32 min, 0 errors)
2026-10-03 03:38:06 [granite 1750/6000] 3ca8f9cafe9ddc12de20fb1b6fbb1307#1 -> Ambiguous References; Format Ambiguity (0.46s/prompt, eta 32 min, 0 errors)
2026-10-03 03:38:17 [granite 1775/6000] cfb73ef46b06bcb41e7e02cb9aadf3eb#3 -> Ambiguous References; Format Ambiguity (0.46s/prompt, eta 32 min, 0 errors)
2026-10-03 03:38:28 [granite 1800/6000] 53da976f2c49a29cc38fb6f9b592bc48#4 -> Vague / Missing Context; Format Ambiguity (0.46s/prompt, eta 32 min, 0 errors)
2026-10-03 03:38:37 [granite 1825/6000] 5c13336f430b7aa1a528e914cbbf552f#7 -> Ambiguous References; Format Ambiguity (0.45s/prompt, eta 32 min, 0 errors)
2026-10-03 03:38:49 [granite 1850/6000] e135a6e773a8751c9629923ce93008f1#3 -> Ambiguous References; Format Ambiguity (0.45s/prompt, eta 31 min, 0 errors)
2026-10-03 03:38:59 [granite 1875/6000] 08a3f5a79944fa20e8b21ff6452a40c2#5 -> Ambiguous References; Format Ambiguity (0.45s/prompt, eta 31 min, 0 errors)
2026-10-03 03:39:10 [granite 1900/6000] 813ec253d1d6505056dea915726e0380#12 -> Vague / Missing Context; Ambiguous References (0.45s/prompt, eta 31 min, 0 errors)
2026-10-03 03:39:21 [granite 1925/6000] 03f66d6fa3015364223a54847c0b0312#1 -> Ambiguous References; Format Ambiguity (0.45s/prompt, eta 31 min, 0 errors)
2026-10-03 03:39:37 [granite 1950/6000] d9e18b85abb8f94a87ba2ed612246ffb#1 -> Vague / Missing Context; Ambiguous References; Format Ambiguity; Overloaded Prompt; Unnecessary Repetition; Conflicting Constraints; Bias / Loaded Framing; Formality / Audience Mismatch (0.46s/prompt, eta 31 min, 0 errors)
2026-10-03 03:39:56 [granite 1975/6000] 176f54689c7eadbdde9e1bfe7ece482c#3 -> Vague / Missing Context; Format Ambiguity (0.46s/prompt, eta 31 min, 0 errors)
2026-10-03 03:40:10 [granite 2000/6000] 785a83096670782e061cc2ea407c6d76#1 -> Ambiguous References; Format Ambiguity (0.46s/prompt, eta 31 min, 0 errors)
2026-10-03 03:40:19 [granite 2025/6000] 2a9fb52d482fdbeec726c9b395f61ae4#5 -> Vague / Missing Context; Ambiguous References (0.46s/prompt, eta 30 min, 0 errors)
2026-10-03 03:40:30 [granite 2050/6000] 9b691232ea789499cee1a39b08a20ca6#12 -> Ambiguous References; Format Ambiguity (0.46s/prompt, eta 30 min, 0 errors)
2026-10-03 03:40:39 [granite 2075/6000] d0967436d9fd429696b7a842fac351cd#2 -> Vague / Missing Context; Ambiguous References (0.46s/prompt, eta 30 min, 0 errors)
2026-10-03 03:40:52 [granite 2100/6000] 132ee86e00e8dd8ddba638a83f49ac0f#2 -> Vague / Missing Context (0.46s/prompt, eta 30 min, 0 errors)
2026-10-03 03:41:01 [granite 2125/6000] c82a66fde468e8d367e1a682126fc733#5 -> Ambiguous References; Format Ambiguity (0.46s/prompt, eta 30 min, 0 errors)
2026-10-03 03:41:14 [granite 2150/6000] dd7d48f5f54f976d13b0f193c7924dbf#1 -> Vague / Missing Context; Format Ambiguity (0.46s/prompt, eta 29 min, 0 errors)
2026-10-03 03:41:27 [granite 2175/6000] e73e800b64d760b706682a245557691b#3 -> Ambiguous References; Format Ambiguity (0.46s/prompt, eta 29 min, 0 errors)
2026-10-03 03:41:37 [granite 2200/6000] 9cd1eaa25dd9e5f8fc91562d1a67f466#3 -> Ambiguous References; Overloaded Prompt; Format Ambiguity; Unnecessary Repetition; Conflicting Constraints; Bias / Loaded Framing; Vague / Missing Context (0.46s/prompt, eta 29 min, 0 errors)
2026-10-03 03:41:44 [granite 2225/6000] d18deec38f1ff055f69207908069a908#8 -> None (0.46s/prompt, eta 29 min, 0 errors)
2026-10-03 03:41:52 [granite 2250/6000] 81252a543423daac194f3e7a2dd5195f#3 -> Ambiguous References; Format Ambiguity (0.46s/prompt, eta 28 min, 0 errors)
2026-10-03 03:42:05 [granite 2275/6000] 95d1673a83811f11ef209d86d4511acb#1 -> Ambiguous References; Format Ambiguity (0.46s/prompt, eta 28 min, 0 errors)
2026-10-03 03:42:14 [granite 2300/6000] 6a834581df08b5d2771eefedc6dae3f7#11 -> Vague / Missing Context; Ambiguous References (0.46s/prompt, eta 28 min, 0 errors)
2026-10-03 03:42:23 [granite 2325/6000] ce93a458b5d27074dc7fc33bbd33b924#1 -> Vague / Missing Context; Ambiguous References (0.45s/prompt, eta 28 min, 0 errors)
2026-10-03 03:42:32 [granite 2350/6000] 90455cdaae5389e5cacfd67c489045ec#2 -> Ambiguous References; Format Ambiguity; Overloaded Prompt; Unnecessary Repetition; Conflicting Constraints; Bias / Loaded Framing; Vague / Missing Context (0.45s/prompt, eta 28 min, 0 errors)
2026-10-03 03:42:44 [granite 2375/6000] bdceb943fe53af655ad7ca2507055455#1 -> Ambiguous References (0.45s/prompt, eta 27 min, 0 errors)
2026-10-03 03:42:53 [granite 2400/6000] f1c15271d72b0dbd7fec09d29b7ffb0e#3 -> Vague / Missing Context; Ambiguous References (0.45s/prompt, eta 27 min, 0 errors)
2026-10-03 03:43:03 [granite 2425/6000] de91ad53da973ef72d6ad773250302a6#1 -> Ambiguous References; Format Ambiguity (0.45s/prompt, eta 27 min, 0 errors)
2026-10-03 03:43:13 [granite 2450/6000] 52d72af08b8dda7c81125e53f37f5b30#1 -> Vague / Missing Context; Ambiguous References (0.45s/prompt, eta 27 min, 0 errors)
2026-10-03 03:43:26 [granite 2475/6000] 4ff0aac0ccbf0e5b0e34e69de3f92a8f#1 -> Ambiguous References; Format Ambiguity (0.45s/prompt, eta 27 min, 0 errors)
2026-10-03 03:43:35 [granite 2500/6000] 45e9391055d88e991251b802852bcac9#21 -> Vague / Missing Context; Ambiguous References (0.45s/prompt, eta 26 min, 0 errors)
2026-10-03 03:43:43 [granite 2525/6000] ff06c93b6fc5d7184f226c4ae3be4d36#7 -> Vague / Missing Context; Ambiguous References (0.45s/prompt, eta 26 min, 0 errors)
2026-10-03 03:43:53 [granite 2550/6000] f074237afd45470512fba05bf1f45158#1 -> Ambiguous References; Format Ambiguity (0.45s/prompt, eta 26 min, 0 errors)
2026-10-03 03:44:05 [granite 2575/6000] ff4fb78b7a5b1c7173fdeeab6b248ceb#7 -> Vague / Missing Context; Format Ambiguity (0.45s/prompt, eta 26 min, 0 errors)
2026-10-03 03:44:16 [granite 2600/6000] 7e09e399c79cb69b8d6a80953e094ec6#5 -> Ambiguous References; Format Ambiguity (0.45s/prompt, eta 25 min, 0 errors)
2026-10-03 03:44:26 [granite 2625/6000] 92774fc636bb34225fc764ee1e141bbc#3 -> Ambiguous References (0.45s/prompt, eta 25 min, 0 errors)
2026-10-03 03:44:38 [granite 2650/6000] 05f9c9dcb571ea0ccf68975e0422bc56#3 -> Ambiguous References; Format Ambiguity (0.45s/prompt, eta 25 min, 0 errors)
2026-10-03 03:44:47 [granite 2675/6000] d8e1d80aeb35e75e94702d6312c46a1b#7 -> None (0.45s/prompt, eta 25 min, 0 errors)
2026-10-03 03:45:01 [granite 2700/6000] 8eea8678ac2a6c3d976ed562ebd5899f#25 -> Vague / Missing Context; Ambiguous References; Format Ambiguity; Overloaded Prompt; Unnecessary Repetition; Conflicting Constraints; Bias / Loaded Framing; Formality / Audience Mismatch (0.45s/prompt, eta 25 min, 0 errors)
2026-10-03 03:45:14 [granite 2725/6000] 094d3a7c639a2dbcf6193220443132dd#3 -> Vague / Missing Context; Ambiguous References (0.45s/prompt, eta 25 min, 0 errors)
2026-10-03 03:45:25 [granite 2750/6000] 094d3a7c639a2dbcf6193220443132dd#29 -> Vague / Missing Context; Ambiguous References (0.45s/prompt, eta 24 min, 0 errors)
2026-10-03 03:45:35 [granite 2775/6000] 8168adfecbca4bc659c4daea8f4d4ac9#4 -> Ambiguous References; Format Ambiguity (0.45s/prompt, eta 24 min, 0 errors)
2026-10-03 03:45:46 [granite 2800/6000] 34822fe66adf80ec05514531c870bea8#16 -> Vague / Missing Context; Ambiguous References; Format Ambiguity; Overloaded Prompt; Unnecessary Repetition; Conflicting Constraints; Bias / Loaded Framing; Formality / Audience Mismatch (0.45s/prompt, eta 24 min, 0 errors)
2026-10-03 03:45:58 [granite 2825/6000] e698a18765656330429980f1346a0066#7 -> Vague / Missing Context; Ambiguous References (0.45s/prompt, eta 24 min, 0 errors)
2026-10-03 03:46:09 [granite 2850/6000] 32742e61f06c16558a1964d5bcbf5d28#2 -> Vague / Missing Context; Ambiguous References; Format Ambiguity; Overloaded Prompt; Unnecessary Repetition; Conflicting Constraints; Bias / Loaded Framing; Formality / Audience Mismatch (0.45s/prompt, eta 24 min, 0 errors)
2026-10-03 03:46:21 [granite 2875/6000] 32742e61f06c16558a1964d5bcbf5d28#27 -> Vague / Missing Context; Ambiguous References (0.45s/prompt, eta 23 min, 0 errors)
2026-10-03 03:46:32 [granite 2900/6000] 5ff012fd994759b3b4f03c437138cc0b#9 -> Vague / Missing Context; Ambiguous References (0.45s/prompt, eta 23 min, 0 errors)
2026-10-03 03:46:42 [granite 2925/6000] 12622ec12050a4f98ccf85d4785002dd#1 -> Ambiguous References; Format Ambiguity (0.45s/prompt, eta 23 min, 0 errors)
2026-10-03 03:46:51 [granite 2950/6000] 80a7aef2cc6b929cfe0bdf484c3c9dc5#2 -> Ambiguous References; Format Ambiguity (0.45s/prompt, eta 23 min, 0 errors)
2026-10-03 03:47:00 [granite 2975/6000] 0fd4b824ea5d505ad33ed48818fc1771#6 -> Ambiguous References; Format Ambiguity (0.45s/prompt, eta 23 min, 0 errors)
2026-10-03 03:47:08 [granite 3000/6000] 33157839d4fda135098fa16ed4ae0c49#3 -> Ambiguous References; Format Ambiguity (0.45s/prompt, eta 22 min, 0 errors)
2026-10-03 03:47:17 [granite 3025/6000] 87f0a2a0aadc730e475baccedcbf24fc#4 -> Ambiguous References (0.45s/prompt, eta 22 min, 0 errors)
2026-10-03 03:47:25 [granite 3050/6000] 7ad7a26ce6b187e407b6c70afa1948b1#2 -> Vague / Missing Context; Ambiguous References (0.45s/prompt, eta 22 min, 0 errors)
2026-10-03 03:47:34 [granite 3075/6000] a190e9f0c7a81a8e7cd86e9744926027#13 -> Ambiguous References; Format Ambiguity (0.44s/prompt, eta 22 min, 0 errors)
2026-10-03 03:47:42 [granite 3100/6000] a190e9f0c7a81a8e7cd86e9744926027#38 -> Vague / Missing Context; Ambiguous References (0.44s/prompt, eta 21 min, 0 errors)
2026-10-03 03:47:51 [granite 3125/6000] 58843d79629ee31544ae49d31dcb3a17#1 -> Vague / Missing Context; Format Ambiguity (0.44s/prompt, eta 21 min, 0 errors)
2026-10-03 03:47:59 [granite 3150/6000] 975b5514d3fabc46263edfc81fae5e99#23 -> Ambiguous References; Format Ambiguity (0.44s/prompt, eta 21 min, 0 errors)
2026-10-03 03:48:07 [granite 3175/6000] 975b5514d3fabc46263edfc81fae5e99#48 -> Vague / Missing Context; Ambiguous References (0.44s/prompt, eta 21 min, 0 errors)
2026-10-03 03:48:19 [granite 3200/6000] bf6c46774e9f5803e34ade907e6f7f2d#1 -> Ambiguous References; Format Ambiguity (0.44s/prompt, eta 21 min, 0 errors)
2026-10-03 03:48:29 [granite 3225/6000] 1272b7c7967a89623847bbe29c384a2f#1 -> Ambiguous References; Format Ambiguity (0.44s/prompt, eta 20 min, 0 errors)
2026-10-03 03:48:42 [granite 3250/6000] 8f9202c145082488be737dde946b0ce9#1 -> Ambiguous References; Format Ambiguity (0.44s/prompt, eta 20 min, 0 errors)
2026-10-03 03:48:53 [granite 3275/6000] 73dc0ff614e73085d61838878970b49e#2 -> Vague / Missing Context; Ambiguous References (0.44s/prompt, eta 20 min, 0 errors)
2026-10-03 03:49:04 [granite 3300/6000] 2a62b22b555ae1079e139aea36110322#1 -> Ambiguous References; Format Ambiguity (0.44s/prompt, eta 20 min, 0 errors)
2026-10-03 03:49:13 [granite 3325/6000] 413af815d3e4e270af2c7c868f38c5c3#1 -> Ambiguous References; Format Ambiguity (0.44s/prompt, eta 20 min, 0 errors)
2026-10-03 03:49:22 [granite 3350/6000] 13534624512f98a0fa1bda7226b72a4e#2 -> Ambiguous References; Format Ambiguity (0.44s/prompt, eta 19 min, 0 errors)
2026-10-03 03:49:33 [granite 3375/6000] b8ad02f44236ba0a76880e4c7cabd4e4#1 -> Ambiguous References; Format Ambiguity (0.44s/prompt, eta 19 min, 0 errors)
2026-10-03 03:49:44 [granite 3400/6000] a19fab3c96b82eff43c9ce2e0bda12bb#3 -> Ambiguous References; Format Ambiguity (0.44s/prompt, eta 19 min, 0 errors)
2026-10-03 03:49:53 [granite 3425/6000] cc573147a25607cb8db29fc875d17bbb#4 -> Ambiguous References; Format Ambiguity (0.44s/prompt, eta 19 min, 0 errors)
2026-10-03 03:50:02 [granite 3450/6000] 82157bc0ff6dfbb74cc986df8692326c#2 -> Vague / Missing Context (0.44s/prompt, eta 19 min, 0 errors)
2026-10-03 03:50:15 [granite 3475/6000] 8316943d047c26bf6f8ce3beeefb6e34#1 -> Ambiguous References; Format Ambiguity (0.44s/prompt, eta 18 min, 0 errors)
2026-10-03 03:50:23 [granite 3500/6000] e139463a82ef58d06ff542e012164ff9#14 -> Ambiguous References; Format Ambiguity (0.44s/prompt, eta 18 min, 0 errors)
2026-10-03 03:50:32 [granite 3525/6000] e139463a82ef58d06ff542e012164ff9#39 -> Vague / Missing Context; Ambiguous References; Format Ambiguity; Overloaded Prompt; Prompt Bloat / Convoluted Prompt; Unnecessary Repetition; Conflicting Constraints; Bias / Loaded Framing; Formality / Audience Mismatch (0.44s/prompt, eta 18 min, 0 errors)
2026-10-03 03:50:40 [granite 3550/6000] 6d8ef573701ceed7689eb07054cc7a0e#13 -> Ambiguous References (0.44s/prompt, eta 18 min, 0 errors)
2026-10-03 03:50:49 [granite 3575/6000] 5ce422f0d74b74f701aaa921493957cc#14 -> Vague / Missing Context; Ambiguous References (0.44s/prompt, eta 18 min, 0 errors)
2026-10-03 03:50:57 [granite 3600/6000] 5ce422f0d74b74f701aaa921493957cc#39 -> Ambiguous References; Format Ambiguity (0.44s/prompt, eta 17 min, 0 errors)
2026-10-03 03:51:05 [granite 3625/6000] 1d2284cdfb27bd59a170b5db80062d6a#4 -> Ambiguous References; Format Ambiguity (0.44s/prompt, eta 17 min, 0 errors)
2026-10-03 03:51:14 [granite 3650/6000] 02e7cc23adaa51368ba65d8b46447f1e#8 -> Ambiguous References; Format Ambiguity (0.43s/prompt, eta 17 min, 0 errors)
2026-10-03 03:51:24 [granite 3675/6000] 787ffc7cc9f4b9e88c5dec55cad767cd#2 -> Vague / Missing Context; Ambiguous References (0.43s/prompt, eta 17 min, 0 errors)
2026-10-03 03:51:33 [granite 3700/6000] 3872863052f34fbcf499bedff1b51200#23 -> Ambiguous References; Format Ambiguity (0.43s/prompt, eta 17 min, 0 errors)
2026-10-03 03:51:41 [granite 3725/6000] 3872863052f34fbcf499bedff1b51200#48 -> Ambiguous References; Format Ambiguity (0.43s/prompt, eta 16 min, 0 errors)
2026-10-03 03:51:49 [granite 3750/6000] bca1218e021c0bffb33ca888235cdae4#7 -> Vague / Missing Context; Ambiguous References; Format Ambiguity; Overloaded Prompt; Unnecessary Repetition; Conflicting Constraints; Bias / Loaded Framing; Formality / Audience Mismatch (0.43s/prompt, eta 16 min, 0 errors)
2026-10-03 03:51:58 [granite 3775/6000] bca1218e021c0bffb33ca888235cdae4#32 -> Vague / Missing Context; Ambiguous References; Format Ambiguity; Overloaded Prompt; Unnecessary Repetition; Conflicting Constraints; Bias / Loaded Framing; Formality / Audience Mismatch (0.43s/prompt, eta 16 min, 0 errors)
2026-10-03 03:52:06 [granite 3800/6000] 2cf23df14115324a0d8619a3d2a74940#2 -> Vague / Missing Context; Format Ambiguity (0.43s/prompt, eta 16 min, 0 errors)
2026-10-03 03:52:15 [granite 3825/6000] 4768a83ffc071a2788aa8c63ee8f4f19#5 -> Vague / Missing Context; Ambiguous References (0.43s/prompt, eta 16 min, 0 errors)
2026-10-03 03:52:23 [granite 3850/6000] 7546d33e884f3cf63426292e3a14e971#22 -> Vague / Missing Context; Ambiguous References (0.43s/prompt, eta 15 min, 0 errors)
2026-10-03 03:52:32 [granite 3875/6000] 7546d33e884f3cf63426292e3a14e971#47 -> Vague / Missing Context; Ambiguous References (0.43s/prompt, eta 15 min, 0 errors)
2026-10-03 03:52:40 [granite 3900/6000] 5daa705af3b24994dbfbf5346009fbc5#1 -> Vague / Missing Context; Format Ambiguity (0.43s/prompt, eta 15 min, 0 errors)
2026-10-03 03:52:49 [granite 3925/6000] 5f6c1244af7d1c9175aca4e4d9c7464a#21 -> Vague / Missing Context; Ambiguous References (0.43s/prompt, eta 15 min, 0 errors)
2026-10-03 03:52:57 [granite 3950/6000] 5f6c1244af7d1c9175aca4e4d9c7464a#46 -> Ambiguous References; Format Ambiguity (0.43s/prompt, eta 15 min, 0 errors)
2026-10-03 03:53:07 [granite 3975/6000] 8a0b3ba9339faf5126a9624f41612f5c#6 -> Ambiguous References; Format Ambiguity (0.43s/prompt, eta 14 min, 0 errors)
2026-10-03 03:53:16 [granite 4000/6000] 8a0b3ba9339faf5126a9624f41612f5c#31 -> Vague / Missing Context; Ambiguous References; Format Ambiguity (0.43s/prompt, eta 14 min, 0 errors)
2026-10-03 03:53:25 [granite 4025/6000] 6a2ce9e01595986b2d8d37089516cef5#2 -> Ambiguous References; Format Ambiguity (0.43s/prompt, eta 14 min, 0 errors)
2026-10-03 03:53:32 [granite 4050/6000] 5e462b3f369032a5ca8729e9688ec0c7#22 -> Ambiguous References; Format Ambiguity (0.43s/prompt, eta 14 min, 0 errors)
2026-10-03 03:53:41 [granite 4075/6000] 5e462b3f369032a5ca8729e9688ec0c7#47 -> Ambiguous References; Format Ambiguity (0.43s/prompt, eta 14 min, 0 errors)
2026-10-03 03:53:51 [granite 4100/6000] cdfcc92aa0c613ddbf57b23fdde8b943#1 -> Vague / Missing Context; Ambiguous References (0.43s/prompt, eta 13 min, 0 errors)
2026-10-03 03:53:59 [granite 4125/6000] 02bca2e0c9f5b58deb0f3b5a287572c4#3 -> Vague / Missing Context; Ambiguous References; Format Ambiguity; Overloaded Prompt; Unnecessary Repetition; Conflicting Constraints; Bias / Loaded Framing; Formality / Audience Mismatch (0.42s/prompt, eta 13 min, 0 errors)
2026-10-03 03:54:08 [granite 4150/6000] edf0e587da83a7d10fbb563dd4cea5f9#1 -> Vague / Missing Context; Ambiguous References (0.42s/prompt, eta 13 min, 0 errors)
2026-10-03 03:54:19 [granite 4175/6000] a78db106e66b22d1cb73517c592dbc13#1 -> Ambiguous References (0.42s/prompt, eta 13 min, 0 errors)
2026-10-03 03:54:30 [granite 4200/6000] bd5c40dc117e397206eeeff31e6c9bef#22 -> Ambiguous References; Format Ambiguity (0.42s/prompt, eta 13 min, 0 errors)
2026-10-03 03:54:37 [granite 4225/6000] bd5c40dc117e397206eeeff31e6c9bef#47 -> Vague / Missing Context; Ambiguous References (0.42s/prompt, eta 13 min, 0 errors)
2026-10-03 03:54:48 [granite 4250/6000] 739c18b974e3a0c9b26b660ad2ce5bce#2 -> Ambiguous References; Format Ambiguity (0.42s/prompt, eta 12 min, 0 errors)
2026-10-03 03:54:57 [granite 4275/6000] 739c18b974e3a0c9b26b660ad2ce5bce#27 -> Vague / Missing Context; Ambiguous References (0.42s/prompt, eta 12 min, 0 errors)
2026-10-03 03:55:05 [granite 4300/6000] 3a5398ca3ed22a932b51cdf0a66ce35e#1 -> Ambiguous References; Format Ambiguity (0.42s/prompt, eta 12 min, 0 errors)
2026-10-03 03:55:16 [granite 4325/6000] 1708e91e2134a36049c8759b1784352e#8 -> Vague / Missing Context; Ambiguous References (0.42s/prompt, eta 12 min, 0 errors)
2026-10-03 03:55:25 [granite 4350/6000] 1708e91e2134a36049c8759b1784352e#33 -> Vague / Missing Context; Ambiguous References (0.42s/prompt, eta 12 min, 0 errors)
2026-10-03 03:55:35 [granite 4375/6000] 92e5d6380967ef516d165ec394e1c75f#1 -> Vague / Missing Context; Ambiguous References (0.42s/prompt, eta 11 min, 0 errors)
2026-10-03 03:55:46 [granite 4400/6000] 5c108e733ce7aff9fd6f0edaf057950d#3 -> Ambiguous References; Format Ambiguity (0.42s/prompt, eta 11 min, 0 errors)
2026-10-03 03:55:55 [granite 4425/6000] 5c108e733ce7aff9fd6f0edaf057950d#28 -> Vague / Missing Context; Ambiguous References (0.42s/prompt, eta 11 min, 0 errors)
2026-10-03 03:56:04 [granite 4450/6000] 7066437c6dd8162177f16c3f3aeabf5e#1 -> Ambiguous References; Format Ambiguity (0.42s/prompt, eta 11 min, 0 errors)
2026-10-03 03:56:16 [granite 4475/6000] 2153ca3d0e0b59302a6f5225239ed71b#2 -> Vague / Missing Context; Ambiguous References (0.42s/prompt, eta 11 min, 0 errors)
2026-10-03 03:56:28 [granite 4500/6000] 86f9e4302e3b568a2fcbdd1ceb4fbe74#5 -> Ambiguous References; Format Ambiguity (0.42s/prompt, eta 11 min, 0 errors)
2026-10-03 03:56:36 [granite 4525/6000] 86f9e4302e3b568a2fcbdd1ceb4fbe74#30 -> Vague / Missing Context; Ambiguous References (0.42s/prompt, eta 10 min, 0 errors)
2026-10-03 03:56:45 [granite 4550/6000] bd5ad70e7ef241690d5be1ccae2158a6#2 -> Vague / Missing Context; Ambiguous References (0.42s/prompt, eta 10 min, 0 errors)
2026-10-03 03:56:58 [granite 4575/6000] ccd7c8f51a452a6c0e32d6fb680ca3da#2 -> Vague / Missing Context; Format Ambiguity (0.42s/prompt, eta 10 min, 0 errors)
2026-10-03 03:57:06 [granite 4600/6000] 5f1bb8d38ce15c7e7504b96b02d524e7#3 -> Ambiguous References; Format Ambiguity (0.42s/prompt, eta 10 min, 0 errors)
2026-10-03 03:57:15 [granite 4625/6000] 3d3d554f4bd9c02ed53b131afc9bf1b2#1 -> Ambiguous References; Format Ambiguity (0.42s/prompt, eta 10 min, 0 errors)
2026-10-03 03:57:25 [granite 4650/6000] 0c12d194cd06520b6d1d14cf3f4c3496#1 -> Vague / Missing Context; Format Ambiguity (0.42s/prompt, eta 9 min, 0 errors)
2026-10-03 03:57:36 [granite 4675/6000] 6a5e62616829c6a5b1a8af16d25fba7f#6 -> Vague / Missing Context (0.42s/prompt, eta 9 min, 0 errors)
2026-10-03 03:57:45 [granite 4700/6000] d60000e40dc782a4c3548e177a0a2696#1 -> Ambiguous References; Format Ambiguity (0.42s/prompt, eta 9 min, 0 errors)
2026-10-03 03:57:59 [granite 4725/6000] 52445ea7dcfb05465db25af87544ad1b#1 -> Ambiguous References; Format Ambiguity (0.42s/prompt, eta 9 min, 0 errors)
2026-10-03 03:58:07 [granite 4750/6000] e022959fe7204caf3be690e3c69d15a1#3 -> Vague / Missing Context (0.42s/prompt, eta 9 min, 0 errors)
2026-10-03 03:58:15 [granite 4775/6000] 2aa77ce30b0e8608d35dcd85a116b9fc#4 -> Ambiguous References; Format Ambiguity (0.42s/prompt, eta 9 min, 0 errors)
2026-10-03 03:58:26 [granite 4800/6000] df07d8cde58ede01764cd1501093d292#9 -> Ambiguous References (0.42s/prompt, eta 8 min, 0 errors)
2026-10-03 03:58:35 [granite 4825/6000] 5775c8ee0bc7d4333689e63514273ca4#2 -> Ambiguous References; Format Ambiguity; Overloaded Prompt; Unnecessary Repetition; Conflicting Constraints; Bias / Loaded Framing; Formality / Audience Mismatch; Irrelevant / Excessive Persona; Vague / Missing Context (0.42s/prompt, eta 8 min, 0 errors)
2026-10-03 03:58:42 [granite 4850/6000] 8fb3951900c3f7019f6afa1d9c840731#19 -> Vague / Missing Context (0.42s/prompt, eta 8 min, 0 errors)
2026-10-03 03:58:51 [granite 4875/6000] ab9cfbfdaf93497cc8a3868db9d12f60#3 -> Vague / Missing Context; Ambiguous References (0.42s/prompt, eta 8 min, 0 errors)
2026-10-03 03:59:00 [granite 4900/6000] d8109c873a7ca3223ed38720b8f55f37#1 -> Vague / Missing Context; Format Ambiguity (0.42s/prompt, eta 8 min, 0 errors)
2026-10-03 03:59:10 [granite 4925/6000] 8e50ac626d949f35976e14ca6d11bf58#1 -> Ambiguous References; Format Ambiguity (0.42s/prompt, eta 8 min, 0 errors)
2026-10-03 03:59:18 [granite 4950/6000] 872c3260351ac10f330a92413379f288#3 -> Ambiguous References; Format Ambiguity (0.42s/prompt, eta 7 min, 0 errors)
2026-10-03 03:59:26 [granite 4975/6000] 81985ecf14fc6833ffb78c7341cc9366#1 -> Vague / Missing Context; Format Ambiguity (0.42s/prompt, eta 7 min, 0 errors)
2026-10-03 03:59:34 [granite 5000/6000] ddfcbdd8bc758f14a9ec3e75beb36a61#1 -> Ambiguous References; Format Ambiguity (0.42s/prompt, eta 7 min, 0 errors)
2026-10-03 03:59:44 [granite 5025/6000] 5b3778910bd6e3befcef5e58d418560c#3 -> Vague / Missing Context (0.42s/prompt, eta 7 min, 0 errors)
2026-10-03 03:59:55 [granite 5050/6000] 7b93c4a568df061ffed194cae28efda6#1 -> Vague / Missing Context; Ambiguous References (0.42s/prompt, eta 7 min, 0 errors)
2026-10-03 04:00:06 [granite 5075/6000] 9d3045d27f7bea6bd08a66d16fcaa48a#3 -> Vague / Missing Context; Ambiguous References; Format Ambiguity; Overloaded Prompt; Prompt Bloat / Convoluted Prompt; Unnecessary Repetition; Conflicting Constraints; Bias / Loaded Framing; Formality / Audience Mismatch (0.42s/prompt, eta 6 min, 0 errors)
2026-10-03 04:00:17 [granite 5100/6000] 3c232022c8f156e85ce527211b3878b0#3 -> Ambiguous References (0.42s/prompt, eta 6 min, 0 errors)
2026-10-03 04:00:27 [granite 5125/6000] 864fdd42736c8581591db8d7dee44605#1 -> Ambiguous References; Format Ambiguity (0.42s/prompt, eta 6 min, 0 errors)
2026-10-03 04:00:36 [granite 5150/6000] 6fb66c229eb57681ba2f1a544ab578cb#3 -> Vague / Missing Context; Ambiguous References; Format Ambiguity (0.42s/prompt, eta 6 min, 0 errors)
2026-10-03 04:00:47 [granite 5175/6000] 19ee3ca70053213aa3b5165720f4cd9f#3 -> Ambiguous References; Format Ambiguity (0.42s/prompt, eta 6 min, 0 errors)
2026-10-03 04:00:59 [granite 5200/6000] 1838b24328c1dd3508c61f3eb7a12390#4 -> Ambiguous References; Format Ambiguity (0.42s/prompt, eta 6 min, 0 errors)
2026-10-03 04:01:11 [granite 5225/6000] dfab03ae297b9db27d6cb935350c18d9#1 -> Vague / Missing Context; Ambiguous References (0.42s/prompt, eta 5 min, 0 errors)
2026-10-03 04:01:25 [granite 5250/6000] 211232df5617718435283eb52763aa8b#7 -> Vague / Missing Context; Ambiguous References (0.42s/prompt, eta 5 min, 0 errors)
2026-10-03 04:01:36 [granite 5275/6000] 76bad785cbeb0813aeb0410912fbb214#1 -> Ambiguous References (0.42s/prompt, eta 5 min, 0 errors)
2026-10-03 04:01:48 [granite 5300/6000] aa16f207312acc7cd91b8979baa8a595#2 -> Ambiguous References; Format Ambiguity (0.42s/prompt, eta 5 min, 0 errors)
2026-10-03 04:01:58 [granite 5325/6000] a2928b830b8b66809296a0ee17fcde35#4 -> Vague / Missing Context; Ambiguous References (0.42s/prompt, eta 5 min, 0 errors)
2026-10-03 04:02:09 [granite 5350/6000] 4bdf3fcd8baf50fcbbb09ad9b2299baa#2 -> Vague / Missing Context; Ambiguous References (0.42s/prompt, eta 5 min, 0 errors)
2026-10-03 04:02:24 [granite 5375/6000] 4c96ab726ae7c89b7d3935b72ed2ea47#4 -> Vague / Missing Context (0.42s/prompt, eta 4 min, 0 errors)
2026-10-03 04:02:34 [granite 5400/6000] 53dce996e055f1b550cc5ee6adff6f17#6 -> Ambiguous References; Format Ambiguity (0.42s/prompt, eta 4 min, 0 errors)
2026-10-03 04:02:41 [granite 5425/6000] 4be001190b0f9657c36947cd637a27b3#2 -> Vague / Missing Context; Ambiguous References (0.42s/prompt, eta 4 min, 0 errors)
2026-10-03 04:02:49 [granite 5450/6000] 2aa4f557d951dd061afa73d14cb9faaf#5 -> Ambiguous References; Format Ambiguity (0.42s/prompt, eta 4 min, 0 errors)
2026-10-03 04:02:57 [granite 5475/6000] 17e209aebcdf8e4ecc1852604ad98378#1 -> Ambiguous References (0.42s/prompt, eta 4 min, 0 errors)
2026-10-03 04:03:08 [granite 5500/6000] a7c95c63b036eebfc4c5e9d05706259c#4 -> Ambiguous References; Format Ambiguity (0.42s/prompt, eta 3 min, 0 errors)
2026-10-03 04:03:16 [granite 5525/6000] 9654c8926914e5aa82bb1947d0976868#2 -> Vague / Missing Context; Ambiguous References (0.42s/prompt, eta 3 min, 0 errors)
2026-10-03 04:03:26 [granite 5550/6000] 6024ae2c388129d76a191bc8cd0773d9#4 -> Ambiguous References; Overloaded Prompt (0.42s/prompt, eta 3 min, 0 errors)
2026-10-03 04:03:37 [granite 5575/6000] 890e6f35fd262f4aee2afae45caef1c9#2 -> Vague / Missing Context; Ambiguous References; Format Ambiguity; Overloaded Prompt; Unnecessary Repetition; Conflicting Constraints; Bias / Loaded Framing; Formality / Audience Mismatch (0.42s/prompt, eta 3 min, 0 errors)
2026-10-03 04:03:48 [granite 5600/6000] 2f7957f78aa231066b7b3da04040db4c#3 -> Vague / Missing Context; Ambiguous References (0.42s/prompt, eta 3 min, 0 errors)
2026-10-03 04:03:57 [granite 5625/6000] 6cdb5a45423f2b22c53ef8dfa313313f#6 -> Ambiguous References; Format Ambiguity (0.42s/prompt, eta 3 min, 0 errors)
2026-10-03 04:04:12 [granite 5650/6000] 74d22e1a92ec63e5dddb8fc4622d5f8d#1 -> Ambiguous References; Format Ambiguity (0.42s/prompt, eta 2 min, 0 errors)
2026-10-03 04:04:24 [granite 5675/6000] c561cc0dc6074a443088bbc4698ef8db#1 -> Ambiguous References; Format Ambiguity (0.42s/prompt, eta 2 min, 0 errors)
2026-10-03 04:04:33 [granite 5700/6000] fef5b5b8f56db62e199c71d4350d960a#4 -> Vague / Missing Context; Ambiguous References (0.42s/prompt, eta 2 min, 0 errors)
2026-10-03 04:04:42 [granite 5725/6000] c267998625b20a5ea3a2ec77fe0c729e#3 -> Ambiguous References; Format Ambiguity (0.42s/prompt, eta 2 min, 0 errors)
2026-10-03 04:04:55 [granite 5750/6000] 791a7209413e075ee30d8216ab449dba#2 -> Ambiguous References; Format Ambiguity; Overloaded Prompt; Conflicting Constraints; Unnecessary Repetition; Bias / Loaded Framing; Vague / Missing Context (0.42s/prompt, eta 2 min, 0 errors)
2026-10-03 04:05:07 [granite 5775/6000] 7bbbf68ec52f694758cd1a688998895b#6 -> Format Ambiguity; Ambiguous References; Overloaded Prompt; Conflicting Constraints; Unnecessary Repetition; Bias / Loaded Framing (0.42s/prompt, eta 2 min, 0 errors)
2026-10-03 04:05:18 [granite 5800/6000] 41ebe08cb2d63271cb2eef7fd4405f15#2 -> Ambiguous References; Format Ambiguity (0.42s/prompt, eta 1 min, 0 errors)
2026-10-03 04:05:29 [granite 5825/6000] e6da6c7e116567ba65bb8d352527f300#1 -> Ambiguous References; Format Ambiguity (0.42s/prompt, eta 1 min, 0 errors)
2026-10-03 04:05:38 [granite 5850/6000] a51bf57d38d37546d268cc78b1c324a5#9 -> Vague / Missing Context; Ambiguous References (0.42s/prompt, eta 1 min, 0 errors)
2026-10-03 04:05:51 [granite 5875/6000] 722f1ca80f8daa005b8fc2526fb0df57#11 -> Vague / Missing Context; Ambiguous References; Format Ambiguity; Overloaded Prompt; Unnecessary Repetition; Conflicting Constraints; Bias / Loaded Framing; Formality / Audience Mismatch (0.42s/prompt, eta 1 min, 0 errors)
2026-10-03 04:06:04 [granite 5900/6000] 186f02901f43745794fd8428b1f2f629#6 -> Ambiguous References; Format Ambiguity (0.42s/prompt, eta 1 min, 0 errors)
2026-10-03 04:06:14 [granite 5925/6000] 78282df8b4806e8bacc2c1cdd38cc49f#1 -> Vague / Missing Context; Ambiguous References; Format Ambiguity; Overloaded Prompt; Prompt Bloat / Convoluted Prompt; Unnecessary Repetition; Conflicting Constraints; Bias / Loaded Framing; Formality / Audience Mismatch (0.42s/prompt, eta 1 min, 0 errors)
2026-10-03 04:06:24 [granite 5950/6000] 14197bbef18690e8ff91863d1aedd9f6#1 -> Ambiguous References; Format Ambiguity (0.42s/prompt, eta 0 min, 0 errors)
2026-10-03 04:06:34 [granite 5975/6000] 8d9c824ff3d1de6bd4b25650a8866c7e#7 -> Ambiguous References; Format Ambiguity (0.42s/prompt, eta 0 min, 0 errors)
2026-10-03 04:06:43 [granite 6000/6000] 919db39a75a2a6294f92f88e78c2beea#1 -> Ambiguous References; Format Ambiguity (0.42s/prompt, eta 0 min, 0 errors)
2026-10-03 04:06:43 granite: done, 6000 rows, 0 errors
2026-10-03 04:06:43 qwen (qwen3.5:0.8b): 0/6000 done, 6000 to go
2026-10-03 04:07:18 [qwen 25/6000] 291e8752b1737c209223ee3bf67ae1d1#1 -> Ambiguous References; Unnecessary Repetition (1.38s/prompt, eta 137 min, 0 errors)
2026-10-03 04:07:45 [qwen 50/6000] 08ec9fe37d232fcce5a07588ab0b0432#3 -> Conflicting Constraints; Unnecessary Repetition (1.24s/prompt, eta 123 min, 0 errors)
2026-10-03 04:08:10 [qwen 75/6000] 5ce4b255aa05816f322e9e37e82cac74#1 -> Vague / Missing Context; Format Ambiguity (1.15s/prompt, eta 114 min, 0 errors)
2026-10-03 04:08:30 [qwen 100/6000] 8f0fbb46a6c0184baa35b4cae1f5b446#1 -> Bias / Loaded Framing (1.06s/prompt, eta 105 min, 0 errors)
2026-10-03 04:08:47 [qwen 125/6000] 45b2f12895cb672859d9b6507db9339e#4 -> Vague / Missing Context (0.99s/prompt, eta 97 min, 0 errors)
2026-10-03 04:09:07 [qwen 150/6000] a882fd412453d0b7e06c50b7468613ba#3 -> Ambiguous References; Vague / Missing Context (0.96s/prompt, eta 93 min, 0 errors)
2026-10-03 04:09:25 [qwen 175/6000] 4ea618132c3dcf80a67b9cb8f5279205#1 -> Vague / Missing Context (0.93s/prompt, eta 90 min, 0 errors)
2026-10-03 04:09:45 [qwen 200/6000] 76e29925b2e582e984a3c1aea2d4081a#2 -> Ambiguous References; Overloaded Prompt (0.91s/prompt, eta 88 min, 0 errors)
2026-10-03 04:10:03 [qwen 225/6000] 6711582e3c0b01bf1d23334ee57721dd#4 -> Vague / Missing Context (0.89s/prompt, eta 86 min, 0 errors)
2026-10-03 04:10:22 [qwen 250/6000] 5def889dca13d5b2339239cc3c42b376#2 -> Ambiguous References; Overloaded Prompt (0.88s/prompt, eta 84 min, 0 errors)
2026-10-03 04:10:39 [qwen 275/6000] 1824ad022e6a7f525e534ac2ba4368b6#3 -> Vague / Missing Context (0.86s/prompt, eta 82 min, 0 errors)
2026-10-03 04:10:57 [qwen 300/6000] 73c1a9ec821e7e197d74fdd9553dfc2a#6 -> None (0.85s/prompt, eta 81 min, 0 errors)
2026-10-03 04:11:16 [qwen 325/6000] 0b82001902668cf0a0e6d01e379ddf76#5 -> Vague / Missing Context; Format Ambiguity (0.84s/prompt, eta 79 min, 0 errors)
2026-10-03 04:11:34 [qwen 350/6000] 3f3cced9121db005d31770a19c35fb76#1 -> Ambiguous References; Vague / Missing Context (0.83s/prompt, eta 78 min, 0 errors)
2026-10-03 04:11:54 [qwen 375/6000] ff414d72e01e142041fe47d746b85017#8 -> Conflicting Constraints; Ambiguous References (0.83s/prompt, eta 78 min, 0 errors)
2026-10-03 04:12:12 [qwen 400/6000] 1b5c99bbabc433cba8a0805d096841e0#2 -> Vague / Missing Context; Ambiguous References (0.82s/prompt, eta 77 min, 0 errors)
2026-10-03 04:12:30 [qwen 425/6000] f23af18d88c21718def6d26a1d1a0683#5 -> Vague / Missing Context (0.82s/prompt, eta 76 min, 0 errors)
2026-10-03 04:12:50 [qwen 450/6000] 676c9d5f9af6c41b9b451bfdfb4c783e#3 -> Vague / Missing Context (0.82s/prompt, eta 75 min, 0 errors)
2026-10-03 04:13:06 [qwen 475/6000] b43c4b2fca3dfec9a8da6eebd542ff2e#1 -> Vague / Missing Context; Format Ambiguity (0.81s/prompt, eta 74 min, 0 errors)
2026-10-03 04:13:28 [qwen 500/6000] 971b713d5b87df19848f9efb74449841#1 -> Vague / Missing Context; Format Ambiguity (0.81s/prompt, eta 74 min, 0 errors)
2026-10-03 04:13:49 [qwen 525/6000] 654c38f6e0392ac305506cc239c26c19#4 -> Vague / Missing Context; Format Ambiguity (0.81s/prompt, eta 74 min, 0 errors)
2026-10-03 04:14:11 [qwen 550/6000] 372906dd10c4bc5572db91743cf22289#7 -> Vague / Missing Context (0.81s/prompt, eta 74 min, 0 errors)
2026-10-03 04:14:32 [qwen 575/6000] 627c43c7bf734ff74c911de8f0c26b8a#9 -> Vague / Missing Context; Format Ambiguity (0.82s/prompt, eta 74 min, 0 errors)
2026-10-03 04:14:51 [qwen 600/6000] e0afd19d761ecb8ffb926aef4507ca9e#1 -> Overloaded Prompt (0.81s/prompt, eta 73 min, 0 errors)
2026-10-03 04:15:10 [qwen 625/6000] 4155f2bd2867fc750a2d5e2ca5f08cc6#8 -> Ambiguous References; Overloaded Prompt (0.81s/prompt, eta 73 min, 0 errors)
2026-10-03 04:15:32 [qwen 650/6000] 0d089c84e627cf7065c0db5b03761e11#1 -> Vague / Missing Context (0.81s/prompt, eta 73 min, 0 errors)
2026-10-03 04:15:51 [qwen 675/6000] 4777e8252a7b7db71f6394dc92f0f777#3 -> Vague / Missing Context (0.81s/prompt, eta 72 min, 0 errors)
2026-10-03 04:16:10 [qwen 700/6000] 951392f185fffc326426677c574b351e#1 -> Ambiguous References; Overloaded Prompt; Vague / Missing Context (0.81s/prompt, eta 72 min, 0 errors)
2026-10-03 04:16:30 [qwen 725/6000] 33f0f2f8773fbf2316be15b5137a7799#5 -> Format Ambiguity (0.81s/prompt, eta 71 min, 0 errors)
2026-10-03 04:16:48 [qwen 750/6000] 5f6b0f936266fd24f27f199583e7dfcf#5 -> Vague / Missing Context (0.81s/prompt, eta 71 min, 0 errors)
2026-10-03 04:17:10 [qwen 775/6000] ec6e8ea65c53a477d0a5f701a984bfa5#1 -> Ambiguous References; Unnecessary Repetition (0.81s/prompt, eta 70 min, 0 errors)
2026-10-03 04:17:29 [qwen 800/6000] fab52f6102b5fa2d884f07c10da6618f#1 -> Format Ambiguity; Unnecessary Repetition (0.81s/prompt, eta 70 min, 0 errors)
2026-10-03 04:17:47 [qwen 825/6000] 07604129b49f0bf822466f35573b6798#1 -> Ambiguous References; Unnecessary Repetition (0.81s/prompt, eta 69 min, 0 errors)
2026-10-03 04:18:07 [qwen 850/6000] 097b61623d11fab9f3f3970f47c801d2#3 -> Vague / Missing Context (0.80s/prompt, eta 69 min, 0 errors)
2026-10-03 04:18:24 [qwen 875/6000] 82c3eeb4224c6092913e62880537df9d#1 -> Vague / Missing Context; Format Ambiguity (0.80s/prompt, eta 68 min, 0 errors)
2026-10-03 04:18:43 [qwen 900/6000] b7ea14efa45f6464673e14bad3660471#5 -> Vague / Missing Context; Unnecessary Repetition (0.80s/prompt, eta 68 min, 0 errors)
2026-10-03 04:19:00 [qwen 925/6000] 0a098ebd3b1b0616230604c66fdd4df4#12 -> Format Ambiguity (0.80s/prompt, eta 67 min, 0 errors)
2026-10-03 04:19:19 [qwen 950/6000] 095389d544cf5d87d73c6db09a003b63#1 -> Vague / Missing Context; Format Ambiguity (0.80s/prompt, eta 67 min, 0 errors)
2026-10-03 04:19:36 [qwen 975/6000] b1e80cecffb6e2a0d74d3f118ff8dd36#1 -> Overloaded Prompt (0.79s/prompt, eta 66 min, 0 errors)
2026-10-03 04:19:54 [qwen 1000/6000] 7338c68017fc4611674c21419afff385#4 -> Vague / Missing Context; Format Ambiguity (0.79s/prompt, eta 66 min, 0 errors)
2026-10-03 04:20:12 [qwen 1025/6000] c96b4a18fde3a9692e477fef7b37b3b4#6 -> Vague / Missing Context; Format Ambiguity (0.79s/prompt, eta 65 min, 0 errors)
2026-10-03 04:20:33 [qwen 1050/6000] c931ae034b79ee9939d74882c64acccc#1 -> Vague / Missing Context; Format Ambiguity (0.79s/prompt, eta 65 min, 0 errors)
2026-10-03 04:20:52 [qwen 1075/6000] e63369ce74bffa12e2b1801ca6490f9d#2 -> Ambiguous References; Vague / Missing Context (0.79s/prompt, eta 65 min, 0 errors)
2026-10-03 04:21:10 [qwen 1100/6000] 8aeb795ed452e22f35a67be169d51ffe#1 -> Vague / Missing Context; Ambiguous References (0.79s/prompt, eta 64 min, 0 errors)
2026-10-03 04:21:28 [qwen 1125/6000] 3f97330020c28742ba9959f6fc8ffe16#1 -> Irrelevant / Excessive Persona (0.79s/prompt, eta 64 min, 0 errors)
2026-10-03 04:21:45 [qwen 1150/6000] 69e0033401b9831505b145179166f9f9#8 -> Vague / Missing Context; Format Ambiguity (0.78s/prompt, eta 63 min, 0 errors)
2026-10-03 04:22:04 [qwen 1175/6000] 7a18696a6fb5eb650c793b241886d62e#1 -> Vague / Missing Context (0.78s/prompt, eta 63 min, 0 errors)
2026-10-03 04:22:21 [qwen 1200/6000] b7ba0287902f4408b149b1c74caf45ef#1 -> Vague / Missing Context; Format Ambiguity (0.78s/prompt, eta 63 min, 0 errors)
2026-10-03 04:22:39 [qwen 1225/6000] 3a9fd4eb9504b6af1b20398bad1eb26d#9 -> Vague / Missing Context (0.78s/prompt, eta 62 min, 0 errors)
2026-10-03 04:22:57 [qwen 1250/6000] 6069a5acc7da5490a43d2b943df15b40#1 -> Vague / Missing Context (0.78s/prompt, eta 62 min, 0 errors)
2026-10-03 04:23:21 [qwen 1275/6000] 9087eb73c16839f623ac457bab66fe93#1 -> Vague / Missing Context; Format Ambiguity (0.78s/prompt, eta 62 min, 0 errors)
2026-10-03 04:23:42 [qwen 1300/6000] ed76a6f36ac77cae49a6b01d1abf4218#3 -> Vague / Missing Context; Format Ambiguity (0.78s/prompt, eta 61 min, 0 errors)
2026-10-03 04:24:02 [qwen 1325/6000] 050ff024fa4944aa40c25f49a313823e#2 -> Ambiguous References; Overloaded Prompt; Prompt Bloat / Convoluted Prompt (0.78s/prompt, eta 61 min, 0 errors)
2026-10-03 04:24:21 [qwen 1350/6000] 5c6798e9bbfe0ae795d2ad20f4bb0dee#4 -> Vague / Missing Context (0.78s/prompt, eta 61 min, 0 errors)
2026-10-03 04:24:39 [qwen 1375/6000] b9c155cede4bd56866ee431c246c1979#1 -> Vague / Missing Context; Format Ambiguity (0.78s/prompt, eta 60 min, 0 errors)
2026-10-03 04:24:55 [qwen 1400/6000] aefd44816878268758b14b25ccec5381#1 -> Format Ambiguity (0.78s/prompt, eta 60 min, 0 errors)
2026-10-03 04:25:13 [qwen 1425/6000] 0d923d922dc0a846204a21be7e62d3f9#2 -> Vague / Missing Context; Ambiguous References (0.78s/prompt, eta 59 min, 0 errors)
2026-10-03 04:25:30 [qwen 1450/6000] e300b4385b46301085cdbb5697aaf734#3 -> Format Ambiguity (0.78s/prompt, eta 59 min, 0 errors)
2026-10-03 04:25:48 [qwen 1475/6000] 7e7cfcb2eb0ce05b1a77fcba3c1c4c38#2 -> Vague / Missing Context; Format Ambiguity (0.78s/prompt, eta 59 min, 0 errors)
2026-10-03 04:26:05 [qwen 1500/6000] d129ef6b967e60bd1b7d21d672ca9740#1 -> Ambiguous References; Vague / Missing Context (0.77s/prompt, eta 58 min, 0 errors)
2026-10-03 04:26:25 [qwen 1525/6000] 06623239729362a7134040fa06e56c06#2 -> Ambiguous References; Vague / Missing Context (0.78s/prompt, eta 58 min, 0 errors)
2026-10-03 04:26:45 [qwen 1550/6000] 030c745535c630dac51c595c29a17548#1 -> Vague / Missing Context; Format Ambiguity (0.78s/prompt, eta 58 min, 0 errors)
2026-10-03 04:27:03 [qwen 1575/6000] dbdd094e9c6a8b0ea7ce79d0d8abf81a#4 -> Vague / Missing Context; Format Ambiguity (0.77s/prompt, eta 57 min, 0 errors)
2026-10-03 04:27:21 [qwen 1600/6000] dd34939112bce62d8534d2416d2066b9#1 -> Format Ambiguity (0.77s/prompt, eta 57 min, 0 errors)
2026-10-03 04:27:39 [qwen 1625/6000] 46e7531c06f45c858b7d17143197a8ad#1 -> Vague / Missing Context; Format Ambiguity (0.77s/prompt, eta 56 min, 0 errors)
2026-10-03 04:27:58 [qwen 1650/6000] 8eb06f1814c893afbc6ab9ec3296e864#1 -> Vague / Missing Context (0.77s/prompt, eta 56 min, 0 errors)
2026-10-03 04:28:16 [qwen 1675/6000] 973ba0d9de4027d0d8b43d8d9d61551a#1 -> Format Ambiguity (0.77s/prompt, eta 56 min, 0 errors)
2026-10-03 04:28:33 [qwen 1700/6000] 409b91460142fc3e2d116b7787dfeb87#1 -> Irrelevant / Excessive Persona (0.77s/prompt, eta 55 min, 0 errors)
2026-10-03 04:28:52 [qwen 1725/6000] 71cc87776171aa7caa76ac3d09391c0e#1 -> Irrelevant / Excessive Persona (0.77s/prompt, eta 55 min, 0 errors)
2026-10-03 04:29:11 [qwen 1750/6000] 3ca8f9cafe9ddc12de20fb1b6fbb1307#1 -> Ambiguous References; Vague / Missing Context (0.77s/prompt, eta 55 min, 0 errors)
2026-10-03 04:29:28 [qwen 1775/6000] cfb73ef46b06bcb41e7e02cb9aadf3eb#3 -> Vague / Missing Context; Format Ambiguity (0.77s/prompt, eta 54 min, 0 errors)
2026-10-03 04:29:45 [qwen 1800/6000] 53da976f2c49a29cc38fb6f9b592bc48#4 -> Format Ambiguity; Overloaded Prompt (0.77s/prompt, eta 54 min, 0 errors)
2026-10-03 04:30:02 [qwen 1825/6000] 5c13336f430b7aa1a528e914cbbf552f#7 -> Ambiguous References; Vague / Missing Context (0.77s/prompt, eta 53 min, 0 errors)
2026-10-03 04:30:18 [qwen 1850/6000] e135a6e773a8751c9629923ce93008f1#3 -> Ambiguous References; Vague / Missing Context (0.76s/prompt, eta 53 min, 0 errors)
2026-10-03 04:30:36 [qwen 1875/6000] 08a3f5a79944fa20e8b21ff6452a40c2#5 -> Vague / Missing Context; Format Ambiguity (0.76s/prompt, eta 53 min, 0 errors)
2026-10-03 04:30:55 [qwen 1900/6000] 813ec253d1d6505056dea915726e0380#12 -> Vague / Missing Context; Format Ambiguity (0.76s/prompt, eta 52 min, 0 errors)
2026-10-03 04:31:15 [qwen 1925/6000] 03f66d6fa3015364223a54847c0b0312#1 -> Vague / Missing Context; Overloaded Prompt; Prompt Bloat / Convoluted Prompt (0.76s/prompt, eta 52 min, 0 errors)
2026-10-03 04:31:34 [qwen 1950/6000] d9e18b85abb8f94a87ba2ed612246ffb#1 -> Vague / Missing Context; Format Ambiguity (0.76s/prompt, eta 52 min, 0 errors)
2026-10-03 04:31:56 [qwen 1975/6000] 176f54689c7eadbdde9e1bfe7ece482c#3 -> Ambiguous References; Overloaded Prompt (0.77s/prompt, eta 51 min, 0 errors)
2026-10-03 04:32:15 [qwen 2000/6000] 785a83096670782e061cc2ea407c6d76#1 -> Vague / Missing Context; Ambiguous References; Overloaded Prompt (0.77s/prompt, eta 51 min, 0 errors)
2026-10-03 04:32:34 [qwen 2025/6000] 2a9fb52d482fdbeec726c9b395f61ae4#5 -> Vague / Missing Context; Ambiguous References (0.77s/prompt, eta 51 min, 0 errors)
2026-10-03 04:32:53 [qwen 2050/6000] 9b691232ea789499cee1a39b08a20ca6#12 -> Ambiguous References (0.77s/prompt, eta 50 min, 0 errors)
2026-10-03 04:33:11 [qwen 2075/6000] d0967436d9fd429696b7a842fac351cd#2 -> Format Ambiguity (0.77s/prompt, eta 50 min, 0 errors)
2026-10-03 04:33:29 [qwen 2100/6000] 132ee86e00e8dd8ddba638a83f49ac0f#2 -> Vague / Missing Context; Ambiguous References (0.76s/prompt, eta 50 min, 0 errors)
2026-10-03 04:33:46 [qwen 2125/6000] c82a66fde468e8d367e1a682126fc733#5 -> Vague / Missing Context; Ambiguous References (0.76s/prompt, eta 49 min, 0 errors)
2026-10-03 04:34:08 [qwen 2150/6000] dd7d48f5f54f976d13b0f193c7924dbf#1 -> Vague / Missing Context; Overloaded Prompt (0.76s/prompt, eta 49 min, 0 errors)
2026-10-03 04:34:28 [qwen 2175/6000] e73e800b64d760b706682a245557691b#3 -> Formality / Audience Mismatch (0.77s/prompt, eta 49 min, 0 errors)
2026-10-03 04:34:44 [qwen 2200/6000] 9cd1eaa25dd9e5f8fc91562d1a67f466#3 -> Ambiguous References (0.76s/prompt, eta 48 min, 0 errors)
2026-10-03 04:35:00 [qwen 2225/6000] d18deec38f1ff055f69207908069a908#8 -> Format Ambiguity (0.76s/prompt, eta 48 min, 0 errors)
2026-10-03 04:35:16 [qwen 2250/6000] 81252a543423daac194f3e7a2dd5195f#3 -> Vague / Missing Context; Ambiguous References (0.76s/prompt, eta 48 min, 0 errors)
2026-10-03 04:35:33 [qwen 2275/6000] 95d1673a83811f11ef209d86d4511acb#1 -> Vague / Missing Context; Ambiguous References (0.76s/prompt, eta 47 min, 0 errors)
2026-10-03 04:35:51 [qwen 2300/6000] 6a834581df08b5d2771eefedc6dae3f7#11 -> Vague / Missing Context; Ambiguous References (0.76s/prompt, eta 47 min, 0 errors)
2026-10-03 04:36:06 [qwen 2325/6000] ce93a458b5d27074dc7fc33bbd33b924#1 -> Ambiguous References; Unnecessary Repetition (0.76s/prompt, eta 46 min, 0 errors)
2026-10-03 04:36:22 [qwen 2350/6000] 90455cdaae5389e5cacfd67c489045ec#2 -> Vague / Missing Context; Format Ambiguity (0.76s/prompt, eta 46 min, 0 errors)
2026-10-03 04:36:41 [qwen 2375/6000] bdceb943fe53af655ad7ca2507055455#1 -> Vague / Missing Context (0.76s/prompt, eta 46 min, 0 errors)
2026-10-03 04:37:00 [qwen 2400/6000] f1c15271d72b0dbd7fec09d29b7ffb0e#3 -> Vague / Missing Context (0.76s/prompt, eta 45 min, 0 errors)
2026-10-03 04:37:18 [qwen 2425/6000] de91ad53da973ef72d6ad773250302a6#1 -> Vague / Missing Context; Ambiguous References (0.76s/prompt, eta 45 min, 0 errors)
2026-10-03 04:37:34 [qwen 2450/6000] 52d72af08b8dda7c81125e53f37f5b30#1 -> Vague / Missing Context; Format Ambiguity (0.76s/prompt, eta 45 min, 0 errors)
2026-10-03 04:37:53 [qwen 2475/6000] 4ff0aac0ccbf0e5b0e34e69de3f92a8f#1 -> Vague / Missing Context; Format Ambiguity (0.76s/prompt, eta 44 min, 0 errors)
2026-10-03 04:38:11 [qwen 2500/6000] 45e9391055d88e991251b802852bcac9#21 -> Ambiguous References (0.76s/prompt, eta 44 min, 0 errors)
2026-10-03 04:38:27 [qwen 2525/6000] ff06c93b6fc5d7184f226c4ae3be4d36#7 -> Ambiguous References; Vague / Missing Context (0.75s/prompt, eta 44 min, 0 errors)
2026-10-03 04:38:45 [qwen 2550/6000] f074237afd45470512fba05bf1f45158#1 -> Vague / Missing Context; Format Ambiguity (0.75s/prompt, eta 43 min, 0 errors)
2026-10-03 04:39:05 [qwen 2575/6000] ff4fb78b7a5b1c7173fdeeab6b248ceb#7 -> Conflicting Constraints; Unnecessary Repetition (0.75s/prompt, eta 43 min, 0 errors)
2026-10-03 04:39:22 [qwen 2600/6000] 7e09e399c79cb69b8d6a80953e094ec6#5 -> Format Ambiguity (0.75s/prompt, eta 43 min, 0 errors)
2026-10-03 04:39:38 [qwen 2625/6000] 92774fc636bb34225fc764ee1e141bbc#3 -> Ambiguous References; Vague / Missing Context (0.75s/prompt, eta 42 min, 0 errors)
2026-10-03 04:39:57 [qwen 2650/6000] 05f9c9dcb571ea0ccf68975e0422bc56#3 -> Ambiguous References; Vague / Missing Context (0.75s/prompt, eta 42 min, 0 errors)
2026-10-03 04:40:13 [qwen 2675/6000] d8e1d80aeb35e75e94702d6312c46a1b#7 -> Vague / Missing Context (0.75s/prompt, eta 42 min, 0 errors)
2026-10-03 04:40:30 [qwen 2700/6000] 8eea8678ac2a6c3d976ed562ebd5899f#25 -> Vague / Missing Context; Format Ambiguity (0.75s/prompt, eta 41 min, 0 errors)
2026-10-03 04:40:47 [qwen 2725/6000] 094d3a7c639a2dbcf6193220443132dd#3 -> Vague / Missing Context (0.75s/prompt, eta 41 min, 0 errors)
2026-10-03 04:41:03 [qwen 2750/6000] 094d3a7c639a2dbcf6193220443132dd#29 -> Format Ambiguity (0.75s/prompt, eta 41 min, 0 errors)
2026-10-03 04:41:18 [qwen 2775/6000] 8168adfecbca4bc659c4daea8f4d4ac9#4 -> Vague / Missing Context (0.75s/prompt, eta 40 min, 0 errors)
2026-10-03 04:41:34 [qwen 2800/6000] 34822fe66adf80ec05514531c870bea8#16 -> Vague / Missing Context; Format Ambiguity (0.75s/prompt, eta 40 min, 0 errors)
2026-10-03 04:41:51 [qwen 2825/6000] e698a18765656330429980f1346a0066#7 -> None (0.75s/prompt, eta 39 min, 0 errors)
2026-10-03 04:42:07 [qwen 2850/6000] 32742e61f06c16558a1964d5bcbf5d28#2 -> Vague / Missing Context; Format Ambiguity (0.75s/prompt, eta 39 min, 0 errors)
2026-10-03 04:42:22 [qwen 2875/6000] 32742e61f06c16558a1964d5bcbf5d28#27 -> Vague / Missing Context (0.74s/prompt, eta 39 min, 0 errors)
2026-10-03 04:42:38 [qwen 2900/6000] 5ff012fd994759b3b4f03c437138cc0b#9 -> Vague / Missing Context (0.74s/prompt, eta 38 min, 0 errors)
2026-10-03 04:42:54 [qwen 2925/6000] 12622ec12050a4f98ccf85d4785002dd#1 -> Format Ambiguity; Overloaded Prompt (0.74s/prompt, eta 38 min, 0 errors)
2026-10-03 04:43:12 [qwen 2950/6000] 80a7aef2cc6b929cfe0bdf484c3c9dc5#2 -> Vague / Missing Context; Format Ambiguity (0.74s/prompt, eta 38 min, 0 errors)
2026-10-03 04:43:28 [qwen 2975/6000] 0fd4b824ea5d505ad33ed48818fc1771#6 -> Vague / Missing Context; Format Ambiguity (0.74s/prompt, eta 37 min, 0 errors)
2026-10-03 04:43:44 [qwen 3000/6000] 33157839d4fda135098fa16ed4ae0c49#3 -> Vague / Missing Context; Ambiguous References (0.74s/prompt, eta 37 min, 0 errors)
2026-10-03 04:44:01 [qwen 3025/6000] 87f0a2a0aadc730e475baccedcbf24fc#4 -> Vague / Missing Context (0.74s/prompt, eta 37 min, 0 errors)
2026-10-03 04:44:16 [qwen 3050/6000] 7ad7a26ce6b187e407b6c70afa1948b1#2 -> Ambiguous References; Vague / Missing Context (0.74s/prompt, eta 36 min, 0 errors)
2026-10-03 04:44:30 [qwen 3075/6000] a190e9f0c7a81a8e7cd86e9744926027#13 -> Vague / Missing Context (0.74s/prompt, eta 36 min, 0 errors)
2026-10-03 04:44:43 [qwen 3100/6000] a190e9f0c7a81a8e7cd86e9744926027#38 -> Vague / Missing Context; Format Ambiguity (0.74s/prompt, eta 36 min, 0 errors)
2026-10-03 04:44:58 [qwen 3125/6000] 58843d79629ee31544ae49d31dcb3a17#1 -> Vague / Missing Context; Format Ambiguity (0.73s/prompt, eta 35 min, 0 errors)
2026-10-03 04:45:12 [qwen 3150/6000] 975b5514d3fabc46263edfc81fae5e99#23 -> Vague / Missing Context (0.73s/prompt, eta 35 min, 0 errors)
2026-10-03 04:45:24 [qwen 3175/6000] 975b5514d3fabc46263edfc81fae5e99#48 -> Vague / Missing Context; Format Ambiguity (0.73s/prompt, eta 34 min, 0 errors)
2026-10-03 04:45:41 [qwen 3200/6000] bf6c46774e9f5803e34ade907e6f7f2d#1 -> Vague / Missing Context (0.73s/prompt, eta 34 min, 0 errors)
2026-10-03 04:46:00 [qwen 3225/6000] 1272b7c7967a89623847bbe29c384a2f#1 -> Vague / Missing Context; Format Ambiguity (0.73s/prompt, eta 34 min, 0 errors)
2026-10-03 04:46:19 [qwen 3250/6000] 8f9202c145082488be737dde946b0ce9#1 -> Vague / Missing Context (0.73s/prompt, eta 34 min, 0 errors)
2026-10-03 04:46:37 [qwen 3275/6000] 73dc0ff614e73085d61838878970b49e#2 -> Vague / Missing Context (0.73s/prompt, eta 33 min, 0 errors)
2026-10-03 04:46:54 [qwen 3300/6000] 2a62b22b555ae1079e139aea36110322#1 -> Vague / Missing Context (0.73s/prompt, eta 33 min, 0 errors)
2026-10-03 04:47:11 [qwen 3325/6000] 413af815d3e4e270af2c7c868f38c5c3#1 -> Vague / Missing Context (0.73s/prompt, eta 33 min, 0 errors)
2026-10-03 04:47:28 [qwen 3350/6000] 13534624512f98a0fa1bda7226b72a4e#2 -> Vague / Missing Context; Format Ambiguity (0.73s/prompt, eta 32 min, 0 errors)
2026-10-03 04:47:46 [qwen 3375/6000] b8ad02f44236ba0a76880e4c7cabd4e4#1 -> Vague / Missing Context; Format Ambiguity (0.73s/prompt, eta 32 min, 0 errors)
2026-10-03 04:48:04 [qwen 3400/6000] a19fab3c96b82eff43c9ce2e0bda12bb#3 -> Vague / Missing Context; Ambiguous References (0.73s/prompt, eta 32 min, 0 errors)
2026-10-03 04:48:20 [qwen 3425/6000] cc573147a25607cb8db29fc875d17bbb#4 -> Vague / Missing Context; Format Ambiguity (0.73s/prompt, eta 31 min, 0 errors)
2026-10-03 04:48:37 [qwen 3450/6000] 82157bc0ff6dfbb74cc986df8692326c#2 -> Vague / Missing Context (0.73s/prompt, eta 31 min, 0 errors)
2026-10-03 04:48:55 [qwen 3475/6000] 8316943d047c26bf6f8ce3beeefb6e34#1 -> Vague / Missing Context; Format Ambiguity (0.73s/prompt, eta 31 min, 0 errors)
2026-10-03 04:49:09 [qwen 3500/6000] e139463a82ef58d06ff542e012164ff9#14 -> Vague / Missing Context (0.73s/prompt, eta 30 min, 0 errors)
2026-10-03 04:49:22 [qwen 3525/6000] e139463a82ef58d06ff542e012164ff9#39 -> Vague / Missing Context (0.73s/prompt, eta 30 min, 0 errors)
2026-10-03 04:49:38 [qwen 3550/6000] 6d8ef573701ceed7689eb07054cc7a0e#13 -> Vague / Missing Context (0.73s/prompt, eta 30 min, 0 errors)
2026-10-03 04:49:52 [qwen 3575/6000] 5ce422f0d74b74f701aaa921493957cc#14 -> Vague / Missing Context (0.72s/prompt, eta 29 min, 0 errors)
2026-10-03 04:50:05 [qwen 3600/6000] 5ce422f0d74b74f701aaa921493957cc#39 -> Vague / Missing Context (0.72s/prompt, eta 29 min, 0 errors)
2026-10-03 04:50:20 [qwen 3625/6000] 1d2284cdfb27bd59a170b5db80062d6a#4 -> Vague / Missing Context; Format Ambiguity (0.72s/prompt, eta 29 min, 0 errors)
2026-10-03 04:50:34 [qwen 3650/6000] 02e7cc23adaa51368ba65d8b46447f1e#8 -> Ambiguous References (0.72s/prompt, eta 28 min, 0 errors)
2026-10-03 04:50:50 [qwen 3675/6000] 787ffc7cc9f4b9e88c5dec55cad767cd#2 -> Vague / Missing Context (0.72s/prompt, eta 28 min, 0 errors)
2026-10-03 04:51:04 [qwen 3700/6000] 3872863052f34fbcf499bedff1b51200#23 -> Vague / Missing Context (0.72s/prompt, eta 28 min, 0 errors)
2026-10-03 04:51:16 [qwen 3725/6000] 3872863052f34fbcf499bedff1b51200#48 -> Vague / Missing Context (0.72s/prompt, eta 27 min, 0 errors)
2026-10-03 04:51:32 [qwen 3750/6000] bca1218e021c0bffb33ca888235cdae4#7 -> Vague / Missing Context; Ambiguous References (0.72s/prompt, eta 27 min, 0 errors)
2026-10-03 04:51:45 [qwen 3775/6000] bca1218e021c0bffb33ca888235cdae4#32 -> Vague / Missing Context; Format Ambiguity (0.72s/prompt, eta 27 min, 0 errors)
2026-10-03 04:51:59 [qwen 3800/6000] 2cf23df14115324a0d8619a3d2a74940#2 -> Ambiguous References (0.71s/prompt, eta 26 min, 0 errors)
2026-10-03 04:52:16 [qwen 3825/6000] 4768a83ffc071a2788aa8c63ee8f4f19#5 -> Ambiguous References; Format Ambiguity (0.71s/prompt, eta 26 min, 0 errors)
2026-10-03 04:52:30 [qwen 3850/6000] 7546d33e884f3cf63426292e3a14e971#22 -> Vague / Missing Context (0.71s/prompt, eta 26 min, 0 errors)
2026-10-03 04:52:42 [qwen 3875/6000] 7546d33e884f3cf63426292e3a14e971#47 -> Vague / Missing Context; Format Ambiguity (0.71s/prompt, eta 25 min, 0 errors)
2026-10-03 04:52:59 [qwen 3900/6000] 5daa705af3b24994dbfbf5346009fbc5#1 -> Format Ambiguity (0.71s/prompt, eta 25 min, 0 errors)
2026-10-03 04:53:13 [qwen 3925/6000] 5f6c1244af7d1c9175aca4e4d9c7464a#21 -> Vague / Missing Context (0.71s/prompt, eta 25 min, 0 errors)
2026-10-03 04:53:26 [qwen 3950/6000] 5f6c1244af7d1c9175aca4e4d9c7464a#46 -> Vague / Missing Context (0.71s/prompt, eta 24 min, 0 errors)
2026-10-03 04:53:50 [qwen 3975/6000] 8a0b3ba9339faf5126a9624f41612f5c#6 -> Vague / Missing Context (0.71s/prompt, eta 24 min, 0 errors)
2026-10-03 04:54:03 [qwen 4000/6000] 8a0b3ba9339faf5126a9624f41612f5c#31 -> Vague / Missing Context (0.71s/prompt, eta 24 min, 0 errors)
2026-10-03 04:54:17 [qwen 4025/6000] 6a2ce9e01595986b2d8d37089516cef5#2 -> Vague / Missing Context; Format Ambiguity (0.71s/prompt, eta 23 min, 0 errors)
2026-10-03 04:54:30 [qwen 4050/6000] 5e462b3f369032a5ca8729e9688ec0c7#22 -> Vague / Missing Context (0.71s/prompt, eta 23 min, 0 errors)
2026-10-03 04:54:42 [qwen 4075/6000] 5e462b3f369032a5ca8729e9688ec0c7#47 -> Vague / Missing Context (0.71s/prompt, eta 23 min, 0 errors)
2026-10-03 04:54:58 [qwen 4100/6000] cdfcc92aa0c613ddbf57b23fdde8b943#1 -> Vague / Missing Context (0.71s/prompt, eta 22 min, 0 errors)
2026-10-03 04:55:13 [qwen 4125/6000] 02bca2e0c9f5b58deb0f3b5a287572c4#3 -> Prompt Bloat / Convoluted Prompt; Unnecessary Repetition (0.71s/prompt, eta 22 min, 0 errors)
2026-10-03 04:55:30 [qwen 4150/6000] edf0e587da83a7d10fbb563dd4cea5f9#1 -> Vague / Missing Context (0.71s/prompt, eta 22 min, 0 errors)
2026-10-03 04:55:48 [qwen 4175/6000] a78db106e66b22d1cb73517c592dbc13#1 -> Vague / Missing Context; Ambiguous References (0.71s/prompt, eta 21 min, 0 errors)
2026-10-03 04:56:02 [qwen 4200/6000] bd5c40dc117e397206eeeff31e6c9bef#22 -> Ambiguous References; Overloaded Prompt (0.70s/prompt, eta 21 min, 0 errors)
2026-10-03 04:56:14 [qwen 4225/6000] bd5c40dc117e397206eeeff31e6c9bef#47 -> Vague / Missing Context (0.70s/prompt, eta 21 min, 0 errors)
2026-10-03 04:56:31 [qwen 4250/6000] 739c18b974e3a0c9b26b660ad2ce5bce#2 -> Format Ambiguity (0.70s/prompt, eta 21 min, 0 errors)
2026-10-03 04:56:45 [qwen 4275/6000] 739c18b974e3a0c9b26b660ad2ce5bce#27 -> Vague / Missing Context (0.70s/prompt, eta 20 min, 0 errors)
2026-10-03 04:56:58 [qwen 4300/6000] 3a5398ca3ed22a932b51cdf0a66ce35e#1 -> Format Ambiguity (0.70s/prompt, eta 20 min, 0 errors)
2026-10-03 04:57:14 [qwen 4325/6000] 1708e91e2134a36049c8759b1784352e#8 -> Vague / Missing Context (0.70s/prompt, eta 20 min, 0 errors)
2026-10-03 04:57:27 [qwen 4350/6000] 1708e91e2134a36049c8759b1784352e#33 -> Vague / Missing Context; Format Ambiguity (0.70s/prompt, eta 19 min, 0 errors)
2026-10-03 04:57:40 [qwen 4375/6000] 92e5d6380967ef516d165ec394e1c75f#1 -> Vague / Missing Context (0.70s/prompt, eta 19 min, 0 errors)
2026-10-03 04:57:57 [qwen 4400/6000] 5c108e733ce7aff9fd6f0edaf057950d#3 -> Vague / Missing Context (0.70s/prompt, eta 19 min, 0 errors)
2026-10-03 04:58:10 [qwen 4425/6000] 5c108e733ce7aff9fd6f0edaf057950d#28 -> Vague / Missing Context (0.70s/prompt, eta 18 min, 0 errors)
2026-10-03 04:58:25 [qwen 4450/6000] 7066437c6dd8162177f16c3f3aeabf5e#1 -> Vague / Missing Context; Format Ambiguity (0.70s/prompt, eta 18 min, 0 errors)
2026-10-03 04:58:43 [qwen 4475/6000] 2153ca3d0e0b59302a6f5225239ed71b#2 -> Format Ambiguity (0.70s/prompt, eta 18 min, 0 errors)
2026-10-03 04:59:02 [qwen 4500/6000] 86f9e4302e3b568a2fcbdd1ceb4fbe74#5 -> Vague / Missing Context (0.70s/prompt, eta 17 min, 0 errors)
2026-10-03 04:59:14 [qwen 4525/6000] 86f9e4302e3b568a2fcbdd1ceb4fbe74#30 -> Vague / Missing Context; Ambiguous References (0.70s/prompt, eta 17 min, 0 errors)
2026-10-03 04:59:28 [qwen 4550/6000] bd5ad70e7ef241690d5be1ccae2158a6#2 -> Vague / Missing Context (0.70s/prompt, eta 17 min, 0 errors)
2026-10-03 04:59:50 [qwen 4575/6000] ccd7c8f51a452a6c0e32d6fb680ca3da#2 -> None (0.70s/prompt, eta 17 min, 0 errors)
2026-10-03 05:00:07 [qwen 4600/6000] 5f1bb8d38ce15c7e7504b96b02d524e7#3 -> Vague / Missing Context; Ambiguous References (0.70s/prompt, eta 16 min, 0 errors)
2026-10-03 05:00:22 [qwen 4625/6000] 3d3d554f4bd9c02ed53b131afc9bf1b2#1 -> Vague / Missing Context; Format Ambiguity (0.70s/prompt, eta 16 min, 0 errors)
2026-10-03 05:00:39 [qwen 4650/6000] 0c12d194cd06520b6d1d14cf3f4c3496#1 -> Vague / Missing Context; Ambiguous References; Unnecessary Repetition (0.70s/prompt, eta 16 min, 0 errors)
2026-10-03 05:00:57 [qwen 4675/6000] 6a5e62616829c6a5b1a8af16d25fba7f#6 -> Vague / Missing Context (0.70s/prompt, eta 15 min, 0 errors)
2026-10-03 05:01:12 [qwen 4700/6000] d60000e40dc782a4c3548e177a0a2696#1 -> Vague / Missing Context (0.70s/prompt, eta 15 min, 0 errors)
2026-10-03 05:01:32 [qwen 4725/6000] 52445ea7dcfb05465db25af87544ad1b#1 -> Vague / Missing Context; Ambiguous References (0.70s/prompt, eta 15 min, 0 errors)
2026-10-03 05:01:48 [qwen 4750/6000] e022959fe7204caf3be690e3c69d15a1#3 -> Ambiguous References; Formality / Audience Mismatch (0.70s/prompt, eta 14 min, 0 errors)
2026-10-03 05:02:06 [qwen 4775/6000] 2aa77ce30b0e8608d35dcd85a116b9fc#4 -> Vague / Missing Context; Ambiguous References (0.70s/prompt, eta 14 min, 0 errors)
2026-10-03 05:02:23 [qwen 4800/6000] df07d8cde58ede01764cd1501093d292#9 -> Ambiguous References; Overloaded Prompt (0.70s/prompt, eta 14 min, 0 errors)
2026-10-03 05:02:40 [qwen 4825/6000] 5775c8ee0bc7d4333689e63514273ca4#2 -> Ambiguous References; Vague / Missing Context (0.70s/prompt, eta 14 min, 0 errors)
2026-10-03 05:02:57 [qwen 4850/6000] 8fb3951900c3f7019f6afa1d9c840731#19 -> Format Ambiguity (0.70s/prompt, eta 13 min, 0 errors)
2026-10-03 05:03:16 [qwen 4875/6000] ab9cfbfdaf93497cc8a3868db9d12f60#3 -> Vague / Missing Context; Format Ambiguity (0.70s/prompt, eta 13 min, 0 errors)
2026-10-03 05:03:33 [qwen 4900/6000] d8109c873a7ca3223ed38720b8f55f37#1 -> Bias / Loaded Framing; Unnecessary Repetition (0.70s/prompt, eta 13 min, 0 errors)
2026-10-03 05:03:52 [qwen 4925/6000] 8e50ac626d949f35976e14ca6d11bf58#1 -> Overloaded Prompt; Unnecessary Repetition (0.70s/prompt, eta 12 min, 0 errors)
2026-10-03 05:04:08 [qwen 4950/6000] 872c3260351ac10f330a92413379f288#3 -> Vague / Missing Context (0.70s/prompt, eta 12 min, 0 errors)
2026-10-03 05:04:23 [qwen 4975/6000] 81985ecf14fc6833ffb78c7341cc9366#1 -> Vague / Missing Context (0.70s/prompt, eta 12 min, 0 errors)
2026-10-03 05:04:40 [qwen 5000/6000] ddfcbdd8bc758f14a9ec3e75beb36a61#1 -> Vague / Missing Context (0.70s/prompt, eta 12 min, 0 errors)
2026-10-03 05:04:57 [qwen 5025/6000] 5b3778910bd6e3befcef5e58d418560c#3 -> Vague / Missing Context; Ambiguous References (0.70s/prompt, eta 11 min, 0 errors)
2026-10-03 05:05:15 [qwen 5050/6000] 7b93c4a568df061ffed194cae28efda6#1 -> Vague / Missing Context; Format Ambiguity (0.70s/prompt, eta 11 min, 0 errors)
2026-10-03 05:05:34 [qwen 5075/6000] 9d3045d27f7bea6bd08a66d16fcaa48a#3 -> Vague / Missing Context; Ambiguous References (0.70s/prompt, eta 11 min, 0 errors)
2026-10-03 05:05:52 [qwen 5100/6000] 3c232022c8f156e85ce527211b3878b0#3 -> Vague / Missing Context (0.70s/prompt, eta 10 min, 0 errors)
2026-10-03 05:06:09 [qwen 5125/6000] 864fdd42736c8581591db8d7dee44605#1 -> Vague / Missing Context; Format Ambiguity (0.70s/prompt, eta 10 min, 0 errors)
2026-10-03 05:06:24 [qwen 5150/6000] 6fb66c229eb57681ba2f1a544ab578cb#3 -> Vague / Missing Context; Format Ambiguity (0.70s/prompt, eta 10 min, 0 errors)
2026-10-03 05:06:42 [qwen 5175/6000] 19ee3ca70053213aa3b5165720f4cd9f#3 -> Ambiguous References; Formality / Audience Mismatch (0.70s/prompt, eta 10 min, 0 errors)
2026-10-03 05:06:59 [qwen 5200/6000] 1838b24328c1dd3508c61f3eb7a12390#4 -> Format Ambiguity (0.70s/prompt, eta 9 min, 0 errors)
2026-10-03 05:07:16 [qwen 5225/6000] dfab03ae297b9db27d6cb935350c18d9#1 -> Vague / Missing Context; Format Ambiguity (0.70s/prompt, eta 9 min, 0 errors)
2026-10-03 05:07:39 [qwen 5250/6000] 211232df5617718435283eb52763aa8b#7 -> Vague / Missing Context; Ambiguous References (0.70s/prompt, eta 9 min, 0 errors)
2026-10-03 05:07:59 [qwen 5275/6000] 76bad785cbeb0813aeb0410912fbb214#1 -> Format Ambiguity (0.70s/prompt, eta 8 min, 0 errors)
2026-10-03 05:08:21 [qwen 5300/6000] aa16f207312acc7cd91b8979baa8a595#2 -> Vague / Missing Context; Format Ambiguity (0.70s/prompt, eta 8 min, 0 errors)
2026-10-03 05:08:43 [qwen 5325/6000] a2928b830b8b66809296a0ee17fcde35#4 -> Vague / Missing Context; Format Ambiguity (0.70s/prompt, eta 8 min, 0 errors)
2026-10-03 05:09:01 [qwen 5350/6000] 4bdf3fcd8baf50fcbbb09ad9b2299baa#2 -> Formality / Audience Mismatch (0.70s/prompt, eta 8 min, 0 errors)
2026-10-03 05:09:21 [qwen 5375/6000] 4c96ab726ae7c89b7d3935b72ed2ea47#4 -> Ambiguous References; Vague / Missing Context (0.70s/prompt, eta 7 min, 0 errors)
2026-10-03 05:09:39 [qwen 5400/6000] 53dce996e055f1b550cc5ee6adff6f17#6 -> Vague / Missing Context (0.70s/prompt, eta 7 min, 0 errors)
2026-10-03 05:09:53 [qwen 5425/6000] 4be001190b0f9657c36947cd637a27b3#2 -> Ambiguous References; Vague / Missing Context (0.70s/prompt, eta 7 min, 0 errors)
2026-10-03 05:10:09 [qwen 5450/6000] 2aa4f557d951dd061afa73d14cb9faaf#5 -> Ambiguous References; Vague / Missing Context (0.70s/prompt, eta 6 min, 0 errors)
2026-10-03 05:10:24 [qwen 5475/6000] 17e209aebcdf8e4ecc1852604ad98378#1 -> Vague / Missing Context (0.70s/prompt, eta 6 min, 0 errors)
2026-10-03 05:10:42 [qwen 5500/6000] a7c95c63b036eebfc4c5e9d05706259c#4 -> Vague / Missing Context (0.70s/prompt, eta 6 min, 0 errors)
2026-10-03 05:10:58 [qwen 5525/6000] 9654c8926914e5aa82bb1947d0976868#2 -> Vague / Missing Context (0.70s/prompt, eta 6 min, 0 errors)
2026-10-03 05:11:13 [qwen 5550/6000] 6024ae2c388129d76a191bc8cd0773d9#4 -> Ambiguous References; Vague / Missing Context (0.70s/prompt, eta 5 min, 0 errors)
2026-10-03 05:11:31 [qwen 5575/6000] 890e6f35fd262f4aee2afae45caef1c9#2 -> Vague / Missing Context (0.70s/prompt, eta 5 min, 0 errors)
2026-10-03 05:11:48 [qwen 5600/6000] 2f7957f78aa231066b7b3da04040db4c#3 -> Vague / Missing Context (0.70s/prompt, eta 5 min, 0 errors)
2026-10-03 05:12:04 [qwen 5625/6000] 6cdb5a45423f2b22c53ef8dfa313313f#6 -> Vague / Missing Context (0.70s/prompt, eta 4 min, 0 errors)
2026-10-03 05:12:23 [qwen 5650/6000] 74d22e1a92ec63e5dddb8fc4622d5f8d#1 -> Ambiguous References; Unnecessary Repetition (0.70s/prompt, eta 4 min, 0 errors)
2026-10-03 05:12:42 [qwen 5675/6000] c561cc0dc6074a443088bbc4698ef8db#1 -> Vague / Missing Context (0.70s/prompt, eta 4 min, 0 errors)
2026-10-03 05:12:57 [qwen 5700/6000] fef5b5b8f56db62e199c71d4350d960a#4 -> Vague / Missing Context; Format Ambiguity (0.70s/prompt, eta 3 min, 0 errors)
2026-10-03 05:13:12 [qwen 5725/6000] c267998625b20a5ea3a2ec77fe0c729e#3 -> Format Ambiguity (0.70s/prompt, eta 3 min, 0 errors)
2026-10-03 05:13:30 [qwen 5750/6000] 791a7209413e075ee30d8216ab449dba#2 -> Conflicting Constraints; Unnecessary Repetition (0.70s/prompt, eta 3 min, 0 errors)
2026-10-03 05:13:50 [qwen 5775/6000] 7bbbf68ec52f694758cd1a688998895b#6 -> Ambiguous References; Overloaded Prompt (0.70s/prompt, eta 3 min, 0 errors)
2026-10-03 05:14:09 [qwen 5800/6000] 41ebe08cb2d63271cb2eef7fd4405f15#2 -> Conflicting Constraints; Overloaded Prompt (0.70s/prompt, eta 2 min, 0 errors)
2026-10-03 05:14:27 [qwen 5825/6000] e6da6c7e116567ba65bb8d352527f300#1 -> Ambiguous References; Unnecessary Repetition (0.70s/prompt, eta 2 min, 0 errors)
2026-10-03 05:14:44 [qwen 5850/6000] a51bf57d38d37546d268cc78b1c324a5#9 -> Vague / Missing Context; Format Ambiguity (0.70s/prompt, eta 2 min, 0 errors)
2026-10-03 05:15:03 [qwen 5875/6000] 722f1ca80f8daa005b8fc2526fb0df57#11 -> Ambiguous References; Overloaded Prompt; Unnecessary Repetition (0.70s/prompt, eta 1 min, 0 errors)
2026-10-03 05:15:24 [qwen 5900/6000] 186f02901f43745794fd8428b1f2f629#6 -> Vague / Missing Context; Format Ambiguity (0.70s/prompt, eta 1 min, 0 errors)
2026-10-03 05:15:41 [qwen 5925/6000] 78282df8b4806e8bacc2c1cdd38cc49f#1 -> Vague / Missing Context; Ambiguous References (0.70s/prompt, eta 1 min, 0 errors)
2026-10-03 05:15:58 [qwen 5950/6000] 14197bbef18690e8ff91863d1aedd9f6#1 -> Ambiguous References; Overloaded Prompt (0.70s/prompt, eta 1 min, 0 errors)
2026-10-03 05:16:19 [qwen 5975/6000] 8d9c824ff3d1de6bd4b25650a8866c7e#7 -> Unnecessary Repetition; Ambiguous References (0.70s/prompt, eta 0 min, 0 errors)
2026-10-03 05:16:36 [qwen 6000/6000] 919db39a75a2a6294f92f88e78c2beea#1 -> Vague / Missing Context; Ambiguous References (0.70s/prompt, eta 0 min, 0 errors)
2026-10-03 05:16:36 qwen: done, 6000 rows, 0 errors
2026-10-03 05:16:36 tev1 (tev1:0.8b): 0/6000 done, 6000 to go
2026-10-03 05:16:54 [tev1 25/6000] 291e8752b1737c209223ee3bf67ae1d1#1 -> None 0.4738 (0.72s/prompt, eta 71 min, 0 errors)
2026-10-03 05:17:11   HTTP 400: {"error":"prompt 0 has 4252 tokens; expected 1–2050 (input is never truncated)"} - retrying with the first 1734 chars
2026-10-03 05:17:11   HTTP 400: {"error":"prompt 0 has 3825 tokens; expected 1–2050 (input is never truncated)"} - retrying with the first 867 chars
2026-10-03 05:17:11   HTTP 400: {"error":"prompt 0 has 3616 tokens; expected 1–2050 (input is never truncated)"} - retrying with the first 433 chars
2026-10-03 05:17:11   HTTP 400: {"error":"prompt 0 has 2659 tokens; expected 1–2050 (input is never truncated)"} - retrying with the first 216 chars
2026-10-03 05:17:13   HTTP 400: {"error":"prompt 0 has 3952 tokens; expected 1–2050 (input is never truncated)"} - retrying with the first 993 chars
2026-10-03 05:17:13   HTTP 400: {"error":"prompt 0 has 3660 tokens; expected 1–2050 (input is never truncated)"} - retrying with the first 496 chars
2026-10-03 05:17:13   HTTP 400: {"error":"prompt 0 has 2966 tokens; expected 1–2050 (input is never truncated)"} - retrying with the first 248 chars
2026-10-03 05:17:14 [tev1 50/6000] 08ec9fe37d232fcce5a07588ab0b0432#3 -> Vague / Missing Context 0.5259 (0.77s/prompt, eta 76 min, 0 errors)
2026-10-03 05:17:33 [tev1 75/6000] 5ce4b255aa05816f322e9e37e82cac74#1 -> None 0.5086 (0.77s/prompt, eta 76 min, 0 errors)
2026-10-03 05:17:50 [tev1 100/6000] 8f0fbb46a6c0184baa35b4cae1f5b446#1 -> None 0.4788 (0.74s/prompt, eta 73 min, 0 errors)
2026-10-03 05:18:05 [tev1 125/6000] 45b2f12895cb672859d9b6507db9339e#4 -> None 0.5323 (0.71s/prompt, eta 70 min, 0 errors)
2026-10-03 05:18:20 [tev1 150/6000] a882fd412453d0b7e06c50b7468613ba#3 -> None 0.5084 (0.70s/prompt, eta 68 min, 0 errors)
2026-10-03 05:18:35 [tev1 175/6000] 4ea618132c3dcf80a67b9cb8f5279205#1 -> None 0.4782 (0.68s/prompt, eta 66 min, 0 errors)
2026-10-03 05:18:51 [tev1 200/6000] 76e29925b2e582e984a3c1aea2d4081a#2 -> None 0.2921 (0.67s/prompt, eta 65 min, 0 errors)
2026-10-03 05:19:06 [tev1 225/6000] 6711582e3c0b01bf1d23334ee57721dd#4 -> None 0.7711 (0.67s/prompt, eta 64 min, 0 errors)
2026-10-03 05:19:20 [tev1 250/6000] 5def889dca13d5b2339239cc3c42b376#2 -> None 0.6799 (0.66s/prompt, eta 63 min, 0 errors)
2026-10-03 05:19:34 [tev1 275/6000] 1824ad022e6a7f525e534ac2ba4368b6#3 -> None 0.6875 (0.65s/prompt, eta 62 min, 0 errors)
2026-10-03 05:19:49 [tev1 300/6000] 73c1a9ec821e7e197d74fdd9553dfc2a#6 -> Format Ambiguity 0.3526 (0.64s/prompt, eta 61 min, 0 errors)
2026-10-03 05:19:54   HTTP 400: {"error":"prompt 0 has 2087 tokens; expected 1–2050 (input is never truncated)"} - retrying with the first 1044 chars
2026-10-03 05:20:03 [tev1 325/6000] 0b82001902668cf0a0e6d01e379ddf76#5 -> None 0.5221 (0.64s/prompt, eta 60 min, 0 errors)
2026-10-03 05:20:16 [tev1 350/6000] 3f3cced9121db005d31770a19c35fb76#1 -> None 0.6175 (0.63s/prompt, eta 59 min, 0 errors)
2026-10-03 05:20:33 [tev1 375/6000] ff414d72e01e142041fe47d746b85017#8 -> Vague / Missing Context 0.3509 (0.63s/prompt, eta 59 min, 0 errors)
2026-10-03 05:20:47 [tev1 400/6000] 1b5c99bbabc433cba8a0805d096841e0#2 -> None 0.4372 (0.63s/prompt, eta 59 min, 0 errors)
2026-10-03 05:21:03 [tev1 425/6000] f23af18d88c21718def6d26a1d1a0683#5 -> None 0.6190 (0.63s/prompt, eta 59 min, 0 errors)
2026-10-03 05:21:21 [tev1 450/6000] 676c9d5f9af6c41b9b451bfdfb4c783e#3 -> None 0.4876 (0.63s/prompt, eta 59 min, 0 errors)
2026-10-03 05:21:35 [tev1 475/6000] b43c4b2fca3dfec9a8da6eebd542ff2e#1 -> None 0.5115 (0.63s/prompt, eta 58 min, 0 errors)
2026-10-03 05:21:41   HTTP 400: {"error":"prompt 0 has 3144 tokens; expected 1–2050 (input is never truncated)"} - retrying with the first 2000 chars
2026-10-03 05:21:44   HTTP 400: {"error":"prompt 0 has 3144 tokens; expected 1–2050 (input is never truncated)"} - retrying with the first 2000 chars
2026-10-03 05:21:51 [tev1 500/6000] 971b713d5b87df19848f9efb74449841#1 -> None 0.6937 (0.63s/prompt, eta 58 min, 0 errors)
2026-10-03 05:22:08 [tev1 525/6000] 654c38f6e0392ac305506cc239c26c19#4 -> None 0.8135 (0.63s/prompt, eta 58 min, 0 errors)
2026-10-03 05:22:27 [tev1 550/6000] 372906dd10c4bc5572db91743cf22289#7 -> None 0.5620 (0.64s/prompt, eta 58 min, 0 errors)
2026-10-03 05:22:45 [tev1 575/6000] 627c43c7bf734ff74c911de8f0c26b8a#9 -> None 0.7374 (0.64s/prompt, eta 58 min, 0 errors)
2026-10-03 05:23:00 [tev1 600/6000] e0afd19d761ecb8ffb926aef4507ca9e#1 -> None 0.3949 (0.64s/prompt, eta 58 min, 0 errors)
2026-10-03 05:23:16 [tev1 625/6000] 4155f2bd2867fc750a2d5e2ca5f08cc6#8 -> None 0.5426 (0.64s/prompt, eta 57 min, 0 errors)
2026-10-03 05:23:35 [tev1 650/6000] 0d089c84e627cf7065c0db5b03761e11#1 -> None 0.4522 (0.65s/prompt, eta 58 min, 0 errors)
2026-10-03 05:23:50 [tev1 675/6000] 4777e8252a7b7db71f6394dc92f0f777#3 -> None 0.4093 (0.64s/prompt, eta 57 min, 0 errors)
2026-10-03 05:24:06 [tev1 700/6000] 951392f185fffc326426677c574b351e#1 -> Vague / Missing Context 0.3555 (0.64s/prompt, eta 57 min, 0 errors)
2026-10-03 05:24:24 [tev1 725/6000] 33f0f2f8773fbf2316be15b5137a7799#5 -> Vague / Missing Context 0.3010 (0.65s/prompt, eta 57 min, 0 errors)
2026-10-03 05:24:42 [tev1 750/6000] 5f6b0f936266fd24f27f199583e7dfcf#5 -> Vague / Missing Context 0.4942 (0.65s/prompt, eta 57 min, 0 errors)
2026-10-03 05:24:48   HTTP 400: {"error":"prompt 0 has 2543 tokens; expected 1–2050 (input is never truncated)"} - retrying with the first 2000 chars
2026-10-03 05:24:49   HTTP 400: {"error":"prompt 0 has 2543 tokens; expected 1–2050 (input is never truncated)"} - retrying with the first 2000 chars
2026-10-03 05:24:52   HTTP 400: {"error":"prompt 0 has 2543 tokens; expected 1–2050 (input is never truncated)"} - retrying with the first 2000 chars
2026-10-03 05:24:52   HTTP 400: {"error":"prompt 0 has 2543 tokens; expected 1–2050 (input is never truncated)"} - retrying with the first 2000 chars
2026-10-03 05:24:52   HTTP 400: {"error":"prompt 0 has 2543 tokens; expected 1–2050 (input is never truncated)"} - retrying with the first 2000 chars
2026-10-03 05:24:54 [tev1 775/6000] ec6e8ea65c53a477d0a5f701a984bfa5#1 -> None 0.5640 (0.64s/prompt, eta 56 min, 0 errors)
2026-10-03 05:25:07 [tev1 800/6000] fab52f6102b5fa2d884f07c10da6618f#1 -> None 0.6459 (0.64s/prompt, eta 55 min, 0 errors)
2026-10-03 05:25:22   HTTP 400: {"error":"prompt 0 has 2331 tokens; expected 1–2050 (input is never truncated)"} - retrying with the first 623 chars
2026-10-03 05:25:22   HTTP 400: {"error":"prompt 0 has 2161 tokens; expected 1–2050 (input is never truncated)"} - retrying with the first 311 chars
2026-10-03 05:25:22   HTTP 400: {"error":"prompt 0 has 2077 tokens; expected 1–2050 (input is never truncated)"} - retrying with the first 155 chars
2026-10-03 05:25:23 [tev1 825/6000] 07604129b49f0bf822466f35573b6798#1 -> None 0.5417 (0.64s/prompt, eta 55 min, 0 errors)
2026-10-03 05:25:38 [tev1 850/6000] 097b61623d11fab9f3f3970f47c801d2#3 -> None 0.7304 (0.64s/prompt, eta 55 min, 0 errors)
2026-10-03 05:25:53 [tev1 875/6000] 82c3eeb4224c6092913e62880537df9d#1 -> None 0.3960 (0.64s/prompt, eta 54 min, 0 errors)
2026-10-03 05:26:05   HTTP 400: {"error":"prompt 0 has 3926 tokens; expected 1–2050 (input is never truncated)"} - retrying with the first 1531 chars
2026-10-03 05:26:05   HTTP 400: {"error":"prompt 0 has 3563 tokens; expected 1–2050 (input is never truncated)"} - retrying with the first 765 chars
2026-10-03 05:26:05   HTTP 400: {"error":"prompt 0 has 3395 tokens; expected 1–2050 (input is never truncated)"} - retrying with the first 382 chars
2026-10-03 05:26:05   HTTP 400: {"error":"prompt 0 has 2529 tokens; expected 1–2050 (input is never truncated)"} - retrying with the first 191 chars
2026-10-03 05:26:06   HTTP 400: {"error":"prompt 0 has 4133 tokens; expected 1–2050 (input is never truncated)"} - retrying with the first 1570 chars
2026-10-03 05:26:06   HTTP 400: {"error":"prompt 0 has 3763 tokens; expected 1–2050 (input is never truncated)"} - retrying with the first 785 chars
2026-10-03 05:26:06   HTTP 400: {"error":"prompt 0 has 3587 tokens; expected 1–2050 (input is never truncated)"} - retrying with the first 392 chars
2026-10-03 05:26:06   HTTP 400: {"error":"prompt 0 has 2467 tokens; expected 1–2050 (input is never truncated)"} - retrying with the first 196 chars
2026-10-03 05:26:13 [tev1 900/6000] b7ea14efa45f6464673e14bad3660471#5 -> None 0.4850 (0.64s/prompt, eta 55 min, 0 errors)
2026-10-03 05:26:27 [tev1 925/6000] 0a098ebd3b1b0616230604c66fdd4df4#12 -> None 0.5761 (0.64s/prompt, eta 54 min, 0 errors)
2026-10-03 05:26:42 [tev1 950/6000] 095389d544cf5d87d73c6db09a003b63#1 -> None 0.5382 (0.64s/prompt, eta 54 min, 0 errors)
2026-10-03 05:26:56 [tev1 975/6000] b1e80cecffb6e2a0d74d3f118ff8dd36#1 -> Vague / Missing Context 0.3524 (0.64s/prompt, eta 53 min, 0 errors)
2026-10-03 05:27:09 [tev1 1000/6000] 7338c68017fc4611674c21419afff385#4 -> None 0.7121 (0.63s/prompt, eta 53 min, 0 errors)
2026-10-03 05:27:23 [tev1 1025/6000] c96b4a18fde3a9692e477fef7b37b3b4#6 -> None 0.6336 (0.63s/prompt, eta 52 min, 0 errors)
2026-10-03 05:27:42 [tev1 1050/6000] c931ae034b79ee9939d74882c64acccc#1 -> Vague / Missing Context 0.4587 (0.63s/prompt, eta 52 min, 0 errors)
2026-10-03 05:27:59 [tev1 1075/6000] e63369ce74bffa12e2b1801ca6490f9d#2 -> None 0.4971 (0.64s/prompt, eta 52 min, 0 errors)
2026-10-03 05:28:13 [tev1 1100/6000] 8aeb795ed452e22f35a67be169d51ffe#1 -> Vague / Missing Context 0.4312 (0.63s/prompt, eta 52 min, 0 errors)
2026-10-03 05:28:28 [tev1 1125/6000] 3f97330020c28742ba9959f6fc8ffe16#1 -> Vague / Missing Context 0.2921 (0.63s/prompt, eta 51 min, 0 errors)
2026-10-03 05:28:41 [tev1 1150/6000] 69e0033401b9831505b145179166f9f9#8 -> None 0.6211 (0.63s/prompt, eta 51 min, 0 errors)
2026-10-03 05:28:55 [tev1 1175/6000] 7a18696a6fb5eb650c793b241886d62e#1 -> None 0.3390 (0.63s/prompt, eta 51 min, 0 errors)
2026-10-03 05:29:10 [tev1 1200/6000] b7ba0287902f4408b149b1c74caf45ef#1 -> Vague / Missing Context 0.6436 (0.63s/prompt, eta 50 min, 0 errors)
2026-10-03 05:29:17 [tev1 1225/6000] 3a9fd4eb9504b6af1b20398bad1eb26d#9 -> None 0.6567 (0.62s/prompt, eta 49 min, 0 errors)
2026-10-03 05:29:29 [tev1 1250/6000] 6069a5acc7da5490a43d2b943df15b40#1 -> None 0.4568 (0.62s/prompt, eta 49 min, 0 errors)
2026-10-03 05:29:41 [tev1 1275/6000] 9087eb73c16839f623ac457bab66fe93#1 -> Vague / Missing Context 0.4015 (0.62s/prompt, eta 48 min, 0 errors)
2026-10-03 05:29:56 [tev1 1300/6000] ed76a6f36ac77cae49a6b01d1abf4218#3 -> None 0.4014 (0.62s/prompt, eta 48 min, 0 errors)
2026-10-03 05:30:11 [tev1 1325/6000] 050ff024fa4944aa40c25f49a313823e#2 -> None 0.6406 (0.62s/prompt, eta 48 min, 0 errors)
2026-10-03 05:30:16   HTTP 400: {"error":"prompt 0 has 2152 tokens; expected 1–2050 (input is never truncated)"} - retrying with the first 2000 chars
2026-10-03 05:30:18   HTTP 400: {"error":"prompt 0 has 2207 tokens; expected 1–2050 (input is never truncated)"} - retrying with the first 2000 chars
2026-10-03 05:30:26 [tev1 1350/6000] 5c6798e9bbfe0ae795d2ad20f4bb0dee#4 -> None 0.4289 (0.61s/prompt, eta 48 min, 0 errors)
2026-10-03 05:30:42 [tev1 1375/6000] b9c155cede4bd56866ee431c246c1979#1 -> None 0.3735 (0.62s/prompt, eta 47 min, 0 errors)
2026-10-03 05:30:57 [tev1 1400/6000] aefd44816878268758b14b25ccec5381#1 -> None 0.3655 (0.62s/prompt, eta 47 min, 0 errors)
2026-10-03 05:31:13 [tev1 1425/6000] 0d923d922dc0a846204a21be7e62d3f9#2 -> None 0.4563 (0.62s/prompt, eta 47 min, 0 errors)
2026-10-03 05:31:28 [tev1 1450/6000] e300b4385b46301085cdbb5697aaf734#3 -> None 0.6768 (0.62s/prompt, eta 47 min, 0 errors)
2026-10-03 05:31:43 [tev1 1475/6000] 7e7cfcb2eb0ce05b1a77fcba3c1c4c38#2 -> None 0.4044 (0.62s/prompt, eta 46 min, 0 errors)
2026-10-03 05:31:59 [tev1 1500/6000] d129ef6b967e60bd1b7d21d672ca9740#1 -> None 0.5523 (0.62s/prompt, eta 46 min, 0 errors)
2026-10-03 05:32:17 [tev1 1525/6000] 06623239729362a7134040fa06e56c06#2 -> None 0.5297 (0.62s/prompt, eta 46 min, 0 errors)
2026-10-03 05:32:33 [tev1 1550/6000] 030c745535c630dac51c595c29a17548#1 -> Vague / Missing Context 0.3012 (0.62s/prompt, eta 46 min, 0 errors)
2026-10-03 05:32:48 [tev1 1575/6000] dbdd094e9c6a8b0ea7ce79d0d8abf81a#4 -> None 0.4494 (0.62s/prompt, eta 46 min, 0 errors)
2026-10-03 05:33:02 [tev1 1600/6000] dd34939112bce62d8534d2416d2066b9#1 -> None 0.5028 (0.62s/prompt, eta 45 min, 0 errors)
2026-10-03 05:33:16 [tev1 1625/6000] 46e7531c06f45c858b7d17143197a8ad#1 -> None 0.4400 (0.62s/prompt, eta 45 min, 0 errors)
2026-10-03 05:33:33 [tev1 1650/6000] 8eb06f1814c893afbc6ab9ec3296e864#1 -> None 0.4315 (0.62s/prompt, eta 45 min, 0 errors)
2026-10-03 05:33:48 [tev1 1675/6000] 973ba0d9de4027d0d8b43d8d9d61551a#1 -> Vague / Missing Context 0.3125 (0.62s/prompt, eta 44 min, 0 errors)
2026-10-03 05:34:03 [tev1 1700/6000] 409b91460142fc3e2d116b7787dfeb87#1 -> None 0.3134 (0.62s/prompt, eta 44 min, 0 errors)
2026-10-03 05:34:17 [tev1 1725/6000] 71cc87776171aa7caa76ac3d09391c0e#1 -> None 0.3643 (0.61s/prompt, eta 44 min, 0 errors)
2026-10-03 05:34:30 [tev1 1750/6000] 3ca8f9cafe9ddc12de20fb1b6fbb1307#1 -> None 0.7571 (0.61s/prompt, eta 43 min, 0 errors)
2026-10-03 05:34:44 [tev1 1775/6000] cfb73ef46b06bcb41e7e02cb9aadf3eb#3 -> None 0.4210 (0.61s/prompt, eta 43 min, 0 errors)
2026-10-03 05:34:58 [tev1 1800/6000] 53da976f2c49a29cc38fb6f9b592bc48#4 -> None 0.3755 (0.61s/prompt, eta 43 min, 0 errors)
2026-10-03 05:35:13 [tev1 1825/6000] 5c13336f430b7aa1a528e914cbbf552f#7 -> None 0.5237 (0.61s/prompt, eta 43 min, 0 errors)
2026-10-03 05:35:24 [tev1 1850/6000] e135a6e773a8751c9629923ce93008f1#3 -> None 0.5235 (0.61s/prompt, eta 42 min, 0 errors)
2026-10-03 05:35:37 [tev1 1875/6000] 08a3f5a79944fa20e8b21ff6452a40c2#5 -> Format Ambiguity 0.6396 (0.61s/prompt, eta 42 min, 0 errors)
2026-10-03 05:35:52 [tev1 1900/6000] 813ec253d1d6505056dea915726e0380#12 -> Format Ambiguity 0.4037 (0.61s/prompt, eta 42 min, 0 errors)
2026-10-03 05:35:56   HTTP 400: {"error":"prompt 0 has 2103 tokens; expected 1–2050 (input is never truncated)"} - retrying with the first 768 chars
2026-10-03 05:36:05 [tev1 1925/6000] 03f66d6fa3015364223a54847c0b0312#1 -> None 0.3729 (0.61s/prompt, eta 41 min, 0 errors)
2026-10-03 05:36:20 [tev1 1950/6000] d9e18b85abb8f94a87ba2ed612246ffb#1 -> None 0.5595 (0.61s/prompt, eta 41 min, 0 errors)
2026-10-03 05:36:32   HTTP 400: {"error":"prompt 0 has 3213 tokens; expected 1–2050 (input is never truncated)"} - retrying with the first 970 chars
2026-10-03 05:36:32   HTTP 400: {"error":"prompt 0 has 2081 tokens; expected 1–2050 (input is never truncated)"} - retrying with the first 485 chars
2026-10-03 05:36:33   HTTP 400: {"error":"prompt 0 has 2322 tokens; expected 1–2050 (input is never truncated)"} - retrying with the first 511 chars
2026-10-03 05:36:35 [tev1 1975/6000] 176f54689c7eadbdde9e1bfe7ece482c#3 -> Format Ambiguity 0.4017 (0.61s/prompt, eta 41 min, 0 errors)
2026-10-03 05:36:48 [tev1 2000/6000] 785a83096670782e061cc2ea407c6d76#1 -> Vague / Missing Context 0.4767 (0.61s/prompt, eta 40 min, 0 errors)
2026-10-03 05:37:00 [tev1 2025/6000] 2a9fb52d482fdbeec726c9b395f61ae4#5 -> Vague / Missing Context 0.4230 (0.60s/prompt, eta 40 min, 0 errors)
2026-10-03 05:37:13 [tev1 2050/6000] 9b691232ea789499cee1a39b08a20ca6#12 -> None 0.4390 (0.60s/prompt, eta 40 min, 0 errors)
2026-10-03 05:37:27 [tev1 2075/6000] d0967436d9fd429696b7a842fac351cd#2 -> Vague / Missing Context 0.4115 (0.60s/prompt, eta 39 min, 0 errors)
2026-10-03 05:37:40 [tev1 2100/6000] 132ee86e00e8dd8ddba638a83f49ac0f#2 -> None 0.5783 (0.60s/prompt, eta 39 min, 0 errors)
2026-10-03 05:37:54 [tev1 2125/6000] c82a66fde468e8d367e1a682126fc733#5 -> None 0.6595 (0.60s/prompt, eta 39 min, 0 errors)
2026-10-03 05:38:09 [tev1 2150/6000] dd7d48f5f54f976d13b0f193c7924dbf#1 -> None 0.3173 (0.60s/prompt, eta 39 min, 0 errors)
2026-10-03 05:38:26 [tev1 2175/6000] e73e800b64d760b706682a245557691b#3 -> None 0.3992 (0.60s/prompt, eta 38 min, 0 errors)
2026-10-03 05:38:41 [tev1 2200/6000] 9cd1eaa25dd9e5f8fc91562d1a67f466#3 -> None 0.5084 (0.60s/prompt, eta 38 min, 0 errors)
2026-10-03 05:38:54 [tev1 2225/6000] d18deec38f1ff055f69207908069a908#8 -> None 0.4448 (0.60s/prompt, eta 38 min, 0 errors)
2026-10-03 05:39:07 [tev1 2250/6000] 81252a543423daac194f3e7a2dd5195f#3 -> None 0.4744 (0.60s/prompt, eta 38 min, 0 errors)
2026-10-03 05:39:20 [tev1 2275/6000] 95d1673a83811f11ef209d86d4511acb#1 -> None 0.5679 (0.60s/prompt, eta 37 min, 0 errors)
2026-10-03 05:39:32 [tev1 2300/6000] 6a834581df08b5d2771eefedc6dae3f7#11 -> Vague / Missing Context 0.4004 (0.60s/prompt, eta 37 min, 0 errors)
2026-10-03 05:39:46 [tev1 2325/6000] ce93a458b5d27074dc7fc33bbd33b924#1 -> Vague / Missing Context 0.3664 (0.60s/prompt, eta 37 min, 0 errors)
2026-10-03 05:39:59 [tev1 2350/6000] 90455cdaae5389e5cacfd67c489045ec#2 -> None 0.7058 (0.60s/prompt, eta 36 min, 0 errors)
2026-10-03 05:40:14 [tev1 2375/6000] bdceb943fe53af655ad7ca2507055455#1 -> None 0.5984 (0.60s/prompt, eta 36 min, 0 errors)
2026-10-03 05:40:30 [tev1 2400/6000] f1c15271d72b0dbd7fec09d29b7ffb0e#3 -> Vague / Missing Context 0.4178 (0.60s/prompt, eta 36 min, 0 errors)
2026-10-03 05:40:42 [tev1 2425/6000] de91ad53da973ef72d6ad773250302a6#1 -> None 0.6133 (0.60s/prompt, eta 36 min, 0 errors)
2026-10-03 05:40:56 [tev1 2450/6000] 52d72af08b8dda7c81125e53f37f5b30#1 -> None 0.7822 (0.60s/prompt, eta 35 min, 0 errors)
2026-10-03 05:41:13 [tev1 2475/6000] 4ff0aac0ccbf0e5b0e34e69de3f92a8f#1 -> None 0.6031 (0.60s/prompt, eta 35 min, 0 errors)
2026-10-03 05:41:29 [tev1 2500/6000] 45e9391055d88e991251b802852bcac9#21 -> None 0.4096 (0.60s/prompt, eta 35 min, 0 errors)
2026-10-03 05:41:42 [tev1 2525/6000] ff06c93b6fc5d7184f226c4ae3be4d36#7 -> None 0.5247 (0.60s/prompt, eta 35 min, 0 errors)
2026-10-03 05:41:58 [tev1 2550/6000] f074237afd45470512fba05bf1f45158#1 -> None 0.7013 (0.60s/prompt, eta 34 min, 0 errors)
2026-10-03 05:42:17 [tev1 2575/6000] ff4fb78b7a5b1c7173fdeeab6b248ceb#7 -> None 0.3552 (0.60s/prompt, eta 34 min, 0 errors)
2026-10-03 05:42:32 [tev1 2600/6000] 7e09e399c79cb69b8d6a80953e094ec6#5 -> None 0.5059 (0.60s/prompt, eta 34 min, 0 errors)
2026-10-03 05:42:46 [tev1 2625/6000] 92774fc636bb34225fc764ee1e141bbc#3 -> None 0.5530 (0.60s/prompt, eta 34 min, 0 errors)
2026-10-03 05:43:02 [tev1 2650/6000] 05f9c9dcb571ea0ccf68975e0422bc56#3 -> None 0.6257 (0.60s/prompt, eta 33 min, 0 errors)
2026-10-03 05:43:16 [tev1 2675/6000] d8e1d80aeb35e75e94702d6312c46a1b#7 -> None 0.4338 (0.60s/prompt, eta 33 min, 0 errors)
2026-10-03 05:43:24 [tev1 2700/6000] 8eea8678ac2a6c3d976ed562ebd5899f#25 -> None 0.6209 (0.60s/prompt, eta 33 min, 0 errors)
2026-10-03 05:43:36 [tev1 2725/6000] 094d3a7c639a2dbcf6193220443132dd#3 -> None 0.6984 (0.59s/prompt, eta 32 min, 0 errors)
2026-10-03 05:43:44 [tev1 2750/6000] 094d3a7c639a2dbcf6193220443132dd#29 -> None 0.6940 (0.59s/prompt, eta 32 min, 0 errors)
2026-10-03 05:43:55 [tev1 2775/6000] 8168adfecbca4bc659c4daea8f4d4ac9#4 -> None 0.5684 (0.59s/prompt, eta 32 min, 0 errors)
2026-10-03 05:44:03 [tev1 2800/6000] 34822fe66adf80ec05514531c870bea8#16 -> None 0.6294 (0.59s/prompt, eta 31 min, 0 errors)
2026-10-03 05:44:08   HTTP 400: {"error":"prompt 0 has 2060 tokens; expected 1–2050 (input is never truncated)"} - retrying with the first 1952 chars
2026-10-03 05:44:12 [tev1 2825/6000] e698a18765656330429980f1346a0066#7 -> None 0.7491 (0.59s/prompt, eta 31 min, 0 errors)
2026-10-03 05:44:23 [tev1 2850/6000] 32742e61f06c16558a1964d5bcbf5d28#2 -> None 0.6294 (0.59s/prompt, eta 31 min, 0 errors)
2026-10-03 05:44:32 [tev1 2875/6000] 32742e61f06c16558a1964d5bcbf5d28#27 -> None 0.7548 (0.58s/prompt, eta 30 min, 0 errors)
2026-10-03 05:44:41 [tev1 2900/6000] 5ff012fd994759b3b4f03c437138cc0b#9 -> None 0.7685 (0.58s/prompt, eta 30 min, 0 errors)
2026-10-03 05:44:53 [tev1 2925/6000] 12622ec12050a4f98ccf85d4785002dd#1 -> Format Ambiguity 0.5131 (0.58s/prompt, eta 30 min, 0 errors)
2026-10-03 05:45:07 [tev1 2950/6000] 80a7aef2cc6b929cfe0bdf484c3c9dc5#2 -> None 0.4498 (0.58s/prompt, eta 29 min, 0 errors)
2026-10-03 05:45:22 [tev1 2975/6000] 0fd4b824ea5d505ad33ed48818fc1771#6 -> None 0.6279 (0.58s/prompt, eta 29 min, 0 errors)
2026-10-03 05:45:35 [tev1 3000/6000] 33157839d4fda135098fa16ed4ae0c49#3 -> None 0.4347 (0.58s/prompt, eta 29 min, 0 errors)
2026-10-03 05:45:48 [tev1 3025/6000] 87f0a2a0aadc730e475baccedcbf24fc#4 -> None 0.4180 (0.58s/prompt, eta 29 min, 0 errors)
2026-10-03 05:46:02 [tev1 3050/6000] 7ad7a26ce6b187e407b6c70afa1948b1#2 -> None 0.5016 (0.58s/prompt, eta 28 min, 0 errors)
2026-10-03 05:46:16 [tev1 3075/6000] a190e9f0c7a81a8e7cd86e9744926027#13 -> None 0.4783 (0.58s/prompt, eta 28 min, 0 errors)
2026-10-03 05:46:31 [tev1 3100/6000] a190e9f0c7a81a8e7cd86e9744926027#38 -> None 0.5392 (0.58s/prompt, eta 28 min, 0 errors)
2026-10-03 05:46:46 [tev1 3125/6000] 58843d79629ee31544ae49d31dcb3a17#1 -> None 0.4120 (0.58s/prompt, eta 28 min, 0 errors)
2026-10-03 05:46:59 [tev1 3150/6000] 975b5514d3fabc46263edfc81fae5e99#23 -> None 0.3470 (0.58s/prompt, eta 27 min, 0 errors)
2026-10-03 05:47:13 [tev1 3175/6000] 975b5514d3fabc46263edfc81fae5e99#48 -> None 0.4790 (0.58s/prompt, eta 27 min, 0 errors)
2026-10-03 05:47:29 [tev1 3200/6000] bf6c46774e9f5803e34ade907e6f7f2d#1 -> None 0.4803 (0.58s/prompt, eta 27 min, 0 errors)
2026-10-03 05:47:46 [tev1 3225/6000] 1272b7c7967a89623847bbe29c384a2f#1 -> None 0.4410 (0.58s/prompt, eta 27 min, 0 errors)
2026-10-03 05:48:00 [tev1 3250/6000] 8f9202c145082488be737dde946b0ce9#1 -> None 0.4154 (0.58s/prompt, eta 27 min, 0 errors)
2026-10-03 05:48:15 [tev1 3275/6000] 73dc0ff614e73085d61838878970b49e#2 -> None 0.5729 (0.58s/prompt, eta 26 min, 0 errors)
2026-10-03 05:48:31 [tev1 3300/6000] 2a62b22b555ae1079e139aea36110322#1 -> None 0.4255 (0.58s/prompt, eta 26 min, 0 errors)
2026-10-03 05:48:46 [tev1 3325/6000] 413af815d3e4e270af2c7c868f38c5c3#1 -> None 0.5585 (0.58s/prompt, eta 26 min, 0 errors)
2026-10-03 05:49:01 [tev1 3350/6000] 13534624512f98a0fa1bda7226b72a4e#2 -> None 0.5439 (0.58s/prompt, eta 26 min, 0 errors)
2026-10-03 05:49:16 [tev1 3375/6000] b8ad02f44236ba0a76880e4c7cabd4e4#1 -> None 0.4996 (0.58s/prompt, eta 25 min, 0 errors)
2026-10-03 05:49:32 [tev1 3400/6000] a19fab3c96b82eff43c9ce2e0bda12bb#3 -> None 0.5897 (0.58s/prompt, eta 25 min, 0 errors)
2026-10-03 05:49:46 [tev1 3425/6000] cc573147a25607cb8db29fc875d17bbb#4 -> None 0.4092 (0.58s/prompt, eta 25 min, 0 errors)
2026-10-03 05:50:01 [tev1 3450/6000] 82157bc0ff6dfbb74cc986df8692326c#2 -> Vague / Missing Context 0.5379 (0.58s/prompt, eta 25 min, 0 errors)
2026-10-03 05:50:16 [tev1 3475/6000] 8316943d047c26bf6f8ce3beeefb6e34#1 -> Vague / Missing Context 0.3752 (0.58s/prompt, eta 24 min, 0 errors)
2026-10-03 05:50:30 [tev1 3500/6000] e139463a82ef58d06ff542e012164ff9#14 -> None 0.5302 (0.58s/prompt, eta 24 min, 0 errors)
2026-10-03 05:50:44 [tev1 3525/6000] e139463a82ef58d06ff542e012164ff9#39 -> None 0.3739 (0.58s/prompt, eta 24 min, 0 errors)
2026-10-03 05:50:58 [tev1 3550/6000] 6d8ef573701ceed7689eb07054cc7a0e#13 -> None 0.3630 (0.58s/prompt, eta 24 min, 0 errors)
2026-10-03 05:51:11 [tev1 3575/6000] 5ce422f0d74b74f701aaa921493957cc#14 -> None 0.4661 (0.58s/prompt, eta 23 min, 0 errors)
2026-10-03 05:51:25 [tev1 3600/6000] 5ce422f0d74b74f701aaa921493957cc#39 -> None 0.4526 (0.58s/prompt, eta 23 min, 0 errors)
2026-10-03 05:51:32   HTTP 400: {"error":"prompt 0 has 2531 tokens; expected 1–2050 (input is never truncated)"} - retrying with the first 1860 chars
2026-10-03 05:51:32   HTTP 400: {"error":"prompt 0 has 2078 tokens; expected 1–2050 (input is never truncated)"} - retrying with the first 930 chars
2026-10-03 05:51:40 [tev1 3625/6000] 1d2284cdfb27bd59a170b5db80062d6a#4 -> None 0.3941 (0.58s/prompt, eta 23 min, 0 errors)
2026-10-03 05:51:55 [tev1 3650/6000] 02e7cc23adaa51368ba65d8b46447f1e#8 -> Vague / Missing Context 0.4347 (0.58s/prompt, eta 23 min, 0 errors)
2026-10-03 05:52:10 [tev1 3675/6000] 787ffc7cc9f4b9e88c5dec55cad767cd#2 -> None 0.6880 (0.58s/prompt, eta 23 min, 0 errors)
2026-10-03 05:52:24 [tev1 3700/6000] 3872863052f34fbcf499bedff1b51200#23 -> None 0.4407 (0.58s/prompt, eta 22 min, 0 errors)
2026-10-03 05:52:38 [tev1 3725/6000] 3872863052f34fbcf499bedff1b51200#48 -> None 0.3411 (0.58s/prompt, eta 22 min, 0 errors)
2026-10-03 05:52:51 [tev1 3750/6000] bca1218e021c0bffb33ca888235cdae4#7 -> None 0.3915 (0.58s/prompt, eta 22 min, 0 errors)
2026-10-03 05:53:04 [tev1 3775/6000] bca1218e021c0bffb33ca888235cdae4#32 -> None 0.6637 (0.58s/prompt, eta 21 min, 0 errors)
2026-10-03 05:53:18 [tev1 3800/6000] 2cf23df14115324a0d8619a3d2a74940#2 -> None 0.6170 (0.58s/prompt, eta 21 min, 0 errors)
2026-10-03 05:53:32 [tev1 3825/6000] 4768a83ffc071a2788aa8c63ee8f4f19#5 -> None 0.5472 (0.58s/prompt, eta 21 min, 0 errors)
2026-10-03 05:53:45 [tev1 3850/6000] 7546d33e884f3cf63426292e3a14e971#22 -> None 0.4159 (0.58s/prompt, eta 21 min, 0 errors)
2026-10-03 05:54:00 [tev1 3875/6000] 7546d33e884f3cf63426292e3a14e971#47 -> None 0.5565 (0.58s/prompt, eta 21 min, 0 errors)
2026-10-03 05:54:13 [tev1 3900/6000] 5daa705af3b24994dbfbf5346009fbc5#1 -> None 0.6431 (0.58s/prompt, eta 20 min, 0 errors)
2026-10-03 05:54:28 [tev1 3925/6000] 5f6c1244af7d1c9175aca4e4d9c7464a#21 -> None 0.6790 (0.58s/prompt, eta 20 min, 0 errors)
2026-10-03 05:54:42 [tev1 3950/6000] 5f6c1244af7d1c9175aca4e4d9c7464a#46 -> None 0.4889 (0.58s/prompt, eta 20 min, 0 errors)
2026-10-03 05:54:49   HTTP 400: {"error":"prompt 0 has 3934 tokens; expected 1–2050 (input is never truncated)"} - retrying with the first 2000 chars
2026-10-03 05:54:49   HTTP 400: {"error":"prompt 0 has 2349 tokens; expected 1–2050 (input is never truncated)"} - retrying with the first 1000 chars
2026-10-03 05:54:56 [tev1 3975/6000] 8a0b3ba9339faf5126a9624f41612f5c#6 -> None 0.4667 (0.58s/prompt, eta 20 min, 0 errors)
2026-10-03 05:55:10 [tev1 4000/6000] 8a0b3ba9339faf5126a9624f41612f5c#31 -> None 0.5016 (0.58s/prompt, eta 19 min, 0 errors)
2026-10-03 05:55:25 [tev1 4025/6000] 6a2ce9e01595986b2d8d37089516cef5#2 -> None 0.3903 (0.58s/prompt, eta 19 min, 0 errors)
2026-10-03 05:55:39 [tev1 4050/6000] 5e462b3f369032a5ca8729e9688ec0c7#22 -> None 0.5528 (0.58s/prompt, eta 19 min, 0 errors)
2026-10-03 05:55:53 [tev1 4075/6000] 5e462b3f369032a5ca8729e9688ec0c7#47 -> None 0.5997 (0.58s/prompt, eta 19 min, 0 errors)
2026-10-03 05:56:09 [tev1 4100/6000] cdfcc92aa0c613ddbf57b23fdde8b943#1 -> None 0.6624 (0.58s/prompt, eta 18 min, 0 errors)
2026-10-03 05:56:23 [tev1 4125/6000] 02bca2e0c9f5b58deb0f3b5a287572c4#3 -> None 0.7211 (0.58s/prompt, eta 18 min, 0 errors)
2026-10-03 05:56:38 [tev1 4150/6000] edf0e587da83a7d10fbb563dd4cea5f9#1 -> None 0.7549 (0.58s/prompt, eta 18 min, 0 errors)
2026-10-03 05:56:53 [tev1 4175/6000] a78db106e66b22d1cb73517c592dbc13#1 -> None 0.5232 (0.58s/prompt, eta 18 min, 0 errors)
2026-10-03 05:57:08 [tev1 4200/6000] bd5c40dc117e397206eeeff31e6c9bef#22 -> None 0.6537 (0.58s/prompt, eta 17 min, 0 errors)
2026-10-03 05:57:22 [tev1 4225/6000] bd5c40dc117e397206eeeff31e6c9bef#47 -> None 0.4548 (0.58s/prompt, eta 17 min, 0 errors)
2026-10-03 05:57:37 [tev1 4250/6000] 739c18b974e3a0c9b26b660ad2ce5bce#2 -> None 0.7521 (0.58s/prompt, eta 17 min, 0 errors)
2026-10-03 05:57:51 [tev1 4275/6000] 739c18b974e3a0c9b26b660ad2ce5bce#27 -> None 0.3822 (0.58s/prompt, eta 17 min, 0 errors)
2026-10-03 05:58:05 [tev1 4300/6000] 3a5398ca3ed22a932b51cdf0a66ce35e#1 -> None 0.6884 (0.58s/prompt, eta 16 min, 0 errors)
2026-10-03 05:58:19 [tev1 4325/6000] 1708e91e2134a36049c8759b1784352e#8 -> None 0.3815 (0.58s/prompt, eta 16 min, 0 errors)
2026-10-03 05:58:33 [tev1 4350/6000] 1708e91e2134a36049c8759b1784352e#33 -> Vague / Missing Context 0.4137 (0.58s/prompt, eta 16 min, 0 errors)
2026-10-03 05:58:48 [tev1 4375/6000] 92e5d6380967ef516d165ec394e1c75f#1 -> Vague / Missing Context 0.3601 (0.58s/prompt, eta 16 min, 0 errors)
2026-10-03 05:59:03 [tev1 4400/6000] 5c108e733ce7aff9fd6f0edaf057950d#3 -> None 0.5092 (0.58s/prompt, eta 15 min, 0 errors)
2026-10-03 05:59:17 [tev1 4425/6000] 5c108e733ce7aff9fd6f0edaf057950d#28 -> None 0.5988 (0.58s/prompt, eta 15 min, 0 errors)
2026-10-03 05:59:32 [tev1 4450/6000] 7066437c6dd8162177f16c3f3aeabf5e#1 -> None 0.5061 (0.58s/prompt, eta 15 min, 0 errors)
2026-10-03 05:59:49 [tev1 4475/6000] 2153ca3d0e0b59302a6f5225239ed71b#2 -> None 0.4360 (0.58s/prompt, eta 15 min, 0 errors)
2026-10-03 06:00:02   HTTP 400: {"error":"prompt 0 has 2889 tokens; expected 1–2050 (input is never truncated)"} - retrying with the first 1845 chars
2026-10-03 06:00:02   HTTP 400: {"error":"prompt 0 has 2448 tokens; expected 1–2050 (input is never truncated)"} - retrying with the first 922 chars
2026-10-03 06:00:02   HTTP 400: {"error":"prompt 0 has 2224 tokens; expected 1–2050 (input is never truncated)"} - retrying with the first 461 chars
2026-10-03 06:00:02   HTTP 400: {"error":"prompt 0 has 2113 tokens; expected 1–2050 (input is never truncated)"} - retrying with the first 230 chars
2026-10-03 06:00:06 [tev1 4500/6000] 86f9e4302e3b568a2fcbdd1ceb4fbe74#5 -> None 0.4917 (0.58s/prompt, eta 14 min, 0 errors)
2026-10-03 06:00:20 [tev1 4525/6000] 86f9e4302e3b568a2fcbdd1ceb4fbe74#30 -> Vague / Missing Context 0.4253 (0.58s/prompt, eta 14 min, 0 errors)
2026-10-03 06:00:32   HTTP 400: {"error":"prompt 0 has 2992 tokens; expected 1–2050 (input is never truncated)"} - retrying with the first 1848 chars
2026-10-03 06:00:32   HTTP 400: {"error":"prompt 0 has 2525 tokens; expected 1–2050 (input is never truncated)"} - retrying with the first 924 chars
2026-10-03 06:00:32   HTTP 400: {"error":"prompt 0 has 2297 tokens; expected 1–2050 (input is never truncated)"} - retrying with the first 462 chars
2026-10-03 06:00:32   HTTP 400: {"error":"prompt 0 has 2181 tokens; expected 1–2050 (input is never truncated)"} - retrying with the first 231 chars
2026-10-03 06:00:34 [tev1 4550/6000] bd5ad70e7ef241690d5be1ccae2158a6#2 -> None 0.4058 (0.58s/prompt, eta 14 min, 0 errors)
2026-10-03 06:00:36   HTTP 400: {"error":"prompt 0 has 2893 tokens; expected 1–2050 (input is never truncated)"} - retrying with the first 1848 chars
2026-10-03 06:00:36   HTTP 400: {"error":"prompt 0 has 2452 tokens; expected 1–2050 (input is never truncated)"} - retrying with the first 924 chars
2026-10-03 06:00:36   HTTP 400: {"error":"prompt 0 has 2228 tokens; expected 1–2050 (input is never truncated)"} - retrying with the first 462 chars
2026-10-03 06:00:36   HTTP 400: {"error":"prompt 0 has 2115 tokens; expected 1–2050 (input is never truncated)"} - retrying with the first 231 chars
2026-10-03 06:00:53 [tev1 4575/6000] ccd7c8f51a452a6c0e32d6fb680ca3da#2 -> Vague / Missing Context 0.3084 (0.58s/prompt, eta 14 min, 0 errors)
2026-10-03 06:01:07 [tev1 4600/6000] 5f1bb8d38ce15c7e7504b96b02d524e7#3 -> Vague / Missing Context 0.3955 (0.58s/prompt, eta 14 min, 0 errors)
2026-10-03 06:01:20 [tev1 4625/6000] 3d3d554f4bd9c02ed53b131afc9bf1b2#1 -> None 0.3945 (0.58s/prompt, eta 13 min, 0 errors)
2026-10-03 06:01:33 [tev1 4650/6000] 0c12d194cd06520b6d1d14cf3f4c3496#1 -> None 0.4016 (0.58s/prompt, eta 13 min, 0 errors)
2026-10-03 06:01:49 [tev1 4675/6000] 6a5e62616829c6a5b1a8af16d25fba7f#6 -> None 0.5767 (0.58s/prompt, eta 13 min, 0 errors)
2026-10-03 06:02:04 [tev1 4700/6000] d60000e40dc782a4c3548e177a0a2696#1 -> None 0.4466 (0.58s/prompt, eta 13 min, 0 errors)
2026-10-03 06:02:20 [tev1 4725/6000] 52445ea7dcfb05465db25af87544ad1b#1 -> None 0.5297 (0.58s/prompt, eta 12 min, 0 errors)
2026-10-03 06:02:34 [tev1 4750/6000] e022959fe7204caf3be690e3c69d15a1#3 -> Vague / Missing Context 0.3498 (0.58s/prompt, eta 12 min, 0 errors)
2026-10-03 06:02:50 [tev1 4775/6000] 2aa77ce30b0e8608d35dcd85a116b9fc#4 -> None 0.4898 (0.58s/prompt, eta 12 min, 0 errors)
2026-10-03 06:03:05 [tev1 4800/6000] df07d8cde58ede01764cd1501093d292#9 -> Vague / Missing Context 0.3696 (0.58s/prompt, eta 12 min, 0 errors)
2026-10-03 06:03:20 [tev1 4825/6000] 5775c8ee0bc7d4333689e63514273ca4#2 -> None 0.6329 (0.58s/prompt, eta 11 min, 0 errors)
2026-10-03 06:03:32 [tev1 4850/6000] 8fb3951900c3f7019f6afa1d9c840731#19 -> None 0.5724 (0.58s/prompt, eta 11 min, 0 errors)
2026-10-03 06:03:48 [tev1 4875/6000] ab9cfbfdaf93497cc8a3868db9d12f60#3 -> None 0.7303 (0.58s/prompt, eta 11 min, 0 errors)
2026-10-03 06:04:02 [tev1 4900/6000] d8109c873a7ca3223ed38720b8f55f37#1 -> None 0.4255 (0.58s/prompt, eta 11 min, 0 errors)
2026-10-03 06:04:19 [tev1 4925/6000] 8e50ac626d949f35976e14ca6d11bf58#1 -> None 0.5932 (0.58s/prompt, eta 10 min, 0 errors)
2026-10-03 06:04:33 [tev1 4950/6000] 872c3260351ac10f330a92413379f288#3 -> Vague / Missing Context 0.5122 (0.58s/prompt, eta 10 min, 0 errors)
2026-10-03 06:04:47 [tev1 4975/6000] 81985ecf14fc6833ffb78c7341cc9366#1 -> None 0.6330 (0.58s/prompt, eta 10 min, 0 errors)
2026-10-03 06:05:01 [tev1 5000/6000] ddfcbdd8bc758f14a9ec3e75beb36a61#1 -> Vague / Missing Context 0.4678 (0.58s/prompt, eta 10 min, 0 errors)
2026-10-03 06:05:15 [tev1 5025/6000] 5b3778910bd6e3befcef5e58d418560c#3 -> Vague / Missing Context 0.5568 (0.58s/prompt, eta 9 min, 0 errors)
2026-10-03 06:05:29 [tev1 5050/6000] 7b93c4a568df061ffed194cae28efda6#1 -> None 0.7082 (0.58s/prompt, eta 9 min, 0 errors)
2026-10-03 06:05:44 [tev1 5075/6000] 9d3045d27f7bea6bd08a66d16fcaa48a#3 -> None 0.5654 (0.58s/prompt, eta 9 min, 0 errors)
2026-10-03 06:06:00 [tev1 5100/6000] 3c232022c8f156e85ce527211b3878b0#3 -> None 0.5502 (0.58s/prompt, eta 9 min, 0 errors)
2026-10-03 06:06:16 [tev1 5125/6000] 864fdd42736c8581591db8d7dee44605#1 -> Vague / Missing Context 0.4474 (0.58s/prompt, eta 8 min, 0 errors)
2026-10-03 06:06:31 [tev1 5150/6000] 6fb66c229eb57681ba2f1a544ab578cb#3 -> Vague / Missing Context 0.4792 (0.58s/prompt, eta 8 min, 0 errors)
2026-10-03 06:06:46 [tev1 5175/6000] 19ee3ca70053213aa3b5165720f4cd9f#3 -> None 0.5069 (0.58s/prompt, eta 8 min, 0 errors)
2026-10-03 06:07:01 [tev1 5200/6000] 1838b24328c1dd3508c61f3eb7a12390#4 -> None 0.4607 (0.58s/prompt, eta 8 min, 0 errors)
2026-10-03 06:07:17 [tev1 5225/6000] dfab03ae297b9db27d6cb935350c18d9#1 -> Vague / Missing Context 0.6705 (0.58s/prompt, eta 8 min, 0 errors)
2026-10-03 06:07:34 [tev1 5250/6000] 211232df5617718435283eb52763aa8b#7 -> None 0.5926 (0.58s/prompt, eta 7 min, 0 errors)
2026-10-03 06:07:49   HTTP 400: {"error":"prompt 0 has 2660 tokens; expected 1–2050 (input is never truncated)"} - retrying with the first 923 chars
2026-10-03 06:07:51 [tev1 5275/6000] 76bad785cbeb0813aeb0410912fbb214#1 -> None 0.8044 (0.58s/prompt, eta 7 min, 0 errors)
2026-10-03 06:07:52   HTTP 400: {"error":"prompt 0 has 9873 tokens; expected 1–2050 (input is never truncated)"} - retrying with the first 2000 chars
2026-10-03 06:07:52   HTTP 400: {"error":"prompt 0 has 5487 tokens; expected 1–2050 (input is never truncated)"} - retrying with the first 1000 chars
2026-10-03 06:07:52   HTTP 400: {"error":"prompt 0 has 2963 tokens; expected 1–2050 (input is never truncated)"} - retrying with the first 500 chars
2026-10-03 06:07:57   HTTP 400: {"error":"prompt 0 has 2075 tokens; expected 1–2050 (input is never truncated)"} - retrying with the first 1422 chars
2026-10-03 06:08:09 [tev1 5300/6000] aa16f207312acc7cd91b8979baa8a595#2 -> None 0.5517 (0.58s/prompt, eta 7 min, 0 errors)
2026-10-03 06:08:21   HTTP 400: {"error":"prompt 0 has 9245 tokens; expected 1–2050 (input is never truncated)"} - retrying with the first 2000 chars
2026-10-03 06:08:21   HTTP 400: {"error":"prompt 0 has 4300 tokens; expected 1–2050 (input is never truncated)"} - retrying with the first 1000 chars
2026-10-03 06:08:21   HTTP 400: {"error":"prompt 0 has 2949 tokens; expected 1–2050 (input is never truncated)"} - retrying with the first 500 chars
2026-10-03 06:08:25 [tev1 5325/6000] a2928b830b8b66809296a0ee17fcde35#4 -> None 0.7247 (0.58s/prompt, eta 7 min, 0 errors)
2026-10-03 06:08:41 [tev1 5350/6000] 4bdf3fcd8baf50fcbbb09ad9b2299baa#2 -> None 0.6087 (0.58s/prompt, eta 6 min, 0 errors)
2026-10-03 06:08:54 [tev1 5375/6000] 4c96ab726ae7c89b7d3935b72ed2ea47#4 -> None 0.5139 (0.58s/prompt, eta 6 min, 0 errors)
2026-10-03 06:08:56   HTTP 400: {"error":"prompt 0 has 2400 tokens; expected 1–2050 (input is never truncated)"} - retrying with the first 897 chars
2026-10-03 06:09:09 [tev1 5400/6000] 53dce996e055f1b550cc5ee6adff6f17#6 -> Vague / Missing Context 0.4545 (0.58s/prompt, eta 6 min, 0 errors)
2026-10-03 06:09:23 [tev1 5425/6000] 4be001190b0f9657c36947cd637a27b3#2 -> Vague / Missing Context 0.3174 (0.58s/prompt, eta 6 min, 0 errors)
2026-10-03 06:09:35 [tev1 5450/6000] 2aa4f557d951dd061afa73d14cb9faaf#5 -> None 0.4259 (0.58s/prompt, eta 5 min, 0 errors)
2026-10-03 06:09:48 [tev1 5475/6000] 17e209aebcdf8e4ecc1852604ad98378#1 -> None 0.6847 (0.58s/prompt, eta 5 min, 0 errors)
2026-10-03 06:10:03 [tev1 5500/6000] a7c95c63b036eebfc4c5e9d05706259c#4 -> Vague / Missing Context 0.4932 (0.58s/prompt, eta 5 min, 0 errors)
2026-10-03 06:10:18 [tev1 5525/6000] 9654c8926914e5aa82bb1947d0976868#2 -> None 0.5604 (0.58s/prompt, eta 5 min, 0 errors)
2026-10-03 06:10:32 [tev1 5550/6000] 6024ae2c388129d76a191bc8cd0773d9#4 -> None 0.6363 (0.58s/prompt, eta 4 min, 0 errors)
2026-10-03 06:10:48 [tev1 5575/6000] 890e6f35fd262f4aee2afae45caef1c9#2 -> None 0.6358 (0.58s/prompt, eta 4 min, 0 errors)
2026-10-03 06:11:01 [tev1 5600/6000] 2f7957f78aa231066b7b3da04040db4c#3 -> None 0.4594 (0.58s/prompt, eta 4 min, 0 errors)
2026-10-03 06:11:15 [tev1 5625/6000] 6cdb5a45423f2b22c53ef8dfa313313f#6 -> None 0.4772 (0.58s/prompt, eta 4 min, 0 errors)
2026-10-03 06:11:32 [tev1 5650/6000] 74d22e1a92ec63e5dddb8fc4622d5f8d#1 -> Vague / Missing Context 0.4428 (0.58s/prompt, eta 3 min, 0 errors)
2026-10-03 06:11:49 [tev1 5675/6000] c561cc0dc6074a443088bbc4698ef8db#1 -> None 0.4836 (0.58s/prompt, eta 3 min, 0 errors)
2026-10-03 06:12:02 [tev1 5700/6000] fef5b5b8f56db62e199c71d4350d960a#4 -> None 0.3411 (0.58s/prompt, eta 3 min, 0 errors)
2026-10-03 06:12:18 [tev1 5725/6000] c267998625b20a5ea3a2ec77fe0c729e#3 -> Vague / Missing Context 0.3190 (0.58s/prompt, eta 3 min, 0 errors)
2026-10-03 06:12:35 [tev1 5750/6000] 791a7209413e075ee30d8216ab449dba#2 -> None 0.4672 (0.58s/prompt, eta 2 min, 0 errors)
2026-10-03 06:12:51 [tev1 5775/6000] 7bbbf68ec52f694758cd1a688998895b#6 -> Vague / Missing Context 0.4805 (0.58s/prompt, eta 2 min, 0 errors)
2026-10-03 06:13:05 [tev1 5800/6000] 41ebe08cb2d63271cb2eef7fd4405f15#2 -> None 0.4065 (0.58s/prompt, eta 2 min, 0 errors)
2026-10-03 06:13:20 [tev1 5825/6000] e6da6c7e116567ba65bb8d352527f300#1 -> None 0.7914 (0.58s/prompt, eta 2 min, 0 errors)
2026-10-03 06:13:34 [tev1 5850/6000] a51bf57d38d37546d268cc78b1c324a5#9 -> None 0.5342 (0.58s/prompt, eta 1 min, 0 errors)
2026-10-03 06:13:52 [tev1 5875/6000] 722f1ca80f8daa005b8fc2526fb0df57#11 -> None 0.7596 (0.58s/prompt, eta 1 min, 0 errors)
2026-10-03 06:14:09 [tev1 5900/6000] 186f02901f43745794fd8428b1f2f629#6 -> Vague / Missing Context 0.3550 (0.59s/prompt, eta 1 min, 0 errors)
2026-10-03 06:14:23 [tev1 5925/6000] 78282df8b4806e8bacc2c1cdd38cc49f#1 -> Vague / Missing Context 0.3500 (0.59s/prompt, eta 1 min, 0 errors)
2026-10-03 06:14:38 [tev1 5950/6000] 14197bbef18690e8ff91863d1aedd9f6#1 -> None 0.4492 (0.59s/prompt, eta 0 min, 0 errors)
2026-10-03 06:14:53 [tev1 5975/6000] 8d9c824ff3d1de6bd4b25650a8866c7e#7 -> Vague / Missing Context 0.3533 (0.59s/prompt, eta 0 min, 0 errors)
2026-10-03 06:15:08 [tev1 6000/6000] 919db39a75a2a6294f92f88e78c2beea#1 -> None 0.5109 (0.59s/prompt, eta 0 min, 0 errors)
2026-10-03 06:15:08 tev1: done, 6000 rows, 0 errors
2026-10-03 06:15:08 kev (kev-latest): 0/6000 done, 6000 to go
2026-10-03 06:15:08 starting Kev server (jaredpalmer/kev-0.8b) on :8009
2026-10-03 06:15:26 Kev server is up
2026-10-03 06:15:34 [kev 25/6000] 291e8752b1737c209223ee3bf67ae1d1#1 -> None 0.1721 (0.32s/prompt, eta 32 min, 0 errors)
2026-10-03 06:15:45 [kev 50/6000] 08ec9fe37d232fcce5a07588ab0b0432#3 -> Overloaded Prompt 0.1471 (0.37s/prompt, eta 36 min, 0 errors)
2026-10-03 06:15:55 [kev 75/6000] 5ce4b255aa05816f322e9e37e82cac74#1 -> None 0.2206 (0.38s/prompt, eta 38 min, 0 errors)
2026-10-03 06:16:04 [kev 100/6000] 8f0fbb46a6c0184baa35b4cae1f5b446#1 -> None 0.1243 (0.38s/prompt, eta 37 min, 0 errors)
2026-10-03 06:16:12 [kev 125/6000] 45b2f12895cb672859d9b6507db9339e#4 -> Format Ambiguity 0.1322 (0.36s/prompt, eta 36 min, 0 errors)
2026-10-03 06:16:20 [kev 150/6000] a882fd412453d0b7e06c50b7468613ba#3 -> Format Ambiguity 0.1608 (0.36s/prompt, eta 35 min, 0 errors)
2026-10-03 06:16:28 [kev 175/6000] 4ea618132c3dcf80a67b9cb8f5279205#1 -> Format Ambiguity 0.1810 (0.35s/prompt, eta 34 min, 0 errors)
2026-10-03 06:16:37 [kev 200/6000] 76e29925b2e582e984a3c1aea2d4081a#2 -> None 0.1638 (0.35s/prompt, eta 34 min, 0 errors)
2026-10-03 06:16:45 [kev 225/6000] 6711582e3c0b01bf1d23334ee57721dd#4 -> None 0.1612 (0.35s/prompt, eta 34 min, 0 errors)
2026-10-03 06:16:53 [kev 250/6000] 5def889dca13d5b2339239cc3c42b376#2 -> None 0.1760 (0.35s/prompt, eta 33 min, 0 errors)
2026-10-03 06:17:01 [kev 275/6000] 1824ad022e6a7f525e534ac2ba4368b6#3 -> None 0.2252 (0.34s/prompt, eta 33 min, 0 errors)
2026-10-03 06:17:10 [kev 300/6000] 73c1a9ec821e7e197d74fdd9553dfc2a#6 -> None 0.1863 (0.35s/prompt, eta 33 min, 0 errors)
2026-10-03 06:17:18 [kev 325/6000] 0b82001902668cf0a0e6d01e379ddf76#5 -> None 0.1409 (0.34s/prompt, eta 33 min, 0 errors)
2026-10-03 06:17:26 [kev 350/6000] 3f3cced9121db005d31770a19c35fb76#1 -> None 0.2163 (0.34s/prompt, eta 32 min, 0 errors)
2026-10-03 06:17:36 [kev 375/6000] ff414d72e01e142041fe47d746b85017#8 -> None 0.1592 (0.34s/prompt, eta 32 min, 0 errors)
2026-10-03 06:17:43 [kev 400/6000] 1b5c99bbabc433cba8a0805d096841e0#2 -> None 0.1909 (0.34s/prompt, eta 32 min, 0 errors)
2026-10-03 06:17:51 [kev 425/6000] f23af18d88c21718def6d26a1d1a0683#5 -> None 0.1490 (0.34s/prompt, eta 32 min, 0 errors)
2026-10-03 06:18:01 [kev 450/6000] 676c9d5f9af6c41b9b451bfdfb4c783e#3 -> None 0.1761 (0.34s/prompt, eta 32 min, 0 errors)
2026-10-03 06:18:08 [kev 475/6000] b43c4b2fca3dfec9a8da6eebd542ff2e#1 -> None 0.1982 (0.34s/prompt, eta 31 min, 0 errors)
2026-10-03 06:18:18 [kev 500/6000] 971b713d5b87df19848f9efb74449841#1 -> Format Ambiguity 0.1799 (0.34s/prompt, eta 32 min, 0 errors)
2026-10-03 06:18:27 [kev 525/6000] 654c38f6e0392ac305506cc239c26c19#4 -> None 0.2126 (0.34s/prompt, eta 31 min, 0 errors)
2026-10-03 06:18:38 [kev 550/6000] 372906dd10c4bc5572db91743cf22289#7 -> None 0.2277 (0.35s/prompt, eta 32 min, 0 errors)
2026-10-03 06:18:48 [kev 575/6000] 627c43c7bf734ff74c911de8f0c26b8a#9 -> None 0.1646 (0.35s/prompt, eta 32 min, 0 errors)
2026-10-03 06:18:57 [kev 600/6000] e0afd19d761ecb8ffb926aef4507ca9e#1 -> None 0.2055 (0.35s/prompt, eta 32 min, 0 errors)
2026-10-03 06:19:06 [kev 625/6000] 4155f2bd2867fc750a2d5e2ca5f08cc6#8 -> None 0.1874 (0.35s/prompt, eta 32 min, 0 errors)
2026-10-03 06:19:17 [kev 650/6000] 0d089c84e627cf7065c0db5b03761e11#1 -> Format Ambiguity 0.1728 (0.35s/prompt, eta 32 min, 0 errors)
2026-10-03 06:19:25 [kev 675/6000] 4777e8252a7b7db71f6394dc92f0f777#3 -> Format Ambiguity 0.1414 (0.35s/prompt, eta 31 min, 0 errors)
2026-10-03 06:19:34 [kev 700/6000] 951392f185fffc326426677c574b351e#1 -> Ambiguous References 0.1984 (0.35s/prompt, eta 31 min, 0 errors)
2026-10-03 06:19:44 [kev 725/6000] 33f0f2f8773fbf2316be15b5137a7799#5 -> None 0.1802 (0.36s/prompt, eta 31 min, 0 errors)
2026-10-03 06:19:54 [kev 750/6000] 5f6b0f936266fd24f27f199583e7dfcf#5 -> Vague / Missing Context 0.2222 (0.36s/prompt, eta 31 min, 0 errors)
2026-10-03 06:20:04 [kev 775/6000] ec6e8ea65c53a477d0a5f701a984bfa5#1 -> Vague / Missing Context 0.1508 (0.36s/prompt, eta 31 min, 0 errors)
2026-10-03 06:20:13 [kev 800/6000] fab52f6102b5fa2d884f07c10da6618f#1 -> Format Ambiguity 0.1577 (0.36s/prompt, eta 31 min, 0 errors)
2026-10-03 06:20:21 [kev 825/6000] 07604129b49f0bf822466f35573b6798#1 -> Format Ambiguity 0.1534 (0.36s/prompt, eta 31 min, 0 errors)
2026-10-03 06:20:30 [kev 850/6000] 097b61623d11fab9f3f3970f47c801d2#3 -> None 0.1760 (0.36s/prompt, eta 31 min, 0 errors)
2026-10-03 06:20:38 [kev 875/6000] 82c3eeb4224c6092913e62880537df9d#1 -> None 0.1950 (0.36s/prompt, eta 30 min, 0 errors)
2026-10-03 06:20:47 [kev 900/6000] b7ea14efa45f6464673e14bad3660471#5 -> Vague / Missing Context 0.1907 (0.36s/prompt, eta 30 min, 0 errors)
2026-10-03 06:20:54 [kev 925/6000] 0a098ebd3b1b0616230604c66fdd4df4#12 -> None 0.1728 (0.35s/prompt, eta 30 min, 0 errors)
2026-10-03 06:21:02 [kev 950/6000] 095389d544cf5d87d73c6db09a003b63#1 -> Format Ambiguity 0.2190 (0.35s/prompt, eta 30 min, 0 errors)
2026-10-03 06:21:10 [kev 975/6000] b1e80cecffb6e2a0d74d3f118ff8dd36#1 -> None 0.1586 (0.35s/prompt, eta 30 min, 0 errors)
2026-10-03 06:21:18 [kev 1000/6000] 7338c68017fc4611674c21419afff385#4 -> None 0.1839 (0.35s/prompt, eta 29 min, 0 errors)
2026-10-03 06:21:26 [kev 1025/6000] c96b4a18fde3a9692e477fef7b37b3b4#6 -> None 0.1764 (0.35s/prompt, eta 29 min, 0 errors)
2026-10-03 06:21:36 [kev 1050/6000] c931ae034b79ee9939d74882c64acccc#1 -> Vague / Missing Context 0.1953 (0.35s/prompt, eta 29 min, 0 errors)
2026-10-03 06:21:45 [kev 1075/6000] e63369ce74bffa12e2b1801ca6490f9d#2 -> None 0.1613 (0.35s/prompt, eta 29 min, 0 errors)
2026-10-03 06:21:53 [kev 1100/6000] 8aeb795ed452e22f35a67be169d51ffe#1 -> None 0.1638 (0.35s/prompt, eta 29 min, 0 errors)
2026-10-03 06:22:01 [kev 1125/6000] 3f97330020c28742ba9959f6fc8ffe16#1 -> None 0.1530 (0.35s/prompt, eta 29 min, 0 errors)
2026-10-03 06:22:09 [kev 1150/6000] 69e0033401b9831505b145179166f9f9#8 -> None 0.1851 (0.35s/prompt, eta 28 min, 0 errors)
2026-10-03 06:22:17 [kev 1175/6000] 7a18696a6fb5eb650c793b241886d62e#1 -> None 0.1977 (0.35s/prompt, eta 28 min, 0 errors)
2026-10-03 06:22:26 [kev 1200/6000] b7ba0287902f4408b149b1c74caf45ef#1 -> Vague / Missing Context 0.1794 (0.35s/prompt, eta 28 min, 0 errors)
2026-10-03 06:22:33 [kev 1225/6000] 3a9fd4eb9504b6af1b20398bad1eb26d#9 -> None 0.2440 (0.35s/prompt, eta 28 min, 0 errors)
2026-10-03 06:22:41 [kev 1250/6000] 6069a5acc7da5490a43d2b943df15b40#1 -> None 0.1965 (0.35s/prompt, eta 28 min, 0 errors)
2026-10-03 06:22:50 [kev 1275/6000] 9087eb73c16839f623ac457bab66fe93#1 -> Vague / Missing Context 0.1537 (0.35s/prompt, eta 27 min, 0 errors)
2026-10-03 06:22:59 [kev 1300/6000] ed76a6f36ac77cae49a6b01d1abf4218#3 -> None 0.1768 (0.35s/prompt, eta 27 min, 0 errors)
2026-10-03 06:23:08 [kev 1325/6000] 050ff024fa4944aa40c25f49a313823e#2 -> Format Ambiguity 0.1258 (0.35s/prompt, eta 27 min, 0 errors)
2026-10-03 06:23:17 [kev 1350/6000] 5c6798e9bbfe0ae795d2ad20f4bb0dee#4 -> None 0.2008 (0.35s/prompt, eta 27 min, 0 errors)
2026-10-03 06:23:26 [kev 1375/6000] b9c155cede4bd56866ee431c246c1979#1 -> None 0.1711 (0.35s/prompt, eta 27 min, 0 errors)
2026-10-03 06:23:34 [kev 1400/6000] aefd44816878268758b14b25ccec5381#1 -> None 0.1693 (0.35s/prompt, eta 27 min, 0 errors)
2026-10-03 06:23:43 [kev 1425/6000] 0d923d922dc0a846204a21be7e62d3f9#2 -> None 0.1308 (0.35s/prompt, eta 27 min, 0 errors)
2026-10-03 06:23:51 [kev 1450/6000] e300b4385b46301085cdbb5697aaf734#3 -> None 0.1636 (0.35s/prompt, eta 26 min, 0 errors)
2026-10-03 06:24:00 [kev 1475/6000] 7e7cfcb2eb0ce05b1a77fcba3c1c4c38#2 -> Format Ambiguity 0.2011 (0.35s/prompt, eta 26 min, 0 errors)
2026-10-03 06:24:08 [kev 1500/6000] d129ef6b967e60bd1b7d21d672ca9740#1 -> Overloaded Prompt 0.1734 (0.35s/prompt, eta 26 min, 0 errors)
2026-10-03 06:24:18 [kev 1525/6000] 06623239729362a7134040fa06e56c06#2 -> None 0.1772 (0.35s/prompt, eta 26 min, 0 errors)
2026-10-03 06:24:27 [kev 1550/6000] 030c745535c630dac51c595c29a17548#1 -> Format Ambiguity 0.1553 (0.35s/prompt, eta 26 min, 0 errors)
2026-10-03 06:24:35 [kev 1575/6000] dbdd094e9c6a8b0ea7ce79d0d8abf81a#4 -> Overloaded Prompt 0.2648 (0.35s/prompt, eta 26 min, 0 errors)
2026-10-03 06:24:42 [kev 1600/6000] dd34939112bce62d8534d2416d2066b9#1 -> None 0.1585 (0.35s/prompt, eta 25 min, 0 errors)
2026-10-03 06:24:50 [kev 1625/6000] 46e7531c06f45c858b7d17143197a8ad#1 -> Format Ambiguity 0.1850 (0.35s/prompt, eta 25 min, 0 errors)
2026-10-03 06:25:00 [kev 1650/6000] 8eb06f1814c893afbc6ab9ec3296e864#1 -> Format Ambiguity 0.2324 (0.35s/prompt, eta 25 min, 0 errors)
2026-10-03 06:25:08 [kev 1675/6000] 973ba0d9de4027d0d8b43d8d9d61551a#1 -> None 0.1641 (0.35s/prompt, eta 25 min, 0 errors)
2026-10-03 06:25:16 [kev 1700/6000] 409b91460142fc3e2d116b7787dfeb87#1 -> None 0.1469 (0.35s/prompt, eta 25 min, 0 errors)
2026-10-03 06:25:25 [kev 1725/6000] 71cc87776171aa7caa76ac3d09391c0e#1 -> None 0.1511 (0.35s/prompt, eta 25 min, 0 errors)
2026-10-03 06:25:33 [kev 1750/6000] 3ca8f9cafe9ddc12de20fb1b6fbb1307#1 -> Format Ambiguity 0.2507 (0.35s/prompt, eta 25 min, 0 errors)
2026-10-03 06:25:41 [kev 1775/6000] cfb73ef46b06bcb41e7e02cb9aadf3eb#3 -> None 0.1685 (0.35s/prompt, eta 24 min, 0 errors)
2026-10-03 06:25:49 [kev 1800/6000] 53da976f2c49a29cc38fb6f9b592bc48#4 -> None 0.1558 (0.35s/prompt, eta 24 min, 0 errors)
2026-10-03 06:25:57 [kev 1825/6000] 5c13336f430b7aa1a528e914cbbf552f#7 -> None 0.2130 (0.35s/prompt, eta 24 min, 0 errors)
2026-10-03 06:26:05 [kev 1850/6000] e135a6e773a8751c9629923ce93008f1#3 -> None 0.1892 (0.35s/prompt, eta 24 min, 0 errors)
2026-10-03 06:26:13 [kev 1875/6000] 08a3f5a79944fa20e8b21ff6452a40c2#5 -> Format Ambiguity 0.2232 (0.34s/prompt, eta 24 min, 0 errors)
2026-10-03 06:26:21 [kev 1900/6000] 813ec253d1d6505056dea915726e0380#12 -> Unnecessary Repetition 0.2002 (0.34s/prompt, eta 24 min, 0 errors)
2026-10-03 06:26:29 [kev 1925/6000] 03f66d6fa3015364223a54847c0b0312#1 -> Format Ambiguity 0.1715 (0.34s/prompt, eta 23 min, 0 errors)
2026-10-03 06:26:37 [kev 1950/6000] d9e18b85abb8f94a87ba2ed612246ffb#1 -> None 0.1768 (0.34s/prompt, eta 23 min, 0 errors)
2026-10-03 06:26:46 [kev 1975/6000] 176f54689c7eadbdde9e1bfe7ece482c#3 -> None 0.1478 (0.34s/prompt, eta 23 min, 0 errors)
2026-10-03 06:26:55 [kev 2000/6000] 785a83096670782e061cc2ea407c6d76#1 -> Vague / Missing Context 0.1464 (0.34s/prompt, eta 23 min, 0 errors)
2026-10-03 06:27:03 [kev 2025/6000] 2a9fb52d482fdbeec726c9b395f61ae4#5 -> None 0.1962 (0.34s/prompt, eta 23 min, 0 errors)
2026-10-03 06:27:11 [kev 2050/6000] 9b691232ea789499cee1a39b08a20ca6#12 -> None 0.1828 (0.34s/prompt, eta 23 min, 0 errors)
2026-10-03 06:27:19 [kev 2075/6000] d0967436d9fd429696b7a842fac351cd#2 -> None 0.1390 (0.34s/prompt, eta 22 min, 0 errors)
2026-10-03 06:27:27 [kev 2100/6000] 132ee86e00e8dd8ddba638a83f49ac0f#2 -> None 0.1969 (0.34s/prompt, eta 22 min, 0 errors)
2026-10-03 06:27:35 [kev 2125/6000] c82a66fde468e8d367e1a682126fc733#5 -> Vague / Missing Context 0.2038 (0.34s/prompt, eta 22 min, 0 errors)
2026-10-03 06:27:44 [kev 2150/6000] dd7d48f5f54f976d13b0f193c7924dbf#1 -> Format Ambiguity 0.1479 (0.34s/prompt, eta 22 min, 0 errors)
2026-10-03 06:27:53 [kev 2175/6000] e73e800b64d760b706682a245557691b#3 -> Ambiguous References 0.1344 (0.34s/prompt, eta 22 min, 0 errors)
2026-10-03 06:28:01 [kev 2200/6000] 9cd1eaa25dd9e5f8fc91562d1a67f466#3 -> Format Ambiguity 0.1608 (0.34s/prompt, eta 22 min, 0 errors)
2026-10-03 06:28:09 [kev 2225/6000] d18deec38f1ff055f69207908069a908#8 -> None 0.1592 (0.34s/prompt, eta 22 min, 0 errors)
2026-10-03 06:28:16 [kev 2250/6000] 81252a543423daac194f3e7a2dd5195f#3 -> None 0.1899 (0.34s/prompt, eta 21 min, 0 errors)
2026-10-03 06:28:24 [kev 2275/6000] 95d1673a83811f11ef209d86d4511acb#1 -> None 0.2118 (0.34s/prompt, eta 21 min, 0 errors)
2026-10-03 06:28:32 [kev 2300/6000] 6a834581df08b5d2771eefedc6dae3f7#11 -> Unnecessary Repetition 0.2364 (0.34s/prompt, eta 21 min, 0 errors)
2026-10-03 06:28:40 [kev 2325/6000] ce93a458b5d27074dc7fc33bbd33b924#1 -> None 0.1453 (0.34s/prompt, eta 21 min, 0 errors)
2026-10-03 06:28:47 [kev 2350/6000] 90455cdaae5389e5cacfd67c489045ec#2 -> Overloaded Prompt 0.3166 (0.34s/prompt, eta 21 min, 0 errors)
2026-10-03 06:28:56 [kev 2375/6000] bdceb943fe53af655ad7ca2507055455#1 -> None 0.1852 (0.34s/prompt, eta 21 min, 0 errors)
2026-10-03 06:29:05 [kev 2400/6000] f1c15271d72b0dbd7fec09d29b7ffb0e#3 -> Ambiguous References 0.1757 (0.34s/prompt, eta 20 min, 0 errors)
2026-10-03 06:29:13 [kev 2425/6000] de91ad53da973ef72d6ad773250302a6#1 -> None 0.1810 (0.34s/prompt, eta 20 min, 0 errors)
2026-10-03 06:29:21 [kev 2450/6000] 52d72af08b8dda7c81125e53f37f5b30#1 -> None 0.1998 (0.34s/prompt, eta 20 min, 0 errors)
2026-10-03 06:29:31 [kev 2475/6000] 4ff0aac0ccbf0e5b0e34e69de3f92a8f#1 -> None 0.2008 (0.34s/prompt, eta 20 min, 0 errors)
2026-10-03 06:29:39 [kev 2500/6000] 45e9391055d88e991251b802852bcac9#21 -> Vague / Missing Context 0.1434 (0.34s/prompt, eta 20 min, 0 errors)
2026-10-03 06:29:46 [kev 2525/6000] ff06c93b6fc5d7184f226c4ae3be4d36#7 -> None 0.2085 (0.34s/prompt, eta 20 min, 0 errors)
2026-10-03 06:29:55 [kev 2550/6000] f074237afd45470512fba05bf1f45158#1 -> None 0.2099 (0.34s/prompt, eta 20 min, 0 errors)
2026-10-03 06:30:06 [kev 2575/6000] ff4fb78b7a5b1c7173fdeeab6b248ceb#7 -> None 0.1339 (0.34s/prompt, eta 19 min, 0 errors)
2026-10-03 06:30:14 [kev 2600/6000] 7e09e399c79cb69b8d6a80953e094ec6#5 -> None 0.1870 (0.34s/prompt, eta 19 min, 0 errors)
2026-10-03 06:30:23 [kev 2625/6000] 92774fc636bb34225fc764ee1e141bbc#3 -> None 0.1790 (0.34s/prompt, eta 19 min, 0 errors)
2026-10-03 06:30:32 [kev 2650/6000] 05f9c9dcb571ea0ccf68975e0422bc56#3 -> None 0.1822 (0.34s/prompt, eta 19 min, 0 errors)
2026-10-03 06:30:39 [kev 2675/6000] d8e1d80aeb35e75e94702d6312c46a1b#7 -> None 0.1603 (0.34s/prompt, eta 19 min, 0 errors)
2026-10-03 06:30:47 [kev 2700/6000] 8eea8678ac2a6c3d976ed562ebd5899f#25 -> None 0.1824 (0.34s/prompt, eta 19 min, 0 errors)
2026-10-03 06:30:56 [kev 2725/6000] 094d3a7c639a2dbcf6193220443132dd#3 -> None 0.1868 (0.34s/prompt, eta 19 min, 0 errors)
2026-10-03 06:31:03 [kev 2750/6000] 094d3a7c639a2dbcf6193220443132dd#29 -> None 0.1965 (0.34s/prompt, eta 18 min, 0 errors)
2026-10-03 06:31:10 [kev 2775/6000] 8168adfecbca4bc659c4daea8f4d4ac9#4 -> Format Ambiguity 0.1497 (0.34s/prompt, eta 18 min, 0 errors)
2026-10-03 06:31:18 [kev 2800/6000] 34822fe66adf80ec05514531c870bea8#16 -> Overloaded Prompt 0.1845 (0.34s/prompt, eta 18 min, 0 errors)
2026-10-03 06:31:26 [kev 2825/6000] e698a18765656330429980f1346a0066#7 -> None 0.2031 (0.34s/prompt, eta 18 min, 0 errors)
2026-10-03 06:31:34 [kev 2850/6000] 32742e61f06c16558a1964d5bcbf5d28#2 -> Overloaded Prompt 0.1845 (0.34s/prompt, eta 18 min, 0 errors)
2026-10-03 06:31:41 [kev 2875/6000] 32742e61f06c16558a1964d5bcbf5d28#27 -> None 0.1916 (0.34s/prompt, eta 18 min, 0 errors)
2026-10-03 06:31:49 [kev 2900/6000] 5ff012fd994759b3b4f03c437138cc0b#9 -> None 0.1966 (0.34s/prompt, eta 18 min, 0 errors)
2026-10-03 06:31:56 [kev 2925/6000] 12622ec12050a4f98ccf85d4785002dd#1 -> Format Ambiguity 0.2219 (0.34s/prompt, eta 17 min, 0 errors)
2026-10-03 06:32:04 [kev 2950/6000] 80a7aef2cc6b929cfe0bdf484c3c9dc5#2 -> None 0.1886 (0.34s/prompt, eta 17 min, 0 errors)
2026-10-03 06:32:12 [kev 2975/6000] 0fd4b824ea5d505ad33ed48818fc1771#6 -> None 0.2389 (0.34s/prompt, eta 17 min, 0 errors)
2026-10-03 06:32:20 [kev 3000/6000] 33157839d4fda135098fa16ed4ae0c49#3 -> Format Ambiguity 0.1764 (0.34s/prompt, eta 17 min, 0 errors)
2026-10-03 06:32:27 [kev 3025/6000] 87f0a2a0aadc730e475baccedcbf24fc#4 -> None 0.1733 (0.34s/prompt, eta 17 min, 0 errors)
2026-10-03 06:32:35 [kev 3050/6000] 7ad7a26ce6b187e407b6c70afa1948b1#2 -> Vague / Missing Context 0.1814 (0.34s/prompt, eta 17 min, 0 errors)
2026-10-03 06:32:42 [kev 3075/6000] a190e9f0c7a81a8e7cd86e9744926027#13 -> None 0.1589 (0.34s/prompt, eta 16 min, 0 errors)
2026-10-03 06:32:50 [kev 3100/6000] a190e9f0c7a81a8e7cd86e9744926027#38 -> Unnecessary Repetition 0.1542 (0.34s/prompt, eta 16 min, 0 errors)
2026-10-03 06:32:57 [kev 3125/6000] 58843d79629ee31544ae49d31dcb3a17#1 -> Overloaded Prompt 0.3197 (0.34s/prompt, eta 16 min, 0 errors)
2026-10-03 06:33:05 [kev 3150/6000] 975b5514d3fabc46263edfc81fae5e99#23 -> None 0.1773 (0.34s/prompt, eta 16 min, 0 errors)
2026-10-03 06:33:12 [kev 3175/6000] 975b5514d3fabc46263edfc81fae5e99#48 -> Unnecessary Repetition 0.1824 (0.34s/prompt, eta 16 min, 0 errors)
2026-10-03 06:33:21 [kev 3200/6000] bf6c46774e9f5803e34ade907e6f7f2d#1 -> None 0.1686 (0.34s/prompt, eta 16 min, 0 errors)
2026-10-03 06:33:30 [kev 3225/6000] 1272b7c7967a89623847bbe29c384a2f#1 -> None 0.1661 (0.34s/prompt, eta 16 min, 0 errors)
2026-10-03 06:33:38 [kev 3250/6000] 8f9202c145082488be737dde946b0ce9#1 -> None 0.1526 (0.34s/prompt, eta 15 min, 0 errors)
2026-10-03 06:33:46 [kev 3275/6000] 73dc0ff614e73085d61838878970b49e#2 -> None 0.2050 (0.34s/prompt, eta 15 min, 0 errors)
2026-10-03 06:33:54 [kev 3300/6000] 2a62b22b555ae1079e139aea36110322#1 -> None 0.1419 (0.34s/prompt, eta 15 min, 0 errors)
2026-10-03 06:34:02 [kev 3325/6000] 413af815d3e4e270af2c7c868f38c5c3#1 -> Ambiguous References 0.1318 (0.34s/prompt, eta 15 min, 0 errors)
2026-10-03 06:34:10 [kev 3350/6000] 13534624512f98a0fa1bda7226b72a4e#2 -> Format Ambiguity 0.2347 (0.34s/prompt, eta 15 min, 0 errors)
2026-10-03 06:34:19 [kev 3375/6000] b8ad02f44236ba0a76880e4c7cabd4e4#1 -> None 0.1691 (0.34s/prompt, eta 15 min, 0 errors)
2026-10-03 06:34:28 [kev 3400/6000] a19fab3c96b82eff43c9ce2e0bda12bb#3 -> None 0.1987 (0.34s/prompt, eta 15 min, 0 errors)
2026-10-03 06:34:35 [kev 3425/6000] cc573147a25607cb8db29fc875d17bbb#4 -> None 0.2041 (0.34s/prompt, eta 14 min, 0 errors)
2026-10-03 06:34:44 [kev 3450/6000] 82157bc0ff6dfbb74cc986df8692326c#2 -> None 0.1409 (0.34s/prompt, eta 14 min, 0 errors)
2026-10-03 06:34:52 [kev 3475/6000] 8316943d047c26bf6f8ce3beeefb6e34#1 -> None 0.1832 (0.34s/prompt, eta 14 min, 0 errors)
2026-10-03 06:35:00 [kev 3500/6000] e139463a82ef58d06ff542e012164ff9#14 -> Unnecessary Repetition 0.1676 (0.34s/prompt, eta 14 min, 0 errors)
2026-10-03 06:35:07 [kev 3525/6000] e139463a82ef58d06ff542e012164ff9#39 -> Unnecessary Repetition 0.1740 (0.34s/prompt, eta 14 min, 0 errors)
2026-10-03 06:35:15 [kev 3550/6000] 6d8ef573701ceed7689eb07054cc7a0e#13 -> None 0.1467 (0.33s/prompt, eta 14 min, 0 errors)
2026-10-03 06:35:22 [kev 3575/6000] 5ce422f0d74b74f701aaa921493957cc#14 -> None 0.1868 (0.33s/prompt, eta 14 min, 0 errors)
2026-10-03 06:35:30 [kev 3600/6000] 5ce422f0d74b74f701aaa921493957cc#39 -> Unnecessary Repetition 0.1889 (0.33s/prompt, eta 13 min, 0 errors)
2026-10-03 06:35:37 [kev 3625/6000] 1d2284cdfb27bd59a170b5db80062d6a#4 -> Format Ambiguity 0.2054 (0.33s/prompt, eta 13 min, 0 errors)
2026-10-03 06:35:45 [kev 3650/6000] 02e7cc23adaa51368ba65d8b46447f1e#8 -> None 0.1503 (0.33s/prompt, eta 13 min, 0 errors)
2026-10-03 06:35:54 [kev 3675/6000] 787ffc7cc9f4b9e88c5dec55cad767cd#2 -> None 0.1754 (0.33s/prompt, eta 13 min, 0 errors)
2026-10-03 06:36:01 [kev 3700/6000] 3872863052f34fbcf499bedff1b51200#23 -> Unnecessary Repetition 0.2158 (0.33s/prompt, eta 13 min, 0 errors)
2026-10-03 06:36:09 [kev 3725/6000] 3872863052f34fbcf499bedff1b51200#48 -> None 0.1782 (0.33s/prompt, eta 13 min, 0 errors)
2026-10-03 06:36:16 [kev 3750/6000] bca1218e021c0bffb33ca888235cdae4#7 -> None 0.1641 (0.33s/prompt, eta 13 min, 0 errors)
2026-10-03 06:36:24 [kev 3775/6000] bca1218e021c0bffb33ca888235cdae4#32 -> None 0.2208 (0.33s/prompt, eta 12 min, 0 errors)
2026-10-03 06:36:31 [kev 3800/6000] 2cf23df14115324a0d8619a3d2a74940#2 -> None 0.1411 (0.33s/prompt, eta 12 min, 0 errors)
2026-10-03 06:36:39 [kev 3825/6000] 4768a83ffc071a2788aa8c63ee8f4f19#5 -> None 0.1816 (0.33s/prompt, eta 12 min, 0 errors)
2026-10-03 06:36:47 [kev 3850/6000] 7546d33e884f3cf63426292e3a14e971#22 -> None 0.1668 (0.33s/prompt, eta 12 min, 0 errors)
2026-10-03 06:36:54 [kev 3875/6000] 7546d33e884f3cf63426292e3a14e971#47 -> Vague / Missing Context 0.1628 (0.33s/prompt, eta 12 min, 0 errors)
2026-10-03 06:37:02 [kev 3900/6000] 5daa705af3b24994dbfbf5346009fbc5#1 -> Vague / Missing Context 0.1391 (0.33s/prompt, eta 12 min, 0 errors)
2026-10-03 06:37:09 [kev 3925/6000] 5f6c1244af7d1c9175aca4e4d9c7464a#21 -> Unnecessary Repetition 0.1769 (0.33s/prompt, eta 11 min, 0 errors)
2026-10-03 06:37:17 [kev 3950/6000] 5f6c1244af7d1c9175aca4e4d9c7464a#46 -> Unnecessary Repetition 0.1703 (0.33s/prompt, eta 11 min, 0 errors)
2026-10-03 06:37:26 [kev 3975/6000] 8a0b3ba9339faf5126a9624f41612f5c#6 -> None 0.2068 (0.33s/prompt, eta 11 min, 0 errors)
2026-10-03 06:37:34 [kev 4000/6000] 8a0b3ba9339faf5126a9624f41612f5c#31 -> None 0.1838 (0.33s/prompt, eta 11 min, 0 errors)
2026-10-03 06:37:41 [kev 4025/6000] 6a2ce9e01595986b2d8d37089516cef5#2 -> None 0.1727 (0.33s/prompt, eta 11 min, 0 errors)
2026-10-03 06:37:49 [kev 4050/6000] 5e462b3f369032a5ca8729e9688ec0c7#22 -> Vague / Missing Context 0.1950 (0.33s/prompt, eta 11 min, 0 errors)
2026-10-03 06:37:57 [kev 4075/6000] 5e462b3f369032a5ca8729e9688ec0c7#47 -> None 0.1851 (0.33s/prompt, eta 11 min, 0 errors)
2026-10-03 06:38:05 [kev 4100/6000] cdfcc92aa0c613ddbf57b23fdde8b943#1 -> None 0.1662 (0.33s/prompt, eta 10 min, 0 errors)
2026-10-03 06:38:12 [kev 4125/6000] 02bca2e0c9f5b58deb0f3b5a287572c4#3 -> None 0.1638 (0.33s/prompt, eta 10 min, 0 errors)
2026-10-03 06:38:21 [kev 4150/6000] edf0e587da83a7d10fbb563dd4cea5f9#1 -> None 0.1928 (0.33s/prompt, eta 10 min, 0 errors)
2026-10-03 06:38:30 [kev 4175/6000] a78db106e66b22d1cb73517c592dbc13#1 -> None 0.1701 (0.33s/prompt, eta 10 min, 0 errors)
2026-10-03 06:38:37 [kev 4200/6000] bd5c40dc117e397206eeeff31e6c9bef#22 -> Vague / Missing Context 0.1638 (0.33s/prompt, eta 10 min, 0 errors)
2026-10-03 06:38:45 [kev 4225/6000] bd5c40dc117e397206eeeff31e6c9bef#47 -> None 0.1802 (0.33s/prompt, eta 10 min, 0 errors)
2026-10-03 06:38:53 [kev 4250/6000] 739c18b974e3a0c9b26b660ad2ce5bce#2 -> None 0.1853 (0.33s/prompt, eta 10 min, 0 errors)
2026-10-03 06:39:01 [kev 4275/6000] 739c18b974e3a0c9b26b660ad2ce5bce#27 -> None 0.1541 (0.33s/prompt, eta 10 min, 0 errors)
2026-10-03 06:39:08 [kev 4300/6000] 3a5398ca3ed22a932b51cdf0a66ce35e#1 -> None 0.1906 (0.33s/prompt, eta 9 min, 0 errors)
2026-10-03 06:39:16 [kev 4325/6000] 1708e91e2134a36049c8759b1784352e#8 -> Unnecessary Repetition 0.1806 (0.33s/prompt, eta 9 min, 0 errors)
2026-10-03 06:39:24 [kev 4350/6000] 1708e91e2134a36049c8759b1784352e#33 -> Unnecessary Repetition 0.1792 (0.33s/prompt, eta 9 min, 0 errors)
2026-10-03 06:39:32 [kev 4375/6000] 92e5d6380967ef516d165ec394e1c75f#1 -> Format Ambiguity 0.1763 (0.33s/prompt, eta 9 min, 0 errors)
2026-10-03 06:39:40 [kev 4400/6000] 5c108e733ce7aff9fd6f0edaf057950d#3 -> Unnecessary Repetition 0.1729 (0.33s/prompt, eta 9 min, 0 errors)
2026-10-03 06:39:48 [kev 4425/6000] 5c108e733ce7aff9fd6f0edaf057950d#28 -> None 0.1633 (0.33s/prompt, eta 9 min, 0 errors)
2026-10-03 06:39:56 [kev 4450/6000] 7066437c6dd8162177f16c3f3aeabf5e#1 -> None 0.1329 (0.33s/prompt, eta 9 min, 0 errors)
2026-10-03 06:40:05 [kev 4475/6000] 2153ca3d0e0b59302a6f5225239ed71b#2 -> None 0.1823 (0.33s/prompt, eta 8 min, 0 errors)
2026-10-03 06:40:14 [kev 4500/6000] 86f9e4302e3b568a2fcbdd1ceb4fbe74#5 -> None 0.1834 (0.33s/prompt, eta 8 min, 0 errors)
2026-10-03 06:40:22 [kev 4525/6000] 86f9e4302e3b568a2fcbdd1ceb4fbe74#30 -> None 0.1958 (0.33s/prompt, eta 8 min, 0 errors)
2026-10-03 06:40:29 [kev 4550/6000] bd5ad70e7ef241690d5be1ccae2158a6#2 -> Irrelevant / Excessive Persona 0.2295 (0.33s/prompt, eta 8 min, 0 errors)
2026-10-03 06:40:40 [kev 4575/6000] ccd7c8f51a452a6c0e32d6fb680ca3da#2 -> None 0.1867 (0.33s/prompt, eta 8 min, 0 errors)
2026-10-03 06:40:48 [kev 4600/6000] 5f1bb8d38ce15c7e7504b96b02d524e7#3 -> None 0.1963 (0.33s/prompt, eta 8 min, 0 errors)
2026-10-03 06:40:56 [kev 4625/6000] 3d3d554f4bd9c02ed53b131afc9bf1b2#1 -> None 0.1429 (0.33s/prompt, eta 8 min, 0 errors)
2026-10-03 06:41:04 [kev 4650/6000] 0c12d194cd06520b6d1d14cf3f4c3496#1 -> Overloaded Prompt 0.3001 (0.33s/prompt, eta 7 min, 0 errors)
2026-10-03 06:41:12 [kev 4675/6000] 6a5e62616829c6a5b1a8af16d25fba7f#6 -> None 0.1699 (0.33s/prompt, eta 7 min, 0 errors)
2026-10-03 06:41:20 [kev 4700/6000] d60000e40dc782a4c3548e177a0a2696#1 -> None 0.1675 (0.33s/prompt, eta 7 min, 0 errors)
2026-10-03 06:41:29 [kev 4725/6000] 52445ea7dcfb05465db25af87544ad1b#1 -> None 0.1671 (0.33s/prompt, eta 7 min, 0 errors)
2026-10-03 06:41:36 [kev 4750/6000] e022959fe7204caf3be690e3c69d15a1#3 -> None 0.1828 (0.33s/prompt, eta 7 min, 0 errors)
2026-10-03 06:41:44 [kev 4775/6000] 2aa77ce30b0e8608d35dcd85a116b9fc#4 -> None 0.1895 (0.33s/prompt, eta 7 min, 0 errors)
2026-10-03 06:41:53 [kev 4800/6000] df07d8cde58ede01764cd1501093d292#9 -> Vague / Missing Context 0.1546 (0.33s/prompt, eta 7 min, 0 errors)
2026-10-03 06:42:01 [kev 4825/6000] 5775c8ee0bc7d4333689e63514273ca4#2 -> None 0.1495 (0.33s/prompt, eta 6 min, 0 errors)
2026-10-03 06:42:09 [kev 4850/6000] 8fb3951900c3f7019f6afa1d9c840731#19 -> None 0.1396 (0.33s/prompt, eta 6 min, 0 errors)
2026-10-03 06:42:18 [kev 4875/6000] ab9cfbfdaf93497cc8a3868db9d12f60#3 -> Format Ambiguity 0.1911 (0.33s/prompt, eta 6 min, 0 errors)
2026-10-03 06:42:26 [kev 4900/6000] d8109c873a7ca3223ed38720b8f55f37#1 -> None 0.1462 (0.33s/prompt, eta 6 min, 0 errors)
2026-10-03 06:42:35 [kev 4925/6000] 8e50ac626d949f35976e14ca6d11bf58#1 -> None 0.1676 (0.33s/prompt, eta 6 min, 0 errors)
2026-10-03 06:42:42 [kev 4950/6000] 872c3260351ac10f330a92413379f288#3 -> None 0.1646 (0.33s/prompt, eta 6 min, 0 errors)
2026-10-03 06:42:50 [kev 4975/6000] 81985ecf14fc6833ffb78c7341cc9366#1 -> Vague / Missing Context 0.1692 (0.33s/prompt, eta 6 min, 0 errors)
2026-10-03 06:42:58 [kev 5000/6000] ddfcbdd8bc758f14a9ec3e75beb36a61#1 -> None 0.1596 (0.33s/prompt, eta 6 min, 0 errors)
2026-10-03 06:43:05 [kev 5025/6000] 5b3778910bd6e3befcef5e58d418560c#3 -> None 0.1802 (0.33s/prompt, eta 5 min, 0 errors)
2026-10-03 06:43:14 [kev 5050/6000] 7b93c4a568df061ffed194cae28efda6#1 -> None 0.1701 (0.33s/prompt, eta 5 min, 0 errors)
2026-10-03 06:43:23 [kev 5075/6000] 9d3045d27f7bea6bd08a66d16fcaa48a#3 -> None 0.1661 (0.33s/prompt, eta 5 min, 0 errors)
2026-10-03 06:43:31 [kev 5100/6000] 3c232022c8f156e85ce527211b3878b0#3 -> None 0.1857 (0.33s/prompt, eta 5 min, 0 errors)
2026-10-03 06:43:40 [kev 5125/6000] 864fdd42736c8581591db8d7dee44605#1 -> Format Ambiguity 0.2239 (0.33s/prompt, eta 5 min, 0 errors)
2026-10-03 06:43:48 [kev 5150/6000] 6fb66c229eb57681ba2f1a544ab578cb#3 -> None 0.1613 (0.33s/prompt, eta 5 min, 0 errors)
2026-10-03 06:43:57 [kev 5175/6000] 19ee3ca70053213aa3b5165720f4cd9f#3 -> None 0.1782 (0.33s/prompt, eta 5 min, 0 errors)
2026-10-03 06:44:06 [kev 5200/6000] 1838b24328c1dd3508c61f3eb7a12390#4 -> None 0.1993 (0.33s/prompt, eta 4 min, 0 errors)
2026-10-03 06:44:14 [kev 5225/6000] dfab03ae297b9db27d6cb935350c18d9#1 -> Vague / Missing Context 0.3418 (0.33s/prompt, eta 4 min, 0 errors)
2026-10-03 06:44:26 [kev 5250/6000] 211232df5617718435283eb52763aa8b#7 -> None 0.1770 (0.33s/prompt, eta 4 min, 0 errors)
2026-10-03 06:44:35 [kev 5275/6000] 76bad785cbeb0813aeb0410912fbb214#1 -> None 0.2533 (0.33s/prompt, eta 4 min, 0 errors)
2026-10-03 06:44:45 [kev 5300/6000] aa16f207312acc7cd91b8979baa8a595#2 -> None 0.1818 (0.33s/prompt, eta 4 min, 0 errors)
2026-10-03 06:44:54 [kev 5325/6000] a2928b830b8b66809296a0ee17fcde35#4 -> Vague / Missing Context 0.2333 (0.33s/prompt, eta 4 min, 0 errors)
2026-10-03 06:45:03 [kev 5350/6000] 4bdf3fcd8baf50fcbbb09ad9b2299baa#2 -> None 0.1746 (0.33s/prompt, eta 4 min, 0 errors)
2026-10-03 06:45:13 [kev 5375/6000] 4c96ab726ae7c89b7d3935b72ed2ea47#4 -> Vague / Missing Context 0.2027 (0.33s/prompt, eta 3 min, 0 errors)
2026-10-03 06:45:21 [kev 5400/6000] 53dce996e055f1b550cc5ee6adff6f17#6 -> None 0.2134 (0.33s/prompt, eta 3 min, 0 errors)
2026-10-03 06:45:29 [kev 5425/6000] 4be001190b0f9657c36947cd637a27b3#2 -> Overloaded Prompt 0.1984 (0.33s/prompt, eta 3 min, 0 errors)
2026-10-03 06:45:36 [kev 5450/6000] 2aa4f557d951dd061afa73d14cb9faaf#5 -> Ambiguous References 0.2347 (0.33s/prompt, eta 3 min, 0 errors)
2026-10-03 06:45:44 [kev 5475/6000] 17e209aebcdf8e4ecc1852604ad98378#1 -> None 0.1984 (0.33s/prompt, eta 3 min, 0 errors)
2026-10-03 06:45:52 [kev 5500/6000] a7c95c63b036eebfc4c5e9d05706259c#4 -> None 0.1646 (0.33s/prompt, eta 3 min, 0 errors)
2026-10-03 06:46:00 [kev 5525/6000] 9654c8926914e5aa82bb1947d0976868#2 -> None 0.1813 (0.33s/prompt, eta 3 min, 0 errors)
2026-10-03 06:46:07 [kev 5550/6000] 6024ae2c388129d76a191bc8cd0773d9#4 -> None 0.1673 (0.33s/prompt, eta 2 min, 0 errors)
2026-10-03 06:46:16 [kev 5575/6000] 890e6f35fd262f4aee2afae45caef1c9#2 -> Format Ambiguity 0.1590 (0.33s/prompt, eta 2 min, 0 errors)
2026-10-03 06:46:24 [kev 5600/6000] 2f7957f78aa231066b7b3da04040db4c#3 -> Vague / Missing Context 0.1760 (0.33s/prompt, eta 2 min, 0 errors)
2026-10-03 06:46:32 [kev 5625/6000] 6cdb5a45423f2b22c53ef8dfa313313f#6 -> None 0.1396 (0.33s/prompt, eta 2 min, 0 errors)
2026-10-03 06:46:42 [kev 5650/6000] 74d22e1a92ec63e5dddb8fc4622d5f8d#1 -> Vague / Missing Context 0.1493 (0.33s/prompt, eta 2 min, 0 errors)
2026-10-03 06:46:51 [kev 5675/6000] c561cc0dc6074a443088bbc4698ef8db#1 -> None 0.1836 (0.33s/prompt, eta 2 min, 0 errors)
2026-10-03 06:46:59 [kev 5700/6000] fef5b5b8f56db62e199c71d4350d960a#4 -> None 0.1480 (0.33s/prompt, eta 2 min, 0 errors)
2026-10-03 06:47:07 [kev 5725/6000] c267998625b20a5ea3a2ec77fe0c729e#3 -> Vague / Missing Context 0.1642 (0.33s/prompt, eta 2 min, 0 errors)
2026-10-03 06:47:15 [kev 5750/6000] 791a7209413e075ee30d8216ab449dba#2 -> None 0.1626 (0.33s/prompt, eta 1 min, 0 errors)
2026-10-03 06:47:24 [kev 5775/6000] 7bbbf68ec52f694758cd1a688998895b#6 -> None 0.2265 (0.33s/prompt, eta 1 min, 0 errors)
2026-10-03 06:47:33 [kev 5800/6000] 41ebe08cb2d63271cb2eef7fd4405f15#2 -> Format Ambiguity 0.1504 (0.33s/prompt, eta 1 min, 0 errors)
2026-10-03 06:47:41 [kev 5825/6000] e6da6c7e116567ba65bb8d352527f300#1 -> None 0.2422 (0.33s/prompt, eta 1 min, 0 errors)
2026-10-03 06:47:49 [kev 5850/6000] a51bf57d38d37546d268cc78b1c324a5#9 -> Format Ambiguity 0.1537 (0.33s/prompt, eta 1 min, 0 errors)
2026-10-03 06:47:59 [kev 5875/6000] 722f1ca80f8daa005b8fc2526fb0df57#11 -> None 0.1689 (0.33s/prompt, eta 1 min, 0 errors)
2026-10-03 06:48:09 [kev 5900/6000] 186f02901f43745794fd8428b1f2f629#6 -> Format Ambiguity 0.2132 (0.33s/prompt, eta 1 min, 0 errors)
2026-10-03 06:48:17 [kev 5925/6000] 78282df8b4806e8bacc2c1cdd38cc49f#1 -> Format Ambiguity 0.1763 (0.33s/prompt, eta 0 min, 0 errors)
2026-10-03 06:48:25 [kev 5950/6000] 14197bbef18690e8ff91863d1aedd9f6#1 -> None 0.1472 (0.33s/prompt, eta 0 min, 0 errors)
2026-10-03 06:48:33 [kev 5975/6000] 8d9c824ff3d1de6bd4b25650a8866c7e#7 -> None 0.1607 (0.33s/prompt, eta 0 min, 0 errors)
2026-10-03 06:48:41 [kev 6000/6000] 919db39a75a2a6294f92f88e78c2beea#1 -> None 0.2130 (0.33s/prompt, eta 0 min, 0 errors)
2026-10-03 06:48:41 kev: done, 6000 rows, 0 errors
2026-10-03 06:48:41 stopping Kev server (pid 20447)
2026-10-03 06:48:42 all passes done; wrote runs/smells_6000/merged.csv
2026-10-03 06:48:42 granite (granite4:350m): 6000 rows, 0.69 h model time, 0.42s/prompt; smell counts:
2026-10-03 06:48:42     5256  Ambiguous References
2026-10-03 06:48:42     3886  Format Ambiguity
2026-10-03 06:48:42     2742  Vague / Missing Context
2026-10-03 06:48:42      679  Overloaded Prompt
2026-10-03 06:48:42      592  Unnecessary Repetition
2026-10-03 06:48:42      592  Conflicting Constraints
2026-10-03 06:48:42      557  Bias / Loaded Framing
2026-10-03 06:48:42      418  Formality / Audience Mismatch
2026-10-03 06:48:42       76  Prompt Bloat / Convoluted Prompt
2026-10-03 06:48:42       64  Irrelevant / Excessive Persona
2026-10-03 06:48:42       60  None
2026-10-03 06:48:42 qwen (qwen3.5:0.8b): 6000 rows, 1.16 h model time, 0.70s/prompt; smell counts:
2026-10-03 06:48:42     4256  Vague / Missing Context
2026-10-03 06:48:42     1966  Format Ambiguity
2026-10-03 06:48:42     1535  Ambiguous References
2026-10-03 06:48:42      399  Unnecessary Repetition
2026-10-03 06:48:42      366  Overloaded Prompt
2026-10-03 06:48:42      188  None
2026-10-03 06:48:42      146  Conflicting Constraints
2026-10-03 06:48:42       97  Formality / Audience Mismatch
2026-10-03 06:48:42       70  Prompt Bloat / Convoluted Prompt
2026-10-03 06:48:42       55  Irrelevant / Excessive Persona
2026-10-03 06:48:42       52  Bias / Loaded Framing
2026-10-03 06:48:42 tev1 (tev1:0.8b): 6000 rows, 0.97 h model time, 0.58s/prompt; top-1 counts:
2026-10-03 06:48:42     4903  None
2026-10-03 06:48:42     1014  Vague / Missing Context
2026-10-03 06:48:42       75  Format Ambiguity
2026-10-03 06:48:42        4  Ambiguous References
2026-10-03 06:48:42        1  Prompt Bloat / Convoluted Prompt
2026-10-03 06:48:42        1  Unnecessary Repetition
2026-10-03 06:48:42        1  Bias / Loaded Framing
2026-10-03 06:48:42        1  Formality / Audience Mismatch
2026-10-03 06:48:42 kev (kev-latest): 6000 rows, 0.55 h model time, 0.33s/prompt; top-1 counts:
2026-10-03 06:48:42     3894  None
2026-10-03 06:48:42      715  Format Ambiguity
2026-10-03 06:48:42      656  Vague / Missing Context
2026-10-03 06:48:42      348  Unnecessary Repetition
2026-10-03 06:48:42      183  Ambiguous References
2026-10-03 06:48:42      145  Overloaded Prompt
2026-10-03 06:48:42       21  Conflicting Constraints
2026-10-03 06:48:42       15  Formality / Audience Mismatch
2026-10-03 06:48:42       14  Irrelevant / Excessive Persona
2026-10-03 06:48:42        5  Bias / Loaded Framing
2026-10-03 06:48:42        4  Prompt Bloat / Convoluted Prompt
2026-10-03 06:48:48 supervisor: all passes finished
