conversation_id,user_turn,top1_smell,top1_p,top2_smell,top2_p,top3_smell,top3_p,top4_smell,top4_p,chars_sent,seconds
9deee0d4f93c6a7867eef08fe3be63be,1,Vague / Missing Context,0.7569,No Smell,0.1477,Format Ambiguity,0.0578,Ambiguous References,0.0192,116,4.323
9deee0d4f93c6a7867eef08fe3be63be,4,No Smell,0.3354,Format Ambiguity,0.3294,Vague / Missing Context,0.2605,Formality / Audience Mismatch,0.0245,41,0.594
9deee0d4f93c6a7867eef08fe3be63be,6,Vague / Missing Context,0.3729,No Smell,0.3197,Format Ambiguity,0.1705,Ambiguous References,0.0881,105,0.604
9deee0d4f93c6a7867eef08fe3be63be,7,Vague / Missing Context,0.4048,No Smell,0.3410,Format Ambiguity,0.1402,Ambiguous References,0.0596,246,0.633
6d4b097a71e2c582c7b26e10589599ea,2,No Smell,0.5916,Format Ambiguity,0.2841,Vague / Missing Context,0.0839,Formality / Audience Mismatch,0.0146,22,0.552
45b1bae8034accbf0aafe01ba9732485,2,No Smell,0.6111,Format Ambiguity,0.1274,Conflicting Constraints,0.0704,Vague / Missing Context,0.0616,2355,0.929
75a8afbd34d0158422ad6a9e33005729,1,No Smell,0.5564,Format Ambiguity,0.2187,Vague / Missing Context,0.1655,Formality / Audience Mismatch,0.0263,9,0.551
75a8afbd34d0158422ad6a9e33005729,2,No Smell,0.5666,Format Ambiguity,0.2131,Vague / Missing Context,0.1721,Formality / Audience Mismatch,0.0218,32,0.562
75a8afbd34d0158422ad6a9e33005729,3,No Smell,0.6943,Format Ambiguity,0.2002,Vague / Missing Context,0.0574,Formality / Audience Mismatch,0.0224,31,0.550
75a8afbd34d0158422ad6a9e33005729,6,No Smell,0.5564,Format Ambiguity,0.2187,Vague / Missing Context,0.1655,Formality / Audience Mismatch,0.0263,9,0.085
258523717d4e397987b402c3f3518af6,1,No Smell,0.5089,Vague / Missing Context,0.2042,Format Ambiguity,0.1539,Formality / Audience Mismatch,0.0371,111,0.564
258523717d4e397987b402c3f3518af6,2,No Smell,0.7443,Format Ambiguity,0.1916,Vague / Missing Context,0.0256,Formality / Audience Mismatch,0.0159,22,0.548
258523717d4e397987b402c3f3518af6,3,Vague / Missing Context,0.3503,No Smell,0.3166,Format Ambiguity,0.1485,Ambiguous References,0.0677,79,0.563
258523717d4e397987b402c3f3518af6,4,Vague / Missing Context,0.5017,No Smell,0.2859,Format Ambiguity,0.0845,Formality / Audience Mismatch,0.0433,57,0.557
258523717d4e397987b402c3f3518af6,5,No Smell,0.4240,Vague / Missing Context,0.2708,Format Ambiguity,0.1731,Formality / Audience Mismatch,0.0413,59,0.561
258523717d4e397987b402c3f3518af6,6,No Smell,0.3642,Vague / Missing Context,0.3520,Format Ambiguity,0.1208,Ambiguous References,0.0591,142,0.573
258523717d4e397987b402c3f3518af6,7,No Smell,0.4318,Vague / Missing Context,0.2586,Format Ambiguity,0.2347,Conflicting Constraints,0.0232,81,0.561
88d5fd13c3e0ff9bd7b131b9c251dd0f,2,No Smell,0.5746,Format Ambiguity,0.3037,Vague / Missing Context,0.0827,Conflicting Constraints,0.0146,166,0.573
88d5fd13c3e0ff9bd7b131b9c251dd0f,3,Vague / Missing Context,0.3884,No Smell,0.3100,Format Ambiguity,0.1842,Ambiguous References,0.0494,80,0.563
88d5fd13c3e0ff9bd7b131b9c251dd0f,4,No Smell,0.4193,Format Ambiguity,0.2905,Vague / Missing Context,0.2060,Formality / Audience Mismatch,0.0274,84,0.560
88d5fd13c3e0ff9bd7b131b9c251dd0f,5,Vague / Missing Context,0.5475,No Smell,0.1568,Ambiguous References,0.1198,Format Ambiguity,0.0853,144,0.577
88d5fd13c3e0ff9bd7b131b9c251dd0f,6,No Smell,0.3536,Vague / Missing Context,0.3516,Format Ambiguity,0.1593,Ambiguous References,0.0907,55,0.560
88d5fd13c3e0ff9bd7b131b9c251dd0f,7,No Smell,0.3937,Format Ambiguity,0.3071,Vague / Missing Context,0.2331,Formality / Audience Mismatch,0.0223,63,0.559
88d5fd13c3e0ff9bd7b131b9c251dd0f,8,Vague / Missing Context,0.4691,No Smell,0.2969,Format Ambiguity,0.1645,Ambiguous References,0.0230,55,0.558
291e8752b1737c209223ee3bf67ae1d1,1,No Smell,0.4738,Vague / Missing Context,0.2216,Format Ambiguity,0.1390,Formality / Audience Mismatch,0.0469,163,0.585
c73581ad3758c37c98116e078620eafe,1,No Smell,0.4674,Vague / Missing Context,0.3421,Format Ambiguity,0.1000,Formality / Audience Mismatch,0.0381,63,0.652
832ab4fa124860200c24bd2f62aa7a96,1,No Smell,0.4463,Vague / Missing Context,0.2445,Format Ambiguity,0.1343,Ambiguous References,0.0462,153,0.584
dd30dda76e25051559a149044f07aba2,1,No Smell,0.6302,Vague / Missing Context,0.1143,Format Ambiguity,0.0661,Formality / Audience Mismatch,0.0574,2083,1.012
dd30dda76e25051559a149044f07aba2,2,No Smell,0.6315,Format Ambiguity,0.2076,Vague / Missing Context,0.1076,Formality / Audience Mismatch,0.0207,53,0.564
dd30dda76e25051559a149044f07aba2,3,No Smell,0.5829,Format Ambiguity,0.1790,Vague / Missing Context,0.0800,Formality / Audience Mismatch,0.0507,278,0.613
dd30dda76e25051559a149044f07aba2,4,No Smell,0.5195,Format Ambiguity,0.2922,Vague / Missing Context,0.1230,Conflicting Constraints,0.0224,14,0.549
c54c8e5554496318b8ab2999a19ad5c3,1,No Smell,0.4766,Vague / Missing Context,0.2568,Format Ambiguity,0.1721,Formality / Audience Mismatch,0.0308,45,0.561
c84dca042d2b4f1b24cea4bc11f4b595,1,No Smell,0.3071,Vague / Missing Context,0.1992,Conflicting Constraints,0.1005,Bias / Loaded Framing,0.0773,3292,1.277
c84dca042d2b4f1b24cea4bc11f4b595,2,No Smell,0.2945,Vague / Missing Context,0.2098,Conflicting Constraints,0.1022,Bias / Loaded Framing,0.0827,3520,1.331
c84dca042d2b4f1b24cea4bc11f4b595,3,No Smell,0.3928,Vague / Missing Context,0.2832,Format Ambiguity,0.1100,Ambiguous References,0.0725,355,0.614
dbce78a84bbd564d9450ef90c771e978,1,No Smell,0.3142,Vague / Missing Context,0.2239,Format Ambiguity,0.1759,Ambiguous References,0.1082,934,0.758
5bd6a59c6ad22b7d1b76c9d8b3e3680b,1,Vague / Missing Context,0.2874,Format Ambiguity,0.2686,No Smell,0.2554,Ambiguous References,0.0990,3642,1.417
5bd6a59c6ad22b7d1b76c9d8b3e3680b,2,No Smell,0.3754,Format Ambiguity,0.2636,Vague / Missing Context,0.2390,Ambiguous References,0.0504,93,0.578
5bd6a59c6ad22b7d1b76c9d8b3e3680b,3,Format Ambiguity,0.2894,Vague / Missing Context,0.2589,No Smell,0.2581,Ambiguous References,0.0804,3635,1.415
5bd6a59c6ad22b7d1b76c9d8b3e3680b,4,No Smell,0.3129,Vague / Missing Context,0.3031,Format Ambiguity,0.2720,Ambiguous References,0.0507,93,0.579
5bd6a59c6ad22b7d1b76c9d8b3e3680b,5,Vague / Missing Context,0.5477,Format Ambiguity,0.2010,Ambiguous References,0.1123,No Smell,0.1090,60,0.563
faab586b26de1d8cc1e32d321ab0b882,2,No Smell,0.5588,Format Ambiguity,0.2886,Vague / Missing Context,0.1111,Formality / Audience Mismatch,0.0155,25,0.558
a9434495a678a26f909b3443105d1ad6,1,No Smell,0.2792,Vague / Missing Context,0.2122,Conflicting Constraints,0.1037,Bias / Loaded Framing,0.0821,3292,1.281
5afe97f2562c06667a7f1d4b5eea53da,1,No Smell,0.5114,Vague / Missing Context,0.1920,Format Ambiguity,0.1737,Ambiguous References,0.0320,144,0.568
5afe97f2562c06667a7f1d4b5eea53da,2,No Smell,0.3879,Formality / Audience Mismatch,0.3391,Bias / Loaded Framing,0.1063,Vague / Missing Context,0.0901,41,0.560
1aac1590f0db2983e8bb2a0c2c96ce56,1,No Smell,0.4656,Format Ambiguity,0.3437,Vague / Missing Context,0.1012,Conflicting Constraints,0.0319,298,0.749
1aac1590f0db2983e8bb2a0c2c96ce56,3,No Smell,0.4038,Format Ambiguity,0.3387,Vague / Missing Context,0.1555,Conflicting Constraints,0.0341,237,0.752
d81d3ffa8545e347a16837db586256dc,1,No Smell,0.5564,Format Ambiguity,0.2187,Vague / Missing Context,0.1655,Formality / Audience Mismatch,0.0263,9,0.079
08ec9fe37d232fcce5a07588ab0b0432,1,Vague / Missing Context,0.4668,No Smell,0.2217,Ambiguous References,0.1055,Format Ambiguity,0.0869,216,1.400
08ec9fe37d232fcce5a07588ab0b0432,3,Vague / Missing Context,0.5259,No Smell,0.1842,Ambiguous References,0.0857,Format Ambiguity,0.0743,248,1.526
da8ade9c68c3981ba0d3bc15bdecfac9,1,No Smell,0.6209,Format Ambiguity,0.1910,Vague / Missing Context,0.1218,Conflicting Constraints,0.0248,45,0.565
da8ade9c68c3981ba0d3bc15bdecfac9,2,No Smell,0.3512,Vague / Missing Context,0.2820,Format Ambiguity,0.1634,Ambiguous References,0.0511,162,0.586
38dc452aa55fbc7e418345978bc3aeb6,1,No Smell,0.5973,Vague / Missing Context,0.1282,Format Ambiguity,0.0683,Conflicting Constraints,0.0623,2089,1.021
38dc452aa55fbc7e418345978bc3aeb6,2,No Smell,0.6022,Format Ambiguity,0.2240,Vague / Missing Context,0.1198,Conflicting Constraints,0.0195,42,0.556
7d369dccf0ed993cf940cc746a0ade6c,1,No Smell,0.4614,Vague / Missing Context,0.2803,Format Ambiguity,0.1513,Formality / Audience Mismatch,0.0374,43,0.565
7d369dccf0ed993cf940cc746a0ade6c,2,No Smell,0.4585,Vague / Missing Context,0.2863,Format Ambiguity,0.1598,Formality / Audience Mismatch,0.0297,44,0.561
7d369dccf0ed993cf940cc746a0ade6c,3,No Smell,0.4464,Vague / Missing Context,0.3025,Format Ambiguity,0.1357,Formality / Audience Mismatch,0.0362,46,0.560
392c0683b1aa48270e6b6aab823467f5,2,No Smell,0.3817,Vague / Missing Context,0.3446,Format Ambiguity,0.1516,Formality / Audience Mismatch,0.0430,22,0.549
aab5ef96395efa0ff9bc5e23319384ec,1,No Smell,0.4460,Vague / Missing Context,0.2835,Format Ambiguity,0.1556,Ambiguous References,0.0347,41,0.561
74b48bb91c7f3db21c88801ab87dc778,1,No Smell,0.6209,Format Ambiguity,0.1910,Vague / Missing Context,0.1218,Conflicting Constraints,0.0248,45,0.081
74b48bb91c7f3db21c88801ab87dc778,2,Vague / Missing Context,0.4444,No Smell,0.1827,Format Ambiguity,0.0925,Ambiguous References,0.0912,357,0.599
1d08dc6c69f0f17f09d9acab87c2a357,1,No Smell,0.3770,Vague / Missing Context,0.2639,Format Ambiguity,0.1976,Ambiguous References,0.0554,1659,0.931
1d08dc6c69f0f17f09d9acab87c2a357,2,Vague / Missing Context,0.3118,Format Ambiguity,0.3078,No Smell,0.2983,Formality / Audience Mismatch,0.0240,93,0.574
1d08dc6c69f0f17f09d9acab87c2a357,3,Vague / Missing Context,0.3446,Format Ambiguity,0.2880,No Smell,0.2799,Ambiguous References,0.0501,79,0.579
1d08dc6c69f0f17f09d9acab87c2a357,4,Vague / Missing Context,0.3825,No Smell,0.3427,Format Ambiguity,0.1768,Ambiguous References,0.0378,29,0.561
7956439c6fcef5135bb6960d55454af6,1,No Smell,0.3597,Vague / Missing Context,0.2296,Format Ambiguity,0.1670,Ambiguous References,0.0630,4000,1.398
64747a6df61fbd0eee082be44933fe1d,1,No Smell,0.3584,Vague / Missing Context,0.1420,Format Ambiguity,0.1088,Bias / Loaded Framing,0.0848,4000,1.405
d63fb47bec60dbb883140603322f3333,1,Vague / Missing Context,0.6251,Ambiguous References,0.1311,Format Ambiguity,0.0965,No Smell,0.0931,507,0.684
d63fb47bec60dbb883140603322f3333,2,Vague / Missing Context,0.3116,Format Ambiguity,0.2566,No Smell,0.2490,Ambiguous References,0.0985,3711,1.457
d63fb47bec60dbb883140603322f3333,3,No Smell,0.2632,Vague / Missing Context,0.2605,Format Ambiguity,0.2474,Ambiguous References,0.0940,3745,1.479
d63fb47bec60dbb883140603322f3333,4,Vague / Missing Context,0.3522,Format Ambiguity,0.2492,No Smell,0.1932,Ambiguous References,0.1216,3724,1.454
f01f3f40c1fd00d9462f9f7bb7434d01,1,No Smell,0.6603,Vague / Missing Context,0.0935,Conflicting Constraints,0.0609,Formality / Audience Mismatch,0.0583,2189,1.046
f01f3f40c1fd00d9462f9f7bb7434d01,2,No Smell,0.6022,Format Ambiguity,0.2240,Vague / Missing Context,0.1198,Conflicting Constraints,0.0195,42,0.065
f01f3f40c1fd00d9462f9f7bb7434d01,3,No Smell,0.3663,Vague / Missing Context,0.2609,Format Ambiguity,0.1497,Ambiguous References,0.0768,100,0.554
5ce4b255aa05816f322e9e37e82cac74,1,No Smell,0.5086,Vague / Missing Context,0.2135,Format Ambiguity,0.1816,Formality / Audience Mismatch,0.0270,53,0.562
17c3cd1299ca6cf343e0deddd4653ff3,1,Vague / Missing Context,0.4871,No Smell,0.3017,Format Ambiguity,0.0947,Ambiguous References,0.0365,25,0.548
17c3cd1299ca6cf343e0deddd4653ff3,2,Vague / Missing Context,0.5387,No Smell,0.2633,Format Ambiguity,0.1015,Ambiguous References,0.0283,26,0.548
616ef4f28c0a8bd91f5affc39d811137,1,Vague / Missing Context,0.3135,No Smell,0.2066,Format Ambiguity,0.1273,Ambiguous References,0.1023,1742,0.886
f4eb0bddc7ffd481c6b79bdce07175f4,1,No Smell,0.6284,Vague / Missing Context,0.1614,Format Ambiguity,0.0689,Formality / Audience Mismatch,0.0436,384,0.714
f4eb0bddc7ffd481c6b79bdce07175f4,2,No Smell,0.5773,Vague / Missing Context,0.1754,Format Ambiguity,0.0925,Formality / Audience Mismatch,0.0442,386,0.713
f4eb0bddc7ffd481c6b79bdce07175f4,3,No Smell,0.4848,Vague / Missing Context,0.2572,Format Ambiguity,0.1631,Formality / Audience Mismatch,0.0293,42,0.559
f4eb0bddc7ffd481c6b79bdce07175f4,4,No Smell,0.4744,Vague / Missing Context,0.2250,Format Ambiguity,0.1921,Ambiguous References,0.0340,97,0.575
f4eb0bddc7ffd481c6b79bdce07175f4,5,No Smell,0.5440,Vague / Missing Context,0.1909,Format Ambiguity,0.1804,Formality / Audience Mismatch,0.0245,116,0.574
f4eb0bddc7ffd481c6b79bdce07175f4,6,No Smell,0.5227,Vague / Missing Context,0.2046,Format Ambiguity,0.1941,Formality / Audience Mismatch,0.0240,132,0.574
f4eb0bddc7ffd481c6b79bdce07175f4,7,No Smell,0.6026,Format Ambiguity,0.1812,Vague / Missing Context,0.1449,Formality / Audience Mismatch,0.0238,146,0.575
f4eb0bddc7ffd481c6b79bdce07175f4,8,No Smell,0.5979,Format Ambiguity,0.2097,Vague / Missing Context,0.1227,Formality / Audience Mismatch,0.0229,178,0.588
f4eb0bddc7ffd481c6b79bdce07175f4,9,No Smell,0.6046,Format Ambiguity,0.1907,Vague / Missing Context,0.1116,Formality / Audience Mismatch,0.0321,184,0.589
f4eb0bddc7ffd481c6b79bdce07175f4,10,No Smell,0.5450,Vague / Missing Context,0.1828,Format Ambiguity,0.1798,Formality / Audience Mismatch,0.0266,197,0.588
5d83792e0c9e68edf7c45d4aebe4eb05,1,No Smell,0.6352,Format Ambiguity,0.1522,Vague / Missing Context,0.0826,Conflicting Constraints,0.0415,282,0.609
5d83792e0c9e68edf7c45d4aebe4eb05,2,No Smell,0.6056,Format Ambiguity,0.1638,Vague / Missing Context,0.0960,Formality / Audience Mismatch,0.0422,284,0.609
5748601dbbe8f733849d51cf2a2e690b,1,No Smell,0.6815,Vague / Missing Context,0.0954,Formality / Audience Mismatch,0.0575,Conflicting Constraints,0.0532,2192,1.044
5748601dbbe8f733849d51cf2a2e690b,2,No Smell,0.6315,Format Ambiguity,0.2076,Vague / Missing Context,0.1076,Formality / Audience Mismatch,0.0207,53,0.066
7fc6366846ce9ff89f6924e7b3c8d4c8,1,No Smell,0.3353,Vague / Missing Context,0.1420,Format Ambiguity,0.1413,Bias / Loaded Framing,0.1168,4000,1.415
df2afa71c26c48849489d86dfa7ec726,1,No Smell,0.5544,Vague / Missing Context,0.1841,Format Ambiguity,0.1724,Formality / Audience Mismatch,0.0268,221,0.613
df2afa71c26c48849489d86dfa7ec726,2,No Smell,0.4989,Vague / Missing Context,0.2387,Format Ambiguity,0.1745,Ambiguous References,0.0235,232,0.608
df2afa71c26c48849489d86dfa7ec726,3,No Smell,0.5186,Vague / Missing Context,0.2160,Format Ambiguity,0.1683,Ambiguous References,0.0266,242,0.609
df2afa71c26c48849489d86dfa7ec726,4,No Smell,0.5034,Vague / Missing Context,0.2226,Format Ambiguity,0.1645,Ambiguous References,0.0339,248,0.608
df2afa71c26c48849489d86dfa7ec726,5,No Smell,0.5203,Format Ambiguity,0.1766,Vague / Missing Context,0.1763,Ambiguous References,0.0369,308,0.609
df2afa71c26c48849489d86dfa7ec726,6,No Smell,0.4814,Vague / Missing Context,0.2226,Format Ambiguity,0.1714,Ambiguous References,0.0386,326,0.611
8f0fbb46a6c0184baa35b4cae1f5b446,1,No Smell,0.4788,Vague / Missing Context,0.1913,Conflicting Constraints,0.0911,Formality / Audience Mismatch,0.0625,1592,0.884
c362c8843ab14016013b911e2d82113f,1,No Smell,0.4377,Vague / Missing Context,0.2855,Format Ambiguity,0.1450,Ambiguous References,0.0444,42,0.566
c362c8843ab14016013b911e2d82113f,2,No Smell,0.4477,Vague / Missing Context,0.2843,Format Ambiguity,0.1372,Formality / Audience Mismatch,0.0447,43,0.563
c362c8843ab14016013b911e2d82113f,3,No Smell,0.4167,Vague / Missing Context,0.3225,Format Ambiguity,0.1384,Ambiguous References,0.0403,43,0.563
b44ee4237d92d517b139751e73797678,1,No Smell,0.4150,Vague / Missing Context,0.3745,Format Ambiguity,0.1429,Formality / Audience Mismatch,0.0192,24,0.549
b44ee4237d92d517b139751e73797678,2,No Smell,0.4336,Vague / Missing Context,0.2975,Format Ambiguity,0.1543,Ambiguous References,0.0719,33,0.562
b44ee4237d92d517b139751e73797678,3,No Smell,0.4857,Vague / Missing Context,0.2532,Format Ambiguity,0.1880,Formality / Audience Mismatch,0.0251,41,0.561
b44ee4237d92d517b139751e73797678,4,No Smell,0.3997,Vague / Missing Context,0.3657,Format Ambiguity,0.1244,Ambiguous References,0.0563,58,0.561
b44ee4237d92d517b139751e73797678,5,Vague / Missing Context,0.4280,No Smell,0.3383,Format Ambiguity,0.1351,Ambiguous References,0.0345,41,0.561
b44ee4237d92d517b139751e73797678,6,Vague / Missing Context,0.5196,No Smell,0.2763,Format Ambiguity,0.0950,Ambiguous References,0.0470,34,0.561
b44ee4237d92d517b139751e73797678,7,Vague / Missing Context,0.4597,No Smell,0.3057,Format Ambiguity,0.1078,Ambiguous References,0.0571,54,0.567
b44ee4237d92d517b139751e73797678,8,Vague / Missing Context,0.5283,No Smell,0.2185,Format Ambiguity,0.1158,Ambiguous References,0.0901,37,0.585
b44ee4237d92d517b139751e73797678,9,Vague / Missing Context,0.4312,No Smell,0.3212,Format Ambiguity,0.1443,Ambiguous References,0.0436,47,0.563
b44ee4237d92d517b139751e73797678,10,No Smell,0.4344,Format Ambiguity,0.4079,Vague / Missing Context,0.0933,Conflicting Constraints,0.0235,78,0.563
b44ee4237d92d517b139751e73797678,11,No Smell,0.5484,Vague / Missing Context,0.2358,Format Ambiguity,0.1308,Formality / Audience Mismatch,0.0320,52,0.566
b44ee4237d92d517b139751e73797678,12,No Smell,0.4853,Vague / Missing Context,0.2407,Format Ambiguity,0.1751,Formality / Audience Mismatch,0.0425,48,0.589
b44ee4237d92d517b139751e73797678,13,Vague / Missing Context,0.3823,No Smell,0.3715,Format Ambiguity,0.1574,Ambiguous References,0.0315,34,0.560
b44ee4237d92d517b139751e73797678,14,No Smell,0.6234,Format Ambiguity,0.2674,Vague / Missing Context,0.0520,Formality / Audience Mismatch,0.0244,24,0.560
b44ee4237d92d517b139751e73797678,15,No Smell,0.6171,Format Ambiguity,0.2594,Vague / Missing Context,0.0625,Formality / Audience Mismatch,0.0241,24,0.592
b44ee4237d92d517b139751e73797678,16,No Smell,0.6718,Format Ambiguity,0.2338,Vague / Missing Context,0.0407,Formality / Audience Mismatch,0.0223,24,0.561
b44ee4237d92d517b139751e73797678,17,No Smell,0.6584,Format Ambiguity,0.2425,Vague / Missing Context,0.0464,Formality / Audience Mismatch,0.0226,24,0.559
42ead422a122093601240f7496e6537f,1,No Smell,0.3397,Format Ambiguity,0.1912,Vague / Missing Context,0.1904,Bias / Loaded Framing,0.0678,1760,0.908
45b2f12895cb672859d9b6507db9339e,1,No Smell,0.5589,Vague / Missing Context,0.2003,Format Ambiguity,0.0587,Formality / Audience Mismatch,0.0549,393,0.636
45b2f12895cb672859d9b6507db9339e,2,No Smell,0.5239,Vague / Missing Context,0.2433,Format Ambiguity,0.0612,Formality / Audience Mismatch,0.0556,415,0.697
45b2f12895cb672859d9b6507db9339e,3,No Smell,0.5626,Vague / Missing Context,0.2151,Format Ambiguity,0.0670,Formality / Audience Mismatch,0.0496,437,0.680
45b2f12895cb672859d9b6507db9339e,4,No Smell,0.5323,Vague / Missing Context,0.2521,Format Ambiguity,0.0613,Formality / Audience Mismatch,0.0438,463,0.682
3d001b2e1d09d4ae2f7ee0961682ee5d,1,No Smell,0.5553,Vague / Missing Context,0.2386,Format Ambiguity,0.1087,Formality / Audience Mismatch,0.0343,42,0.562
3d001b2e1d09d4ae2f7ee0961682ee5d,2,No Smell,0.5136,Format Ambiguity,0.2052,Vague / Missing Context,0.1967,Formality / Audience Mismatch,0.0262,58,0.589
44d3b955c79c997c0131b7c4990839c1,1,Vague / Missing Context,0.3845,No Smell,0.3354,Format Ambiguity,0.1543,Ambiguous References,0.0678,324,0.611
44d3b955c79c997c0131b7c4990839c1,2,No Smell,0.4369,Format Ambiguity,0.2696,Vague / Missing Context,0.1750,Conflicting Constraints,0.0326,419,0.707
44d3b955c79c997c0131b7c4990839c1,3,Vague / Missing Context,0.4556,No Smell,0.2761,Format Ambiguity,0.1407,Ambiguous References,0.0748,113,0.580
44d3b955c79c997c0131b7c4990839c1,4,Vague / Missing Context,0.4323,Ambiguous References,0.1869,Format Ambiguity,0.1791,No Smell,0.1625,218,0.611
44d3b955c79c997c0131b7c4990839c1,5,Vague / Missing Context,0.4298,Unnecessary Repetition,0.2780,Ambiguous References,0.1051,No Smell,0.0721,361,0.646
44d3b955c79c997c0131b7c4990839c1,6,No Smell,0.3952,Vague / Missing Context,0.2637,Format Ambiguity,0.2211,Ambiguous References,0.0295,380,0.683
44d3b955c79c997c0131b7c4990839c1,7,No Smell,0.3828,Vague / Missing Context,0.2685,Format Ambiguity,0.2236,Unnecessary Repetition,0.0423,21,0.561
44d3b955c79c997c0131b7c4990839c1,8,No Smell,0.4063,Vague / Missing Context,0.4012,Format Ambiguity,0.1089,Ambiguous References,0.0469,149,0.588
d65912ae471dffed009fb1ac360a84f5,1,No Smell,0.6785,Vague / Missing Context,0.0963,Format Ambiguity,0.0628,Conflicting Constraints,0.0539,2325,1.064
d65912ae471dffed009fb1ac360a84f5,2,No Smell,0.6022,Format Ambiguity,0.2240,Vague / Missing Context,0.1198,Conflicting Constraints,0.0195,42,0.065
d65912ae471dffed009fb1ac360a84f5,3,No Smell,0.5703,Format Ambiguity,0.2661,Vague / Missing Context,0.0925,Conflicting Constraints,0.0258,42,0.541
cebacd34ed76b23773b6a2db4505e54c,1,Vague / Missing Context,0.3777,No Smell,0.1927,Bias / Loaded Framing,0.0973,Format Ambiguity,0.0883,2869,1.082
34376502e5220e6797c7e4c90f37587e,1,No Smell,0.5412,Vague / Missing Context,0.1925,Format Ambiguity,0.1058,Formality / Audience Mismatch,0.0708,57,0.557
56459807252a73e8ac58b4cf25468ca8,1,No Smell,0.8093,Format Ambiguity,0.0797,Formality / Audience Mismatch,0.0373,Conflicting Constraints,0.0288,207,0.599
56459807252a73e8ac58b4cf25468ca8,2,No Smell,0.7262,Format Ambiguity,0.1392,Conflicting Constraints,0.0362,Formality / Audience Mismatch,0.0362,169,0.581
56459807252a73e8ac58b4cf25468ca8,3,No Smell,0.7235,Format Ambiguity,0.1344,Formality / Audience Mismatch,0.0409,Conflicting Constraints,0.0338,156,0.600
55d3249f94b2c1e3e9e38a7289f32649,3,No Smell,0.6333,Format Ambiguity,0.2251,Vague / Missing Context,0.0648,Formality / Audience Mismatch,0.0266,34,0.563
55d3249f94b2c1e3e9e38a7289f32649,4,No Smell,0.7090,Vague / Missing Context,0.0713,Formality / Audience Mismatch,0.0618,Conflicting Constraints,0.0596,2591,1.102
1733c027a122d8bfe53fabed7c7840e1,1,Vague / Missing Context,0.4074,No Smell,0.3683,Format Ambiguity,0.1082,Formality / Audience Mismatch,0.0351,46,0.554
b731f06b0eb7b120ea7a79ed65076bd0,1,Vague / Missing Context,0.3996,No Smell,0.3738,Format Ambiguity,0.0984,Formality / Audience Mismatch,0.0390,49,0.549
a882fd412453d0b7e06c50b7468613ba,1,No Smell,0.6620,Vague / Missing Context,0.0933,Format Ambiguity,0.0646,Conflicting Constraints,0.0615,2348,1.080
a882fd412453d0b7e06c50b7468613ba,2,No Smell,0.6022,Format Ambiguity,0.2240,Vague / Missing Context,0.1198,Conflicting Constraints,0.0195,42,0.066
a882fd412453d0b7e06c50b7468613ba,3,No Smell,0.5084,Format Ambiguity,0.3094,Vague / Missing Context,0.1143,Formality / Audience Mismatch,0.0250,14,0.531
d317c4eee990cf80a0d8928c0d90f0a1,1,No Smell,0.4743,Vague / Missing Context,0.2130,Format Ambiguity,0.1883,Conflicting Constraints,0.0348,355,0.618
d317c4eee990cf80a0d8928c0d90f0a1,2,No Smell,0.4703,Vague / Missing Context,0.2187,Format Ambiguity,0.1931,Conflicting Constraints,0.0324,369,0.617
d317c4eee990cf80a0d8928c0d90f0a1,3,No Smell,0.4936,Vague / Missing Context,0.2213,Format Ambiguity,0.1812,Conflicting Constraints,0.0294,378,0.627
d317c4eee990cf80a0d8928c0d90f0a1,4,No Smell,0.5192,Vague / Missing Context,0.2213,Format Ambiguity,0.1502,Conflicting Constraints,0.0343,484,0.645
d317c4eee990cf80a0d8928c0d90f0a1,5,No Smell,0.5278,Vague / Missing Context,0.2161,Format Ambiguity,0.1434,Conflicting Constraints,0.0332,503,0.653
d317c4eee990cf80a0d8928c0d90f0a1,6,No Smell,0.5376,Vague / Missing Context,0.2082,Format Ambiguity,0.1444,Conflicting Constraints,0.0324,536,0.650
6339ec912a47a3e7c62fe47afe6c7934,1,No Smell,0.3999,Vague / Missing Context,0.2988,Format Ambiguity,0.1624,Formality / Audience Mismatch,0.0367,64,0.562
6339ec912a47a3e7c62fe47afe6c7934,2,No Smell,0.6074,Vague / Missing Context,0.1559,Format Ambiguity,0.1362,Formality / Audience Mismatch,0.0413,77,0.568
6339ec912a47a3e7c62fe47afe6c7934,3,No Smell,0.6463,Format Ambiguity,0.1056,Vague / Missing Context,0.0840,Formality / Audience Mismatch,0.0728,73,0.563
6339ec912a47a3e7c62fe47afe6c7934,4,No Smell,0.4472,Vague / Missing Context,0.2704,Format Ambiguity,0.1454,Ambiguous References,0.0480,103,0.568
6339ec912a47a3e7c62fe47afe6c7934,5,No Smell,0.3829,Vague / Missing Context,0.3003,Format Ambiguity,0.1577,Ambiguous References,0.0510,69,0.551
6339ec912a47a3e7c62fe47afe6c7934,6,No Smell,0.5141,Vague / Missing Context,0.1938,Format Ambiguity,0.1806,Formality / Audience Mismatch,0.0384,70,0.552
c720ddeee4370c528344c92da8d9ac42,1,No Smell,0.4866,Vague / Missing Context,0.2738,Ambiguous References,0.0690,Formality / Audience Mismatch,0.0602,413,0.673
c720ddeee4370c528344c92da8d9ac42,2,No Smell,0.5392,Vague / Missing Context,0.2481,Formality / Audience Mismatch,0.0609,Ambiguous References,0.0507,445,0.669
c720ddeee4370c528344c92da8d9ac42,3,No Smell,0.5194,Vague / Missing Context,0.2742,Ambiguous References,0.0558,Formality / Audience Mismatch,0.0499,461,0.671
c720ddeee4370c528344c92da8d9ac42,4,No Smell,0.5454,Vague / Missing Context,0.2457,Formality / Audience Mismatch,0.0630,Ambiguous References,0.0514,507,0.677
4e78a3a5e6ba06bf89fe7fb5b78cf731,1,No Smell,0.4087,Vague / Missing Context,0.3026,Format Ambiguity,0.1393,Formality / Audience Mismatch,0.0444,64,0.550
4e78a3a5e6ba06bf89fe7fb5b78cf731,2,No Smell,0.5165,Vague / Missing Context,0.2118,Format Ambiguity,0.1885,Formality / Audience Mismatch,0.0249,42,0.555
4e78a3a5e6ba06bf89fe7fb5b78cf731,3,No Smell,0.5144,Vague / Missing Context,0.2679,Format Ambiguity,0.1037,Formality / Audience Mismatch,0.0371,89,0.574
4e78a3a5e6ba06bf89fe7fb5b78cf731,4,No Smell,0.3920,Vague / Missing Context,0.3045,Format Ambiguity,0.1554,Ambiguous References,0.0481,78,0.552
5021452989189b1ff82a664ea8c124fb,2,No Smell,0.6546,Vague / Missing Context,0.1659,Format Ambiguity,0.1112,Conflicting Constraints,0.0268,77,0.552
5021452989189b1ff82a664ea8c124fb,3,No Smell,0.7087,Format Ambiguity,0.1160,Vague / Missing Context,0.1089,Conflicting Constraints,0.0254,120,0.566
0b19b1cb8f9deef46841275438dc4765,1,No Smell,0.7052,Vague / Missing Context,0.0679,Conflicting Constraints,0.0603,Format Ambiguity,0.0551,2534,1.141
0b19b1cb8f9deef46841275438dc4765,2,No Smell,0.6022,Format Ambiguity,0.2240,Vague / Missing Context,0.1198,Conflicting Constraints,0.0195,42,0.078
4ea618132c3dcf80a67b9cb8f5279205,1,No Smell,0.4782,Vague / Missing Context,0.2435,Formality / Audience Mismatch,0.0962,Format Ambiguity,0.0617,64,0.543
4ea618132c3dcf80a67b9cb8f5279205,2,No Smell,0.3574,Vague / Missing Context,0.3472,Format Ambiguity,0.1661,Ambiguous References,0.0349,39,0.545
4ea618132c3dcf80a67b9cb8f5279205,3,No Smell,0.4412,Vague / Missing Context,0.2748,Format Ambiguity,0.0854,Formality / Audience Mismatch,0.0822,58,0.551
8535de3de8c94feb6cff4afb95782919,1,No Smell,0.4955,Vague / Missing Context,0.2293,Format Ambiguity,0.1897,Formality / Audience Mismatch,0.0280,77,0.550
8535de3de8c94feb6cff4afb95782919,2,No Smell,0.6585,Format Ambiguity,0.1565,Vague / Missing Context,0.1015,Conflicting Constraints,0.0303,121,0.566
8535de3de8c94feb6cff4afb95782919,3,Vague / Missing Context,0.3228,No Smell,0.2811,Format Ambiguity,0.2235,Ambiguous References,0.0743,2905,1.214
41a4f2940c03e1dd6816128196e6787c,1,No Smell,0.7087,Format Ambiguity,0.1160,Vague / Missing Context,0.1089,Conflicting Constraints,0.0254,120,0.064
41a4f2940c03e1dd6816128196e6787c,2,No Smell,0.7846,Format Ambiguity,0.0923,Vague / Missing Context,0.0531,Conflicting Constraints,0.0290,133,0.555
bd598ae526030b07d9eff9ab600b4cf7,1,No Smell,0.3817,Vague / Missing Context,0.2926,Format Ambiguity,0.1728,Formality / Audience Mismatch,0.0462,46,0.554
bd598ae526030b07d9eff9ab600b4cf7,2,No Smell,0.5048,Vague / Missing Context,0.2080,Formality / Audience Mismatch,0.1497,Bias / Loaded Framing,0.0521,66,0.556
bd598ae526030b07d9eff9ab600b4cf7,3,No Smell,0.4489,Formality / Audience Mismatch,0.1866,Vague / Missing Context,0.1516,Bias / Loaded Framing,0.0723,59,0.549
bd598ae526030b07d9eff9ab600b4cf7,4,No Smell,0.5074,Vague / Missing Context,0.2250,Format Ambiguity,0.1273,Formality / Audience Mismatch,0.0508,85,0.563
28555bb29b98b5dc33f22e96ef0d7b56,1,No Smell,0.7503,Vague / Missing Context,0.0897,Format Ambiguity,0.0780,Conflicting Constraints,0.0269,158,0.569
28555bb29b98b5dc33f22e96ef0d7b56,2,No Smell,0.7772,Format Ambiguity,0.1723,Formality / Audience Mismatch,0.0173,Vague / Missing Context,0.0134,122,0.563
28555bb29b98b5dc33f22e96ef0d7b56,3,No Smell,0.7267,Format Ambiguity,0.1134,Vague / Missing Context,0.0602,Conflicting Constraints,0.0384,235,0.597
28555bb29b98b5dc33f22e96ef0d7b56,4,No Smell,0.7030,Format Ambiguity,0.1622,Vague / Missing Context,0.0771,Conflicting Constraints,0.0207,68,0.545
2bf363330a7638d9a0c7b1191c89d75f,1,No Smell,0.3632,Vague / Missing Context,0.2711,Format Ambiguity,0.0989,Bias / Loaded Framing,0.0665,743,0.712
475ad57dfe922dd98aca931f8c2a09f6,1,No Smell,0.5809,Vague / Missing Context,0.1617,Format Ambiguity,0.1282,Formality / Audience Mismatch,0.0507,87,0.563
475ad57dfe922dd98aca931f8c2a09f6,2,No Smell,0.5354,Vague / Missing Context,0.1566,Formality / Audience Mismatch,0.1120,Format Ambiguity,0.0978,39,0.557
475ad57dfe922dd98aca931f8c2a09f6,3,No Smell,0.3685,Vague / Missing Context,0.2707,Formality / Audience Mismatch,0.1398,Conflicting Constraints,0.0609,55,0.550
ef8c862ea5c5800d5c65b573254f7ed2,1,No Smell,0.4208,Vague / Missing Context,0.2807,Format Ambiguity,0.1958,Conflicting Constraints,0.0329,42,0.543
5afe5d488eec233bdf0f6ec8451178a5,1,Vague / Missing Context,0.4366,No Smell,0.3550,Format Ambiguity,0.1070,Conflicting Constraints,0.0358,61,0.549
5afe5d488eec233bdf0f6ec8451178a5,2,Vague / Missing Context,0.3910,No Smell,0.3727,Format Ambiguity,0.1008,Conflicting Constraints,0.0459,84,0.556
5afe5d488eec233bdf0f6ec8451178a5,3,Vague / Missing Context,0.4632,No Smell,0.2707,Format Ambiguity,0.0960,Ambiguous References,0.0566,73,0.550
5afe5d488eec233bdf0f6ec8451178a5,4,No Smell,0.4347,Vague / Missing Context,0.3332,Format Ambiguity,0.1202,Conflicting Constraints,0.0436,71,0.557
76e29925b2e582e984a3c1aea2d4081a,2,No Smell,0.2921,Vague / Missing Context,0.2898,Prompt Bloat / Convoluted Prompt,0.1276,Format Ambiguity,0.1048,3547,1.708
76e29925b2e582e984a3c1aea2d4081a,3,No Smell,0.4188,Format Ambiguity,0.2584,Vague / Missing Context,0.2098,Ambiguous References,0.0288,367,0.747
76e29925b2e582e984a3c1aea2d4081a,4,No Smell,0.3521,Vague / Missing Context,0.3215,Format Ambiguity,0.0771,Prompt Bloat / Convoluted Prompt,0.0662,1043,0.827
6c326c2ea06711f6ca1f806b32ea3a5e,1,No Smell,0.3580,Vague / Missing Context,0.3137,Format Ambiguity,0.1860,Ambiguous References,0.0604,45,0.556
6c326c2ea06711f6ca1f806b32ea3a5e,2,No Smell,0.4452,Vague / Missing Context,0.2191,Format Ambiguity,0.1798,Ambiguous References,0.0672,55,0.551
6c326c2ea06711f6ca1f806b32ea3a5e,3,No Smell,0.4609,Vague / Missing Context,0.2302,Format Ambiguity,0.1342,Formality / Audience Mismatch,0.0499,62,0.544
8ee0f9527e1b1ba8201316462acff0f7,1,No Smell,0.3818,Vague / Missing Context,0.3209,Format Ambiguity,0.1273,Ambiguous References,0.0564,44,0.543
1cdb6d242025f6de9100b3a80e595f4c,1,No Smell,0.3763,Vague / Missing Context,0.2901,Format Ambiguity,0.1499,Ambiguous References,0.0590,77,0.556
fb7b32b547e5eb8ee4090ec5866ace52,1,No Smell,0.7276,Vague / Missing Context,0.0628,Conflicting Constraints,0.0544,Formality / Audience Mismatch,0.0514,2554,1.149
fb7b32b547e5eb8ee4090ec5866ace52,2,No Smell,0.6315,Format Ambiguity,0.2076,Vague / Missing Context,0.1076,Formality / Audience Mismatch,0.0207,53,0.070
fb7b32b547e5eb8ee4090ec5866ace52,3,Vague / Missing Context,0.3411,No Smell,0.2513,Format Ambiguity,0.1286,Ambiguous References,0.1077,122,0.555
fb7b32b547e5eb8ee4090ec5866ace52,4,No Smell,0.5256,Format Ambiguity,0.1926,Vague / Missing Context,0.1529,Formality / Audience Mismatch,0.0372,235,0.599
91e876ce2d80cf5eb7beae3c4efcbe66,1,No Smell,0.4099,Vague / Missing Context,0.3370,Format Ambiguity,0.1539,Ambiguous References,0.0415,39,0.543
d0d2e661936dd698804f79d34a9699e5,1,Vague / Missing Context,0.4337,No Smell,0.3283,Format Ambiguity,0.1478,Ambiguous References,0.0308,59,0.548
660e8c9fb6103749c4ef086801e964c6,1,No Smell,0.3668,Format Ambiguity,0.2492,Vague / Missing Context,0.2488,Ambiguous References,0.0402,416,0.913
eeb989073e7ab60321c993cafc533abb,1,Vague / Missing Context,0.3880,No Smell,0.2886,Format Ambiguity,0.1751,Ambiguous References,0.0846,48,0.557
eeb989073e7ab60321c993cafc533abb,2,No Smell,0.3421,Vague / Missing Context,0.3381,Format Ambiguity,0.1669,Ambiguous References,0.0578,47,0.554
86cc5905ec3863c9676e4c9b9751ac8c,1,No Smell,0.6290,Vague / Missing Context,0.1433,Formality / Audience Mismatch,0.0641,Format Ambiguity,0.0530,416,0.629
86cc5905ec3863c9676e4c9b9751ac8c,2,No Smell,0.6210,Vague / Missing Context,0.1853,Format Ambiguity,0.0539,Formality / Audience Mismatch,0.0495,442,0.671
86cc5905ec3863c9676e4c9b9751ac8c,3,No Smell,0.6106,Vague / Missing Context,0.1901,Formality / Audience Mismatch,0.0543,Format Ambiguity,0.0447,473,0.676
86cc5905ec3863c9676e4c9b9751ac8c,4,No Smell,0.6390,Vague / Missing Context,0.1723,Formality / Audience Mismatch,0.0568,Format Ambiguity,0.0484,463,0.667
86cc5905ec3863c9676e4c9b9751ac8c,5,No Smell,0.5941,Vague / Missing Context,0.1909,Format Ambiguity,0.0578,Formality / Audience Mismatch,0.0571,440,0.674
6711582e3c0b01bf1d23334ee57721dd,1,No Smell,0.7668,Format Ambiguity,0.0798,Vague / Missing Context,0.0688,Formality / Audience Mismatch,0.0343,144,0.564
6711582e3c0b01bf1d23334ee57721dd,2,No Smell,0.7802,Format Ambiguity,0.0982,Vague / Missing Context,0.0534,Conflicting Constraints,0.0271,157,0.562
6711582e3c0b01bf1d23334ee57721dd,3,No Smell,0.7631,Format Ambiguity,0.0940,Vague / Missing Context,0.0612,Conflicting Constraints,0.0323,169,0.571
6711582e3c0b01bf1d23334ee57721dd,4,No Smell,0.7711,Format Ambiguity,0.0955,Vague / Missing Context,0.0513,Conflicting Constraints,0.0358,181,0.564
6711582e3c0b01bf1d23334ee57721dd,9,No Smell,0.7169,Vague / Missing Context,0.0987,Format Ambiguity,0.0921,Conflicting Constraints,0.0394,222,0.576
6711582e3c0b01bf1d23334ee57721dd,10,No Smell,0.6956,Vague / Missing Context,0.1092,Format Ambiguity,0.0955,Conflicting Constraints,0.0429,231,0.582
6711582e3c0b01bf1d23334ee57721dd,11,No Smell,0.7150,Vague / Missing Context,0.0930,Format Ambiguity,0.0774,Formality / Audience Mismatch,0.0463,256,0.577
6711582e3c0b01bf1d23334ee57721dd,12,No Smell,0.4404,Vague / Missing Context,0.2772,Format Ambiguity,0.0818,Formality / Audience Mismatch,0.0610,225,0.583
6711582e3c0b01bf1d23334ee57721dd,13,No Smell,0.5007,Vague / Missing Context,0.2231,Format Ambiguity,0.1016,Formality / Audience Mismatch,0.0560,250,0.596
a6e7a10e4752376d2540f96510b04891,2,No Smell,0.5007,Vague / Missing Context,0.2231,Format Ambiguity,0.1016,Formality / Audience Mismatch,0.0560,250,0.048
a6e7a10e4752376d2540f96510b04891,3,No Smell,0.5007,Vague / Missing Context,0.2231,Format Ambiguity,0.1016,Formality / Audience Mismatch,0.0560,250,0.046
12ccc550a6b54b0419ff77997e5a545b,1,No Smell,0.5007,Vague / Missing Context,0.2231,Format Ambiguity,0.1016,Formality / Audience Mismatch,0.0560,250,0.046
2013cd94425524db11d07d890cffca44,1,No Smell,0.7390,Format Ambiguity,0.0788,Vague / Missing Context,0.0713,Conflicting Constraints,0.0506,212,0.573
94094e5ba0e50d68d0cd19ae3b18d784,1,No Smell,0.6955,Vague / Missing Context,0.1281,Format Ambiguity,0.0951,Formality / Audience Mismatch,0.0269,157,0.567
94094e5ba0e50d68d0cd19ae3b18d784,2,No Smell,0.6460,Vague / Missing Context,0.1308,Format Ambiguity,0.1083,Formality / Audience Mismatch,0.0384,316,0.610
94094e5ba0e50d68d0cd19ae3b18d784,3,No Smell,0.6773,Format Ambiguity,0.2143,Vague / Missing Context,0.0590,Formality / Audience Mismatch,0.0182,71,0.542
0592b24b8bc84df4d9b0e29306d36554,1,No Smell,0.4054,Format Ambiguity,0.3073,Vague / Missing Context,0.1972,Conflicting Constraints,0.0282,31,0.542
b6c78eb91043e8f78757f1dfbdd8191c,1,No Smell,0.6641,Vague / Missing Context,0.0936,Conflicting Constraints,0.0695,Formality / Audience Mismatch,0.0592,3568,1.350
b6c78eb91043e8f78757f1dfbdd8191c,2,No Smell,0.6022,Format Ambiguity,0.2240,Vague / Missing Context,0.1198,Conflicting Constraints,0.0195,42,0.064
b6c78eb91043e8f78757f1dfbdd8191c,3,No Smell,0.3876,Vague / Missing Context,0.2247,Format Ambiguity,0.1377,Ambiguous References,0.0675,151,0.556
b6c78eb91043e8f78757f1dfbdd8191c,4,No Smell,0.3308,Vague / Missing Context,0.2558,Ambiguous References,0.1051,Format Ambiguity,0.0804,589,0.639
b6c78eb91043e8f78757f1dfbdd8191c,5,No Smell,0.5612,Vague / Missing Context,0.1973,Format Ambiguity,0.1171,Formality / Audience Mismatch,0.0484,95,0.545
bffa6132aec65f26c6dd2042169f4847,1,No Smell,0.4975,Vague / Missing Context,0.2507,Format Ambiguity,0.1318,Formality / Audience Mismatch,0.0345,48,0.554
bffa6132aec65f26c6dd2042169f4847,2,No Smell,0.4668,Vague / Missing Context,0.2622,Format Ambiguity,0.1569,Formality / Audience Mismatch,0.0351,49,0.542
bffa6132aec65f26c6dd2042169f4847,3,No Smell,0.5679,Format Ambiguity,0.1688,Vague / Missing Context,0.1555,Formality / Audience Mismatch,0.0407,67,0.551
32f372a25a9d5e8976ed714b4ba7d06f,1,No Smell,0.6122,Vague / Missing Context,0.1144,Conflicting Constraints,0.0801,Formality / Audience Mismatch,0.0575,3568,1.392
32f372a25a9d5e8976ed714b4ba7d06f,2,No Smell,0.6080,Vague / Missing Context,0.1661,Format Ambiguity,0.0903,Formality / Audience Mismatch,0.0523,249,0.591
5def889dca13d5b2339239cc3c42b376,1,No Smell,0.4450,Format Ambiguity,0.2280,Vague / Missing Context,0.1468,Conflicting Constraints,0.0489,437,0.626
5def889dca13d5b2339239cc3c42b376,2,No Smell,0.6799,Format Ambiguity,0.1846,Conflicting Constraints,0.0348,Vague / Missing Context,0.0345,823,0.699
5def889dca13d5b2339239cc3c42b376,3,No Smell,0.6315,Format Ambiguity,0.1954,Conflicting Constraints,0.0467,Vague / Missing Context,0.0429,1019,0.740
5def889dca13d5b2339239cc3c42b376,4,Vague / Missing Context,0.4722,No Smell,0.1904,Bias / Loaded Framing,0.1147,Formality / Audience Mismatch,0.0995,65,0.544
5def889dca13d5b2339239cc3c42b376,5,No Smell,0.3674,Vague / Missing Context,0.2592,Format Ambiguity,0.1739,Formality / Audience Mismatch,0.0616,165,0.557
5def889dca13d5b2339239cc3c42b376,6,Vague / Missing Context,0.3210,No Smell,0.3134,Format Ambiguity,0.1996,Ambiguous References,0.0718,106,0.552
5def889dca13d5b2339239cc3c42b376,7,No Smell,0.5519,Vague / Missing Context,0.1496,Format Ambiguity,0.1191,Conflicting Constraints,0.0637,522,0.612
5def889dca13d5b2339239cc3c42b376,8,No Smell,0.5012,Format Ambiguity,0.2367,Vague / Missing Context,0.1020,Conflicting Constraints,0.0546,363,0.600
5def889dca13d5b2339239cc3c42b376,9,No Smell,0.3303,Vague / Missing Context,0.2433,Format Ambiguity,0.1487,Bias / Loaded Framing,0.0677,281,0.595
5def889dca13d5b2339239cc3c42b376,10,Vague / Missing Context,0.5003,No Smell,0.2084,Bias / Loaded Framing,0.1375,Ambiguous References,0.0670,27,0.548
5def889dca13d5b2339239cc3c42b376,11,No Smell,0.4393,Format Ambiguity,0.2315,Vague / Missing Context,0.1615,Bias / Loaded Framing,0.0413,303,0.601
5def889dca13d5b2339239cc3c42b376,12,No Smell,0.5642,Format Ambiguity,0.2977,Vague / Missing Context,0.0849,Formality / Audience Mismatch,0.0214,19,0.537
5def889dca13d5b2339239cc3c42b376,13,No Smell,0.5204,Format Ambiguity,0.2411,Vague / Missing Context,0.1736,Formality / Audience Mismatch,0.0267,29,0.541
5def889dca13d5b2339239cc3c42b376,14,No Smell,0.3914,Vague / Missing Context,0.2840,Format Ambiguity,0.2260,Formality / Audience Mismatch,0.0319,39,0.547
5def889dca13d5b2339239cc3c42b376,15,No Smell,0.4193,Vague / Missing Context,0.1986,Format Ambiguity,0.1796,Conflicting Constraints,0.0619,374,0.602
5def889dca13d5b2339239cc3c42b376,16,No Smell,0.5204,Format Ambiguity,0.2411,Vague / Missing Context,0.1736,Formality / Audience Mismatch,0.0267,29,0.066
5def889dca13d5b2339239cc3c42b376,17,No Smell,0.6389,Format Ambiguity,0.1730,Conflicting Constraints,0.0672,Formality / Audience Mismatch,0.0360,431,0.610
5def889dca13d5b2339239cc3c42b376,18,No Smell,0.4634,Vague / Missing Context,0.2092,Format Ambiguity,0.1203,Conflicting Constraints,0.0749,288,0.599
5def889dca13d5b2339239cc3c42b376,19,No Smell,0.6187,Format Ambiguity,0.2369,Vague / Missing Context,0.0890,Formality / Audience Mismatch,0.0235,32,0.548
5def889dca13d5b2339239cc3c42b376,20,No Smell,0.5826,Vague / Missing Context,0.1588,Format Ambiguity,0.1380,Conflicting Constraints,0.0440,409,0.598
5def889dca13d5b2339239cc3c42b376,21,No Smell,0.2613,Vague / Missing Context,0.2555,Format Ambiguity,0.1915,Ambiguous References,0.0655,362,0.625
5def889dca13d5b2339239cc3c42b376,22,No Smell,0.3560,Format Ambiguity,0.1895,Vague / Missing Context,0.1598,Conflicting Constraints,0.0770,276,0.589
5def889dca13d5b2339239cc3c42b376,23,No Smell,0.5688,Format Ambiguity,0.2633,Vague / Missing Context,0.1097,Formality / Audience Mismatch,0.0206,63,0.542
5def889dca13d5b2339239cc3c42b376,24,No Smell,0.3818,Format Ambiguity,0.2449,Vague / Missing Context,0.1139,Conflicting Constraints,0.0748,388,0.591
fa0f2acd924cbcee9ef0ec4e608a66e3,1,No Smell,0.6792,Format Ambiguity,0.1464,Vague / Missing Context,0.0997,Formality / Audience Mismatch,0.0290,89,0.543
87316e2a9cf556cbb4e05390bd687557,1,No Smell,0.6047,Format Ambiguity,0.2094,Vague / Missing Context,0.1284,Formality / Audience Mismatch,0.0216,30,0.532
1824ad022e6a7f525e534ac2ba4368b6,3,No Smell,0.6875,Format Ambiguity,0.1781,Vague / Missing Context,0.0743,Conflicting Constraints,0.0233,60,0.543
1824ad022e6a7f525e534ac2ba4368b6,4,No Smell,0.6268,Vague / Missing Context,0.1728,Format Ambiguity,0.1211,Formality / Audience Mismatch,0.0325,79,0.544
1824ad022e6a7f525e534ac2ba4368b6,6,No Smell,0.3993,Vague / Missing Context,0.3346,Format Ambiguity,0.1151,Formality / Audience Mismatch,0.0494,108,0.557
1824ad022e6a7f525e534ac2ba4368b6,7,No Smell,0.4980,Vague / Missing Context,0.2306,Format Ambiguity,0.1362,Formality / Audience Mismatch,0.0541,122,0.556
754ec183a77a3480e2b8a2eabda2611c,1,No Smell,0.6122,Vague / Missing Context,0.1144,Conflicting Constraints,0.0801,Formality / Audience Mismatch,0.0575,3568,0.087
754ec183a77a3480e2b8a2eabda2611c,2,No Smell,0.6940,Format Ambiguity,0.0919,Vague / Missing Context,0.0905,Formality / Audience Mismatch,0.0500,277,0.591
754ec183a77a3480e2b8a2eabda2611c,3,No Smell,0.4096,Vague / Missing Context,0.2589,Format Ambiguity,0.1531,Ambiguous References,0.0560,195,0.570
754ec183a77a3480e2b8a2eabda2611c,4,No Smell,0.4366,Vague / Missing Context,0.2007,Format Ambiguity,0.0820,Ambiguous References,0.0718,674,0.661
d57206c091667f615a1b767d12093ae1,1,No Smell,0.3729,Vague / Missing Context,0.2721,Format Ambiguity,0.1576,Ambiguous References,0.1036,447,0.638
d57206c091667f615a1b767d12093ae1,2,No Smell,0.5085,Format Ambiguity,0.2146,Vague / Missing Context,0.2026,Formality / Audience Mismatch,0.0276,55,0.543
d57206c091667f615a1b767d12093ae1,3,No Smell,0.5101,Vague / Missing Context,0.2184,Format Ambiguity,0.1885,Formality / Audience Mismatch,0.0322,57,0.543
d57206c091667f615a1b767d12093ae1,4,No Smell,0.4776,Vague / Missing Context,0.2488,Format Ambiguity,0.1795,Formality / Audience Mismatch,0.0345,69,0.543
d57206c091667f615a1b767d12093ae1,5,No Smell,0.4597,Vague / Missing Context,0.2524,Format Ambiguity,0.1926,Formality / Audience Mismatch,0.0333,70,0.544
d57206c091667f615a1b767d12093ae1,6,No Smell,0.4365,Vague / Missing Context,0.2610,Format Ambiguity,0.2162,Formality / Audience Mismatch,0.0300,54,0.544
d57206c091667f615a1b767d12093ae1,7,No Smell,0.4240,Vague / Missing Context,0.2847,Format Ambiguity,0.2064,Formality / Audience Mismatch,0.0331,56,0.543
d57206c091667f615a1b767d12093ae1,8,No Smell,0.4776,Vague / Missing Context,0.2488,Format Ambiguity,0.1795,Formality / Audience Mismatch,0.0345,69,0.062
d57206c091667f615a1b767d12093ae1,9,No Smell,0.4284,Vague / Missing Context,0.2819,Format Ambiguity,0.1884,Formality / Audience Mismatch,0.0341,68,0.541
d57206c091667f615a1b767d12093ae1,10,No Smell,0.4595,Vague / Missing Context,0.2494,Format Ambiguity,0.1884,Formality / Audience Mismatch,0.0347,69,0.544
5a6459fd34f4e3ec451974a1520ef331,1,No Smell,0.4028,Vague / Missing Context,0.2660,Format Ambiguity,0.1731,Ambiguous References,0.0522,138,0.555
5a6459fd34f4e3ec451974a1520ef331,2,Vague / Missing Context,0.5102,Format Ambiguity,0.1629,No Smell,0.1365,Ambiguous References,0.0929,37,0.542
73c1a9ec821e7e197d74fdd9553dfc2a,1,No Smell,0.3076,Vague / Missing Context,0.2763,Format Ambiguity,0.2541,Ambiguous References,0.0533,3361,1.303
73c1a9ec821e7e197d74fdd9553dfc2a,2,Vague / Missing Context,0.4074,No Smell,0.3054,Format Ambiguity,0.2038,Ambiguous References,0.0485,45,0.545
73c1a9ec821e7e197d74fdd9553dfc2a,3,No Smell,0.5635,Format Ambiguity,0.2796,Vague / Missing Context,0.0909,Formality / Audience Mismatch,0.0260,45,0.546
73c1a9ec821e7e197d74fdd9553dfc2a,4,No Smell,0.4977,Format Ambiguity,0.2727,Vague / Missing Context,0.1715,Formality / Audience Mismatch,0.0222,54,0.542
73c1a9ec821e7e197d74fdd9553dfc2a,5,No Smell,0.3793,Format Ambiguity,0.2583,Vague / Missing Context,0.2318,Ambiguous References,0.0729,59,0.542
73c1a9ec821e7e197d74fdd9553dfc2a,6,Format Ambiguity,0.3526,No Smell,0.2950,Vague / Missing Context,0.2103,Conflicting Constraints,0.0505,4000,1.409
58bf174c15b9a61f4f38b6715481d72a,1,No Smell,0.3993,Vague / Missing Context,0.2786,Format Ambiguity,0.1897,Ambiguous References,0.0404,87,0.545
58bf174c15b9a61f4f38b6715481d72a,3,No Smell,0.5762,Vague / Missing Context,0.1816,Format Ambiguity,0.1633,Formality / Audience Mismatch,0.0347,45,0.544
87d8f1cd48b8e7965975cf56d216e34a,1,No Smell,0.6122,Vague / Missing Context,0.1144,Conflicting Constraints,0.0801,Formality / Audience Mismatch,0.0575,3568,0.090
87d8f1cd48b8e7965975cf56d216e34a,2,No Smell,0.6940,Format Ambiguity,0.0919,Vague / Missing Context,0.0905,Formality / Audience Mismatch,0.0500,277,0.065
87d8f1cd48b8e7965975cf56d216e34a,3,No Smell,0.5007,Vague / Missing Context,0.1386,Format Ambiguity,0.0920,Conflicting Constraints,0.0792,800,0.701
7872167d83bd6290a974e1efdedb2b65,1,No Smell,0.6263,Format Ambiguity,0.2129,Vague / Missing Context,0.0631,Formality / Audience Mismatch,0.0346,40,0.542
7872167d83bd6290a974e1efdedb2b65,2,No Smell,0.4253,Format Ambiguity,0.2237,Vague / Missing Context,0.2138,Conflicting Constraints,0.0472,142,0.558
7872167d83bd6290a974e1efdedb2b65,3,No Smell,0.5177,Vague / Missing Context,0.1985,Format Ambiguity,0.1456,Formality / Audience Mismatch,0.0447,20,0.541
7872167d83bd6290a974e1efdedb2b65,4,No Smell,0.6201,Format Ambiguity,0.2242,Vague / Missing Context,0.1035,Formality / Audience Mismatch,0.0206,5,0.531
7872167d83bd6290a974e1efdedb2b65,5,No Smell,0.4176,Vague / Missing Context,0.2672,Format Ambiguity,0.2480,Conflicting Constraints,0.0211,11,0.532
7872167d83bd6290a974e1efdedb2b65,6,No Smell,0.7311,Format Ambiguity,0.1891,Vague / Missing Context,0.0339,Formality / Audience Mismatch,0.0202,14,0.531
5b8fb38fc18584709e11403b3d8eb6eb,1,No Smell,0.4190,Vague / Missing Context,0.2400,Format Ambiguity,0.2295,Ambiguous References,0.0390,1044,1.503
9c5c9afd8bddb9e1fefd1517cbf881b0,3,No Smell,0.5553,Format Ambiguity,0.2835,Vague / Missing Context,0.1065,Formality / Audience Mismatch,0.0202,7,0.534
9c5c9afd8bddb9e1fefd1517cbf881b0,4,No Smell,0.4293,Format Ambiguity,0.4242,Vague / Missing Context,0.0988,Conflicting Constraints,0.0157,19,0.533
2aef14f14769ecb728d76bb4947943f7,1,No Smell,0.3657,Vague / Missing Context,0.3073,Formality / Audience Mismatch,0.1162,Conflicting Constraints,0.0768,171,0.570
970bd8fb2cb0076848fb152b15becb6e,1,No Smell,0.3587,Vague / Missing Context,0.2758,Formality / Audience Mismatch,0.0821,Conflicting Constraints,0.0778,195,0.588
bab13d84d7d2e053c9feee7a31db4b77,1,No Smell,0.3587,Vague / Missing Context,0.2758,Formality / Audience Mismatch,0.0821,Conflicting Constraints,0.0778,195,0.049
e5d9c89c2c336e4bfaeeb420eb439391,1,No Smell,0.6018,Format Ambiguity,0.1988,Vague / Missing Context,0.1287,Formality / Audience Mismatch,0.0289,35,0.541
36815bb5e872da05bf6d61100ae0e472,3,No Smell,0.5472,Vague / Missing Context,0.2015,Format Ambiguity,0.1630,Formality / Audience Mismatch,0.0347,51,0.542
36815bb5e872da05bf6d61100ae0e472,4,No Smell,0.5319,Format Ambiguity,0.2300,Vague / Missing Context,0.1674,Formality / Audience Mismatch,0.0247,33,0.541
0b82001902668cf0a0e6d01e379ddf76,1,No Smell,0.5373,Vague / Missing Context,0.2584,Format Ambiguity,0.0643,Formality / Audience Mismatch,0.0436,514,0.664
0b82001902668cf0a0e6d01e379ddf76,2,No Smell,0.4208,Vague / Missing Context,0.3647,Formality / Audience Mismatch,0.0492,Conflicting Constraints,0.0466,546,0.696
0b82001902668cf0a0e6d01e379ddf76,3,No Smell,0.5514,Vague / Missing Context,0.2274,Format Ambiguity,0.0572,Formality / Audience Mismatch,0.0514,557,0.689
0b82001902668cf0a0e6d01e379ddf76,4,No Smell,0.4956,Vague / Missing Context,0.2686,Ambiguous References,0.0599,Format Ambiguity,0.0598,470,0.663
0b82001902668cf0a0e6d01e379ddf76,5,No Smell,0.5221,Vague / Missing Context,0.2497,Ambiguous References,0.0570,Formality / Audience Mismatch,0.0510,497,0.664
0b82001902668cf0a0e6d01e379ddf76,6,No Smell,0.5254,Vague / Missing Context,0.2212,Format Ambiguity,0.0818,Ambiguous References,0.0510,410,0.662
0b82001902668cf0a0e6d01e379ddf76,7,No Smell,0.4809,Vague / Missing Context,0.3175,Format Ambiguity,0.0580,Ambiguous References,0.0548,491,0.664
0b82001902668cf0a0e6d01e379ddf76,8,No Smell,0.4919,Vague / Missing Context,0.2629,Ambiguous References,0.0659,Format Ambiguity,0.0549,413,0.661
0b82001902668cf0a0e6d01e379ddf76,9,No Smell,0.5245,Vague / Missing Context,0.2539,Format Ambiguity,0.0600,Formality / Audience Mismatch,0.0477,463,0.662
0b82001902668cf0a0e6d01e379ddf76,10,No Smell,0.5821,Vague / Missing Context,0.1972,Format Ambiguity,0.0696,Formality / Audience Mismatch,0.0450,411,0.660
0b82001902668cf0a0e6d01e379ddf76,11,No Smell,0.5661,Vague / Missing Context,0.1910,Format Ambiguity,0.1039,Formality / Audience Mismatch,0.0496,445,0.660
0b82001902668cf0a0e6d01e379ddf76,12,No Smell,0.5165,Vague / Missing Context,0.2639,Formality / Audience Mismatch,0.0523,Format Ambiguity,0.0501,473,0.663
0b82001902668cf0a0e6d01e379ddf76,13,No Smell,0.4581,Vague / Missing Context,0.3260,Format Ambiguity,0.0503,Formality / Audience Mismatch,0.0477,579,0.705
37a778978bee38f2f66753ad3a95d4cb,1,No Smell,0.3587,Vague / Missing Context,0.2758,Formality / Audience Mismatch,0.0821,Conflicting Constraints,0.0778,195,0.064
37a778978bee38f2f66753ad3a95d4cb,2,Vague / Missing Context,0.6293,No Smell,0.1558,Ambiguous References,0.0734,Format Ambiguity,0.0649,43,0.542
0679145c86eafed4381c8c2adfc1db6b,1,No Smell,0.5917,Format Ambiguity,0.1589,Vague / Missing Context,0.1356,Conflicting Constraints,0.0397,181,0.568
0679145c86eafed4381c8c2adfc1db6b,2,No Smell,0.5120,Vague / Missing Context,0.2499,Format Ambiguity,0.1066,Formality / Audience Mismatch,0.0418,135,0.559
0679145c86eafed4381c8c2adfc1db6b,3,No Smell,0.6012,Vague / Missing Context,0.1797,Format Ambiguity,0.1003,Formality / Audience Mismatch,0.0358,293,0.591
640f0d13a91e4a39607f816d2a5d8ac1,1,No Smell,0.5023,Format Ambiguity,0.2059,Vague / Missing Context,0.1961,Formality / Audience Mismatch,0.0393,39,0.544
640f0d13a91e4a39607f816d2a5d8ac1,2,No Smell,0.4687,Vague / Missing Context,0.2337,Format Ambiguity,0.1800,Formality / Audience Mismatch,0.0448,63,0.544
640f0d13a91e4a39607f816d2a5d8ac1,3,No Smell,0.5525,Vague / Missing Context,0.1714,Format Ambiguity,0.1612,Formality / Audience Mismatch,0.0421,61,0.544
f90c28a8e858ec25cad07494f90f0312,1,No Smell,0.4671,Vague / Missing Context,0.1147,Bias / Loaded Framing,0.1126,Formality / Audience Mismatch,0.0978,3906,1.302
ba31c67eab212b85a7335fff189e7973,1,No Smell,0.4671,Vague / Missing Context,0.1147,Bias / Loaded Framing,0.1126,Formality / Audience Mismatch,0.0978,3906,0.075
b70cc39a9f4693585a17231ccdc67028,1,No Smell,0.6018,Format Ambiguity,0.1988,Vague / Missing Context,0.1287,Formality / Audience Mismatch,0.0289,35,0.062
d73365358aa19db49110a1ac80891529,1,No Smell,0.3587,Vague / Missing Context,0.2758,Formality / Audience Mismatch,0.0821,Conflicting Constraints,0.0778,195,0.062
d73365358aa19db49110a1ac80891529,2,No Smell,0.3938,Vague / Missing Context,0.3015,Format Ambiguity,0.1572,Ambiguous References,0.0715,87,0.552
d73365358aa19db49110a1ac80891529,3,Vague / Missing Context,0.5093,No Smell,0.1610,Format Ambiguity,0.1344,Ambiguous References,0.0838,69,0.544
d9152ae073af70cdd1057725a282daaa,1,Vague / Missing Context,0.4469,No Smell,0.2890,Format Ambiguity,0.1054,Formality / Audience Mismatch,0.0740,99,0.544
d9152ae073af70cdd1057725a282daaa,2,No Smell,0.5624,Format Ambiguity,0.2673,Vague / Missing Context,0.1184,Formality / Audience Mismatch,0.0244,27,0.531
3f3cced9121db005d31770a19c35fb76,1,No Smell,0.6175,Format Ambiguity,0.2891,Vague / Missing Context,0.0458,Conflicting Constraints,0.0197,139,0.554
3f3cced9121db005d31770a19c35fb76,3,Vague / Missing Context,0.4315,No Smell,0.3033,Format Ambiguity,0.1585,Ambiguous References,0.0334,82,0.543
3f3cced9121db005d31770a19c35fb76,5,No Smell,0.4627,Vague / Missing Context,0.3125,Format Ambiguity,0.1489,Formality / Audience Mismatch,0.0296,26,0.541
3f3cced9121db005d31770a19c35fb76,6,No Smell,0.5659,Format Ambiguity,0.2593,Vague / Missing Context,0.1025,Formality / Audience Mismatch,0.0298,68,0.541
4bad63ddfa7df0c38b53934875b9da95,1,No Smell,0.4671,Vague / Missing Context,0.1147,Bias / Loaded Framing,0.1126,Formality / Audience Mismatch,0.0978,3906,0.090
f0734a866c1508dec088c39cdbc1c0d1,1,No Smell,0.4654,Format Ambiguity,0.2448,Vague / Missing Context,0.2039,Formality / Audience Mismatch,0.0307,30,0.542
877299361509f184966262432a6a74c6,2,No Smell,0.4087,Vague / Missing Context,0.2707,Format Ambiguity,0.1699,Formality / Audience Mismatch,0.0465,48,0.544
564633a85f0db6ce6c09e3ad43657bf8,1,No Smell,0.6285,Format Ambiguity,0.2446,Vague / Missing Context,0.0858,Formality / Audience Mismatch,0.0220,34,0.531
564633a85f0db6ce6c09e3ad43657bf8,2,No Smell,0.6428,Format Ambiguity,0.2394,Vague / Missing Context,0.0751,Formality / Audience Mismatch,0.0201,46,0.542
564633a85f0db6ce6c09e3ad43657bf8,3,Vague / Missing Context,0.3168,Format Ambiguity,0.2543,No Smell,0.2521,Ambiguous References,0.0872,3733,1.435
564633a85f0db6ce6c09e3ad43657bf8,4,No Smell,0.3539,Format Ambiguity,0.3140,Vague / Missing Context,0.2178,Ambiguous References,0.0360,3741,1.460
564633a85f0db6ce6c09e3ad43657bf8,5,No Smell,0.3547,Format Ambiguity,0.2827,Vague / Missing Context,0.2365,Ambiguous References,0.0418,3569,1.404
564633a85f0db6ce6c09e3ad43657bf8,6,No Smell,0.3506,Format Ambiguity,0.2632,Vague / Missing Context,0.2490,Ambiguous References,0.0469,3432,1.384
44a17305e231e4f6631c8e8a13c63bd2,2,No Smell,0.6216,Format Ambiguity,0.2031,Vague / Missing Context,0.1025,Formality / Audience Mismatch,0.0251,11,0.534
9d2bcfd66762688d0ce6f0835c3b74c4,1,No Smell,0.4809,Format Ambiguity,0.2100,Vague / Missing Context,0.1876,Ambiguous References,0.0541,36,0.543
9d2bcfd66762688d0ce6f0835c3b74c4,2,No Smell,0.4635,Vague / Missing Context,0.2099,Format Ambiguity,0.2059,Ambiguous References,0.0533,37,0.542
f250a786774d99aedd78a9e181ccb869,1,No Smell,0.4781,Vague / Missing Context,0.2621,Format Ambiguity,0.1641,Formality / Audience Mismatch,0.0297,43,0.542
f250a786774d99aedd78a9e181ccb869,2,No Smell,0.4746,Vague / Missing Context,0.2771,Format Ambiguity,0.1387,Ambiguous References,0.0377,44,0.542
ff414d72e01e142041fe47d746b85017,1,Vague / Missing Context,0.4435,No Smell,0.2317,Format Ambiguity,0.1094,Ambiguous References,0.0913,39,0.541
ff414d72e01e142041fe47d746b85017,2,Vague / Missing Context,0.3466,No Smell,0.2896,Format Ambiguity,0.2048,Ambiguous References,0.0795,174,0.570
ff414d72e01e142041fe47d746b85017,3,Vague / Missing Context,0.4576,No Smell,0.2879,Format Ambiguity,0.1050,Formality / Audience Mismatch,0.0415,42,0.543
ff414d72e01e142041fe47d746b85017,4,Vague / Missing Context,0.3813,No Smell,0.2652,Format Ambiguity,0.1352,Formality / Audience Mismatch,0.0537,81,0.543
ff414d72e01e142041fe47d746b85017,5,Vague / Missing Context,0.4594,No Smell,0.2717,Format Ambiguity,0.1187,Bias / Loaded Framing,0.0422,45,0.544
ff414d72e01e142041fe47d746b85017,6,No Smell,0.7256,Format Ambiguity,0.1785,Vague / Missing Context,0.0464,Formality / Audience Mismatch,0.0205,29,0.542
ff414d72e01e142041fe47d746b85017,7,Vague / Missing Context,0.5536,No Smell,0.1486,Format Ambiguity,0.0883,Ambiguous References,0.0810,47,0.543
ff414d72e01e142041fe47d746b85017,8,Vague / Missing Context,0.3509,No Smell,0.2865,Format Ambiguity,0.2250,Ambiguous References,0.0519,138,0.555
ff414d72e01e142041fe47d746b85017,9,No Smell,0.3377,Vague / Missing Context,0.2945,Format Ambiguity,0.2385,Ambiguous References,0.0504,44,0.543
ff414d72e01e142041fe47d746b85017,10,No Smell,0.3793,Vague / Missing Context,0.3279,Format Ambiguity,0.2208,Formality / Audience Mismatch,0.0256,40,0.542
ff414d72e01e142041fe47d746b85017,11,Vague / Missing Context,0.3608,No Smell,0.3438,Format Ambiguity,0.1642,Formality / Audience Mismatch,0.0419,71,0.544
ff414d72e01e142041fe47d746b85017,12,No Smell,0.3873,Vague / Missing Context,0.3258,Format Ambiguity,0.1882,Conflicting Constraints,0.0304,46,0.543
ff414d72e01e142041fe47d746b85017,13,No Smell,0.5050,Format Ambiguity,0.2230,Vague / Missing Context,0.1833,Formality / Audience Mismatch,0.0352,108,0.556
ff414d72e01e142041fe47d746b85017,14,No Smell,0.4988,Vague / Missing Context,0.2612,Format Ambiguity,0.1564,Formality / Audience Mismatch,0.0289,103,0.545
0bcb1174bade23d2177888fd0f6ee68c,1,No Smell,0.4531,Vague / Missing Context,0.2698,Format Ambiguity,0.1564,Formality / Audience Mismatch,0.0382,42,0.545
6c873d849a2a29baa22902594c8d383b,1,No Smell,0.5309,Vague / Missing Context,0.2551,Format Ambiguity,0.0637,Conflicting Constraints,0.0441,536,0.689
150fc9da76273154140e6a099db5c006,1,No Smell,0.4208,Vague / Missing Context,0.3313,Format Ambiguity,0.1444,Formality / Audience Mismatch,0.0472,53,0.543
150fc9da76273154140e6a099db5c006,2,No Smell,0.6444,Format Ambiguity,0.2611,Vague / Missing Context,0.0456,Formality / Audience Mismatch,0.0208,14,0.534
ef0a1032946c9fca3ac7d8e130d84c27,1,No Smell,0.4173,Vague / Missing Context,0.3047,Format Ambiguity,0.1282,Ambiguous References,0.0577,43,0.543
ef0a1032946c9fca3ac7d8e130d84c27,2,No Smell,0.4224,Vague / Missing Context,0.3294,Format Ambiguity,0.1203,Ambiguous References,0.0470,43,0.545
ef0a1032946c9fca3ac7d8e130d84c27,3,No Smell,0.4194,Vague / Missing Context,0.3303,Format Ambiguity,0.1250,Ambiguous References,0.0452,46,0.544
ef0a1032946c9fca3ac7d8e130d84c27,4,No Smell,0.4693,Vague / Missing Context,0.2833,Format Ambiguity,0.1445,Ambiguous References,0.0352,43,0.543
5a4be8ebb61e3f462194db8c859279ed,1,No Smell,0.6197,Format Ambiguity,0.1922,Vague / Missing Context,0.1184,Formality / Audience Mismatch,0.0296,57,0.545
5a4be8ebb61e3f462194db8c859279ed,2,No Smell,0.5769,Format Ambiguity,0.1910,Vague / Missing Context,0.1571,Formality / Audience Mismatch,0.0320,66,0.544
19cdefdc0907c84cfd467e5d04d22e3a,1,No Smell,0.5354,Vague / Missing Context,0.2288,Format Ambiguity,0.1083,Conflicting Constraints,0.0404,362,0.614
19cdefdc0907c84cfd467e5d04d22e3a,2,No Smell,0.6315,Format Ambiguity,0.2076,Vague / Missing Context,0.1076,Formality / Audience Mismatch,0.0207,53,0.543
19cdefdc0907c84cfd467e5d04d22e3a,3,No Smell,0.5084,Format Ambiguity,0.3094,Vague / Missing Context,0.1143,Formality / Audience Mismatch,0.0250,14,0.532
02f52eb11792b601ddb6786bba4a8b00,1,No Smell,0.3792,Vague / Missing Context,0.3189,Format Ambiguity,0.1322,Ambiguous References,0.0664,55,0.544
702182195e37c96e5efc3a5074027dd5,1,No Smell,0.5485,Format Ambiguity,0.2052,Vague / Missing Context,0.1396,Ambiguous References,0.0428,108,0.565
7110c8fa0797a9744e1ad1696cc23cf8,1,No Smell,0.3859,Vague / Missing Context,0.3460,Format Ambiguity,0.1504,Ambiguous References,0.0473,63,0.543
7110c8fa0797a9744e1ad1696cc23cf8,2,No Smell,0.4375,Vague / Missing Context,0.2820,Format Ambiguity,0.1471,Ambiguous References,0.0474,61,0.545
1b5c99bbabc433cba8a0805d096841e0,1,Vague / Missing Context,0.3590,No Smell,0.3565,Format Ambiguity,0.1288,Ambiguous References,0.0740,69,0.544
1b5c99bbabc433cba8a0805d096841e0,2,No Smell,0.4372,Vague / Missing Context,0.2903,Format Ambiguity,0.1208,Ambiguous References,0.0646,105,0.555
1b5c99bbabc433cba8a0805d096841e0,3,No Smell,0.3850,Vague / Missing Context,0.3521,Format Ambiguity,0.1441,Ambiguous References,0.0482,39,0.544
0368d8e6015545ac481b1b1fdce3c17c,1,No Smell,0.4277,Format Ambiguity,0.2640,Vague / Missing Context,0.1501,Conflicting Constraints,0.0622,4000,1.409
0368d8e6015545ac481b1b1fdce3c17c,3,No Smell,0.6547,Format Ambiguity,0.1964,Vague / Missing Context,0.0998,Formality / Audience Mismatch,0.0197,38,0.544
e309dade97d29a0bc6accc6e7e709489,1,No Smell,0.4243,Vague / Missing Context,0.3158,Format Ambiguity,0.1123,Ambiguous References,0.0584,78,0.557
e309dade97d29a0bc6accc6e7e709489,2,No Smell,0.3880,Vague / Missing Context,0.3299,Format Ambiguity,0.1514,Ambiguous References,0.0505,57,0.544
e309dade97d29a0bc6accc6e7e709489,3,Vague / Missing Context,0.4186,No Smell,0.3186,Format Ambiguity,0.1100,Ambiguous References,0.0755,44,0.544
1d42fc0c11155448a59a02255dc67533,1,No Smell,0.4004,Vague / Missing Context,0.2993,Format Ambiguity,0.1928,Ambiguous References,0.0474,94,0.555
7467aa9c23503ae9f4f18ce391309465,1,No Smell,0.7175,Vague / Missing Context,0.0789,Format Ambiguity,0.0705,Formality / Audience Mismatch,0.0511,459,0.638
7467aa9c23503ae9f4f18ce391309465,2,No Smell,0.6762,Vague / Missing Context,0.1362,Format Ambiguity,0.0693,Formality / Audience Mismatch,0.0451,458,0.664
7467aa9c23503ae9f4f18ce391309465,3,No Smell,0.6536,Vague / Missing Context,0.1679,Formality / Audience Mismatch,0.0504,Format Ambiguity,0.0367,458,0.665
7467aa9c23503ae9f4f18ce391309465,4,No Smell,0.6234,Vague / Missing Context,0.1906,Format Ambiguity,0.0648,Formality / Audience Mismatch,0.0413,458,0.664
7467aa9c23503ae9f4f18ce391309465,5,No Smell,0.6498,Vague / Missing Context,0.1661,Format Ambiguity,0.0628,Formality / Audience Mismatch,0.0455,458,0.664
7467aa9c23503ae9f4f18ce391309465,6,No Smell,0.6073,Vague / Missing Context,0.1895,Format Ambiguity,0.0726,Formality / Audience Mismatch,0.0431,458,0.665
7467aa9c23503ae9f4f18ce391309465,7,No Smell,0.6247,Vague / Missing Context,0.1688,Format Ambiguity,0.0762,Formality / Audience Mismatch,0.0400,458,0.664
7467aa9c23503ae9f4f18ce391309465,8,No Smell,0.6061,Vague / Missing Context,0.1831,Format Ambiguity,0.0781,Formality / Audience Mismatch,0.0465,458,0.664
7467aa9c23503ae9f4f18ce391309465,9,No Smell,0.6374,Vague / Missing Context,0.1633,Format Ambiguity,0.0746,Formality / Audience Mismatch,0.0434,458,0.664
7467aa9c23503ae9f4f18ce391309465,10,No Smell,0.6000,Vague / Missing Context,0.1914,Format Ambiguity,0.0729,Formality / Audience Mismatch,0.0460,458,0.663
7467aa9c23503ae9f4f18ce391309465,11,No Smell,0.6081,Vague / Missing Context,0.1861,Format Ambiguity,0.0738,Formality / Audience Mismatch,0.0460,458,0.662
79f083954c3c62925a94bffc301c841b,2,No Smell,0.5113,Format Ambiguity,0.2354,Vague / Missing Context,0.1972,Conflicting Constraints,0.0206,20,0.542
79f083954c3c62925a94bffc301c841b,3,No Smell,0.4516,Format Ambiguity,0.4445,Vague / Missing Context,0.0521,Conflicting Constraints,0.0185,37,0.541
f23af18d88c21718def6d26a1d1a0683,1,No Smell,0.6432,Vague / Missing Context,0.1489,Format Ambiguity,0.0625,Formality / Audience Mismatch,0.0498,452,0.663
f23af18d88c21718def6d26a1d1a0683,2,No Smell,0.5552,Vague / Missing Context,0.2422,Format Ambiguity,0.0602,Formality / Audience Mismatch,0.0476,452,0.663
f23af18d88c21718def6d26a1d1a0683,3,No Smell,0.5908,Vague / Missing Context,0.2041,Format Ambiguity,0.0553,Formality / Audience Mismatch,0.0530,452,0.663
f23af18d88c21718def6d26a1d1a0683,4,No Smell,0.6112,Vague / Missing Context,0.2028,Format Ambiguity,0.0522,Formality / Audience Mismatch,0.0449,452,0.664
f23af18d88c21718def6d26a1d1a0683,5,No Smell,0.6190,Vague / Missing Context,0.1777,Format Ambiguity,0.0668,Formality / Audience Mismatch,0.0447,452,0.663
f23af18d88c21718def6d26a1d1a0683,6,No Smell,0.6168,Vague / Missing Context,0.1786,Format Ambiguity,0.0631,Formality / Audience Mismatch,0.0462,452,0.664
f23af18d88c21718def6d26a1d1a0683,7,No Smell,0.5952,Vague / Missing Context,0.1934,Format Ambiguity,0.0634,Formality / Audience Mismatch,0.0436,452,0.663
f23af18d88c21718def6d26a1d1a0683,8,No Smell,0.6398,Vague / Missing Context,0.1545,Format Ambiguity,0.0671,Formality / Audience Mismatch,0.0468,452,0.663
120df3e3fd35562e02a65fbd921ef7bf,1,Vague / Missing Context,0.3507,No Smell,0.1806,Ambiguous References,0.1060,Bias / Loaded Framing,0.0962,3316,1.572
dbf9c02a91a9c4bae7bcef7a2958d89f,1,Vague / Missing Context,0.3660,No Smell,0.3341,Format Ambiguity,0.1731,Ambiguous References,0.0661,93,0.547
ed2c54a02c754f98d59974ed63a87575,2,No Smell,0.7192,Format Ambiguity,0.1534,Vague / Missing Context,0.0643,Conflicting Constraints,0.0239,88,0.547
ed2c54a02c754f98d59974ed63a87575,3,No Smell,0.7134,Format Ambiguity,0.2148,Vague / Missing Context,0.0352,Formality / Audience Mismatch,0.0152,19,0.531
ed2c54a02c754f98d59974ed63a87575,4,No Smell,0.4203,Format Ambiguity,0.2671,Vague / Missing Context,0.2404,Formality / Audience Mismatch,0.0258,11,0.532
88f174a27ddc6ef33b768e86d472c6ce,5,No Smell,0.4138,Format Ambiguity,0.2484,Vague / Missing Context,0.2096,Formality / Audience Mismatch,0.0409,100,0.556
88f174a27ddc6ef33b768e86d472c6ce,8,No Smell,0.5752,Format Ambiguity,0.1650,Vague / Missing Context,0.1214,Formality / Audience Mismatch,0.0469,325,0.591
88f174a27ddc6ef33b768e86d472c6ce,9,Vague / Missing Context,0.4414,No Smell,0.3187,Format Ambiguity,0.1616,Formality / Audience Mismatch,0.0336,45,0.542
88f174a27ddc6ef33b768e86d472c6ce,10,No Smell,0.5960,Format Ambiguity,0.2043,Vague / Missing Context,0.0960,Conflicting Constraints,0.0432,135,0.567
135735aa869f4101d4f057aa020d0d8c,1,No Smell,0.3390,Format Ambiguity,0.2666,Vague / Missing Context,0.2194,Conflicting Constraints,0.0552,4000,1.398
135735aa869f4101d4f057aa020d0d8c,2,No Smell,0.4002,Format Ambiguity,0.3043,Vague / Missing Context,0.1794,Conflicting Constraints,0.0352,3194,1.258
135735aa869f4101d4f057aa020d0d8c,3,No Smell,0.4434,Format Ambiguity,0.3122,Vague / Missing Context,0.0880,Conflicting Constraints,0.0455,3384,1.316
00b6685d1bbd7ddcfbd982df2b58c5ec,1,No Smell,0.6084,Format Ambiguity,0.1976,Vague / Missing Context,0.0927,Conflicting Constraints,0.0378,120,0.559
1528265790057450d549beead37076d8,1,No Smell,0.4302,Vague / Missing Context,0.3986,Format Ambiguity,0.0989,Formality / Audience Mismatch,0.0270,27,0.533
1528265790057450d549beead37076d8,2,Vague / Missing Context,0.5369,No Smell,0.2798,Format Ambiguity,0.0821,Ambiguous References,0.0406,50,0.543
fceb5e642d7b872e2c8f22a592b73b78,1,No Smell,0.6265,Format Ambiguity,0.1214,Vague / Missing Context,0.0720,Conflicting Constraints,0.0653,899,0.734
fceb5e642d7b872e2c8f22a592b73b78,2,No Smell,0.6315,Format Ambiguity,0.2076,Vague / Missing Context,0.1076,Formality / Audience Mismatch,0.0207,53,0.061
fceb5e642d7b872e2c8f22a592b73b78,3,No Smell,0.4708,Vague / Missing Context,0.2413,Format Ambiguity,0.0877,Formality / Audience Mismatch,0.0637,317,0.591
fceb5e642d7b872e2c8f22a592b73b78,4,No Smell,0.7082,Format Ambiguity,0.1542,Vague / Missing Context,0.0376,Formality / Audience Mismatch,0.0342,307,0.599
676c9d5f9af6c41b9b451bfdfb4c783e,1,No Smell,0.3632,Vague / Missing Context,0.2711,Format Ambiguity,0.0989,Bias / Loaded Framing,0.0665,743,0.701
676c9d5f9af6c41b9b451bfdfb4c783e,2,No Smell,0.4529,Vague / Missing Context,0.2490,Format Ambiguity,0.1585,Conflicting Constraints,0.0445,160,0.568
676c9d5f9af6c41b9b451bfdfb4c783e,3,No Smell,0.4876,Vague / Missing Context,0.2382,Format Ambiguity,0.1507,Formality / Audience Mismatch,0.0330,191,0.591
676c9d5f9af6c41b9b451bfdfb4c783e,4,No Smell,0.3782,Vague / Missing Context,0.2691,Format Ambiguity,0.1930,Ambiguous References,0.0453,187,0.588
676c9d5f9af6c41b9b451bfdfb4c783e,5,Vague / Missing Context,0.3666,No Smell,0.3418,Format Ambiguity,0.1140,Ambiguous References,0.0606,146,0.567
676c9d5f9af6c41b9b451bfdfb4c783e,6,No Smell,0.4146,Vague / Missing Context,0.2247,Format Ambiguity,0.1900,Conflicting Constraints,0.0474,216,0.588
676c9d5f9af6c41b9b451bfdfb4c783e,7,No Smell,0.5190,Format Ambiguity,0.1574,Vague / Missing Context,0.1499,Conflicting Constraints,0.0627,284,0.590
676c9d5f9af6c41b9b451bfdfb4c783e,8,Vague / Missing Context,0.4068,No Smell,0.3232,Format Ambiguity,0.1010,Ambiguous References,0.0522,152,0.569
e60ccb7000bc0f95a7284b4483aa0c73,1,No Smell,0.7303,Format Ambiguity,0.1698,Vague / Missing Context,0.0428,Formality / Audience Mismatch,0.0227,38,0.542
e60ccb7000bc0f95a7284b4483aa0c73,2,No Smell,0.7511,Format Ambiguity,0.1665,Vague / Missing Context,0.0272,Formality / Audience Mismatch,0.0245,37,0.542
e60ccb7000bc0f95a7284b4483aa0c73,3,No Smell,0.7318,Format Ambiguity,0.1921,Formality / Audience Mismatch,0.0242,Vague / Missing Context,0.0223,23,0.532
e60ccb7000bc0f95a7284b4483aa0c73,4,No Smell,0.6671,Format Ambiguity,0.1850,Vague / Missing Context,0.0784,Formality / Audience Mismatch,0.0304,42,0.543
e60ccb7000bc0f95a7284b4483aa0c73,7,No Smell,0.5946,Format Ambiguity,0.2070,Vague / Missing Context,0.1337,Formality / Audience Mismatch,0.0265,24,0.542
e60ccb7000bc0f95a7284b4483aa0c73,8,No Smell,0.6064,Format Ambiguity,0.1810,Vague / Missing Context,0.1492,Conflicting Constraints,0.0257,31,0.542
e60ccb7000bc0f95a7284b4483aa0c73,9,No Smell,0.5405,Format Ambiguity,0.2062,Vague / Missing Context,0.1844,Conflicting Constraints,0.0308,79,0.544
e60ccb7000bc0f95a7284b4483aa0c73,10,No Smell,0.5251,Vague / Missing Context,0.2110,Format Ambiguity,0.1931,Conflicting Constraints,0.0288,94,0.554
e60ccb7000bc0f95a7284b4483aa0c73,11,No Smell,0.5932,Vague / Missing Context,0.1709,Format Ambiguity,0.1701,Conflicting Constraints,0.0277,94,0.555
e60ccb7000bc0f95a7284b4483aa0c73,12,No Smell,0.5700,Format Ambiguity,0.1823,Vague / Missing Context,0.1815,Conflicting Constraints,0.0245,102,0.555
e60ccb7000bc0f95a7284b4483aa0c73,13,No Smell,0.3803,Vague / Missing Context,0.3368,Format Ambiguity,0.1674,Ambiguous References,0.0580,17,0.542
e60ccb7000bc0f95a7284b4483aa0c73,14,No Smell,0.4705,Vague / Missing Context,0.2284,Format Ambiguity,0.1811,Ambiguous References,0.0476,33,0.542
e60ccb7000bc0f95a7284b4483aa0c73,15,No Smell,0.4388,Vague / Missing Context,0.2802,Format Ambiguity,0.1649,Ambiguous References,0.0473,38,0.543
e60ccb7000bc0f95a7284b4483aa0c73,16,No Smell,0.5456,Format Ambiguity,0.2246,Vague / Missing Context,0.1504,Conflicting Constraints,0.0271,192,0.589
e60ccb7000bc0f95a7284b4483aa0c73,17,No Smell,0.6255,Format Ambiguity,0.1991,Vague / Missing Context,0.0880,Conflicting Constraints,0.0358,201,0.590
e60ccb7000bc0f95a7284b4483aa0c73,18,No Smell,0.6358,Format Ambiguity,0.2229,Vague / Missing Context,0.0552,Conflicting Constraints,0.0326,207,0.589
e60ccb7000bc0f95a7284b4483aa0c73,19,No Smell,0.6629,Format Ambiguity,0.1965,Vague / Missing Context,0.0451,Conflicting Constraints,0.0399,268,0.592
02f5798a701e0cda5c2abae693e0c0bc,1,No Smell,0.3632,Vague / Missing Context,0.2711,Format Ambiguity,0.0989,Bias / Loaded Framing,0.0665,743,0.067
02f5798a701e0cda5c2abae693e0c0bc,2,No Smell,0.3704,Vague / Missing Context,0.3626,Format Ambiguity,0.1241,Ambiguous References,0.0397,150,0.567
b43c4b2fca3dfec9a8da6eebd542ff2e,1,No Smell,0.5115,Vague / Missing Context,0.3082,Format Ambiguity,0.1262,Formality / Audience Mismatch,0.0209,47,0.543
b43c4b2fca3dfec9a8da6eebd542ff2e,2,Ambiguous References,0.4090,Vague / Missing Context,0.3807,No Smell,0.1008,Format Ambiguity,0.0821,272,0.614
b43c4b2fca3dfec9a8da6eebd542ff2e,3,No Smell,0.2878,Vague / Missing Context,0.2711,Format Ambiguity,0.2230,Ambiguous References,0.1575,192,0.611
7c0dd4ce477a38c0a4e880e28b4566c4,1,Vague / Missing Context,0.5384,Ambiguous References,0.1201,No Smell,0.0852,Format Ambiguity,0.0789,2521,1.246
4e3a6bac4b1ba4786013fc7ec4b2a96f,1,No Smell,0.8332,Format Ambiguity,0.0949,Vague / Missing Context,0.0290,Formality / Audience Mismatch,0.0213,40,0.543
4e3a6bac4b1ba4786013fc7ec4b2a96f,2,Vague / Missing Context,0.3894,No Smell,0.3396,Format Ambiguity,0.1051,Ambiguous References,0.0772,66,0.544
2af3cf133b233e2a161c91c003a3c6b8,2,No Smell,0.5945,Format Ambiguity,0.2029,Vague / Missing Context,0.1509,Formality / Audience Mismatch,0.0202,38,0.541
7ad7176488731047c4ebaf515c3a5748,1,No Smell,0.5685,Vague / Missing Context,0.1993,Format Ambiguity,0.1580,Conflicting Constraints,0.0271,28,0.531
8e4e37d8e0c238420d08ac90ed6c94da,1,No Smell,0.5910,Format Ambiguity,0.1268,Vague / Missing Context,0.1075,Conflicting Constraints,0.0549,992,0.702
53b41ef9b670ad2d0f133d997c7f4379,1,Vague / Missing Context,0.5114,No Smell,0.3127,Format Ambiguity,0.0457,Formality / Audience Mismatch,0.0397,36,0.543
88bddb51725da85fe382a74b082d6cf3,1,Vague / Missing Context,0.6029,Ambiguous References,0.2936,No Smell,0.0320,Format Ambiguity,0.0184,1307,1.011
88bddb51725da85fe382a74b082d6cf3,3,No Smell,0.4736,Format Ambiguity,0.2666,Vague / Missing Context,0.1116,Conflicting Constraints,0.0467,2000,1.649
cc40765d3bf4e6373a26f5d3a1f5fc18,1,No Smell,0.5736,Format Ambiguity,0.2088,Vague / Missing Context,0.1198,Conflicting Constraints,0.0392,177,0.590
cc40765d3bf4e6373a26f5d3a1f5fc18,2,No Smell,0.7512,Format Ambiguity,0.1787,Vague / Missing Context,0.0306,Formality / Audience Mismatch,0.0157,23,0.543
0ff3b6eb3d71e841a117cd23b5a32291,1,No Smell,0.4736,Format Ambiguity,0.2666,Vague / Missing Context,0.1116,Conflicting Constraints,0.0467,2000,0.104
543be03f56efa6a88619092bcd7bd6dd,1,Vague / Missing Context,0.4182,No Smell,0.2490,Format Ambiguity,0.1442,Ambiguous References,0.0883,52,0.542
543be03f56efa6a88619092bcd7bd6dd,2,Vague / Missing Context,0.3832,No Smell,0.2710,Format Ambiguity,0.1900,Ambiguous References,0.0433,106,0.557
543be03f56efa6a88619092bcd7bd6dd,3,No Smell,0.7463,Format Ambiguity,0.1910,Formality / Audience Mismatch,0.0182,Vague / Missing Context,0.0179,27,0.530
8bc34302414c8c6590c1a7225507f124,1,No Smell,0.5265,Vague / Missing Context,0.2418,Format Ambiguity,0.1285,Formality / Audience Mismatch,0.0396,55,0.544
fb4edc001eacb1b2cbbea602533f0e35,1,No Smell,0.4671,Vague / Missing Context,0.1147,Bias / Loaded Framing,0.1126,Formality / Audience Mismatch,0.0978,3906,1.305
2f949ffa698bad5a02e0c7a2562b753d,1,No Smell,0.4671,Vague / Missing Context,0.1147,Bias / Loaded Framing,0.1126,Formality / Audience Mismatch,0.0978,3906,0.075
bf840896e23368c8ab071a1b6c79475c,1,No Smell,0.4671,Vague / Missing Context,0.1147,Bias / Loaded Framing,0.1126,Formality / Audience Mismatch,0.0978,3906,0.069
78af94a012305d950902d8d2c66bfe99,1,No Smell,0.5832,Format Ambiguity,0.1372,Vague / Missing Context,0.0793,Conflicting Constraints,0.0696,1007,0.817
78af94a012305d950902d8d2c66bfe99,2,No Smell,0.6517,Vague / Missing Context,0.1185,Format Ambiguity,0.0850,Conflicting Constraints,0.0517,574,0.663
78af94a012305d950902d8d2c66bfe99,3,No Smell,0.6045,Vague / Missing Context,0.1100,Format Ambiguity,0.0998,Conflicting Constraints,0.0556,479,0.619
971b713d5b87df19848f9efb74449841,1,No Smell,0.6937,Format Ambiguity,0.0947,Vague / Missing Context,0.0787,Formality / Audience Mismatch,0.0507,342,0.591
971b713d5b87df19848f9efb74449841,2,No Smell,0.6228,Format Ambiguity,0.1223,Vague / Missing Context,0.1050,Conflicting Constraints,0.0580,357,0.592
7fa57b5edb58608424cb678aade31e93,1,No Smell,0.6412,Format Ambiguity,0.1622,Vague / Missing Context,0.1400,Formality / Audience Mismatch,0.0237,69,0.542
7fa57b5edb58608424cb678aade31e93,2,No Smell,0.4298,Vague / Missing Context,0.2860,Format Ambiguity,0.2178,Formality / Audience Mismatch,0.0238,23,0.532
7fa57b5edb58608424cb678aade31e93,3,No Smell,0.3476,Format Ambiguity,0.2796,Vague / Missing Context,0.2467,Formality / Audience Mismatch,0.0310,260,0.590
7fa57b5edb58608424cb678aade31e93,4,Vague / Missing Context,0.4339,No Smell,0.3315,Format Ambiguity,0.1444,Ambiguous References,0.0372,18,0.532
7fa57b5edb58608424cb678aade31e93,5,Vague / Missing Context,0.3386,No Smell,0.2883,Format Ambiguity,0.2809,Formality / Audience Mismatch,0.0267,65,0.543
7fa57b5edb58608424cb678aade31e93,6,No Smell,0.4976,Format Ambiguity,0.2235,Vague / Missing Context,0.2108,Formality / Audience Mismatch,0.0207,38,0.542
43ebfb629acc70f31d7b82bfd397479c,1,No Smell,0.3115,Vague / Missing Context,0.2020,Format Ambiguity,0.1431,Bias / Loaded Framing,0.1109,3031,1.099
8c6fb8c083ed56dc3976ad43002099c8,1,No Smell,0.5896,Format Ambiguity,0.2612,Vague / Missing Context,0.0806,Formality / Audience Mismatch,0.0218,186,0.575
8c6fb8c083ed56dc3976ad43002099c8,2,Format Ambiguity,0.5849,No Smell,0.1911,Vague / Missing Context,0.1721,Formality / Audience Mismatch,0.0152,94,0.557
8c6fb8c083ed56dc3976ad43002099c8,3,No Smell,0.3213,Vague / Missing Context,0.3045,Format Ambiguity,0.2620,Ambiguous References,0.0387,154,0.568
8c6fb8c083ed56dc3976ad43002099c8,4,No Smell,0.5461,Format Ambiguity,0.3004,Vague / Missing Context,0.1130,Formality / Audience Mismatch,0.0151,127,0.556
8c6fb8c083ed56dc3976ad43002099c8,5,No Smell,0.3423,Vague / Missing Context,0.2826,Format Ambiguity,0.1817,Ambiguous References,0.0568,592,0.736
8c6fb8c083ed56dc3976ad43002099c8,6,No Smell,0.3813,Vague / Missing Context,0.2666,Format Ambiguity,0.2378,Formality / Audience Mismatch,0.0370,84,0.544
8c6fb8c083ed56dc3976ad43002099c8,7,Vague / Missing Context,0.3808,Format Ambiguity,0.3477,No Smell,0.1638,Ambiguous References,0.0743,125,0.558
8c6fb8c083ed56dc3976ad43002099c8,8,Vague / Missing Context,0.5574,No Smell,0.1837,Format Ambiguity,0.1430,Ambiguous References,0.0532,76,0.543
8c6fb8c083ed56dc3976ad43002099c8,9,No Smell,0.4377,Format Ambiguity,0.3124,Vague / Missing Context,0.1089,Conflicting Constraints,0.0458,2183,1.069
e919440ad79c023d6864751d8eb34ee2,1,No Smell,0.3742,Vague / Missing Context,0.3361,Format Ambiguity,0.2085,Formality / Audience Mismatch,0.0264,11,0.545
e919440ad79c023d6864751d8eb34ee2,4,No Smell,0.6981,Format Ambiguity,0.2029,Vague / Missing Context,0.0545,Formality / Audience Mismatch,0.0205,21,0.533
14516b61f2bf614fa60bd314e85e3d0e,1,No Smell,0.5923,Formality / Audience Mismatch,0.1281,Vague / Missing Context,0.1157,Format Ambiguity,0.0591,171,0.568
14516b61f2bf614fa60bd314e85e3d0e,2,No Smell,0.5950,Vague / Missing Context,0.1817,Format Ambiguity,0.1499,Conflicting Constraints,0.0262,90,0.543
654c38f6e0392ac305506cc239c26c19,1,Format Ambiguity,0.2919,Vague / Missing Context,0.2704,No Smell,0.1846,Ambiguous References,0.1056,2465,1.246
654c38f6e0392ac305506cc239c26c19,2,Vague / Missing Context,0.4235,Format Ambiguity,0.2032,No Smell,0.1818,Ambiguous References,0.0855,1438,0.823
654c38f6e0392ac305506cc239c26c19,3,Vague / Missing Context,0.2939,Format Ambiguity,0.2869,No Smell,0.2212,Ambiguous References,0.0586,3583,1.382
654c38f6e0392ac305506cc239c26c19,4,No Smell,0.8135,Format Ambiguity,0.1359,Formality / Audience Mismatch,0.0184,Vague / Missing Context,0.0128,24,0.535
654c38f6e0392ac305506cc239c26c19,5,No Smell,0.7158,Format Ambiguity,0.1475,Vague / Missing Context,0.0483,Conflicting Constraints,0.0366,963,0.734
e5fd738fe791cd992935af694531903e,1,No Smell,0.2745,Vague / Missing Context,0.2173,Format Ambiguity,0.1405,Prompt Bloat / Convoluted Prompt,0.1062,4000,1.486
e5fd738fe791cd992935af694531903e,2,Vague / Missing Context,0.2858,No Smell,0.2381,Format Ambiguity,0.2053,Ambiguous References,0.0673,4000,1.660
e5fd738fe791cd992935af694531903e,3,No Smell,0.3654,Vague / Missing Context,0.2704,Format Ambiguity,0.2020,Ambiguous References,0.0486,85,0.547
dcd72e7212950a84fb0ab50c45654823,1,No Smell,0.4319,Format Ambiguity,0.1952,Vague / Missing Context,0.1643,Conflicting Constraints,0.0613,904,0.773
7cd7ea9440085ae18aaa13e8170f7420,1,Vague / Missing Context,0.2858,No Smell,0.2577,Format Ambiguity,0.2241,Ambiguous References,0.0691,4000,1.666
682cb8f036b3e8fc6bc5284d27dcc52a,1,No Smell,0.4504,Format Ambiguity,0.2017,Vague / Missing Context,0.1597,Bias / Loaded Framing,0.0461,814,0.705
f9de752e851a330aeecebbde190d3402,1,No Smell,0.7564,Format Ambiguity,0.1135,Vague / Missing Context,0.0540,Formality / Audience Mismatch,0.0298,725,0.666
f9de752e851a330aeecebbde190d3402,2,No Smell,0.7039,Format Ambiguity,0.1434,Vague / Missing Context,0.0699,Formality / Audience Mismatch,0.0327,752,0.668
f9de752e851a330aeecebbde190d3402,3,No Smell,0.3063,Format Ambiguity,0.2792,Vague / Missing Context,0.2446,Ambiguous References,0.0722,2794,1.171
f9de752e851a330aeecebbde190d3402,4,No Smell,0.4408,Format Ambiguity,0.3295,Vague / Missing Context,0.1064,Conflicting Constraints,0.0339,2854,1.206
7e98acf8d580ab5376f9eec01f9e23a6,1,Vague / Missing Context,0.5012,No Smell,0.1466,Format Ambiguity,0.1244,Ambiguous References,0.1206,134,0.569
769188843a3bf76dfb78d5f5c566f622,1,Vague / Missing Context,0.3503,Format Ambiguity,0.2971,No Smell,0.2169,Ambiguous References,0.0429,2277,1.092
9af9d5d604b76a1e8440a66600105081,1,Vague / Missing Context,0.6353,No Smell,0.1682,Format Ambiguity,0.0525,Ambiguous References,0.0524,54,0.543
569bfcb9b4fba3e0d957b9521cfa2563,1,Vague / Missing Context,0.4833,No Smell,0.2151,Format Ambiguity,0.1261,Ambiguous References,0.0634,287,0.595
84e72c821536ca33543a1c2c21d20547,1,No Smell,0.3927,Format Ambiguity,0.1778,Vague / Missing Context,0.1515,Bias / Loaded Framing,0.0810,1967,0.930
429e9df4df9ac86d9359e8bf63a655a4,1,Vague / Missing Context,0.5802,No Smell,0.1045,Ambiguous References,0.0987,Format Ambiguity,0.0908,400,0.639
2d89fc2e5e3bfc5dc98cc4f95df35876,1,Vague / Missing Context,0.5802,No Smell,0.1045,Ambiguous References,0.0987,Format Ambiguity,0.0908,400,0.052
372906dd10c4bc5572db91743cf22289,1,No Smell,0.5116,Vague / Missing Context,0.2733,Format Ambiguity,0.0959,Formality / Audience Mismatch,0.0432,128,0.554
372906dd10c4bc5572db91743cf22289,2,No Smell,0.5161,Format Ambiguity,0.1861,Vague / Missing Context,0.1767,Formality / Audience Mismatch,0.0409,130,0.556
372906dd10c4bc5572db91743cf22289,3,No Smell,0.4421,Vague / Missing Context,0.2887,Format Ambiguity,0.1521,Formality / Audience Mismatch,0.0377,106,0.545
372906dd10c4bc5572db91743cf22289,4,No Smell,0.3912,Vague / Missing Context,0.2975,Format Ambiguity,0.1483,Ambiguous References,0.0525,200,0.558
372906dd10c4bc5572db91743cf22289,5,Vague / Missing Context,0.3679,No Smell,0.3375,Format Ambiguity,0.1224,Ambiguous References,0.1009,165,0.557
372906dd10c4bc5572db91743cf22289,6,Vague / Missing Context,0.3984,No Smell,0.3556,Format Ambiguity,0.1328,Formality / Audience Mismatch,0.0368,68,0.543
372906dd10c4bc5572db91743cf22289,7,No Smell,0.5620,Format Ambiguity,0.2138,Vague / Missing Context,0.1371,Conflicting Constraints,0.0308,62,0.541
372906dd10c4bc5572db91743cf22289,8,No Smell,0.3608,Vague / Missing Context,0.3485,Format Ambiguity,0.1294,Ambiguous References,0.0616,146,0.556
372906dd10c4bc5572db91743cf22289,9,Vague / Missing Context,0.3354,No Smell,0.3264,Format Ambiguity,0.1524,Ambiguous References,0.0728,124,0.545
89ab341713385f64c4a985e3f6a30633,1,Vague / Missing Context,0.4381,No Smell,0.2783,Format Ambiguity,0.1272,Ambiguous References,0.0625,86,0.556
ec996b752bfcf6c7b1861761c5c8db6a,1,No Smell,0.4257,Format Ambiguity,0.3733,Vague / Missing Context,0.1300,Formality / Audience Mismatch,0.0171,697,0.665
ec996b752bfcf6c7b1861761c5c8db6a,2,No Smell,0.4028,Vague / Missing Context,0.2665,Format Ambiguity,0.2379,Ambiguous References,0.0478,24,0.542
ec996b752bfcf6c7b1861761c5c8db6a,3,No Smell,0.4591,Format Ambiguity,0.3892,Vague / Missing Context,0.0891,Conflicting Constraints,0.0198,60,0.544
6579f9759fc590c13322df446f259f56,1,No Smell,0.6014,Vague / Missing Context,0.2015,Format Ambiguity,0.1276,Conflicting Constraints,0.0258,71,0.555
9d78d6d8a2609fd31f0013ef31fc8a6c,1,Format Ambiguity,0.4044,No Smell,0.2890,Vague / Missing Context,0.1528,Conflicting Constraints,0.0566,4000,1.411
9d78d6d8a2609fd31f0013ef31fc8a6c,2,No Smell,0.3563,Format Ambiguity,0.2978,Vague / Missing Context,0.2706,Formality / Audience Mismatch,0.0211,51,0.545
9d78d6d8a2609fd31f0013ef31fc8a6c,3,Vague / Missing Context,0.3306,Format Ambiguity,0.3120,No Smell,0.1855,Ambiguous References,0.0661,4000,1.420
9d78d6d8a2609fd31f0013ef31fc8a6c,4,Format Ambiguity,0.3371,No Smell,0.2631,Vague / Missing Context,0.2269,Conflicting Constraints,0.0590,4000,1.442
dce48f1e173208d09ca01ec06e23b835,1,Vague / Missing Context,0.5010,No Smell,0.1275,Format Ambiguity,0.1222,Ambiguous References,0.0718,569,0.664
9413ddf42d3bab111ef97539150cd16c,1,Vague / Missing Context,0.4746,No Smell,0.1357,Format Ambiguity,0.1212,Ambiguous References,0.0780,587,0.666
e398bd027c2bb11b5970f068e5662119,1,Format Ambiguity,0.3330,No Smell,0.2784,Vague / Missing Context,0.2334,Ambiguous References,0.0430,2674,1.211
e398bd027c2bb11b5970f068e5662119,2,No Smell,0.4086,Format Ambiguity,0.3132,Vague / Missing Context,0.1384,Conflicting Constraints,0.0424,2704,1.251
109a14debb2c734aafa01e57245d3460,2,No Smell,0.4741,Format Ambiguity,0.3602,Vague / Missing Context,0.1032,Conflicting Constraints,0.0234,29,0.542
5520b94c412ed7d2a6d8a2c3cdc08a32,1,Vague / Missing Context,0.4746,No Smell,0.1357,Format Ambiguity,0.1212,Ambiguous References,0.0780,587,0.069
e1bd5aaf5bdf6ce0389d5caa38d502e4,1,Vague / Missing Context,0.4087,No Smell,0.1831,Format Ambiguity,0.1501,Ambiguous References,0.0812,662,0.663
a4275006698a7b58c392d55a1fb6e48e,1,Vague / Missing Context,0.4381,No Smell,0.2783,Format Ambiguity,0.1272,Ambiguous References,0.0625,86,0.064
49958201ecddacd7893d205a8ef11582,1,Vague / Missing Context,0.5021,No Smell,0.2881,Format Ambiguity,0.1235,Formality / Audience Mismatch,0.0240,40,0.539
49958201ecddacd7893d205a8ef11582,2,No Smell,0.5673,Format Ambiguity,0.1788,Vague / Missing Context,0.1394,Formality / Audience Mismatch,0.0461,70,0.544
627c43c7bf734ff74c911de8f0c26b8a,1,No Smell,0.7460,Format Ambiguity,0.1320,Conflicting Constraints,0.0406,Vague / Missing Context,0.0258,826,0.643
627c43c7bf734ff74c911de8f0c26b8a,3,No Smell,0.6640,Formality / Audience Mismatch,0.1019,Format Ambiguity,0.0868,Vague / Missing Context,0.0847,43,0.542
627c43c7bf734ff74c911de8f0c26b8a,5,No Smell,0.7363,Formality / Audience Mismatch,0.1079,Format Ambiguity,0.0420,Vague / Missing Context,0.0418,41,0.542
627c43c7bf734ff74c911de8f0c26b8a,9,No Smell,0.7374,Format Ambiguity,0.1280,Conflicting Constraints,0.0491,Formality / Audience Mismatch,0.0252,1374,0.741
627c43c7bf734ff74c911de8f0c26b8a,11,No Smell,0.5731,Format Ambiguity,0.2285,Vague / Missing Context,0.1565,Conflicting Constraints,0.0147,16,0.532
627c43c7bf734ff74c911de8f0c26b8a,12,No Smell,0.5982,Format Ambiguity,0.2383,Vague / Missing Context,0.0934,Formality / Audience Mismatch,0.0288,20,0.533
627c43c7bf734ff74c911de8f0c26b8a,14,No Smell,0.4249,Vague / Missing Context,0.3600,Format Ambiguity,0.1629,Formality / Audience Mismatch,0.0168,40,0.543
695c0a1feac232f6ef9e4024f2dd5ecc,1,Vague / Missing Context,0.3693,No Smell,0.1765,Bias / Loaded Framing,0.0992,Format Ambiguity,0.0979,1752,0.870
841d0cbc372bc330512490fe0a2ae913,1,Vague / Missing Context,0.3077,No Smell,0.2543,Format Ambiguity,0.1898,Conflicting Constraints,0.0705,738,0.710
7660343226c2716241074f3ebd84dc97,1,Vague / Missing Context,0.3077,No Smell,0.2543,Format Ambiguity,0.1898,Conflicting Constraints,0.0705,738,0.052
62a9f953666e7a974cd03c05c6d685c7,1,Vague / Missing Context,0.4381,No Smell,0.2783,Format Ambiguity,0.1272,Ambiguous References,0.0625,86,0.068
bf9f3ae8bb2e9900cc6d14eca3d96429,1,Vague / Missing Context,0.3077,No Smell,0.2543,Format Ambiguity,0.1898,Conflicting Constraints,0.0705,738,0.066
025314e64cba6ce0e762400f70c957e0,1,No Smell,0.4069,Vague / Missing Context,0.3374,Format Ambiguity,0.1497,Ambiguous References,0.0349,63,0.542
39ce77c72946252b843ca29dbb019838,1,Vague / Missing Context,0.4381,No Smell,0.2783,Format Ambiguity,0.1272,Ambiguous References,0.0625,86,0.062
46f8deefa5b4a2fded045889851cadf7,1,No Smell,0.7699,Format Ambiguity,0.1085,Vague / Missing Context,0.0410,Formality / Audience Mismatch,0.0336,243,0.586
46f8deefa5b4a2fded045889851cadf7,2,No Smell,0.7606,Format Ambiguity,0.1099,Vague / Missing Context,0.0558,Formality / Audience Mismatch,0.0317,170,0.568
c0618c761e5a1c0aff3b4eae7739105d,1,No Smell,0.5832,Format Ambiguity,0.1372,Vague / Missing Context,0.0793,Conflicting Constraints,0.0696,1007,0.070
c0618c761e5a1c0aff3b4eae7739105d,2,No Smell,0.5831,Vague / Missing Context,0.1628,Format Ambiguity,0.0731,Formality / Audience Mismatch,0.0532,631,0.668
c0618c761e5a1c0aff3b4eae7739105d,3,No Smell,0.5766,Format Ambiguity,0.1155,Vague / Missing Context,0.1082,Conflicting Constraints,0.0638,539,0.640
02d05bc2c8cbf68163609c06667d8deb,1,Vague / Missing Context,0.3501,No Smell,0.2785,Format Ambiguity,0.1599,Ambiguous References,0.1018,615,0.700
02d05bc2c8cbf68163609c06667d8deb,2,No Smell,0.3620,Vague / Missing Context,0.2261,Bias / Loaded Framing,0.0902,Format Ambiguity,0.0844,1695,0.870
02d05bc2c8cbf68163609c06667d8deb,3,No Smell,0.3647,Vague / Missing Context,0.1796,Bias / Loaded Framing,0.1009,Format Ambiguity,0.0898,2636,1.168
02d05bc2c8cbf68163609c06667d8deb,4,No Smell,0.3076,Vague / Missing Context,0.2896,Format Ambiguity,0.1181,Ambiguous References,0.1150,673,0.665
02d05bc2c8cbf68163609c06667d8deb,5,No Smell,0.3580,Vague / Missing Context,0.2969,Format Ambiguity,0.1695,Ambiguous References,0.0843,53,0.570
02d05bc2c8cbf68163609c06667d8deb,6,No Smell,0.5939,Format Ambiguity,0.2235,Vague / Missing Context,0.0720,Conflicting Constraints,0.0462,467,0.617
02d05bc2c8cbf68163609c06667d8deb,7,No Smell,0.4049,Vague / Missing Context,0.2832,Format Ambiguity,0.1519,Formality / Audience Mismatch,0.0544,55,0.568
980023c0e0fce52b3c84362425813c9a,1,No Smell,0.5100,Vague / Missing Context,0.2357,Format Ambiguity,0.0888,Formality / Audience Mismatch,0.0669,119,0.555
701f246a3bbec1f280212b00b2649030,1,Vague / Missing Context,0.2370,No Smell,0.2319,Bias / Loaded Framing,0.1134,Ambiguous References,0.1054,4000,1.326
e0afd19d761ecb8ffb926aef4507ca9e,1,No Smell,0.3949,Format Ambiguity,0.3167,Vague / Missing Context,0.1195,Conflicting Constraints,0.0515,2700,1.249
e0afd19d761ecb8ffb926aef4507ca9e,2,No Smell,0.3585,Vague / Missing Context,0.2670,Format Ambiguity,0.2120,Ambiguous References,0.0463,452,0.618
e0afd19d761ecb8ffb926aef4507ca9e,3,Format Ambiguity,0.4177,No Smell,0.2751,Vague / Missing Context,0.1982,Ambiguous References,0.0458,82,0.557
e0afd19d761ecb8ffb926aef4507ca9e,4,No Smell,0.3616,Vague / Missing Context,0.2801,Format Ambiguity,0.2403,Formality / Audience Mismatch,0.0417,50,0.544
e0afd19d761ecb8ffb926aef4507ca9e,5,Vague / Missing Context,0.4520,No Smell,0.2812,Format Ambiguity,0.1541,Ambiguous References,0.0392,133,0.557
e0afd19d761ecb8ffb926aef4507ca9e,6,No Smell,0.4757,Format Ambiguity,0.2443,Vague / Missing Context,0.1735,Conflicting Constraints,0.0313,122,0.556
e0afd19d761ecb8ffb926aef4507ca9e,7,No Smell,0.4196,Format Ambiguity,0.3592,Vague / Missing Context,0.0859,Conflicting Constraints,0.0501,3025,1.363
5ac667e13a6f9aa528e1e08441aad421,1,No Smell,0.6190,Format Ambiguity,0.1036,Vague / Missing Context,0.0921,Conflicting Constraints,0.0636,1508,0.969
e59bd8f0fc4497d7547efdcc4152fef5,1,No Smell,0.7707,Format Ambiguity,0.1233,Conflicting Constraints,0.0337,Vague / Missing Context,0.0309,464,0.618
73f10c084be43e6da3c343fa1734f13a,1,No Smell,0.6616,Format Ambiguity,0.1331,Vague / Missing Context,0.1036,Conflicting Constraints,0.0375,472,0.614
73f10c084be43e6da3c343fa1734f13a,2,No Smell,0.6379,Format Ambiguity,0.1502,Vague / Missing Context,0.1069,Conflicting Constraints,0.0545,564,0.614
64d5f122e2c0d8ec3dc9e80e8916d188,1,No Smell,0.4730,Vague / Missing Context,0.2848,Formality / Audience Mismatch,0.0716,Format Ambiguity,0.0601,104,0.556
245ce303cea269b9519d425acc87fe8a,1,No Smell,0.2976,Vague / Missing Context,0.2304,Format Ambiguity,0.2286,Prompt Bloat / Convoluted Prompt,0.0695,3155,1.390
29382b93be6e3dbe11075310e41ea5b8,1,No Smell,0.2854,Vague / Missing Context,0.2229,Format Ambiguity,0.1352,Ambiguous References,0.0770,4000,1.328
8e36879f0329ff955c794d97c41504b9,1,No Smell,0.7297,Format Ambiguity,0.1469,Vague / Missing Context,0.0502,Formality / Audience Mismatch,0.0304,161,0.560
8e36879f0329ff955c794d97c41504b9,2,Vague / Missing Context,0.4201,No Smell,0.3230,Format Ambiguity,0.1585,Ambiguous References,0.0550,28,0.544
8e36879f0329ff955c794d97c41504b9,3,No Smell,0.5637,Format Ambiguity,0.2711,Vague / Missing Context,0.0973,Formality / Audience Mismatch,0.0205,98,0.555
77e2d4edba748ec6d5aa59b67f01c05a,1,No Smell,0.7210,Vague / Missing Context,0.1079,Format Ambiguity,0.1040,Formality / Audience Mismatch,0.0309,54,0.540
77e2d4edba748ec6d5aa59b67f01c05a,2,No Smell,0.5391,Format Ambiguity,0.3118,Vague / Missing Context,0.0904,Formality / Audience Mismatch,0.0230,32,0.541
4155f2bd2867fc750a2d5e2ca5f08cc6,1,No Smell,0.7201,Format Ambiguity,0.1028,Vague / Missing Context,0.0988,Conflicting Constraints,0.0259,253,0.588
4155f2bd2867fc750a2d5e2ca5f08cc6,2,No Smell,0.4900,Vague / Missing Context,0.3119,Format Ambiguity,0.1026,Formality / Audience Mismatch,0.0429,31,0.542
4155f2bd2867fc750a2d5e2ca5f08cc6,4,No Smell,0.5399,Format Ambiguity,0.1859,Vague / Missing Context,0.1704,Formality / Audience Mismatch,0.0343,43,0.541
4155f2bd2867fc750a2d5e2ca5f08cc6,5,No Smell,0.3897,Vague / Missing Context,0.3102,Format Ambiguity,0.1595,Ambiguous References,0.0434,43,0.542
4155f2bd2867fc750a2d5e2ca5f08cc6,6,No Smell,0.4772,Format Ambiguity,0.2443,Vague / Missing Context,0.1780,Formality / Audience Mismatch,0.0314,97,0.543
4155f2bd2867fc750a2d5e2ca5f08cc6,7,No Smell,0.6003,Format Ambiguity,0.2384,Vague / Missing Context,0.0761,Formality / Audience Mismatch,0.0310,33,0.542
4155f2bd2867fc750a2d5e2ca5f08cc6,8,No Smell,0.5426,Format Ambiguity,0.2366,Vague / Missing Context,0.1329,Formality / Audience Mismatch,0.0303,51,0.542
4155f2bd2867fc750a2d5e2ca5f08cc6,9,Format Ambiguity,0.3776,No Smell,0.3424,Vague / Missing Context,0.1954,Formality / Audience Mismatch,0.0229,75,0.544
4155f2bd2867fc750a2d5e2ca5f08cc6,10,No Smell,0.6852,Format Ambiguity,0.2174,Vague / Missing Context,0.0321,Formality / Audience Mismatch,0.0266,67,0.543
9ef10078f41d18b6d61a362da2f653cb,1,No Smell,0.5472,Format Ambiguity,0.1712,Vague / Missing Context,0.0744,Conflicting Constraints,0.0563,1724,0.869
90ec52411eb7e0ebc6041a227847bdb6,1,No Smell,0.5144,Vague / Missing Context,0.2432,Format Ambiguity,0.1659,Conflicting Constraints,0.0293,208,0.589
8996d0049ad78bb76f9c8a6bd688ba9d,1,Vague / Missing Context,0.3394,No Smell,0.2696,Format Ambiguity,0.2256,Ambiguous References,0.0848,120,0.592
8996d0049ad78bb76f9c8a6bd688ba9d,3,No Smell,0.4197,Format Ambiguity,0.2423,Vague / Missing Context,0.2183,Formality / Audience Mismatch,0.0412,156,0.614
8996d0049ad78bb76f9c8a6bd688ba9d,4,No Smell,0.7062,Format Ambiguity,0.1469,Vague / Missing Context,0.0796,Formality / Audience Mismatch,0.0268,218,0.590
8996d0049ad78bb76f9c8a6bd688ba9d,5,Vague / Missing Context,0.4042,Format Ambiguity,0.2222,No Smell,0.1620,Ambiguous References,0.1008,222,0.638
8996d0049ad78bb76f9c8a6bd688ba9d,6,Vague / Missing Context,0.3803,No Smell,0.3609,Format Ambiguity,0.1285,Ambiguous References,0.0672,85,0.555
8996d0049ad78bb76f9c8a6bd688ba9d,7,No Smell,0.4182,Vague / Missing Context,0.2468,Format Ambiguity,0.2329,Ambiguous References,0.0309,74,0.569
6ef4e10430e9b3d9323ca442db592836,1,No Smell,0.5832,Format Ambiguity,0.1372,Vague / Missing Context,0.0793,Conflicting Constraints,0.0696,1007,0.070
6ef4e10430e9b3d9323ca442db592836,2,No Smell,0.6066,Vague / Missing Context,0.1531,Format Ambiguity,0.0603,Formality / Audience Mismatch,0.0584,639,0.663
6ef4e10430e9b3d9323ca442db592836,3,No Smell,0.5766,Format Ambiguity,0.1155,Vague / Missing Context,0.1082,Conflicting Constraints,0.0638,539,0.067
4e4a30257640fb95f27ae5c821f58cd3,1,Vague / Missing Context,0.3246,No Smell,0.2579,Ambiguous References,0.1154,Format Ambiguity,0.0795,4000,1.376
1cb37942d968e6b1aa03a783190d44fb,1,No Smell,0.5560,Format Ambiguity,0.1948,Vague / Missing Context,0.1769,Conflicting Constraints,0.0270,248,0.593
1cb37942d968e6b1aa03a783190d44fb,2,No Smell,0.4397,Vague / Missing Context,0.3169,Bias / Loaded Framing,0.0891,Format Ambiguity,0.0878,27,0.534
1cb37942d968e6b1aa03a783190d44fb,3,No Smell,0.5201,Vague / Missing Context,0.2458,Format Ambiguity,0.1644,Conflicting Constraints,0.0231,213,0.571
ba3b84be2cd6597b8558b718b25afb12,1,No Smell,0.4098,Format Ambiguity,0.2703,Vague / Missing Context,0.1688,Conflicting Constraints,0.0460,4000,1.311
ba3b84be2cd6597b8558b718b25afb12,2,Vague / Missing Context,0.3902,Format Ambiguity,0.2766,No Smell,0.1561,Ambiguous References,0.1279,56,0.546
931a394230ea521e7573258d15e0ff9d,1,Format Ambiguity,0.4064,No Smell,0.2596,Vague / Missing Context,0.2161,Conflicting Constraints,0.0294,3069,1.374
931a394230ea521e7573258d15e0ff9d,2,Vague / Missing Context,0.3230,No Smell,0.2181,Format Ambiguity,0.1896,Ambiguous References,0.0816,3102,1.379
931a394230ea521e7573258d15e0ff9d,3,No Smell,0.4774,Format Ambiguity,0.3262,Vague / Missing Context,0.0639,Conflicting Constraints,0.0546,3054,1.363
931a394230ea521e7573258d15e0ff9d,4,Vague / Missing Context,0.4792,No Smell,0.2645,Ambiguous References,0.1046,Format Ambiguity,0.0967,379,0.663
931a394230ea521e7573258d15e0ff9d,5,Vague / Missing Context,0.4387,No Smell,0.2415,Ambiguous References,0.1356,Format Ambiguity,0.1118,411,0.663
0d089c84e627cf7065c0db5b03761e11,1,No Smell,0.4522,Conflicting Constraints,0.1128,Format Ambiguity,0.1111,Vague / Missing Context,0.1071,4000,1.405
0d089c84e627cf7065c0db5b03761e11,2,No Smell,0.6006,Format Ambiguity,0.3006,Vague / Missing Context,0.0444,Conflicting Constraints,0.0206,27,0.533
0d089c84e627cf7065c0db5b03761e11,3,No Smell,0.5818,Format Ambiguity,0.3026,Vague / Missing Context,0.0558,Conflicting Constraints,0.0224,67,0.545
0d089c84e627cf7065c0db5b03761e11,4,No Smell,0.7147,Format Ambiguity,0.1950,Vague / Missing Context,0.0436,Conflicting Constraints,0.0209,67,0.543
df03311eff36667a986ccb87b6923374,1,Vague / Missing Context,0.4381,No Smell,0.2783,Format Ambiguity,0.1272,Ambiguous References,0.0625,86,0.061
ff5bf7dd8390d160820d634aa098affc,1,Format Ambiguity,0.2664,No Smell,0.2569,Vague / Missing Context,0.2146,Conflicting Constraints,0.0806,4000,1.404
ae2a83a1f375f1401e3e97fe226203f3,2,Vague / Missing Context,0.4771,No Smell,0.2961,Format Ambiguity,0.1513,Ambiguous References,0.0308,36,0.542
51166707235a1ca0ae5ab8e585dc1542,2,Vague / Missing Context,0.5217,No Smell,0.2854,Format Ambiguity,0.1015,Formality / Audience Mismatch,0.0268,40,0.544
3183588b5f5c18fb0118c7e463169611,1,Vague / Missing Context,0.3000,No Smell,0.2160,Bias / Loaded Framing,0.1352,Ambiguous References,0.0852,1519,0.863
db72047207df73bc35bbec2f756f672d,1,No Smell,0.5832,Format Ambiguity,0.1372,Vague / Missing Context,0.0793,Conflicting Constraints,0.0696,1007,0.072
217ff16fb023168658795556c6262b7d,1,No Smell,0.5139,Format Ambiguity,0.1583,Vague / Missing Context,0.1131,Conflicting Constraints,0.0674,1546,0.950
21435db40173437377af117c812d16f8,1,No Smell,0.7707,Format Ambiguity,0.1233,Conflicting Constraints,0.0337,Vague / Missing Context,0.0309,464,0.075
44f7c7d988bcfd590093c6c7d392991a,1,No Smell,0.5201,Vague / Missing Context,0.2458,Format Ambiguity,0.1644,Conflicting Constraints,0.0231,213,0.062
44f7c7d988bcfd590093c6c7d392991a,2,No Smell,0.5778,Format Ambiguity,0.3031,Vague / Missing Context,0.0594,Formality / Audience Mismatch,0.0233,17,0.532
44f7c7d988bcfd590093c6c7d392991a,3,No Smell,0.5343,Format Ambiguity,0.2513,Vague / Missing Context,0.1147,Conflicting Constraints,0.0418,180,0.570
44f7c7d988bcfd590093c6c7d392991a,4,No Smell,0.6791,Format Ambiguity,0.2465,Vague / Missing Context,0.0291,Formality / Audience Mismatch,0.0166,34,0.542
6449f421b1af4c801bb1981b1b961483,1,Vague / Missing Context,0.3319,No Smell,0.1713,Ambiguous References,0.1584,Bias / Loaded Framing,0.0938,4000,1.538
06a0ad2b41fbe164fc0649e3706fed70,1,No Smell,0.6358,Format Ambiguity,0.2073,Vague / Missing Context,0.0616,Conflicting Constraints,0.0465,120,0.559
5a4351f4361472cf7bc39c47690b19c4,1,Vague / Missing Context,0.4487,No Smell,0.2839,Format Ambiguity,0.1205,Ambiguous References,0.0474,121,0.558
5a4351f4361472cf7bc39c47690b19c4,2,Vague / Missing Context,0.3666,No Smell,0.3664,Format Ambiguity,0.0956,Formality / Audience Mismatch,0.0538,40,0.541
a7d0531905bd7c676109e317c9338c74,1,No Smell,0.7014,Vague / Missing Context,0.1488,Format Ambiguity,0.0752,Formality / Audience Mismatch,0.0288,116,0.543
a7d0531905bd7c676109e317c9338c74,2,No Smell,0.5447,Vague / Missing Context,0.2655,Format Ambiguity,0.0867,Formality / Audience Mismatch,0.0382,137,0.554
cfc41d12f22de2ebb7d2770cde51dd9b,1,No Smell,0.5843,Vague / Missing Context,0.2016,Format Ambiguity,0.1514,Conflicting Constraints,0.0230,250,0.585
4777e8252a7b7db71f6394dc92f0f777,1,No Smell,0.4690,Format Ambiguity,0.2443,Vague / Missing Context,0.1734,Ambiguous References,0.0309,113,0.567
4777e8252a7b7db71f6394dc92f0f777,2,Format Ambiguity,0.4636,No Smell,0.3719,Vague / Missing Context,0.1169,Formality / Audience Mismatch,0.0167,21,0.530
4777e8252a7b7db71f6394dc92f0f777,3,No Smell,0.4093,Vague / Missing Context,0.2542,Format Ambiguity,0.2312,Formality / Audience Mismatch,0.0290,183,0.567
4777e8252a7b7db71f6394dc92f0f777,4,Vague / Missing Context,0.3357,Format Ambiguity,0.2477,No Smell,0.2282,Ambiguous References,0.0551,3301,1.429
4777e8252a7b7db71f6394dc92f0f777,5,No Smell,0.4796,Format Ambiguity,0.2304,Vague / Missing Context,0.1524,Formality / Audience Mismatch,0.0430,98,0.556
4777e8252a7b7db71f6394dc92f0f777,6,Vague / Missing Context,0.4740,Format Ambiguity,0.2211,No Smell,0.2097,Ambiguous References,0.0538,70,0.544
4777e8252a7b7db71f6394dc92f0f777,7,Format Ambiguity,0.3716,No Smell,0.3175,Vague / Missing Context,0.1874,Conflicting Constraints,0.0372,3310,1.430
4777e8252a7b7db71f6394dc92f0f777,8,Format Ambiguity,0.3667,Vague / Missing Context,0.2179,No Smell,0.2165,Ambiguous References,0.0765,1770,1.019
230a17b4e97d95fac97c4a734bfd5fa7,1,Vague / Missing Context,0.4301,No Smell,0.3717,Format Ambiguity,0.1103,Ambiguous References,0.0274,36,0.543
5d88301d584ab9f1f8085fdf86004444,1,No Smell,0.5906,Format Ambiguity,0.1144,Vague / Missing Context,0.0959,Conflicting Constraints,0.0631,1089,0.824
5d88301d584ab9f1f8085fdf86004444,2,No Smell,0.6315,Format Ambiguity,0.2076,Vague / Missing Context,0.1076,Formality / Audience Mismatch,0.0207,53,0.544
5d88301d584ab9f1f8085fdf86004444,3,No Smell,0.5793,Format Ambiguity,0.1259,Vague / Missing Context,0.1110,Conflicting Constraints,0.0629,527,0.641
48cef2f01eaf767fded8ae280332bedc,1,No Smell,0.5120,Vague / Missing Context,0.1661,Format Ambiguity,0.1214,Formality / Audience Mismatch,0.0647,227,0.589
f443b28d33d4e126b54ac3ad98dbf7c7,1,No Smell,0.6172,Format Ambiguity,0.2039,Vague / Missing Context,0.0890,Conflicting Constraints,0.0308,266,0.589
f443b28d33d4e126b54ac3ad98dbf7c7,2,No Smell,0.4871,Format Ambiguity,0.2333,Vague / Missing Context,0.1515,Formality / Audience Mismatch,0.0349,102,0.556
f443b28d33d4e126b54ac3ad98dbf7c7,3,No Smell,0.5256,Format Ambiguity,0.2075,Vague / Missing Context,0.1824,Conflicting Constraints,0.0299,368,0.593
f443b28d33d4e126b54ac3ad98dbf7c7,4,Format Ambiguity,0.3704,No Smell,0.2653,Vague / Missing Context,0.2331,Ambiguous References,0.0337,101,0.544
f443b28d33d4e126b54ac3ad98dbf7c7,5,No Smell,0.6642,Format Ambiguity,0.1657,Conflicting Constraints,0.0525,Vague / Missing Context,0.0508,332,0.591
f443b28d33d4e126b54ac3ad98dbf7c7,6,No Smell,0.5851,Vague / Missing Context,0.1824,Format Ambiguity,0.0863,Formality / Audience Mismatch,0.0635,478,0.636
15a4fd63fc2fb9d67968ca09a4c824d4,1,No Smell,0.5593,Vague / Missing Context,0.2432,Format Ambiguity,0.1443,Formality / Audience Mismatch,0.0247,9,0.530
15a4fd63fc2fb9d67968ca09a4c824d4,2,No Smell,0.7092,Format Ambiguity,0.1448,Vague / Missing Context,0.0692,Conflicting Constraints,0.0316,58,0.543
15a4fd63fc2fb9d67968ca09a4c824d4,3,No Smell,0.5812,Vague / Missing Context,0.1681,Formality / Audience Mismatch,0.1351,Conflicting Constraints,0.0475,59,0.542
15a4fd63fc2fb9d67968ca09a4c824d4,4,No Smell,0.5518,Format Ambiguity,0.2096,Vague / Missing Context,0.1791,Formality / Audience Mismatch,0.0280,41,0.542
15a4fd63fc2fb9d67968ca09a4c824d4,5,Vague / Missing Context,0.5110,No Smell,0.3114,Ambiguous References,0.0585,Formality / Audience Mismatch,0.0429,100,0.545
f5af8a4bd43cd29617991db2d95ab5bb,1,No Smell,0.7415,Format Ambiguity,0.1757,Vague / Missing Context,0.0328,Formality / Audience Mismatch,0.0186,21,0.532
fea282be5a78f0d6973cae8de465bbfe,1,Vague / Missing Context,0.3550,No Smell,0.3194,Format Ambiguity,0.1202,Formality / Audience Mismatch,0.0534,166,0.568
c81b89325eb53777cf1ec1135ddfaf8f,1,No Smell,0.5883,Format Ambiguity,0.1761,Vague / Missing Context,0.1648,Formality / Audience Mismatch,0.0308,47,0.543
951392f185fffc326426677c574b351e,1,Vague / Missing Context,0.3555,No Smell,0.3528,Format Ambiguity,0.0814,Ambiguous References,0.0793,480,0.698
da0354bebabd4bbd687ba97fa805bb74,1,No Smell,0.3514,Format Ambiguity,0.2058,Vague / Missing Context,0.1911,Bias / Loaded Framing,0.0676,747,0.703
44e9bb65071d06bf72821c375278fc50,1,Vague / Missing Context,0.4637,No Smell,0.2126,Ambiguous References,0.0973,Bias / Loaded Framing,0.0541,634,0.772
1421ad2e15058bfb60a2df122bd1583d,1,No Smell,0.5906,Format Ambiguity,0.1144,Vague / Missing Context,0.0959,Conflicting Constraints,0.0631,1089,0.072
1421ad2e15058bfb60a2df122bd1583d,2,No Smell,0.6315,Format Ambiguity,0.2076,Vague / Missing Context,0.1076,Formality / Audience Mismatch,0.0207,53,0.061
2645c8ff43df36533a35f2181bdb346f,1,Vague / Missing Context,0.3889,No Smell,0.3519,Format Ambiguity,0.1333,Ambiguous References,0.0435,40,0.543
895081527702c290deeb02f3888051c8,2,No Smell,0.4815,Vague / Missing Context,0.2201,Format Ambiguity,0.2041,Formality / Audience Mismatch,0.0297,107,0.557
e532068dff04599b49a14a2dcea07b44,1,Vague / Missing Context,0.4831,No Smell,0.1917,Ambiguous References,0.0914,Bias / Loaded Framing,0.0608,684,0.777
40dc954680a73bbe8f62e0d2b4e7a1b9,1,Vague / Missing Context,0.2602,No Smell,0.1831,Ambiguous References,0.1182,Bias / Loaded Framing,0.1082,3662,1.339
514bcd1f05f28475d98ca61cf40c7df1,1,No Smell,0.4133,Vague / Missing Context,0.2958,Format Ambiguity,0.2070,Formality / Audience Mismatch,0.0279,42,0.545
4ecfb62c9829262af13576f47b7115ae,1,Vague / Missing Context,0.4606,No Smell,0.1895,Ambiguous References,0.1028,Bias / Loaded Framing,0.0643,825,0.820
57a24b9ddc09293f98687d1e1cbc4395,1,No Smell,0.4049,Vague / Missing Context,0.2441,Format Ambiguity,0.2346,Formality / Audience Mismatch,0.0386,49,0.544
57a24b9ddc09293f98687d1e1cbc4395,2,Vague / Missing Context,0.4958,No Smell,0.2362,Format Ambiguity,0.1053,Ambiguous References,0.0761,50,0.544
08af82513fa61dc4e148bd06c89fe133,1,No Smell,0.7487,Format Ambiguity,0.1064,Vague / Missing Context,0.0525,Formality / Audience Mismatch,0.0311,389,0.614
08af82513fa61dc4e148bd06c89fe133,2,No Smell,0.6209,Format Ambiguity,0.2541,Vague / Missing Context,0.0610,Conflicting Constraints,0.0249,155,0.568
2fe9fce8649119707a05d48a52cc736f,4,Format Ambiguity,0.4072,No Smell,0.3910,Vague / Missing Context,0.1374,Formality / Audience Mismatch,0.0193,126,0.611
1a8960172d0f0ffbb94a8ffc9751f610,1,No Smell,0.3962,Vague / Missing Context,0.2036,Format Ambiguity,0.1609,Ambiguous References,0.0576,1283,0.774
3a84ad59ca5b0e2545b458e0068d4bfa,1,No Smell,0.7883,Format Ambiguity,0.1594,Vague / Missing Context,0.0189,Formality / Audience Mismatch,0.0142,61,0.542
f443b5e53a79f01685765ea5c4a5f91e,1,Vague / Missing Context,0.3329,No Smell,0.2478,Ambiguous References,0.1378,Bias / Loaded Framing,0.0634,1188,1.155
a59b4b976a24b9f74d4eab02ed141b8c,1,No Smell,0.4846,Format Ambiguity,0.1599,Vague / Missing Context,0.1394,Bias / Loaded Framing,0.0574,2053,0.954
1805293fb4f1c3ae39bbaab5d9fb625e,1,No Smell,0.4329,Format Ambiguity,0.2013,Vague / Missing Context,0.1522,Bias / Loaded Framing,0.0563,667,0.687
33f0f2f8773fbf2316be15b5137a7799,1,No Smell,0.3500,Format Ambiguity,0.2594,Vague / Missing Context,0.1607,Conflicting Constraints,0.0736,4000,1.405
33f0f2f8773fbf2316be15b5137a7799,2,No Smell,0.5915,Format Ambiguity,0.1757,Vague / Missing Context,0.1576,Formality / Audience Mismatch,0.0300,52,0.543
33f0f2f8773fbf2316be15b5137a7799,3,No Smell,0.4796,Format Ambiguity,0.2608,Vague / Missing Context,0.1691,Formality / Audience Mismatch,0.0289,79,0.543
33f0f2f8773fbf2316be15b5137a7799,4,No Smell,0.3703,Vague / Missing Context,0.3413,Format Ambiguity,0.2146,Formality / Audience Mismatch,0.0261,15,0.529
33f0f2f8773fbf2316be15b5137a7799,5,Vague / Missing Context,0.3010,Format Ambiguity,0.2734,No Smell,0.2170,Ambiguous References,0.0911,4000,1.397
ee0cf02eb781b3d551d90d2b2f940655,1,Vague / Missing Context,0.3909,No Smell,0.2192,Ambiguous References,0.1147,Bias / Loaded Framing,0.0674,1235,1.166
0769a078d1c5c65fa2955d7e71ce589e,1,No Smell,0.4815,Format Ambiguity,0.1393,Vague / Missing Context,0.1032,Bias / Loaded Framing,0.0956,1642,0.866
72f88d6705e54477b2c9e56fcac2a9fd,1,Vague / Missing Context,0.3223,No Smell,0.2539,Ambiguous References,0.1313,Bias / Loaded Framing,0.0755,1290,1.205
51bc669b97949b32b584a21c915accb4,1,Format Ambiguity,0.3182,Vague / Missing Context,0.2480,No Smell,0.2178,Ambiguous References,0.0787,4000,1.694
51bc669b97949b32b584a21c915accb4,2,No Smell,0.3451,Format Ambiguity,0.3081,Vague / Missing Context,0.1368,Conflicting Constraints,0.0575,4000,1.439
f70407cf3670b423785d0afea2492150,2,No Smell,0.4819,Vague / Missing Context,0.2880,Format Ambiguity,0.0989,Formality / Audience Mismatch,0.0390,166,0.577
f70407cf3670b423785d0afea2492150,3,No Smell,0.5996,Vague / Missing Context,0.1966,Format Ambiguity,0.0946,Formality / Audience Mismatch,0.0416,189,0.570
f70407cf3670b423785d0afea2492150,4,No Smell,0.5821,Vague / Missing Context,0.1989,Format Ambiguity,0.1240,Formality / Audience Mismatch,0.0315,220,0.588
f70407cf3670b423785d0afea2492150,5,No Smell,0.5513,Vague / Missing Context,0.2080,Format Ambiguity,0.1297,Formality / Audience Mismatch,0.0363,277,0.591
f70407cf3670b423785d0afea2492150,6,No Smell,0.5623,Vague / Missing Context,0.2181,Format Ambiguity,0.1103,Formality / Audience Mismatch,0.0376,330,0.591
47adda60ca66079df77f9a0252ba63f2,1,No Smell,0.3562,Vague / Missing Context,0.2362,Format Ambiguity,0.1362,Ambiguous References,0.1048,624,0.702
3bb5cac0741cf1c64a26f9fc6c722837,1,Format Ambiguity,0.3499,No Smell,0.3317,Vague / Missing Context,0.2070,Conflicting Constraints,0.0282,645,0.960
3bb5cac0741cf1c64a26f9fc6c722837,2,No Smell,0.7560,Format Ambiguity,0.1641,Vague / Missing Context,0.0403,Formality / Audience Mismatch,0.0179,18,0.541
3bb5cac0741cf1c64a26f9fc6c722837,3,No Smell,0.5533,Format Ambiguity,0.3058,Vague / Missing Context,0.0921,Formality / Audience Mismatch,0.0198,52,0.544
3bb5cac0741cf1c64a26f9fc6c722837,4,Vague / Missing Context,0.4298,Format Ambiguity,0.1885,No Smell,0.1641,Ambiguous References,0.1326,383,0.813
ede6219f4da9c473a4fb3d7a109817cb,1,Vague / Missing Context,0.3293,No Smell,0.2415,Ambiguous References,0.1462,Bias / Loaded Framing,0.0714,1295,1.206
8772b0f847f34f8c2fd5622b9fbbc702,1,No Smell,0.4629,Format Ambiguity,0.2255,Vague / Missing Context,0.1618,Conflicting Constraints,0.0340,940,0.741
a6a48f6e14bb41f081cd460f56ff563d,1,Vague / Missing Context,0.3293,No Smell,0.2415,Ambiguous References,0.1462,Bias / Loaded Framing,0.0714,1295,0.076
7dd6e3ea500301333559a11004f8a683,1,Vague / Missing Context,0.3293,No Smell,0.2415,Ambiguous References,0.1462,Bias / Loaded Framing,0.0714,1295,0.057
7dc0ea55865c716f8b3f8d8bceb3fb0a,1,No Smell,0.3997,Vague / Missing Context,0.2679,Format Ambiguity,0.0963,Conflicting Constraints,0.0780,553,0.644
5f6b0f936266fd24f27f199583e7dfcf,1,No Smell,0.5339,Vague / Missing Context,0.1816,Format Ambiguity,0.1340,Conflicting Constraints,0.0462,269,0.591
5f6b0f936266fd24f27f199583e7dfcf,2,No Smell,0.4787,Format Ambiguity,0.2476,Vague / Missing Context,0.1918,Formality / Audience Mismatch,0.0309,55,0.543
5f6b0f936266fd24f27f199583e7dfcf,3,No Smell,0.3591,Vague / Missing Context,0.3084,Format Ambiguity,0.2594,Formality / Audience Mismatch,0.0248,33,0.542
5f6b0f936266fd24f27f199583e7dfcf,4,No Smell,0.5964,Format Ambiguity,0.2747,Vague / Missing Context,0.0729,Formality / Audience Mismatch,0.0196,51,0.542
5f6b0f936266fd24f27f199583e7dfcf,5,Vague / Missing Context,0.4942,No Smell,0.2767,Format Ambiguity,0.1466,Formality / Audience Mismatch,0.0296,19,0.543
5f6b0f936266fd24f27f199583e7dfcf,6,Vague / Missing Context,0.6046,No Smell,0.2160,Format Ambiguity,0.1185,Formality / Audience Mismatch,0.0210,15,0.532
5f6b0f936266fd24f27f199583e7dfcf,7,No Smell,0.6821,Format Ambiguity,0.2287,Vague / Missing Context,0.0457,Formality / Audience Mismatch,0.0195,39,0.544
b29a61dc31e104f87c51378d7538f548,1,Vague / Missing Context,0.2956,No Smell,0.2768,Ambiguous References,0.1239,Bias / Loaded Framing,0.0866,1446,1.258
e17cd9631f50512d9703722d77e8a4f6,1,Vague / Missing Context,0.2956,No Smell,0.2768,Ambiguous References,0.1239,Bias / Loaded Framing,0.0866,1446,0.063
276a0785a1c4e24bea369df051727391,1,Vague / Missing Context,0.3013,No Smell,0.2745,Ambiguous References,0.1248,Bias / Loaded Framing,0.0800,1455,1.236
be081e809d452a51f7cd53e5c77ddf97,1,Vague / Missing Context,0.3095,No Smell,0.2387,Ambiguous References,0.1382,Bias / Loaded Framing,0.0884,1455,1.238
96e131e8aed3439d8abe50940043b75d,1,Vague / Missing Context,0.3095,No Smell,0.2387,Ambiguous References,0.1382,Bias / Loaded Framing,0.0884,1455,0.060
38f98fc65bff90bcf805891d13783e6d,1,No Smell,0.4741,Format Ambiguity,0.2327,Vague / Missing Context,0.2198,Conflicting Constraints,0.0205,35,0.541
c3f4a5fb7b24e1ede8b91695dfd5048b,1,Vague / Missing Context,0.3217,No Smell,0.2300,Bias / Loaded Framing,0.1121,Ambiguous References,0.1003,2000,1.515
4f1ea10603f8787a8451c365c656e0d9,1,Vague / Missing Context,0.3217,No Smell,0.2300,Bias / Loaded Framing,0.1121,Ambiguous References,0.1003,2000,0.075
a78afc983e30fe14f654c8764f548bb7,1,No Smell,0.5640,Format Ambiguity,0.1215,Vague / Missing Context,0.1151,Conflicting Constraints,0.0528,1591,0.906
a78afc983e30fe14f654c8764f548bb7,2,No Smell,0.6315,Format Ambiguity,0.2076,Vague / Missing Context,0.1076,Formality / Audience Mismatch,0.0207,53,0.064
a78afc983e30fe14f654c8764f548bb7,3,No Smell,0.5974,Format Ambiguity,0.1128,Vague / Missing Context,0.1036,Conflicting Constraints,0.0628,553,0.639
a78afc983e30fe14f654c8764f548bb7,4,No Smell,0.3209,Vague / Missing Context,0.2679,Format Ambiguity,0.1652,Ambiguous References,0.0982,123,0.565
020d0a1cd3e1475ddd472219a772219a,1,Vague / Missing Context,0.3217,No Smell,0.2300,Bias / Loaded Framing,0.1121,Ambiguous References,0.1003,2000,0.120
e05d7ae65479d2425594d12f1ef872a7,1,Vague / Missing Context,0.3217,No Smell,0.2300,Bias / Loaded Framing,0.1121,Ambiguous References,0.1003,2000,0.069
34da679e1f4cf9f4793b45d241994070,1,No Smell,0.5640,Format Ambiguity,0.1215,Vague / Missing Context,0.1151,Conflicting Constraints,0.0528,1591,0.078
34da679e1f4cf9f4793b45d241994070,2,No Smell,0.6315,Format Ambiguity,0.2076,Vague / Missing Context,0.1076,Formality / Audience Mismatch,0.0207,53,0.061
34da679e1f4cf9f4793b45d241994070,3,No Smell,0.5793,Format Ambiguity,0.1259,Vague / Missing Context,0.1110,Conflicting Constraints,0.0629,527,0.067
34da679e1f4cf9f4793b45d241994070,4,No Smell,0.3209,Vague / Missing Context,0.2679,Format Ambiguity,0.1652,Ambiguous References,0.0982,123,0.060
636e6ef3f184b823007e309f3bec98ab,1,Vague / Missing Context,0.3217,No Smell,0.2300,Bias / Loaded Framing,0.1121,Ambiguous References,0.1003,2000,0.087
b504cd0e3f5e7ebdaefe883902ffb673,1,Vague / Missing Context,0.3083,No Smell,0.2429,Format Ambiguity,0.1296,Bias / Loaded Framing,0.0902,723,0.700
2e30c9b8b8374528003c51d79123ba6d,1,Vague / Missing Context,0.3313,No Smell,0.2632,Format Ambiguity,0.1506,Bias / Loaded Framing,0.0574,741,0.703
78ff696c036a8122440791429d99f9e3,1,No Smell,0.4554,Format Ambiguity,0.2915,Vague / Missing Context,0.1795,Formality / Audience Mismatch,0.0267,31,0.614
ec6e8ea65c53a477d0a5f701a984bfa5,1,No Smell,0.5640,Format Ambiguity,0.1215,Vague / Missing Context,0.1151,Conflicting Constraints,0.0528,1591,0.076
ec6e8ea65c53a477d0a5f701a984bfa5,2,No Smell,0.6315,Format Ambiguity,0.2076,Vague / Missing Context,0.1076,Formality / Audience Mismatch,0.0207,53,0.064
ec6e8ea65c53a477d0a5f701a984bfa5,3,No Smell,0.5696,Format Ambiguity,0.1177,Vague / Missing Context,0.1042,Conflicting Constraints,0.0686,649,0.664
ec6e8ea65c53a477d0a5f701a984bfa5,4,No Smell,0.3357,Vague / Missing Context,0.2885,Format Ambiguity,0.1317,Ambiguous References,0.0682,194,0.570
05999ea9d1bfc5df96ede7602ac77b96,1,Vague / Missing Context,0.3669,No Smell,0.2620,Ambiguous References,0.1696,Format Ambiguity,0.1355,132,0.557
05999ea9d1bfc5df96ede7602ac77b96,2,No Smell,0.4335,Format Ambiguity,0.3280,Vague / Missing Context,0.1844,Formality / Audience Mismatch,0.0181,26,0.541
2753cf6e6855e9221a9b7a5e47113b2e,1,No Smell,0.3677,Format Ambiguity,0.3408,Vague / Missing Context,0.1046,Conflicting Constraints,0.0604,4000,1.438
2753cf6e6855e9221a9b7a5e47113b2e,2,No Smell,0.6810,Format Ambiguity,0.1582,Vague / Missing Context,0.1250,Formality / Audience Mismatch,0.0142,87,0.547
2753cf6e6855e9221a9b7a5e47113b2e,3,No Smell,0.6628,Format Ambiguity,0.2502,Vague / Missing Context,0.0405,Formality / Audience Mismatch,0.0182,44,0.544
2753cf6e6855e9221a9b7a5e47113b2e,4,No Smell,0.7278,Format Ambiguity,0.1854,Vague / Missing Context,0.0530,Formality / Audience Mismatch,0.0127,124,0.554
2753cf6e6855e9221a9b7a5e47113b2e,5,Format Ambiguity,0.5752,No Smell,0.3240,Vague / Missing Context,0.0399,Unnecessary Repetition,0.0134,456,0.664
2753cf6e6855e9221a9b7a5e47113b2e,6,No Smell,0.6091,Format Ambiguity,0.3390,Vague / Missing Context,0.0216,Formality / Audience Mismatch,0.0101,26,0.539
2753cf6e6855e9221a9b7a5e47113b2e,7,No Smell,0.7270,Format Ambiguity,0.1937,Vague / Missing Context,0.0440,Formality / Audience Mismatch,0.0165,38,0.541
d0b83914cab8d6978ed52f4d2379893e,1,No Smell,0.6459,Format Ambiguity,0.1977,Vague / Missing Context,0.0579,Conflicting Constraints,0.0284,354,0.635
d0b83914cab8d6978ed52f4d2379893e,2,No Smell,0.6459,Format Ambiguity,0.1977,Vague / Missing Context,0.0579,Conflicting Constraints,0.0284,354,0.048
d0b83914cab8d6978ed52f4d2379893e,3,No Smell,0.5888,Format Ambiguity,0.2499,Vague / Missing Context,0.0651,Conflicting Constraints,0.0256,354,0.634
d0b83914cab8d6978ed52f4d2379893e,4,No Smell,0.4569,Vague / Missing Context,0.1745,Format Ambiguity,0.1701,Formality / Audience Mismatch,0.0487,310,0.613
c34fa42fe0dded09c2d8470c22d14716,1,No Smell,0.5217,Format Ambiguity,0.2427,Vague / Missing Context,0.1629,Conflicting Constraints,0.0252,64,0.543
e82bfa429468dff67e4d8f2d4604ac3e,1,No Smell,0.5167,Format Ambiguity,0.1771,Vague / Missing Context,0.1424,Formality / Audience Mismatch,0.0402,309,0.612
e82bfa429468dff67e4d8f2d4604ac3e,2,No Smell,0.6459,Format Ambiguity,0.1977,Vague / Missing Context,0.0579,Conflicting Constraints,0.0284,354,0.064
8d339f4d74ac3bec7605505d0243d4ea,1,No Smell,0.6727,Format Ambiguity,0.1696,Vague / Missing Context,0.1360,Formality / Audience Mismatch,0.0080,46,0.540
d16f83c3826d9c031706756605ec3616,1,No Smell,0.5640,Format Ambiguity,0.1215,Vague / Missing Context,0.1151,Conflicting Constraints,0.0528,1591,0.075
d16f83c3826d9c031706756605ec3616,2,No Smell,0.6820,Format Ambiguity,0.1524,Vague / Missing Context,0.1074,Formality / Audience Mismatch,0.0206,65,0.543
d16f83c3826d9c031706756605ec3616,3,No Smell,0.4785,Vague / Missing Context,0.1689,Format Ambiguity,0.1322,Conflicting Constraints,0.0703,464,0.640
d16f83c3826d9c031706756605ec3616,4,No Smell,0.4297,Vague / Missing Context,0.2034,Format Ambiguity,0.1527,Formality / Audience Mismatch,0.0671,206,0.571
fab52f6102b5fa2d884f07c10da6618f,1,No Smell,0.6459,Format Ambiguity,0.1977,Vague / Missing Context,0.0579,Conflicting Constraints,0.0284,354,0.065
fab52f6102b5fa2d884f07c10da6618f,2,No Smell,0.4937,Format Ambiguity,0.2278,Vague / Missing Context,0.1225,Formality / Audience Mismatch,0.0380,299,0.613
fab52f6102b5fa2d884f07c10da6618f,3,No Smell,0.4737,Format Ambiguity,0.2569,Vague / Missing Context,0.1372,Formality / Audience Mismatch,0.0309,328,0.616
c98eb3d2c443b1f941e411837ee60d76,1,No Smell,0.5716,Format Ambiguity,0.2040,Vague / Missing Context,0.1450,Formality / Audience Mismatch,0.0289,56,0.543
2090c0f6204b29d90c9f7377b4d3cab4,2,No Smell,0.4357,Vague / Missing Context,0.2582,Format Ambiguity,0.2351,Formality / Audience Mismatch,0.0271,26,0.590
4ccff7468d3b93777bf711ee3471697b,1,No Smell,0.5450,Format Ambiguity,0.2611,Vague / Missing Context,0.0723,Conflicting Constraints,0.0477,394,0.614
74282ff13a63e51bc5e8e3a97696d63f,1,Vague / Missing Context,0.4619,No Smell,0.2245,Ambiguous References,0.1022,Format Ambiguity,0.0592,296,0.613
b2ac5d3a698402202490680373072869,1,No Smell,0.6752,Vague / Missing Context,0.1266,Format Ambiguity,0.1153,Formality / Audience Mismatch,0.0333,38,0.567
b2ac5d3a698402202490680373072869,2,No Smell,0.7032,Format Ambiguity,0.1289,Vague / Missing Context,0.0911,Formality / Audience Mismatch,0.0295,119,0.731
b2ac5d3a698402202490680373072869,3,No Smell,0.5832,Vague / Missing Context,0.1726,Format Ambiguity,0.1439,Formality / Audience Mismatch,0.0336,129,0.772
b2ac5d3a698402202490680373072869,4,No Smell,0.6094,Format Ambiguity,0.1521,Vague / Missing Context,0.1414,Formality / Audience Mismatch,0.0351,163,0.856
dedd68d6adb91b9d8b44878954dc8118,1,Vague / Missing Context,0.5051,No Smell,0.2012,Ambiguous References,0.0976,Bias / Loaded Framing,0.0583,319,0.615
62b845f7f7d7bb108666fa9f20597b9d,1,Vague / Missing Context,0.2748,Formality / Audience Mismatch,0.2009,No Smell,0.1613,Bias / Loaded Framing,0.1586,4000,1.535
62b845f7f7d7bb108666fa9f20597b9d,2,No Smell,0.5013,Format Ambiguity,0.2331,Vague / Missing Context,0.2000,Ambiguous References,0.0215,39,0.544
62b845f7f7d7bb108666fa9f20597b9d,3,No Smell,0.6780,Format Ambiguity,0.2391,Vague / Missing Context,0.0364,Formality / Audience Mismatch,0.0197,14,0.534
21313f9c1996f931f98ad7ade62747d2,1,Vague / Missing Context,0.4857,No Smell,0.2105,Ambiguous References,0.0932,Format Ambiguity,0.0618,354,0.637
a5bdf6dd22d1a48aa3ba17393158b73f,1,No Smell,0.5897,Format Ambiguity,0.2216,Vague / Missing Context,0.0910,Formality / Audience Mismatch,0.0432,110,0.556
a5bdf6dd22d1a48aa3ba17393158b73f,2,No Smell,0.5784,Format Ambiguity,0.2283,Vague / Missing Context,0.0921,Formality / Audience Mismatch,0.0390,111,0.556
a5bdf6dd22d1a48aa3ba17393158b73f,3,No Smell,0.6089,Format Ambiguity,0.2204,Vague / Missing Context,0.0770,Formality / Audience Mismatch,0.0412,110,0.557
a5bdf6dd22d1a48aa3ba17393158b73f,4,No Smell,0.6099,Format Ambiguity,0.1889,Vague / Missing Context,0.1215,Formality / Audience Mismatch,0.0280,89,0.545
a5bdf6dd22d1a48aa3ba17393158b73f,5,No Smell,0.6099,Format Ambiguity,0.1889,Vague / Missing Context,0.1215,Formality / Audience Mismatch,0.0280,89,0.047
a5bdf6dd22d1a48aa3ba17393158b73f,6,No Smell,0.5928,Format Ambiguity,0.2057,Vague / Missing Context,0.1319,Formality / Audience Mismatch,0.0256,107,0.553
3892f433d3565bc6683aa7c5df0aadba,1,Vague / Missing Context,0.4092,No Smell,0.2542,Format Ambiguity,0.1227,Ambiguous References,0.0740,180,0.569
cef46af2a9161d6c6734cf648d327d84,1,Vague / Missing Context,0.4446,No Smell,0.1965,Format Ambiguity,0.1117,Ambiguous References,0.0906,189,0.568
111e1b90e63911443c0e5b33f9f6c41e,1,Vague / Missing Context,0.4473,No Smell,0.1906,Format Ambiguity,0.1078,Ambiguous References,0.0926,185,0.569
07604129b49f0bf822466f35573b6798,1,No Smell,0.5417,Vague / Missing Context,0.1793,Format Ambiguity,0.1684,Formality / Audience Mismatch,0.0330,155,1.174
a21e394f7617d05905ee05dd23b57230,1,No Smell,0.3448,Format Ambiguity,0.3131,Vague / Missing Context,0.1080,Conflicting Constraints,0.0742,4000,1.656
a21e394f7617d05905ee05dd23b57230,2,No Smell,0.5512,Format Ambiguity,0.2761,Vague / Missing Context,0.1212,Formality / Audience Mismatch,0.0203,27,0.546
57cb02c7ab9bceb494ee2be524cf6aad,1,Vague / Missing Context,0.4473,No Smell,0.1906,Format Ambiguity,0.1078,Ambiguous References,0.0926,185,0.064
e4093d20053a32d89c15abba07df0a40,1,No Smell,0.6105,Format Ambiguity,0.1735,Vague / Missing Context,0.1550,Formality / Audience Mismatch,0.0248,46,0.540
65c7f787c597e72d47501f814c5c6ce5,3,No Smell,0.5283,Vague / Missing Context,0.2689,Format Ambiguity,0.1407,Formality / Audience Mismatch,0.0220,64,0.543
0c06fb0f35b274f13dcd678907500893,1,Vague / Missing Context,0.5318,Ambiguous References,0.1168,No Smell,0.1042,Format Ambiguity,0.0873,210,0.570
4f3352268eae854b4a276de985ca4f50,1,Vague / Missing Context,0.4831,No Smell,0.1539,Ambiguous References,0.1144,Format Ambiguity,0.0889,209,0.570
7f59583df47f4c323941c1ac30d965df,1,Vague / Missing Context,0.4842,No Smell,0.2177,Ambiguous References,0.0752,Format Ambiguity,0.0715,417,0.641
07ca17535781e9af31ca098bb1fac9ae,1,Vague / Missing Context,0.4831,No Smell,0.1539,Ambiguous References,0.1144,Format Ambiguity,0.0889,209,0.064
de312fa83fc07161fc264b5398c31c20,1,Vague / Missing Context,0.4292,No Smell,0.2135,Format Ambiguity,0.0959,Ambiguous References,0.0954,208,0.567
9516be5e654311bf39ca437201c46e00,1,Vague / Missing Context,0.5072,No Smell,0.1939,Ambiguous References,0.0755,Format Ambiguity,0.0685,412,0.641
dd9dcf3ae1fb0be78f08711e634f7e5d,1,Vague / Missing Context,0.3384,No Smell,0.2920,Format Ambiguity,0.1913,Ambiguous References,0.0550,402,0.613
a8e8e8d83857a3b410667428e81f9f1f,1,Vague / Missing Context,0.5072,No Smell,0.1939,Ambiguous References,0.0755,Format Ambiguity,0.0685,412,0.064
18effa3b4cd91b2b1555734a8c8d438a,1,Vague / Missing Context,0.4715,No Smell,0.1737,Ambiguous References,0.1245,Format Ambiguity,0.0716,746,0.818
02a334a163351e6ada47775f7f34cf92,2,No Smell,0.5549,Format Ambiguity,0.3220,Vague / Missing Context,0.0864,Conflicting Constraints,0.0139,26,0.542
e88f425f110e7ac59b9ce7203d250497,1,Vague / Missing Context,0.4361,No Smell,0.2376,Format Ambiguity,0.1587,Ambiguous References,0.0469,457,0.617
c0cf6378e512001daadd6f2cf80eae24,1,Vague / Missing Context,0.4715,No Smell,0.1737,Ambiguous References,0.1245,Format Ambiguity,0.0716,746,0.069
7f4a83919ee3d06b3fc6cece8bda763e,1,Vague / Missing Context,0.4456,No Smell,0.2456,Ambiguous References,0.0969,Bias / Loaded Framing,0.0576,862,0.861
322ded381cce666aa86dac2b97688cc1,1,Vague / Missing Context,0.4196,No Smell,0.2201,Format Ambiguity,0.1345,Ambiguous References,0.0669,529,0.642
049959debe662174168fe98db0c9c55a,1,Vague / Missing Context,0.4239,No Smell,0.2408,Ambiguous References,0.1200,Bias / Loaded Framing,0.0616,882,0.872
07e2e7f9bfca9272ed5f7057a06fa526,1,No Smell,0.6106,Format Ambiguity,0.1805,Vague / Missing Context,0.0713,Conflicting Constraints,0.0661,1433,0.820
a1c516cf34b6ae35b2768619301b8507,1,Vague / Missing Context,0.4447,No Smell,0.2359,Ambiguous References,0.0999,Bias / Loaded Framing,0.0637,888,0.870
097b61623d11fab9f3f3970f47c801d2,1,No Smell,0.7171,Format Ambiguity,0.1199,Vague / Missing Context,0.0656,Conflicting Constraints,0.0326,288,0.593
097b61623d11fab9f3f3970f47c801d2,2,No Smell,0.6951,Format Ambiguity,0.1569,Vague / Missing Context,0.0564,Conflicting Constraints,0.0333,287,0.591
097b61623d11fab9f3f3970f47c801d2,3,No Smell,0.7304,Format Ambiguity,0.1366,Vague / Missing Context,0.0463,Formality / Audience Mismatch,0.0315,297,0.590
3c6e0b8aa35cab1f329164073a5ccba6,1,Vague / Missing Context,0.3495,No Smell,0.2862,Ambiguous References,0.0941,Format Ambiguity,0.0898,930,0.897
a5d07b405041cbc6cfcc3b08ab4c3f84,1,Vague / Missing Context,0.3610,No Smell,0.2885,Ambiguous References,0.0804,Format Ambiguity,0.0804,899,0.879
2013b1f7eb6db657685ad90bc5e2e7b1,1,Vague / Missing Context,0.4105,No Smell,0.2154,Format Ambiguity,0.1087,Ambiguous References,0.0800,231,0.572
e3e73c856978fd0036e80f614f239e66,1,No Smell,0.3774,Format Ambiguity,0.3681,Vague / Missing Context,0.1786,Formality / Audience Mismatch,0.0183,44,0.545
f3cac5c25944b225904731f6c9f2190c,1,Vague / Missing Context,0.4105,No Smell,0.2154,Format Ambiguity,0.1087,Ambiguous References,0.0800,231,0.064
5cda33098eac3e4f102d02aabad9e7d5,1,Vague / Missing Context,0.4147,No Smell,0.2261,Format Ambiguity,0.1060,Ambiguous References,0.0766,223,0.567
875995f9362411d4e6de4acd0b895eec,1,Vague / Missing Context,0.4231,No Smell,0.1737,Format Ambiguity,0.1195,Ambiguous References,0.0874,527,0.642
fa0722770655bf100d263739d1b1f61e,1,Vague / Missing Context,0.4165,No Smell,0.1882,Format Ambiguity,0.1179,Ambiguous References,0.0753,539,0.643
828f3b08c2d61d659f88456e817fa084,1,No Smell,0.3481,Vague / Missing Context,0.2837,Format Ambiguity,0.1363,Ambiguous References,0.0524,207,0.570
51c57a0da0581ae80a3625a8244963d3,1,No Smell,0.3181,Vague / Missing Context,0.2817,Format Ambiguity,0.1634,Ambiguous References,0.0541,205,0.570
a3c7368d7274d5b9cb66208d46e8f991,4,No Smell,0.4993,Vague / Missing Context,0.2788,Format Ambiguity,0.1293,Formality / Audience Mismatch,0.0305,33,0.587
88faa396a348a4431cb1909fb2cc075d,1,No Smell,0.3509,Vague / Missing Context,0.2788,Format Ambiguity,0.1491,Conflicting Constraints,0.0586,634,0.663
88faa396a348a4431cb1909fb2cc075d,2,Vague / Missing Context,0.3608,No Smell,0.2341,Format Ambiguity,0.1399,Ambiguous References,0.0670,552,0.663
b1b23b45f3d6c8c5b8910e3cc68ebc67,1,No Smell,0.3801,Vague / Missing Context,0.2574,Format Ambiguity,0.1653,Conflicting Constraints,0.0492,206,0.570
3450964a110033db826343419ee325cd,1,No Smell,0.4558,Vague / Missing Context,0.1993,Format Ambiguity,0.1617,Conflicting Constraints,0.0576,206,0.570
5e28dc6fdf8d64467b8ece464e22ba86,1,No Smell,0.4809,Format Ambiguity,0.1860,Vague / Missing Context,0.1731,Conflicting Constraints,0.0495,194,0.569
b185d8c81f0ee4b1efd25cb27414437f,1,Vague / Missing Context,0.3250,No Smell,0.3074,Format Ambiguity,0.1253,Ambiguous References,0.0616,575,0.668
08c273f23c1a86fd5ec1bfa413690d18,1,No Smell,0.6429,Format Ambiguity,0.1477,Vague / Missing Context,0.0722,Conflicting Constraints,0.0499,278,0.592
08c273f23c1a86fd5ec1bfa413690d18,2,No Smell,0.6315,Format Ambiguity,0.2076,Vague / Missing Context,0.1076,Formality / Audience Mismatch,0.0207,53,0.062
5616e65d0fea30d61799e4ce68880d94,1,No Smell,0.4740,Format Ambiguity,0.2604,Vague / Missing Context,0.1898,Formality / Audience Mismatch,0.0253,37,0.540
08476ca0445709615a6ecefd66a616ee,1,No Smell,0.3317,Vague / Missing Context,0.2688,Format Ambiguity,0.1613,Ambiguous References,0.0551,196,0.569
c817239b8dc309493ee0e6b640708d83,1,No Smell,0.4153,Vague / Missing Context,0.2233,Format Ambiguity,0.1874,Conflicting Constraints,0.0508,603,0.669
c389906b1584b25de4790f358ab16b18,1,No Smell,0.6406,Format Ambiguity,0.1387,Vague / Missing Context,0.0804,Conflicting Constraints,0.0509,287,0.593
e7602808796afe88b902090b0ebf5ac5,2,No Smell,0.5267,Format Ambiguity,0.1966,Vague / Missing Context,0.1869,Formality / Audience Mismatch,0.0291,60,0.543
82c3eeb4224c6092913e62880537df9d,1,No Smell,0.3960,Vague / Missing Context,0.2497,Format Ambiguity,0.1768,Conflicting Constraints,0.0491,605,0.665
eafa18c96eca31a96aec4872178ad482,1,No Smell,0.5116,Vague / Missing Context,0.2451,Format Ambiguity,0.1436,Formality / Audience Mismatch,0.0318,137,0.660
eafa18c96eca31a96aec4872178ad482,2,No Smell,0.5295,Vague / Missing Context,0.2192,Format Ambiguity,0.1434,Ambiguous References,0.0332,144,0.662
eafa18c96eca31a96aec4872178ad482,3,No Smell,0.6941,Format Ambiguity,0.1436,Vague / Missing Context,0.0949,Conflicting Constraints,0.0231,197,0.734
eafa18c96eca31a96aec4872178ad482,4,No Smell,0.5328,Vague / Missing Context,0.1797,Format Ambiguity,0.1615,Ambiguous References,0.0374,261,0.863
eafa18c96eca31a96aec4872178ad482,5,No Smell,0.5747,Format Ambiguity,0.1706,Vague / Missing Context,0.1218,Conflicting Constraints,0.0382,380,1.154
eafa18c96eca31a96aec4872178ad482,6,No Smell,0.3931,Vague / Missing Context,0.2591,Format Ambiguity,0.1627,Ambiguous References,0.0706,524,1.286
eafa18c96eca31a96aec4872178ad482,7,No Smell,0.4528,Vague / Missing Context,0.2091,Format Ambiguity,0.1711,Ambiguous References,0.0596,607,1.323
eafa18c96eca31a96aec4872178ad482,8,No Smell,0.3980,Vague / Missing Context,0.2577,Format Ambiguity,0.1495,Ambiguous References,0.0728,674,1.396
eafa18c96eca31a96aec4872178ad482,9,No Smell,0.3605,Vague / Missing Context,0.2797,Format Ambiguity,0.1298,Ambiguous References,0.0922,696,1.394
c9f06b8ba76fdbb0470d5126e413e745,1,No Smell,0.3760,Vague / Missing Context,0.2559,Format Ambiguity,0.1702,Conflicting Constraints,0.0534,634,0.665
3c291f3e5b1ec287f5d5d49705cc3f01,1,No Smell,0.4164,Vague / Missing Context,0.2153,Format Ambiguity,0.1719,Conflicting Constraints,0.0558,637,0.667
d898302b9607842f6110906d34985286,1,No Smell,0.6576,Format Ambiguity,0.1370,Vague / Missing Context,0.0694,Conflicting Constraints,0.0523,289,0.593
d898302b9607842f6110906d34985286,2,No Smell,0.6315,Format Ambiguity,0.2076,Vague / Missing Context,0.1076,Formality / Audience Mismatch,0.0207,53,0.062
3853436543afd53c38198002ad698e8c,1,No Smell,0.5477,Format Ambiguity,0.1700,Vague / Missing Context,0.1373,Formality / Audience Mismatch,0.0514,83,0.542
1c30191a53cd4638288a92af7d56c61d,1,No Smell,0.4796,Vague / Missing Context,0.2239,Format Ambiguity,0.1775,Formality / Audience Mismatch,0.0350,191,1.367
1c30191a53cd4638288a92af7d56c61d,2,Vague / Missing Context,0.3872,No Smell,0.3166,Format Ambiguity,0.1099,Ambiguous References,0.0750,196,1.324
8fc73cd8c9cb3d6c27245c8a11633b89,1,No Smell,0.4561,Format Ambiguity,0.1787,Vague / Missing Context,0.1787,Conflicting Constraints,0.0559,646,0.668
bb8cac9c93e59df5c4bb039e13bbad08,1,No Smell,0.3309,Vague / Missing Context,0.2827,Format Ambiguity,0.1660,Ambiguous References,0.0466,204,0.572
b4422c075a468cd3f5ae3b45a5141d16,1,No Smell,0.3374,Vague / Missing Context,0.2765,Format Ambiguity,0.1521,Conflicting Constraints,0.0519,195,0.572
82a8425f6de97ed8508ce530371a7f3e,1,Vague / Missing Context,0.3822,No Smell,0.3470,Format Ambiguity,0.1159,Ambiguous References,0.0675,78,0.545
b7ea14efa45f6464673e14bad3660471,1,Vague / Missing Context,0.5742,No Smell,0.2539,Format Ambiguity,0.0649,Ambiguous References,0.0641,59,0.543
b7ea14efa45f6464673e14bad3660471,2,No Smell,0.3511,Vague / Missing Context,0.1983,Format Ambiguity,0.1235,Ambiguous References,0.0968,799,0.667
b7ea14efa45f6464673e14bad3660471,3,No Smell,0.7410,Format Ambiguity,0.1825,Formality / Audience Mismatch,0.0255,Vague / Missing Context,0.0176,91,0.555
b7ea14efa45f6464673e14bad3660471,4,No Smell,0.3486,Vague / Missing Context,0.2570,Format Ambiguity,0.1557,Ambiguous References,0.1091,321,0.590
b7ea14efa45f6464673e14bad3660471,5,No Smell,0.4850,Vague / Missing Context,0.1481,Format Ambiguity,0.1261,Conflicting Constraints,0.0689,598,0.618
b7ea14efa45f6464673e14bad3660471,6,No Smell,0.4998,Vague / Missing Context,0.1657,Format Ambiguity,0.1469,Formality / Audience Mismatch,0.0637,106,0.557
b7ea14efa45f6464673e14bad3660471,7,No Smell,0.5939,Format Ambiguity,0.2581,Vague / Missing Context,0.0704,Formality / Audience Mismatch,0.0312,106,0.550
70655e45841743b21b0a0058bf8ddb9b,1,No Smell,0.4587,Vague / Missing Context,0.2476,Format Ambiguity,0.2382,Conflicting Constraints,0.0204,34,0.543
70655e45841743b21b0a0058bf8ddb9b,2,No Smell,0.5471,Format Ambiguity,0.2568,Vague / Missing Context,0.1343,Formality / Audience Mismatch,0.0238,10,0.532
b19df29f2a058cf90171567d4eb82ce2,1,No Smell,0.4119,Vague / Missing Context,0.2350,Format Ambiguity,0.1733,Conflicting Constraints,0.0493,685,0.667
33b02d549ff55ac88b87f9837a210708,1,No Smell,0.3379,Vague / Missing Context,0.2804,Format Ambiguity,0.1485,Conflicting Constraints,0.0521,236,0.589
967bd49f5d97ec68baa8f438c5d88f80,1,Format Ambiguity,0.3425,No Smell,0.2972,Vague / Missing Context,0.2767,Ambiguous References,0.0243,30,0.543
eeb74df17287b35188256b82bd2749a3,1,No Smell,0.3596,Vague / Missing Context,0.2597,Format Ambiguity,0.1742,Conflicting Constraints,0.0604,702,0.698
6a605d5a935dead394982d5f612008ba,1,Vague / Missing Context,0.3028,No Smell,0.2990,Format Ambiguity,0.2036,Conflicting Constraints,0.0569,649,0.667
c83e4a63ba064e9040f7527e56cdf0d3,1,No Smell,0.5135,Format Ambiguity,0.1716,Vague / Missing Context,0.1432,Conflicting Constraints,0.0481,291,0.595
c83e4a63ba064e9040f7527e56cdf0d3,2,No Smell,0.5215,Format Ambiguity,0.1745,Vague / Missing Context,0.1540,Ambiguous References,0.0477,90,0.545
c83e4a63ba064e9040f7527e56cdf0d3,3,No Smell,0.4927,Vague / Missing Context,0.2139,Format Ambiguity,0.1744,Formality / Audience Mismatch,0.0404,48,0.543
053c4a93d892c319f970c6a6f1335044,1,No Smell,0.6898,Format Ambiguity,0.1863,Vague / Missing Context,0.0662,Conflicting Constraints,0.0252,240,0.568
053c4a93d892c319f970c6a6f1335044,2,No Smell,0.7529,Format Ambiguity,0.1270,Vague / Missing Context,0.0858,Conflicting Constraints,0.0146,71,0.541
053c4a93d892c319f970c6a6f1335044,3,No Smell,0.7191,Format Ambiguity,0.1738,Vague / Missing Context,0.0498,Conflicting Constraints,0.0239,66,0.544
053c4a93d892c319f970c6a6f1335044,4,No Smell,0.6861,Format Ambiguity,0.2321,Vague / Missing Context,0.0395,Formality / Audience Mismatch,0.0173,35,0.542
053c4a93d892c319f970c6a6f1335044,5,No Smell,0.5829,Format Ambiguity,0.2766,Vague / Missing Context,0.0784,Formality / Audience Mismatch,0.0248,43,0.543
0a098ebd3b1b0616230604c66fdd4df4,2,No Smell,0.5992,Format Ambiguity,0.3017,Vague / Missing Context,0.0499,Formality / Audience Mismatch,0.0194,22,0.541
0a098ebd3b1b0616230604c66fdd4df4,3,No Smell,0.6668,Format Ambiguity,0.1727,Vague / Missing Context,0.0896,Formality / Audience Mismatch,0.0298,95,0.546
0a098ebd3b1b0616230604c66fdd4df4,4,No Smell,0.7326,Vague / Missing Context,0.1167,Format Ambiguity,0.0949,Formality / Audience Mismatch,0.0239,31,0.542
0a098ebd3b1b0616230604c66fdd4df4,6,No Smell,0.6781,Format Ambiguity,0.1613,Vague / Missing Context,0.0956,Formality / Audience Mismatch,0.0308,69,0.544
0a098ebd3b1b0616230604c66fdd4df4,9,No Smell,0.7198,Format Ambiguity,0.2267,Vague / Missing Context,0.0183,Formality / Audience Mismatch,0.0152,26,0.540
0a098ebd3b1b0616230604c66fdd4df4,10,No Smell,0.7155,Format Ambiguity,0.2299,Vague / Missing Context,0.0174,Formality / Audience Mismatch,0.0162,37,0.540
0a098ebd3b1b0616230604c66fdd4df4,11,No Smell,0.6167,Format Ambiguity,0.1557,Vague / Missing Context,0.1525,Formality / Audience Mismatch,0.0284,46,0.541
0a098ebd3b1b0616230604c66fdd4df4,12,No Smell,0.5761,Vague / Missing Context,0.1762,Format Ambiguity,0.1605,Formality / Audience Mismatch,0.0292,71,0.542
0a098ebd3b1b0616230604c66fdd4df4,13,Format Ambiguity,0.4305,No Smell,0.3623,Vague / Missing Context,0.1254,Ambiguous References,0.0225,80,0.541
0a098ebd3b1b0616230604c66fdd4df4,14,No Smell,0.7408,Format Ambiguity,0.2189,Vague / Missing Context,0.0126,Formality / Audience Mismatch,0.0113,30,0.541
0a098ebd3b1b0616230604c66fdd4df4,15,No Smell,0.6927,Format Ambiguity,0.1337,Vague / Missing Context,0.1128,Formality / Audience Mismatch,0.0238,52,0.544
0a098ebd3b1b0616230604c66fdd4df4,16,No Smell,0.6550,Format Ambiguity,0.2301,Vague / Missing Context,0.0647,Formality / Audience Mismatch,0.0200,43,0.543
0a098ebd3b1b0616230604c66fdd4df4,17,No Smell,0.5291,Format Ambiguity,0.2143,Vague / Missing Context,0.1889,Formality / Audience Mismatch,0.0258,109,0.556
0a098ebd3b1b0616230604c66fdd4df4,18,No Smell,0.5961,Format Ambiguity,0.2703,Vague / Missing Context,0.0718,Formality / Audience Mismatch,0.0240,43,0.543
0a098ebd3b1b0616230604c66fdd4df4,19,Format Ambiguity,0.7177,No Smell,0.1402,Vague / Missing Context,0.0883,Conflicting Constraints,0.0185,55,0.542
ef8cb74abd62475a2fef22269ea338f4,1,Vague / Missing Context,0.3719,No Smell,0.2610,Format Ambiguity,0.1621,Conflicting Constraints,0.0541,674,0.688
c10be9e563339cc02f6cb8faea9ee2c9,1,No Smell,0.5133,Vague / Missing Context,0.3009,Format Ambiguity,0.1407,Ambiguous References,0.0145,43,0.544
c10be9e563339cc02f6cb8faea9ee2c9,2,No Smell,0.3578,Format Ambiguity,0.3192,Vague / Missing Context,0.2658,Ambiguous References,0.0246,75,0.546
5dee1d8f2da3fb34eab034ef7aa5d78f,1,No Smell,0.5544,Format Ambiguity,0.1825,Vague / Missing Context,0.1003,Conflicting Constraints,0.0575,325,0.613
ea2a0aaf9db4288875ee84a7b2317f21,1,No Smell,0.2818,Vague / Missing Context,0.1937,Bias / Loaded Framing,0.1179,Formality / Audience Mismatch,0.1015,370,0.591
49d1405254688e9d4a85bd2f61db6017,1,No Smell,0.4228,Vague / Missing Context,0.2711,Format Ambiguity,0.1763,Ambiguous References,0.0711,139,0.569
49d1405254688e9d4a85bd2f61db6017,2,No Smell,0.6775,Format Ambiguity,0.1761,Vague / Missing Context,0.0789,Conflicting Constraints,0.0230,95,0.544
49d1405254688e9d4a85bd2f61db6017,3,Vague / Missing Context,0.7589,Ambiguous References,0.1233,No Smell,0.0655,Format Ambiguity,0.0193,55,0.543
49d1405254688e9d4a85bd2f61db6017,4,No Smell,0.4379,Vague / Missing Context,0.2568,Format Ambiguity,0.2168,Formality / Audience Mismatch,0.0298,94,0.555
49d1405254688e9d4a85bd2f61db6017,5,No Smell,0.4181,Vague / Missing Context,0.3467,Format Ambiguity,0.1035,Ambiguous References,0.0670,66,0.544
49d1405254688e9d4a85bd2f61db6017,6,Vague / Missing Context,0.3673,No Smell,0.3187,Format Ambiguity,0.1720,Ambiguous References,0.0572,39,0.542
90ab7cd637c0eed7575cb988c6512f4d,1,Vague / Missing Context,0.3460,No Smell,0.2809,Format Ambiguity,0.1686,Conflicting Constraints,0.0574,695,0.698
82c3408d5711ecd7f0f6a352aab02839,1,No Smell,0.3833,Vague / Missing Context,0.2414,Format Ambiguity,0.1748,Conflicting Constraints,0.0564,649,0.665
aaee0713473a8232f300c584df683583,1,No Smell,0.5006,Vague / Missing Context,0.1483,Format Ambiguity,0.1332,Conflicting Constraints,0.0595,425,0.640
aaee0713473a8232f300c584df683583,2,No Smell,0.6820,Format Ambiguity,0.1524,Vague / Missing Context,0.1074,Formality / Audience Mismatch,0.0206,65,0.543
35cbbf390fbb63457631ac8c7554ffde,1,No Smell,0.3880,Format Ambiguity,0.3766,Vague / Missing Context,0.1502,Conflicting Constraints,0.0237,34,0.541
f8dbffdfc58b04e08fac8b0184e27e01,1,No Smell,0.4902,Vague / Missing Context,0.1806,Format Ambiguity,0.1558,Conflicting Constraints,0.0622,669,0.697
095389d544cf5d87d73c6db09a003b63,1,No Smell,0.5382,Vague / Missing Context,0.2379,Format Ambiguity,0.1489,Conflicting Constraints,0.0227,48,0.542
f08ff8291096f2a28a242b7cf888b9d6,3,No Smell,0.7785,Format Ambiguity,0.1482,Vague / Missing Context,0.0278,Formality / Audience Mismatch,0.0204,23,0.543
f08ff8291096f2a28a242b7cf888b9d6,4,No Smell,0.7874,Format Ambiguity,0.0988,Vague / Missing Context,0.0699,Formality / Audience Mismatch,0.0185,19,0.531
f08ff8291096f2a28a242b7cf888b9d6,6,No Smell,0.7383,Format Ambiguity,0.1759,Vague / Missing Context,0.0533,Formality / Audience Mismatch,0.0125,275,0.612
f08ff8291096f2a28a242b7cf888b9d6,7,No Smell,0.7303,Format Ambiguity,0.1976,Vague / Missing Context,0.0279,Formality / Audience Mismatch,0.0167,18,0.531
f08ff8291096f2a28a242b7cf888b9d6,11,No Smell,0.5462,Format Ambiguity,0.2427,Vague / Missing Context,0.1323,Formality / Audience Mismatch,0.0293,244,0.615
1c8cf6e36665c7028d051d67a2d8d588,1,No Smell,0.3317,Vague / Missing Context,0.3196,Ambiguous References,0.2076,Format Ambiguity,0.0479,212,0.589
a95bf561e5b072e02ec11f4fe9657812,2,No Smell,0.6147,Format Ambiguity,0.2193,Vague / Missing Context,0.1017,Formality / Audience Mismatch,0.0252,21,0.531
a95bf561e5b072e02ec11f4fe9657812,3,No Smell,0.6713,Format Ambiguity,0.1716,Vague / Missing Context,0.0829,Formality / Audience Mismatch,0.0344,44,0.543
ad426bea7e18969c0ae966fd90ff21aa,1,No Smell,0.4515,Vague / Missing Context,0.2045,Format Ambiguity,0.1820,Conflicting Constraints,0.0496,666,0.666
72e96869a0f54d10bd0b44c70459f3e3,1,No Smell,0.4914,Vague / Missing Context,0.2909,Format Ambiguity,0.1117,Ambiguous References,0.0384,259,0.592
bca4719584567e1bc922854df872b244,1,No Smell,0.3739,Vague / Missing Context,0.2458,Format Ambiguity,0.1891,Conflicting Constraints,0.0536,682,0.671
996bcbf0ba1d7123fd310fcf1d62e980,1,No Smell,0.3825,Vague / Missing Context,0.3389,Format Ambiguity,0.0690,Ambiguous References,0.0628,226,0.570
996bcbf0ba1d7123fd310fcf1d62e980,2,No Smell,0.5238,Format Ambiguity,0.3328,Vague / Missing Context,0.0737,Formality / Audience Mismatch,0.0258,50,0.542
73a374713fe0be0ddfd9160c22c738e0,1,Vague / Missing Context,0.4357,No Smell,0.3502,Format Ambiguity,0.0646,Ambiguous References,0.0587,216,0.590
96bbb3c8e984f9b39d9575ede35f47f7,1,No Smell,0.2846,Vague / Missing Context,0.2271,Format Ambiguity,0.1790,Conflicting Constraints,0.0753,794,0.746
96bbb3c8e984f9b39d9575ede35f47f7,2,No Smell,0.2946,Vague / Missing Context,0.2355,Format Ambiguity,0.1829,Conflicting Constraints,0.0753,805,0.740
1315e5a6ba69563b925c4d21ac4319a1,1,No Smell,0.2678,Vague / Missing Context,0.2226,Format Ambiguity,0.1825,Bias / Loaded Framing,0.0818,805,0.746
1ba66065101d84b02a1330f4dde2521f,1,No Smell,0.4457,Format Ambiguity,0.1836,Vague / Missing Context,0.1777,Conflicting Constraints,0.0589,688,0.667
4e82c142da688268e5778653c44eda37,1,No Smell,0.4557,Vague / Missing Context,0.3470,Format Ambiguity,0.0863,Ambiguous References,0.0394,342,0.615
e51f7b0bdd4b2fab4222e4f4b5bd2ba7,1,No Smell,0.5537,Format Ambiguity,0.2595,Vague / Missing Context,0.1052,Conflicting Constraints,0.0310,82,0.544
168c3814dafe903c5c96d94e345ce0b2,1,No Smell,0.5006,Vague / Missing Context,0.1483,Format Ambiguity,0.1332,Conflicting Constraints,0.0595,425,0.065
168c3814dafe903c5c96d94e345ce0b2,2,No Smell,0.6315,Format Ambiguity,0.2076,Vague / Missing Context,0.1076,Formality / Audience Mismatch,0.0207,53,0.059
168c3814dafe903c5c96d94e345ce0b2,3,No Smell,0.5357,Format Ambiguity,0.2957,Vague / Missing Context,0.1042,Formality / Audience Mismatch,0.0226,13,0.531
1ae7d0c88fe72d89afa20cff9bef27e5,1,Vague / Missing Context,0.4218,No Smell,0.3677,Ambiguous References,0.0688,Format Ambiguity,0.0607,343,0.613
b1e80cecffb6e2a0d74d3f118ff8dd36,1,Vague / Missing Context,0.3524,Format Ambiguity,0.1963,No Smell,0.1911,Ambiguous References,0.1137,2509,1.243
80f08d1a611cb040d70184e0a5f12671,1,No Smell,0.4214,Format Ambiguity,0.1946,Vague / Missing Context,0.1880,Conflicting Constraints,0.0587,806,0.701
ce3fabca43492ac8a0b0209e8e858be5,1,No Smell,0.4505,Vague / Missing Context,0.1906,Format Ambiguity,0.1614,Conflicting Constraints,0.0588,809,0.705
377cc569fcb0c3863be49e6d28a72d7a,1,No Smell,0.8282,Format Ambiguity,0.1262,Vague / Missing Context,0.0258,Formality / Audience Mismatch,0.0080,53,0.543
377cc569fcb0c3863be49e6d28a72d7a,2,No Smell,0.6315,Format Ambiguity,0.2519,Vague / Missing Context,0.0658,Conflicting Constraints,0.0193,49,0.544
377cc569fcb0c3863be49e6d28a72d7a,3,No Smell,0.4334,Vague / Missing Context,0.3003,Format Ambiguity,0.1926,Ambiguous References,0.0279,58,0.542
94377d31d0456bbd3b84bdff9f3f39f4,1,No Smell,0.2846,Vague / Missing Context,0.2271,Format Ambiguity,0.1790,Conflicting Constraints,0.0753,794,0.068
94377d31d0456bbd3b84bdff9f3f39f4,2,No Smell,0.2846,Vague / Missing Context,0.2271,Format Ambiguity,0.1790,Conflicting Constraints,0.0753,794,0.052
8836698304de740fcacf89a8619bc222,1,Vague / Missing Context,0.4932,No Smell,0.3119,Ambiguous References,0.0718,Formality / Audience Mismatch,0.0362,395,0.617
f9879866fa52379d7061c97bfaa68130,1,No Smell,0.2846,Vague / Missing Context,0.2271,Format Ambiguity,0.1790,Conflicting Constraints,0.0753,794,0.066
2ab23291c9c170b18b709cc603e08fdf,1,No Smell,0.4521,Format Ambiguity,0.1824,Vague / Missing Context,0.1727,Conflicting Constraints,0.0559,830,0.703
cafdaae7fe97fdcadda45f7852d27066,1,No Smell,0.4098,Vague / Missing Context,0.3998,Format Ambiguity,0.0590,Ambiguous References,0.0495,357,0.613
6111efc1df9f0cf295b2b571a831c90d,1,No Smell,0.3797,Vague / Missing Context,0.2315,Format Ambiguity,0.1661,Conflicting Constraints,0.0566,877,0.740
43fadb7346fdaef98e87bdc1f741145e,1,No Smell,0.4098,Vague / Missing Context,0.3998,Format Ambiguity,0.0590,Ambiguous References,0.0495,357,0.072
cc6f164fe603b81c6c186a2ca047b4ba,1,No Smell,0.4181,Vague / Missing Context,0.2296,Format Ambiguity,0.1561,Bias / Loaded Framing,0.0469,878,0.737
994bfec1ebb369936837975fbfadce44,1,No Smell,0.7467,Format Ambiguity,0.1614,Vague / Missing Context,0.0369,Formality / Audience Mismatch,0.0253,33,0.541
83cecb006b8732393651e4750e33f32b,1,No Smell,0.2894,Format Ambiguity,0.1846,Vague / Missing Context,0.1571,Bias / Loaded Framing,0.1306,839,0.768
f3a439b194779cc9f197fd08d2f44d43,1,No Smell,0.6831,Format Ambiguity,0.2062,Vague / Missing Context,0.0496,Formality / Audience Mismatch,0.0274,32,0.542
2200dd17a061b65848b4a8df6e026aec,1,Vague / Missing Context,0.4164,No Smell,0.3974,Format Ambiguity,0.0679,Ambiguous References,0.0574,374,0.617
0fa110b93efa80df302ad6297cf9f666,1,Vague / Missing Context,0.4090,No Smell,0.3897,Format Ambiguity,0.0713,Ambiguous References,0.0587,401,0.623
93d7a0d67eb5440566f0eef711ab178c,1,No Smell,0.5537,Format Ambiguity,0.2595,Vague / Missing Context,0.1052,Conflicting Constraints,0.0310,82,0.063
93d7a0d67eb5440566f0eef711ab178c,2,No Smell,0.4918,Format Ambiguity,0.2937,Vague / Missing Context,0.1223,Conflicting Constraints,0.0349,107,0.541
7338c68017fc4611674c21419afff385,1,No Smell,0.5711,Format Ambiguity,0.2220,Vague / Missing Context,0.1419,Conflicting Constraints,0.0343,80,0.544
7338c68017fc4611674c21419afff385,2,No Smell,0.6485,Format Ambiguity,0.1739,Vague / Missing Context,0.1153,Conflicting Constraints,0.0293,379,0.611
7338c68017fc4611674c21419afff385,3,No Smell,0.5648,Format Ambiguity,0.2123,Vague / Missing Context,0.1473,Conflicting Constraints,0.0246,31,0.542
7338c68017fc4611674c21419afff385,4,No Smell,0.7121,Format Ambiguity,0.1773,Vague / Missing Context,0.0504,Conflicting Constraints,0.0234,32,0.542
7338c68017fc4611674c21419afff385,5,No Smell,0.6617,Format Ambiguity,0.1935,Vague / Missing Context,0.0789,Conflicting Constraints,0.0233,43,0.543
7338c68017fc4611674c21419afff385,6,No Smell,0.6507,Format Ambiguity,0.2093,Vague / Missing Context,0.0726,Formality / Audience Mismatch,0.0226,34,0.542
7338c68017fc4611674c21419afff385,7,No Smell,0.6816,Format Ambiguity,0.2072,Vague / Missing Context,0.0529,Formality / Audience Mismatch,0.0220,35,0.543
7338c68017fc4611674c21419afff385,8,No Smell,0.6738,Format Ambiguity,0.2054,Vague / Missing Context,0.0552,Conflicting Constraints,0.0227,30,0.543
2d0aa2802de7c1b82d3043cee77809b7,1,No Smell,0.4318,Vague / Missing Context,0.2163,Format Ambiguity,0.1540,Bias / Loaded Framing,0.0477,895,0.740
0ec3ed22da39577fa0b6ffa0ec03df11,1,No Smell,0.4075,Vague / Missing Context,0.2296,Format Ambiguity,0.1563,Conflicting Constraints,0.0557,910,0.737
3c8161139f67130d90a2968fe3a8dc1b,1,No Smell,0.6652,Vague / Missing Context,0.1496,Format Ambiguity,0.1450,Formality / Audience Mismatch,0.0184,11,0.532
3c8161139f67130d90a2968fe3a8dc1b,5,No Smell,0.5939,Format Ambiguity,0.1854,Vague / Missing Context,0.1354,Conflicting Constraints,0.0361,46,0.544
3c8161139f67130d90a2968fe3a8dc1b,6,No Smell,0.7435,Format Ambiguity,0.1698,Vague / Missing Context,0.0312,Formality / Audience Mismatch,0.0228,29,0.541
3c8161139f67130d90a2968fe3a8dc1b,7,No Smell,0.5561,Format Ambiguity,0.2325,Vague / Missing Context,0.1316,Formality / Audience Mismatch,0.0343,12,0.530
e9440d1328b46645bd1360105b11f235,1,Vague / Missing Context,0.4654,No Smell,0.3485,Format Ambiguity,0.0870,Ambiguous References,0.0392,416,0.613
c7252fe2b285498b1906178ddcd7a45f,1,No Smell,0.3416,Vague / Missing Context,0.2849,Format Ambiguity,0.1820,Formality / Audience Mismatch,0.0625,171,0.568
895e1c84a2688de62073345bf75eb92d,1,No Smell,0.3975,Vague / Missing Context,0.2315,Format Ambiguity,0.1665,Bias / Loaded Framing,0.0526,938,0.738
caa644fde522e1c06fea6eaa7ac1e0c5,1,No Smell,0.4640,Vague / Missing Context,0.2404,Format Ambiguity,0.1627,Formality / Audience Mismatch,0.0421,86,0.541
839dc6a22f4c5ea838c070639c8aae36,1,No Smell,0.7528,Format Ambiguity,0.1684,Vague / Missing Context,0.0246,Formality / Audience Mismatch,0.0218,37,0.542
d0bee7fc592a8aef82002f96351c30fa,2,No Smell,0.6315,Format Ambiguity,0.2076,Vague / Missing Context,0.1076,Formality / Audience Mismatch,0.0207,53,0.060
b306009088427515e0d6f09ee6e25412,1,No Smell,0.4227,Vague / Missing Context,0.2209,Format Ambiguity,0.1652,Bias / Loaded Framing,0.0456,941,0.733
0f8e8a01893905f1eee096a29836f51b,1,No Smell,0.3316,Vague / Missing Context,0.2213,Conflicting Constraints,0.1152,Bias / Loaded Framing,0.1150,2644,0.986
7e4ef8a45c0ff6c4c0908351a7869b36,1,No Smell,0.3965,Vague / Missing Context,0.2606,Format Ambiguity,0.2009,Conflicting Constraints,0.0400,94,0.545
c96b4a18fde3a9692e477fef7b37b3b4,1,Format Ambiguity,0.4348,No Smell,0.3798,Vague / Missing Context,0.1097,Conflicting Constraints,0.0242,290,0.593
c96b4a18fde3a9692e477fef7b37b3b4,2,Vague / Missing Context,0.3370,No Smell,0.3294,Format Ambiguity,0.2432,Formality / Audience Mismatch,0.0297,32,0.530
c96b4a18fde3a9692e477fef7b37b3b4,3,No Smell,0.5993,Format Ambiguity,0.3037,Vague / Missing Context,0.0419,Formality / Audience Mismatch,0.0223,73,0.541
c96b4a18fde3a9692e477fef7b37b3b4,4,No Smell,0.6180,Format Ambiguity,0.2492,Vague / Missing Context,0.0814,Formality / Audience Mismatch,0.0216,14,0.540
c96b4a18fde3a9692e477fef7b37b3b4,5,Vague / Missing Context,0.5310,No Smell,0.2429,Format Ambiguity,0.1567,Ambiguous References,0.0280,36,0.542
c96b4a18fde3a9692e477fef7b37b3b4,6,No Smell,0.6336,Format Ambiguity,0.2524,Vague / Missing Context,0.0662,Formality / Audience Mismatch,0.0185,68,0.543
0bc589ba07d839dea98d18d249fee0af,1,No Smell,0.4002,Vague / Missing Context,0.2328,Format Ambiguity,0.1699,Conflicting Constraints,0.0513,865,0.738
5345e279f7912746182781843d560500,1,No Smell,0.4368,Vague / Missing Context,0.2227,Format Ambiguity,0.2221,Conflicting Constraints,0.0336,102,0.554
6dd747b46fc60a9d73f5000491665060,1,No Smell,0.6459,Format Ambiguity,0.1977,Vague / Missing Context,0.0579,Conflicting Constraints,0.0284,354,0.639
c2a0e152e6f27cafc5c7150a70c6d9c4,1,No Smell,0.7184,Format Ambiguity,0.0713,Vague / Missing Context,0.0583,Formality / Audience Mismatch,0.0509,1737,0.873
c2a0e152e6f27cafc5c7150a70c6d9c4,2,No Smell,0.2951,Vague / Missing Context,0.2240,Bias / Loaded Framing,0.1564,Ambiguous References,0.1172,3932,1.259
d5f56e4d203ddda87148a297394439f2,1,No Smell,0.3974,Vague / Missing Context,0.2185,Format Ambiguity,0.1816,Conflicting Constraints,0.0518,868,0.741
67d3aa315eff8eb47219027b0aee5d02,1,No Smell,0.3783,Vague / Missing Context,0.2450,Format Ambiguity,0.1651,Conflicting Constraints,0.0507,890,0.735
18e54d69af0b3c73f5a879c8b6184ac7,1,No Smell,0.4490,Vague / Missing Context,0.1870,Format Ambiguity,0.1562,Ambiguous References,0.0635,787,1.439
18e54d69af0b3c73f5a879c8b6184ac7,2,No Smell,0.4464,Vague / Missing Context,0.2227,Format Ambiguity,0.1529,Ambiguous References,0.0486,824,1.486
18e54d69af0b3c73f5a879c8b6184ac7,3,No Smell,0.4464,Vague / Missing Context,0.2227,Format Ambiguity,0.1529,Ambiguous References,0.0486,824,0.058
18e54d69af0b3c73f5a879c8b6184ac7,4,No Smell,0.4464,Vague / Missing Context,0.2227,Format Ambiguity,0.1529,Ambiguous References,0.0486,824,0.053
18e54d69af0b3c73f5a879c8b6184ac7,5,No Smell,0.4403,Vague / Missing Context,0.2119,Format Ambiguity,0.1554,Ambiguous References,0.0569,853,1.485
f43ce58c40834dce23871d892de0f7ce,1,No Smell,0.3964,Vague / Missing Context,0.2426,Format Ambiguity,0.1544,Conflicting Constraints,0.0515,897,0.735
de50c7c69e04bd93c016f628cf135784,1,No Smell,0.6629,Format Ambiguity,0.2087,Vague / Missing Context,0.0589,Conflicting Constraints,0.0243,74,0.557
cf53e31122b606104edb6eec2b96b371,1,No Smell,0.6459,Format Ambiguity,0.1977,Vague / Missing Context,0.0579,Conflicting Constraints,0.0284,354,0.065
8a96dd61a6ed4fdaa39007ebfcdac3c1,1,Vague / Missing Context,0.3112,No Smell,0.2835,Format Ambiguity,0.1734,Bias / Loaded Framing,0.0575,941,0.735
abe48398f1f401e5de6c92f2aeabd796,1,Vague / Missing Context,0.3605,No Smell,0.2833,Format Ambiguity,0.0932,Ambiguous References,0.0926,1181,0.744
abe48398f1f401e5de6c92f2aeabd796,2,Vague / Missing Context,0.3401,No Smell,0.2812,Format Ambiguity,0.0911,Ambiguous References,0.0897,1257,0.773
4de00ad4d1edc0a2df487524d9ae9413,1,No Smell,0.3339,Vague / Missing Context,0.2964,Format Ambiguity,0.1535,Bias / Loaded Framing,0.0566,936,0.744
7350f21f19297fec26038843106c7961,2,No Smell,0.6660,Format Ambiguity,0.2578,Vague / Missing Context,0.0272,Formality / Audience Mismatch,0.0227,18,0.532
7350f21f19297fec26038843106c7961,3,No Smell,0.5794,Format Ambiguity,0.2019,Vague / Missing Context,0.1699,Formality / Audience Mismatch,0.0214,26,0.544
7350f21f19297fec26038843106c7961,5,No Smell,0.5356,Format Ambiguity,0.2370,Vague / Missing Context,0.1683,Formality / Audience Mismatch,0.0224,76,0.545
7350f21f19297fec26038843106c7961,6,No Smell,0.5814,Format Ambiguity,0.2622,Vague / Missing Context,0.0918,Formality / Audience Mismatch,0.0262,34,0.542
4c5a65cb5a7713d72a2115ab3917188b,1,Vague / Missing Context,0.2715,Bias / Loaded Framing,0.2618,No Smell,0.1310,Formality / Audience Mismatch,0.0859,4000,1.258
c931ae034b79ee9939d74882c64acccc,1,Vague / Missing Context,0.4587,No Smell,0.3481,Ambiguous References,0.0668,Format Ambiguity,0.0618,387,0.616
6b336e20cea4da7f4494f43f49e309be,1,No Smell,0.3718,Vague / Missing Context,0.2503,Format Ambiguity,0.1202,Bias / Loaded Framing,0.0806,935,0.738
96c7a98347fdf99084937fb8ec8638e9,1,Vague / Missing Context,0.3198,Bias / Loaded Framing,0.2389,Ambiguous References,0.1309,No Smell,0.0923,4000,1.305
02a8480befdf065e15fba96d5460580e,1,No Smell,0.4655,Vague / Missing Context,0.3570,Format Ambiguity,0.0696,Ambiguous References,0.0354,388,0.625
85a9addc23bb1fa256f3233a0dbe93dc,1,No Smell,0.4117,Format Ambiguity,0.2638,Vague / Missing Context,0.1887,Conflicting Constraints,0.0441,102,0.555
85a9addc23bb1fa256f3233a0dbe93dc,2,No Smell,0.4010,Vague / Missing Context,0.2788,Format Ambiguity,0.1624,Conflicting Constraints,0.0450,113,0.553
85a9addc23bb1fa256f3233a0dbe93dc,3,No Smell,0.3477,Vague / Missing Context,0.2746,Format Ambiguity,0.2149,Conflicting Constraints,0.0428,119,0.555
85a9addc23bb1fa256f3233a0dbe93dc,4,No Smell,0.4152,Vague / Missing Context,0.2210,Format Ambiguity,0.2121,Conflicting Constraints,0.0410,126,0.556
85a9addc23bb1fa256f3233a0dbe93dc,5,No Smell,0.4049,Vague / Missing Context,0.2492,Format Ambiguity,0.2018,Conflicting Constraints,0.0355,133,0.557
01e233f843a2f0d7aa0b8bec741ec660,1,No Smell,0.3638,Vague / Missing Context,0.2719,Format Ambiguity,0.1551,Bias / Loaded Framing,0.0538,959,0.743
aa4f49cce0c773dd139e793a7cea6d06,1,No Smell,0.5542,Vague / Missing Context,0.1518,Format Ambiguity,0.1271,Formality / Audience Mismatch,0.0570,226,0.590
506bf310e1a4fd44405f1476be43738a,1,No Smell,0.3156,Vague / Missing Context,0.2857,Format Ambiguity,0.1435,Bias / Loaded Framing,0.0693,973,0.767
a48183e8f80cb20e89e8afc288cdcb61,1,No Smell,0.2902,Vague / Missing Context,0.2745,Ambiguous References,0.1001,Bias / Loaded Framing,0.0947,4000,1.348
a48183e8f80cb20e89e8afc288cdcb61,2,No Smell,0.5789,Vague / Missing Context,0.2202,Format Ambiguity,0.1296,Formality / Audience Mismatch,0.0355,64,0.545
a48183e8f80cb20e89e8afc288cdcb61,3,No Smell,0.5071,Format Ambiguity,0.1563,Vague / Missing Context,0.0837,Conflicting Constraints,0.0630,481,0.810
a48183e8f80cb20e89e8afc288cdcb61,4,Format Ambiguity,0.3682,No Smell,0.3135,Vague / Missing Context,0.1834,Formality / Audience Mismatch,0.0306,855,0.960
a48183e8f80cb20e89e8afc288cdcb61,5,Vague / Missing Context,0.4002,Format Ambiguity,0.2336,No Smell,0.2334,Ambiguous References,0.0677,111,0.556
a48183e8f80cb20e89e8afc288cdcb61,6,No Smell,0.5783,Format Ambiguity,0.2119,Vague / Missing Context,0.1225,Formality / Audience Mismatch,0.0313,212,0.591
41ba9ca6fd66d12517a2b62451130e7c,1,Vague / Missing Context,0.3137,No Smell,0.2883,Format Ambiguity,0.1389,Bias / Loaded Framing,0.0734,937,0.743
02158d027d07be1d10e7a9462f585438,1,No Smell,0.5542,Vague / Missing Context,0.1518,Format Ambiguity,0.1271,Formality / Audience Mismatch,0.0570,226,0.065
ebc4fb10b0b65dc1569b87e62f910175,1,No Smell,0.6223,Format Ambiguity,0.2490,Vague / Missing Context,0.0512,Conflicting Constraints,0.0271,214,0.569
18f34f00f67b603ef3ef78619102fe55,1,No Smell,0.3383,Vague / Missing Context,0.2570,Format Ambiguity,0.1549,Bias / Loaded Framing,0.0711,945,0.744
7c70c27a76e15191cc4205b93f85b7ec,1,No Smell,0.4521,Vague / Missing Context,0.2687,Format Ambiguity,0.1142,Conflicting Constraints,0.0584,241,0.590
0f7895746147cf5383a494d735e791af,1,No Smell,0.6973,Format Ambiguity,0.1447,Vague / Missing Context,0.0850,Formality / Audience Mismatch,0.0237,233,0.590
4f3a66f8074879b0a8036e50ad288344,1,No Smell,0.4187,Vague / Missing Context,0.3021,Format Ambiguity,0.1308,Conflicting Constraints,0.0463,250,0.591
e63369ce74bffa12e2b1801ca6490f9d,2,No Smell,0.4971,Format Ambiguity,0.2471,Vague / Missing Context,0.1839,Formality / Audience Mismatch,0.0290,24,0.541
b0a5c45228977c4eb86fb29ed015dcca,1,No Smell,0.3454,Vague / Missing Context,0.2536,Format Ambiguity,0.1465,Bias / Loaded Framing,0.0678,945,0.743
df20e1e45b5240b797432c01a8413aaf,4,No Smell,0.6894,Format Ambiguity,0.1756,Vague / Missing Context,0.0617,Formality / Audience Mismatch,0.0309,36,0.568
df20e1e45b5240b797432c01a8413aaf,7,No Smell,0.5765,Format Ambiguity,0.1927,Vague / Missing Context,0.1368,Formality / Audience Mismatch,0.0366,61,0.544
df20e1e45b5240b797432c01a8413aaf,8,No Smell,0.6014,Format Ambiguity,0.2452,Vague / Missing Context,0.0867,Formality / Audience Mismatch,0.0236,85,0.543
df20e1e45b5240b797432c01a8413aaf,9,No Smell,0.6575,Format Ambiguity,0.2399,Vague / Missing Context,0.0431,Conflicting Constraints,0.0249,72,0.541
df20e1e45b5240b797432c01a8413aaf,10,No Smell,0.6412,Format Ambiguity,0.2517,Vague / Missing Context,0.0459,Conflicting Constraints,0.0257,80,0.541
df20e1e45b5240b797432c01a8413aaf,11,No Smell,0.6740,Format Ambiguity,0.2337,Vague / Missing Context,0.0336,Conflicting Constraints,0.0232,100,0.545
df20e1e45b5240b797432c01a8413aaf,12,No Smell,0.6044,Format Ambiguity,0.2301,Vague / Missing Context,0.1024,Conflicting Constraints,0.0228,78,0.542
6027b62b97ca5d2271634b35a09bea10,1,No Smell,0.5542,Vague / Missing Context,0.1518,Format Ambiguity,0.1271,Formality / Audience Mismatch,0.0570,226,0.062
6027b62b97ca5d2271634b35a09bea10,2,No Smell,0.6204,Format Ambiguity,0.1220,Vague / Missing Context,0.1181,Formality / Audience Mismatch,0.0472,189,0.567
9ee22f34b8e028245d09520dee8f3d47,5,No Smell,0.7275,Format Ambiguity,0.1345,Vague / Missing Context,0.0802,Formality / Audience Mismatch,0.0277,52,0.558
9ee22f34b8e028245d09520dee8f3d47,6,No Smell,0.3612,Format Ambiguity,0.2664,Vague / Missing Context,0.2423,Ambiguous References,0.0326,675,0.864
9ee22f34b8e028245d09520dee8f3d47,7,No Smell,0.4285,Vague / Missing Context,0.2719,Format Ambiguity,0.1890,Ambiguous References,0.0385,461,0.774
9ee22f34b8e028245d09520dee8f3d47,8,No Smell,0.7079,Format Ambiguity,0.1931,Vague / Missing Context,0.0558,Formality / Audience Mismatch,0.0201,43,0.543
a774120c80a420cd651221e27f0580f3,1,No Smell,0.6394,Format Ambiguity,0.2235,Vague / Missing Context,0.0637,Formality / Audience Mismatch,0.0211,318,0.592
a774120c80a420cd651221e27f0580f3,2,No Smell,0.4344,Format Ambiguity,0.3438,Vague / Missing Context,0.1512,Formality / Audience Mismatch,0.0288,24,0.531
a774120c80a420cd651221e27f0580f3,3,No Smell,0.4584,Format Ambiguity,0.3887,Vague / Missing Context,0.0821,Conflicting Constraints,0.0255,54,0.542
a774120c80a420cd651221e27f0580f3,4,No Smell,0.7101,Format Ambiguity,0.2215,Vague / Missing Context,0.0225,Formality / Audience Mismatch,0.0188,63,0.542
a774120c80a420cd651221e27f0580f3,5,Vague / Missing Context,0.4095,Format Ambiguity,0.2533,No Smell,0.2297,Formality / Audience Mismatch,0.0321,40,0.541
a774120c80a420cd651221e27f0580f3,6,No Smell,0.6555,Format Ambiguity,0.2292,Vague / Missing Context,0.0549,Formality / Audience Mismatch,0.0250,12,0.530
1ace5af0ce8db0fe90d4295f92edee88,1,No Smell,0.3228,Vague / Missing Context,0.2545,Format Ambiguity,0.1499,Bias / Loaded Framing,0.0771,1029,0.772
a74b975a0e38df9a58ffda0f78d5b2fa,1,No Smell,0.6414,Format Ambiguity,0.1719,Vague / Missing Context,0.0901,Formality / Audience Mismatch,0.0336,234,0.587
6513a7f0bda7493faa3113e44d31ecdb,1,No Smell,0.5542,Vague / Missing Context,0.1518,Format Ambiguity,0.1271,Formality / Audience Mismatch,0.0570,226,0.064
706e26aa11ac6f3005c62032da9d776c,1,Vague / Missing Context,0.5926,No Smell,0.2296,Ambiguous References,0.0703,Format Ambiguity,0.0654,455,0.635
8aeb795ed452e22f35a67be169d51ffe,1,Vague / Missing Context,0.4312,No Smell,0.2815,Format Ambiguity,0.0875,Ambiguous References,0.0790,107,0.544
8aeb795ed452e22f35a67be169d51ffe,2,No Smell,0.4933,Vague / Missing Context,0.2228,Format Ambiguity,0.0915,Bias / Loaded Framing,0.0591,235,0.587
8aeb795ed452e22f35a67be169d51ffe,3,Vague / Missing Context,0.3701,No Smell,0.2748,Format Ambiguity,0.1459,Ambiguous References,0.1196,144,0.557
8aeb795ed452e22f35a67be169d51ffe,4,No Smell,0.3935,Vague / Missing Context,0.3855,Format Ambiguity,0.0865,Ambiguous References,0.0491,98,0.544
30d9e3c43d7533f5e2a421d135885ce6,1,No Smell,0.5204,Format Ambiguity,0.2310,Vague / Missing Context,0.1957,Formality / Audience Mismatch,0.0188,51,0.541
30d9e3c43d7533f5e2a421d135885ce6,2,No Smell,0.4865,Vague / Missing Context,0.2560,Format Ambiguity,0.1891,Formality / Audience Mismatch,0.0238,31,0.540
30d9e3c43d7533f5e2a421d135885ce6,3,No Smell,0.4025,Vague / Missing Context,0.3037,Format Ambiguity,0.2448,Ambiguous References,0.0206,36,0.542
21410778d69dc38e3df31e12cc6d6fe4,1,No Smell,0.3744,Vague / Missing Context,0.2169,Format Ambiguity,0.1438,Bias / Loaded Framing,0.0740,1071,0.775
1a157fdc11e5a82478dada6ca04500c8,1,No Smell,0.6881,Format Ambiguity,0.2092,Vague / Missing Context,0.0528,Formality / Audience Mismatch,0.0213,35,0.541
aa11b1bc2f72a6da7d922508029fb43d,1,No Smell,0.3175,Vague / Missing Context,0.2436,Format Ambiguity,0.1658,Bias / Loaded Framing,0.0751,1081,0.777
93637c3b24a84ddd849e776e805a34ce,1,No Smell,0.6630,Vague / Missing Context,0.0905,Format Ambiguity,0.0860,Conflicting Constraints,0.0561,590,0.664
6a47d41ecb9a33561564f03c0ebcf633,1,No Smell,0.3165,Vague / Missing Context,0.2178,Format Ambiguity,0.1612,Bias / Loaded Framing,0.0832,1112,0.780
202f019da661624edaedeebed9bf6716,1,No Smell,0.6560,Format Ambiguity,0.1152,Vague / Missing Context,0.0757,Conflicting Constraints,0.0603,1697,0.872
b333e993385b28fd88e8f0623fea3776,1,No Smell,0.5813,Format Ambiguity,0.1316,Vague / Missing Context,0.1126,Ambiguous References,0.0546,429,0.637
b333e993385b28fd88e8f0623fea3776,2,No Smell,0.6315,Format Ambiguity,0.2076,Vague / Missing Context,0.1076,Formality / Audience Mismatch,0.0207,53,0.062
b333e993385b28fd88e8f0623fea3776,3,No Smell,0.5084,Format Ambiguity,0.3094,Vague / Missing Context,0.1143,Formality / Audience Mismatch,0.0250,14,0.529
b333e993385b28fd88e8f0623fea3776,4,No Smell,0.4192,Vague / Missing Context,0.2794,Format Ambiguity,0.1307,Ambiguous References,0.0833,100,0.553
d43e518bb39fd5485f387d7525b9aedb,1,No Smell,0.4091,Vague / Missing Context,0.3980,Format Ambiguity,0.0730,Ambiguous References,0.0620,390,0.614
9b008d7c2d7014992836c9a20bb40a51,1,No Smell,0.8071,Format Ambiguity,0.1059,Vague / Missing Context,0.0414,Conflicting Constraints,0.0191,81,0.543
9b008d7c2d7014992836c9a20bb40a51,2,No Smell,0.7209,Format Ambiguity,0.2136,Formality / Audience Mismatch,0.0175,Vague / Missing Context,0.0174,72,0.543
bedc267123b0634da61cbd9d42d8e823,2,No Smell,0.7366,Format Ambiguity,0.1766,Vague / Missing Context,0.0392,Formality / Audience Mismatch,0.0190,22,0.531
bedc267123b0634da61cbd9d42d8e823,3,No Smell,0.6153,Vague / Missing Context,0.1813,Format Ambiguity,0.1367,Formality / Audience Mismatch,0.0266,25,0.532
bedc267123b0634da61cbd9d42d8e823,4,No Smell,0.7163,Format Ambiguity,0.1622,Vague / Missing Context,0.0644,Formality / Audience Mismatch,0.0223,34,0.531
bedc267123b0634da61cbd9d42d8e823,5,No Smell,0.7257,Format Ambiguity,0.2066,Vague / Missing Context,0.0232,Formality / Audience Mismatch,0.0204,10,0.530
c3cd8dfbb5a56a3984b7dc076c5632af,1,Vague / Missing Context,0.4394,No Smell,0.3241,Format Ambiguity,0.0977,Ambiguous References,0.0394,56,0.542
3f97330020c28742ba9959f6fc8ffe16,1,Vague / Missing Context,0.2921,Bias / Loaded Framing,0.2780,Ambiguous References,0.0986,No Smell,0.0982,4000,1.256
47fc7b25d3f2563d0e131224123b6a65,1,No Smell,0.5272,Vague / Missing Context,0.1616,Format Ambiguity,0.1239,Conflicting Constraints,0.0542,473,0.641
bfb142974f5e0ade51d751fbc932fa93,1,No Smell,0.7491,Format Ambiguity,0.0967,Vague / Missing Context,0.0601,Formality / Audience Mismatch,0.0314,367,0.615
bfb142974f5e0ade51d751fbc932fa93,2,No Smell,0.6209,Format Ambiguity,0.2541,Vague / Missing Context,0.0610,Conflicting Constraints,0.0249,155,0.569
00db9a5f40cc2a5fd9612223bc0dedc2,1,No Smell,0.3031,Vague / Missing Context,0.2359,Format Ambiguity,0.1645,Bias / Loaded Framing,0.0835,1141,0.782
00db9a5f40cc2a5fd9612223bc0dedc2,2,No Smell,0.3747,Vague / Missing Context,0.3191,Format Ambiguity,0.1931,Formality / Audience Mismatch,0.0255,84,0.545
4b98b0da33b2bbcad08fcb4b2aa12841,2,No Smell,0.5833,Format Ambiguity,0.2123,Vague / Missing Context,0.1452,Formality / Audience Mismatch,0.0245,35,0.543
7f99f50f234a26f390f5057047cc6c1f,1,No Smell,0.5447,Vague / Missing Context,0.1401,Format Ambiguity,0.1271,Formality / Audience Mismatch,0.0548,486,0.640
d8a11a5c085d2deab19e4f75ee9268ea,1,No Smell,0.4915,Vague / Missing Context,0.2195,Format Ambiguity,0.1223,Ambiguous References,0.0547,558,0.661
17d4199527e203102f6d99f8d9ba5632,1,No Smell,0.2814,Vague / Missing Context,0.2609,Format Ambiguity,0.1545,Bias / Loaded Framing,0.0876,1144,0.783
c681bdf9a5756237807f8d74db2ab341,1,No Smell,0.5062,Vague / Missing Context,0.2251,Format Ambiguity,0.1134,Ambiguous References,0.0472,557,0.669
d2ff2c1c4cb1bdc4e1d73d8c1a96008b,1,No Smell,0.2827,Vague / Missing Context,0.2452,Format Ambiguity,0.1482,Bias / Loaded Framing,0.0929,1153,0.784
fd956cb72159534bdfbcaf812cf2036c,1,No Smell,0.3800,Vague / Missing Context,0.2347,Format Ambiguity,0.1551,Ambiguous References,0.0655,1522,0.899
fd956cb72159534bdfbcaf812cf2036c,3,No Smell,0.4632,Vague / Missing Context,0.2742,Format Ambiguity,0.1135,Ambiguous References,0.1073,148,0.590
fd956cb72159534bdfbcaf812cf2036c,5,No Smell,0.6126,Format Ambiguity,0.1815,Vague / Missing Context,0.1646,Formality / Audience Mismatch,0.0188,12,0.533
fd956cb72159534bdfbcaf812cf2036c,6,No Smell,0.5522,Format Ambiguity,0.2772,Vague / Missing Context,0.1108,Formality / Audience Mismatch,0.0250,46,0.543
fd956cb72159534bdfbcaf812cf2036c,7,No Smell,0.4832,Vague / Missing Context,0.3622,Format Ambiguity,0.1031,Ambiguous References,0.0275,62,0.544
fd956cb72159534bdfbcaf812cf2036c,8,Vague / Missing Context,0.5926,Ambiguous References,0.1624,No Smell,0.1424,Format Ambiguity,0.0408,247,0.590
69e0033401b9831505b145179166f9f9,1,No Smell,0.7491,Format Ambiguity,0.0967,Vague / Missing Context,0.0601,Formality / Audience Mismatch,0.0314,367,0.065
69e0033401b9831505b145179166f9f9,2,No Smell,0.6209,Format Ambiguity,0.2541,Vague / Missing Context,0.0610,Conflicting Constraints,0.0249,155,0.060
69e0033401b9831505b145179166f9f9,3,No Smell,0.7074,Format Ambiguity,0.1056,Vague / Missing Context,0.0833,Formality / Audience Mismatch,0.0342,384,0.613
69e0033401b9831505b145179166f9f9,4,No Smell,0.6211,Format Ambiguity,0.2524,Vague / Missing Context,0.0601,Conflicting Constraints,0.0268,154,0.567
69e0033401b9831505b145179166f9f9,5,No Smell,0.7616,Format Ambiguity,0.0967,Vague / Missing Context,0.0551,Formality / Audience Mismatch,0.0302,399,0.614
69e0033401b9831505b145179166f9f9,6,No Smell,0.6211,Format Ambiguity,0.2524,Vague / Missing Context,0.0601,Conflicting Constraints,0.0268,154,0.060
69e0033401b9831505b145179166f9f9,7,No Smell,0.7205,Format Ambiguity,0.1190,Vague / Missing Context,0.0851,Formality / Audience Mismatch,0.0235,430,0.612
69e0033401b9831505b145179166f9f9,8,No Smell,0.6211,Format Ambiguity,0.2524,Vague / Missing Context,0.0601,Conflicting Constraints,0.0268,154,0.062
69e0033401b9831505b145179166f9f9,9,No Smell,0.7134,Format Ambiguity,0.1232,Vague / Missing Context,0.0701,Formality / Audience Mismatch,0.0302,392,0.612
69e0033401b9831505b145179166f9f9,10,No Smell,0.6211,Format Ambiguity,0.2524,Vague / Missing Context,0.0601,Conflicting Constraints,0.0268,154,0.063
b6026964e51e95dd21ca6994fef1755d,1,No Smell,0.2999,Vague / Missing Context,0.2384,Format Ambiguity,0.1741,Bias / Loaded Framing,0.0878,1157,0.778
322841ebf9b4d98683a96d893f90c305,1,No Smell,0.2980,Vague / Missing Context,0.2477,Format Ambiguity,0.1583,Bias / Loaded Framing,0.0814,1216,0.817
1b812b451b011ae2056f8b0a42ee0d39,1,No Smell,0.7722,Format Ambiguity,0.1092,Vague / Missing Context,0.0710,Formality / Audience Mismatch,0.0247,104,0.545
bfab086b2a5e3058554fb877f358d4da,1,No Smell,0.7227,Format Ambiguity,0.1648,Vague / Missing Context,0.0677,Formality / Audience Mismatch,0.0185,24,0.571
8de087440b99154a3f5db9fbdf770839,1,No Smell,0.3321,Vague / Missing Context,0.2299,Format Ambiguity,0.1488,Bias / Loaded Framing,0.0774,1271,0.812
10ac8a4a8d50ff9e8d5203246936c997,1,No Smell,0.5542,Vague / Missing Context,0.1518,Format Ambiguity,0.1271,Formality / Audience Mismatch,0.0570,226,0.065
56120c9355cdc166119609539326ce23,3,Vague / Missing Context,0.5310,No Smell,0.2453,Format Ambiguity,0.1165,Ambiguous References,0.0425,56,0.542
83e33fcb1546f4b611d9cd596652c2dc,1,No Smell,0.6565,Format Ambiguity,0.2098,Vague / Missing Context,0.0715,Formality / Audience Mismatch,0.0227,70,0.542
83e33fcb1546f4b611d9cd596652c2dc,2,No Smell,0.5664,Vague / Missing Context,0.2002,Format Ambiguity,0.1436,Formality / Audience Mismatch,0.0311,60,0.542
83e33fcb1546f4b611d9cd596652c2dc,4,No Smell,0.6257,Vague / Missing Context,0.1602,Format Ambiguity,0.1317,Formality / Audience Mismatch,0.0274,87,0.554
83e33fcb1546f4b611d9cd596652c2dc,5,No Smell,0.6740,Format Ambiguity,0.1377,Vague / Missing Context,0.1209,Conflicting Constraints,0.0251,102,0.554
83e33fcb1546f4b611d9cd596652c2dc,9,No Smell,0.7460,Format Ambiguity,0.1259,Vague / Missing Context,0.0601,Formality / Audience Mismatch,0.0311,21,0.542
83e33fcb1546f4b611d9cd596652c2dc,10,No Smell,0.4628,Format Ambiguity,0.2382,Vague / Missing Context,0.2078,Formality / Audience Mismatch,0.0286,38,0.541
83e33fcb1546f4b611d9cd596652c2dc,11,No Smell,0.4506,Vague / Missing Context,0.2469,Format Ambiguity,0.2009,Ambiguous References,0.0426,50,0.540
cb92b02825eb060f93800999f90cf824,4,No Smell,0.6825,Format Ambiguity,0.2614,Vague / Missing Context,0.0210,Formality / Audience Mismatch,0.0146,26,0.540
0e883fb4f2df2ec9d17574db5e3eb092,1,No Smell,0.7722,Format Ambiguity,0.1092,Vague / Missing Context,0.0710,Formality / Audience Mismatch,0.0247,104,0.062
0e883fb4f2df2ec9d17574db5e3eb092,2,No Smell,0.6588,Format Ambiguity,0.2501,Vague / Missing Context,0.0457,Formality / Audience Mismatch,0.0177,76,0.541
0e883fb4f2df2ec9d17574db5e3eb092,3,No Smell,0.6109,Format Ambiguity,0.2897,Vague / Missing Context,0.0473,Formality / Audience Mismatch,0.0172,108,0.568
0e883fb4f2df2ec9d17574db5e3eb092,4,No Smell,0.4415,Format Ambiguity,0.2709,Vague / Missing Context,0.2207,Formality / Audience Mismatch,0.0214,85,0.543
0e883fb4f2df2ec9d17574db5e3eb092,5,No Smell,0.6815,Format Ambiguity,0.1412,Vague / Missing Context,0.1009,Formality / Audience Mismatch,0.0377,87,0.541
2b91a865a3e3e49ac527def1c6b07c89,1,No Smell,0.5305,Vague / Missing Context,0.2169,Format Ambiguity,0.0798,Formality / Audience Mismatch,0.0589,232,0.566
2b91a865a3e3e49ac527def1c6b07c89,2,No Smell,0.4175,Vague / Missing Context,0.2362,Format Ambiguity,0.1474,Ambiguous References,0.0593,256,0.589
7a18696a6fb5eb650c793b241886d62e,1,No Smell,0.3390,Vague / Missing Context,0.2505,Format Ambiguity,0.1316,Bias / Loaded Framing,0.0812,1269,0.822
7a18696a6fb5eb650c793b241886d62e,2,No Smell,0.4391,Vague / Missing Context,0.2408,Format Ambiguity,0.1670,Conflicting Constraints,0.0364,82,0.543
7a18696a6fb5eb650c793b241886d62e,3,Vague / Missing Context,0.2726,No Smell,0.2331,Format Ambiguity,0.2286,Ambiguous References,0.2013,102,0.557
ae581564861164c84276d2566b8e80c5,1,No Smell,0.5737,Vague / Missing Context,0.1423,Format Ambiguity,0.1111,Ambiguous References,0.0589,443,0.638
ae581564861164c84276d2566b8e80c5,2,No Smell,0.6315,Format Ambiguity,0.2076,Vague / Missing Context,0.1076,Formality / Audience Mismatch,0.0207,53,0.062
ae581564861164c84276d2566b8e80c5,3,No Smell,0.4627,Format Ambiguity,0.1981,Vague / Missing Context,0.1654,Ambiguous References,0.0593,228,0.585
ae581564861164c84276d2566b8e80c5,5,No Smell,0.4278,Vague / Missing Context,0.2145,Format Ambiguity,0.1577,Conflicting Constraints,0.0498,383,0.612
b5ec2003f317b16f2d03b6d86466235a,1,No Smell,0.4946,Format Ambiguity,0.2324,Vague / Missing Context,0.0793,Conflicting Constraints,0.0564,3228,1.212
b5ec2003f317b16f2d03b6d86466235a,2,Vague / Missing Context,0.4545,No Smell,0.3730,Format Ambiguity,0.0552,Formality / Audience Mismatch,0.0481,45,0.546
b5ec2003f317b16f2d03b6d86466235a,3,No Smell,0.7357,Format Ambiguity,0.1949,Vague / Missing Context,0.0315,Formality / Audience Mismatch,0.0177,19,0.533
b5ec2003f317b16f2d03b6d86466235a,4,Vague / Missing Context,0.3931,No Smell,0.3008,Format Ambiguity,0.1417,Ambiguous References,0.1142,118,0.570
b5ec2003f317b16f2d03b6d86466235a,5,Vague / Missing Context,0.4532,No Smell,0.2972,Format Ambiguity,0.0980,Ambiguous References,0.0924,137,0.570
b5ec2003f317b16f2d03b6d86466235a,6,Vague / Missing Context,0.3467,No Smell,0.2335,Format Ambiguity,0.2234,Ambiguous References,0.0884,206,0.588
b5ec2003f317b16f2d03b6d86466235a,7,Vague / Missing Context,0.5164,No Smell,0.2177,Ambiguous References,0.1161,Format Ambiguity,0.0947,122,0.556
b5ec2003f317b16f2d03b6d86466235a,8,Vague / Missing Context,0.3556,No Smell,0.1690,Ambiguous References,0.1570,Format Ambiguity,0.0906,898,0.858
b5ec2003f317b16f2d03b6d86466235a,9,Vague / Missing Context,0.4994,No Smell,0.2437,Format Ambiguity,0.1202,Ambiguous References,0.0901,130,0.556
b5ec2003f317b16f2d03b6d86466235a,10,Vague / Missing Context,0.4908,No Smell,0.3390,Format Ambiguity,0.0924,Ambiguous References,0.0382,108,0.546
b5ec2003f317b16f2d03b6d86466235a,11,No Smell,0.4726,Vague / Missing Context,0.2410,Format Ambiguity,0.1751,Ambiguous References,0.0319,192,0.590
f3edcfed607a8c20110c78f81b56ffaf,1,No Smell,0.7152,Format Ambiguity,0.1105,Formality / Audience Mismatch,0.0720,Vague / Missing Context,0.0414,123,0.588
f3edcfed607a8c20110c78f81b56ffaf,2,No Smell,0.7305,Format Ambiguity,0.0928,Formality / Audience Mismatch,0.0615,Vague / Missing Context,0.0470,136,0.570
f3edcfed607a8c20110c78f81b56ffaf,3,No Smell,0.5653,Format Ambiguity,0.2144,Vague / Missing Context,0.0945,Formality / Audience Mismatch,0.0602,154,0.569
f3edcfed607a8c20110c78f81b56ffaf,4,No Smell,0.3920,Vague / Missing Context,0.2972,Format Ambiguity,0.2262,Ambiguous References,0.0275,32,0.544
f3edcfed607a8c20110c78f81b56ffaf,5,No Smell,0.6952,Format Ambiguity,0.1224,Formality / Audience Mismatch,0.0681,Vague / Missing Context,0.0571,87,0.555
0da5c7c86f9f07cc23e0b48d74df4285,1,Vague / Missing Context,0.6235,Ambiguous References,0.1974,No Smell,0.0484,Bias / Loaded Framing,0.0449,403,0.637
8685dd9bdc07f9b413aee1e28b58f6a1,1,No Smell,0.2958,Vague / Missing Context,0.2542,Format Ambiguity,0.1568,Bias / Loaded Framing,0.0794,1286,0.822
b7ba0287902f4408b149b1c74caf45ef,1,Vague / Missing Context,0.6436,Ambiguous References,0.1578,Bias / Loaded Framing,0.0538,No Smell,0.0514,416,0.640
629ecd3931b147fba513b5763c1b0efc,1,No Smell,0.4848,Vague / Missing Context,0.2028,Format Ambiguity,0.1753,Conflicting Constraints,0.0389,43,0.544
629ecd3931b147fba513b5763c1b0efc,2,No Smell,0.4817,Format Ambiguity,0.2030,Vague / Missing Context,0.1662,Ambiguous References,0.0593,40,0.543
8165171e2f2f2cbd4602bd1e81746d26,1,No Smell,0.3763,Vague / Missing Context,0.2105,Format Ambiguity,0.1498,Bias / Loaded Framing,0.0733,1244,0.815
196c3762060e725b1389f2054bda0168,1,No Smell,0.5072,Vague / Missing Context,0.1472,Format Ambiguity,0.1453,Formality / Audience Mismatch,0.0826,402,0.594
0ef652b2b91d541f76a6766dd1018ebb,1,No Smell,0.7722,Format Ambiguity,0.1092,Vague / Missing Context,0.0710,Formality / Audience Mismatch,0.0247,104,0.064
0ef652b2b91d541f76a6766dd1018ebb,2,No Smell,0.6588,Format Ambiguity,0.2501,Vague / Missing Context,0.0457,Formality / Audience Mismatch,0.0177,76,0.059
0ef652b2b91d541f76a6766dd1018ebb,3,No Smell,0.6109,Format Ambiguity,0.2897,Vague / Missing Context,0.0473,Formality / Audience Mismatch,0.0172,108,0.062
0ef652b2b91d541f76a6766dd1018ebb,4,No Smell,0.4415,Format Ambiguity,0.2709,Vague / Missing Context,0.2207,Formality / Audience Mismatch,0.0214,85,0.060
0ef652b2b91d541f76a6766dd1018ebb,5,No Smell,0.6815,Format Ambiguity,0.1412,Vague / Missing Context,0.1009,Formality / Audience Mismatch,0.0377,87,0.061
0ef652b2b91d541f76a6766dd1018ebb,6,No Smell,0.4398,Vague / Missing Context,0.3662,Format Ambiguity,0.1429,Ambiguous References,0.0177,116,0.541
0ef652b2b91d541f76a6766dd1018ebb,7,No Smell,0.5266,Vague / Missing Context,0.2574,Format Ambiguity,0.1534,Conflicting Constraints,0.0195,96,0.555
0ef652b2b91d541f76a6766dd1018ebb,8,No Smell,0.4153,Vague / Missing Context,0.3936,Format Ambiguity,0.1454,Formality / Audience Mismatch,0.0150,89,0.543
0ef652b2b91d541f76a6766dd1018ebb,9,No Smell,0.6567,Format Ambiguity,0.1979,Vague / Missing Context,0.0943,Conflicting Constraints,0.0197,108,0.555
0ef652b2b91d541f76a6766dd1018ebb,10,No Smell,0.4765,Format Ambiguity,0.2166,Vague / Missing Context,0.1738,Ambiguous References,0.0759,127,0.555
8f4236ed1aab8e4b373e154883f960f1,1,Vague / Missing Context,0.6034,Ambiguous References,0.1542,No Smell,0.0690,Bias / Loaded Framing,0.0498,636,0.701
d374993fd792fb354ff8e2c2a0c2ec7e,1,Vague / Missing Context,0.6034,Ambiguous References,0.1542,No Smell,0.0690,Bias / Loaded Framing,0.0498,636,0.053
3a9fd4eb9504b6af1b20398bad1eb26d,1,No Smell,0.7722,Format Ambiguity,0.1092,Vague / Missing Context,0.0710,Formality / Audience Mismatch,0.0247,104,0.061
3a9fd4eb9504b6af1b20398bad1eb26d,2,No Smell,0.6588,Format Ambiguity,0.2501,Vague / Missing Context,0.0457,Formality / Audience Mismatch,0.0177,76,0.063
3a9fd4eb9504b6af1b20398bad1eb26d,3,No Smell,0.6109,Format Ambiguity,0.2897,Vague / Missing Context,0.0473,Formality / Audience Mismatch,0.0172,108,0.059
3a9fd4eb9504b6af1b20398bad1eb26d,4,No Smell,0.4415,Format Ambiguity,0.2709,Vague / Missing Context,0.2207,Formality / Audience Mismatch,0.0214,85,0.061
3a9fd4eb9504b6af1b20398bad1eb26d,5,No Smell,0.6815,Format Ambiguity,0.1412,Vague / Missing Context,0.1009,Formality / Audience Mismatch,0.0377,87,0.060
3a9fd4eb9504b6af1b20398bad1eb26d,6,No Smell,0.4398,Vague / Missing Context,0.3662,Format Ambiguity,0.1429,Ambiguous References,0.0177,116,0.061
3a9fd4eb9504b6af1b20398bad1eb26d,7,No Smell,0.5266,Vague / Missing Context,0.2574,Format Ambiguity,0.1534,Conflicting Constraints,0.0195,96,0.060
3a9fd4eb9504b6af1b20398bad1eb26d,8,No Smell,0.4153,Vague / Missing Context,0.3936,Format Ambiguity,0.1454,Formality / Audience Mismatch,0.0150,89,0.060
3a9fd4eb9504b6af1b20398bad1eb26d,9,No Smell,0.6567,Format Ambiguity,0.1979,Vague / Missing Context,0.0943,Conflicting Constraints,0.0197,108,0.059
3a9fd4eb9504b6af1b20398bad1eb26d,10,No Smell,0.4765,Format Ambiguity,0.2166,Vague / Missing Context,0.1738,Ambiguous References,0.0759,127,0.062
3a9fd4eb9504b6af1b20398bad1eb26d,11,No Smell,0.6109,Format Ambiguity,0.2897,Vague / Missing Context,0.0473,Formality / Audience Mismatch,0.0172,108,0.059
91c6f1d75d98c66cea4f57db9b8131e2,1,Vague / Missing Context,0.5635,Ambiguous References,0.1214,No Smell,0.1070,Bias / Loaded Framing,0.0568,677,0.708
6b503946dbd875ad424a527196928d31,1,No Smell,0.4272,Vague / Missing Context,0.1883,Format Ambiguity,0.1485,Bias / Loaded Framing,0.0671,1276,0.819
dac490293fe1fd42d97b96d5432d80e9,1,Vague / Missing Context,0.4497,No Smell,0.1690,Ambiguous References,0.1165,Conflicting Constraints,0.0585,722,0.739
20978fb106a5aad897f8783f9e3aa63a,1,No Smell,0.4506,Vague / Missing Context,0.2469,Format Ambiguity,0.2009,Ambiguous References,0.0426,50,0.062
20978fb106a5aad897f8783f9e3aa63a,2,No Smell,0.4716,Format Ambiguity,0.2237,Vague / Missing Context,0.2131,Formality / Audience Mismatch,0.0261,51,0.542
20978fb106a5aad897f8783f9e3aa63a,3,No Smell,0.4810,Format Ambiguity,0.2169,Vague / Missing Context,0.2131,Formality / Audience Mismatch,0.0282,51,0.542
20978fb106a5aad897f8783f9e3aa63a,4,No Smell,0.4335,Format Ambiguity,0.2403,Vague / Missing Context,0.2320,Ambiguous References,0.0330,50,0.543
20978fb106a5aad897f8783f9e3aa63a,5,No Smell,0.4131,Vague / Missing Context,0.2734,Format Ambiguity,0.2008,Ambiguous References,0.0542,57,0.543
20978fb106a5aad897f8783f9e3aa63a,6,No Smell,0.4023,Vague / Missing Context,0.2971,Format Ambiguity,0.1619,Ambiguous References,0.0726,69,0.542
20978fb106a5aad897f8783f9e3aa63a,7,No Smell,0.4678,Vague / Missing Context,0.2383,Format Ambiguity,0.1561,Ambiguous References,0.0603,71,0.544
20978fb106a5aad897f8783f9e3aa63a,8,No Smell,0.4083,Vague / Missing Context,0.2829,Format Ambiguity,0.1695,Ambiguous References,0.0663,70,0.544
20978fb106a5aad897f8783f9e3aa63a,9,No Smell,0.3279,Vague / Missing Context,0.2773,Format Ambiguity,0.1661,Ambiguous References,0.1208,149,0.558
20978fb106a5aad897f8783f9e3aa63a,10,Vague / Missing Context,0.2909,No Smell,0.2816,Format Ambiguity,0.1623,Ambiguous References,0.1559,163,0.567
20978fb106a5aad897f8783f9e3aa63a,11,No Smell,0.3172,Vague / Missing Context,0.3163,Format Ambiguity,0.1639,Ambiguous References,0.0968,207,0.568
20978fb106a5aad897f8783f9e3aa63a,13,No Smell,0.3292,Vague / Missing Context,0.2883,Format Ambiguity,0.1781,Ambiguous References,0.0902,204,0.570
20978fb106a5aad897f8783f9e3aa63a,14,Vague / Missing Context,0.3950,No Smell,0.3608,Format Ambiguity,0.0937,Ambiguous References,0.0802,45,0.542
afbe6a0e6c3d98fd358ba50226482949,1,No Smell,0.3896,Vague / Missing Context,0.2174,Format Ambiguity,0.1358,Bias / Loaded Framing,0.0697,1299,0.815
fc1de9d97a9f577b5608caaf80782e83,1,No Smell,0.5737,Vague / Missing Context,0.1423,Format Ambiguity,0.1111,Ambiguous References,0.0589,443,0.067
fc1de9d97a9f577b5608caaf80782e83,2,No Smell,0.6315,Format Ambiguity,0.2076,Vague / Missing Context,0.1076,Formality / Audience Mismatch,0.0207,53,0.062
fc1de9d97a9f577b5608caaf80782e83,3,No Smell,0.5084,Format Ambiguity,0.3094,Vague / Missing Context,0.1143,Formality / Audience Mismatch,0.0250,14,0.061
fc1de9d97a9f577b5608caaf80782e83,4,No Smell,0.3604,Vague / Missing Context,0.2907,Format Ambiguity,0.1603,Ambiguous References,0.0953,204,0.565
a7e7b20477362ebbdabe67f82c8bb085,1,Vague / Missing Context,0.4876,No Smell,0.1527,Ambiguous References,0.1106,Format Ambiguity,0.0672,806,0.741
6069a5acc7da5490a43d2b943df15b40,1,No Smell,0.4568,Vague / Missing Context,0.2924,Format Ambiguity,0.1621,Ambiguous References,0.0329,82,0.545
6069a5acc7da5490a43d2b943df15b40,2,No Smell,0.4050,Vague / Missing Context,0.2947,Format Ambiguity,0.2235,Formality / Audience Mismatch,0.0277,15,0.533
9049cf839a7fa2ba018a003f76db5ce1,1,No Smell,0.6123,Format Ambiguity,0.1441,Vague / Missing Context,0.0857,Formality / Audience Mismatch,0.0693,45,0.542
b34e2b5759b2ba7fa05e119698bd3e5f,1,No Smell,0.3157,Vague / Missing Context,0.2649,Format Ambiguity,0.1304,Bias / Loaded Framing,0.0826,1307,0.817
d0bfd4d640db9aff74114e47eed7e905,1,Vague / Missing Context,0.4984,No Smell,0.1349,Ambiguous References,0.1257,Format Ambiguity,0.0611,809,0.744
4e81046b9389a55e3ffab95a392a2a78,1,No Smell,0.4152,Vague / Missing Context,0.1956,Format Ambiguity,0.1543,Bias / Loaded Framing,0.0657,1279,0.816
bf564d00b073f98c625255af9045f46e,1,No Smell,0.2371,Vague / Missing Context,0.2344,Format Ambiguity,0.1518,Ambiguous References,0.1329,4000,1.694
95bb4f130339c90459328335710896b3,1,No Smell,0.2371,Vague / Missing Context,0.2344,Format Ambiguity,0.1518,Ambiguous References,0.1329,4000,0.080
b0be4e67bc50dc87764d766ee7026740,1,No Smell,0.5737,Vague / Missing Context,0.1423,Format Ambiguity,0.1111,Ambiguous References,0.0589,443,0.066
b9bfe2b458c46f9f55d56923ad465091,1,No Smell,0.5695,Format Ambiguity,0.1284,Vague / Missing Context,0.1205,Formality / Audience Mismatch,0.0867,169,0.559
007786617f02698f844076a803c559e5,1,No Smell,0.2371,Vague / Missing Context,0.2344,Format Ambiguity,0.1518,Ambiguous References,0.1329,4000,0.096
c6bc7b393330941ac74c6d3ff4919373,1,Vague / Missing Context,0.4204,No Smell,0.1901,Format Ambiguity,0.0936,Ambiguous References,0.0896,924,0.772
54478b8b3715d5671fecdd4a8f9209a3,1,No Smell,0.2371,Vague / Missing Context,0.2344,Format Ambiguity,0.1518,Ambiguous References,0.1329,4000,0.097
09873e50c440c60b5937fbfa4be5790a,1,Vague / Missing Context,0.4204,No Smell,0.1901,Format Ambiguity,0.0936,Ambiguous References,0.0896,924,0.068
fea1eed332dd5ca892478174d4f5b631,1,No Smell,0.4262,Vague / Missing Context,0.2014,Format Ambiguity,0.1266,Bias / Loaded Framing,0.0644,1278,0.819
fea1eed332dd5ca892478174d4f5b631,2,No Smell,0.4472,Vague / Missing Context,0.2241,Format Ambiguity,0.1615,Conflicting Constraints,0.0427,84,0.544
251f118e2953906143a1c68978fa087c,1,No Smell,0.5737,Vague / Missing Context,0.1423,Format Ambiguity,0.1111,Ambiguous References,0.0589,443,0.067
251f118e2953906143a1c68978fa087c,2,No Smell,0.6315,Format Ambiguity,0.2076,Vague / Missing Context,0.1076,Formality / Audience Mismatch,0.0207,53,0.060
a6978f918d1666b3d7a8337492d65e7f,1,Vague / Missing Context,0.4324,No Smell,0.1761,Ambiguous References,0.0973,Format Ambiguity,0.0859,973,0.774
5e9e27268ce5a4ac4ddec0c91a6ff683,1,No Smell,0.2371,Vague / Missing Context,0.2344,Format Ambiguity,0.1518,Ambiguous References,0.1329,4000,0.096
3afd79d5455c41951017ba6028f6044a,1,Vague / Missing Context,0.4324,No Smell,0.1761,Ambiguous References,0.0973,Format Ambiguity,0.0859,973,0.069
9f1e06ef3e65ce91b649026f75112ed3,1,No Smell,0.2794,Vague / Missing Context,0.2650,Format Ambiguity,0.1560,Bias / Loaded Framing,0.0787,1263,0.817
9f1e06ef3e65ce91b649026f75112ed3,2,No Smell,0.4012,Vague / Missing Context,0.2896,Format Ambiguity,0.1432,Ambiguous References,0.0472,86,0.551
ebaa71ae289b552414c2e72105510ad6,1,No Smell,0.2371,Vague / Missing Context,0.2344,Format Ambiguity,0.1518,Ambiguous References,0.1329,4000,0.094
2c467973737f8e31c777840e260f5971,1,No Smell,0.2371,Vague / Missing Context,0.2344,Format Ambiguity,0.1518,Ambiguous References,0.1329,4000,0.073
9087eb73c16839f623ac457bab66fe93,1,Vague / Missing Context,0.4015,No Smell,0.1938,Ambiguous References,0.0977,Format Ambiguity,0.0901,1036,0.777
114df681026fd9cc19d70edbba93ce85,1,Vague / Missing Context,0.4015,No Smell,0.1938,Ambiguous References,0.0977,Format Ambiguity,0.0901,1036,0.056
1fa1464324628892585cc6992419c9e3,1,No Smell,0.2976,Vague / Missing Context,0.2636,Format Ambiguity,0.1422,Bias / Loaded Framing,0.0780,1290,0.813
20fb8e464b75e2af6a41925e76d8888b,1,Vague / Missing Context,0.4015,No Smell,0.1938,Ambiguous References,0.0977,Format Ambiguity,0.0901,1036,0.069
d177b5f8a51321eae48f058fbeb7a49e,1,Vague / Missing Context,0.3944,No Smell,0.1965,Format Ambiguity,0.0998,Ambiguous References,0.0894,938,0.766
e3c1e8867ae5b7921b4a67465cc954fb,1,No Smell,0.3124,Vague / Missing Context,0.2534,Format Ambiguity,0.1526,Bias / Loaded Framing,0.0728,1186,0.779
57730e8214728c70b3a9436085349f54,1,Vague / Missing Context,0.3944,No Smell,0.1965,Format Ambiguity,0.0998,Ambiguous References,0.0894,938,0.069
789690ea337f18561fd3412826dd6ec3,1,No Smell,0.6753,Format Ambiguity,0.2369,Vague / Missing Context,0.0464,Formality / Audience Mismatch,0.0163,31,0.541
11a5e7e0162df32b66339191dbe0b473,1,No Smell,0.6090,Vague / Missing Context,0.1609,Format Ambiguity,0.1146,Formality / Audience Mismatch,0.0322,110,0.560
11a5e7e0162df32b66339191dbe0b473,8,No Smell,0.7464,Format Ambiguity,0.1647,Conflicting Constraints,0.0267,Formality / Audience Mismatch,0.0245,147,0.556
4732d4b9c08cf47b676377db3b4edcd6,1,No Smell,0.5410,Vague / Missing Context,0.1678,Format Ambiguity,0.0947,Ambiguous References,0.0543,1378,0.815
4732d4b9c08cf47b676377db3b4edcd6,2,Vague / Missing Context,0.4022,No Smell,0.2140,Ambiguous References,0.1797,Bias / Loaded Framing,0.0561,371,0.592
4732d4b9c08cf47b676377db3b4edcd6,3,No Smell,0.3934,Vague / Missing Context,0.2321,Ambiguous References,0.1318,Format Ambiguity,0.0874,960,0.734
4732d4b9c08cf47b676377db3b4edcd6,4,No Smell,0.3745,Vague / Missing Context,0.3279,Format Ambiguity,0.1032,Ambiguous References,0.0858,265,0.588
4732d4b9c08cf47b676377db3b4edcd6,5,No Smell,0.3705,Vague / Missing Context,0.2450,Format Ambiguity,0.1269,Ambiguous References,0.1177,219,0.570
4732d4b9c08cf47b676377db3b4edcd6,6,No Smell,0.5016,Vague / Missing Context,0.2402,Format Ambiguity,0.1348,Ambiguous References,0.0531,85,0.542
4732d4b9c08cf47b676377db3b4edcd6,7,Vague / Missing Context,0.3946,Ambiguous References,0.2327,No Smell,0.1545,Bias / Loaded Framing,0.0853,195,0.567
e4e663a822071091eceb295cdbc0311f,1,No Smell,0.3523,Vague / Missing Context,0.2538,Format Ambiguity,0.1323,Bias / Loaded Framing,0.0723,1217,0.813
eaa7b77b319164008d028842b8240c98,1,Vague / Missing Context,0.4682,No Smell,0.2795,Format Ambiguity,0.0916,Ambiguous References,0.0849,55,0.543
fdbba3cfbaf901ac418f47e1699358be,1,No Smell,0.3295,Vague / Missing Context,0.1723,Format Ambiguity,0.1355,Conflicting Constraints,0.0785,2202,1.201
d35e6ba6e8a7db768fb93442bcf86970,1,No Smell,0.4117,Format Ambiguity,0.2638,Vague / Missing Context,0.1887,Conflicting Constraints,0.0441,102,0.555
9b3369c9207183e34e5f706085fec24f,1,No Smell,0.3016,Vague / Missing Context,0.2792,Format Ambiguity,0.1196,Bias / Loaded Framing,0.0886,1221,0.811
174d2ed738e3978ed2d91cd87f91be7b,1,No Smell,0.3224,Vague / Missing Context,0.1847,Format Ambiguity,0.1341,Conflicting Constraints,0.0768,2251,1.211
ed76a6f36ac77cae49a6b01d1abf4218,1,No Smell,0.6249,Format Ambiguity,0.1143,Vague / Missing Context,0.1081,Ambiguous References,0.0402,453,0.641
ed76a6f36ac77cae49a6b01d1abf4218,2,No Smell,0.6315,Format Ambiguity,0.2076,Vague / Missing Context,0.1076,Formality / Audience Mismatch,0.0207,53,0.064
ed76a6f36ac77cae49a6b01d1abf4218,3,No Smell,0.4014,Vague / Missing Context,0.2564,Format Ambiguity,0.1965,Ambiguous References,0.0624,161,0.565
ed76a6f36ac77cae49a6b01d1abf4218,4,No Smell,0.3716,Vague / Missing Context,0.3412,Format Ambiguity,0.1322,Ambiguous References,0.0448,187,0.569
b76836095101a846bcbc7c0b56fcb998,1,No Smell,0.3505,Format Ambiguity,0.2484,Vague / Missing Context,0.2390,Conflicting Constraints,0.0467,115,0.556
ba9179a6d70363761020008deb7833bc,1,No Smell,0.4973,Vague / Missing Context,0.2408,Format Ambiguity,0.1668,Formality / Audience Mismatch,0.0300,90,0.543
74e912c00e6ad729985fa13ff4bdd2b7,1,No Smell,0.7474,Format Ambiguity,0.1343,Formality / Audience Mismatch,0.0344,Conflicting Constraints,0.0330,253,0.637
1611941bd4ccfdcd35e055280521ba4d,1,No Smell,0.3703,Vague / Missing Context,0.3214,Format Ambiguity,0.1520,Ambiguous References,0.0641,87,0.555
13769fe724296fee1cd7dae18fa55ef8,1,Vague / Missing Context,0.4030,No Smell,0.3511,Format Ambiguity,0.0927,Ambiguous References,0.0612,84,0.543
91ab968b4c417ad1a5d94ff4c7a12a23,1,No Smell,0.5871,Vague / Missing Context,0.1549,Format Ambiguity,0.1511,Formality / Audience Mismatch,0.0379,75,0.547
c9d994db35bbe7e03e753adf183f1e28,1,No Smell,0.4496,Vague / Missing Context,0.2291,Format Ambiguity,0.2002,Formality / Audience Mismatch,0.0382,71,0.544
73bec3d3b16d6a41933f02b233d6867a,1,No Smell,0.5953,Format Ambiguity,0.2168,Vague / Missing Context,0.1345,Conflicting Constraints,0.0212,52,0.544
017914786e84c44e46bee970b82309a3,1,Format Ambiguity,0.3382,No Smell,0.2596,Vague / Missing Context,0.1690,Conflicting Constraints,0.0539,2666,1.372
eee02fd9ac72cbc1c2e8fffc462503d5,1,No Smell,0.4592,Format Ambiguity,0.2359,Vague / Missing Context,0.1746,Conflicting Constraints,0.0407,92,0.547
34970630be08b3061c7c4f804cf450ac,1,Vague / Missing Context,0.2849,No Smell,0.2823,Format Ambiguity,0.1158,Bias / Loaded Framing,0.0925,633,0.672
e032dc1f13c1d430e84d9d45775416da,1,Vague / Missing Context,0.4285,No Smell,0.3161,Format Ambiguity,0.1625,Formality / Audience Mismatch,0.0338,54,0.543
e032dc1f13c1d430e84d9d45775416da,2,No Smell,0.5831,Format Ambiguity,0.2402,Vague / Missing Context,0.1098,Formality / Audience Mismatch,0.0278,21,0.530
10193d6ad37c1fb53996017e32bf914a,1,No Smell,0.4894,Vague / Missing Context,0.2240,Format Ambiguity,0.1777,Formality / Audience Mismatch,0.0360,77,0.544
23332c5ba3b8bd4266648ef32ece0acf,1,No Smell,0.7096,Format Ambiguity,0.1864,Vague / Missing Context,0.0553,Formality / Audience Mismatch,0.0180,17,0.531
45ed6a4586e8554032151621450b25d5,1,Vague / Missing Context,0.4852,No Smell,0.1831,Format Ambiguity,0.1084,Ambiguous References,0.0795,194,0.568
3c72c543b2a42d4e63c5096b9f11b1df,1,No Smell,0.3224,Vague / Missing Context,0.1847,Format Ambiguity,0.1341,Conflicting Constraints,0.0768,2251,0.081
3329f553164253b08bd54d94503ec352,1,No Smell,0.6130,Vague / Missing Context,0.2072,Format Ambiguity,0.0506,Conflicting Constraints,0.0429,238,0.589
87fdd141b706ab72d039180b54129046,1,No Smell,0.6512,Format Ambiguity,0.2202,Vague / Missing Context,0.0805,Conflicting Constraints,0.0193,38,0.545
3c725dc36d176ab4b93402e6363a2bb3,2,No Smell,0.4464,Vague / Missing Context,0.2650,Format Ambiguity,0.2219,Formality / Audience Mismatch,0.0269,28,0.541
8700e65cf37ca9de459c1fb4485a8a6f,1,Vague / Missing Context,0.5057,No Smell,0.1702,Format Ambiguity,0.0881,Ambiguous References,0.0772,235,0.570
7ef6f960ada94cbde0fa5f9751fd09d1,1,Vague / Missing Context,0.4844,No Smell,0.2165,Format Ambiguity,0.0886,Ambiguous References,0.0690,245,0.588
050ff024fa4944aa40c25f49a313823e,1,No Smell,0.4686,Vague / Missing Context,0.1231,Format Ambiguity,0.0837,Formality / Audience Mismatch,0.0834,2307,1.020
050ff024fa4944aa40c25f49a313823e,2,No Smell,0.6406,Formality / Audience Mismatch,0.0850,Conflicting Constraints,0.0678,Vague / Missing Context,0.0590,2035,0.962
6058c6907a938e9a2aa104b710bc0e1d,1,Vague / Missing Context,0.5386,No Smell,0.1377,Ambiguous References,0.0962,Format Ambiguity,0.0825,244,0.572
902b200b1edc12b849f15bcb9d5b1351,1,No Smell,0.3235,Vague / Missing Context,0.2360,Bias / Loaded Framing,0.1090,Format Ambiguity,0.1088,590,0.641
11a975debe7a5403f965d9c6e31d462d,1,Vague / Missing Context,0.4678,No Smell,0.2196,Format Ambiguity,0.0931,Ambiguous References,0.0759,249,0.587
58fcecca353a49884246a2cc2646b1ab,1,Vague / Missing Context,0.4678,No Smell,0.2196,Format Ambiguity,0.0931,Ambiguous References,0.0759,249,0.049
e504bd0f0fd2b1bf3fef05515126a864,1,No Smell,0.2927,Vague / Missing Context,0.2637,Format Ambiguity,0.1219,Bias / Loaded Framing,0.1001,599,0.639
402a9b677d3ae5f4662fe571542e7762,1,No Smell,0.5606,Format Ambiguity,0.2018,Vague / Missing Context,0.1343,Conflicting Constraints,0.0359,145,0.578
4025d0ae99885f48805987d0f24a27f6,1,No Smell,0.2988,Vague / Missing Context,0.2801,Format Ambiguity,0.1066,Bias / Loaded Framing,0.0934,617,0.643
67c2dbe6f2ff4589eda9054bbfe0de34,1,No Smell,0.6867,Format Ambiguity,0.1653,Vague / Missing Context,0.0743,Formality / Audience Mismatch,0.0263,326,0.588
7716955e8f71ce36fc2796ca624dccba,1,Vague / Missing Context,0.4690,No Smell,0.1752,Ambiguous References,0.1522,Bias / Loaded Framing,0.0608,37,0.540
16b8d6b1e0bfc4529a164293cc945abd,1,Vague / Missing Context,0.5358,No Smell,0.1699,Format Ambiguity,0.0919,Ambiguous References,0.0742,2000,1.256
96567b3498969f3439c06fcf0d6bafea,10,No Smell,0.5789,Vague / Missing Context,0.1895,Format Ambiguity,0.1750,Formality / Audience Mismatch,0.0210,14,0.544
298cc3b5a591fbe511ba52cdc7ff959c,1,Vague / Missing Context,0.4559,No Smell,0.2071,Format Ambiguity,0.1333,Ambiguous References,0.0691,2000,1.285
d174dcbbbe0f549656a54dbb32ad6e9f,1,Vague / Missing Context,0.3037,No Smell,0.2512,Bias / Loaded Framing,0.1050,Format Ambiguity,0.0990,649,0.662
386957e74dd65ba75079d268d75aeb21,1,No Smell,0.3415,Vague / Missing Context,0.2540,Format Ambiguity,0.1347,Ambiguous References,0.0712,678,0.664
026cceff58e872cb285c7034c06d07ac,1,No Smell,0.4466,Format Ambiguity,0.2661,Vague / Missing Context,0.2465,Conflicting Constraints,0.0158,27,0.540
ad479e74a39e6f6e4d2d7ae0110ba4bc,1,No Smell,0.5192,Format Ambiguity,0.2143,Vague / Missing Context,0.1603,Formality / Audience Mismatch,0.0387,69,0.545
cafed52442604ba73513179f7b5647a7,1,No Smell,0.3666,Vague / Missing Context,0.2430,Format Ambiguity,0.1194,Bias / Loaded Framing,0.0805,731,0.665
2d7669f500d48a2a78eeb16808fc8cb0,1,No Smell,0.4843,Vague / Missing Context,0.2078,Format Ambiguity,0.1840,Ambiguous References,0.0511,159,0.569
2d7669f500d48a2a78eeb16808fc8cb0,2,No Smell,0.4843,Vague / Missing Context,0.2078,Format Ambiguity,0.1840,Ambiguous References,0.0511,159,0.048
2d7669f500d48a2a78eeb16808fc8cb0,3,No Smell,0.5329,Vague / Missing Context,0.1790,Format Ambiguity,0.1758,Formality / Audience Mismatch,0.0334,202,0.567
2d7669f500d48a2a78eeb16808fc8cb0,4,No Smell,0.5458,Format Ambiguity,0.1763,Vague / Missing Context,0.1732,Conflicting Constraints,0.0327,203,0.569
5ff8f40dc7a13e9b57ef91305f6711f7,1,No Smell,0.3587,Vague / Missing Context,0.1860,Bias / Loaded Framing,0.1392,Format Ambiguity,0.0885,742,0.665
5c6798e9bbfe0ae795d2ad20f4bb0dee,2,Vague / Missing Context,0.4515,No Smell,0.2990,Format Ambiguity,0.1216,Formality / Audience Mismatch,0.0396,19,0.541
5c6798e9bbfe0ae795d2ad20f4bb0dee,3,Vague / Missing Context,0.5810,No Smell,0.2097,Format Ambiguity,0.0611,Ambiguous References,0.0485,44,0.540
5c6798e9bbfe0ae795d2ad20f4bb0dee,4,No Smell,0.4289,Vague / Missing Context,0.3882,Format Ambiguity,0.0909,Formality / Audience Mismatch,0.0335,35,0.541
66d9a7dd63cd09c9a2133d02ca6ec84b,4,No Smell,0.4413,Vague / Missing Context,0.3831,Format Ambiguity,0.1340,Formality / Audience Mismatch,0.0160,29,0.539
e15350a96613c845a5fa75c6585f9fd7,1,No Smell,0.3943,Vague / Missing Context,0.1680,Bias / Loaded Framing,0.1422,Formality / Audience Mismatch,0.1061,756,0.666
08c4bf85be387de997c02d99a393baad,2,No Smell,0.6777,Format Ambiguity,0.2498,Vague / Missing Context,0.0419,Conflicting Constraints,0.0132,90,0.543
7f54262de17578f3a5e1a0d2764bc792,1,No Smell,0.5329,Vague / Missing Context,0.1790,Format Ambiguity,0.1758,Formality / Audience Mismatch,0.0334,202,0.062
7f54262de17578f3a5e1a0d2764bc792,2,No Smell,0.5602,Format Ambiguity,0.1762,Vague / Missing Context,0.1399,Formality / Audience Mismatch,0.0383,247,0.588
7f54262de17578f3a5e1a0d2764bc792,3,No Smell,0.5583,Format Ambiguity,0.1878,Vague / Missing Context,0.1342,Conflicting Constraints,0.0359,249,0.589
786b03bc11603e2524a98c66369457b3,1,No Smell,0.7544,Format Ambiguity,0.0592,Conflicting Constraints,0.0544,Formality / Audience Mismatch,0.0352,3725,1.255
8002fd5d4172e6b0345e82fa1660163b,1,Format Ambiguity,0.4618,No Smell,0.3747,Vague / Missing Context,0.0650,Conflicting Constraints,0.0288,4000,1.702
623665be11510a9b349d545f27cca154,1,No Smell,0.4781,Vague / Missing Context,0.2247,Format Ambiguity,0.1859,Formality / Audience Mismatch,0.0358,84,0.547
623665be11510a9b349d545f27cca154,2,No Smell,0.5022,Format Ambiguity,0.2235,Vague / Missing Context,0.1587,Formality / Audience Mismatch,0.0367,153,0.557
623665be11510a9b349d545f27cca154,3,No Smell,0.4162,Vague / Missing Context,0.2306,Format Ambiguity,0.2193,Formality / Audience Mismatch,0.0360,92,0.543
623665be11510a9b349d545f27cca154,4,No Smell,0.4680,Vague / Missing Context,0.2492,Format Ambiguity,0.1392,Formality / Audience Mismatch,0.0403,105,0.554
623665be11510a9b349d545f27cca154,5,No Smell,0.4513,Vague / Missing Context,0.1925,Format Ambiguity,0.1899,Formality / Audience Mismatch,0.0458,141,0.556
623665be11510a9b349d545f27cca154,6,No Smell,0.5965,Format Ambiguity,0.1837,Vague / Missing Context,0.0999,Conflicting Constraints,0.0401,205,0.569
623665be11510a9b349d545f27cca154,7,No Smell,0.5473,Format Ambiguity,0.2163,Vague / Missing Context,0.1148,Conflicting Constraints,0.0409,191,0.568
623665be11510a9b349d545f27cca154,8,No Smell,0.4610,Vague / Missing Context,0.2535,Format Ambiguity,0.1892,Formality / Audience Mismatch,0.0273,67,0.543
68a5d20019e135e5e244208f11fcb768,1,No Smell,0.4299,Vague / Missing Context,0.1748,Bias / Loaded Framing,0.1127,Format Ambiguity,0.0918,738,0.665
5bd2110cb4e0eead4a8e505c358c165c,1,No Smell,0.4123,Vague / Missing Context,0.1822,Format Ambiguity,0.1507,Ambiguous References,0.0764,254,0.570
7c169dbd890305bb34e63ccfec405c9f,1,No Smell,0.7133,Format Ambiguity,0.0684,Conflicting Constraints,0.0583,Vague / Missing Context,0.0548,3859,1.261
7c169dbd890305bb34e63ccfec405c9f,2,No Smell,0.6315,Format Ambiguity,0.2076,Vague / Missing Context,0.1076,Formality / Audience Mismatch,0.0207,53,0.065
7c169dbd890305bb34e63ccfec405c9f,3,Vague / Missing Context,0.3841,No Smell,0.3188,Format Ambiguity,0.1519,Ambiguous References,0.0713,67,0.544
6f5be39463231c07a45abeb836ddb766,1,No Smell,0.6126,Format Ambiguity,0.1133,Vague / Missing Context,0.1004,Formality / Audience Mismatch,0.0551,392,0.615
5dcc3098a2ecb1e9281dcce1d6268e87,1,No Smell,0.4762,Vague / Missing Context,0.2084,Format Ambiguity,0.1996,Formality / Audience Mismatch,0.0377,100,0.545
5dcc3098a2ecb1e9281dcce1d6268e87,2,No Smell,0.4961,Format Ambiguity,0.2056,Vague / Missing Context,0.1793,Formality / Audience Mismatch,0.0376,123,0.557
b9c155cede4bd56866ee431c246c1979,1,No Smell,0.3735,Vague / Missing Context,0.1965,Bias / Loaded Framing,0.1310,Formality / Audience Mismatch,0.0890,729,0.665
fa7acb9422197bee9e559cbbe8248dea,1,No Smell,0.3821,Vague / Missing Context,0.1770,Format Ambiguity,0.1596,Ambiguous References,0.0701,157,0.557
1b2a845f590bb7671821431ed04f2ac6,1,No Smell,0.5979,Format Ambiguity,0.1578,Vague / Missing Context,0.1417,Conflicting Constraints,0.0316,114,0.556
1b2a845f590bb7671821431ed04f2ac6,2,No Smell,0.6400,Format Ambiguity,0.1427,Vague / Missing Context,0.0961,Formality / Audience Mismatch,0.0399,202,0.570
1b2a845f590bb7671821431ed04f2ac6,3,No Smell,0.5990,Format Ambiguity,0.1597,Vague / Missing Context,0.1127,Formality / Audience Mismatch,0.0405,214,0.569
1b2a845f590bb7671821431ed04f2ac6,4,No Smell,0.6118,Format Ambiguity,0.1660,Vague / Missing Context,0.1001,Formality / Audience Mismatch,0.0417,237,0.571
1b2a845f590bb7671821431ed04f2ac6,5,No Smell,0.6144,Format Ambiguity,0.1578,Vague / Missing Context,0.0991,Formality / Audience Mismatch,0.0439,238,0.585
1b2a845f590bb7671821431ed04f2ac6,6,No Smell,0.6233,Format Ambiguity,0.1582,Vague / Missing Context,0.0973,Formality / Audience Mismatch,0.0396,222,0.567
373a9044f43203af2d40f8a649d65cb1,1,Vague / Missing Context,0.4716,No Smell,0.3267,Format Ambiguity,0.1128,Formality / Audience Mismatch,0.0325,22,0.541
1cf611af1438753696ff5cfbda2e9c9c,1,No Smell,0.3891,Vague / Missing Context,0.2004,Bias / Loaded Framing,0.1121,Format Ambiguity,0.0997,742,0.663
dcebe11cc0cfd094052379d802b6f959,1,No Smell,0.5803,Format Ambiguity,0.2200,Vague / Missing Context,0.1172,Conflicting Constraints,0.0295,61,0.543
265441f1fd370de428ba1a56c8cd5e0e,4,No Smell,0.3623,Vague / Missing Context,0.2495,Format Ambiguity,0.2312,Conflicting Constraints,0.0602,530,0.857
a7fda30135129bc45495971c4a8f4198,1,Vague / Missing Context,0.3658,No Smell,0.2982,Format Ambiguity,0.1732,Ambiguous References,0.0550,108,0.544
ce8666bcf577390be47e7ba7b39a06e7,1,No Smell,0.5609,Vague / Missing Context,0.1957,Format Ambiguity,0.1689,Formality / Audience Mismatch,0.0281,42,0.543
e01216e01546bc8ddde858fc31572f9d,1,Vague / Missing Context,0.4129,No Smell,0.3551,Format Ambiguity,0.1347,Bias / Loaded Framing,0.0249,72,0.543
e01216e01546bc8ddde858fc31572f9d,2,No Smell,0.5070,Vague / Missing Context,0.2359,Format Ambiguity,0.2096,Conflicting Constraints,0.0178,52,0.543
af6d3d167186dbff9f14afd8607b47f6,1,No Smell,0.5760,Format Ambiguity,0.1692,Vague / Missing Context,0.1367,Conflicting Constraints,0.0358,223,0.570
cc6f2fc7af346065ae4ee5881cb95211,1,No Smell,0.4347,Vague / Missing Context,0.1538,Bias / Loaded Framing,0.1132,Format Ambiguity,0.1083,726,0.665
2be329ff6e31925e7f5a98a347b20496,1,No Smell,0.4522,Vague / Missing Context,0.2346,Format Ambiguity,0.1844,Conflicting Constraints,0.0381,139,0.557
3effdc6939010b41be7428d7df29ac19,1,No Smell,0.4183,Vague / Missing Context,0.1662,Bias / Loaded Framing,0.1166,Formality / Audience Mismatch,0.1012,762,0.702
987870aed6731358fb7303bc0af31f38,1,No Smell,0.5007,Vague / Missing Context,0.1965,Conflicting Constraints,0.0824,Format Ambiguity,0.0641,1144,0.740
6071921b3cab585f57c5471e862349a9,1,No Smell,0.5636,Format Ambiguity,0.2143,Vague / Missing Context,0.0903,Conflicting Constraints,0.0500,322,0.590
6071921b3cab585f57c5471e862349a9,2,No Smell,0.6791,Format Ambiguity,0.2305,Vague / Missing Context,0.0402,Formality / Audience Mismatch,0.0227,53,0.545
6071921b3cab585f57c5471e862349a9,3,No Smell,0.4553,Format Ambiguity,0.2938,Vague / Missing Context,0.1892,Conflicting Constraints,0.0209,7,0.531
6071921b3cab585f57c5471e862349a9,4,No Smell,0.6071,Format Ambiguity,0.2464,Conflicting Constraints,0.0495,Vague / Missing Context,0.0432,339,0.591
aefd44816878268758b14b25ccec5381,1,No Smell,0.3655,Vague / Missing Context,0.1962,Bias / Loaded Framing,0.1339,Formality / Audience Mismatch,0.0903,796,0.703
06947c3c06295cd5e2e7a0c3780c7704,1,No Smell,0.8244,Format Ambiguity,0.1007,Conflicting Constraints,0.0238,Vague / Missing Context,0.0202,432,0.615
06947c3c06295cd5e2e7a0c3780c7704,2,No Smell,0.6772,Format Ambiguity,0.2016,Vague / Missing Context,0.0751,Conflicting Constraints,0.0176,29,0.552
06947c3c06295cd5e2e7a0c3780c7704,3,No Smell,0.5732,Format Ambiguity,0.2141,Vague / Missing Context,0.1586,Formality / Audience Mismatch,0.0204,28,0.555
0650ce9097212b57c18096cb96097585,1,No Smell,0.7180,Format Ambiguity,0.0748,Conflicting Constraints,0.0581,Vague / Missing Context,0.0451,3884,1.304
0650ce9097212b57c18096cb96097585,2,No Smell,0.6315,Format Ambiguity,0.2076,Vague / Missing Context,0.1076,Formality / Audience Mismatch,0.0207,53,0.063
0650ce9097212b57c18096cb96097585,3,Vague / Missing Context,0.3510,No Smell,0.3245,Format Ambiguity,0.1336,Ambiguous References,0.0788,124,0.555
5f18519d0f776727f90c0b9fe0bf5c1f,1,No Smell,0.3654,Vague / Missing Context,0.1950,Bias / Loaded Framing,0.1369,Formality / Audience Mismatch,0.0894,803,0.707
19cb2a77585a73723f913485fd919b03,1,No Smell,0.8244,Format Ambiguity,0.1007,Conflicting Constraints,0.0238,Vague / Missing Context,0.0202,432,0.065
ca47429ab3bd723a2e2a9bef64e0eb3e,1,No Smell,0.4870,Vague / Missing Context,0.1995,Conflicting Constraints,0.0798,Format Ambiguity,0.0742,1143,0.734
18f651d782c6bbab8a71b29eba000d1e,1,No Smell,0.4173,Vague / Missing Context,0.3395,Format Ambiguity,0.1533,Ambiguous References,0.0374,22,0.540
6365c16547823b0e8d3a553635e98179,1,No Smell,0.5629,Format Ambiguity,0.1934,Vague / Missing Context,0.1104,Conflicting Constraints,0.0517,127,0.555
6365c16547823b0e8d3a553635e98179,2,No Smell,0.5674,Format Ambiguity,0.3103,Vague / Missing Context,0.0629,Formality / Audience Mismatch,0.0250,12,0.529
6365c16547823b0e8d3a553635e98179,3,No Smell,0.4729,Format Ambiguity,0.2593,Vague / Missing Context,0.1209,Conflicting Constraints,0.0475,148,0.561
6365c16547823b0e8d3a553635e98179,5,No Smell,0.5774,Vague / Missing Context,0.2045,Format Ambiguity,0.0770,Formality / Audience Mismatch,0.0619,52,0.542
dd50650de6c9d355f843d986e250f8aa,1,No Smell,0.4188,Vague / Missing Context,0.1530,Bias / Loaded Framing,0.1160,Format Ambiguity,0.1049,853,0.704
b042fc4b5393c24a9b9004ac6658bf4f,1,No Smell,0.4220,Format Ambiguity,0.2267,Vague / Missing Context,0.1519,Ambiguous References,0.0722,400,0.612
adfc79bf0cfdfa0414c200c1c766b0f1,1,No Smell,0.3579,Vague / Missing Context,0.2227,Bias / Loaded Framing,0.1184,Format Ambiguity,0.0925,783,0.701
f6e879c436b7ff7a942615380770193e,1,No Smell,0.5527,Format Ambiguity,0.1485,Vague / Missing Context,0.1017,Conflicting Constraints,0.0553,4000,1.259
f6e879c436b7ff7a942615380770193e,2,No Smell,0.5212,Format Ambiguity,0.2132,Vague / Missing Context,0.1692,Conflicting Constraints,0.0369,83,0.566
f6e879c436b7ff7a942615380770193e,3,No Smell,0.7365,Format Ambiguity,0.1667,Vague / Missing Context,0.0428,Formality / Audience Mismatch,0.0230,209,0.612
f6e879c436b7ff7a942615380770193e,5,Vague / Missing Context,0.4196,No Smell,0.3093,Format Ambiguity,0.1880,Ambiguous References,0.0553,24,0.530
f64ddebe44dfe821ee9a01dc1962046d,1,No Smell,0.6122,Vague / Missing Context,0.1144,Conflicting Constraints,0.0801,Formality / Audience Mismatch,0.0575,3568,1.377
f64ddebe44dfe821ee9a01dc1962046d,2,No Smell,0.7094,Format Ambiguity,0.0915,Vague / Missing Context,0.0845,Formality / Audience Mismatch,0.0465,276,0.593
0d923d922dc0a846204a21be7e62d3f9,1,No Smell,0.3977,Vague / Missing Context,0.1973,Format Ambiguity,0.1056,Bias / Loaded Framing,0.1048,790,0.702
0d923d922dc0a846204a21be7e62d3f9,2,No Smell,0.4563,Vague / Missing Context,0.2262,Format Ambiguity,0.1483,Formality / Audience Mismatch,0.0483,109,0.555
0d923d922dc0a846204a21be7e62d3f9,3,No Smell,0.4078,Vague / Missing Context,0.3207,Format Ambiguity,0.1413,Ambiguous References,0.0759,48,0.543
dc3b1ab6aa0f0043d560e2630d8c29b9,1,No Smell,0.6175,Vague / Missing Context,0.1157,Conflicting Constraints,0.0743,Formality / Audience Mismatch,0.0619,3604,1.392
dc3b1ab6aa0f0043d560e2630d8c29b9,2,No Smell,0.4802,Vague / Missing Context,0.2790,Format Ambiguity,0.1244,Ambiguous References,0.0487,93,0.546
e3fbc175eeb479b9a238b503f112e7a4,4,No Smell,0.5214,Vague / Missing Context,0.2085,Format Ambiguity,0.1914,Conflicting Constraints,0.0270,26,0.589
e8b6890ca7b4308b238a1cdb6b2bc624,2,No Smell,0.7287,Format Ambiguity,0.1774,Vague / Missing Context,0.0466,Formality / Audience Mismatch,0.0167,17,0.531
e8b6890ca7b4308b238a1cdb6b2bc624,3,No Smell,0.7462,Format Ambiguity,0.1433,Vague / Missing Context,0.0418,Formality / Audience Mismatch,0.0230,26,0.541
e8b6890ca7b4308b238a1cdb6b2bc624,4,No Smell,0.4815,Format Ambiguity,0.2663,Vague / Missing Context,0.1765,Formality / Audience Mismatch,0.0278,24,0.542
e8b6890ca7b4308b238a1cdb6b2bc624,5,No Smell,0.3697,Vague / Missing Context,0.2726,Format Ambiguity,0.2439,Formality / Audience Mismatch,0.0313,38,0.542
e8b6890ca7b4308b238a1cdb6b2bc624,6,No Smell,0.6142,Format Ambiguity,0.2025,Vague / Missing Context,0.1060,Formality / Audience Mismatch,0.0279,27,0.541
e8b6890ca7b4308b238a1cdb6b2bc624,7,No Smell,0.6969,Format Ambiguity,0.2261,Vague / Missing Context,0.0406,Formality / Audience Mismatch,0.0139,35,0.542
e8b6890ca7b4308b238a1cdb6b2bc624,8,No Smell,0.4327,Vague / Missing Context,0.2581,Format Ambiguity,0.2166,Conflicting Constraints,0.0341,35,0.539
e8b6890ca7b4308b238a1cdb6b2bc624,9,No Smell,0.3858,Vague / Missing Context,0.2631,Format Ambiguity,0.2445,Formality / Audience Mismatch,0.0299,55,0.540
e8b6890ca7b4308b238a1cdb6b2bc624,10,No Smell,0.3879,Format Ambiguity,0.2568,Vague / Missing Context,0.2258,Conflicting Constraints,0.0388,23,0.529
328951ec9f2ebda604d2ce70c436f7c3,1,No Smell,0.6509,Format Ambiguity,0.1535,Vague / Missing Context,0.1299,Conflicting Constraints,0.0344,63,0.542
1108ccfb2ca6393e6ab4249169980734,1,No Smell,0.5473,Vague / Missing Context,0.1514,Conflicting Constraints,0.0855,Format Ambiguity,0.0662,3682,1.404
1108ccfb2ca6393e6ab4249169980734,2,No Smell,0.7562,Format Ambiguity,0.0909,Vague / Missing Context,0.0800,Formality / Audience Mismatch,0.0300,190,0.571
4711cf3d3f7f9d23b9fe019e2acf31db,1,No Smell,0.5136,Vague / Missing Context,0.2180,Format Ambiguity,0.1830,Formality / Audience Mismatch,0.0329,26,0.543
e99a6028b12f64c8ea401c76be4a0808,2,Vague / Missing Context,0.4521,No Smell,0.3020,Format Ambiguity,0.1548,Ambiguous References,0.0422,61,0.542
e99a6028b12f64c8ea401c76be4a0808,3,Vague / Missing Context,0.3579,No Smell,0.3352,Format Ambiguity,0.2276,Formality / Audience Mismatch,0.0262,11,0.531
e99a6028b12f64c8ea401c76be4a0808,4,Vague / Missing Context,0.3457,No Smell,0.3053,Format Ambiguity,0.1928,Ambiguous References,0.0778,58,0.543
e99a6028b12f64c8ea401c76be4a0808,5,Vague / Missing Context,0.4898,No Smell,0.2533,Format Ambiguity,0.1468,Ambiguous References,0.0576,52,0.543
ca7d8460ac697b7c2ed061fc331df46c,1,No Smell,0.6729,Format Ambiguity,0.2081,Vague / Missing Context,0.0575,Formality / Audience Mismatch,0.0246,86,0.544
7d5885f9dcb646a2ff68809209494bfb,1,No Smell,0.5303,Format Ambiguity,0.2283,Vague / Missing Context,0.1615,Formality / Audience Mismatch,0.0289,25,0.542
e300b4385b46301085cdbb5697aaf734,1,No Smell,0.5176,Format Ambiguity,0.2439,Vague / Missing Context,0.1389,Formality / Audience Mismatch,0.0278,298,0.638
e300b4385b46301085cdbb5697aaf734,3,No Smell,0.6768,Format Ambiguity,0.2079,Vague / Missing Context,0.0710,Formality / Audience Mismatch,0.0181,28,0.530
e300b4385b46301085cdbb5697aaf734,4,No Smell,0.7667,Format Ambiguity,0.1853,Vague / Missing Context,0.0162,Formality / Audience Mismatch,0.0146,28,0.531
e300b4385b46301085cdbb5697aaf734,5,No Smell,0.5683,Format Ambiguity,0.2887,Vague / Missing Context,0.1018,Formality / Audience Mismatch,0.0152,35,0.542
7dc355eeacdb6df1e9758e02226f7a67,1,No Smell,0.5651,Format Ambiguity,0.2308,Vague / Missing Context,0.1528,Formality / Audience Mismatch,0.0201,48,0.542
7dc355eeacdb6df1e9758e02226f7a67,2,No Smell,0.6652,Format Ambiguity,0.1801,Vague / Missing Context,0.1056,Formality / Audience Mismatch,0.0198,51,0.542
7dc355eeacdb6df1e9758e02226f7a67,3,No Smell,0.6068,Vague / Missing Context,0.1879,Format Ambiguity,0.1343,Conflicting Constraints,0.0286,64,0.543
7dc355eeacdb6df1e9758e02226f7a67,4,No Smell,0.5609,Format Ambiguity,0.2528,Vague / Missing Context,0.1239,Conflicting Constraints,0.0240,58,0.541
7dc355eeacdb6df1e9758e02226f7a67,5,No Smell,0.5248,Vague / Missing Context,0.2218,Format Ambiguity,0.1804,Formality / Audience Mismatch,0.0293,62,0.540
7dc355eeacdb6df1e9758e02226f7a67,6,No Smell,0.5605,Vague / Missing Context,0.2360,Format Ambiguity,0.1386,Formality / Audience Mismatch,0.0283,26,0.529
7dc355eeacdb6df1e9758e02226f7a67,7,No Smell,0.6547,Format Ambiguity,0.1385,Vague / Missing Context,0.1377,Formality / Audience Mismatch,0.0288,77,0.543
7dc355eeacdb6df1e9758e02226f7a67,8,No Smell,0.6273,Format Ambiguity,0.2435,Vague / Missing Context,0.0789,Conflicting Constraints,0.0204,78,0.542
7dc355eeacdb6df1e9758e02226f7a67,9,No Smell,0.6632,Format Ambiguity,0.2082,Vague / Missing Context,0.0753,Formality / Audience Mismatch,0.0213,45,0.542
7aa67d7495e1f9d4e5b1893281ebe499,2,No Smell,0.5924,Format Ambiguity,0.2422,Vague / Missing Context,0.0891,Formality / Audience Mismatch,0.0316,197,0.589
44e0eae4292df446451d819f7860bef9,1,No Smell,0.5756,Vague / Missing Context,0.1352,Conflicting Constraints,0.0845,Formality / Audience Mismatch,0.0574,3736,1.427
44e0eae4292df446451d819f7860bef9,2,No Smell,0.6194,Vague / Missing Context,0.1725,Format Ambiguity,0.1182,Formality / Audience Mismatch,0.0335,163,0.570
3e111a55d2bc6aa3624e0ee2cbd58cdc,1,No Smell,0.5049,Format Ambiguity,0.2249,Vague / Missing Context,0.2213,Formality / Audience Mismatch,0.0184,29,0.541
3e111a55d2bc6aa3624e0ee2cbd58cdc,2,No Smell,0.4112,Vague / Missing Context,0.3405,Format Ambiguity,0.1641,Ambiguous References,0.0402,72,0.543
3e111a55d2bc6aa3624e0ee2cbd58cdc,3,No Smell,0.4780,Vague / Missing Context,0.2365,Format Ambiguity,0.1945,Formality / Audience Mismatch,0.0293,47,0.544
3e111a55d2bc6aa3624e0ee2cbd58cdc,4,No Smell,0.6266,Format Ambiguity,0.2077,Vague / Missing Context,0.0919,Formality / Audience Mismatch,0.0280,40,0.542
6e1f69d935b5110ec98169c22ced408e,1,No Smell,0.3953,Format Ambiguity,0.3547,Vague / Missing Context,0.1513,Formality / Audience Mismatch,0.0275,247,0.612
6e1f69d935b5110ec98169c22ced408e,2,No Smell,0.6739,Format Ambiguity,0.2560,Vague / Missing Context,0.0273,Formality / Audience Mismatch,0.0163,36,0.542
6e1f69d935b5110ec98169c22ced408e,3,No Smell,0.3643,Vague / Missing Context,0.2741,Format Ambiguity,0.1115,Conflicting Constraints,0.0680,1537,0.936
3b5b10e01f31ab1557429e159c7aeb45,1,No Smell,0.5756,Vague / Missing Context,0.1352,Conflicting Constraints,0.0845,Formality / Audience Mismatch,0.0574,3736,0.093
2e9031a6f7bd668c3bd1fe90b29ecd21,3,No Smell,0.3488,Format Ambiguity,0.3310,Vague / Missing Context,0.1897,Unnecessary Repetition,0.0382,248,0.903
7e7cfcb2eb0ce05b1a77fcba3c1c4c38,1,No Smell,0.5525,Format Ambiguity,0.1844,Vague / Missing Context,0.1596,Conflicting Constraints,0.0418,51,0.542
7e7cfcb2eb0ce05b1a77fcba3c1c4c38,2,No Smell,0.4044,Vague / Missing Context,0.2662,Format Ambiguity,0.2214,Conflicting Constraints,0.0387,74,0.545
7e7cfcb2eb0ce05b1a77fcba3c1c4c38,3,No Smell,0.4686,Format Ambiguity,0.2209,Vague / Missing Context,0.1962,Conflicting Constraints,0.0419,84,0.544
f1cdeaf05a3ccbd5e1407a1d84c5e4e9,1,No Smell,0.5800,Format Ambiguity,0.2579,Vague / Missing Context,0.0500,Conflicting Constraints,0.0397,4000,1.747
852335d5509053b252ebcd40814288f4,1,No Smell,0.6784,Format Ambiguity,0.1596,Vague / Missing Context,0.0733,Formality / Audience Mismatch,0.0364,81,0.548
ce792d06ccf117acc2eeb5cd62a78c53,2,No Smell,0.4913,Format Ambiguity,0.2499,Vague / Missing Context,0.1721,Conflicting Constraints,0.0365,38,0.543
ce792d06ccf117acc2eeb5cd62a78c53,3,No Smell,0.4691,Vague / Missing Context,0.2311,Format Ambiguity,0.1957,Conflicting Constraints,0.0381,38,0.542
ce792d06ccf117acc2eeb5cd62a78c53,4,No Smell,0.5728,Vague / Missing Context,0.1780,Format Ambiguity,0.1513,Formality / Audience Mismatch,0.0294,91,0.555
ce792d06ccf117acc2eeb5cd62a78c53,5,No Smell,0.6309,Vague / Missing Context,0.1593,Format Ambiguity,0.1240,Formality / Audience Mismatch,0.0311,92,0.552
ce792d06ccf117acc2eeb5cd62a78c53,6,No Smell,0.4271,Vague / Missing Context,0.3120,Format Ambiguity,0.1167,Ambiguous References,0.0697,52,0.542
ce792d06ccf117acc2eeb5cd62a78c53,7,No Smell,0.6195,Format Ambiguity,0.1504,Vague / Missing Context,0.1171,Formality / Audience Mismatch,0.0361,47,0.542
ce792d06ccf117acc2eeb5cd62a78c53,8,Vague / Missing Context,0.4515,Format Ambiguity,0.2485,No Smell,0.1785,Ambiguous References,0.0560,18,0.542
ce792d06ccf117acc2eeb5cd62a78c53,9,No Smell,0.5632,Format Ambiguity,0.2051,Vague / Missing Context,0.1440,Conflicting Constraints,0.0300,52,0.542
ce792d06ccf117acc2eeb5cd62a78c53,10,No Smell,0.3529,Format Ambiguity,0.3338,Vague / Missing Context,0.2458,Formality / Audience Mismatch,0.0227,7,0.529
ef54c1e7850b86bfe7dcfe78dfab39f1,2,No Smell,0.6785,Format Ambiguity,0.1540,Vague / Missing Context,0.1041,Formality / Audience Mismatch,0.0270,72,0.541
ef54c1e7850b86bfe7dcfe78dfab39f1,3,No Smell,0.6100,Format Ambiguity,0.2001,Vague / Missing Context,0.1110,Formality / Audience Mismatch,0.0374,53,0.542
bab9b34ec44a91b8ab95fbe8b83a5954,1,Vague / Missing Context,0.4239,No Smell,0.3484,Format Ambiguity,0.1263,Ambiguous References,0.0321,67,0.543
bab9b34ec44a91b8ab95fbe8b83a5954,2,No Smell,0.5728,Format Ambiguity,0.1721,Conflicting Constraints,0.0821,Vague / Missing Context,0.0641,653,0.662
bab9b34ec44a91b8ab95fbe8b83a5954,3,No Smell,0.5011,Format Ambiguity,0.2476,Vague / Missing Context,0.1722,Ambiguous References,0.0241,173,0.570
bab9b34ec44a91b8ab95fbe8b83a5954,4,Vague / Missing Context,0.3459,Format Ambiguity,0.2857,No Smell,0.2529,Ambiguous References,0.0466,98,0.555
bab9b34ec44a91b8ab95fbe8b83a5954,5,No Smell,0.4113,Vague / Missing Context,0.2955,Format Ambiguity,0.1733,Ambiguous References,0.0378,89,0.543
bab9b34ec44a91b8ab95fbe8b83a5954,6,No Smell,0.5058,Format Ambiguity,0.3208,Vague / Missing Context,0.1075,Conflicting Constraints,0.0227,91,0.554
bab9b34ec44a91b8ab95fbe8b83a5954,7,No Smell,0.5531,Format Ambiguity,0.2428,Vague / Missing Context,0.1485,Conflicting Constraints,0.0203,66,0.557
bab9b34ec44a91b8ab95fbe8b83a5954,8,No Smell,0.5544,Vague / Missing Context,0.1712,Format Ambiguity,0.1116,Bias / Loaded Framing,0.0551,251,0.589
bab9b34ec44a91b8ab95fbe8b83a5954,9,No Smell,0.5016,Format Ambiguity,0.3046,Vague / Missing Context,0.1296,Conflicting Constraints,0.0219,60,0.544
8c49b9b22ef1e25d2bb01b302b363e86,1,No Smell,0.5873,Format Ambiguity,0.1734,Vague / Missing Context,0.0789,Conflicting Constraints,0.0578,382,0.616
d129ef6b967e60bd1b7d21d672ca9740,1,No Smell,0.5523,Format Ambiguity,0.2437,Vague / Missing Context,0.1075,Conflicting Constraints,0.0284,123,0.570
afef736e405e864a349fe916229f0b64,1,No Smell,0.5872,Format Ambiguity,0.0938,Formality / Audience Mismatch,0.0822,Conflicting Constraints,0.0736,4000,1.362
afef736e405e864a349fe916229f0b64,2,No Smell,0.6567,Conflicting Constraints,0.0940,Formality / Audience Mismatch,0.0751,Format Ambiguity,0.0665,2740,1.131
afef736e405e864a349fe916229f0b64,3,No Smell,0.4446,Formality / Audience Mismatch,0.1689,Vague / Missing Context,0.1636,Bias / Loaded Framing,0.1106,181,0.569
529a714311b90a662b4f2ec943590d38,2,Vague / Missing Context,0.3685,No Smell,0.1678,Formality / Audience Mismatch,0.1037,Bias / Loaded Framing,0.0884,4000,1.218
529a714311b90a662b4f2ec943590d38,3,Vague / Missing Context,0.3429,No Smell,0.3280,Format Ambiguity,0.1739,Ambiguous References,0.0650,229,0.582
529a714311b90a662b4f2ec943590d38,4,Vague / Missing Context,0.3121,No Smell,0.3034,Format Ambiguity,0.1904,Ambiguous References,0.0930,159,0.559
529a714311b90a662b4f2ec943590d38,5,No Smell,0.3991,Format Ambiguity,0.2409,Vague / Missing Context,0.2149,Formality / Audience Mismatch,0.0421,186,0.569
529a714311b90a662b4f2ec943590d38,6,No Smell,0.5281,Format Ambiguity,0.2077,Vague / Missing Context,0.1784,Formality / Audience Mismatch,0.0300,66,0.542
529a714311b90a662b4f2ec943590d38,7,Vague / Missing Context,0.4082,No Smell,0.3691,Format Ambiguity,0.1567,Ambiguous References,0.0304,27,0.541
529a714311b90a662b4f2ec943590d38,8,Vague / Missing Context,0.3263,No Smell,0.2916,Format Ambiguity,0.2871,Ambiguous References,0.0590,21,0.541
529a714311b90a662b4f2ec943590d38,9,No Smell,0.4134,Vague / Missing Context,0.2518,Format Ambiguity,0.2118,Ambiguous References,0.0347,60,0.542
da955095e2dd19fd621c770525cb83bb,1,No Smell,0.3224,Vague / Missing Context,0.1847,Format Ambiguity,0.1341,Conflicting Constraints,0.0768,2251,1.206
c7420bcb8167025331e328606092605c,1,No Smell,0.4303,Vague / Missing Context,0.2278,Format Ambiguity,0.1347,Ambiguous References,0.0702,135,0.569
b7a8a2465631a533f1742bc4b6c3840e,1,No Smell,0.2588,Vague / Missing Context,0.2106,Format Ambiguity,0.1281,Conflicting Constraints,0.0905,2475,1.301
c39c983ebafb6528319539e91a6f4c01,1,Vague / Missing Context,0.5768,Format Ambiguity,0.1116,Ambiguous References,0.1056,No Smell,0.1031,2751,1.358
c39c983ebafb6528319539e91a6f4c01,2,No Smell,0.4995,Format Ambiguity,0.3184,Vague / Missing Context,0.1078,Formality / Audience Mismatch,0.0268,38,0.543
c39c983ebafb6528319539e91a6f4c01,3,Vague / Missing Context,0.4443,No Smell,0.2875,Format Ambiguity,0.1814,Ambiguous References,0.0503,37,0.544
c39c983ebafb6528319539e91a6f4c01,4,No Smell,0.3613,Vague / Missing Context,0.3106,Format Ambiguity,0.2338,Ambiguous References,0.0456,38,0.542
c39c983ebafb6528319539e91a6f4c01,5,No Smell,0.5939,Vague / Missing Context,0.1666,Format Ambiguity,0.1548,Formality / Audience Mismatch,0.0324,36,0.543
c39c983ebafb6528319539e91a6f4c01,6,No Smell,0.5106,Format Ambiguity,0.3161,Vague / Missing Context,0.0939,Formality / Audience Mismatch,0.0263,43,0.542
f72e6094eec3357e476012084f45c445,1,No Smell,0.3661,Vague / Missing Context,0.2200,Bias / Loaded Framing,0.1180,Format Ambiguity,0.1043,945,0.737
381791116890b40965ddf2f13e3c04bf,1,No Smell,0.3885,Vague / Missing Context,0.2636,Format Ambiguity,0.1395,Ambiguous References,0.0786,137,0.570
82d902deac806d89196022e0a52db658,1,No Smell,0.3743,Vague / Missing Context,0.2093,Bias / Loaded Framing,0.1262,Format Ambiguity,0.1013,988,0.738
06623239729362a7134040fa06e56c06,1,No Smell,0.6131,Format Ambiguity,0.1836,Vague / Missing Context,0.0775,Formality / Audience Mismatch,0.0412,398,0.615
06623239729362a7134040fa06e56c06,2,No Smell,0.5297,Format Ambiguity,0.2553,Vague / Missing Context,0.1615,Formality / Audience Mismatch,0.0226,54,0.545
06623239729362a7134040fa06e56c06,3,No Smell,0.5515,Format Ambiguity,0.1953,Vague / Missing Context,0.0681,Formality / Audience Mismatch,0.0583,305,0.612
a66649d51d89b9185e008c875ca81ed9,2,No Smell,0.7036,Format Ambiguity,0.1223,Vague / Missing Context,0.0883,Conflicting Constraints,0.0393,143,0.554
5f209b5a601d455e799aa69e9a63871c,1,No Smell,0.3935,Format Ambiguity,0.2361,Vague / Missing Context,0.1252,Conflicting Constraints,0.0542,1385,1.241
5f209b5a601d455e799aa69e9a63871c,2,No Smell,0.5958,Format Ambiguity,0.3029,Vague / Missing Context,0.0560,Conflicting Constraints,0.0165,26,0.543
5f209b5a601d455e799aa69e9a63871c,3,No Smell,0.3635,Vague / Missing Context,0.2610,Format Ambiguity,0.1380,Formality / Audience Mismatch,0.0621,2775,1.356
6b08d16e7e2f035faab584b28ed1a834,1,No Smell,0.3540,Vague / Missing Context,0.2114,Bias / Loaded Framing,0.1366,Format Ambiguity,0.1049,1002,0.743
6b08d16e7e2f035faab584b28ed1a834,2,No Smell,0.4855,Format Ambiguity,0.1890,Vague / Missing Context,0.1318,Ambiguous References,0.0478,52,0.543
a886b878e19fad082997ec4a8386aeaa,1,No Smell,0.5259,Vague / Missing Context,0.1565,Format Ambiguity,0.1169,Formality / Audience Mismatch,0.0634,84,0.546
3601f31ac906bba1e393cbb1944b9cca,1,Vague / Missing Context,0.6195,No Smell,0.1512,Format Ambiguity,0.0994,Ambiguous References,0.0671,69,0.544
29ff99c71f69b82cae49afc96662493a,1,No Smell,0.3661,Vague / Missing Context,0.2116,Bias / Loaded Framing,0.1237,Format Ambiguity,0.1049,1001,0.745
bab3ae9ff5eb16930939f52b2732c0ef,1,No Smell,0.6106,Vague / Missing Context,0.1744,Format Ambiguity,0.1487,Conflicting Constraints,0.0252,86,0.545
bab3ae9ff5eb16930939f52b2732c0ef,2,No Smell,0.3377,Vague / Missing Context,0.3092,Format Ambiguity,0.1816,Ambiguous References,0.0603,406,0.595
bab3ae9ff5eb16930939f52b2732c0ef,3,No Smell,0.4303,Vague / Missing Context,0.3158,Format Ambiguity,0.1479,Ambiguous References,0.0269,101,0.544
ad9318b132529f36aae3c977e3706353,1,Vague / Missing Context,0.2826,No Smell,0.2717,Bias / Loaded Framing,0.1344,Format Ambiguity,0.0963,1008,0.740
ec968648b61af40ff5e76f1764d9289e,1,No Smell,0.4479,Vague / Missing Context,0.2325,Format Ambiguity,0.2128,Conflicting Constraints,0.0332,93,0.558
b5d4fd3bbaae2e08a3b3fbe8bc71a42a,9,No Smell,0.5316,Vague / Missing Context,0.2448,Format Ambiguity,0.1502,Formality / Audience Mismatch,0.0248,23,0.572
ffee2fa45797fea3168db6e10b9b8a9b,1,No Smell,0.6071,Vague / Missing Context,0.1049,Conflicting Constraints,0.0822,Formality / Audience Mismatch,0.0691,2501,1.040
f6820f4939329f142f06a248f20ed0d1,1,Vague / Missing Context,0.2813,No Smell,0.2664,Bias / Loaded Framing,0.1219,Format Ambiguity,0.1028,1012,0.742
0858adf0b85a489fa50f90b6a1718cfe,1,No Smell,0.4724,Format Ambiguity,0.2105,Vague / Missing Context,0.1950,Conflicting Constraints,0.0361,45,0.543
0858adf0b85a489fa50f90b6a1718cfe,2,No Smell,0.4872,Format Ambiguity,0.2664,Vague / Missing Context,0.1880,Formality / Audience Mismatch,0.0217,11,0.534
0858adf0b85a489fa50f90b6a1718cfe,3,No Smell,0.4872,Format Ambiguity,0.2664,Vague / Missing Context,0.1880,Formality / Audience Mismatch,0.0217,11,0.046
0858adf0b85a489fa50f90b6a1718cfe,4,No Smell,0.5243,Format Ambiguity,0.2089,Vague / Missing Context,0.1914,Conflicting Constraints,0.0247,22,0.531
0858adf0b85a489fa50f90b6a1718cfe,5,No Smell,0.4872,Format Ambiguity,0.2664,Vague / Missing Context,0.1880,Formality / Audience Mismatch,0.0217,11,0.061
ee0132081092f9b33a691211d7d539df,1,No Smell,0.2967,Vague / Missing Context,0.2529,Bias / Loaded Framing,0.1330,Format Ambiguity,0.1004,1014,0.737
030c745535c630dac51c595c29a17548,1,Vague / Missing Context,0.3012,No Smell,0.2361,Bias / Loaded Framing,0.1296,Format Ambiguity,0.1122,1007,0.741
030c745535c630dac51c595c29a17548,2,No Smell,0.4740,Format Ambiguity,0.2112,Vague / Missing Context,0.1380,Ambiguous References,0.0506,61,0.544
c07b6cd94f4a8b0bab507aa376405573,1,No Smell,0.4318,Vague / Missing Context,0.1947,Format Ambiguity,0.0879,Formality / Audience Mismatch,0.0805,1923,0.957
c07b6cd94f4a8b0bab507aa376405573,2,Vague / Missing Context,0.3596,Format Ambiguity,0.2827,No Smell,0.2815,Ambiguous References,0.0332,46,0.544
c07b6cd94f4a8b0bab507aa376405573,3,No Smell,0.3799,Vague / Missing Context,0.3467,Format Ambiguity,0.1856,Ambiguous References,0.0384,63,0.545
c07b6cd94f4a8b0bab507aa376405573,4,No Smell,0.6545,Format Ambiguity,0.2456,Vague / Missing Context,0.0542,Formality / Audience Mismatch,0.0165,21,0.531
c07b6cd94f4a8b0bab507aa376405573,5,No Smell,0.3972,Vague / Missing Context,0.3080,Format Ambiguity,0.1661,Formality / Audience Mismatch,0.0385,65,0.543
c07b6cd94f4a8b0bab507aa376405573,6,No Smell,0.5782,Vague / Missing Context,0.1240,Format Ambiguity,0.0855,Conflicting Constraints,0.0816,641,0.688
c07b6cd94f4a8b0bab507aa376405573,7,No Smell,0.3984,Vague / Missing Context,0.3009,Format Ambiguity,0.1531,Ambiguous References,0.0505,102,0.555
c07b6cd94f4a8b0bab507aa376405573,8,No Smell,0.4034,Vague / Missing Context,0.3852,Format Ambiguity,0.1138,Formality / Audience Mismatch,0.0375,71,0.543
c07b6cd94f4a8b0bab507aa376405573,9,No Smell,0.3888,Vague / Missing Context,0.2805,Format Ambiguity,0.2214,Ambiguous References,0.0527,42,0.541
c07b6cd94f4a8b0bab507aa376405573,10,No Smell,0.4381,Vague / Missing Context,0.3278,Ambiguous References,0.0905,Format Ambiguity,0.0864,150,0.557
c07b6cd94f4a8b0bab507aa376405573,11,No Smell,0.5913,Format Ambiguity,0.1851,Vague / Missing Context,0.1187,Formality / Audience Mismatch,0.0381,95,0.545
c07b6cd94f4a8b0bab507aa376405573,12,No Smell,0.5452,Vague / Missing Context,0.2099,Format Ambiguity,0.1198,Ambiguous References,0.0558,182,0.570
c07b6cd94f4a8b0bab507aa376405573,13,No Smell,0.5118,Format Ambiguity,0.2126,Vague / Missing Context,0.1556,Formality / Audience Mismatch,0.0329,160,0.569
9536723622b7c9d04e852c619b80852b,1,Vague / Missing Context,0.2964,No Smell,0.2405,Bias / Loaded Framing,0.1356,Format Ambiguity,0.0960,1029,0.740
eae311638655cc956f21035856c59672,1,No Smell,0.4999,Vague / Missing Context,0.1803,Format Ambiguity,0.1282,Conflicting Constraints,0.0829,525,0.643
eae311638655cc956f21035856c59672,2,Vague / Missing Context,0.3588,No Smell,0.3075,Format Ambiguity,0.1024,Ambiguous References,0.0702,508,0.644
b00f486482d41cad8b42f86f9826344e,1,Vague / Missing Context,0.3415,No Smell,0.2106,Ambiguous References,0.1048,Format Ambiguity,0.0856,562,0.640
b00f486482d41cad8b42f86f9826344e,2,No Smell,0.5063,Format Ambiguity,0.2430,Vague / Missing Context,0.1980,Formality / Audience Mismatch,0.0199,33,0.543
2ba438cb2a94c4abf0cd89df1262780e,1,No Smell,0.4398,Vague / Missing Context,0.2450,Format Ambiguity,0.2168,Formality / Audience Mismatch,0.0333,53,0.542
aeccb71666888bd3112f5e9e50f8ffa9,1,No Smell,0.4962,Format Ambiguity,0.2107,Vague / Missing Context,0.1923,Formality / Audience Mismatch,0.0361,56,0.543
dbdd094e9c6a8b0ea7ce79d0d8abf81a,1,Vague / Missing Context,0.4384,No Smell,0.2649,Ambiguous References,0.1223,Formality / Audience Mismatch,0.0522,1254,0.771
dbdd094e9c6a8b0ea7ce79d0d8abf81a,2,No Smell,0.5219,Vague / Missing Context,0.2494,Format Ambiguity,0.1295,Formality / Audience Mismatch,0.0362,180,0.569
dbdd094e9c6a8b0ea7ce79d0d8abf81a,3,No Smell,0.4060,Vague / Missing Context,0.4058,Format Ambiguity,0.1224,Ambiguous References,0.0216,76,0.546
dbdd094e9c6a8b0ea7ce79d0d8abf81a,4,No Smell,0.4494,Format Ambiguity,0.4441,Vague / Missing Context,0.0493,Conflicting Constraints,0.0212,40,0.543
dbdd094e9c6a8b0ea7ce79d0d8abf81a,5,No Smell,0.5746,Vague / Missing Context,0.2195,Format Ambiguity,0.1222,Formality / Audience Mismatch,0.0279,42,0.543
ccf28188f71050a3e9404d5a9e947df0,1,No Smell,0.5537,Vague / Missing Context,0.2597,Format Ambiguity,0.1234,Formality / Audience Mismatch,0.0235,32,0.542
ccf28188f71050a3e9404d5a9e947df0,2,No Smell,0.5726,Vague / Missing Context,0.1872,Format Ambiguity,0.1847,Formality / Audience Mismatch,0.0193,30,0.542
19cdba75d73931396cc58d0fc016aef0,1,No Smell,0.4962,Format Ambiguity,0.2107,Vague / Missing Context,0.1923,Formality / Audience Mismatch,0.0361,56,0.061
d532b865943279f2076e9ea553229084,1,No Smell,0.4773,Format Ambiguity,0.2231,Vague / Missing Context,0.1942,Formality / Audience Mismatch,0.0389,76,0.542
2d1b19869e9d9a97b5002842bcfb55a1,10,No Smell,0.3867,Format Ambiguity,0.2255,Vague / Missing Context,0.1758,Conflicting Constraints,0.0679,351,0.960
6536678d6e153d8bc6edbb9885f6d353,1,No Smell,0.4656,Vague / Missing Context,0.3082,Format Ambiguity,0.1203,Formality / Audience Mismatch,0.0351,53,0.545
05242ba503ac3d4c6cddf06524347ea8,1,No Smell,0.6507,Format Ambiguity,0.1908,Vague / Missing Context,0.0712,Formality / Audience Mismatch,0.0378,80,0.547
05242ba503ac3d4c6cddf06524347ea8,2,No Smell,0.3893,Format Ambiguity,0.3140,Vague / Missing Context,0.2218,Formality / Audience Mismatch,0.0279,26,0.529
05242ba503ac3d4c6cddf06524347ea8,3,Vague / Missing Context,0.6171,No Smell,0.1521,Ambiguous References,0.0779,Format Ambiguity,0.0777,70,0.544
05242ba503ac3d4c6cddf06524347ea8,4,No Smell,0.5275,Format Ambiguity,0.3479,Vague / Missing Context,0.0629,Formality / Audience Mismatch,0.0194,72,0.543
05242ba503ac3d4c6cddf06524347ea8,5,No Smell,0.4492,Format Ambiguity,0.3960,Vague / Missing Context,0.0894,Formality / Audience Mismatch,0.0225,28,0.544
05242ba503ac3d4c6cddf06524347ea8,6,No Smell,0.4705,Format Ambiguity,0.3061,Vague / Missing Context,0.1456,Formality / Audience Mismatch,0.0307,44,0.541
05242ba503ac3d4c6cddf06524347ea8,7,No Smell,0.6986,Format Ambiguity,0.1990,Vague / Missing Context,0.0391,Formality / Audience Mismatch,0.0278,47,0.543
05242ba503ac3d4c6cddf06524347ea8,8,No Smell,0.4722,Format Ambiguity,0.2446,Vague / Missing Context,0.1999,Formality / Audience Mismatch,0.0329,68,0.543
05242ba503ac3d4c6cddf06524347ea8,9,Format Ambiguity,0.3258,No Smell,0.3114,Vague / Missing Context,0.1963,Ambiguous References,0.0661,164,0.568
efd6da6877a13e91e72105455c79ae2d,2,No Smell,0.6152,Format Ambiguity,0.2612,Vague / Missing Context,0.0722,Formality / Audience Mismatch,0.0223,45,0.542
aaa20bc318e62778931a6c082789c77c,1,No Smell,0.5630,Vague / Missing Context,0.1834,Format Ambiguity,0.1708,Formality / Audience Mismatch,0.0236,133,0.556
edec19b2d18ce0ea2220744bd2f7a676,1,No Smell,0.7940,Format Ambiguity,0.1128,Conflicting Constraints,0.0328,Vague / Missing Context,0.0246,429,0.616
ad9200e3a960201d4a8e9b91d02366ed,1,No Smell,0.6155,Format Ambiguity,0.1104,Vague / Missing Context,0.1074,Conflicting Constraints,0.0725,682,0.702
ad9200e3a960201d4a8e9b91d02366ed,2,No Smell,0.6315,Format Ambiguity,0.2076,Vague / Missing Context,0.1076,Formality / Audience Mismatch,0.0207,53,0.544
ad9200e3a960201d4a8e9b91d02366ed,3,No Smell,0.5084,Format Ambiguity,0.3094,Vague / Missing Context,0.1143,Formality / Audience Mismatch,0.0250,14,0.533
ad9200e3a960201d4a8e9b91d02366ed,4,No Smell,0.5195,Format Ambiguity,0.2922,Vague / Missing Context,0.1230,Conflicting Constraints,0.0224,14,0.532
0ac63fe49674ff681a1846418843ebf5,1,No Smell,0.6281,Vague / Missing Context,0.1021,Format Ambiguity,0.0974,Conflicting Constraints,0.0800,682,0.734
dd34939112bce62d8534d2416d2066b9,1,No Smell,0.5028,Vague / Missing Context,0.2383,Format Ambiguity,0.1325,Formality / Audience Mismatch,0.0445,47,0.543
d349375b24713029f8b6c61be4fb62a1,1,No Smell,0.5739,Vague / Missing Context,0.1701,Format Ambiguity,0.1509,Formality / Audience Mismatch,0.0354,50,0.544
858c194148ccf08ae5994d99f3f4f3b0,1,No Smell,0.5371,Vague / Missing Context,0.1857,Format Ambiguity,0.1497,Formality / Audience Mismatch,0.0487,74,0.544
f09ddd9e47a1a19de1ea1fd1b2e7d545,1,Vague / Missing Context,0.3743,No Smell,0.2877,Format Ambiguity,0.0883,Conflicting Constraints,0.0811,529,0.647
f09ddd9e47a1a19de1ea1fd1b2e7d545,2,Vague / Missing Context,0.3572,No Smell,0.3086,Format Ambiguity,0.0986,Ambiguous References,0.0815,528,0.642
f09ddd9e47a1a19de1ea1fd1b2e7d545,3,No Smell,0.3241,Vague / Missing Context,0.3167,Format Ambiguity,0.1235,Ambiguous References,0.0785,528,0.647
8713d11d66be6012867329ace7adaa2a,1,No Smell,0.4978,Vague / Missing Context,0.1737,Format Ambiguity,0.1582,Formality / Audience Mismatch,0.0507,364,0.614
d85f66cea72f3c7f73a12c4d6e4f1c40,1,Vague / Missing Context,0.3303,No Smell,0.2509,Bias / Loaded Framing,0.1138,Format Ambiguity,0.1052,1105,0.770
d85f66cea72f3c7f73a12c4d6e4f1c40,2,No Smell,0.3597,Vague / Missing Context,0.2269,Format Ambiguity,0.2154,Conflicting Constraints,0.0555,116,0.558
fa5ad7f30eb6436596131e33b66a80ee,1,No Smell,0.8096,Format Ambiguity,0.1030,Conflicting Constraints,0.0318,Vague / Missing Context,0.0214,452,0.619
77fd7212983c1ebfa777deedaf110304,1,No Smell,0.7425,Format Ambiguity,0.1620,Vague / Missing Context,0.0496,Formality / Audience Mismatch,0.0181,40,0.532
7d593f3d28f50ca0d2d8eada5a8fcc21,1,No Smell,0.3241,Vague / Missing Context,0.3167,Format Ambiguity,0.1235,Ambiguous References,0.0785,528,0.067
c168e690c0d9affd8a557b4cc894a7d9,1,No Smell,0.5872,Format Ambiguity,0.0938,Formality / Audience Mismatch,0.0822,Conflicting Constraints,0.0736,4000,0.087
c168e690c0d9affd8a557b4cc894a7d9,2,No Smell,0.3651,Vague / Missing Context,0.2855,Format Ambiguity,0.1197,Ambiguous References,0.0801,187,0.590
c168e690c0d9affd8a557b4cc894a7d9,3,No Smell,0.5320,Format Ambiguity,0.2090,Vague / Missing Context,0.1883,Formality / Audience Mismatch,0.0252,9,0.532
61f500735059da78edae45364241b809,1,No Smell,0.4644,Vague / Missing Context,0.2314,Format Ambiguity,0.1101,Bias / Loaded Framing,0.0505,331,0.611
61f500735059da78edae45364241b809,2,No Smell,0.5620,Vague / Missing Context,0.1729,Format Ambiguity,0.1491,Formality / Audience Mismatch,0.0365,155,0.568
61f500735059da78edae45364241b809,3,No Smell,0.4878,Format Ambiguity,0.1898,Vague / Missing Context,0.1693,Conflicting Constraints,0.0417,138,0.566
6b9a4b2692fe0d1ebced73c7c75c08ff,1,No Smell,0.5776,Vague / Missing Context,0.2090,Format Ambiguity,0.1132,Formality / Audience Mismatch,0.0398,49,0.541
a16139e426b9b1935bbd5ddd981ef06a,1,Vague / Missing Context,0.4230,No Smell,0.2794,Format Ambiguity,0.0814,Ambiguous References,0.0677,626,0.665
d5eb8ea7092ac900656cb9952b861e3a,1,No Smell,0.4662,Vague / Missing Context,0.3502,Format Ambiguity,0.1271,Formality / Audience Mismatch,0.0179,145,0.557
d5eb8ea7092ac900656cb9952b861e3a,2,Vague / Missing Context,0.4472,No Smell,0.3883,Format Ambiguity,0.0764,Ambiguous References,0.0521,77,0.544
d5eb8ea7092ac900656cb9952b861e3a,3,No Smell,0.7316,Format Ambiguity,0.1299,Vague / Missing Context,0.0764,Formality / Audience Mismatch,0.0248,110,0.556
6ab7b9636c1d4d0892e1330d0d93bd83,1,No Smell,0.5625,Vague / Missing Context,0.2293,Format Ambiguity,0.1582,Formality / Audience Mismatch,0.0223,8,0.531
6ab7b9636c1d4d0892e1330d0d93bd83,7,No Smell,0.5596,Format Ambiguity,0.2547,Vague / Missing Context,0.1324,Formality / Audience Mismatch,0.0217,25,0.541
46e7531c06f45c858b7d17143197a8ad,1,No Smell,0.4400,Vague / Missing Context,0.2363,Format Ambiguity,0.1348,Formality / Audience Mismatch,0.0493,314,0.591
827984832e117e7db5e822780d0ab2d4,1,No Smell,0.6096,Format Ambiguity,0.1481,Vague / Missing Context,0.1397,Formality / Audience Mismatch,0.0387,59,0.543
7d8b04ea4139375d8ccb064a7a58c978,1,Vague / Missing Context,0.3144,No Smell,0.2701,Format Ambiguity,0.1301,Bias / Loaded Framing,0.1043,1059,0.769
a93d95e17cfbb5af39db31e58ea530d4,1,No Smell,0.4405,Vague / Missing Context,0.2316,Format Ambiguity,0.1359,Conflicting Constraints,0.0713,519,0.648
2de0feb4bdad6f1636c0f2567a9833fc,1,Vague / Missing Context,0.3259,No Smell,0.2631,Format Ambiguity,0.1138,Bias / Loaded Framing,0.1022,1024,0.769
e4d5e3c4bd1cdd9be3b01abc782aeea8,1,Vague / Missing Context,0.3070,No Smell,0.2707,Bias / Loaded Framing,0.1063,Ambiguous References,0.0829,808,0.742
a05066548563694e796116fb98ab8b24,1,Vague / Missing Context,0.3329,No Smell,0.2269,Bias / Loaded Framing,0.0987,Ambiguous References,0.0979,809,0.734
f22007d671978ad0b6a3646b15e1a90c,1,No Smell,0.3183,Vague / Missing Context,0.2549,Conflicting Constraints,0.1336,Bias / Loaded Framing,0.0733,1976,0.870
21dfac9c6ff67c054ed4a413a322ab9b,1,Vague / Missing Context,0.3118,No Smell,0.2787,Format Ambiguity,0.1290,Bias / Loaded Framing,0.1070,1034,0.776
f95b5c2aa595c00273ec1f7ae7e8a11f,1,No Smell,0.3577,Vague / Missing Context,0.2206,Conflicting Constraints,0.1322,Bias / Loaded Framing,0.0705,1977,0.874
d818aec03309c9febeeed839254a89d3,1,No Smell,0.3057,Vague / Missing Context,0.2867,Bias / Loaded Framing,0.0901,Ambiguous References,0.0893,847,0.814
5e806f428ccb2c785648f3ce4db1118a,1,No Smell,0.3757,Vague / Missing Context,0.2059,Conflicting Constraints,0.1353,Bias / Loaded Framing,0.0593,1968,0.876
b3efe9f12c7c3f1f1f1764bbdb2fc557,1,No Smell,0.6322,Vague / Missing Context,0.1146,Format Ambiguity,0.0723,Formality / Audience Mismatch,0.0632,786,0.691
b3efe9f12c7c3f1f1f1764bbdb2fc557,2,Vague / Missing Context,0.4173,No Smell,0.3433,Format Ambiguity,0.1031,Ambiguous References,0.0603,218,0.570
b3efe9f12c7c3f1f1f1764bbdb2fc557,3,No Smell,0.6707,Format Ambiguity,0.2280,Vague / Missing Context,0.0567,Formality / Audience Mismatch,0.0187,27,0.534
b3efe9f12c7c3f1f1f1764bbdb2fc557,4,No Smell,0.5171,Format Ambiguity,0.2738,Vague / Missing Context,0.1428,Formality / Audience Mismatch,0.0264,20,0.533
b3efe9f12c7c3f1f1f1764bbdb2fc557,5,No Smell,0.6166,Format Ambiguity,0.2017,Vague / Missing Context,0.1277,Formality / Audience Mismatch,0.0214,30,0.532
b078d41ad71b346b0173ca57f08dcbd6,1,Vague / Missing Context,0.3000,No Smell,0.2861,Ambiguous References,0.0870,Format Ambiguity,0.0848,866,0.823
2bd59a5019bd50a6adb2984e740115d3,1,No Smell,0.4302,Vague / Missing Context,0.2429,Format Ambiguity,0.1213,Conflicting Constraints,0.0735,527,0.648
4057f4df6c89c310697e39ffaf2da969,1,Vague / Missing Context,0.3050,No Smell,0.2621,Format Ambiguity,0.1292,Bias / Loaded Framing,0.1129,1076,0.769
76f24579e31cd5e61670d274063c3bc6,1,No Smell,0.6192,Vague / Missing Context,0.1548,Format Ambiguity,0.1107,Formality / Audience Mismatch,0.0518,77,0.544
76f24579e31cd5e61670d274063c3bc6,2,No Smell,0.6008,Vague / Missing Context,0.1555,Format Ambiguity,0.1155,Formality / Audience Mismatch,0.0546,77,0.547
76f24579e31cd5e61670d274063c3bc6,3,No Smell,0.6236,Vague / Missing Context,0.1565,Format Ambiguity,0.1061,Formality / Audience Mismatch,0.0487,87,0.554
5502bec935ece018bacea1d946bd97e1,1,No Smell,0.4242,Vague / Missing Context,0.2250,Format Ambiguity,0.1370,Formality / Audience Mismatch,0.0558,274,0.589
5502bec935ece018bacea1d946bd97e1,2,Vague / Missing Context,0.4141,No Smell,0.2660,Format Ambiguity,0.1261,Ambiguous References,0.0921,99,0.544
8eb06f1814c893afbc6ab9ec3296e864,1,No Smell,0.4315,Vague / Missing Context,0.1857,Conflicting Constraints,0.1278,Format Ambiguity,0.0522,1943,0.876
e70a7ac3809113fdc5d0b7ec27653301,1,No Smell,0.3077,Vague / Missing Context,0.2511,Format Ambiguity,0.0957,Bias / Loaded Framing,0.0892,1078,0.902
a807acdfe09f1e603e9d9889af13f1a3,1,Vague / Missing Context,0.2861,No Smell,0.2700,Ambiguous References,0.0972,Format Ambiguity,0.0956,1103,0.900
daa3d15f956f3c6635cb4ff7349faf2e,1,No Smell,0.4957,Vague / Missing Context,0.2100,Format Ambiguity,0.1156,Conflicting Constraints,0.0666,521,0.647
faff7f8b86b96643d5913fe044ae1c14,1,Vague / Missing Context,0.2861,No Smell,0.2700,Ambiguous References,0.0972,Format Ambiguity,0.0956,1103,0.072
f86622f2ea7b75d85b4d99b556613103,1,No Smell,0.7853,Format Ambiguity,0.1513,Vague / Missing Context,0.0221,Formality / Audience Mismatch,0.0212,57,0.541
f86622f2ea7b75d85b4d99b556613103,2,No Smell,0.5717,Format Ambiguity,0.2726,Vague / Missing Context,0.0772,Formality / Audience Mismatch,0.0297,29,0.544
92b6b761d144605ce4565257bd32a8c9,1,No Smell,0.6779,Format Ambiguity,0.1689,Vague / Missing Context,0.0515,Formality / Audience Mismatch,0.0351,475,0.616
1a1b318595b98dd5475896474f19cafb,1,No Smell,0.5721,Format Ambiguity,0.1911,Vague / Missing Context,0.1427,Conflicting Constraints,0.0347,219,0.590
1a1b318595b98dd5475896474f19cafb,2,No Smell,0.5492,Format Ambiguity,0.2454,Vague / Missing Context,0.1209,Formality / Audience Mismatch,0.0317,54,0.542
1a1b318595b98dd5475896474f19cafb,3,No Smell,0.5519,Format Ambiguity,0.2406,Vague / Missing Context,0.1462,Formality / Audience Mismatch,0.0248,33,0.542
1a1b318595b98dd5475896474f19cafb,4,No Smell,0.6717,Format Ambiguity,0.1561,Vague / Missing Context,0.0960,Conflicting Constraints,0.0337,98,0.556
1a1b318595b98dd5475896474f19cafb,5,No Smell,0.5371,Format Ambiguity,0.3239,Vague / Missing Context,0.0820,Conflicting Constraints,0.0241,74,0.545
1a1b318595b98dd5475896474f19cafb,6,No Smell,0.4868,Format Ambiguity,0.2457,Vague / Missing Context,0.1293,Conflicting Constraints,0.0608,180,0.569
add94755494514af9628e59580716f7e,1,Vague / Missing Context,0.2715,No Smell,0.2527,Bias / Loaded Framing,0.1184,Ambiguous References,0.0873,1220,0.943
fee301887498659af145cb6eedb26253,1,Vague / Missing Context,0.4995,No Smell,0.1846,Format Ambiguity,0.1716,Ambiguous References,0.1025,68,0.547
fee301887498659af145cb6eedb26253,2,Vague / Missing Context,0.4041,No Smell,0.2411,Format Ambiguity,0.1752,Ambiguous References,0.1407,21,0.544
fee301887498659af145cb6eedb26253,3,No Smell,0.3701,Vague / Missing Context,0.2833,Format Ambiguity,0.1839,Ambiguous References,0.1046,51,0.545
fee301887498659af145cb6eedb26253,4,Vague / Missing Context,0.4109,No Smell,0.2927,Format Ambiguity,0.1454,Ambiguous References,0.0749,57,0.544
fee301887498659af145cb6eedb26253,5,Vague / Missing Context,0.5792,No Smell,0.2472,Format Ambiguity,0.0665,Ambiguous References,0.0393,26,0.542
fee301887498659af145cb6eedb26253,6,Vague / Missing Context,0.5489,No Smell,0.2468,Format Ambiguity,0.0809,Ambiguous References,0.0530,66,0.543
fee301887498659af145cb6eedb26253,7,No Smell,0.4077,Format Ambiguity,0.2693,Vague / Missing Context,0.2201,Conflicting Constraints,0.0404,112,0.555
fee301887498659af145cb6eedb26253,8,Format Ambiguity,0.5962,No Smell,0.1877,Vague / Missing Context,0.1457,Conflicting Constraints,0.0203,95,0.545
fee301887498659af145cb6eedb26253,9,Vague / Missing Context,0.5029,No Smell,0.2486,Format Ambiguity,0.1351,Ambiguous References,0.0623,57,0.543
fee301887498659af145cb6eedb26253,10,Vague / Missing Context,0.6911,No Smell,0.1343,Ambiguous References,0.0813,Formality / Audience Mismatch,0.0303,99,0.556
973ba0d9de4027d0d8b43d8d9d61551a,1,Vague / Missing Context,0.3125,No Smell,0.2711,Format Ambiguity,0.1225,Bias / Loaded Framing,0.1102,1088,0.775
973ba0d9de4027d0d8b43d8d9d61551a,2,No Smell,0.4331,Vague / Missing Context,0.1840,Formality / Audience Mismatch,0.1103,Bias / Loaded Framing,0.0770,128,0.557
973ba0d9de4027d0d8b43d8d9d61551a,3,No Smell,0.5185,Format Ambiguity,0.2401,Vague / Missing Context,0.1563,Conflicting Constraints,0.0291,94,0.546
973ba0d9de4027d0d8b43d8d9d61551a,4,No Smell,0.5562,Format Ambiguity,0.2823,Vague / Missing Context,0.1003,Formality / Audience Mismatch,0.0209,61,0.543
dc72fc5bd311a09078ccc2efc6c21998,1,No Smell,0.6650,Vague / Missing Context,0.1386,Format Ambiguity,0.1048,Formality / Audience Mismatch,0.0437,85,0.556
dc72fc5bd311a09078ccc2efc6c21998,2,No Smell,0.6657,Vague / Missing Context,0.1296,Format Ambiguity,0.1045,Formality / Audience Mismatch,0.0432,85,0.556
dc72fc5bd311a09078ccc2efc6c21998,3,No Smell,0.6428,Vague / Missing Context,0.1497,Format Ambiguity,0.1080,Formality / Audience Mismatch,0.0434,85,0.555
40dfbe4ee391fe09ceaafbab67918ebd,1,No Smell,0.8096,Format Ambiguity,0.1030,Conflicting Constraints,0.0318,Vague / Missing Context,0.0214,452,0.065
734c10ac5a1beb28d7c0e612e82ef0fc,1,No Smell,0.3798,Vague / Missing Context,0.2626,Conflicting Constraints,0.1152,Formality / Audience Mismatch,0.0546,1972,0.873
dbc570d09797047454acabb674aea7ee,1,No Smell,0.4773,Vague / Missing Context,0.2117,Format Ambiguity,0.1588,Ambiguous References,0.0382,71,0.546
dbc570d09797047454acabb674aea7ee,2,No Smell,0.4101,Format Ambiguity,0.3042,Vague / Missing Context,0.2159,Formality / Audience Mismatch,0.0242,40,0.545
83baccee1b7c5ea99c6f665517955304,1,No Smell,0.3586,Vague / Missing Context,0.2850,Conflicting Constraints,0.1184,Formality / Audience Mismatch,0.0513,1969,0.880
81b0696ea44e12a659e265f7c141772e,1,No Smell,0.3427,Vague / Missing Context,0.2952,Conflicting Constraints,0.1259,Formality / Audience Mismatch,0.0498,1976,0.874
312d9e4517ad267f8a7478d22ba7ac5c,1,No Smell,0.6633,Format Ambiguity,0.1325,Vague / Missing Context,0.1012,Formality / Audience Mismatch,0.0420,101,0.557
19ba1d05a332c28eddf8cfe62e24eb4d,1,No Smell,0.7243,Format Ambiguity,0.2176,Vague / Missing Context,0.0219,Formality / Audience Mismatch,0.0143,127,0.557
47a73f444cc698e866c5113172b090c2,1,No Smell,0.4138,Vague / Missing Context,0.2098,Conflicting Constraints,0.1247,Format Ambiguity,0.0498,1935,0.878
813ea5f57680abd24fa7093047b39059,1,No Smell,0.4580,Format Ambiguity,0.2423,Vague / Missing Context,0.0844,Bias / Loaded Framing,0.0680,1130,0.776
328ad8d3a731ac16e95585d8b146559f,1,No Smell,0.3979,Vague / Missing Context,0.2117,Format Ambiguity,0.2063,Ambiguous References,0.0762,123,0.557
328ad8d3a731ac16e95585d8b146559f,2,No Smell,0.6050,Format Ambiguity,0.2453,Vague / Missing Context,0.0910,Formality / Audience Mismatch,0.0209,60,0.546
250f951be46b9e5b8031ec812331729c,1,No Smell,0.3856,Vague / Missing Context,0.2505,Format Ambiguity,0.0900,Bias / Loaded Framing,0.0854,884,0.738
6c062acdd415d62cb79b27897e7a8a90,1,Vague / Missing Context,0.6505,No Smell,0.1701,Ambiguous References,0.0700,Formality / Audience Mismatch,0.0408,52,0.543
6c062acdd415d62cb79b27897e7a8a90,2,Vague / Missing Context,0.3750,No Smell,0.3586,Format Ambiguity,0.1183,Ambiguous References,0.0944,65,0.545
6c062acdd415d62cb79b27897e7a8a90,3,Vague / Missing Context,0.5210,No Smell,0.2420,Ambiguous References,0.0902,Format Ambiguity,0.0776,48,0.543
6c062acdd415d62cb79b27897e7a8a90,4,No Smell,0.7346,Format Ambiguity,0.1447,Vague / Missing Context,0.0788,Formality / Audience Mismatch,0.0162,20,0.542
54d45dea30d3e304be8dc8bd65c2f0ac,1,No Smell,0.3854,Vague / Missing Context,0.2040,Conflicting Constraints,0.1237,Format Ambiguity,0.0683,1920,0.877
409b91460142fc3e2d116b7787dfeb87,1,No Smell,0.3134,Vague / Missing Context,0.2855,Format Ambiguity,0.0991,Bias / Loaded Framing,0.0938,934,0.777
c67318e9833b218f8e447d2ad61f6cfa,1,No Smell,0.6009,Format Ambiguity,0.1179,Vague / Missing Context,0.1079,Conflicting Constraints,0.0769,703,0.737
c67318e9833b218f8e447d2ad61f6cfa,2,No Smell,0.3694,Vague / Missing Context,0.2688,Format Ambiguity,0.2164,Ambiguous References,0.0551,36,0.544
c67318e9833b218f8e447d2ad61f6cfa,3,No Smell,0.6315,Format Ambiguity,0.2076,Vague / Missing Context,0.1076,Formality / Audience Mismatch,0.0207,53,0.064
c67318e9833b218f8e447d2ad61f6cfa,4,No Smell,0.3350,Vague / Missing Context,0.3191,Format Ambiguity,0.1404,Ambiguous References,0.1045,67,0.542
c67318e9833b218f8e447d2ad61f6cfa,5,Vague / Missing Context,0.3782,No Smell,0.2677,Ambiguous References,0.1330,Format Ambiguity,0.0984,162,0.568
ea68b3a1d89b19571390b2946ee8dbcf,1,No Smell,0.3134,Vague / Missing Context,0.2855,Format Ambiguity,0.0991,Bias / Loaded Framing,0.0938,934,0.071
f5bce9964e5948b59ce715931099bee8,1,No Smell,0.5960,Vague / Missing Context,0.1223,Format Ambiguity,0.1185,Conflicting Constraints,0.0678,543,0.645
96d721a827e12dca5b17a531d1f381c3,1,No Smell,0.7645,Format Ambiguity,0.1573,Vague / Missing Context,0.0318,Conflicting Constraints,0.0179,37,0.534
96d721a827e12dca5b17a531d1f381c3,2,No Smell,0.6903,Format Ambiguity,0.1601,Vague / Missing Context,0.0907,Formality / Audience Mismatch,0.0223,27,0.532
96d721a827e12dca5b17a531d1f381c3,4,No Smell,0.7213,Format Ambiguity,0.1358,Vague / Missing Context,0.0786,Conflicting Constraints,0.0276,41,0.543
96d721a827e12dca5b17a531d1f381c3,5,No Smell,0.7083,Format Ambiguity,0.1349,Vague / Missing Context,0.0885,Conflicting Constraints,0.0315,43,0.543
96d721a827e12dca5b17a531d1f381c3,6,No Smell,0.7430,Format Ambiguity,0.1168,Vague / Missing Context,0.0694,Conflicting Constraints,0.0320,47,0.543
96d721a827e12dca5b17a531d1f381c3,7,No Smell,0.7486,Format Ambiguity,0.1208,Vague / Missing Context,0.0710,Formality / Audience Mismatch,0.0247,50,0.543
96d721a827e12dca5b17a531d1f381c3,8,No Smell,0.7010,Format Ambiguity,0.1337,Vague / Missing Context,0.1026,Formality / Audience Mismatch,0.0247,24,0.543
96d721a827e12dca5b17a531d1f381c3,9,No Smell,0.7246,Format Ambiguity,0.1133,Vague / Missing Context,0.0940,Conflicting Constraints,0.0289,41,0.547
6f8f0256be30161f88ad02a6a3c250d7,1,No Smell,0.3422,Vague / Missing Context,0.2755,Format Ambiguity,0.1168,Bias / Loaded Framing,0.0844,1056,0.737
58f1e3480d4027e155e65a07c5dfd7c8,1,No Smell,0.4586,Vague / Missing Context,0.2423,Format Ambiguity,0.1223,Conflicting Constraints,0.0570,243,0.589
9a76e4e2d97fca51ef9ba61b2d222386,1,No Smell,0.4527,Vague / Missing Context,0.2493,Format Ambiguity,0.1306,Formality / Audience Mismatch,0.0489,181,0.572
86b7d4bdbaafc4b40dd6dc342cfd4fa4,1,No Smell,0.6113,Format Ambiguity,0.1745,Vague / Missing Context,0.1092,Formality / Audience Mismatch,0.0370,108,0.555
86b7d4bdbaafc4b40dd6dc342cfd4fa4,2,No Smell,0.6740,Format Ambiguity,0.1295,Vague / Missing Context,0.0812,Formality / Audience Mismatch,0.0463,189,0.587
48d11437f392f1a1d477fe9a9f5d38b6,1,No Smell,0.3721,Vague / Missing Context,0.2431,Format Ambiguity,0.1349,Bias / Loaded Framing,0.0796,1039,0.779
3c0734a1ef0cddcf32fb1f6231372cfb,1,No Smell,0.3721,Vague / Missing Context,0.2431,Format Ambiguity,0.1349,Bias / Loaded Framing,0.0796,1039,0.054
08bfe9e9ba11b3168d9fca276d579297,1,No Smell,0.3721,Vague / Missing Context,0.2525,Format Ambiguity,0.1253,Bias / Loaded Framing,0.0796,1071,0.811
f120d28f008555185b4aa1074f3031b4,1,No Smell,0.6009,Format Ambiguity,0.1179,Vague / Missing Context,0.1079,Conflicting Constraints,0.0769,703,0.067
71cc87776171aa7caa76ac3d09391c0e,1,No Smell,0.3643,Vague / Missing Context,0.2633,Format Ambiguity,0.1186,Bias / Loaded Framing,0.0767,1120,0.819
bf2f8a8ef37faaa6fbbdd08d0dd48174,1,No Smell,0.3489,Vague / Missing Context,0.2713,Format Ambiguity,0.1185,Bias / Loaded Framing,0.0790,1132,0.814
711a913bf883a8769fa50bf91ee7a746,1,No Smell,0.3318,Vague / Missing Context,0.2786,Format Ambiguity,0.1057,Bias / Loaded Framing,0.0850,1168,0.817
137ee2358e68af77437be98aae78e5a4,1,No Smell,0.3266,Vague / Missing Context,0.2567,Format Ambiguity,0.1157,Bias / Loaded Framing,0.0866,1244,0.820
0c5a725c1f5223279451d23eab9769a9,1,No Smell,0.3150,Vague / Missing Context,0.2543,Format Ambiguity,0.1136,Bias / Loaded Framing,0.0969,1240,0.820
cbb9dc3d7528fb73589c5987083155ed,1,No Smell,0.3150,Vague / Missing Context,0.2543,Format Ambiguity,0.1136,Bias / Loaded Framing,0.0969,1240,0.054
810c824fefe161d4d41802470341911e,1,Vague / Missing Context,0.4442,No Smell,0.2562,Format Ambiguity,0.2088,Conflicting Constraints,0.0267,52,0.541
d9bebc0d052a60159a40ff4410a255cb,1,No Smell,0.3284,Vague / Missing Context,0.2946,Format Ambiguity,0.0998,Bias / Loaded Framing,0.0916,1120,0.738
ab213ca7fb954966ad93cce288cb1e0f,1,Vague / Missing Context,0.2854,No Smell,0.2632,Bias / Loaded Framing,0.1085,Format Ambiguity,0.0976,1320,0.868
6e00ebd25e925c28e46b78ef496e6345,1,No Smell,0.7212,Format Ambiguity,0.1102,Vague / Missing Context,0.0963,Formality / Audience Mismatch,0.0292,43,0.541
6e00ebd25e925c28e46b78ef496e6345,2,No Smell,0.7616,Format Ambiguity,0.0906,Vague / Missing Context,0.0765,Formality / Audience Mismatch,0.0306,50,0.544
6e00ebd25e925c28e46b78ef496e6345,3,No Smell,0.6186,Format Ambiguity,0.1629,Vague / Missing Context,0.1388,Formality / Audience Mismatch,0.0323,35,0.542
6e00ebd25e925c28e46b78ef496e6345,4,No Smell,0.6535,Format Ambiguity,0.2388,Vague / Missing Context,0.0422,Formality / Audience Mismatch,0.0269,32,0.531
6e00ebd25e925c28e46b78ef496e6345,5,No Smell,0.6286,Vague / Missing Context,0.1884,Format Ambiguity,0.1037,Formality / Audience Mismatch,0.0318,48,0.542
6e00ebd25e925c28e46b78ef496e6345,6,No Smell,0.6523,Vague / Missing Context,0.1818,Format Ambiguity,0.0875,Formality / Audience Mismatch,0.0349,47,0.543
a59dd9ac916baeb4ef7c96d2477a7489,1,Vague / Missing Context,0.2884,No Smell,0.2679,Format Ambiguity,0.1150,Bias / Loaded Framing,0.1036,1325,0.868
64f9b67c3edcf25122165315a7de28f1,1,Vague / Missing Context,0.3189,No Smell,0.2985,Format Ambiguity,0.1125,Bias / Loaded Framing,0.0872,1110,0.741
fe2e47cd0a8ac385f85bc0dde78bd52f,1,No Smell,0.6158,Format Ambiguity,0.1607,Vague / Missing Context,0.1192,Formality / Audience Mismatch,0.0400,120,0.558
eb21fd183b3e217cf0a9d73135d61dfa,1,Vague / Missing Context,0.2825,No Smell,0.2588,Bias / Loaded Framing,0.1090,Format Ambiguity,0.1090,1269,0.827
d9a6cdc60b04b06f34da8d2fafd472b7,1,Vague / Missing Context,0.2825,No Smell,0.2588,Bias / Loaded Framing,0.1090,Format Ambiguity,0.1090,1269,0.059
bdab6302e6b0a20998477407f55f359a,1,Vague / Missing Context,0.3152,No Smell,0.3034,Bias / Loaded Framing,0.0918,Format Ambiguity,0.0913,1120,0.739
d5a475748ed3c67e14528f0d155140c3,1,Vague / Missing Context,0.2825,No Smell,0.2588,Bias / Loaded Framing,0.1090,Format Ambiguity,0.1090,1269,0.074
386c9aecb8c8f1cd0f38e9c6625ba1fb,1,Vague / Missing Context,0.3152,No Smell,0.3034,Bias / Loaded Framing,0.0918,Format Ambiguity,0.0913,1120,0.068
5ba8861f8eaa4664dd47da847fdc3620,1,No Smell,0.6107,Format Ambiguity,0.1845,Vague / Missing Context,0.1089,Formality / Audience Mismatch,0.0381,126,0.558
5335866a682f626969a2119c7876b197,1,Vague / Missing Context,0.3152,No Smell,0.3034,Bias / Loaded Framing,0.0918,Format Ambiguity,0.0913,1120,0.072
3ca8f9cafe9ddc12de20fb1b6fbb1307,1,No Smell,0.7571,Format Ambiguity,0.1167,Vague / Missing Context,0.0565,Conflicting Constraints,0.0381,130,0.554
3ca8f9cafe9ddc12de20fb1b6fbb1307,2,No Smell,0.5593,Format Ambiguity,0.3151,Vague / Missing Context,0.0845,Conflicting Constraints,0.0162,15,0.534
3ca8f9cafe9ddc12de20fb1b6fbb1307,3,No Smell,0.7333,Format Ambiguity,0.1892,Vague / Missing Context,0.0298,Formality / Audience Mismatch,0.0220,58,0.543
3ca8f9cafe9ddc12de20fb1b6fbb1307,4,No Smell,0.6987,Format Ambiguity,0.2151,Vague / Missing Context,0.0480,Formality / Audience Mismatch,0.0158,20,0.543
3ca8f9cafe9ddc12de20fb1b6fbb1307,5,No Smell,0.5228,Format Ambiguity,0.3868,Vague / Missing Context,0.0446,Conflicting Constraints,0.0178,25,0.542
8580c3e675b8f6ed442441237bc10345,1,No Smell,0.5757,Format Ambiguity,0.2095,Vague / Missing Context,0.1397,Formality / Audience Mismatch,0.0274,127,0.568
199d30330f27a82c5fed41afa8b422e8,1,Vague / Missing Context,0.2831,No Smell,0.2485,Format Ambiguity,0.1184,Bias / Loaded Framing,0.1169,1322,0.828
f307b8116fe5b1a741ae32b244a67492,1,No Smell,0.3177,Vague / Missing Context,0.2846,Format Ambiguity,0.1222,Bias / Loaded Framing,0.0922,1127,0.748
19dfb267bba7904cb3f10b526edc5a41,1,Vague / Missing Context,0.2831,No Smell,0.2485,Format Ambiguity,0.1184,Bias / Loaded Framing,0.1169,1322,0.071
7c87660c07cb777c78ccc539e68b61d0,1,No Smell,0.4312,Vague / Missing Context,0.2838,Format Ambiguity,0.1781,Conflicting Constraints,0.0363,51,0.540
7c87660c07cb777c78ccc539e68b61d0,2,No Smell,0.4916,Format Ambiguity,0.2422,Vague / Missing Context,0.1794,Formality / Audience Mismatch,0.0288,27,0.534
7c87660c07cb777c78ccc539e68b61d0,3,No Smell,0.4878,Vague / Missing Context,0.2989,Format Ambiguity,0.1323,Formality / Audience Mismatch,0.0300,30,0.542
7c87660c07cb777c78ccc539e68b61d0,4,No Smell,0.6191,Vague / Missing Context,0.2013,Format Ambiguity,0.1185,Formality / Audience Mismatch,0.0229,21,0.532
55da03ac1f18695e4c37fcd878b8739d,1,Vague / Missing Context,0.3478,No Smell,0.2611,Bias / Loaded Framing,0.0872,Ambiguous References,0.0872,1161,0.775
29d7016da2af323dffe3b40a84e2730e,2,No Smell,0.3854,Vague / Missing Context,0.3629,Format Ambiguity,0.1363,Ambiguous References,0.0402,102,0.545
29d7016da2af323dffe3b40a84e2730e,3,No Smell,0.4862,Vague / Missing Context,0.2621,Format Ambiguity,0.1315,Formality / Audience Mismatch,0.0502,88,0.558
2399e23b6d3fa551ded30690d61f8c7d,1,No Smell,0.3523,Vague / Missing Context,0.2751,Format Ambiguity,0.1008,Bias / Loaded Framing,0.0855,1137,0.746
caf5631709e876a2d3635536aa8fa8a8,1,No Smell,0.5503,Format Ambiguity,0.2414,Vague / Missing Context,0.1238,Formality / Audience Mismatch,0.0315,102,0.557
caf5631709e876a2d3635536aa8fa8a8,3,No Smell,0.5286,Format Ambiguity,0.2381,Vague / Missing Context,0.1125,Formality / Audience Mismatch,0.0459,122,0.559
e1142f75883adcd80914d3a9ddb844fc,1,No Smell,0.4013,Vague / Missing Context,0.2795,Format Ambiguity,0.1005,Formality / Audience Mismatch,0.0676,193,0.589
85b1ef56c452232bdfebd01301947e16,1,No Smell,0.5900,Format Ambiguity,0.1897,Vague / Missing Context,0.1641,Conflicting Constraints,0.0234,46,0.543
916aace7f84e92b6e87a43a4a71bd124,1,No Smell,0.8096,Format Ambiguity,0.1030,Conflicting Constraints,0.0318,Vague / Missing Context,0.0214,452,0.064
20615b015942602c13f1ade22d04656c,1,No Smell,0.6341,Format Ambiguity,0.1123,Conflicting Constraints,0.0938,Vague / Missing Context,0.0633,1829,0.821
cfb73ef46b06bcb41e7e02cb9aadf3eb,1,No Smell,0.5444,Vague / Missing Context,0.1556,Format Ambiguity,0.1086,Conflicting Constraints,0.0745,757,0.738
cfb73ef46b06bcb41e7e02cb9aadf3eb,2,No Smell,0.6315,Format Ambiguity,0.2076,Vague / Missing Context,0.1076,Formality / Audience Mismatch,0.0207,53,0.063
cfb73ef46b06bcb41e7e02cb9aadf3eb,3,No Smell,0.4210,Vague / Missing Context,0.2292,Format Ambiguity,0.1628,Ambiguous References,0.0611,106,0.558
5d9735f90d3ee4515f4e24428b72c8a1,1,No Smell,0.8096,Format Ambiguity,0.1030,Conflicting Constraints,0.0318,Vague / Missing Context,0.0214,452,0.065
6e187d62604705a83e0e88279dcb9ff8,1,No Smell,0.4580,Vague / Missing Context,0.2247,Format Ambiguity,0.0772,Formality / Audience Mismatch,0.0655,569,0.637
66e6f1f513f2ad0435f8e9defb170e9d,1,No Smell,0.5729,Format Ambiguity,0.1611,Vague / Missing Context,0.1317,Formality / Audience Mismatch,0.0517,188,0.568
928f392450509779fab187d390bb5eb1,1,Vague / Missing Context,0.3997,No Smell,0.2025,Format Ambiguity,0.1298,Ambiguous References,0.0847,546,0.617
928f392450509779fab187d390bb5eb1,2,No Smell,0.5867,Format Ambiguity,0.2795,Vague / Missing Context,0.0868,Formality / Audience Mismatch,0.0222,9,0.532
4950d1e85603056650e443b5df736457,1,No Smell,0.4451,Vague / Missing Context,0.2102,Format Ambiguity,0.0796,Formality / Audience Mismatch,0.0793,579,0.641
8de0cf58246d2bcda01cb387a5abc8db,1,No Smell,0.4341,Vague / Missing Context,0.2259,Format Ambiguity,0.0762,Formality / Audience Mismatch,0.0745,590,0.643
241e7a811dde7be55e0456488e5169a2,1,No Smell,0.4226,Vague / Missing Context,0.2466,Format Ambiguity,0.0939,Conflicting Constraints,0.0612,602,0.642
55c02412b4a60846f36fc93e78f8d8e1,1,No Smell,0.4897,Vague / Missing Context,0.1995,Format Ambiguity,0.0959,Conflicting Constraints,0.0601,616,0.642
200e7fb3d8d6fc19d57b733f14968850,1,Vague / Missing Context,0.3648,No Smell,0.3557,Format Ambiguity,0.1650,Formality / Audience Mismatch,0.0370,101,0.545
036caef155019cb77a86903ddb77b73d,1,No Smell,0.4278,Vague / Missing Context,0.2423,Format Ambiguity,0.1015,Conflicting Constraints,0.0632,634,0.643
0af8e358e486885ac47a0e0048b08d3e,1,No Smell,0.4136,Vague / Missing Context,0.2673,Format Ambiguity,0.1949,Ambiguous References,0.0715,96,0.545
9db6fabe2719422f37ad8cd90b98675f,1,No Smell,0.5495,Format Ambiguity,0.2767,Vague / Missing Context,0.1014,Formality / Audience Mismatch,0.0235,68,0.545
eb7c39bb8284b8a55f99b072654f9583,1,No Smell,0.4416,Vague / Missing Context,0.2446,Format Ambiguity,0.1074,Conflicting Constraints,0.0649,629,0.642
ce3147484e49db568496133fb8775e5a,1,No Smell,0.5953,Vague / Missing Context,0.1272,Format Ambiguity,0.0988,Conflicting Constraints,0.0654,732,0.737
ce3147484e49db568496133fb8775e5a,2,No Smell,0.6315,Format Ambiguity,0.2076,Vague / Missing Context,0.1076,Formality / Audience Mismatch,0.0207,53,0.063
ce3147484e49db568496133fb8775e5a,3,No Smell,0.3488,Vague / Missing Context,0.2855,Format Ambiguity,0.1786,Ambiguous References,0.0883,111,0.555
fa79ccbb0017f23756efdb3a7bc35558,1,No Smell,0.3869,Vague / Missing Context,0.2557,Format Ambiguity,0.1081,Conflicting Constraints,0.0725,680,0.665
d05b0c986d3cbf2ce8ac320372082330,1,Vague / Missing Context,0.4497,No Smell,0.2319,Format Ambiguity,0.2103,Ambiguous References,0.0375,18,0.531
d05b0c986d3cbf2ce8ac320372082330,3,No Smell,0.4007,Vague / Missing Context,0.2287,Format Ambiguity,0.2028,Ambiguous References,0.0483,98,0.544
e47d45d176ccbb5190410c1383199609,1,No Smell,0.4237,Vague / Missing Context,0.2583,Format Ambiguity,0.1041,Formality / Audience Mismatch,0.0570,660,0.663
53da976f2c49a29cc38fb6f9b592bc48,1,No Smell,0.4520,Format Ambiguity,0.2382,Vague / Missing Context,0.1179,Ambiguous References,0.0567,91,0.544
53da976f2c49a29cc38fb6f9b592bc48,2,No Smell,0.5466,Format Ambiguity,0.2273,Vague / Missing Context,0.1515,Formality / Audience Mismatch,0.0313,29,0.532
53da976f2c49a29cc38fb6f9b592bc48,3,Vague / Missing Context,0.3698,Format Ambiguity,0.3087,No Smell,0.2283,Ambiguous References,0.0388,17,0.543
53da976f2c49a29cc38fb6f9b592bc48,4,No Smell,0.3755,Format Ambiguity,0.3460,Vague / Missing Context,0.2129,Formality / Audience Mismatch,0.0212,7,0.531
2a7907c14be4b2974aaeaaa910fb9cb1,1,No Smell,0.4339,Vague / Missing Context,0.2443,Format Ambiguity,0.0890,Conflicting Constraints,0.0654,533,0.617
8a895508a1e2794b365d81768625bf7f,1,No Smell,0.3807,Vague / Missing Context,0.2456,Format Ambiguity,0.2207,Formality / Audience Mismatch,0.0434,183,0.558
efc42edaf00e52d833aa6cebb5de54f3,1,Vague / Missing Context,0.4846,No Smell,0.2321,Ambiguous References,0.1119,Format Ambiguity,0.0956,46,0.541
05fca4ceb71731de3d661b5faa5e95e2,1,Vague / Missing Context,0.3794,No Smell,0.3027,Format Ambiguity,0.1252,Formality / Audience Mismatch,0.0623,32,0.543
05fca4ceb71731de3d661b5faa5e95e2,2,Vague / Missing Context,0.4258,No Smell,0.2878,Format Ambiguity,0.1323,Ambiguous References,0.0549,33,0.543
05fca4ceb71731de3d661b5faa5e95e2,3,No Smell,0.4343,Vague / Missing Context,0.3587,Format Ambiguity,0.1194,Ambiguous References,0.0357,82,0.545
05fca4ceb71731de3d661b5faa5e95e2,4,No Smell,0.4448,Vague / Missing Context,0.3211,Format Ambiguity,0.1348,Ambiguous References,0.0312,83,0.545
e2b4e8bc5684db282fb6f0252f6617b2,1,No Smell,0.6966,Conflicting Constraints,0.0667,Formality / Audience Mismatch,0.0651,Format Ambiguity,0.0629,2178,0.985
e2b4e8bc5684db282fb6f0252f6617b2,2,No Smell,0.6356,Format Ambiguity,0.1651,Formality / Audience Mismatch,0.0545,Vague / Missing Context,0.0512,402,0.596
e2b4e8bc5684db282fb6f0252f6617b2,3,No Smell,0.7917,Format Ambiguity,0.0733,Conflicting Constraints,0.0489,Formality / Audience Mismatch,0.0427,398,0.593
8232c356df6d444819b7852968c43164,1,Vague / Missing Context,0.4380,No Smell,0.1767,Format Ambiguity,0.1517,Ambiguous References,0.0644,349,0.591
98f3acc682c2ba3e248782ef364b4d10,1,No Smell,0.7981,Format Ambiguity,0.0730,Formality / Audience Mismatch,0.0447,Conflicting Constraints,0.0430,397,0.590
736828ce766e108f9ba04b1b7888da48,2,No Smell,0.7005,Format Ambiguity,0.2147,Vague / Missing Context,0.0471,Formality / Audience Mismatch,0.0163,25,0.542
736828ce766e108f9ba04b1b7888da48,3,Vague / Missing Context,0.5238,No Smell,0.1883,Format Ambiguity,0.1691,Ambiguous References,0.0498,29,0.542
7fb9164a58b7a85fdc55dc13296adc61,1,No Smell,0.3519,Vague / Missing Context,0.2635,Format Ambiguity,0.1618,Conflicting Constraints,0.0571,413,0.613
f5d0d8939fb06286aac1828c0b49cf21,1,Vague / Missing Context,0.3335,No Smell,0.2626,Format Ambiguity,0.1387,Bias / Loaded Framing,0.0590,427,0.614
c49358634fb2c62b89631049d8f97d27,1,No Smell,0.3691,Vague / Missing Context,0.2810,Format Ambiguity,0.1480,Ambiguous References,0.1086,118,0.556
c49358634fb2c62b89631049d8f97d27,2,No Smell,0.6344,Format Ambiguity,0.2376,Vague / Missing Context,0.0455,Formality / Audience Mismatch,0.0345,56,0.544
5c13336f430b7aa1a528e914cbbf552f,1,No Smell,0.3262,Vague / Missing Context,0.2766,Format Ambiguity,0.1753,Ambiguous References,0.1321,103,0.556
5c13336f430b7aa1a528e914cbbf552f,2,No Smell,0.3503,Vague / Missing Context,0.2504,Format Ambiguity,0.2130,Ambiguous References,0.0898,96,0.556
5c13336f430b7aa1a528e914cbbf552f,3,No Smell,0.3742,Vague / Missing Context,0.2871,Format Ambiguity,0.1590,Ambiguous References,0.1012,78,0.544
5c13336f430b7aa1a528e914cbbf552f,4,No Smell,0.4741,Format Ambiguity,0.1979,Vague / Missing Context,0.1666,Ambiguous References,0.0752,104,0.555
5c13336f430b7aa1a528e914cbbf552f,5,No Smell,0.4614,Vague / Missing Context,0.2043,Format Ambiguity,0.1619,Ambiguous References,0.1032,141,0.569
5c13336f430b7aa1a528e914cbbf552f,6,No Smell,0.4870,Format Ambiguity,0.1758,Vague / Missing Context,0.1512,Ambiguous References,0.0982,97,0.556
5c13336f430b7aa1a528e914cbbf552f,7,No Smell,0.5237,Format Ambiguity,0.1910,Vague / Missing Context,0.1237,Ambiguous References,0.0788,98,0.556
60eee059ea260701682621120a14fa98,1,Vague / Missing Context,0.3280,No Smell,0.2904,Format Ambiguity,0.1135,Conflicting Constraints,0.0654,439,0.614
887a38bff87ba2a969144b72410ea502,1,Vague / Missing Context,0.2831,No Smell,0.2485,Format Ambiguity,0.1184,Bias / Loaded Framing,0.1169,1322,0.074
30a781fe14d076ccb839fd031dc4f0c7,1,Vague / Missing Context,0.3280,No Smell,0.2904,Format Ambiguity,0.1135,Conflicting Constraints,0.0654,439,0.064
16616ebb5242bb46636b51ac08dd7556,1,Vague / Missing Context,0.2831,No Smell,0.2485,Format Ambiguity,0.1184,Bias / Loaded Framing,0.1169,1322,0.072
935fab9248630f2865d125a2b37e0276,1,Vague / Missing Context,0.2831,No Smell,0.2485,Format Ambiguity,0.1184,Bias / Loaded Framing,0.1169,1322,0.055
f34ce669ccc5ba8b04d35fe66e2bd9e8,1,Vague / Missing Context,0.2831,No Smell,0.2485,Format Ambiguity,0.1184,Bias / Loaded Framing,0.1169,1322,0.056
f04db073ccebeb7c2c48d11f16b190ae,1,No Smell,0.3864,Vague / Missing Context,0.2638,Format Ambiguity,0.1067,Formality / Audience Mismatch,0.0660,474,0.614
60bb12808e8eec5e5904768cd5f86f31,1,Vague / Missing Context,0.4286,No Smell,0.1995,Format Ambiguity,0.1273,Ambiguous References,0.0552,248,0.589
cf770dc4fb4dd2cd133bb9de7a5f7ca4,1,Vague / Missing Context,0.3602,No Smell,0.2520,Format Ambiguity,0.1167,Conflicting Constraints,0.0631,452,0.615
85ba770ce4d92548a5f3332b58250fb3,1,No Smell,0.6128,Format Ambiguity,0.2041,Vague / Missing Context,0.1112,Conflicting Constraints,0.0273,59,0.543
c1f6e556d6e36a584bd88972e8e217b4,1,Vague / Missing Context,0.2831,No Smell,0.2485,Format Ambiguity,0.1184,Bias / Loaded Framing,0.1169,1322,0.074
43bb459f6a3faee9e5961a264be35c70,1,No Smell,0.5831,Vague / Missing Context,0.1755,Format Ambiguity,0.1507,Formality / Audience Mismatch,0.0326,179,0.566
43bb459f6a3faee9e5961a264be35c70,2,Vague / Missing Context,0.3704,No Smell,0.3634,Format Ambiguity,0.1717,Ambiguous References,0.0332,40,0.545
43bb459f6a3faee9e5961a264be35c70,3,No Smell,0.4742,Vague / Missing Context,0.2656,Format Ambiguity,0.1607,Ambiguous References,0.0355,82,0.545
43bb459f6a3faee9e5961a264be35c70,4,No Smell,0.3955,Vague / Missing Context,0.3359,Format Ambiguity,0.1511,Formality / Audience Mismatch,0.0418,73,0.544
43bb459f6a3faee9e5961a264be35c70,5,No Smell,0.3966,Format Ambiguity,0.3277,Vague / Missing Context,0.1684,Ambiguous References,0.0370,30,0.542
43bb459f6a3faee9e5961a264be35c70,6,No Smell,0.3851,Vague / Missing Context,0.3339,Format Ambiguity,0.1224,Ambiguous References,0.0614,227,0.570
43bb459f6a3faee9e5961a264be35c70,7,No Smell,0.4421,Vague / Missing Context,0.2770,Format Ambiguity,0.1509,Ambiguous References,0.0524,153,0.558
43bb459f6a3faee9e5961a264be35c70,8,Vague / Missing Context,0.4192,No Smell,0.3353,Format Ambiguity,0.1495,Formality / Audience Mismatch,0.0312,55,0.542
8db8a346e50a8aee9a28c4249c2127e3,1,No Smell,0.6953,Format Ambiguity,0.1722,Vague / Missing Context,0.0884,Conflicting Constraints,0.0173,54,0.543
2d29f847ead4d6483b60bd51427672af,1,No Smell,0.3957,Vague / Missing Context,0.3308,Format Ambiguity,0.1671,Ambiguous References,0.0380,48,0.543
2d29f847ead4d6483b60bd51427672af,2,No Smell,0.3967,Vague / Missing Context,0.3427,Format Ambiguity,0.1747,Ambiguous References,0.0259,35,0.542
2d29f847ead4d6483b60bd51427672af,3,No Smell,0.4655,Format Ambiguity,0.2227,Vague / Missing Context,0.2102,Conflicting Constraints,0.0380,61,0.542
e135a6e773a8751c9629923ce93008f1,2,No Smell,0.4898,Format Ambiguity,0.1845,Vague / Missing Context,0.1759,Ambiguous References,0.0644,108,0.555
e135a6e773a8751c9629923ce93008f1,3,No Smell,0.5235,Format Ambiguity,0.1756,Vague / Missing Context,0.1608,Ambiguous References,0.0541,129,0.557
e135a6e773a8751c9629923ce93008f1,4,No Smell,0.4759,Format Ambiguity,0.2194,Vague / Missing Context,0.1470,Ambiguous References,0.0776,94,0.544
e135a6e773a8751c9629923ce93008f1,5,No Smell,0.5206,Format Ambiguity,0.2174,Vague / Missing Context,0.1220,Ambiguous References,0.0718,118,0.558
e135a6e773a8751c9629923ce93008f1,6,No Smell,0.4097,Format Ambiguity,0.2216,Vague / Missing Context,0.2026,Ambiguous References,0.0823,84,0.544
b6a55f4d4bc31b4603336c52eaf7025f,1,Vague / Missing Context,0.3501,No Smell,0.2298,Bias / Loaded Framing,0.1006,Format Ambiguity,0.0951,1814,1.129
8979b31eb5a7c82654f61849fbe8870f,1,No Smell,0.3857,Vague / Missing Context,0.2769,Format Ambiguity,0.0930,Bias / Loaded Framing,0.0683,611,0.642
775bed6dae9f7539580a237808da7939,1,Vague / Missing Context,0.3501,No Smell,0.2298,Bias / Loaded Framing,0.1006,Format Ambiguity,0.0951,1814,0.078
41fc4da2d2696c6c42eb9085a3b51d9d,1,Vague / Missing Context,0.3501,No Smell,0.2298,Bias / Loaded Framing,0.1006,Format Ambiguity,0.0951,1814,0.058
b3677a94e4ee3817c869b5a10994ae8b,1,Vague / Missing Context,0.3501,No Smell,0.2298,Bias / Loaded Framing,0.1006,Format Ambiguity,0.0951,1814,0.061
5e34f52bcb1de840f46a5ba102a2b3fc,1,No Smell,0.6954,Format Ambiguity,0.1700,Vague / Missing Context,0.0371,Conflicting Constraints,0.0345,268,0.587
12424bc34b2cfcc1c502406dc361d712,1,Vague / Missing Context,0.3501,No Smell,0.2298,Bias / Loaded Framing,0.1006,Format Ambiguity,0.0951,1814,0.079
f11da4480e2eb024d78b8cc451a66ba7,1,No Smell,0.3878,Vague / Missing Context,0.2488,Format Ambiguity,0.1003,Conflicting Constraints,0.0740,632,0.642
f11da4480e2eb024d78b8cc451a66ba7,2,No Smell,0.5195,Format Ambiguity,0.2356,Vague / Missing Context,0.1620,Conflicting Constraints,0.0296,65,0.544
d6c5e4af8f11e036c193bdaa7c76bfca,1,No Smell,0.3446,Vague / Missing Context,0.2326,Format Ambiguity,0.2017,Bias / Loaded Framing,0.0638,705,0.664
78ef67f4ad98f3fb4b49aeff9e858173,1,No Smell,0.4566,Vague / Missing Context,0.1300,Bias / Loaded Framing,0.0994,Formality / Audience Mismatch,0.0945,803,0.667
d2c1730f0e631d8383d1bfdb099fb988,1,No Smell,0.7263,Vague / Missing Context,0.0781,Conflicting Constraints,0.0618,Format Ambiguity,0.0447,2541,1.049
f9de115677e069cdc53ae77271fd2bab,1,No Smell,0.5273,Vague / Missing Context,0.1999,Format Ambiguity,0.1965,Formality / Audience Mismatch,0.0295,98,0.557
d292ee3fed175694aa09539f550d3330,1,No Smell,0.5353,Format Ambiguity,0.1772,Vague / Missing Context,0.1436,Ambiguous References,0.0560,124,0.559
d292ee3fed175694aa09539f550d3330,2,Vague / Missing Context,0.5364,No Smell,0.1647,Ambiguous References,0.1235,Format Ambiguity,0.0959,48,0.543
d292ee3fed175694aa09539f550d3330,3,No Smell,0.3752,Format Ambiguity,0.2077,Vague / Missing Context,0.1868,Ambiguous References,0.1377,124,0.555
d292ee3fed175694aa09539f550d3330,4,No Smell,0.5560,Format Ambiguity,0.1956,Vague / Missing Context,0.1074,Ambiguous References,0.0577,160,0.568
08a3f5a79944fa20e8b21ff6452a40c2,1,No Smell,0.4912,Format Ambiguity,0.2788,Vague / Missing Context,0.1835,Conflicting Constraints,0.0188,39,0.541
08a3f5a79944fa20e8b21ff6452a40c2,2,Format Ambiguity,0.7647,No Smell,0.1556,Vague / Missing Context,0.0527,Formality / Audience Mismatch,0.0076,35,0.542
08a3f5a79944fa20e8b21ff6452a40c2,3,No Smell,0.5457,Format Ambiguity,0.3450,Vague / Missing Context,0.0419,Conflicting Constraints,0.0282,77,0.543
08a3f5a79944fa20e8b21ff6452a40c2,4,No Smell,0.6959,Format Ambiguity,0.2495,Formality / Audience Mismatch,0.0155,Vague / Missing Context,0.0151,24,0.532
08a3f5a79944fa20e8b21ff6452a40c2,5,Format Ambiguity,0.6396,No Smell,0.2947,Vague / Missing Context,0.0343,Conflicting Constraints,0.0130,74,0.543
c6bcf1707691b85da82f24142f518571,1,No Smell,0.4522,Vague / Missing Context,0.1404,Formality / Audience Mismatch,0.1062,Bias / Loaded Framing,0.1057,817,0.667
c6bcf1707691b85da82f24142f518571,2,Vague / Missing Context,0.3191,No Smell,0.2844,Format Ambiguity,0.1397,Conflicting Constraints,0.0583,110,0.555
be7132e28e882bae24f7f0c2af15b8d5,1,No Smell,0.4343,Vague / Missing Context,0.1389,Bias / Loaded Framing,0.1216,Formality / Audience Mismatch,0.1140,772,0.672
105f771f6ef97f8d9b3478f606d7509f,1,Vague / Missing Context,0.4037,No Smell,0.2378,Format Ambiguity,0.1196,Ambiguous References,0.0515,372,0.612
6899c0908e805eb0c5d6330ceeae580c,1,No Smell,0.6548,Vague / Missing Context,0.1683,Format Ambiguity,0.0850,Conflicting Constraints,0.0391,121,0.660
6899c0908e805eb0c5d6330ceeae580c,2,No Smell,0.5578,Vague / Missing Context,0.2523,Format Ambiguity,0.0887,Conflicting Constraints,0.0376,122,0.658
a7e5b7ad6d04970dedde9c35eb546df4,1,No Smell,0.6216,Format Ambiguity,0.2031,Vague / Missing Context,0.1025,Formality / Audience Mismatch,0.0251,11,0.530
aeaaf7d61fb200c27dc21eaeab6534a5,1,Vague / Missing Context,0.3910,No Smell,0.2631,Format Ambiguity,0.1173,Bias / Loaded Framing,0.0507,383,0.612
765d00742aa433c7da83c7371d40f0a1,1,No Smell,0.3914,Vague / Missing Context,0.1580,Formality / Audience Mismatch,0.1135,Bias / Loaded Framing,0.1133,733,0.663
6697c3e390fe1d671269a9c8dc89e32d,1,Vague / Missing Context,0.3869,No Smell,0.2156,Format Ambiguity,0.1279,Bias / Loaded Framing,0.0578,411,0.612
c0a6555a2e066b6dd30843077e28d384,1,No Smell,0.3772,Vague / Missing Context,0.1791,Formality / Audience Mismatch,0.1157,Bias / Loaded Framing,0.1141,758,0.666
4b4b14f2fe282ec2d1c2b8e13ada3de1,1,Vague / Missing Context,0.3449,No Smell,0.2193,Format Ambiguity,0.1328,Ambiguous References,0.0640,456,0.615
e89ed0ef4724e9b58430b386c9b55cc6,1,Vague / Missing Context,0.3327,No Smell,0.1926,Format Ambiguity,0.1497,Conflicting Constraints,0.0706,624,0.643
ee36eeb7ad1c806a7ec4d4c1213dfe09,1,No Smell,0.4513,Vague / Missing Context,0.1708,Conflicting Constraints,0.0824,Formality / Audience Mismatch,0.0805,782,0.667
138fda61fb28a9613558942c0e735dc2,1,No Smell,0.7962,Format Ambiguity,0.0737,Formality / Audience Mismatch,0.0493,Conflicting Constraints,0.0307,514,0.617
138fda61fb28a9613558942c0e735dc2,2,No Smell,0.4644,Format Ambiguity,0.3269,Vague / Missing Context,0.1350,Formality / Audience Mismatch,0.0301,28,0.543
813ec253d1d6505056dea915726e0380,1,No Smell,0.6373,Format Ambiguity,0.2310,Vague / Missing Context,0.0816,Formality / Audience Mismatch,0.0215,16,0.531
813ec253d1d6505056dea915726e0380,5,No Smell,0.6488,Format Ambiguity,0.2500,Vague / Missing Context,0.0343,Formality / Audience Mismatch,0.0262,70,0.543
813ec253d1d6505056dea915726e0380,6,No Smell,0.7203,Format Ambiguity,0.1418,Vague / Missing Context,0.0667,Formality / Audience Mismatch,0.0303,198,0.570
813ec253d1d6505056dea915726e0380,7,No Smell,0.5715,Format Ambiguity,0.2955,Vague / Missing Context,0.0753,Formality / Audience Mismatch,0.0229,35,0.542
813ec253d1d6505056dea915726e0380,8,No Smell,0.4976,Vague / Missing Context,0.2866,Format Ambiguity,0.1450,Formality / Audience Mismatch,0.0230,46,0.543
813ec253d1d6505056dea915726e0380,9,Vague / Missing Context,0.5748,No Smell,0.1891,Ambiguous References,0.0789,Format Ambiguity,0.0631,24,0.531
813ec253d1d6505056dea915726e0380,10,No Smell,0.3642,Vague / Missing Context,0.2493,Bias / Loaded Framing,0.2245,Ambiguous References,0.0569,57,0.543
813ec253d1d6505056dea915726e0380,11,No Smell,0.5283,Vague / Missing Context,0.2197,Format Ambiguity,0.1384,Formality / Audience Mismatch,0.0391,114,0.556
813ec253d1d6505056dea915726e0380,12,Format Ambiguity,0.4037,No Smell,0.2524,Vague / Missing Context,0.1515,Ambiguous References,0.0551,78,0.544
813ec253d1d6505056dea915726e0380,13,No Smell,0.6861,Format Ambiguity,0.2205,Vague / Missing Context,0.0452,Formality / Audience Mismatch,0.0198,26,0.532
813ec253d1d6505056dea915726e0380,14,No Smell,0.6445,Format Ambiguity,0.1921,Vague / Missing Context,0.1005,Formality / Audience Mismatch,0.0306,28,0.542
813ec253d1d6505056dea915726e0380,15,No Smell,0.5926,Format Ambiguity,0.1679,Vague / Missing Context,0.1159,Formality / Audience Mismatch,0.0469,62,0.543
813ec253d1d6505056dea915726e0380,16,No Smell,0.4342,Format Ambiguity,0.2240,Vague / Missing Context,0.1603,Ambiguous References,0.1210,67,0.543
813ec253d1d6505056dea915726e0380,17,No Smell,0.5316,Format Ambiguity,0.1860,Vague / Missing Context,0.1406,Ambiguous References,0.0354,275,0.589
813ec253d1d6505056dea915726e0380,18,Vague / Missing Context,0.5637,No Smell,0.2370,Format Ambiguity,0.0783,Ambiguous References,0.0314,16,0.531
813ec253d1d6505056dea915726e0380,20,No Smell,0.3845,Vague / Missing Context,0.2541,Format Ambiguity,0.1575,Formality / Audience Mismatch,0.0841,27,0.531
813ec253d1d6505056dea915726e0380,21,No Smell,0.8089,Format Ambiguity,0.1247,Formality / Audience Mismatch,0.0223,Vague / Missing Context,0.0140,768,1.159
813ec253d1d6505056dea915726e0380,22,No Smell,0.4638,Vague / Missing Context,0.3231,Format Ambiguity,0.1237,Formality / Audience Mismatch,0.0359,41,0.544
813ec253d1d6505056dea915726e0380,23,No Smell,0.6275,Format Ambiguity,0.2023,Vague / Missing Context,0.1121,Formality / Audience Mismatch,0.0215,31,0.534
813ec253d1d6505056dea915726e0380,24,No Smell,0.5788,Format Ambiguity,0.2899,Vague / Missing Context,0.0928,Conflicting Constraints,0.0145,47,0.543
813ec253d1d6505056dea915726e0380,25,Vague / Missing Context,0.5467,No Smell,0.2196,Ambiguous References,0.0773,Format Ambiguity,0.0619,87,0.545
813ec253d1d6505056dea915726e0380,26,No Smell,0.5522,Format Ambiguity,0.2132,Vague / Missing Context,0.1779,Conflicting Constraints,0.0206,33,0.543
c39b70dc6e5ca495c9b92eeb6c8aa42f,1,No Smell,0.4084,Vague / Missing Context,0.1531,Bias / Loaded Framing,0.1208,Formality / Audience Mismatch,0.1043,816,0.672
8437aa8c170120ef46e1e196d2259c60,1,No Smell,0.3643,Vague / Missing Context,0.1696,Bias / Loaded Framing,0.1248,Formality / Audience Mismatch,0.1102,817,0.690
f50810b1aa576a6aa082c2e63994273d,1,No Smell,0.3643,Vague / Missing Context,0.1696,Bias / Loaded Framing,0.1248,Formality / Audience Mismatch,0.1102,817,0.055
e9a9502d645391df297f6cff538be34f,1,No Smell,0.8536,Format Ambiguity,0.0737,Formality / Audience Mismatch,0.0224,Conflicting Constraints,0.0207,226,0.569
e9a9502d645391df297f6cff538be34f,2,No Smell,0.7392,Format Ambiguity,0.1362,Conflicting Constraints,0.0372,Formality / Audience Mismatch,0.0355,419,0.594
581d5205da76b81d1fc62cdc85ea05bc,1,No Smell,0.3729,Vague / Missing Context,0.1856,Bias / Loaded Framing,0.1060,Conflicting Constraints,0.0859,817,0.691
e4e585cf51d03953523b97fd32fbe825,1,No Smell,0.7311,Format Ambiguity,0.1497,Conflicting Constraints,0.0350,Formality / Audience Mismatch,0.0329,418,0.592
3f2c785cae90c5b82ed677c3d14f6437,1,No Smell,0.6068,Format Ambiguity,0.2202,Vague / Missing Context,0.1188,Formality / Audience Mismatch,0.0216,16,0.534
3f2c785cae90c5b82ed677c3d14f6437,2,No Smell,0.4830,Vague / Missing Context,0.3171,Format Ambiguity,0.1442,Formality / Audience Mismatch,0.0238,29,0.541
8603be60215ee300e16630f575682d45,1,No Smell,0.3729,Vague / Missing Context,0.1856,Bias / Loaded Framing,0.1060,Conflicting Constraints,0.0859,817,0.068
ba9370980f3ce4fe07c13c892c168891,1,Vague / Missing Context,0.3406,No Smell,0.2033,Format Ambiguity,0.1288,Bias / Loaded Framing,0.0715,672,0.660
03f66d6fa3015364223a54847c0b0312,1,No Smell,0.3729,Vague / Missing Context,0.1856,Bias / Loaded Framing,0.1060,Conflicting Constraints,0.0859,817,0.069
03f66d6fa3015364223a54847c0b0312,2,Vague / Missing Context,0.4676,No Smell,0.1794,Ambiguous References,0.1469,Format Ambiguity,0.0693,141,0.555
44ec945b8fbd3c63f7db535fae996f92,1,No Smell,0.3676,Vague / Missing Context,0.1857,Bias / Loaded Framing,0.1072,Format Ambiguity,0.0834,830,0.691
497e2972d969161b82377cbd793607cd,1,Vague / Missing Context,0.4574,No Smell,0.1542,Format Ambiguity,0.0906,Bias / Loaded Framing,0.0799,687,0.664
912f2419fe58bac2e64a1c47c8bd9596,1,Vague / Missing Context,0.4574,No Smell,0.1542,Format Ambiguity,0.0906,Bias / Loaded Framing,0.0799,687,0.054
d164c9ad991240d567feb41a2de18888,1,No Smell,0.5588,Format Ambiguity,0.1560,Vague / Missing Context,0.1417,Formality / Audience Mismatch,0.0485,192,0.568
d164c9ad991240d567feb41a2de18888,2,No Smell,0.4990,Vague / Missing Context,0.1773,Format Ambiguity,0.1737,Formality / Audience Mismatch,0.0439,289,0.613
d164c9ad991240d567feb41a2de18888,3,No Smell,0.4940,Vague / Missing Context,0.2013,Format Ambiguity,0.1515,Formality / Audience Mismatch,0.0459,272,0.592
d164c9ad991240d567feb41a2de18888,4,No Smell,0.5570,Vague / Missing Context,0.1792,Format Ambiguity,0.1309,Formality / Audience Mismatch,0.0441,219,0.590
d164c9ad991240d567feb41a2de18888,5,No Smell,0.5397,Vague / Missing Context,0.1719,Format Ambiguity,0.1589,Formality / Audience Mismatch,0.0454,177,0.570
d164c9ad991240d567feb41a2de18888,6,No Smell,0.5705,Vague / Missing Context,0.1486,Format Ambiguity,0.1396,Formality / Audience Mismatch,0.0545,173,0.569
d164c9ad991240d567feb41a2de18888,7,No Smell,0.5828,Format Ambiguity,0.1538,Vague / Missing Context,0.1498,Formality / Audience Mismatch,0.0438,184,0.571
d164c9ad991240d567feb41a2de18888,8,No Smell,0.5925,Vague / Missing Context,0.1576,Format Ambiguity,0.1532,Formality / Audience Mismatch,0.0398,165,0.570
dc7ca1115543a57b7936a743cad7f3fe,1,Vague / Missing Context,0.4379,No Smell,0.1676,Format Ambiguity,0.0978,Bias / Loaded Framing,0.0732,693,0.670
df2c876f974a75a8b11cb87cf35dfc2b,1,No Smell,0.4229,Vague / Missing Context,0.1465,Format Ambiguity,0.1419,Bias / Loaded Framing,0.0825,937,0.705
e7a94bc09c0e803921830df923a765b9,1,No Smell,0.3724,Vague / Missing Context,0.1804,Format Ambiguity,0.1227,Bias / Loaded Framing,0.0894,940,0.707
4835c04bbb449ec97049eef3abb861cb,1,Vague / Missing Context,0.3832,No Smell,0.2114,Format Ambiguity,0.0907,Bias / Loaded Framing,0.0785,791,0.699
00e997198d9ee26dfffabad0b6bf83a1,1,No Smell,0.4037,Vague / Missing Context,0.1757,Format Ambiguity,0.1416,Bias / Loaded Framing,0.0743,940,0.710
c0b48aae0c5ccf63a065b0ab9cfc4a65,1,Vague / Missing Context,0.5106,No Smell,0.3166,Format Ambiguity,0.0814,Ambiguous References,0.0346,67,0.546
c0b48aae0c5ccf63a065b0ab9cfc4a65,2,No Smell,0.6620,Format Ambiguity,0.2379,Vague / Missing Context,0.0644,Formality / Audience Mismatch,0.0158,11,0.533
c0b48aae0c5ccf63a065b0ab9cfc4a65,3,No Smell,0.4774,Format Ambiguity,0.2327,Vague / Missing Context,0.2180,Formality / Audience Mismatch,0.0252,45,0.542
c0b48aae0c5ccf63a065b0ab9cfc4a65,4,No Smell,0.7050,Format Ambiguity,0.1837,Vague / Missing Context,0.0669,Formality / Audience Mismatch,0.0228,34,0.542
c0b48aae0c5ccf63a065b0ab9cfc4a65,5,No Smell,0.6283,Format Ambiguity,0.2199,Vague / Missing Context,0.0758,Formality / Audience Mismatch,0.0327,36,0.543
c0b48aae0c5ccf63a065b0ab9cfc4a65,6,No Smell,0.5109,Format Ambiguity,0.3131,Vague / Missing Context,0.1231,Formality / Audience Mismatch,0.0185,32,0.531
c0b48aae0c5ccf63a065b0ab9cfc4a65,7,No Smell,0.7214,Format Ambiguity,0.1657,Vague / Missing Context,0.0736,Formality / Audience Mismatch,0.0177,25,0.531
d9e18b85abb8f94a87ba2ed612246ffb,1,No Smell,0.5595,Vague / Missing Context,0.1572,Format Ambiguity,0.1472,Formality / Audience Mismatch,0.0443,250,0.591
15495e8ad0967e662fa324fd8866338f,1,Vague / Missing Context,0.3840,No Smell,0.2105,Format Ambiguity,0.1034,Bias / Loaded Framing,0.0852,784,0.691
89b83081c904ab124a273701f9499941,1,No Smell,0.3886,Vague / Missing Context,0.1854,Format Ambiguity,0.1091,Bias / Loaded Framing,0.0954,677,0.663
442e2b41d3167cd6c848a9cf87457c8c,1,Vague / Missing Context,0.3840,No Smell,0.2105,Format Ambiguity,0.1034,Bias / Loaded Framing,0.0852,784,0.070
5d12498f03799f0e25ba8b7fb6ab1305,1,No Smell,0.4029,Vague / Missing Context,0.1671,Format Ambiguity,0.1123,Bias / Loaded Framing,0.0848,708,0.660
d32d00b7c9b1582da79d2f04a36fbb73,1,Vague / Missing Context,0.6069,No Smell,0.1338,Ambiguous References,0.0996,Format Ambiguity,0.0710,97,0.546
0bb78355ef31ff0c79587b73969bccb5,1,Vague / Missing Context,0.3959,No Smell,0.2026,Format Ambiguity,0.1009,Bias / Loaded Framing,0.0728,826,0.701
2a810fb4b8d1a94f1457890b369d7bc5,1,Vague / Missing Context,0.3959,No Smell,0.2026,Format Ambiguity,0.1009,Bias / Loaded Framing,0.0728,826,0.053
e8ed61b314481c70007bb2a366cd4a1a,1,No Smell,0.4104,Vague / Missing Context,0.1703,Format Ambiguity,0.1312,Bias / Loaded Framing,0.0796,750,0.663
a40c5638ec3db463740906bc54ef68c7,1,Vague / Missing Context,0.3840,No Smell,0.2105,Format Ambiguity,0.1034,Bias / Loaded Framing,0.0852,784,0.068
9ea702171237226f44eab744785322cc,1,No Smell,0.4104,Vague / Missing Context,0.1703,Format Ambiguity,0.1312,Bias / Loaded Framing,0.0796,750,0.066
5bccbd04802925a323a3319bc5e0424d,1,No Smell,0.6258,Vague / Missing Context,0.1579,Format Ambiguity,0.1026,Conflicting Constraints,0.0430,1797,0.864
deb9ff189fb319464bb684e768682a70,1,No Smell,0.5891,Vague / Missing Context,0.1759,Format Ambiguity,0.1570,Formality / Audience Mismatch,0.0262,93,0.557
d1eebdbb4378d671909537307013e2b5,1,No Smell,0.3847,Vague / Missing Context,0.1762,Format Ambiguity,0.1300,Bias / Loaded Framing,0.0851,754,0.667
e0827f6cf1d283c61a0056528da3390e,1,Vague / Missing Context,0.3872,No Smell,0.2147,Format Ambiguity,0.0908,Bias / Loaded Framing,0.0821,792,0.698
a9634a0407fc6fd27aad3a0401c322bd,1,No Smell,0.5963,Format Ambiguity,0.1562,Vague / Missing Context,0.1064,Conflicting Constraints,0.0568,259,0.569
a9634a0407fc6fd27aad3a0401c322bd,2,No Smell,0.6411,Format Ambiguity,0.2354,Vague / Missing Context,0.0704,Conflicting Constraints,0.0165,29,0.545
5798a4a99599fd1dba130db06aaa0b45,1,Vague / Missing Context,0.4256,No Smell,0.1925,Format Ambiguity,0.0846,Bias / Loaded Framing,0.0748,796,0.697
b2ba5413ba6f1cfa23a7a2fe597631ba,1,No Smell,0.4372,Vague / Missing Context,0.1577,Format Ambiguity,0.1322,Bias / Loaded Framing,0.0740,761,0.667
d02a8ce8c9eacb6d88a48b62475f174d,1,Vague / Missing Context,0.4256,No Smell,0.1925,Format Ambiguity,0.0846,Bias / Loaded Framing,0.0748,796,0.068
d799877c79c7e7a5bff0c71291e22737,1,Vague / Missing Context,0.4092,No Smell,0.2065,Format Ambiguity,0.0812,Bias / Loaded Framing,0.0772,805,0.697
9a5d4349338507e5ffc9ecc979885b12,1,No Smell,0.4163,Vague / Missing Context,0.1608,Format Ambiguity,0.1138,Bias / Loaded Framing,0.0945,778,0.666
6b775da82214d57b81b1675717eb3232,1,No Smell,0.5526,Vague / Missing Context,0.1532,Format Ambiguity,0.1502,Formality / Audience Mismatch,0.0484,241,0.591
0d25c2b68dae714b2f091aef34490bc7,1,Vague / Missing Context,0.3681,No Smell,0.2348,Bias / Loaded Framing,0.0967,Format Ambiguity,0.0819,868,0.701
176f54689c7eadbdde9e1bfe7ece482c,1,No Smell,0.4756,Format Ambiguity,0.3427,Vague / Missing Context,0.0988,Formality / Audience Mismatch,0.0258,485,1.169
176f54689c7eadbdde9e1bfe7ece482c,3,Format Ambiguity,0.4017,No Smell,0.3674,Vague / Missing Context,0.1359,Formality / Audience Mismatch,0.0280,511,1.166
176f54689c7eadbdde9e1bfe7ece482c,4,No Smell,0.4731,Format Ambiguity,0.2777,Vague / Missing Context,0.1564,Formality / Audience Mismatch,0.0260,1136,0.937
176f54689c7eadbdde9e1bfe7ece482c,5,No Smell,0.4946,Format Ambiguity,0.3168,Vague / Missing Context,0.1007,Formality / Audience Mismatch,0.0219,1175,1.068
55870e03cebc78abd69e192bb9bde8f9,1,No Smell,0.3590,Vague / Missing Context,0.1952,Format Ambiguity,0.1186,Bias / Loaded Framing,0.0872,777,0.665
55870e03cebc78abd69e192bb9bde8f9,2,Vague / Missing Context,0.3936,Formality / Audience Mismatch,0.2465,Bias / Loaded Framing,0.2034,No Smell,0.0625,50,0.546
1fcdc4d904e4268fc136fb39bc531402,1,No Smell,0.8412,Format Ambiguity,0.0912,Formality / Audience Mismatch,0.0218,Conflicting Constraints,0.0189,135,0.569
811cad1db0acbf392a28b77451996c2c,1,No Smell,0.4011,Vague / Missing Context,0.1905,Format Ambiguity,0.0960,Bias / Loaded Framing,0.0901,791,0.666
811cad1db0acbf392a28b77451996c2c,2,Vague / Missing Context,0.3936,Formality / Audience Mismatch,0.2465,Bias / Loaded Framing,0.2034,No Smell,0.0625,50,0.062
d43ee66832c304afd0711865aea1eeeb,1,Vague / Missing Context,0.5136,No Smell,0.1337,Format Ambiguity,0.0810,Bias / Loaded Framing,0.0768,882,0.698
64b521d9214c826f5ef91322bebbbbd8,1,Vague / Missing Context,0.5642,No Smell,0.1300,Bias / Loaded Framing,0.0690,Format Ambiguity,0.0658,883,0.705
55d5c893fd683f6f2c2d3bfc76c63032,1,No Smell,0.5129,Vague / Missing Context,0.2677,Format Ambiguity,0.1190,Formality / Audience Mismatch,0.0303,54,0.542
55d5c893fd683f6f2c2d3bfc76c63032,2,No Smell,0.4858,Vague / Missing Context,0.2394,Format Ambiguity,0.1428,Ambiguous References,0.0390,50,0.544
55d5c893fd683f6f2c2d3bfc76c63032,3,Vague / Missing Context,0.3305,No Smell,0.3207,Ambiguous References,0.1348,Format Ambiguity,0.1035,106,0.555
55d5c893fd683f6f2c2d3bfc76c63032,4,No Smell,0.5408,Format Ambiguity,0.2021,Vague / Missing Context,0.1637,Conflicting Constraints,0.0250,319,0.591
55d5c893fd683f6f2c2d3bfc76c63032,5,No Smell,0.4302,Vague / Missing Context,0.2103,Bias / Loaded Framing,0.1720,Format Ambiguity,0.0965,125,0.555
55d5c893fd683f6f2c2d3bfc76c63032,6,No Smell,0.3379,Vague / Missing Context,0.3292,Format Ambiguity,0.1329,Ambiguous References,0.1133,180,0.568
55d5c893fd683f6f2c2d3bfc76c63032,7,No Smell,0.4158,Vague / Missing Context,0.2917,Format Ambiguity,0.1577,Ambiguous References,0.0578,117,0.556
bf725df9b950d34a33cc8ad66ed7d1f9,1,No Smell,0.4011,Vague / Missing Context,0.1905,Format Ambiguity,0.0960,Bias / Loaded Framing,0.0901,791,0.068
050cd4b02ceaa9fb7b3e2bf5b20d9082,1,No Smell,0.4037,Vague / Missing Context,0.1761,Bias / Loaded Framing,0.0918,Format Ambiguity,0.0860,827,0.687
ff4541b6b4ff9d78109daf36effa64fc,1,Vague / Missing Context,0.5729,No Smell,0.1254,Bias / Loaded Framing,0.0666,Format Ambiguity,0.0573,874,0.705
454fa11627c4f4cea8ec19547849fa04,1,No Smell,0.8083,Format Ambiguity,0.1115,Conflicting Constraints,0.0259,Vague / Missing Context,0.0252,118,0.569
1eb15f4669dd3d258e25670ba42e2b16,1,Vague / Missing Context,0.3501,No Smell,0.2298,Bias / Loaded Framing,0.1006,Format Ambiguity,0.0951,1814,0.078
b3be18a7c2079eeab05e6e87d18bd406,1,Vague / Missing Context,0.5636,No Smell,0.2462,Format Ambiguity,0.0919,Ambiguous References,0.0358,47,0.543
4656ced83b3237af6632bf1ae3893b78,1,Vague / Missing Context,0.3501,No Smell,0.2298,Bias / Loaded Framing,0.1006,Format Ambiguity,0.0951,1814,0.077
074a7695689bd16f3d43c1feacdfd997,1,Vague / Missing Context,0.3501,No Smell,0.2298,Bias / Loaded Framing,0.1006,Format Ambiguity,0.0951,1814,0.059
785a83096670782e061cc2ea407c6d76,1,Vague / Missing Context,0.4767,No Smell,0.1492,Bias / Loaded Framing,0.0893,Format Ambiguity,0.0704,878,0.703
e84f507c3a88b6d64f16d1abc67745ac,2,No Smell,0.4931,Vague / Missing Context,0.2612,Format Ambiguity,0.1677,Formality / Audience Mismatch,0.0287,51,0.543
e84f507c3a88b6d64f16d1abc67745ac,3,Vague / Missing Context,0.5421,Ambiguous References,0.1682,No Smell,0.1537,Format Ambiguity,0.0982,34,0.543
e84f507c3a88b6d64f16d1abc67745ac,4,No Smell,0.6310,Vague / Missing Context,0.1622,Format Ambiguity,0.1551,Formality / Audience Mismatch,0.0228,44,0.541
e84f507c3a88b6d64f16d1abc67745ac,5,No Smell,0.7869,Format Ambiguity,0.1455,Vague / Missing Context,0.0267,Formality / Audience Mismatch,0.0172,143,0.557
a7f9a8af8bf04f533f80d4d5b4193465,7,No Smell,0.6510,Format Ambiguity,0.2247,Vague / Missing Context,0.0796,Formality / Audience Mismatch,0.0209,17,0.532
d4adc98c963ec5590638066e8c8ac8b3,1,No Smell,0.4081,Format Ambiguity,0.3847,Vague / Missing Context,0.1342,Ambiguous References,0.0239,126,0.567
d4adc98c963ec5590638066e8c8ac8b3,2,Format Ambiguity,0.3510,No Smell,0.2820,Vague / Missing Context,0.2568,Ambiguous References,0.0583,72,0.543
d4adc98c963ec5590638066e8c8ac8b3,3,No Smell,0.5131,Format Ambiguity,0.3483,Vague / Missing Context,0.0919,Formality / Audience Mismatch,0.0159,44,0.543
d4adc98c963ec5590638066e8c8ac8b3,4,No Smell,0.3167,Vague / Missing Context,0.2740,Format Ambiguity,0.2598,Ambiguous References,0.1014,20,0.543
7d9a9d52baba5458b5e241b905ffe74d,1,No Smell,0.7746,Format Ambiguity,0.1329,Vague / Missing Context,0.0326,Conflicting Constraints,0.0294,141,0.569
786d8b24bf2d090c21a846be44e01326,1,No Smell,0.4257,Vague / Missing Context,0.1426,Bias / Loaded Framing,0.1189,Formality / Audience Mismatch,0.1007,854,0.701
c784b287d76a595c6a6f019756e30805,1,Vague / Missing Context,0.3501,No Smell,0.2298,Bias / Loaded Framing,0.1006,Format Ambiguity,0.0951,1814,0.078
bfefa290050e9ec4673e2dcb0b37bb3a,1,No Smell,0.4556,Vague / Missing Context,0.1299,Bias / Loaded Framing,0.1069,Formality / Audience Mismatch,0.1025,861,0.700
461ebaad05c0f9a14f5acefa70411a10,1,Vague / Missing Context,0.3501,No Smell,0.2298,Bias / Loaded Framing,0.1006,Format Ambiguity,0.0951,1814,0.080
cf63f76341ece45f066dd001fc604980,1,No Smell,0.4972,Format Ambiguity,0.2735,Vague / Missing Context,0.1515,Conflicting Constraints,0.0289,17,0.531
cf63f76341ece45f066dd001fc604980,2,No Smell,0.4010,Vague / Missing Context,0.3386,Format Ambiguity,0.1608,Conflicting Constraints,0.0333,28,0.545
cf63f76341ece45f066dd001fc604980,3,Vague / Missing Context,0.4864,No Smell,0.2980,Format Ambiguity,0.1358,Formality / Audience Mismatch,0.0261,31,0.541
1667fed141975c82e348443d69ee5733,1,Vague / Missing Context,0.3501,No Smell,0.2298,Bias / Loaded Framing,0.1006,Format Ambiguity,0.0951,1814,0.078
ed281cb5efb34f3fc6a5e209ec1263a0,1,Vague / Missing Context,0.3501,No Smell,0.2298,Bias / Loaded Framing,0.1006,Format Ambiguity,0.0951,1814,0.059
f9c577e230850faac673df00ae166c55,1,Vague / Missing Context,0.3501,No Smell,0.2298,Bias / Loaded Framing,0.1006,Format Ambiguity,0.0951,1814,0.061
2a9fb52d482fdbeec726c9b395f61ae4,1,No Smell,0.5400,Vague / Missing Context,0.2415,Format Ambiguity,0.1652,Formality / Audience Mismatch,0.0246,42,0.541
2a9fb52d482fdbeec726c9b395f61ae4,2,Vague / Missing Context,0.3934,No Smell,0.3864,Format Ambiguity,0.1179,Ambiguous References,0.0496,51,0.546
2a9fb52d482fdbeec726c9b395f61ae4,3,No Smell,0.4626,Vague / Missing Context,0.2900,Format Ambiguity,0.1503,Formality / Audience Mismatch,0.0389,58,0.544
2a9fb52d482fdbeec726c9b395f61ae4,4,No Smell,0.5415,Vague / Missing Context,0.2194,Format Ambiguity,0.1513,Formality / Audience Mismatch,0.0352,128,0.557
2a9fb52d482fdbeec726c9b395f61ae4,5,Vague / Missing Context,0.4230,No Smell,0.3435,Format Ambiguity,0.1242,Ambiguous References,0.0411,89,0.545
2a9fb52d482fdbeec726c9b395f61ae4,6,Vague / Missing Context,0.4617,No Smell,0.2496,Format Ambiguity,0.1227,Ambiguous References,0.0820,120,0.558
2a9fb52d482fdbeec726c9b395f61ae4,7,No Smell,0.4354,Format Ambiguity,0.2962,Vague / Missing Context,0.1738,Formality / Audience Mismatch,0.0296,49,0.543
2a9fb52d482fdbeec726c9b395f61ae4,8,No Smell,0.4683,Format Ambiguity,0.2284,Vague / Missing Context,0.1750,Formality / Audience Mismatch,0.0350,184,0.569
b0bd6c1f11eec7750de220655858381c,1,No Smell,0.5392,Format Ambiguity,0.1424,Vague / Missing Context,0.1014,Formality / Audience Mismatch,0.0735,932,0.704
ce24c03e35f674d1994b2721f283a4ac,1,Vague / Missing Context,0.3501,No Smell,0.2298,Bias / Loaded Framing,0.1006,Format Ambiguity,0.0951,1814,0.080
d90a920d138deeebae54a3f293a22a54,1,No Smell,0.6332,Conflicting Constraints,0.0974,Vague / Missing Context,0.0881,Format Ambiguity,0.0632,2197,0.980
d90a920d138deeebae54a3f293a22a54,2,No Smell,0.6315,Format Ambiguity,0.2076,Vague / Missing Context,0.1076,Formality / Audience Mismatch,0.0207,53,0.545
d90a920d138deeebae54a3f293a22a54,3,No Smell,0.5004,Vague / Missing Context,0.2459,Format Ambiguity,0.1057,Ambiguous References,0.0375,312,0.592
47b7f9b4dd22b299f921a5a8f4e24b17,1,No Smell,0.4258,Vague / Missing Context,0.1637,Bias / Loaded Framing,0.1046,Formality / Audience Mismatch,0.0783,893,0.704
9ca6263701e1613d28807fe348d300ca,1,Vague / Missing Context,0.4800,No Smell,0.1442,Bias / Loaded Framing,0.0849,Format Ambiguity,0.0785,891,0.706
e91511cddc5201c6dbf83ed9acbe52f0,1,Vague / Missing Context,0.5188,No Smell,0.1179,Format Ambiguity,0.0861,Bias / Loaded Framing,0.0667,892,0.704
05838ddafa1f7f0a69ee4378486247cd,1,Vague / Missing Context,0.5188,No Smell,0.1179,Format Ambiguity,0.0861,Bias / Loaded Framing,0.0667,892,0.053
1b5897509d5da999435aa594d157d4a7,1,Vague / Missing Context,0.4769,No Smell,0.1568,Bias / Loaded Framing,0.0846,Format Ambiguity,0.0732,872,0.699
a921a02db19f255637121ac897f12507,1,No Smell,0.4292,Vague / Missing Context,0.1522,Bias / Loaded Framing,0.1023,Formality / Audience Mismatch,0.0943,897,0.705
0fcc37336a6d5f031cb0057b4057d1f6,1,Vague / Missing Context,0.3501,No Smell,0.2298,Bias / Loaded Framing,0.1006,Format Ambiguity,0.0951,1814,0.078
9b691232ea789499cee1a39b08a20ca6,1,No Smell,0.6054,Format Ambiguity,0.2026,Vague / Missing Context,0.1118,Conflicting Constraints,0.0310,98,0.544
9b691232ea789499cee1a39b08a20ca6,3,No Smell,0.3990,Vague / Missing Context,0.2894,Format Ambiguity,0.1824,Conflicting Constraints,0.0439,74,0.545
9b691232ea789499cee1a39b08a20ca6,4,No Smell,0.5424,Format Ambiguity,0.2167,Vague / Missing Context,0.1631,Formality / Audience Mismatch,0.0272,12,0.531
9b691232ea789499cee1a39b08a20ca6,5,No Smell,0.4842,Vague / Missing Context,0.2342,Format Ambiguity,0.1809,Conflicting Constraints,0.0344,51,0.541
9b691232ea789499cee1a39b08a20ca6,6,No Smell,0.3817,Format Ambiguity,0.3000,Vague / Missing Context,0.2714,Conflicting Constraints,0.0168,25,0.531
9b691232ea789499cee1a39b08a20ca6,7,No Smell,0.5845,Format Ambiguity,0.2083,Vague / Missing Context,0.1365,Formality / Audience Mismatch,0.0285,57,0.543
9b691232ea789499cee1a39b08a20ca6,8,No Smell,0.6660,Format Ambiguity,0.2177,Vague / Missing Context,0.0646,Formality / Audience Mismatch,0.0194,69,0.542
9b691232ea789499cee1a39b08a20ca6,9,No Smell,0.5816,Format Ambiguity,0.2075,Vague / Missing Context,0.1564,Formality / Audience Mismatch,0.0208,18,0.530
9b691232ea789499cee1a39b08a20ca6,11,No Smell,0.4766,Vague / Missing Context,0.1961,Formality / Audience Mismatch,0.1370,Format Ambiguity,0.1022,19,0.541
9b691232ea789499cee1a39b08a20ca6,12,No Smell,0.4390,Vague / Missing Context,0.1993,Formality / Audience Mismatch,0.1785,Bias / Loaded Framing,0.0591,48,0.541
9b691232ea789499cee1a39b08a20ca6,13,No Smell,0.4533,Vague / Missing Context,0.2656,Format Ambiguity,0.2067,Formality / Audience Mismatch,0.0226,32,0.540
9b691232ea789499cee1a39b08a20ca6,14,No Smell,0.6981,Format Ambiguity,0.2281,Formality / Audience Mismatch,0.0227,Vague / Missing Context,0.0220,16,0.529
9b691232ea789499cee1a39b08a20ca6,15,No Smell,0.4601,Vague / Missing Context,0.2391,Format Ambiguity,0.1886,Formality / Audience Mismatch,0.0358,31,0.541
9b691232ea789499cee1a39b08a20ca6,16,No Smell,0.4469,Format Ambiguity,0.2558,Vague / Missing Context,0.2340,Formality / Audience Mismatch,0.0260,17,0.533
9b691232ea789499cee1a39b08a20ca6,17,Vague / Missing Context,0.4746,No Smell,0.2950,Format Ambiguity,0.1103,Ambiguous References,0.0413,60,0.541
9b691232ea789499cee1a39b08a20ca6,18,Vague / Missing Context,0.5032,No Smell,0.1984,Format Ambiguity,0.0945,Ambiguous References,0.0919,35,0.542
9b691232ea789499cee1a39b08a20ca6,19,Vague / Missing Context,0.3653,No Smell,0.3078,Format Ambiguity,0.2206,Ambiguous References,0.0463,51,0.542
9b691232ea789499cee1a39b08a20ca6,20,No Smell,0.4112,Vague / Missing Context,0.2909,Format Ambiguity,0.1727,Ambiguous References,0.0460,180,0.556
9b691232ea789499cee1a39b08a20ca6,21,No Smell,0.5122,Format Ambiguity,0.2869,Vague / Missing Context,0.1390,Formality / Audience Mismatch,0.0248,37,0.541
9b691232ea789499cee1a39b08a20ca6,22,No Smell,0.5787,Vague / Missing Context,0.1946,Format Ambiguity,0.1149,Formality / Audience Mismatch,0.0324,59,0.540
9b691232ea789499cee1a39b08a20ca6,23,No Smell,0.5520,Format Ambiguity,0.2755,Vague / Missing Context,0.1233,Formality / Audience Mismatch,0.0181,28,0.541
9b691232ea789499cee1a39b08a20ca6,24,No Smell,0.6091,Format Ambiguity,0.1899,Vague / Missing Context,0.1242,Formality / Audience Mismatch,0.0237,140,0.556
9b691232ea789499cee1a39b08a20ca6,25,No Smell,0.4875,Vague / Missing Context,0.2226,Format Ambiguity,0.1860,Formality / Audience Mismatch,0.0417,54,0.542
9b691232ea789499cee1a39b08a20ca6,26,No Smell,0.4809,Format Ambiguity,0.2140,Vague / Missing Context,0.1962,Formality / Audience Mismatch,0.0341,81,0.541
9b691232ea789499cee1a39b08a20ca6,27,No Smell,0.5287,Format Ambiguity,0.1996,Vague / Missing Context,0.1859,Formality / Audience Mismatch,0.0351,42,0.541
593bef5084fe47d9888fc1f9e28e6af2,1,No Smell,0.4950,Vague / Missing Context,0.1262,Format Ambiguity,0.0964,Bias / Loaded Framing,0.0835,852,0.701
717aa461dab90be9f26916a9cd7c5eeb,1,Vague / Missing Context,0.3501,No Smell,0.2298,Bias / Loaded Framing,0.1006,Format Ambiguity,0.0951,1814,0.078
f2b4915c418693914f44982ee7f89ffb,1,No Smell,0.5859,Format Ambiguity,0.2506,Vague / Missing Context,0.1199,Conflicting Constraints,0.0166,24,0.541
7034063b4a90d0a5deca82ba236c5e2a,1,Vague / Missing Context,0.5007,No Smell,0.1307,Bias / Loaded Framing,0.0839,Format Ambiguity,0.0755,906,0.702
e3efbbd771b7f4e0cee09cca0daec1bc,1,No Smell,0.5187,Format Ambiguity,0.2698,Vague / Missing Context,0.1496,Conflicting Constraints,0.0242,24,0.532
fd7002e955065b59da169b4a65c8bc65,1,Vague / Missing Context,0.5045,No Smell,0.1226,Bias / Loaded Framing,0.0874,Format Ambiguity,0.0702,891,0.702
a860437418baa19ccc96e22c33237f45,1,No Smell,0.6400,Format Ambiguity,0.1462,Vague / Missing Context,0.1366,Conflicting Constraints,0.0319,91,0.544
a860437418baa19ccc96e22c33237f45,2,Format Ambiguity,0.4255,No Smell,0.3830,Vague / Missing Context,0.1284,Conflicting Constraints,0.0217,55,0.542
d0967436d9fd429696b7a842fac351cd,1,No Smell,0.5585,Format Ambiguity,0.2190,Vague / Missing Context,0.1458,Formality / Audience Mismatch,0.0288,90,0.554
d0967436d9fd429696b7a842fac351cd,2,Vague / Missing Context,0.4115,No Smell,0.2668,Ambiguous References,0.1375,Format Ambiguity,0.1191,35,0.541
8a3ea292aa20f4b346b00e90ef84a03a,1,Vague / Missing Context,0.3406,No Smell,0.2224,Bias / Loaded Framing,0.1313,Ambiguous References,0.0854,1134,0.873
4d59c6b023d89cd2df289d8ea4989dfe,1,No Smell,0.5769,Format Ambiguity,0.2108,Vague / Missing Context,0.1440,Formality / Audience Mismatch,0.0259,15,0.532
2cd5ec6526a867586c42ee300ec820a8,1,No Smell,0.6123,Format Ambiguity,0.1537,Vague / Missing Context,0.1239,Formality / Audience Mismatch,0.0387,39,0.545
2cd5ec6526a867586c42ee300ec820a8,2,No Smell,0.4912,Format Ambiguity,0.2228,Vague / Missing Context,0.1705,Conflicting Constraints,0.0344,99,0.555
f4a4435b92c8f0cfdda7eb2d43c532bb,1,Format Ambiguity,0.4779,No Smell,0.4317,Vague / Missing Context,0.0563,Conflicting Constraints,0.0132,21,0.530
2f165a07c18a417e11a711036017d460,1,No Smell,0.3083,Vague / Missing Context,0.1819,Conflicting Constraints,0.1359,Ambiguous References,0.0681,2020,0.939
2f165a07c18a417e11a711036017d460,2,No Smell,0.5875,Format Ambiguity,0.1188,Vague / Missing Context,0.1161,Formality / Audience Mismatch,0.0547,83,0.544
2f165a07c18a417e11a711036017d460,3,No Smell,0.3478,Vague / Missing Context,0.3385,Format Ambiguity,0.0833,Bias / Loaded Framing,0.0810,113,0.545
52cb8d452af9d85a74927606006809dc,1,No Smell,0.3490,Vague / Missing Context,0.2909,Format Ambiguity,0.1927,Ambiguous References,0.0944,38,0.541
1a19701c0fd6e653dded5a47bb4ccb7b,1,Vague / Missing Context,0.3433,No Smell,0.2161,Bias / Loaded Framing,0.1172,Ambiguous References,0.0904,1692,1.095
c7d7d60f3c15b10742e0c6f1a1bbf35a,1,Vague / Missing Context,0.3433,No Smell,0.2161,Bias / Loaded Framing,0.1172,Ambiguous References,0.0904,1692,0.060
9f0b3e617b31e37988b24d97af0f45d5,1,No Smell,0.4688,Vague / Missing Context,0.3152,Format Ambiguity,0.1281,Formality / Audience Mismatch,0.0348,32,0.542
d0ed24fe93530a7505064e206a411939,1,No Smell,0.5908,Format Ambiguity,0.1464,Vague / Missing Context,0.1294,Formality / Audience Mismatch,0.0482,179,0.570
d0ed24fe93530a7505064e206a411939,2,No Smell,0.5121,Format Ambiguity,0.1914,Vague / Missing Context,0.1329,Formality / Audience Mismatch,0.0479,174,0.569
d0ed24fe93530a7505064e206a411939,3,No Smell,0.5235,Vague / Missing Context,0.1596,Format Ambiguity,0.1251,Conflicting Constraints,0.0648,243,0.589
d0ed24fe93530a7505064e206a411939,4,No Smell,0.5685,Format Ambiguity,0.1720,Vague / Missing Context,0.1047,Formality / Audience Mismatch,0.0499,168,0.569
cd297d4e4ed9c635c6ce151cfee1526d,1,Vague / Missing Context,0.3433,No Smell,0.2161,Bias / Loaded Framing,0.1172,Ambiguous References,0.0904,1692,0.076
3d93dd5f710235d56d35acf7333588c0,1,No Smell,0.4450,Vague / Missing Context,0.3000,Format Ambiguity,0.0883,Formality / Audience Mismatch,0.0655,43,0.553
4b948bd1ca33e0f79d823861cad669a0,1,Vague / Missing Context,0.3433,No Smell,0.2161,Bias / Loaded Framing,0.1172,Ambiguous References,0.0904,1692,0.076
dac5d9533f67724163024bdb43b7a9b0,1,No Smell,0.5701,Vague / Missing Context,0.2158,Format Ambiguity,0.1534,Formality / Audience Mismatch,0.0242,39,0.541
890e495186fad8e0923095c8ac42ad50,1,No Smell,0.4533,Vague / Missing Context,0.2933,Formality / Audience Mismatch,0.0695,Format Ambiguity,0.0675,48,0.544
c80fae177c9369fe3017af87653c1ad6,1,No Smell,0.5013,Vague / Missing Context,0.2729,Format Ambiguity,0.1705,Formality / Audience Mismatch,0.0181,46,0.540
c80fae177c9369fe3017af87653c1ad6,2,No Smell,0.4197,Format Ambiguity,0.2853,Vague / Missing Context,0.1878,Formality / Audience Mismatch,0.0340,36,0.543
132ee86e00e8dd8ddba638a83f49ac0f,1,Format Ambiguity,0.3939,No Smell,0.3711,Vague / Missing Context,0.1593,Conflicting Constraints,0.0198,28,0.541
132ee86e00e8dd8ddba638a83f49ac0f,2,No Smell,0.5783,Format Ambiguity,0.2712,Vague / Missing Context,0.0868,Formality / Audience Mismatch,0.0203,51,0.542
132ee86e00e8dd8ddba638a83f49ac0f,3,No Smell,0.5202,Format Ambiguity,0.2783,Vague / Missing Context,0.1181,Formality / Audience Mismatch,0.0230,98,0.554
132ee86e00e8dd8ddba638a83f49ac0f,4,No Smell,0.3898,Vague / Missing Context,0.3460,Format Ambiguity,0.1654,Formality / Audience Mismatch,0.0293,61,0.546
132ee86e00e8dd8ddba638a83f49ac0f,5,No Smell,0.6511,Format Ambiguity,0.2323,Vague / Missing Context,0.0540,Formality / Audience Mismatch,0.0240,56,0.549
132ee86e00e8dd8ddba638a83f49ac0f,6,No Smell,0.6783,Format Ambiguity,0.2379,Vague / Missing Context,0.0353,Formality / Audience Mismatch,0.0175,42,0.541
132ee86e00e8dd8ddba638a83f49ac0f,7,No Smell,0.3965,Vague / Missing Context,0.2541,Format Ambiguity,0.2485,Formality / Audience Mismatch,0.0265,47,0.543
132ee86e00e8dd8ddba638a83f49ac0f,8,No Smell,0.4631,Vague / Missing Context,0.3285,Format Ambiguity,0.0984,Ambiguous References,0.0338,79,0.541
132ee86e00e8dd8ddba638a83f49ac0f,9,No Smell,0.5882,Vague / Missing Context,0.1841,Format Ambiguity,0.1486,Formality / Audience Mismatch,0.0261,74,0.543
132ee86e00e8dd8ddba638a83f49ac0f,10,No Smell,0.5525,Format Ambiguity,0.2974,Vague / Missing Context,0.0881,Formality / Audience Mismatch,0.0211,23,0.542
132ee86e00e8dd8ddba638a83f49ac0f,11,No Smell,0.5177,Format Ambiguity,0.2810,Vague / Missing Context,0.1294,Formality / Audience Mismatch,0.0265,23,0.542
132ee86e00e8dd8ddba638a83f49ac0f,12,No Smell,0.4884,Format Ambiguity,0.2354,Vague / Missing Context,0.1861,Formality / Audience Mismatch,0.0313,93,0.555
132ee86e00e8dd8ddba638a83f49ac0f,13,No Smell,0.3717,Vague / Missing Context,0.3020,Format Ambiguity,0.0929,Bias / Loaded Framing,0.0853,41,0.543
132ee86e00e8dd8ddba638a83f49ac0f,14,No Smell,0.6269,Format Ambiguity,0.2406,Vague / Missing Context,0.0802,Conflicting Constraints,0.0183,31,0.542
132ee86e00e8dd8ddba638a83f49ac0f,15,No Smell,0.6208,Format Ambiguity,0.2712,Vague / Missing Context,0.0635,Formality / Audience Mismatch,0.0177,24,0.542
9f81c0672158f634d0add55e0acea7f8,1,No Smell,0.4938,Vague / Missing Context,0.1393,Conflicting Constraints,0.1004,Format Ambiguity,0.0626,3049,1.145
9f81c0672158f634d0add55e0acea7f8,2,No Smell,0.6315,Format Ambiguity,0.2076,Vague / Missing Context,0.1076,Formality / Audience Mismatch,0.0207,53,0.065
9f81c0672158f634d0add55e0acea7f8,3,No Smell,0.4144,Vague / Missing Context,0.2885,Format Ambiguity,0.0886,Conflicting Constraints,0.0513,439,0.614
9f81c0672158f634d0add55e0acea7f8,4,No Smell,0.5371,Vague / Missing Context,0.1779,Format Ambiguity,0.1000,Formality / Audience Mismatch,0.0596,335,0.592
f4a7450efe4cb69c55ee14da2faffd1f,2,No Smell,0.5303,Format Ambiguity,0.2381,Vague / Missing Context,0.1459,Conflicting Constraints,0.0320,20,0.532
f4a7450efe4cb69c55ee14da2faffd1f,4,No Smell,0.6502,Format Ambiguity,0.2145,Vague / Missing Context,0.0882,Formality / Audience Mismatch,0.0196,14,0.531
f4a7450efe4cb69c55ee14da2faffd1f,5,No Smell,0.4574,Format Ambiguity,0.4270,Vague / Missing Context,0.0681,Formality / Audience Mismatch,0.0146,25,0.532
c82a66fde468e8d367e1a682126fc733,1,No Smell,0.6166,Vague / Missing Context,0.2433,Format Ambiguity,0.0836,Conflicting Constraints,0.0187,130,0.545
c82a66fde468e8d367e1a682126fc733,2,No Smell,0.7151,Format Ambiguity,0.1939,Vague / Missing Context,0.0346,Formality / Audience Mismatch,0.0238,9,0.532
c82a66fde468e8d367e1a682126fc733,3,No Smell,0.6383,Vague / Missing Context,0.1424,Format Ambiguity,0.1233,Formality / Audience Mismatch,0.0305,140,0.556
c82a66fde468e8d367e1a682126fc733,4,No Smell,0.6430,Vague / Missing Context,0.2155,Format Ambiguity,0.0850,Formality / Audience Mismatch,0.0216,142,0.545
c82a66fde468e8d367e1a682126fc733,5,No Smell,0.6595,Format Ambiguity,0.1247,Vague / Missing Context,0.1214,Formality / Audience Mismatch,0.0302,152,0.555
c82a66fde468e8d367e1a682126fc733,6,No Smell,0.7143,Format Ambiguity,0.2146,Formality / Audience Mismatch,0.0207,Vague / Missing Context,0.0203,65,0.544
c82a66fde468e8d367e1a682126fc733,7,No Smell,0.3315,Vague / Missing Context,0.2817,Format Ambiguity,0.1031,Ambiguous References,0.1002,1999,0.874
c82a66fde468e8d367e1a682126fc733,8,No Smell,0.4657,Vague / Missing Context,0.1866,Format Ambiguity,0.0872,Conflicting Constraints,0.0821,2006,0.884
93df1f0c89b3d19ece3b5f44430409f0,1,Vague / Missing Context,0.4770,No Smell,0.1454,Bias / Loaded Framing,0.0877,Format Ambiguity,0.0760,887,0.704
48de200714e2c07b5fd20ee86b4cccea,1,Vague / Missing Context,0.4770,No Smell,0.1454,Bias / Loaded Framing,0.0877,Format Ambiguity,0.0760,887,0.053
75ddcab39fbe5384b8fac9fa2b9fdad1,1,No Smell,0.4597,Vague / Missing Context,0.3233,Format Ambiguity,0.1513,Formality / Audience Mismatch,0.0213,28,0.530
3bd2561aa403a589e46d81854a5e93d1,1,No Smell,0.5797,Format Ambiguity,0.1686,Vague / Missing Context,0.0922,Conflicting Constraints,0.0472,183,0.572
8986e4d150a850248618c7a82a1f359d,1,No Smell,0.5597,Format Ambiguity,0.1665,Vague / Missing Context,0.1262,Formality / Audience Mismatch,0.0447,168,0.570
bfd8dca4517044044b7e3f0bcffa8340,1,No Smell,0.6648,Format Ambiguity,0.2122,Vague / Missing Context,0.0728,Formality / Audience Mismatch,0.0199,31,0.544
dc709370774ecf208af53cab3faf6d46,1,Vague / Missing Context,0.4146,No Smell,0.1634,Bias / Loaded Framing,0.1098,Format Ambiguity,0.0784,878,0.708
b632a31e0524b8341c107d99b27d8936,1,No Smell,0.5746,Format Ambiguity,0.1733,Vague / Missing Context,0.1014,Formality / Audience Mismatch,0.0483,191,0.571
654ab696c821551b8410bbf0000b2f3f,1,Vague / Missing Context,0.4389,No Smell,0.1613,Bias / Loaded Framing,0.0915,Format Ambiguity,0.0825,885,0.709
df5772d926792c1a7fb5cdd7b1ae365f,1,Vague / Missing Context,0.4480,No Smell,0.1631,Bias / Loaded Framing,0.0901,Format Ambiguity,0.0826,861,0.704
050bedd55f053d981f9150090719fae8,1,No Smell,0.6754,Format Ambiguity,0.1743,Vague / Missing Context,0.1034,Conflicting Constraints,0.0189,55,0.543
050bedd55f053d981f9150090719fae8,2,No Smell,0.5444,Vague / Missing Context,0.2224,Format Ambiguity,0.1793,Formality / Audience Mismatch,0.0211,68,0.544
050bedd55f053d981f9150090719fae8,3,No Smell,0.6100,Format Ambiguity,0.2049,Vague / Missing Context,0.1155,Conflicting Constraints,0.0270,43,0.541
050bedd55f053d981f9150090719fae8,5,No Smell,0.6815,Format Ambiguity,0.1723,Vague / Missing Context,0.0892,Formality / Audience Mismatch,0.0218,90,0.543
5baaf2ee5b23f77373b0249a71e72c5d,1,Vague / Missing Context,0.4480,No Smell,0.1631,Bias / Loaded Framing,0.0901,Format Ambiguity,0.0826,861,0.069
af644f1744b0b5462dc3d88ed2825f8e,1,No Smell,0.6795,Format Ambiguity,0.2171,Vague / Missing Context,0.0500,Formality / Audience Mismatch,0.0228,54,0.540
af644f1744b0b5462dc3d88ed2825f8e,2,No Smell,0.3799,Formality / Audience Mismatch,0.2666,Vague / Missing Context,0.1663,Bias / Loaded Framing,0.0724,20,0.534
af644f1744b0b5462dc3d88ed2825f8e,3,No Smell,0.5767,Formality / Audience Mismatch,0.1608,Vague / Missing Context,0.1503,Conflicting Constraints,0.0377,30,0.531
668c5e78866d95eb9667c5a1fb214dd8,1,Vague / Missing Context,0.4480,No Smell,0.1631,Bias / Loaded Framing,0.0901,Format Ambiguity,0.0826,861,0.069
8e348a4e6ae6914d5367923013c71a0b,1,No Smell,0.5469,Vague / Missing Context,0.2246,Format Ambiguity,0.1491,Conflicting Constraints,0.0327,45,0.540
8ec44f7de2900b4c702d92e80a5e3d2e,1,Vague / Missing Context,0.4080,No Smell,0.1862,Format Ambiguity,0.0950,Bias / Loaded Framing,0.0823,900,0.708
dd7d48f5f54f976d13b0f193c7924dbf,1,No Smell,0.3173,Vague / Missing Context,0.1525,Conflicting Constraints,0.1392,Bias / Loaded Framing,0.0818,2012,0.949
5c94c2cbb9dead5e01fadf5222e20bb4,1,No Smell,0.5501,Format Ambiguity,0.1496,Vague / Missing Context,0.1185,Conflicting Constraints,0.0620,1127,0.737
5c94c2cbb9dead5e01fadf5222e20bb4,2,No Smell,0.6191,Format Ambiguity,0.1877,Vague / Missing Context,0.0825,Conflicting Constraints,0.0397,451,0.617
5c94c2cbb9dead5e01fadf5222e20bb4,3,No Smell,0.7158,Format Ambiguity,0.1705,Vague / Missing Context,0.0458,Formality / Audience Mismatch,0.0275,348,0.595
5c94c2cbb9dead5e01fadf5222e20bb4,4,No Smell,0.6132,Format Ambiguity,0.1579,Vague / Missing Context,0.1068,Formality / Audience Mismatch,0.0421,293,0.592
5c94c2cbb9dead5e01fadf5222e20bb4,5,No Smell,0.4216,Vague / Missing Context,0.2323,Format Ambiguity,0.1958,Conflicting Constraints,0.0419,273,0.591
120de4b77dbc4879aea7fc09f2d6d499,1,Vague / Missing Context,0.3959,No Smell,0.2096,Format Ambiguity,0.1026,Bias / Loaded Framing,0.0814,811,0.698
6afed78d91599b76b556ade4d92f7ae4,1,No Smell,0.6419,Format Ambiguity,0.0921,Vague / Missing Context,0.0711,Conflicting Constraints,0.0639,1860,0.873
6afed78d91599b76b556ade4d92f7ae4,2,No Smell,0.6315,Format Ambiguity,0.2076,Vague / Missing Context,0.1076,Formality / Audience Mismatch,0.0207,53,0.064
6afed78d91599b76b556ade4d92f7ae4,3,No Smell,0.5692,Vague / Missing Context,0.1509,Format Ambiguity,0.0874,Formality / Audience Mismatch,0.0615,539,0.638
4baf6815866042aee86bf81ce26dcbae,1,No Smell,0.6508,Format Ambiguity,0.1968,Vague / Missing Context,0.1073,Formality / Audience Mismatch,0.0209,50,0.540
4baf6815866042aee86bf81ce26dcbae,2,No Smell,0.7181,Format Ambiguity,0.1549,Vague / Missing Context,0.0759,Formality / Audience Mismatch,0.0224,46,0.541
4baf6815866042aee86bf81ce26dcbae,3,No Smell,0.7440,Format Ambiguity,0.1967,Vague / Missing Context,0.0242,Formality / Audience Mismatch,0.0161,32,0.541
4baf6815866042aee86bf81ce26dcbae,4,No Smell,0.6977,Format Ambiguity,0.2500,Vague / Missing Context,0.0152,Formality / Audience Mismatch,0.0150,35,0.541
4baf6815866042aee86bf81ce26dcbae,5,No Smell,0.7265,Format Ambiguity,0.1298,Vague / Missing Context,0.0685,Formality / Audience Mismatch,0.0346,94,0.542
8ae3722051890ca1245df36df686689a,1,Vague / Missing Context,0.3968,No Smell,0.2172,Format Ambiguity,0.1012,Bias / Loaded Framing,0.0836,820,0.697
9554c6e13543d8df547d8766cf4992b6,1,No Smell,0.5566,Format Ambiguity,0.1213,Vague / Missing Context,0.0891,Conflicting Constraints,0.0591,2153,1.039
39e2fc122f9b9aa8821e21f24ededa22,1,Vague / Missing Context,0.3255,No Smell,0.2982,Format Ambiguity,0.0969,Bias / Loaded Framing,0.0729,681,0.664
18b412c1fe51d29ba23cabeead42a3c0,1,No Smell,0.5722,Vague / Missing Context,0.1213,Conflicting Constraints,0.1051,Format Ambiguity,0.0747,3152,1.209
18b412c1fe51d29ba23cabeead42a3c0,2,No Smell,0.4749,Vague / Missing Context,0.1483,Conflicting Constraints,0.1164,Format Ambiguity,0.0791,3179,1.211
18b412c1fe51d29ba23cabeead42a3c0,3,No Smell,0.7022,Format Ambiguity,0.0959,Conflicting Constraints,0.0680,Formality / Audience Mismatch,0.0507,589,0.663
18b412c1fe51d29ba23cabeead42a3c0,4,No Smell,0.5789,Format Ambiguity,0.1072,Conflicting Constraints,0.0927,Formality / Audience Mismatch,0.0574,1640,0.866
eab649a8756a8df70ebeb47117a4c864,1,Vague / Missing Context,0.3793,No Smell,0.2581,Format Ambiguity,0.0864,Bias / Loaded Framing,0.0709,666,0.645
e73e800b64d760b706682a245557691b,1,No Smell,0.6607,Format Ambiguity,0.1285,Vague / Missing Context,0.0787,Formality / Audience Mismatch,0.0517,486,0.616
e73e800b64d760b706682a245557691b,2,No Smell,0.4765,Vague / Missing Context,0.2321,Format Ambiguity,0.1470,Conflicting Constraints,0.0444,352,0.592
e73e800b64d760b706682a245557691b,3,No Smell,0.3992,Vague / Missing Context,0.2477,Format Ambiguity,0.1832,Conflicting Constraints,0.0513,547,0.618
e73e800b64d760b706682a245557691b,4,No Smell,0.4751,Vague / Missing Context,0.2338,Format Ambiguity,0.1607,Formality / Audience Mismatch,0.0413,288,0.590
e73e800b64d760b706682a245557691b,5,No Smell,0.5513,Format Ambiguity,0.1727,Vague / Missing Context,0.1101,Conflicting Constraints,0.0703,746,0.644
e73e800b64d760b706682a245557691b,6,No Smell,0.4964,Format Ambiguity,0.1665,Vague / Missing Context,0.1551,Formality / Audience Mismatch,0.0538,341,0.613
e73e800b64d760b706682a245557691b,7,No Smell,0.5749,Format Ambiguity,0.1611,Vague / Missing Context,0.1329,Conflicting Constraints,0.0467,553,0.641
e73e800b64d760b706682a245557691b,8,No Smell,0.5546,Format Ambiguity,0.1899,Vague / Missing Context,0.1373,Formality / Audience Mismatch,0.0404,305,0.591
89debf5f001015b35ae85fa664a39810,2,No Smell,0.5602,Format Ambiguity,0.2256,Vague / Missing Context,0.1164,Formality / Audience Mismatch,0.0340,11,0.531
89debf5f001015b35ae85fa664a39810,3,No Smell,0.7641,Format Ambiguity,0.0999,Conflicting Constraints,0.0603,Vague / Missing Context,0.0263,1643,0.819
14215dda7ed7cdec11ac250ebdf8ecab,1,Vague / Missing Context,0.5645,No Smell,0.1708,Bias / Loaded Framing,0.0730,Format Ambiguity,0.0658,44,0.544
14215dda7ed7cdec11ac250ebdf8ecab,2,No Smell,0.5669,Format Ambiguity,0.3244,Vague / Missing Context,0.0534,Conflicting Constraints,0.0198,41,0.543
14215dda7ed7cdec11ac250ebdf8ecab,4,No Smell,0.3895,Vague / Missing Context,0.3733,Format Ambiguity,0.1779,Formality / Audience Mismatch,0.0208,37,0.542
383570d91901150babf026383bd26a19,1,No Smell,0.4330,Vague / Missing Context,0.2489,Format Ambiguity,0.1035,Conflicting Constraints,0.0523,1352,0.773
0eef34c02fe5d734c7b4a432ea68afdf,1,No Smell,0.4330,Vague / Missing Context,0.2489,Format Ambiguity,0.1035,Conflicting Constraints,0.0523,1352,0.058
35c8cce2936fc5d04f2d56cad4d89e4c,1,No Smell,0.4248,Vague / Missing Context,0.1782,Format Ambiguity,0.1352,Formality / Audience Mismatch,0.1021,89,0.555
087a1fad6b195e32fc9dc9bce917bcff,1,No Smell,0.6405,Vague / Missing Context,0.1564,Format Ambiguity,0.1375,Conflicting Constraints,0.0291,36,0.533
7c95e6af72150cc07095e6e65c73b8ba,1,No Smell,0.4993,Vague / Missing Context,0.2456,Format Ambiguity,0.1692,Formality / Audience Mismatch,0.0281,67,0.542
7c95e6af72150cc07095e6e65c73b8ba,2,No Smell,0.4839,Format Ambiguity,0.2336,Vague / Missing Context,0.2116,Formality / Audience Mismatch,0.0255,19,0.531
7c95e6af72150cc07095e6e65c73b8ba,3,No Smell,0.5731,Format Ambiguity,0.1857,Vague / Missing Context,0.1790,Conflicting Constraints,0.0253,62,0.543
7c95e6af72150cc07095e6e65c73b8ba,4,No Smell,0.5701,Format Ambiguity,0.2124,Vague / Missing Context,0.1545,Conflicting Constraints,0.0258,21,0.531
7c95e6af72150cc07095e6e65c73b8ba,5,No Smell,0.4736,Vague / Missing Context,0.2990,Format Ambiguity,0.1574,Conflicting Constraints,0.0223,39,0.542
7c95e6af72150cc07095e6e65c73b8ba,6,No Smell,0.5378,Format Ambiguity,0.2880,Vague / Missing Context,0.1189,Formality / Audience Mismatch,0.0198,36,0.542
a091cdd17ad40e3ee0eb5c1549ce4f08,2,No Smell,0.4713,Format Ambiguity,0.2412,Vague / Missing Context,0.2087,Conflicting Constraints,0.0288,28,0.531
a091cdd17ad40e3ee0eb5c1549ce4f08,3,No Smell,0.6114,Format Ambiguity,0.2061,Vague / Missing Context,0.1220,Conflicting Constraints,0.0214,18,0.531
9cd1eaa25dd9e5f8fc91562d1a67f466,1,No Smell,0.6456,Vague / Missing Context,0.0927,Conflicting Constraints,0.0889,Formality / Audience Mismatch,0.0573,4000,1.459
9cd1eaa25dd9e5f8fc91562d1a67f466,2,No Smell,0.6220,Vague / Missing Context,0.1495,Format Ambiguity,0.1115,Formality / Audience Mismatch,0.0462,288,0.612
9cd1eaa25dd9e5f8fc91562d1a67f466,3,No Smell,0.5084,Format Ambiguity,0.3094,Vague / Missing Context,0.1143,Formality / Audience Mismatch,0.0250,14,0.532
8390653367bc6d492ee432daa8306d4c,1,No Smell,0.6405,Vague / Missing Context,0.1564,Format Ambiguity,0.1375,Conflicting Constraints,0.0291,36,0.059
8390653367bc6d492ee432daa8306d4c,2,No Smell,0.4156,Vague / Missing Context,0.3407,Format Ambiguity,0.0980,Ambiguous References,0.0588,53,0.540
1ccbd683e05bd106388ca6fb7da11fa3,1,No Smell,0.6211,Vague / Missing Context,0.1572,Format Ambiguity,0.1437,Formality / Audience Mismatch,0.0303,51,0.542
1ccbd683e05bd106388ca6fb7da11fa3,3,Format Ambiguity,0.3487,No Smell,0.3321,Vague / Missing Context,0.2336,Ambiguous References,0.0282,28,0.542
1be3df9266ee3d8fc54b35f35415dc66,1,No Smell,0.5636,Format Ambiguity,0.1873,Vague / Missing Context,0.1245,Formality / Audience Mismatch,0.0461,737,0.665
1be3df9266ee3d8fc54b35f35415dc66,2,No Smell,0.5435,Format Ambiguity,0.2455,Vague / Missing Context,0.1487,Conflicting Constraints,0.0228,73,0.545
1be3df9266ee3d8fc54b35f35415dc66,3,No Smell,0.3807,Format Ambiguity,0.2620,Vague / Missing Context,0.2606,Ambiguous References,0.0286,15,0.533
1be3df9266ee3d8fc54b35f35415dc66,4,No Smell,0.5294,Format Ambiguity,0.2492,Vague / Missing Context,0.1378,Conflicting Constraints,0.0359,92,0.557
1be3df9266ee3d8fc54b35f35415dc66,5,No Smell,0.4264,Vague / Missing Context,0.2928,Format Ambiguity,0.2000,Formality / Audience Mismatch,0.0301,57,0.543
d03322d17bdda72c66f7090633d7ec6e,1,No Smell,0.4317,Vague / Missing Context,0.2343,Format Ambiguity,0.0823,Formality / Audience Mismatch,0.0773,94,0.544
d03322d17bdda72c66f7090633d7ec6e,2,No Smell,0.4317,Vague / Missing Context,0.2343,Format Ambiguity,0.0823,Formality / Audience Mismatch,0.0773,94,0.048
d03322d17bdda72c66f7090633d7ec6e,3,No Smell,0.5632,Format Ambiguity,0.2833,Vague / Missing Context,0.0875,Formality / Audience Mismatch,0.0274,27,0.530
5662ac6d992698f7e6f4e22a904ba35d,1,No Smell,0.4442,Format Ambiguity,0.2076,Ambiguous References,0.1042,Vague / Missing Context,0.0872,63,0.544
5662ac6d992698f7e6f4e22a904ba35d,2,No Smell,0.4500,Format Ambiguity,0.2473,Vague / Missing Context,0.2043,Ambiguous References,0.0314,28,0.542
5662ac6d992698f7e6f4e22a904ba35d,3,No Smell,0.4921,Vague / Missing Context,0.2926,Format Ambiguity,0.1430,Formality / Audience Mismatch,0.0305,39,0.543
5662ac6d992698f7e6f4e22a904ba35d,4,Vague / Missing Context,0.4060,No Smell,0.3017,Format Ambiguity,0.1433,Ambiguous References,0.0929,63,0.543
5662ac6d992698f7e6f4e22a904ba35d,5,No Smell,0.4590,Vague / Missing Context,0.2054,Format Ambiguity,0.2019,Ambiguous References,0.0616,106,0.556
5662ac6d992698f7e6f4e22a904ba35d,7,No Smell,0.4095,Vague / Missing Context,0.2378,Format Ambiguity,0.2088,Ambiguous References,0.0911,52,0.543
d18deec38f1ff055f69207908069a908,2,No Smell,0.6327,Format Ambiguity,0.2014,Vague / Missing Context,0.0756,Conflicting Constraints,0.0344,79,0.545
d18deec38f1ff055f69207908069a908,3,No Smell,0.4217,Vague / Missing Context,0.2774,Format Ambiguity,0.2200,Formality / Audience Mismatch,0.0249,51,0.543
d18deec38f1ff055f69207908069a908,4,No Smell,0.4682,Vague / Missing Context,0.2539,Ambiguous References,0.0949,Format Ambiguity,0.0684,143,0.557
d18deec38f1ff055f69207908069a908,5,No Smell,0.6422,Format Ambiguity,0.1685,Vague / Missing Context,0.0795,Conflicting Constraints,0.0455,89,0.546
d18deec38f1ff055f69207908069a908,6,No Smell,0.4424,Vague / Missing Context,0.3198,Format Ambiguity,0.1705,Formality / Audience Mismatch,0.0243,21,0.532
d18deec38f1ff055f69207908069a908,7,No Smell,0.6046,Format Ambiguity,0.1187,Bias / Loaded Framing,0.0904,Vague / Missing Context,0.0787,82,0.542
d18deec38f1ff055f69207908069a908,8,No Smell,0.4448,Format Ambiguity,0.3900,Vague / Missing Context,0.1064,Formality / Audience Mismatch,0.0225,26,0.540
d18deec38f1ff055f69207908069a908,9,No Smell,0.4331,Vague / Missing Context,0.1937,Bias / Loaded Framing,0.1871,Format Ambiguity,0.1073,59,0.542
70a47c082b8c41ee2e4386a263b5246f,1,No Smell,0.4669,Format Ambiguity,0.2303,Vague / Missing Context,0.2179,Formality / Audience Mismatch,0.0265,127,0.555
d80bc66c42e99d48cecd06ec5ce9684f,2,No Smell,0.5394,Format Ambiguity,0.2207,Vague / Missing Context,0.1602,Formality / Audience Mismatch,0.0274,85,0.556
28bf3336eead2746fd0cc3aa18843748,1,No Smell,0.3988,Vague / Missing Context,0.3068,Format Ambiguity,0.1539,Ambiguous References,0.0620,220,0.614
90828c2f843afbab5ddfa926d747e5e3,1,No Smell,0.7993,Format Ambiguity,0.1178,Conflicting Constraints,0.0290,Formality / Audience Mismatch,0.0198,445,0.616
90828c2f843afbab5ddfa926d747e5e3,2,No Smell,0.7650,Format Ambiguity,0.1272,Vague / Missing Context,0.0649,Formality / Audience Mismatch,0.0172,45,0.542
0b93c325ffa4922071e2bf8baac90127,1,No Smell,0.4580,Vague / Missing Context,0.2026,Format Ambiguity,0.1162,Formality / Audience Mismatch,0.0681,117,0.557
0b93c325ffa4922071e2bf8baac90127,2,No Smell,0.4027,Format Ambiguity,0.2363,Unnecessary Repetition,0.1488,Vague / Missing Context,0.0899,43,0.543
5135bffd1942b5fdff72b8fc6b312aea,1,No Smell,0.5198,Vague / Missing Context,0.2475,Format Ambiguity,0.1613,Formality / Audience Mismatch,0.0312,97,0.544
332617cd8dacea323d39da0797756b56,1,No Smell,0.7395,Format Ambiguity,0.1293,Vague / Missing Context,0.0914,Formality / Audience Mismatch,0.0205,97,0.545
332617cd8dacea323d39da0797756b56,2,No Smell,0.5539,Vague / Missing Context,0.2315,Format Ambiguity,0.1416,Formality / Audience Mismatch,0.0277,102,0.555
332617cd8dacea323d39da0797756b56,3,No Smell,0.8000,Format Ambiguity,0.0934,Vague / Missing Context,0.0347,Formality / Audience Mismatch,0.0274,142,0.556
332617cd8dacea323d39da0797756b56,4,No Smell,0.7098,Format Ambiguity,0.2226,Vague / Missing Context,0.0311,Formality / Audience Mismatch,0.0158,19,0.531
332617cd8dacea323d39da0797756b56,5,No Smell,0.5259,Vague / Missing Context,0.2093,Format Ambiguity,0.1682,Formality / Audience Mismatch,0.0371,67,0.543
332617cd8dacea323d39da0797756b56,6,No Smell,0.3641,Vague / Missing Context,0.3419,Format Ambiguity,0.1976,Conflicting Constraints,0.0270,75,0.544
332617cd8dacea323d39da0797756b56,7,No Smell,0.6261,Format Ambiguity,0.1600,Vague / Missing Context,0.0930,Formality / Audience Mismatch,0.0414,243,0.569
332617cd8dacea323d39da0797756b56,8,No Smell,0.5954,Vague / Missing Context,0.2537,Format Ambiguity,0.0810,Formality / Audience Mismatch,0.0284,89,0.544
332617cd8dacea323d39da0797756b56,9,No Smell,0.5711,Vague / Missing Context,0.2510,Format Ambiguity,0.1290,Formality / Audience Mismatch,0.0208,118,0.557
18ef2b6165f6be02bb7e01e5b5a030cd,1,Vague / Missing Context,0.4382,No Smell,0.3192,Format Ambiguity,0.1030,Ambiguous References,0.0513,34,0.542
4f81ad463688b636e60b65d0f59c7348,1,No Smell,0.6748,Format Ambiguity,0.2226,Vague / Missing Context,0.0587,Formality / Audience Mismatch,0.0204,38,0.544
8cd8cad8269430a123c93b14ccf1e04b,1,No Smell,0.6748,Format Ambiguity,0.2226,Vague / Missing Context,0.0587,Formality / Audience Mismatch,0.0204,38,0.047
8eef2117d28c37748d5a1d8966581ae4,1,No Smell,0.6748,Format Ambiguity,0.2226,Vague / Missing Context,0.0587,Formality / Audience Mismatch,0.0204,38,0.045
7a689cbe389ad2827c1ab1944605c330,1,No Smell,0.6748,Format Ambiguity,0.2226,Vague / Missing Context,0.0587,Formality / Audience Mismatch,0.0204,38,0.044
81252a543423daac194f3e7a2dd5195f,1,No Smell,0.5410,Vague / Missing Context,0.1976,Format Ambiguity,0.1747,Formality / Audience Mismatch,0.0312,71,0.542
81252a543423daac194f3e7a2dd5195f,3,No Smell,0.4744,Vague / Missing Context,0.2126,Format Ambiguity,0.2050,Ambiguous References,0.0344,50,0.541
81252a543423daac194f3e7a2dd5195f,4,No Smell,0.5162,Format Ambiguity,0.1551,Vague / Missing Context,0.0877,Conflicting Constraints,0.0809,1602,0.951
bde8c832a00f777723e825f7f8f343a4,1,Vague / Missing Context,0.5954,No Smell,0.1948,Format Ambiguity,0.0844,Ambiguous References,0.0609,26,0.543
28718cb6f3357f2ab176d9fd9e2c8a56,1,No Smell,0.5310,Format Ambiguity,0.1364,Vague / Missing Context,0.0989,Conflicting Constraints,0.0730,1583,1.066
7d747f0648951acd91f74c3396285397,1,No Smell,0.4501,Vague / Missing Context,0.2083,Format Ambiguity,0.1395,Ambiguous References,0.0840,102,0.558
7d747f0648951acd91f74c3396285397,2,Vague / Missing Context,0.4445,No Smell,0.2387,Ambiguous References,0.1247,Format Ambiguity,0.0789,78,0.547
7d747f0648951acd91f74c3396285397,3,No Smell,0.4988,Vague / Missing Context,0.2244,Format Ambiguity,0.1224,Ambiguous References,0.0625,93,0.544
7d747f0648951acd91f74c3396285397,4,Vague / Missing Context,0.5366,No Smell,0.1523,Ambiguous References,0.1204,Bias / Loaded Framing,0.0616,49,0.541
7d747f0648951acd91f74c3396285397,5,No Smell,0.5377,Vague / Missing Context,0.2210,Format Ambiguity,0.1838,Formality / Audience Mismatch,0.0192,60,0.542
7d747f0648951acd91f74c3396285397,6,No Smell,0.3883,Vague / Missing Context,0.2528,Bias / Loaded Framing,0.1633,Format Ambiguity,0.1038,222,0.570
7d747f0648951acd91f74c3396285397,7,No Smell,0.3372,Vague / Missing Context,0.2673,Format Ambiguity,0.1271,Ambiguous References,0.1141,188,0.569
bb3f5ac78492cd99217a1ce6b4ff3618,1,No Smell,0.5310,Format Ambiguity,0.1364,Vague / Missing Context,0.0989,Conflicting Constraints,0.0730,1583,0.077
f24d69342cb212e039df965f4cf0e33b,1,No Smell,0.5970,Format Ambiguity,0.1735,Vague / Missing Context,0.1702,Formality / Audience Mismatch,0.0238,147,0.554
275080b290a2c4c098709b7dafe7bdeb,1,No Smell,0.7650,Format Ambiguity,0.1272,Vague / Missing Context,0.0649,Formality / Audience Mismatch,0.0172,45,0.064
275080b290a2c4c098709b7dafe7bdeb,2,No Smell,0.8285,Format Ambiguity,0.0881,Vague / Missing Context,0.0486,Formality / Audience Mismatch,0.0151,41,0.540
275080b290a2c4c098709b7dafe7bdeb,3,No Smell,0.7576,Format Ambiguity,0.1116,Vague / Missing Context,0.0873,Formality / Audience Mismatch,0.0187,44,0.543
275080b290a2c4c098709b7dafe7bdeb,4,No Smell,0.8066,Format Ambiguity,0.0819,Vague / Missing Context,0.0753,Formality / Audience Mismatch,0.0157,36,0.542
275080b290a2c4c098709b7dafe7bdeb,5,No Smell,0.7650,Format Ambiguity,0.1272,Vague / Missing Context,0.0649,Formality / Audience Mismatch,0.0172,45,0.061
c875638a81fdfe07b13ba25783db5270,1,No Smell,0.5974,Format Ambiguity,0.1210,Vague / Missing Context,0.1066,Conflicting Constraints,0.0620,1093,0.734
ff31211b619d1520467094a33d0939f1,1,No Smell,0.5974,Format Ambiguity,0.1210,Vague / Missing Context,0.1066,Conflicting Constraints,0.0620,1093,0.055
709fe14d2939b7de98f7d42194944c64,1,No Smell,0.7467,Format Ambiguity,0.1614,Vague / Missing Context,0.0369,Formality / Audience Mismatch,0.0253,33,0.540
dd67e7191f8ac6eeda20836e6243f726,1,No Smell,0.5251,Bias / Loaded Framing,0.1012,Formality / Audience Mismatch,0.0929,Vague / Missing Context,0.0877,3980,1.252
e9fee8047359fb2b1cda041e036bfc54,1,No Smell,0.5251,Bias / Loaded Framing,0.1012,Formality / Audience Mismatch,0.0929,Vague / Missing Context,0.0877,3980,0.072
4c6d62d7d604a92dfd4a907ce558fdc2,2,No Smell,0.7968,Format Ambiguity,0.1415,Vague / Missing Context,0.0213,Formality / Audience Mismatch,0.0185,15,0.531
4c6d62d7d604a92dfd4a907ce558fdc2,3,No Smell,0.6688,Format Ambiguity,0.1571,Vague / Missing Context,0.1108,Formality / Audience Mismatch,0.0255,167,0.556
95d1673a83811f11ef209d86d4511acb,1,No Smell,0.5679,Format Ambiguity,0.1762,Vague / Missing Context,0.1490,Formality / Audience Mismatch,0.0354,71,0.544
6bfef795a9625dcb39f64b258a7e7ebb,1,No Smell,0.6143,Format Ambiguity,0.1671,Vague / Missing Context,0.1261,Formality / Audience Mismatch,0.0339,65,0.543
c4273b2dc6a1d4ea3ae8734dcdb5cfc6,1,No Smell,0.4931,Format Ambiguity,0.1582,Vague / Missing Context,0.1478,Conflicting Constraints,0.0617,321,0.592
08dd45baf986348e5caa45ffd699312d,1,Vague / Missing Context,0.4198,No Smell,0.3106,Format Ambiguity,0.1306,Ambiguous References,0.0648,74,0.544
babbe2c62ec6174580ea6bd6fc7e169b,1,No Smell,0.5314,Vague / Missing Context,0.1838,Format Ambiguity,0.1688,Formality / Audience Mismatch,0.0440,71,0.543
fa2276ce549d5061e7e1b9a6a8c0d652,1,No Smell,0.5253,Vague / Missing Context,0.2105,Format Ambiguity,0.1442,Formality / Audience Mismatch,0.0427,65,0.542
dc415abe44e6ea0a843c47470a1985c0,1,No Smell,0.7650,Format Ambiguity,0.1272,Vague / Missing Context,0.0649,Formality / Audience Mismatch,0.0172,45,0.061
dc415abe44e6ea0a843c47470a1985c0,2,No Smell,0.8037,Format Ambiguity,0.0891,Vague / Missing Context,0.0669,Formality / Audience Mismatch,0.0165,40,0.540
dc415abe44e6ea0a843c47470a1985c0,3,No Smell,0.7576,Format Ambiguity,0.1116,Vague / Missing Context,0.0873,Formality / Audience Mismatch,0.0187,44,0.062
dc415abe44e6ea0a843c47470a1985c0,4,No Smell,0.8066,Format Ambiguity,0.0819,Vague / Missing Context,0.0753,Formality / Audience Mismatch,0.0157,36,0.059
c37d0bffd0e1ad316c646906a2afef4e,1,No Smell,0.5354,Vague / Missing Context,0.2482,Format Ambiguity,0.1252,Formality / Audience Mismatch,0.0356,21,0.531
c37d0bffd0e1ad316c646906a2afef4e,2,No Smell,0.6011,Format Ambiguity,0.2399,Vague / Missing Context,0.0870,Conflicting Constraints,0.0267,7,0.530
c37d0bffd0e1ad316c646906a2afef4e,3,No Smell,0.4605,Format Ambiguity,0.2710,Vague / Missing Context,0.2013,Formality / Audience Mismatch,0.0227,10,0.529
65100e865b1ec38612458c52d5c02dd3,1,No Smell,0.5162,Format Ambiguity,0.1551,Vague / Missing Context,0.0877,Conflicting Constraints,0.0809,1602,0.071
588db44bb874198ab425ce6981c21a6a,1,No Smell,0.4652,Format Ambiguity,0.1716,Vague / Missing Context,0.1095,Conflicting Constraints,0.0768,1602,0.952
6a834581df08b5d2771eefedc6dae3f7,1,Vague / Missing Context,0.4015,No Smell,0.2545,Format Ambiguity,0.1905,Ambiguous References,0.1068,106,0.555
6a834581df08b5d2771eefedc6dae3f7,2,No Smell,0.6871,Format Ambiguity,0.2424,Vague / Missing Context,0.0277,Formality / Audience Mismatch,0.0195,13,0.532
6a834581df08b5d2771eefedc6dae3f7,3,No Smell,0.6653,Format Ambiguity,0.2150,Vague / Missing Context,0.0711,Formality / Audience Mismatch,0.0216,50,0.542
6a834581df08b5d2771eefedc6dae3f7,4,Vague / Missing Context,0.4889,No Smell,0.2373,Format Ambiguity,0.1348,Ambiguous References,0.0917,89,0.544
6a834581df08b5d2771eefedc6dae3f7,5,No Smell,0.4979,Format Ambiguity,0.2143,Vague / Missing Context,0.2083,Conflicting Constraints,0.0251,44,0.542
6a834581df08b5d2771eefedc6dae3f7,6,No Smell,0.4163,Vague / Missing Context,0.3117,Format Ambiguity,0.2150,Conflicting Constraints,0.0200,38,0.542
6a834581df08b5d2771eefedc6dae3f7,7,No Smell,0.5026,Format Ambiguity,0.2664,Vague / Missing Context,0.1705,Formality / Audience Mismatch,0.0221,36,0.542
6a834581df08b5d2771eefedc6dae3f7,8,Vague / Missing Context,0.4454,No Smell,0.3174,Format Ambiguity,0.0953,Ambiguous References,0.0605,102,0.543
6a834581df08b5d2771eefedc6dae3f7,9,No Smell,0.4736,Format Ambiguity,0.2655,Vague / Missing Context,0.1781,Formality / Audience Mismatch,0.0267,21,0.531
6a834581df08b5d2771eefedc6dae3f7,10,Vague / Missing Context,0.4895,No Smell,0.1950,Bias / Loaded Framing,0.0891,Format Ambiguity,0.0715,87,0.543
6a834581df08b5d2771eefedc6dae3f7,11,Vague / Missing Context,0.4004,No Smell,0.2773,Bias / Loaded Framing,0.0907,Ambiguous References,0.0719,78,0.544
6a834581df08b5d2771eefedc6dae3f7,12,No Smell,0.3648,Vague / Missing Context,0.3093,Format Ambiguity,0.0797,Ambiguous References,0.0699,130,0.553
c929294b5d38b7cd515f80171fcdcfe9,1,No Smell,0.3973,Vague / Missing Context,0.3371,Format Ambiguity,0.0810,Ambiguous References,0.0713,173,0.555
c929294b5d38b7cd515f80171fcdcfe9,2,No Smell,0.6572,Format Ambiguity,0.2255,Vague / Missing Context,0.0636,Conflicting Constraints,0.0241,74,0.542
c929294b5d38b7cd515f80171fcdcfe9,3,No Smell,0.6319,Format Ambiguity,0.2913,Vague / Missing Context,0.0289,Formality / Audience Mismatch,0.0160,38,0.543
c929294b5d38b7cd515f80171fcdcfe9,4,No Smell,0.6920,Format Ambiguity,0.2530,Vague / Missing Context,0.0173,Formality / Audience Mismatch,0.0118,108,0.555
c929294b5d38b7cd515f80171fcdcfe9,5,Vague / Missing Context,0.4805,No Smell,0.2620,Format Ambiguity,0.1409,Ambiguous References,0.0521,21,0.532
c929294b5d38b7cd515f80171fcdcfe9,6,No Smell,0.7844,Format Ambiguity,0.1382,Vague / Missing Context,0.0453,Formality / Audience Mismatch,0.0125,70,0.543
c929294b5d38b7cd515f80171fcdcfe9,7,No Smell,0.5816,Format Ambiguity,0.2280,Vague / Missing Context,0.1381,Formality / Audience Mismatch,0.0185,44,0.543
5950fc875ec2779b679982411563ca49,1,No Smell,0.3853,Format Ambiguity,0.2592,Vague / Missing Context,0.2579,Conflicting Constraints,0.0327,97,0.556
fdaf88b5a981137744e84b7aeee0df2e,1,No Smell,0.6234,Format Ambiguity,0.2069,Vague / Missing Context,0.0864,Formality / Audience Mismatch,0.0293,122,0.555
fdaf88b5a981137744e84b7aeee0df2e,2,Vague / Missing Context,0.4035,No Smell,0.3029,Format Ambiguity,0.1888,Ambiguous References,0.0391,45,0.542
fdaf88b5a981137744e84b7aeee0df2e,3,No Smell,0.6686,Format Ambiguity,0.2346,Vague / Missing Context,0.0486,Formality / Audience Mismatch,0.0201,44,0.542
fdaf88b5a981137744e84b7aeee0df2e,4,No Smell,0.6309,Format Ambiguity,0.2630,Vague / Missing Context,0.0454,Formality / Audience Mismatch,0.0243,55,0.543
c111c7af2f62baf1e9f9d7528ee7259f,1,No Smell,0.5345,Vague / Missing Context,0.2326,Format Ambiguity,0.1465,Formality / Audience Mismatch,0.0296,37,0.543
c111c7af2f62baf1e9f9d7528ee7259f,2,No Smell,0.5664,Format Ambiguity,0.1278,Conflicting Constraints,0.0775,Vague / Missing Context,0.0750,1615,0.953
c111c7af2f62baf1e9f9d7528ee7259f,3,No Smell,0.6036,Format Ambiguity,0.1710,Vague / Missing Context,0.1321,Formality / Audience Mismatch,0.0349,74,0.546
c111c7af2f62baf1e9f9d7528ee7259f,5,No Smell,0.6619,Format Ambiguity,0.1699,Vague / Missing Context,0.0864,Formality / Audience Mismatch,0.0325,59,0.545
fdabb9accb10c46fbeb9b20911613eea,1,No Smell,0.6999,Format Ambiguity,0.1878,Vague / Missing Context,0.0444,Formality / Audience Mismatch,0.0203,38,0.542
fdabb9accb10c46fbeb9b20911613eea,2,No Smell,0.5492,Format Ambiguity,0.2920,Vague / Missing Context,0.1014,Formality / Audience Mismatch,0.0213,6,0.531
fdabb9accb10c46fbeb9b20911613eea,3,No Smell,0.6275,Format Ambiguity,0.2723,Vague / Missing Context,0.0617,Formality / Audience Mismatch,0.0157,18,0.529
fdabb9accb10c46fbeb9b20911613eea,5,Vague / Missing Context,0.4005,No Smell,0.3611,Format Ambiguity,0.1656,Formality / Audience Mismatch,0.0217,56,0.541
fdabb9accb10c46fbeb9b20911613eea,6,No Smell,0.4627,Vague / Missing Context,0.2206,Format Ambiguity,0.1017,Bias / Loaded Framing,0.0559,39,0.542
fdabb9accb10c46fbeb9b20911613eea,7,Vague / Missing Context,0.4001,No Smell,0.2762,Ambiguous References,0.1138,Format Ambiguity,0.0882,98,0.553
fb0dbf70dcc1838fcbd6030e25823d04,2,No Smell,0.5856,Format Ambiguity,0.2456,Vague / Missing Context,0.0674,Formality / Audience Mismatch,0.0345,86,0.541
ce93a458b5d27074dc7fc33bbd33b924,1,Vague / Missing Context,0.3664,No Smell,0.3448,Format Ambiguity,0.1528,Bias / Loaded Framing,0.0507,40,0.540
1a906a8b8313989e62b58f0cb0ca3a5a,1,No Smell,0.5550,Vague / Missing Context,0.2286,Format Ambiguity,0.0867,Conflicting Constraints,0.0421,173,0.566
1a906a8b8313989e62b58f0cb0ca3a5a,2,No Smell,0.6572,Format Ambiguity,0.2255,Vague / Missing Context,0.0636,Conflicting Constraints,0.0241,74,0.062
1a906a8b8313989e62b58f0cb0ca3a5a,3,No Smell,0.7091,Format Ambiguity,0.2044,Vague / Missing Context,0.0520,Formality / Audience Mismatch,0.0137,52,0.539
1a906a8b8313989e62b58f0cb0ca3a5a,4,No Smell,0.6300,Format Ambiguity,0.2257,Vague / Missing Context,0.0903,Conflicting Constraints,0.0194,46,0.542
1a906a8b8313989e62b58f0cb0ca3a5a,5,No Smell,0.5101,Format Ambiguity,0.3814,Vague / Missing Context,0.0465,Conflicting Constraints,0.0226,46,0.541
1a906a8b8313989e62b58f0cb0ca3a5a,6,No Smell,0.5197,Format Ambiguity,0.2385,Vague / Missing Context,0.0882,Formality / Audience Mismatch,0.0510,64,0.543
1a906a8b8313989e62b58f0cb0ca3a5a,7,No Smell,0.6417,Format Ambiguity,0.2251,Vague / Missing Context,0.0675,Formality / Audience Mismatch,0.0206,55,0.543
2a0fa6a16e4a3e9a359af9be5af35995,1,No Smell,0.3686,Format Ambiguity,0.2807,Vague / Missing Context,0.2483,Conflicting Constraints,0.0308,49,0.543
2a0fa6a16e4a3e9a359af9be5af35995,2,No Smell,0.4522,Vague / Missing Context,0.2136,Format Ambiguity,0.2000,Bias / Loaded Framing,0.0445,67,0.543
2a0fa6a16e4a3e9a359af9be5af35995,3,No Smell,0.4360,Format Ambiguity,0.2416,Vague / Missing Context,0.2319,Ambiguous References,0.0249,26,0.542
cc68c30ac5142b39d3629958bbdb2ba9,1,Vague / Missing Context,0.3670,No Smell,0.3626,Format Ambiguity,0.1566,Conflicting Constraints,0.0345,9,0.531
f90390e23423b79f452e091ee5040cd5,1,No Smell,0.6625,Format Ambiguity,0.1924,Vague / Missing Context,0.1084,Formality / Audience Mismatch,0.0150,55,0.542
c740ed5705bb625d21b162c7ab99af34,1,No Smell,0.5339,Format Ambiguity,0.1252,Vague / Missing Context,0.0983,Conflicting Constraints,0.0645,868,0.736
d97cde2f824eef059d083d3f03cd0b2c,1,No Smell,0.6434,Format Ambiguity,0.1872,Vague / Missing Context,0.1053,Formality / Audience Mismatch,0.0240,37,0.543
927efbef28d8b70e585b546e5fed835c,1,No Smell,0.7576,Format Ambiguity,0.1116,Vague / Missing Context,0.0873,Formality / Audience Mismatch,0.0187,44,0.063
927efbef28d8b70e585b546e5fed835c,2,No Smell,0.7394,Format Ambiguity,0.1321,Vague / Missing Context,0.0816,Formality / Audience Mismatch,0.0189,45,0.540
927efbef28d8b70e585b546e5fed835c,3,No Smell,0.7469,Format Ambiguity,0.1037,Vague / Missing Context,0.0920,Conflicting Constraints,0.0220,37,0.541
927efbef28d8b70e585b546e5fed835c,4,No Smell,0.7077,Format Ambiguity,0.1204,Vague / Missing Context,0.1200,Formality / Audience Mismatch,0.0191,43,0.541
cc2e385dde7ab9aa4ac16afc50f510e7,1,No Smell,0.4020,Vague / Missing Context,0.3454,Format Ambiguity,0.1304,Ambiguous References,0.0491,132,0.556
cc2e385dde7ab9aa4ac16afc50f510e7,2,No Smell,0.3463,Vague / Missing Context,0.2638,Ambiguous References,0.1662,Format Ambiguity,0.1565,66,0.541
cc2e385dde7ab9aa4ac16afc50f510e7,3,Vague / Missing Context,0.4234,No Smell,0.2577,Format Ambiguity,0.1835,Ambiguous References,0.0492,36,0.531
cc2e385dde7ab9aa4ac16afc50f510e7,4,Vague / Missing Context,0.6115,No Smell,0.1874,Format Ambiguity,0.0899,Ambiguous References,0.0476,52,0.542
cc2e385dde7ab9aa4ac16afc50f510e7,5,No Smell,0.3096,Format Ambiguity,0.2759,Vague / Missing Context,0.2670,Ambiguous References,0.0404,82,0.544
90455cdaae5389e5cacfd67c489045ec,1,No Smell,0.5907,Vague / Missing Context,0.1562,Format Ambiguity,0.1256,Formality / Audience Mismatch,0.0439,190,0.558
90455cdaae5389e5cacfd67c489045ec,2,No Smell,0.7058,Format Ambiguity,0.2308,Conflicting Constraints,0.0230,Formality / Audience Mismatch,0.0153,135,0.546
bb6b25b4b50d2bd4b3cdab13c648da54,1,No Smell,0.6058,Format Ambiguity,0.2245,Vague / Missing Context,0.1004,Conflicting Constraints,0.0238,10,0.531
bf7cbee6d057d880a4017b0a261c9af8,1,No Smell,0.7394,Format Ambiguity,0.1286,Vague / Missing Context,0.0653,Formality / Audience Mismatch,0.0263,108,0.545
bf7cbee6d057d880a4017b0a261c9af8,2,No Smell,0.7334,Format Ambiguity,0.1301,Vague / Missing Context,0.0657,Formality / Audience Mismatch,0.0286,118,0.557
bece629dbea88fdcad24293df48f6b75,2,No Smell,0.7096,Format Ambiguity,0.1381,Vague / Missing Context,0.0865,Formality / Audience Mismatch,0.0275,13,0.541
ab33109550534875b81763727d836d3b,1,Vague / Missing Context,0.3433,No Smell,0.2161,Bias / Loaded Framing,0.1172,Ambiguous References,0.0904,1692,1.091
1e53da117000595ce2723a55f29f4a78,1,No Smell,0.5178,Vague / Missing Context,0.2210,Format Ambiguity,0.1689,Formality / Audience Mismatch,0.0353,58,0.546
1e53da117000595ce2723a55f29f4a78,2,No Smell,0.4733,Vague / Missing Context,0.1999,Format Ambiguity,0.1068,Formality / Audience Mismatch,0.0898,96,0.559
e5929fc4a5ae4cece00ec811c95a27c5,1,No Smell,0.6671,Format Ambiguity,0.1837,Vague / Missing Context,0.0971,Formality / Audience Mismatch,0.0208,75,0.546
e5929fc4a5ae4cece00ec811c95a27c5,2,No Smell,0.7970,Conflicting Constraints,0.0624,Format Ambiguity,0.0513,Formality / Audience Mismatch,0.0364,2212,0.998
a7766f48a8c83052e6a48c4106ece0e2,1,Vague / Missing Context,0.2620,Bias / Loaded Framing,0.2246,No Smell,0.1784,Ambiguous References,0.0753,2380,1.344
f7f8c79c3ff42ee60135177360210a4d,1,No Smell,0.5749,Vague / Missing Context,0.2048,Format Ambiguity,0.1601,Formality / Audience Mismatch,0.0222,38,0.545
ec465292e8211536cc05bc384bbfe1e2,1,No Smell,0.6380,Format Ambiguity,0.1639,Vague / Missing Context,0.0930,Conflicting Constraints,0.0454,231,0.571
ec465292e8211536cc05bc384bbfe1e2,2,No Smell,0.8052,Format Ambiguity,0.1337,Conflicting Constraints,0.0238,Formality / Audience Mismatch,0.0192,224,0.568
ec465292e8211536cc05bc384bbfe1e2,3,No Smell,0.6248,Format Ambiguity,0.2295,Vague / Missing Context,0.0834,Formality / Audience Mismatch,0.0274,45,0.541
ec465292e8211536cc05bc384bbfe1e2,4,Vague / Missing Context,0.6035,No Smell,0.2413,Format Ambiguity,0.0546,Formality / Audience Mismatch,0.0351,108,0.543
47f58486d3bcf4a78bba991063a6f7dc,1,No Smell,0.3409,Vague / Missing Context,0.1952,Format Ambiguity,0.1073,Bias / Loaded Framing,0.0780,571,0.662
c7a198a487108b77be5744b28186c0a6,1,Vague / Missing Context,0.2620,Bias / Loaded Framing,0.2246,No Smell,0.1784,Ambiguous References,0.0753,2380,0.081
a2d4ba3336f8ec1fba047ddfb4112175,2,No Smell,0.5672,Format Ambiguity,0.2767,Vague / Missing Context,0.0913,Formality / Audience Mismatch,0.0212,75,0.543
9f574e8cbcbfe27c9370856cbb62c175,1,No Smell,0.5582,Vague / Missing Context,0.2549,Format Ambiguity,0.1095,Formality / Audience Mismatch,0.0284,63,0.546
406032a9040c5891d87aad42aace2fd4,1,Vague / Missing Context,0.4886,No Smell,0.1741,Format Ambiguity,0.1467,Ambiguous References,0.0538,193,0.589
10c976dc22e6fe2e1a630164a53d8c3f,1,No Smell,0.4942,Vague / Missing Context,0.1305,Format Ambiguity,0.1235,Formality / Audience Mismatch,0.0690,341,0.616
caa7862aa9f1e283e06607663aa3d0e9,1,Vague / Missing Context,0.3489,No Smell,0.2231,Format Ambiguity,0.1946,Conflicting Constraints,0.0693,365,0.616
4dd2b69870dab815bc9a4a7ee2e976b2,1,Vague / Missing Context,0.3489,No Smell,0.2231,Format Ambiguity,0.1946,Conflicting Constraints,0.0693,365,0.050
7f88a7cd856afae2a90fd9b4d531c249,1,Vague / Missing Context,0.3475,No Smell,0.2399,Format Ambiguity,0.1926,Conflicting Constraints,0.0644,358,0.612
bdceb943fe53af655ad7ca2507055455,1,No Smell,0.5984,Format Ambiguity,0.1784,Vague / Missing Context,0.1065,Formality / Audience Mismatch,0.0469,48,0.544
bdceb943fe53af655ad7ca2507055455,2,No Smell,0.5200,Format Ambiguity,0.2498,Vague / Missing Context,0.1344,Formality / Audience Mismatch,0.0367,30,0.543
bdceb943fe53af655ad7ca2507055455,3,No Smell,0.3648,Vague / Missing Context,0.3400,Format Ambiguity,0.1915,Ambiguous References,0.0449,50,0.544
bdceb943fe53af655ad7ca2507055455,4,No Smell,0.4893,Vague / Missing Context,0.2847,Format Ambiguity,0.1492,Formality / Audience Mismatch,0.0295,26,0.542
b9866548d8b356078840887ee2524e07,1,Vague / Missing Context,0.3523,No Smell,0.2703,Format Ambiguity,0.1728,Conflicting Constraints,0.0476,956,0.812
e8f28266fc5bb4e01b4d19c5f6ddda90,1,Vague / Missing Context,0.4103,No Smell,0.2288,Format Ambiguity,0.1362,Conflicting Constraints,0.0578,1015,0.819
90998a958f800a774b65b58b2695b282,1,Vague / Missing Context,0.3639,No Smell,0.2515,Format Ambiguity,0.1434,Ambiguous References,0.0550,1236,0.867
5aebcac7a3e2829625c06447b027eb3c,1,No Smell,0.4007,Vague / Missing Context,0.3139,Format Ambiguity,0.1967,Formality / Audience Mismatch,0.0288,32,0.544
44894a0f06ee4d7c828c551910577f51,2,No Smell,0.5604,Format Ambiguity,0.3203,Vague / Missing Context,0.0624,Formality / Audience Mismatch,0.0211,24,0.544
231c609cb9e36059e5e72e28b3656c54,1,Vague / Missing Context,0.4391,No Smell,0.1605,Format Ambiguity,0.0964,Ambiguous References,0.0843,1743,1.021
869865636919ac70c7994b4a9f3e63ba,1,Vague / Missing Context,0.3226,Format Ambiguity,0.1824,No Smell,0.1462,Ambiguous References,0.0783,2240,1.122
eed6fd491343eaddbbeca7091a148c1d,1,No Smell,0.6203,Vague / Missing Context,0.1531,Format Ambiguity,0.1466,Conflicting Constraints,0.0313,23,0.533
0300168fb61a1ea65ee9ac203ae9add2,1,Vague / Missing Context,0.3370,No Smell,0.1577,Format Ambiguity,0.1445,Ambiguous References,0.0746,4000,1.584
e9a662a9e6700fa2063c5d873cebb461,1,Vague / Missing Context,0.5654,No Smell,0.1887,Format Ambiguity,0.0825,Formality / Audience Mismatch,0.0474,13,0.533
839ff9751f0e7f12ebf36ec605f501e9,1,No Smell,0.4307,Format Ambiguity,0.2568,Vague / Missing Context,0.1710,Ambiguous References,0.0724,26,0.544
b2a1665527bf3b1e8e156262e947ca73,1,Vague / Missing Context,0.3370,No Smell,0.1577,Format Ambiguity,0.1445,Ambiguous References,0.0746,4000,0.094
9c14680c9c15c331e97522d31ab00237,1,Vague / Missing Context,0.3370,No Smell,0.1577,Format Ambiguity,0.1445,Ambiguous References,0.0746,4000,0.075
284b0e6dddd837f1310a537b1bee78b7,1,No Smell,0.3745,Vague / Missing Context,0.3179,Format Ambiguity,0.1315,Ambiguous References,0.0964,41,0.544
4771c8eac4157c2bcf2ead12f340a19d,1,No Smell,0.3560,Conflicting Constraints,0.1075,Unnecessary Repetition,0.1014,Vague / Missing Context,0.0896,3874,1.103
4771c8eac4157c2bcf2ead12f340a19d,2,Format Ambiguity,0.3523,No Smell,0.3348,Vague / Missing Context,0.1732,Ambiguous References,0.0579,43,0.545
4771c8eac4157c2bcf2ead12f340a19d,3,No Smell,0.5656,Vague / Missing Context,0.2561,Format Ambiguity,0.1163,Formality / Audience Mismatch,0.0324,25,0.544
4771c8eac4157c2bcf2ead12f340a19d,4,No Smell,0.3927,Format Ambiguity,0.3241,Vague / Missing Context,0.1616,Ambiguous References,0.0436,58,0.544
4771c8eac4157c2bcf2ead12f340a19d,5,No Smell,0.6889,Format Ambiguity,0.1990,Vague / Missing Context,0.0429,Formality / Audience Mismatch,0.0272,10,0.531
f1c15271d72b0dbd7fec09d29b7ffb0e,1,No Smell,0.3527,Vague / Missing Context,0.3094,Format Ambiguity,0.1602,Ambiguous References,0.0995,25,0.542
f1c15271d72b0dbd7fec09d29b7ffb0e,2,Vague / Missing Context,0.4631,No Smell,0.2654,Ambiguous References,0.0937,Format Ambiguity,0.0926,41,0.543
f1c15271d72b0dbd7fec09d29b7ffb0e,3,Vague / Missing Context,0.4178,Ambiguous References,0.3510,No Smell,0.1141,Format Ambiguity,0.0768,41,0.542
064ef9a24dd6eb77b472243a92d2abcb,1,Vague / Missing Context,0.3370,No Smell,0.1577,Format Ambiguity,0.1445,Ambiguous References,0.0746,4000,0.095
f81c874ee7a8f5bcf63e6c171264d83b,1,No Smell,0.4026,Vague / Missing Context,0.2674,Format Ambiguity,0.1934,Ambiguous References,0.0600,59,0.554
d6c9731f13e11a3e3af4a424bdf049d5,1,No Smell,0.6606,Format Ambiguity,0.1660,Vague / Missing Context,0.0986,Formality / Audience Mismatch,0.0261,286,0.592
b9d40431992c38ca77909736622dbac2,1,No Smell,0.3759,Vague / Missing Context,0.3058,Format Ambiguity,0.1560,Ambiguous References,0.0751,37,0.543
3398cd6c7db8038e8bbfd050398ca59a,1,No Smell,0.7233,Format Ambiguity,0.1627,Vague / Missing Context,0.0431,Formality / Audience Mismatch,0.0252,332,0.589
74e523b459af860cf6d9c372a0c56d1a,1,Vague / Missing Context,0.3370,No Smell,0.1577,Format Ambiguity,0.1445,Ambiguous References,0.0746,4000,0.095
fc66d5e9383dd7589bed5f764bc1e88b,1,No Smell,0.7571,Format Ambiguity,0.1317,Vague / Missing Context,0.0394,Formality / Audience Mismatch,0.0245,401,0.611
3a571fe8a8723a67bb8ad4dfb371d2b5,1,No Smell,0.4687,Vague / Missing Context,0.2649,Format Ambiguity,0.1356,Ambiguous References,0.0458,73,0.546
3a571fe8a8723a67bb8ad4dfb371d2b5,2,Vague / Missing Context,0.4288,No Smell,0.2586,Format Ambiguity,0.1201,Ambiguous References,0.1090,62,0.554
26dc7e393129c92547c27f36d8fba83d,3,No Smell,0.5294,Format Ambiguity,0.3012,Vague / Missing Context,0.0967,Bias / Loaded Framing,0.0239,98,0.568
4b8a8bca9771ef8bcb95ba1f4211ec7f,2,No Smell,0.6074,Format Ambiguity,0.1613,Vague / Missing Context,0.1546,Formality / Audience Mismatch,0.0285,25,0.531
4b8a8bca9771ef8bcb95ba1f4211ec7f,3,Vague / Missing Context,0.5459,No Smell,0.2124,Ambiguous References,0.0703,Format Ambiguity,0.0618,29,0.542
b4f7d69f8d95e031760881eb3c8b6b6d,1,No Smell,0.6502,Format Ambiguity,0.1937,Vague / Missing Context,0.0639,Conflicting Constraints,0.0362,180,0.568
b4f7d69f8d95e031760881eb3c8b6b6d,2,No Smell,0.5365,Format Ambiguity,0.2323,Vague / Missing Context,0.0760,Conflicting Constraints,0.0588,141,0.557
b4f7d69f8d95e031760881eb3c8b6b6d,3,No Smell,0.4557,Vague / Missing Context,0.2191,Format Ambiguity,0.1864,Ambiguous References,0.0435,200,0.568
b4f7d69f8d95e031760881eb3c8b6b6d,4,No Smell,0.5024,Format Ambiguity,0.1986,Vague / Missing Context,0.1390,Conflicting Constraints,0.0558,75,0.542
b4f7d69f8d95e031760881eb3c8b6b6d,5,No Smell,0.4720,Format Ambiguity,0.2766,Vague / Missing Context,0.1675,Conflicting Constraints,0.0355,43,0.543
b4f7d69f8d95e031760881eb3c8b6b6d,6,No Smell,0.5759,Format Ambiguity,0.1664,Vague / Missing Context,0.1432,Conflicting Constraints,0.0369,160,0.557
b4f7d69f8d95e031760881eb3c8b6b6d,7,No Smell,0.4370,Vague / Missing Context,0.2307,Format Ambiguity,0.1135,Formality / Audience Mismatch,0.0811,186,0.569
ee1480e6068c4353f782e50f4e7585a2,1,Vague / Missing Context,0.3370,No Smell,0.1577,Format Ambiguity,0.1445,Ambiguous References,0.0746,4000,0.096
12e88ef88b7c3ab1aa800e4a6c6ecb63,1,No Smell,0.6096,Vague / Missing Context,0.2073,Format Ambiguity,0.0784,Formality / Audience Mismatch,0.0422,59,0.543
6b1cbb6b8fd2d1c201610f661f1e88b7,1,Vague / Missing Context,0.5336,No Smell,0.2328,Format Ambiguity,0.0984,Ambiguous References,0.0536,42,0.541
16db4c53967461132be43f140c919c51,1,No Smell,0.6143,Vague / Missing Context,0.1547,Format Ambiguity,0.1221,Formality / Audience Mismatch,0.0405,63,0.543
2c0959ff82361c7b61d37832d6c8410d,1,Vague / Missing Context,0.3370,No Smell,0.1577,Format Ambiguity,0.1445,Ambiguous References,0.0746,4000,0.092
de91ad53da973ef72d6ad773250302a6,1,No Smell,0.6133,Vague / Missing Context,0.1588,Format Ambiguity,0.1332,Formality / Audience Mismatch,0.0386,73,0.544
e791a9b05e378096b23cacc9767c1dae,1,No Smell,0.4971,Format Ambiguity,0.2381,Vague / Missing Context,0.2019,Formality / Audience Mismatch,0.0296,80,0.546
e791a9b05e378096b23cacc9767c1dae,2,No Smell,0.4539,Format Ambiguity,0.2962,Vague / Missing Context,0.1926,Formality / Audience Mismatch,0.0215,43,0.543
cf71b69b0863da2cead2edd3a0e67ea0,1,No Smell,0.7366,Format Ambiguity,0.1249,Vague / Missing Context,0.0504,Conflicting Constraints,0.0349,528,0.618
9d5072f555d031441d273416847a8b50,1,No Smell,0.6270,Vague / Missing Context,0.1548,Format Ambiguity,0.1203,Formality / Audience Mismatch,0.0403,80,0.555
9d5072f555d031441d273416847a8b50,2,No Smell,0.6243,Vague / Missing Context,0.1486,Format Ambiguity,0.1269,Formality / Audience Mismatch,0.0403,80,0.555
ad5088c43803f7c4855684fac55d5ced,1,No Smell,0.5588,Vague / Missing Context,0.1867,Format Ambiguity,0.1474,Formality / Audience Mismatch,0.0379,106,0.556
e52304f034cfdda521fde31c44593774,2,No Smell,0.6159,Format Ambiguity,0.1060,Vague / Missing Context,0.0890,Conflicting Constraints,0.0544,1045,0.773
e52304f034cfdda521fde31c44593774,3,No Smell,0.5596,Vague / Missing Context,0.1898,Format Ambiguity,0.1714,Formality / Audience Mismatch,0.0252,36,0.543
e52304f034cfdda521fde31c44593774,4,No Smell,0.3804,Vague / Missing Context,0.2459,Format Ambiguity,0.1258,Ambiguous References,0.0613,703,0.665
e52304f034cfdda521fde31c44593774,5,No Smell,0.3200,Vague / Missing Context,0.2755,Format Ambiguity,0.1456,Ambiguous References,0.0863,711,0.665
e52304f034cfdda521fde31c44593774,6,No Smell,0.6497,Format Ambiguity,0.2229,Vague / Missing Context,0.0674,Formality / Audience Mismatch,0.0288,16,0.531
e52304f034cfdda521fde31c44593774,7,No Smell,0.5109,Format Ambiguity,0.2285,Vague / Missing Context,0.1882,Formality / Audience Mismatch,0.0316,12,0.531
8176dbdb9af2c1fcb75cdb1f80c928cd,1,No Smell,0.4429,Vague / Missing Context,0.2460,Format Ambiguity,0.2015,Conflicting Constraints,0.0350,159,0.557
8176dbdb9af2c1fcb75cdb1f80c928cd,2,Vague / Missing Context,0.4498,No Smell,0.1674,Format Ambiguity,0.1671,Ambiguous References,0.1662,29,0.530
8176dbdb9af2c1fcb75cdb1f80c928cd,3,No Smell,0.5225,Vague / Missing Context,0.2217,Format Ambiguity,0.1448,Formality / Audience Mismatch,0.0521,14,0.531
c5310f8ce7a26eee13f8ef7660120e23,1,No Smell,0.5892,Vague / Missing Context,0.2091,Format Ambiguity,0.1242,Formality / Audience Mismatch,0.0321,44,0.541
c5310f8ce7a26eee13f8ef7660120e23,2,No Smell,0.5215,Format Ambiguity,0.2733,Vague / Missing Context,0.1334,Formality / Audience Mismatch,0.0311,22,0.541
62c78add9adf7b961766d9c300f9e7e4,1,No Smell,0.6734,Format Ambiguity,0.1064,Vague / Missing Context,0.0860,Conflicting Constraints,0.0486,243,0.570
18484a37b947919406779ae49e174f14,1,No Smell,0.6734,Format Ambiguity,0.1064,Vague / Missing Context,0.0860,Conflicting Constraints,0.0486,243,0.048
3189a07d0c0261205f40bdf5d75e80b1,1,Vague / Missing Context,0.5432,No Smell,0.2732,Format Ambiguity,0.0731,Ambiguous References,0.0720,69,0.542
ce6ba122f9d06b13bccc13b3eda6c5f9,3,No Smell,0.4410,Vague / Missing Context,0.2048,Format Ambiguity,0.1673,Ambiguous References,0.0837,265,0.699
ce6ba122f9d06b13bccc13b3eda6c5f9,5,No Smell,0.3470,Format Ambiguity,0.2865,Vague / Missing Context,0.2850,Formality / Audience Mismatch,0.0270,67,0.544
4679c092af62e9f6352b1af7e974ad3e,1,No Smell,0.5997,Format Ambiguity,0.2649,Vague / Missing Context,0.0799,Formality / Audience Mismatch,0.0186,10,0.532
4c2e9d5a30fc0515f196ba8d766d261f,1,No Smell,0.5954,Vague / Missing Context,0.1536,Format Ambiguity,0.1451,Conflicting Constraints,0.0379,106,0.554
52d72af08b8dda7c81125e53f37f5b30,1,No Smell,0.7822,Format Ambiguity,0.1440,Vague / Missing Context,0.0279,Conflicting Constraints,0.0190,72,0.542
c0daf54bc13b6cb0615b631433763925,1,No Smell,0.6997,Format Ambiguity,0.0843,Formality / Audience Mismatch,0.0610,Vague / Missing Context,0.0563,4000,1.360
c51f14cd61f94983cc267ba01304d8ae,4,No Smell,0.4751,Format Ambiguity,0.2446,Vague / Missing Context,0.2204,Formality / Audience Mismatch,0.0214,17,0.535
d8891697fcfe13ff249e64e9f1a7cd45,1,No Smell,0.5679,Vague / Missing Context,0.2418,Format Ambiguity,0.0717,Formality / Audience Mismatch,0.0486,52,0.544
d8891697fcfe13ff249e64e9f1a7cd45,2,No Smell,0.4923,Vague / Missing Context,0.2833,Format Ambiguity,0.0683,Formality / Audience Mismatch,0.0593,69,0.545
fdba6ddf58fa35fc12968ed036f5f380,1,No Smell,0.6142,Vague / Missing Context,0.0922,Bias / Loaded Framing,0.0713,Format Ambiguity,0.0693,4000,1.340
2253f4bbcc8deea4aa1344ae1f7dd36e,1,No Smell,0.4085,Vague / Missing Context,0.3573,Format Ambiguity,0.0581,Formality / Audience Mismatch,0.0570,83,0.555
2253f4bbcc8deea4aa1344ae1f7dd36e,2,No Smell,0.3851,Vague / Missing Context,0.3763,Format Ambiguity,0.0655,Formality / Audience Mismatch,0.0540,82,0.544
a78c24ace35b7d530d559955c04b8efb,2,No Smell,0.5809,Vague / Missing Context,0.2118,Format Ambiguity,0.1380,Formality / Audience Mismatch,0.0289,38,0.541
a78c24ace35b7d530d559955c04b8efb,3,No Smell,0.5447,Vague / Missing Context,0.2394,Format Ambiguity,0.1336,Formality / Audience Mismatch,0.0285,60,0.541
a78c24ace35b7d530d559955c04b8efb,4,No Smell,0.6676,Vague / Missing Context,0.1296,Format Ambiguity,0.1094,Formality / Audience Mismatch,0.0330,113,0.544
a78c24ace35b7d530d559955c04b8efb,5,No Smell,0.5173,Vague / Missing Context,0.2901,Format Ambiguity,0.0816,Conflicting Constraints,0.0375,76,0.542
a78c24ace35b7d530d559955c04b8efb,6,No Smell,0.6121,Vague / Missing Context,0.1758,Format Ambiguity,0.1175,Formality / Audience Mismatch,0.0365,100,0.543
0cc2f542d958884f6658cb64e1a38efc,1,No Smell,0.4468,Vague / Missing Context,0.2369,Format Ambiguity,0.1464,Ambiguous References,0.0435,678,0.814
23a000141bab923a080238b3f23aa05a,1,No Smell,0.6142,Vague / Missing Context,0.0922,Bias / Loaded Framing,0.0713,Format Ambiguity,0.0693,4000,0.089
2ac7151cbbce70f9bbad17cc0be35add,1,No Smell,0.5176,Format Ambiguity,0.1065,Vague / Missing Context,0.0926,Conflicting Constraints,0.0852,824,0.701
2ac7151cbbce70f9bbad17cc0be35add,2,No Smell,0.6550,Format Ambiguity,0.1331,Formality / Audience Mismatch,0.0546,Conflicting Constraints,0.0525,977,0.768
2ac7151cbbce70f9bbad17cc0be35add,3,No Smell,0.3612,Vague / Missing Context,0.1738,Format Ambiguity,0.1211,Conflicting Constraints,0.1085,2031,0.868
b6ced884c9cda6dc83552155c945563e,1,No Smell,0.5973,Vague / Missing Context,0.1530,Format Ambiguity,0.1314,Formality / Audience Mismatch,0.0382,76,0.554
b9b0b4890d0f467349a730adde7a2d41,1,No Smell,0.3686,Vague / Missing Context,0.2522,Format Ambiguity,0.1722,Ambiguous References,0.0625,713,0.823
a2e7efa77de3297c2e5dcb49de9ae0ac,1,No Smell,0.4085,Vague / Missing Context,0.3573,Format Ambiguity,0.0581,Formality / Audience Mismatch,0.0570,83,0.063
a2e7efa77de3297c2e5dcb49de9ae0ac,2,No Smell,0.3851,Vague / Missing Context,0.3763,Format Ambiguity,0.0655,Formality / Audience Mismatch,0.0540,82,0.062
a2e7efa77de3297c2e5dcb49de9ae0ac,3,No Smell,0.4295,Vague / Missing Context,0.3344,Format Ambiguity,0.0829,Formality / Audience Mismatch,0.0495,85,0.554
a2e7efa77de3297c2e5dcb49de9ae0ac,4,No Smell,0.6034,Vague / Missing Context,0.1456,Format Ambiguity,0.0849,Formality / Audience Mismatch,0.0611,105,0.556
c8d5eedc6d8f2b21efe531175524f896,2,No Smell,0.8204,Format Ambiguity,0.1450,Vague / Missing Context,0.0133,Formality / Audience Mismatch,0.0078,50,0.544
4ff0aac0ccbf0e5b0e34e69de3f92a8f,1,No Smell,0.6031,Format Ambiguity,0.1661,Vague / Missing Context,0.1341,Formality / Audience Mismatch,0.0344,83,0.556
370ba055fe2def5e6e2e5d0422effcc9,1,Vague / Missing Context,0.4062,No Smell,0.3570,Format Ambiguity,0.1551,Formality / Audience Mismatch,0.0282,56,0.543
43e3016e9831fc891f2d805bc5cdbbe8,1,No Smell,0.5680,Format Ambiguity,0.2053,Vague / Missing Context,0.1646,Formality / Audience Mismatch,0.0252,47,0.566
43e3016e9831fc891f2d805bc5cdbbe8,2,No Smell,0.7424,Format Ambiguity,0.1569,Vague / Missing Context,0.0596,Formality / Audience Mismatch,0.0194,39,0.541
43e3016e9831fc891f2d805bc5cdbbe8,3,No Smell,0.5017,Vague / Missing Context,0.2194,Format Ambiguity,0.2170,Formality / Audience Mismatch,0.0219,45,0.568
87d31a9295c07aabe5a484b129d65f7c,1,No Smell,0.4399,Vague / Missing Context,0.1935,Format Ambiguity,0.1405,Conflicting Constraints,0.0757,4000,1.346
1774ccafb513217be2dfe5d34c035a18,1,No Smell,0.5869,Format Ambiguity,0.1925,Vague / Missing Context,0.1143,Formality / Audience Mismatch,0.0337,144,0.559
c7c49ff3ab9e6863f46f924c5cde695d,1,No Smell,0.6083,Vague / Missing Context,0.1460,Format Ambiguity,0.1301,Conflicting Constraints,0.0363,106,0.557
c7c49ff3ab9e6863f46f924c5cde695d,2,No Smell,0.6513,Vague / Missing Context,0.1167,Format Ambiguity,0.1112,Conflicting Constraints,0.0403,108,0.555
d19348c7149b34451cec6b095910b3bc,1,No Smell,0.5337,Vague / Missing Context,0.1090,Formality / Audience Mismatch,0.1061,Conflicting Constraints,0.0988,4000,1.407
45e9391055d88e991251b802852bcac9,1,No Smell,0.5426,Vague / Missing Context,0.2413,Format Ambiguity,0.1266,Conflicting Constraints,0.0351,41,0.544
45e9391055d88e991251b802852bcac9,2,No Smell,0.6334,Vague / Missing Context,0.1595,Format Ambiguity,0.1324,Conflicting Constraints,0.0310,57,0.545
45e9391055d88e991251b802852bcac9,3,No Smell,0.7204,Format Ambiguity,0.1549,Vague / Missing Context,0.0668,Formality / Audience Mismatch,0.0227,50,0.542
45e9391055d88e991251b802852bcac9,4,No Smell,0.6402,Format Ambiguity,0.1802,Vague / Missing Context,0.1072,Conflicting Constraints,0.0343,66,0.543
45e9391055d88e991251b802852bcac9,5,No Smell,0.4575,Vague / Missing Context,0.3456,Format Ambiguity,0.1112,Formality / Audience Mismatch,0.0270,40,0.541
45e9391055d88e991251b802852bcac9,6,Vague / Missing Context,0.4493,No Smell,0.3698,Format Ambiguity,0.0857,Ambiguous References,0.0333,41,0.542
45e9391055d88e991251b802852bcac9,7,Vague / Missing Context,0.4746,No Smell,0.2916,Format Ambiguity,0.1022,Conflicting Constraints,0.0369,56,0.542
45e9391055d88e991251b802852bcac9,9,No Smell,0.6276,Format Ambiguity,0.2109,Vague / Missing Context,0.1064,Formality / Audience Mismatch,0.0223,24,0.531
45e9391055d88e991251b802852bcac9,12,No Smell,0.5386,Format Ambiguity,0.2624,Vague / Missing Context,0.1362,Conflicting Constraints,0.0237,21,0.531
45e9391055d88e991251b802852bcac9,13,No Smell,0.5189,Format Ambiguity,0.2752,Vague / Missing Context,0.1404,Conflicting Constraints,0.0210,15,0.530
45e9391055d88e991251b802852bcac9,14,No Smell,0.6750,Format Ambiguity,0.1702,Vague / Missing Context,0.0859,Conflicting Constraints,0.0322,48,0.542
45e9391055d88e991251b802852bcac9,15,No Smell,0.5053,Format Ambiguity,0.2152,Vague / Missing Context,0.1888,Conflicting Constraints,0.0387,43,0.543
45e9391055d88e991251b802852bcac9,16,No Smell,0.5995,Format Ambiguity,0.2239,Vague / Missing Context,0.1075,Conflicting Constraints,0.0290,66,0.542
45e9391055d88e991251b802852bcac9,19,No Smell,0.5127,Vague / Missing Context,0.2385,Format Ambiguity,0.1686,Conflicting Constraints,0.0261,49,0.541
45e9391055d88e991251b802852bcac9,20,Vague / Missing Context,0.4935,No Smell,0.2206,Ambiguous References,0.1121,Format Ambiguity,0.1002,30,0.530
45e9391055d88e991251b802852bcac9,21,No Smell,0.4096,Vague / Missing Context,0.2502,Format Ambiguity,0.2314,Ambiguous References,0.0312,28,0.541
45e9391055d88e991251b802852bcac9,22,No Smell,0.6717,Format Ambiguity,0.2345,Vague / Missing Context,0.0379,Formality / Audience Mismatch,0.0214,41,0.541
39f5ec6bc72b7b2e0fb451b88c8739cc,1,No Smell,0.5122,Vague / Missing Context,0.2092,Format Ambiguity,0.2050,Formality / Audience Mismatch,0.0284,41,0.543
39f5ec6bc72b7b2e0fb451b88c8739cc,2,Vague / Missing Context,0.4075,No Smell,0.3410,Format Ambiguity,0.1184,Ambiguous References,0.0494,74,0.541
39f5ec6bc72b7b2e0fb451b88c8739cc,3,Vague / Missing Context,0.3738,No Smell,0.3098,Format Ambiguity,0.1458,Ambiguous References,0.0602,71,0.542
39f5ec6bc72b7b2e0fb451b88c8739cc,4,No Smell,0.3823,Vague / Missing Context,0.3018,Format Ambiguity,0.1288,Ambiguous References,0.0723,53,0.543
739d60fc54aa715af5b60f0a9485d16c,1,No Smell,0.6083,Vague / Missing Context,0.1460,Format Ambiguity,0.1301,Conflicting Constraints,0.0363,106,0.061
0e206aec95903554968ffa8d0f89f25a,1,No Smell,0.8569,Format Ambiguity,0.0882,Conflicting Constraints,0.0187,Formality / Audience Mismatch,0.0142,154,0.554
091eb7545c084c374cdcfc36714d59ed,1,No Smell,0.5259,Format Ambiguity,0.1994,Vague / Missing Context,0.1602,Formality / Audience Mismatch,0.0389,47,0.541
091eb7545c084c374cdcfc36714d59ed,2,No Smell,0.3842,Vague / Missing Context,0.3334,Format Ambiguity,0.1360,Ambiguous References,0.0419,40,0.542
091eb7545c084c374cdcfc36714d59ed,3,Vague / Missing Context,0.4233,No Smell,0.3286,Format Ambiguity,0.1168,Ambiguous References,0.0557,35,0.543
091eb7545c084c374cdcfc36714d59ed,4,Vague / Missing Context,0.4274,No Smell,0.3138,Ambiguous References,0.0800,Format Ambiguity,0.0655,43,0.543
3408c99295878035eccb0611ee963614,1,No Smell,0.6032,Vague / Missing Context,0.1717,Format Ambiguity,0.1093,Formality / Audience Mismatch,0.0581,48,0.542
3408c99295878035eccb0611ee963614,2,No Smell,0.5390,Vague / Missing Context,0.1734,Format Ambiguity,0.1542,Formality / Audience Mismatch,0.0484,52,0.542
cbbed737bec72534e264dda36ca46909,1,Vague / Missing Context,0.3624,No Smell,0.3363,Format Ambiguity,0.1610,Ambiguous References,0.0597,51,0.543
cbbed737bec72534e264dda36ca46909,3,No Smell,0.5312,Vague / Missing Context,0.2163,Format Ambiguity,0.1654,Formality / Audience Mismatch,0.0321,42,0.542
cbbed737bec72534e264dda36ca46909,5,No Smell,0.5188,Vague / Missing Context,0.1942,Format Ambiguity,0.1745,Formality / Audience Mismatch,0.0371,41,0.542
5e255f392d520fe86dd33131b8500176,1,No Smell,0.5782,Format Ambiguity,0.2065,Vague / Missing Context,0.1635,Formality / Audience Mismatch,0.0196,36,0.541
5e255f392d520fe86dd33131b8500176,2,Vague / Missing Context,0.4040,No Smell,0.3792,Format Ambiguity,0.0923,Conflicting Constraints,0.0347,54,0.542
ff06c93b6fc5d7184f226c4ae3be4d36,1,No Smell,0.4748,Vague / Missing Context,0.2798,Format Ambiguity,0.2134,Formality / Audience Mismatch,0.0127,25,0.541
ff06c93b6fc5d7184f226c4ae3be4d36,2,No Smell,0.6050,Format Ambiguity,0.2078,Vague / Missing Context,0.1326,Conflicting Constraints,0.0199,43,0.541
ff06c93b6fc5d7184f226c4ae3be4d36,3,No Smell,0.3913,Vague / Missing Context,0.3077,Format Ambiguity,0.2128,Ambiguous References,0.0367,45,0.541
ff06c93b6fc5d7184f226c4ae3be4d36,4,Vague / Missing Context,0.4632,No Smell,0.3467,Format Ambiguity,0.0994,Ambiguous References,0.0306,29,0.539
ff06c93b6fc5d7184f226c4ae3be4d36,5,No Smell,0.6823,Format Ambiguity,0.2288,Vague / Missing Context,0.0427,Conflicting Constraints,0.0167,64,0.544
ff06c93b6fc5d7184f226c4ae3be4d36,6,No Smell,0.4936,Vague / Missing Context,0.2380,Format Ambiguity,0.2127,Formality / Audience Mismatch,0.0170,55,0.543
ff06c93b6fc5d7184f226c4ae3be4d36,7,No Smell,0.5247,Format Ambiguity,0.2201,Vague / Missing Context,0.2038,Formality / Audience Mismatch,0.0175,41,0.542
ff06c93b6fc5d7184f226c4ae3be4d36,8,Vague / Missing Context,0.3617,No Smell,0.3260,Format Ambiguity,0.2173,Ambiguous References,0.0424,144,0.557
ff06c93b6fc5d7184f226c4ae3be4d36,9,No Smell,0.4696,Vague / Missing Context,0.3077,Format Ambiguity,0.1633,Formality / Audience Mismatch,0.0191,54,0.542
3e8bcc2af550710c79ab9fa7c9cbe8bc,1,No Smell,0.3945,Vague / Missing Context,0.3648,Format Ambiguity,0.0853,Formality / Audience Mismatch,0.0507,57,0.543
3e8bcc2af550710c79ab9fa7c9cbe8bc,2,No Smell,0.4472,Vague / Missing Context,0.2473,Format Ambiguity,0.1811,Ambiguous References,0.0433,78,0.544
6baaa23853b17a38aadb005d421ba3ed,1,No Smell,0.4965,Format Ambiguity,0.1859,Vague / Missing Context,0.1441,Conflicting Constraints,0.0581,4000,1.398
398dbde5901ed11cf003821de8607df0,1,No Smell,0.5016,Format Ambiguity,0.1755,Vague / Missing Context,0.1553,Conflicting Constraints,0.0694,152,0.559
398dbde5901ed11cf003821de8607df0,2,No Smell,0.7520,Format Ambiguity,0.1761,Vague / Missing Context,0.0389,Formality / Audience Mismatch,0.0141,10,0.533
af58aaaf34b35c906cdc31b4b573cb4e,1,No Smell,0.4986,Vague / Missing Context,0.2150,Format Ambiguity,0.1704,Ambiguous References,0.0393,47,0.544
af58aaaf34b35c906cdc31b4b573cb4e,2,No Smell,0.5258,Vague / Missing Context,0.1986,Format Ambiguity,0.1674,Formality / Audience Mismatch,0.0384,80,0.555
af58aaaf34b35c906cdc31b4b573cb4e,3,No Smell,0.4018,Vague / Missing Context,0.3381,Format Ambiguity,0.1391,Ambiguous References,0.0464,60,0.544
0718b3f921261d45388998c3b1f14338,1,Vague / Missing Context,0.3855,No Smell,0.3721,Format Ambiguity,0.1023,Formality / Audience Mismatch,0.0435,59,0.543
0718b3f921261d45388998c3b1f14338,2,No Smell,0.4312,Vague / Missing Context,0.2967,Format Ambiguity,0.1554,Ambiguous References,0.0474,46,0.544
0718b3f921261d45388998c3b1f14338,3,No Smell,0.5356,Vague / Missing Context,0.2224,Format Ambiguity,0.1438,Formality / Audience Mismatch,0.0281,77,0.544
0718b3f921261d45388998c3b1f14338,4,No Smell,0.4450,Vague / Missing Context,0.2593,Format Ambiguity,0.2240,Formality / Audience Mismatch,0.0271,45,0.542
0718b3f921261d45388998c3b1f14338,5,Vague / Missing Context,0.5330,No Smell,0.2679,Format Ambiguity,0.0887,Ambiguous References,0.0345,53,0.543
6027b0fba751a5352c5882e39195c947,1,No Smell,0.4459,Vague / Missing Context,0.1288,Format Ambiguity,0.1055,Conflicting Constraints,0.1027,1277,0.816
9066e1815d673be501601b8203a6cfc2,1,Vague / Missing Context,0.3847,No Smell,0.3534,Format Ambiguity,0.1327,Ambiguous References,0.0586,59,0.545
9066e1815d673be501601b8203a6cfc2,2,No Smell,0.4440,Vague / Missing Context,0.2796,Format Ambiguity,0.1615,Ambiguous References,0.0477,52,0.546
18db845d740264a90a2a3c2c1a8e83b5,1,No Smell,0.3964,Vague / Missing Context,0.2652,Ambiguous References,0.0843,Format Ambiguity,0.0674,1445,0.780
7047e974a293e58f37e1bcd7f0e2beac,1,No Smell,0.4971,Format Ambiguity,0.2160,Vague / Missing Context,0.1440,Conflicting Constraints,0.0525,513,0.642
25f041ec24b2db3006c01fe5392bdf30,1,No Smell,0.5595,Vague / Missing Context,0.1363,Format Ambiguity,0.1274,Conflicting Constraints,0.0458,4000,1.457
576d8ad509168f77d3698c5ed0458aa7,1,No Smell,0.3860,Vague / Missing Context,0.3408,Format Ambiguity,0.1425,Ambiguous References,0.0655,151,0.590
576d8ad509168f77d3698c5ed0458aa7,3,Vague / Missing Context,0.4136,No Smell,0.2243,Ambiguous References,0.1400,Format Ambiguity,0.1122,712,0.699
636730cf4205d4996f3e9364d20d189e,1,No Smell,0.6694,Format Ambiguity,0.0926,Formality / Audience Mismatch,0.0636,Conflicting Constraints,0.0522,1166,0.818
f074237afd45470512fba05bf1f45158,1,No Smell,0.7013,Format Ambiguity,0.2332,Vague / Missing Context,0.0243,Formality / Audience Mismatch,0.0157,121,0.555
f074237afd45470512fba05bf1f45158,2,Prompt Bloat / Convoluted Prompt,0.2547,Vague / Missing Context,0.1754,Format Ambiguity,0.1544,Ambiguous References,0.1006,4000,1.744
f074237afd45470512fba05bf1f45158,3,Format Ambiguity,0.3431,No Smell,0.2788,Vague / Missing Context,0.1477,Conflicting Constraints,0.0537,4000,1.749
e633275a4168f18b2e54ed2de80eb822,1,No Smell,0.6929,Format Ambiguity,0.1049,Conflicting Constraints,0.0665,Vague / Missing Context,0.0499,4000,1.418
27cf10cde659f7be3b6d84ee6add0356,1,No Smell,0.5510,Format Ambiguity,0.2694,Vague / Missing Context,0.0965,Conflicting Constraints,0.0283,243,0.592
b949abfeb8c48832c5ce5e645b47bce7,1,Vague / Missing Context,0.3886,No Smell,0.2247,Ambiguous References,0.1700,Format Ambiguity,0.1671,23,0.543
b949abfeb8c48832c5ce5e645b47bce7,2,No Smell,0.6643,Format Ambiguity,0.1708,Vague / Missing Context,0.0987,Formality / Audience Mismatch,0.0240,25,0.532
b949abfeb8c48832c5ce5e645b47bce7,3,No Smell,0.5414,Format Ambiguity,0.2172,Vague / Missing Context,0.1758,Formality / Audience Mismatch,0.0262,19,0.531
844a083791eadcd3af7815c18b1ab046,1,No Smell,0.5802,Vague / Missing Context,0.1558,Format Ambiguity,0.1241,Conflicting Constraints,0.0521,4000,1.366
afab7b892588f230812208e8e52e8722,1,Vague / Missing Context,0.4001,No Smell,0.3428,Format Ambiguity,0.1278,Formality / Audience Mismatch,0.0471,58,0.545
5b56ca1b19c3ad7f1601ee111ae77ba0,1,No Smell,0.5712,Vague / Missing Context,0.2029,Format Ambiguity,0.1756,Formality / Audience Mismatch,0.0197,39,0.544
825090b978285265abdf03669f70c69f,1,No Smell,0.5054,Format Ambiguity,0.2031,Vague / Missing Context,0.1836,Conflicting Constraints,0.0279,117,0.544
825090b978285265abdf03669f70c69f,2,No Smell,0.4283,Vague / Missing Context,0.3137,Format Ambiguity,0.1116,Ambiguous References,0.0426,123,0.546
825090b978285265abdf03669f70c69f,3,No Smell,0.4090,Vague / Missing Context,0.3542,Format Ambiguity,0.1405,Ambiguous References,0.0320,113,0.544
5e0b62ee7bb17b6cfe275d884a7ae1a0,1,Vague / Missing Context,0.3869,No Smell,0.3502,Format Ambiguity,0.1395,Ambiguous References,0.0571,105,0.546
5e0b62ee7bb17b6cfe275d884a7ae1a0,2,No Smell,0.6786,Format Ambiguity,0.2373,Vague / Missing Context,0.0418,Formality / Audience Mismatch,0.0154,30,0.531
52720388b7b8fe8d427d6317b615b72f,1,No Smell,0.4425,Vague / Missing Context,0.2852,Format Ambiguity,0.1631,Ambiguous References,0.0516,176,0.611
52720388b7b8fe8d427d6317b615b72f,3,No Smell,0.3860,Vague / Missing Context,0.3497,Format Ambiguity,0.1345,Ambiguous References,0.0729,146,0.589
52720388b7b8fe8d427d6317b615b72f,4,No Smell,0.3860,Vague / Missing Context,0.3497,Format Ambiguity,0.1345,Ambiguous References,0.0729,146,0.047
52720388b7b8fe8d427d6317b615b72f,6,No Smell,0.4048,Vague / Missing Context,0.3518,Format Ambiguity,0.1239,Ambiguous References,0.0419,230,0.611
9773a9a2170638254adc2e5682bf8aee,1,No Smell,0.6756,Format Ambiguity,0.1036,Conflicting Constraints,0.0546,Vague / Missing Context,0.0532,430,0.638
9773a9a2170638254adc2e5682bf8aee,2,Vague / Missing Context,0.4434,No Smell,0.3680,Format Ambiguity,0.0666,Ambiguous References,0.0422,43,0.543
ff4fb78b7a5b1c7173fdeeab6b248ceb,1,Vague / Missing Context,0.5173,No Smell,0.2128,Format Ambiguity,0.1155,Ambiguous References,0.0989,83,0.588
ff4fb78b7a5b1c7173fdeeab6b248ceb,2,No Smell,0.3629,Format Ambiguity,0.2064,Vague / Missing Context,0.1821,Ambiguous References,0.0771,495,0.737
ff4fb78b7a5b1c7173fdeeab6b248ceb,3,No Smell,0.3892,Format Ambiguity,0.2206,Vague / Missing Context,0.1640,Ambiguous References,0.0610,499,0.773
ff4fb78b7a5b1c7173fdeeab6b248ceb,7,No Smell,0.3552,Format Ambiguity,0.2031,Vague / Missing Context,0.1626,Ambiguous References,0.0716,629,0.737
66617b4d03fdc170a92dfd477c68d8ea,1,No Smell,0.5633,Format Ambiguity,0.2052,Vague / Missing Context,0.1164,Formality / Audience Mismatch,0.0437,101,0.589
6e6f2d7a40c43db18b8d1ad059d80e36,1,No Smell,0.5916,Format Ambiguity,0.1811,Vague / Missing Context,0.0938,Formality / Audience Mismatch,0.0539,172,0.592
61f3ece568b70b415d7180da10a1698e,1,No Smell,0.6462,Format Ambiguity,0.2788,Vague / Missing Context,0.0382,Formality / Audience Mismatch,0.0135,42,0.542
61f3ece568b70b415d7180da10a1698e,2,No Smell,0.4745,Format Ambiguity,0.4161,Vague / Missing Context,0.0713,Formality / Audience Mismatch,0.0147,42,0.540
61f3ece568b70b415d7180da10a1698e,3,No Smell,0.5392,Format Ambiguity,0.3148,Vague / Missing Context,0.0873,Formality / Audience Mismatch,0.0247,26,0.542
61f3ece568b70b415d7180da10a1698e,4,No Smell,0.6080,Format Ambiguity,0.1701,Vague / Missing Context,0.1611,Conflicting Constraints,0.0209,43,0.541
61f3ece568b70b415d7180da10a1698e,5,No Smell,0.5070,Format Ambiguity,0.2285,Vague / Missing Context,0.2049,Conflicting Constraints,0.0213,72,0.541
61f3ece568b70b415d7180da10a1698e,7,No Smell,0.6483,Format Ambiguity,0.2387,Vague / Missing Context,0.0659,Formality / Audience Mismatch,0.0206,30,0.542
61f3ece568b70b415d7180da10a1698e,8,No Smell,0.6994,Format Ambiguity,0.2244,Vague / Missing Context,0.0379,Formality / Audience Mismatch,0.0187,16,0.532
61f3ece568b70b415d7180da10a1698e,9,No Smell,0.5323,Format Ambiguity,0.2544,Vague / Missing Context,0.1093,Conflicting Constraints,0.0378,212,0.571
61f3ece568b70b415d7180da10a1698e,10,No Smell,0.3165,Vague / Missing Context,0.2961,Format Ambiguity,0.2178,Ambiguous References,0.0997,180,0.568
c128e448c8d4a2a2d0ab7f678a0bbae6,1,No Smell,0.4394,Format Ambiguity,0.1777,Vague / Missing Context,0.1418,Conflicting Constraints,0.0662,290,0.591
c128e448c8d4a2a2d0ab7f678a0bbae6,2,No Smell,0.5701,Vague / Missing Context,0.1157,Format Ambiguity,0.1001,Formality / Audience Mismatch,0.0560,257,0.591
e17a4b7d371f64c67812168771789105,1,No Smell,0.4990,Vague / Missing Context,0.2778,Format Ambiguity,0.1214,Formality / Audience Mismatch,0.0329,63,0.545
e17a4b7d371f64c67812168771789105,2,No Smell,0.7899,Format Ambiguity,0.1280,Vague / Missing Context,0.0354,Formality / Audience Mismatch,0.0186,47,0.543
8ca58bf2b8e9f970845a574dcf6880ae,1,No Smell,0.5752,Format Ambiguity,0.2507,Vague / Missing Context,0.1348,Conflicting Constraints,0.0149,23,0.542
8ca58bf2b8e9f970845a574dcf6880ae,2,No Smell,0.5923,Format Ambiguity,0.2821,Vague / Missing Context,0.0921,Formality / Audience Mismatch,0.0138,25,0.542
bd9da6feb0fb6e6be4f577029c920b39,1,No Smell,0.6747,Format Ambiguity,0.1108,Formality / Audience Mismatch,0.0673,Vague / Missing Context,0.0639,4000,1.308
c3870004dba7c831e225ee041ad3d897,1,No Smell,0.7176,Format Ambiguity,0.1252,Formality / Audience Mismatch,0.0639,Conflicting Constraints,0.0354,4000,1.354
c8e924d279cc476e37155af8cccf765d,2,No Smell,0.4722,Vague / Missing Context,0.2407,Format Ambiguity,0.1790,Formality / Audience Mismatch,0.0331,255,0.640
7e09e399c79cb69b8d6a80953e094ec6,1,Vague / Missing Context,0.3919,No Smell,0.3622,Format Ambiguity,0.1397,Ambiguous References,0.0411,113,0.556
7e09e399c79cb69b8d6a80953e094ec6,2,No Smell,0.7044,Format Ambiguity,0.2132,Vague / Missing Context,0.0446,Formality / Audience Mismatch,0.0149,36,0.542
7e09e399c79cb69b8d6a80953e094ec6,3,No Smell,0.5766,Format Ambiguity,0.3247,Vague / Missing Context,0.0549,Formality / Audience Mismatch,0.0149,33,0.541
7e09e399c79cb69b8d6a80953e094ec6,4,No Smell,0.5101,Format Ambiguity,0.3530,Vague / Missing Context,0.0791,Formality / Audience Mismatch,0.0165,39,0.540
7e09e399c79cb69b8d6a80953e094ec6,5,No Smell,0.5059,Vague / Missing Context,0.2422,Format Ambiguity,0.1475,Conflicting Constraints,0.0331,88,0.544
7e09e399c79cb69b8d6a80953e094ec6,6,No Smell,0.7202,Format Ambiguity,0.2109,Vague / Missing Context,0.0366,Formality / Audience Mismatch,0.0123,21,0.531
7e09e399c79cb69b8d6a80953e094ec6,7,No Smell,0.5101,Format Ambiguity,0.3530,Vague / Missing Context,0.0791,Formality / Audience Mismatch,0.0165,39,0.062
7e09e399c79cb69b8d6a80953e094ec6,8,Vague / Missing Context,0.4679,No Smell,0.3380,Format Ambiguity,0.0899,Formality / Audience Mismatch,0.0349,83,0.542
7e09e399c79cb69b8d6a80953e094ec6,9,No Smell,0.6939,Format Ambiguity,0.2335,Vague / Missing Context,0.0372,Formality / Audience Mismatch,0.0117,32,0.542
7e09e399c79cb69b8d6a80953e094ec6,10,No Smell,0.6481,Format Ambiguity,0.2705,Vague / Missing Context,0.0414,Formality / Audience Mismatch,0.0146,37,0.542
7e09e399c79cb69b8d6a80953e094ec6,11,No Smell,0.4584,Format Ambiguity,0.3895,Vague / Missing Context,0.0868,Formality / Audience Mismatch,0.0174,55,0.542
7e09e399c79cb69b8d6a80953e094ec6,12,No Smell,0.4184,Format Ambiguity,0.3527,Vague / Missing Context,0.1367,Formality / Audience Mismatch,0.0302,22,0.531
97c3263bf859ddd624cf572de159c002,1,No Smell,0.6865,Format Ambiguity,0.1208,Vague / Missing Context,0.0895,Conflicting Constraints,0.0315,381,0.613
97c3263bf859ddd624cf572de159c002,2,No Smell,0.6209,Format Ambiguity,0.2541,Vague / Missing Context,0.0610,Conflicting Constraints,0.0249,155,0.568
7d1b0abf2497ad343da0f7950e82ba52,2,No Smell,0.4631,Format Ambiguity,0.2598,Vague / Missing Context,0.2047,Formality / Audience Mismatch,0.0259,20,0.531
7d1b0abf2497ad343da0f7950e82ba52,4,No Smell,0.5940,Format Ambiguity,0.2412,Vague / Missing Context,0.0976,Formality / Audience Mismatch,0.0276,20,0.531
378b6be6ff2572aa4c1ea226f9d4bf46,1,No Smell,0.5831,Format Ambiguity,0.1271,Vague / Missing Context,0.0983,Formality / Audience Mismatch,0.0840,4000,1.382
b2cd9b3dba480eb57e2f7da991f3c286,1,No Smell,0.6865,Format Ambiguity,0.1208,Vague / Missing Context,0.0895,Conflicting Constraints,0.0315,381,0.068
b2cd9b3dba480eb57e2f7da991f3c286,2,No Smell,0.6209,Format Ambiguity,0.2541,Vague / Missing Context,0.0610,Conflicting Constraints,0.0249,155,0.062
b2cd9b3dba480eb57e2f7da991f3c286,3,No Smell,0.7036,Vague / Missing Context,0.0946,Format Ambiguity,0.0938,Formality / Audience Mismatch,0.0343,438,0.615
b2cd9b3dba480eb57e2f7da991f3c286,4,No Smell,0.6211,Format Ambiguity,0.2524,Vague / Missing Context,0.0601,Conflicting Constraints,0.0268,154,0.568
445e5cc33cf42f3d32586a54169aa3f9,1,No Smell,0.7240,Format Ambiguity,0.0841,Formality / Audience Mismatch,0.0813,Conflicting Constraints,0.0428,4000,1.377
aaa615b181f36f32c479c62598552939,3,No Smell,0.6726,Format Ambiguity,0.2249,Vague / Missing Context,0.0602,Formality / Audience Mismatch,0.0186,9,0.532
e1cae45c4e1bbee0453b3ccc7599c431,1,No Smell,0.5652,Format Ambiguity,0.2628,Vague / Missing Context,0.1076,Formality / Audience Mismatch,0.0287,26,0.544
3ddde9de9a786fe9dbc6a8fe4b6e444d,1,No Smell,0.7314,Format Ambiguity,0.2144,Formality / Audience Mismatch,0.0173,Vague / Missing Context,0.0168,47,0.555
3ddde9de9a786fe9dbc6a8fe4b6e444d,4,No Smell,0.3590,Vague / Missing Context,0.3032,Format Ambiguity,0.1550,Ambiguous References,0.0572,418,0.661
3ddde9de9a786fe9dbc6a8fe4b6e444d,5,No Smell,0.3552,Vague / Missing Context,0.2555,Format Ambiguity,0.1156,Ambiguous References,0.1031,205,0.609
92774fc636bb34225fc764ee1e141bbc,1,No Smell,0.6611,Format Ambiguity,0.2579,Vague / Missing Context,0.0378,Formality / Audience Mismatch,0.0198,30,0.531
92774fc636bb34225fc764ee1e141bbc,2,No Smell,0.6205,Format Ambiguity,0.2171,Vague / Missing Context,0.1041,Formality / Audience Mismatch,0.0254,28,0.541
92774fc636bb34225fc764ee1e141bbc,3,No Smell,0.5530,Format Ambiguity,0.3064,Vague / Missing Context,0.0921,Formality / Audience Mismatch,0.0199,33,0.531
92774fc636bb34225fc764ee1e141bbc,4,No Smell,0.5322,Format Ambiguity,0.2544,Vague / Missing Context,0.1596,Formality / Audience Mismatch,0.0215,31,0.531
c45ebc37d04dafcd87a291c4d227b8e5,1,No Smell,0.3760,Vague / Missing Context,0.2560,Bias / Loaded Framing,0.1012,Ambiguous References,0.0755,1161,0.738
5953c85a43f6cff921c050418188a632,1,No Smell,0.5962,Format Ambiguity,0.1226,Vague / Missing Context,0.1045,Conflicting Constraints,0.0612,1141,0.740
5c71148629cc9b35bdc4d9395b769e5a,1,No Smell,0.6908,Format Ambiguity,0.1263,Vague / Missing Context,0.0883,Formality / Audience Mismatch,0.0280,378,0.613
5c71148629cc9b35bdc4d9395b769e5a,2,No Smell,0.6607,Format Ambiguity,0.2406,Vague / Missing Context,0.0399,Conflicting Constraints,0.0232,156,0.571
5c71148629cc9b35bdc4d9395b769e5a,3,No Smell,0.7243,Format Ambiguity,0.1035,Vague / Missing Context,0.0683,Formality / Audience Mismatch,0.0384,392,0.613
5c71148629cc9b35bdc4d9395b769e5a,4,No Smell,0.6211,Format Ambiguity,0.2524,Vague / Missing Context,0.0601,Conflicting Constraints,0.0268,154,0.064
5c71148629cc9b35bdc4d9395b769e5a,5,No Smell,0.7260,Format Ambiguity,0.0922,Vague / Missing Context,0.0686,Formality / Audience Mismatch,0.0377,389,0.611
43d489af2fb3939361ae6799d07e4749,1,Vague / Missing Context,0.3582,No Smell,0.3527,Format Ambiguity,0.1816,Formality / Audience Mismatch,0.0279,41,0.542
43d489af2fb3939361ae6799d07e4749,2,Vague / Missing Context,0.4221,No Smell,0.2779,Format Ambiguity,0.1635,Ambiguous References,0.0468,43,0.540
b3cb2f3a3347428d0e3fd9ab8501c143,1,No Smell,0.5722,Vague / Missing Context,0.1829,Format Ambiguity,0.1825,Formality / Audience Mismatch,0.0253,48,0.542
009932cccc273e564034521942d9b29b,1,Vague / Missing Context,0.3574,No Smell,0.2654,Format Ambiguity,0.0966,Ambiguous References,0.0737,1070,0.736
ffeadd618c316f8c27f5be7178c25b3f,1,No Smell,0.6827,Format Ambiguity,0.1262,Vague / Missing Context,0.0642,Conflicting Constraints,0.0562,336,0.591
ffeadd618c316f8c27f5be7178c25b3f,2,No Smell,0.6745,Format Ambiguity,0.1270,Vague / Missing Context,0.0947,Conflicting Constraints,0.0440,144,0.557
ffeadd618c316f8c27f5be7178c25b3f,3,No Smell,0.4388,Vague / Missing Context,0.3420,Format Ambiguity,0.1416,Formality / Audience Mismatch,0.0246,32,0.542
f45adb705f27060f5bd14143b08c67f3,1,No Smell,0.6278,Format Ambiguity,0.1177,Vague / Missing Context,0.0841,Formality / Audience Mismatch,0.0530,4000,1.345
a6a64ed3b3a5acb7e907d097ff18cb55,1,No Smell,0.6464,Format Ambiguity,0.2093,Vague / Missing Context,0.0805,Formality / Audience Mismatch,0.0301,61,0.571
febdc205374d9c3d857b77274ff310b2,1,Vague / Missing Context,0.3734,No Smell,0.2493,Format Ambiguity,0.0968,Ambiguous References,0.0785,1052,0.738
c9884461346605e0165d4b15bf455197,1,Vague / Missing Context,0.4042,No Smell,0.2870,Ambiguous References,0.1366,Format Ambiguity,0.0959,112,0.557
c9884461346605e0165d4b15bf455197,2,No Smell,0.6742,Format Ambiguity,0.1889,Vague / Missing Context,0.0757,Formality / Audience Mismatch,0.0267,49,0.545
c9884461346605e0165d4b15bf455197,3,No Smell,0.3796,Vague / Missing Context,0.2836,Format Ambiguity,0.2311,Ambiguous References,0.0527,42,0.542
1b8d2ab6aa38e92083945a623eb73db5,1,No Smell,0.6926,Format Ambiguity,0.1494,Conflicting Constraints,0.0468,Vague / Missing Context,0.0388,4000,1.433
05f9c9dcb571ea0ccf68975e0422bc56,1,No Smell,0.6221,Format Ambiguity,0.2249,Vague / Missing Context,0.0940,Formality / Audience Mismatch,0.0262,64,0.545
05f9c9dcb571ea0ccf68975e0422bc56,2,No Smell,0.5435,Format Ambiguity,0.2745,Vague / Missing Context,0.1213,Formality / Audience Mismatch,0.0225,57,0.545
05f9c9dcb571ea0ccf68975e0422bc56,3,No Smell,0.6257,Format Ambiguity,0.1958,Vague / Missing Context,0.1019,Formality / Audience Mismatch,0.0315,99,0.544
05f9c9dcb571ea0ccf68975e0422bc56,4,No Smell,0.6493,Format Ambiguity,0.1975,Vague / Missing Context,0.0900,Formality / Audience Mismatch,0.0297,42,0.542
05f9c9dcb571ea0ccf68975e0422bc56,5,No Smell,0.6766,Format Ambiguity,0.1817,Vague / Missing Context,0.0679,Formality / Audience Mismatch,0.0288,78,0.544
05f9c9dcb571ea0ccf68975e0422bc56,6,No Smell,0.5912,Format Ambiguity,0.2594,Vague / Missing Context,0.0934,Formality / Audience Mismatch,0.0218,89,0.546
d2d9b212550e24b4a0835a7a9674a826,1,Vague / Missing Context,0.3917,No Smell,0.3028,Ambiguous References,0.0841,Format Ambiguity,0.0760,70,0.544
6c88288bc749c3d05941f82aceb722df,1,No Smell,0.5560,Vague / Missing Context,0.2188,Format Ambiguity,0.1634,Formality / Audience Mismatch,0.0229,48,0.543
6c88288bc749c3d05941f82aceb722df,2,No Smell,0.5560,Vague / Missing Context,0.2188,Format Ambiguity,0.1634,Formality / Audience Mismatch,0.0229,48,0.047
6c88288bc749c3d05941f82aceb722df,3,No Smell,0.6675,Vague / Missing Context,0.1294,Format Ambiguity,0.1170,Formality / Audience Mismatch,0.0311,94,0.542
6c88288bc749c3d05941f82aceb722df,6,Vague / Missing Context,0.3777,No Smell,0.3513,Format Ambiguity,0.1288,Bias / Loaded Framing,0.0341,74,0.568
6c88288bc749c3d05941f82aceb722df,7,No Smell,0.3702,Vague / Missing Context,0.3544,Format Ambiguity,0.1421,Formality / Audience Mismatch,0.0365,80,0.590
6c88288bc749c3d05941f82aceb722df,8,Vague / Missing Context,0.5035,No Smell,0.3312,Format Ambiguity,0.0828,Ambiguous References,0.0291,35,0.557
6c88288bc749c3d05941f82aceb722df,11,No Smell,0.4950,Vague / Missing Context,0.2597,Format Ambiguity,0.1828,Formality / Audience Mismatch,0.0201,38,0.543
184f15f783bd23a82cff7166b2efa3ef,1,No Smell,0.6748,Vague / Missing Context,0.1010,Format Ambiguity,0.0972,Conflicting Constraints,0.0469,1582,0.818
184f15f783bd23a82cff7166b2efa3ef,2,No Smell,0.3707,Vague / Missing Context,0.2482,Format Ambiguity,0.1251,Ambiguous References,0.1059,959,0.702
184f15f783bd23a82cff7166b2efa3ef,3,No Smell,0.5077,Format Ambiguity,0.1847,Vague / Missing Context,0.1460,Bias / Loaded Framing,0.0577,821,0.666
184f15f783bd23a82cff7166b2efa3ef,4,No Smell,0.7002,Format Ambiguity,0.2425,Vague / Missing Context,0.0190,Formality / Audience Mismatch,0.0137,61,0.544
184f15f783bd23a82cff7166b2efa3ef,5,Vague / Missing Context,0.5186,No Smell,0.1726,Bias / Loaded Framing,0.1000,Format Ambiguity,0.0669,27,0.532
184f15f783bd23a82cff7166b2efa3ef,6,No Smell,0.6569,Format Ambiguity,0.2049,Vague / Missing Context,0.0797,Formality / Audience Mismatch,0.0256,90,0.543
184f15f783bd23a82cff7166b2efa3ef,7,Vague / Missing Context,0.4431,No Smell,0.1981,Bias / Loaded Framing,0.1834,Ambiguous References,0.0643,290,0.589
184f15f783bd23a82cff7166b2efa3ef,8,Vague / Missing Context,0.3495,No Smell,0.2169,Bias / Loaded Framing,0.2160,Ambiguous References,0.0930,199,0.556
184f15f783bd23a82cff7166b2efa3ef,9,Vague / Missing Context,0.3278,No Smell,0.3230,Format Ambiguity,0.1035,Bias / Loaded Framing,0.0854,539,0.613
6473f48e71416ba4b2571deb41ae7c19,1,Vague / Missing Context,0.3705,No Smell,0.3635,Format Ambiguity,0.1548,Conflicting Constraints,0.0316,31,0.542
6473f48e71416ba4b2571deb41ae7c19,2,No Smell,0.3755,Format Ambiguity,0.3460,Vague / Missing Context,0.2129,Formality / Audience Mismatch,0.0212,7,0.532
6473f48e71416ba4b2571deb41ae7c19,3,No Smell,0.4399,Vague / Missing Context,0.2720,Format Ambiguity,0.1880,Conflicting Constraints,0.0387,41,0.543
6473f48e71416ba4b2571deb41ae7c19,4,Vague / Missing Context,0.4839,No Smell,0.2931,Format Ambiguity,0.1271,Ambiguous References,0.0350,30,0.542
d8e1d80aeb35e75e94702d6312c46a1b,7,No Smell,0.4338,Vague / Missing Context,0.2844,Format Ambiguity,0.2092,Conflicting Constraints,0.0197,17,0.531
e62ebb28be10d3fa67ffa8936b21b883,1,No Smell,0.6926,Format Ambiguity,0.1494,Conflicting Constraints,0.0468,Vague / Missing Context,0.0388,4000,0.095
8eea8678ac2a6c3d976ed562ebd5899f,1,No Smell,0.7438,Format Ambiguity,0.0951,Vague / Missing Context,0.0602,Formality / Audience Mismatch,0.0359,376,0.613
8eea8678ac2a6c3d976ed562ebd5899f,2,No Smell,0.6209,Format Ambiguity,0.2541,Vague / Missing Context,0.0610,Conflicting Constraints,0.0249,155,0.065
8eea8678ac2a6c3d976ed562ebd5899f,3,No Smell,0.7343,Format Ambiguity,0.1138,Vague / Missing Context,0.0563,Formality / Audience Mismatch,0.0308,378,0.611
8eea8678ac2a6c3d976ed562ebd5899f,4,No Smell,0.6211,Format Ambiguity,0.2524,Vague / Missing Context,0.0601,Conflicting Constraints,0.0268,154,0.064
8eea8678ac2a6c3d976ed562ebd5899f,6,No Smell,0.6628,Format Ambiguity,0.1220,Vague / Missing Context,0.0936,Conflicting Constraints,0.0408,378,0.610
8eea8678ac2a6c3d976ed562ebd5899f,7,No Smell,0.6211,Format Ambiguity,0.2524,Vague / Missing Context,0.0601,Conflicting Constraints,0.0268,154,0.063
8eea8678ac2a6c3d976ed562ebd5899f,8,No Smell,0.6381,Vague / Missing Context,0.1256,Format Ambiguity,0.1208,Conflicting Constraints,0.0352,389,0.610
8eea8678ac2a6c3d976ed562ebd5899f,9,No Smell,0.6211,Format Ambiguity,0.2524,Vague / Missing Context,0.0601,Conflicting Constraints,0.0268,154,0.064
8eea8678ac2a6c3d976ed562ebd5899f,10,No Smell,0.7378,Format Ambiguity,0.1099,Vague / Missing Context,0.0613,Formality / Audience Mismatch,0.0288,434,0.613
8eea8678ac2a6c3d976ed562ebd5899f,11,No Smell,0.6211,Format Ambiguity,0.2524,Vague / Missing Context,0.0601,Conflicting Constraints,0.0268,154,0.064
8eea8678ac2a6c3d976ed562ebd5899f,12,No Smell,0.7346,Format Ambiguity,0.0855,Vague / Missing Context,0.0711,Formality / Audience Mismatch,0.0354,396,0.611
8eea8678ac2a6c3d976ed562ebd5899f,13,No Smell,0.6211,Format Ambiguity,0.2524,Vague / Missing Context,0.0601,Conflicting Constraints,0.0268,154,0.065
8eea8678ac2a6c3d976ed562ebd5899f,14,No Smell,0.6998,Format Ambiguity,0.1260,Vague / Missing Context,0.0565,Conflicting Constraints,0.0377,410,0.612
8eea8678ac2a6c3d976ed562ebd5899f,15,No Smell,0.6211,Format Ambiguity,0.2524,Vague / Missing Context,0.0601,Conflicting Constraints,0.0268,154,0.064
8eea8678ac2a6c3d976ed562ebd5899f,16,No Smell,0.7255,Format Ambiguity,0.1142,Vague / Missing Context,0.0579,Formality / Audience Mismatch,0.0333,390,0.612
8eea8678ac2a6c3d976ed562ebd5899f,17,No Smell,0.6211,Format Ambiguity,0.2524,Vague / Missing Context,0.0601,Conflicting Constraints,0.0268,154,0.063
8eea8678ac2a6c3d976ed562ebd5899f,18,No Smell,0.6909,Format Ambiguity,0.1292,Vague / Missing Context,0.0583,Formality / Audience Mismatch,0.0395,397,0.610
8eea8678ac2a6c3d976ed562ebd5899f,19,No Smell,0.6607,Format Ambiguity,0.2406,Vague / Missing Context,0.0399,Conflicting Constraints,0.0232,156,0.063
8eea8678ac2a6c3d976ed562ebd5899f,20,No Smell,0.7568,Format Ambiguity,0.1068,Vague / Missing Context,0.0525,Formality / Audience Mismatch,0.0307,380,0.611
8eea8678ac2a6c3d976ed562ebd5899f,21,No Smell,0.6209,Format Ambiguity,0.2541,Vague / Missing Context,0.0610,Conflicting Constraints,0.0249,155,0.061
8eea8678ac2a6c3d976ed562ebd5899f,22,No Smell,0.7750,Format Ambiguity,0.0919,Vague / Missing Context,0.0491,Formality / Audience Mismatch,0.0302,380,0.611
8eea8678ac2a6c3d976ed562ebd5899f,23,No Smell,0.6209,Format Ambiguity,0.2541,Vague / Missing Context,0.0610,Conflicting Constraints,0.0249,155,0.063
8eea8678ac2a6c3d976ed562ebd5899f,24,No Smell,0.7185,Format Ambiguity,0.1309,Vague / Missing Context,0.0681,Formality / Audience Mismatch,0.0291,417,0.612
8eea8678ac2a6c3d976ed562ebd5899f,25,No Smell,0.6209,Format Ambiguity,0.2541,Vague / Missing Context,0.0610,Conflicting Constraints,0.0249,155,0.063
8eea8678ac2a6c3d976ed562ebd5899f,26,No Smell,0.7568,Format Ambiguity,0.1068,Vague / Missing Context,0.0525,Formality / Audience Mismatch,0.0307,380,0.061
8eea8678ac2a6c3d976ed562ebd5899f,27,No Smell,0.6294,Format Ambiguity,0.2530,Vague / Missing Context,0.0499,Conflicting Constraints,0.0244,155,0.567
8eea8678ac2a6c3d976ed562ebd5899f,28,No Smell,0.7246,Format Ambiguity,0.1095,Vague / Missing Context,0.0568,Conflicting Constraints,0.0361,417,0.614
8eea8678ac2a6c3d976ed562ebd5899f,29,No Smell,0.6294,Format Ambiguity,0.2530,Vague / Missing Context,0.0499,Conflicting Constraints,0.0244,155,0.063
8eea8678ac2a6c3d976ed562ebd5899f,30,No Smell,0.6995,Format Ambiguity,0.1061,Vague / Missing Context,0.0919,Formality / Audience Mismatch,0.0343,388,0.611
8eea8678ac2a6c3d976ed562ebd5899f,31,No Smell,0.6294,Format Ambiguity,0.2530,Vague / Missing Context,0.0499,Conflicting Constraints,0.0244,155,0.063
8eea8678ac2a6c3d976ed562ebd5899f,32,No Smell,0.7247,Vague / Missing Context,0.0883,Format Ambiguity,0.0742,Formality / Audience Mismatch,0.0402,421,0.611
8eea8678ac2a6c3d976ed562ebd5899f,33,No Smell,0.6294,Format Ambiguity,0.2530,Vague / Missing Context,0.0499,Conflicting Constraints,0.0244,155,0.063
8eea8678ac2a6c3d976ed562ebd5899f,34,No Smell,0.6477,Vague / Missing Context,0.1282,Format Ambiguity,0.1148,Conflicting Constraints,0.0341,381,0.610
8eea8678ac2a6c3d976ed562ebd5899f,35,No Smell,0.6294,Format Ambiguity,0.2530,Vague / Missing Context,0.0499,Conflicting Constraints,0.0244,155,0.061
8eea8678ac2a6c3d976ed562ebd5899f,36,No Smell,0.6582,Format Ambiguity,0.1305,Vague / Missing Context,0.1029,Conflicting Constraints,0.0383,400,0.610
ee9911677693093c8ef0df1da0d2ab60,1,No Smell,0.5962,Format Ambiguity,0.1226,Vague / Missing Context,0.1045,Conflicting Constraints,0.0612,1141,0.070
158d0297008e76f551ee6a12789183d2,1,No Smell,0.6457,Format Ambiguity,0.1446,Vague / Missing Context,0.0919,Formality / Audience Mismatch,0.0374,404,0.613
9900365ae9739f74647fc35b8ac89f07,1,No Smell,0.5655,Format Ambiguity,0.1709,Vague / Missing Context,0.0945,Conflicting Constraints,0.0503,736,0.665
8e503c44490bffef5cdd44b1a8b9370f,1,No Smell,0.7360,Conflicting Constraints,0.0783,Formality / Audience Mismatch,0.0674,Format Ambiguity,0.0418,4000,1.395
abf104dbb3e0aa23c7bf8bbad12f81e9,2,No Smell,0.3298,Vague / Missing Context,0.3261,Format Ambiguity,0.1320,Ambiguous References,0.0917,90,0.567
7fd14a34f8d1c387be978e9ff9bda4aa,1,No Smell,0.6320,Vague / Missing Context,0.1162,Format Ambiguity,0.1157,Conflicting Constraints,0.0481,291,0.639
e2e229e6950c975808759a160ed837b9,1,No Smell,0.4741,Vague / Missing Context,0.2832,Format Ambiguity,0.1658,Formality / Audience Mismatch,0.0217,56,0.543
e2e229e6950c975808759a160ed837b9,2,Vague / Missing Context,0.3846,No Smell,0.3752,Format Ambiguity,0.1335,Formality / Audience Mismatch,0.0303,64,0.589
6821b67a85cb954cdc08951d4f7a82f2,1,No Smell,0.4219,Vague / Missing Context,0.2027,Format Ambiguity,0.0865,Bias / Loaded Framing,0.0736,1229,0.741
3b9b97ecdb6712c59624e1459d5d8ac8,1,Vague / Missing Context,0.4236,No Smell,0.2582,Format Ambiguity,0.1350,Ambiguous References,0.0606,117,0.556
3b9b97ecdb6712c59624e1459d5d8ac8,2,Vague / Missing Context,0.3542,No Smell,0.2912,Format Ambiguity,0.2572,Ambiguous References,0.0267,40,0.544
094d3a7c639a2dbcf6193220443132dd,1,No Smell,0.6457,Format Ambiguity,0.1446,Vague / Missing Context,0.0919,Formality / Audience Mismatch,0.0374,404,0.063
094d3a7c639a2dbcf6193220443132dd,2,No Smell,0.6294,Format Ambiguity,0.2530,Vague / Missing Context,0.0499,Conflicting Constraints,0.0244,155,0.060
094d3a7c639a2dbcf6193220443132dd,3,No Smell,0.6984,Format Ambiguity,0.1213,Vague / Missing Context,0.0681,Formality / Audience Mismatch,0.0397,387,0.613
094d3a7c639a2dbcf6193220443132dd,4,No Smell,0.6294,Format Ambiguity,0.2530,Vague / Missing Context,0.0499,Conflicting Constraints,0.0244,155,0.061
094d3a7c639a2dbcf6193220443132dd,5,No Smell,0.7706,Format Ambiguity,0.0725,Vague / Missing Context,0.0600,Formality / Audience Mismatch,0.0376,436,0.612
094d3a7c639a2dbcf6193220443132dd,6,No Smell,0.6294,Format Ambiguity,0.2530,Vague / Missing Context,0.0499,Conflicting Constraints,0.0244,155,0.062
094d3a7c639a2dbcf6193220443132dd,7,No Smell,0.7997,Format Ambiguity,0.0902,Vague / Missing Context,0.0321,Formality / Audience Mismatch,0.0295,388,0.611
094d3a7c639a2dbcf6193220443132dd,8,No Smell,0.6294,Format Ambiguity,0.2530,Vague / Missing Context,0.0499,Conflicting Constraints,0.0244,155,0.062
094d3a7c639a2dbcf6193220443132dd,9,No Smell,0.7241,Format Ambiguity,0.1229,Vague / Missing Context,0.0626,Formality / Audience Mismatch,0.0303,434,0.613
094d3a7c639a2dbcf6193220443132dd,10,No Smell,0.6294,Format Ambiguity,0.2530,Vague / Missing Context,0.0499,Conflicting Constraints,0.0244,155,0.062
094d3a7c639a2dbcf6193220443132dd,11,No Smell,0.7254,Format Ambiguity,0.1246,Vague / Missing Context,0.0568,Conflicting Constraints,0.0313,378,0.611
094d3a7c639a2dbcf6193220443132dd,12,No Smell,0.6294,Format Ambiguity,0.2530,Vague / Missing Context,0.0499,Conflicting Constraints,0.0244,155,0.063
094d3a7c639a2dbcf6193220443132dd,13,No Smell,0.7174,Format Ambiguity,0.1252,Vague / Missing Context,0.0743,Formality / Audience Mismatch,0.0239,365,0.610
094d3a7c639a2dbcf6193220443132dd,14,No Smell,0.6294,Format Ambiguity,0.2530,Vague / Missing Context,0.0499,Conflicting Constraints,0.0244,155,0.063
094d3a7c639a2dbcf6193220443132dd,15,No Smell,0.7028,Format Ambiguity,0.1369,Vague / Missing Context,0.0663,Formality / Audience Mismatch,0.0314,438,0.613
094d3a7c639a2dbcf6193220443132dd,16,No Smell,0.6294,Format Ambiguity,0.2530,Vague / Missing Context,0.0499,Conflicting Constraints,0.0244,155,0.062
094d3a7c639a2dbcf6193220443132dd,17,No Smell,0.7102,Format Ambiguity,0.1095,Vague / Missing Context,0.0789,Formality / Audience Mismatch,0.0337,398,0.611
094d3a7c639a2dbcf6193220443132dd,18,No Smell,0.6294,Format Ambiguity,0.2530,Vague / Missing Context,0.0499,Conflicting Constraints,0.0244,155,0.061
094d3a7c639a2dbcf6193220443132dd,19,No Smell,0.7330,Format Ambiguity,0.1124,Vague / Missing Context,0.0534,Conflicting Constraints,0.0316,383,0.610
094d3a7c639a2dbcf6193220443132dd,20,No Smell,0.6294,Format Ambiguity,0.2530,Vague / Missing Context,0.0499,Conflicting Constraints,0.0244,155,0.062
094d3a7c639a2dbcf6193220443132dd,21,No Smell,0.7260,Format Ambiguity,0.0922,Vague / Missing Context,0.0686,Formality / Audience Mismatch,0.0377,389,0.062
094d3a7c639a2dbcf6193220443132dd,22,No Smell,0.6294,Format Ambiguity,0.2530,Vague / Missing Context,0.0499,Conflicting Constraints,0.0244,155,0.061
094d3a7c639a2dbcf6193220443132dd,23,No Smell,0.7241,Format Ambiguity,0.1186,Vague / Missing Context,0.0581,Formality / Audience Mismatch,0.0333,398,0.611
094d3a7c639a2dbcf6193220443132dd,24,No Smell,0.6294,Format Ambiguity,0.2530,Vague / Missing Context,0.0499,Conflicting Constraints,0.0244,155,0.062
094d3a7c639a2dbcf6193220443132dd,25,No Smell,0.7766,Format Ambiguity,0.1044,Vague / Missing Context,0.0400,Formality / Audience Mismatch,0.0280,387,0.611
094d3a7c639a2dbcf6193220443132dd,26,No Smell,0.6294,Format Ambiguity,0.2530,Vague / Missing Context,0.0499,Conflicting Constraints,0.0244,155,0.062
094d3a7c639a2dbcf6193220443132dd,27,No Smell,0.7061,Format Ambiguity,0.1234,Vague / Missing Context,0.0663,Conflicting Constraints,0.0342,397,0.611
094d3a7c639a2dbcf6193220443132dd,29,No Smell,0.6940,Format Ambiguity,0.1327,Vague / Missing Context,0.0678,Conflicting Constraints,0.0362,394,0.615
094d3a7c639a2dbcf6193220443132dd,30,No Smell,0.6294,Format Ambiguity,0.2530,Vague / Missing Context,0.0499,Conflicting Constraints,0.0244,155,0.063
cc5fa689171862c1d07ed5af9323ff73,1,No Smell,0.5135,Format Ambiguity,0.2244,Vague / Missing Context,0.1814,Formality / Audience Mismatch,0.0321,119,0.554
cc5fa689171862c1d07ed5af9323ff73,2,No Smell,0.6277,Format Ambiguity,0.2919,Vague / Missing Context,0.0440,Conflicting Constraints,0.0161,47,0.542
cc5fa689171862c1d07ed5af9323ff73,3,No Smell,0.7439,Format Ambiguity,0.1446,Vague / Missing Context,0.0430,Formality / Audience Mismatch,0.0273,240,0.569
cc5fa689171862c1d07ed5af9323ff73,4,No Smell,0.7168,Format Ambiguity,0.1513,Vague / Missing Context,0.0506,Formality / Audience Mismatch,0.0337,250,0.569
cc5fa689171862c1d07ed5af9323ff73,5,No Smell,0.7408,Format Ambiguity,0.1834,Vague / Missing Context,0.0236,Conflicting Constraints,0.0217,129,0.555
cc5fa689171862c1d07ed5af9323ff73,6,No Smell,0.7691,Format Ambiguity,0.1593,Vague / Missing Context,0.0244,Formality / Audience Mismatch,0.0234,117,0.542
cc5fa689171862c1d07ed5af9323ff73,7,No Smell,0.7045,Format Ambiguity,0.1636,Vague / Missing Context,0.0735,Formality / Audience Mismatch,0.0242,75,0.542
cc5fa689171862c1d07ed5af9323ff73,8,No Smell,0.7479,Format Ambiguity,0.1984,Vague / Missing Context,0.0163,Formality / Audience Mismatch,0.0157,114,0.555
cc5fa689171862c1d07ed5af9323ff73,9,No Smell,0.7309,Format Ambiguity,0.1858,Vague / Missing Context,0.0387,Formality / Audience Mismatch,0.0203,231,0.569
a4c59ae45e9497ea8c54424dd5cb5fb0,1,No Smell,0.7815,Format Ambiguity,0.1058,Conflicting Constraints,0.0266,Formality / Audience Mismatch,0.0252,1086,0.743
a4c59ae45e9497ea8c54424dd5cb5fb0,2,No Smell,0.7523,Format Ambiguity,0.0982,Conflicting Constraints,0.0404,Formality / Audience Mismatch,0.0330,1279,0.755
928b74900a138adb211b4d5703bbfb10,2,No Smell,0.6244,Format Ambiguity,0.1706,Vague / Missing Context,0.1427,Formality / Audience Mismatch,0.0226,168,0.640
89745d8364bc20d652a74bb095ae99ef,1,No Smell,0.6909,Format Ambiguity,0.1292,Vague / Missing Context,0.0583,Formality / Audience Mismatch,0.0395,397,0.068
89745d8364bc20d652a74bb095ae99ef,2,No Smell,0.6294,Format Ambiguity,0.2530,Vague / Missing Context,0.0499,Conflicting Constraints,0.0244,155,0.060
89745d8364bc20d652a74bb095ae99ef,3,No Smell,0.7997,Format Ambiguity,0.0902,Vague / Missing Context,0.0321,Formality / Audience Mismatch,0.0295,388,0.064
89745d8364bc20d652a74bb095ae99ef,4,No Smell,0.6294,Format Ambiguity,0.2530,Vague / Missing Context,0.0499,Conflicting Constraints,0.0244,155,0.059
89745d8364bc20d652a74bb095ae99ef,5,No Smell,0.7997,Format Ambiguity,0.0902,Vague / Missing Context,0.0321,Formality / Audience Mismatch,0.0295,388,0.064
89745d8364bc20d652a74bb095ae99ef,6,No Smell,0.6294,Format Ambiguity,0.2530,Vague / Missing Context,0.0499,Conflicting Constraints,0.0244,155,0.060
89745d8364bc20d652a74bb095ae99ef,7,No Smell,0.6999,Format Ambiguity,0.1192,Vague / Missing Context,0.0704,Formality / Audience Mismatch,0.0337,393,0.613
89745d8364bc20d652a74bb095ae99ef,8,No Smell,0.6294,Format Ambiguity,0.2530,Vague / Missing Context,0.0499,Conflicting Constraints,0.0244,155,0.063
8168adfecbca4bc659c4daea8f4d4ac9,1,Vague / Missing Context,0.3780,No Smell,0.3566,Format Ambiguity,0.1507,Conflicting Constraints,0.0368,44,0.539
8168adfecbca4bc659c4daea8f4d4ac9,2,No Smell,0.5666,Vague / Missing Context,0.2146,Format Ambiguity,0.1559,Formality / Audience Mismatch,0.0227,65,0.543
8168adfecbca4bc659c4daea8f4d4ac9,3,No Smell,0.7418,Format Ambiguity,0.1344,Vague / Missing Context,0.0542,Conflicting Constraints,0.0287,64,0.544
8168adfecbca4bc659c4daea8f4d4ac9,4,No Smell,0.5684,Vague / Missing Context,0.1770,Format Ambiguity,0.1588,Formality / Audience Mismatch,0.0362,105,0.557
8168adfecbca4bc659c4daea8f4d4ac9,5,No Smell,0.5275,Vague / Missing Context,0.2243,Format Ambiguity,0.1615,Conflicting Constraints,0.0348,51,0.540
8168adfecbca4bc659c4daea8f4d4ac9,6,No Smell,0.3755,Format Ambiguity,0.3460,Vague / Missing Context,0.2129,Formality / Audience Mismatch,0.0212,7,0.061
2c2d9d793845ebc79115a913b75847d5,1,No Smell,0.6748,Vague / Missing Context,0.1010,Format Ambiguity,0.0972,Conflicting Constraints,0.0469,1582,0.071
2c2d9d793845ebc79115a913b75847d5,2,Vague / Missing Context,0.3893,No Smell,0.2940,Format Ambiguity,0.1493,Ambiguous References,0.0918,184,0.559
2c2d9d793845ebc79115a913b75847d5,3,No Smell,0.4410,Bias / Loaded Framing,0.1464,Vague / Missing Context,0.1367,Formality / Audience Mismatch,0.0980,324,0.592
2c2d9d793845ebc79115a913b75847d5,4,No Smell,0.3582,Vague / Missing Context,0.3456,Format Ambiguity,0.0868,Ambiguous References,0.0789,675,0.663
2c2d9d793845ebc79115a913b75847d5,5,No Smell,0.4494,Vague / Missing Context,0.2086,Format Ambiguity,0.1327,Bias / Loaded Framing,0.0742,325,0.589
2c2d9d793845ebc79115a913b75847d5,6,Vague / Missing Context,0.5518,Ambiguous References,0.1543,No Smell,0.1309,Format Ambiguity,0.0519,624,0.641
2c2d9d793845ebc79115a913b75847d5,7,No Smell,0.3805,Vague / Missing Context,0.3298,Format Ambiguity,0.1211,Ambiguous References,0.0650,276,0.588
34822fe66adf80ec05514531c870bea8,1,No Smell,0.7613,Format Ambiguity,0.1124,Vague / Missing Context,0.0385,Formality / Audience Mismatch,0.0296,438,0.616
34822fe66adf80ec05514531c870bea8,2,No Smell,0.6294,Format Ambiguity,0.2530,Vague / Missing Context,0.0499,Conflicting Constraints,0.0244,155,0.063
34822fe66adf80ec05514531c870bea8,3,No Smell,0.7260,Format Ambiguity,0.0922,Vague / Missing Context,0.0686,Formality / Audience Mismatch,0.0377,389,0.061
34822fe66adf80ec05514531c870bea8,4,No Smell,0.6294,Format Ambiguity,0.2530,Vague / Missing Context,0.0499,Conflicting Constraints,0.0244,155,0.063
34822fe66adf80ec05514531c870bea8,5,No Smell,0.7997,Format Ambiguity,0.0902,Vague / Missing Context,0.0321,Formality / Audience Mismatch,0.0295,388,0.061
34822fe66adf80ec05514531c870bea8,6,No Smell,0.6294,Format Ambiguity,0.2530,Vague / Missing Context,0.0499,Conflicting Constraints,0.0244,155,0.062
34822fe66adf80ec05514531c870bea8,7,No Smell,0.7241,Format Ambiguity,0.1229,Vague / Missing Context,0.0626,Formality / Audience Mismatch,0.0303,434,0.061
34822fe66adf80ec05514531c870bea8,8,No Smell,0.6294,Format Ambiguity,0.2530,Vague / Missing Context,0.0499,Conflicting Constraints,0.0244,155,0.062
34822fe66adf80ec05514531c870bea8,9,No Smell,0.7285,Format Ambiguity,0.1230,Vague / Missing Context,0.0685,Formality / Audience Mismatch,0.0269,415,0.611
34822fe66adf80ec05514531c870bea8,10,No Smell,0.6294,Format Ambiguity,0.2530,Vague / Missing Context,0.0499,Conflicting Constraints,0.0244,155,0.062
34822fe66adf80ec05514531c870bea8,11,No Smell,0.7163,Vague / Missing Context,0.0996,Format Ambiguity,0.0827,Formality / Audience Mismatch,0.0329,387,0.611
34822fe66adf80ec05514531c870bea8,12,No Smell,0.6294,Format Ambiguity,0.2530,Vague / Missing Context,0.0499,Conflicting Constraints,0.0244,155,0.062
34822fe66adf80ec05514531c870bea8,13,No Smell,0.6444,Vague / Missing Context,0.1300,Format Ambiguity,0.1156,Formality / Audience Mismatch,0.0367,399,0.612
34822fe66adf80ec05514531c870bea8,14,No Smell,0.6294,Format Ambiguity,0.2530,Vague / Missing Context,0.0499,Conflicting Constraints,0.0244,155,0.062
34822fe66adf80ec05514531c870bea8,15,No Smell,0.7541,Format Ambiguity,0.0759,Vague / Missing Context,0.0647,Formality / Audience Mismatch,0.0339,405,0.611
34822fe66adf80ec05514531c870bea8,16,No Smell,0.6294,Format Ambiguity,0.2530,Vague / Missing Context,0.0499,Conflicting Constraints,0.0244,155,0.062
2428f7bdf62fc7955629f40c9fc03eaf,1,No Smell,0.4926,Vague / Missing Context,0.2364,Format Ambiguity,0.2036,Formality / Audience Mismatch,0.0251,22,0.529
2428f7bdf62fc7955629f40c9fc03eaf,2,Vague / Missing Context,0.3317,No Smell,0.3124,Format Ambiguity,0.1983,Formality / Audience Mismatch,0.0636,45,0.542
5810088abeb7da8d59cbea27e859cc8c,1,No Smell,0.7491,Format Ambiguity,0.0967,Vague / Missing Context,0.0601,Formality / Audience Mismatch,0.0314,367,0.613
5810088abeb7da8d59cbea27e859cc8c,2,No Smell,0.6294,Format Ambiguity,0.2530,Vague / Missing Context,0.0499,Conflicting Constraints,0.0244,155,0.063
5810088abeb7da8d59cbea27e859cc8c,3,No Smell,0.7585,Format Ambiguity,0.0883,Vague / Missing Context,0.0607,Formality / Audience Mismatch,0.0329,402,0.611
5810088abeb7da8d59cbea27e859cc8c,4,No Smell,0.6294,Format Ambiguity,0.2530,Vague / Missing Context,0.0499,Conflicting Constraints,0.0244,155,0.061
5810088abeb7da8d59cbea27e859cc8c,5,No Smell,0.6909,Format Ambiguity,0.1292,Vague / Missing Context,0.0583,Formality / Audience Mismatch,0.0395,397,0.063
5810088abeb7da8d59cbea27e859cc8c,6,No Smell,0.6294,Format Ambiguity,0.2530,Vague / Missing Context,0.0499,Conflicting Constraints,0.0244,155,0.061
5810088abeb7da8d59cbea27e859cc8c,7,No Smell,0.7321,Format Ambiguity,0.1084,Vague / Missing Context,0.0674,Formality / Audience Mismatch,0.0322,376,0.609
5810088abeb7da8d59cbea27e859cc8c,8,No Smell,0.6294,Format Ambiguity,0.2530,Vague / Missing Context,0.0499,Conflicting Constraints,0.0244,155,0.063
eaf52c287d517eb62d4d7e945a217361,3,Vague / Missing Context,0.4474,No Smell,0.1708,Format Ambiguity,0.1392,Ambiguous References,0.1232,727,0.766
eaf52c287d517eb62d4d7e945a217361,4,No Smell,0.4492,Vague / Missing Context,0.4225,Format Ambiguity,0.0954,Formality / Audience Mismatch,0.0113,140,0.568
eaf52c287d517eb62d4d7e945a217361,5,No Smell,0.5019,Format Ambiguity,0.2651,Vague / Missing Context,0.1925,Formality / Audience Mismatch,0.0116,90,0.559
eaf52c287d517eb62d4d7e945a217361,7,Vague / Missing Context,0.3443,Format Ambiguity,0.2204,No Smell,0.1825,Ambiguous References,0.0977,1952,1.171
0e00a183f2b8c6f6e2cfb336e8402d46,1,No Smell,0.7997,Format Ambiguity,0.0902,Vague / Missing Context,0.0321,Formality / Audience Mismatch,0.0295,388,0.068
0e00a183f2b8c6f6e2cfb336e8402d46,2,No Smell,0.6294,Format Ambiguity,0.2530,Vague / Missing Context,0.0499,Conflicting Constraints,0.0244,155,0.061
0e00a183f2b8c6f6e2cfb336e8402d46,3,No Smell,0.7056,Format Ambiguity,0.1030,Vague / Missing Context,0.0834,Formality / Audience Mismatch,0.0349,375,0.613
16a9358d0cb545561e7de32d95c7182a,1,No Smell,0.5551,Format Ambiguity,0.1715,Vague / Missing Context,0.1686,Formality / Audience Mismatch,0.0333,125,0.556
e698a18765656330429980f1346a0066,1,No Smell,0.7056,Format Ambiguity,0.1030,Vague / Missing Context,0.0834,Formality / Audience Mismatch,0.0349,375,0.066
e698a18765656330429980f1346a0066,2,No Smell,0.6294,Format Ambiguity,0.2530,Vague / Missing Context,0.0499,Conflicting Constraints,0.0244,155,0.060
e698a18765656330429980f1346a0066,3,No Smell,0.6939,Format Ambiguity,0.1120,Vague / Missing Context,0.0893,Formality / Audience Mismatch,0.0298,388,0.613
e698a18765656330429980f1346a0066,4,No Smell,0.6294,Format Ambiguity,0.2530,Vague / Missing Context,0.0499,Conflicting Constraints,0.0244,155,0.063
e698a18765656330429980f1346a0066,5,No Smell,0.6955,Format Ambiguity,0.1192,Vague / Missing Context,0.0837,Formality / Audience Mismatch,0.0324,385,0.611
e698a18765656330429980f1346a0066,6,No Smell,0.6294,Format Ambiguity,0.2530,Vague / Missing Context,0.0499,Conflicting Constraints,0.0244,155,0.062
e698a18765656330429980f1346a0066,7,No Smell,0.7491,Format Ambiguity,0.0967,Vague / Missing Context,0.0601,Formality / Audience Mismatch,0.0314,367,0.062
e698a18765656330429980f1346a0066,8,No Smell,0.6294,Format Ambiguity,0.2530,Vague / Missing Context,0.0499,Conflicting Constraints,0.0244,155,0.063
e698a18765656330429980f1346a0066,9,No Smell,0.7073,Format Ambiguity,0.1183,Vague / Missing Context,0.0732,Formality / Audience Mismatch,0.0347,434,0.611
e698a18765656330429980f1346a0066,10,No Smell,0.6294,Format Ambiguity,0.2530,Vague / Missing Context,0.0499,Conflicting Constraints,0.0244,155,0.062
e698a18765656330429980f1346a0066,11,No Smell,0.7161,Format Ambiguity,0.1087,Vague / Missing Context,0.0810,Formality / Audience Mismatch,0.0321,357,0.609
e698a18765656330429980f1346a0066,12,No Smell,0.6294,Format Ambiguity,0.2530,Vague / Missing Context,0.0499,Conflicting Constraints,0.0244,155,0.071
e698a18765656330429980f1346a0066,13,No Smell,0.7997,Format Ambiguity,0.0902,Vague / Missing Context,0.0321,Formality / Audience Mismatch,0.0295,388,0.062
e698a18765656330429980f1346a0066,14,No Smell,0.6294,Format Ambiguity,0.2530,Vague / Missing Context,0.0499,Conflicting Constraints,0.0244,155,0.059
e698a18765656330429980f1346a0066,15,No Smell,0.7241,Format Ambiguity,0.1229,Vague / Missing Context,0.0626,Formality / Audience Mismatch,0.0303,434,0.061
3f81af630a246be55b8bb9a8d0d0f4ba,1,No Smell,0.7190,Format Ambiguity,0.1993,Vague / Missing Context,0.0383,Formality / Audience Mismatch,0.0153,60,0.540
3f81af630a246be55b8bb9a8d0d0f4ba,2,No Smell,0.5121,Vague / Missing Context,0.2630,Format Ambiguity,0.1251,Formality / Audience Mismatch,0.0336,38,0.542
3f81af630a246be55b8bb9a8d0d0f4ba,3,No Smell,0.6931,Vague / Missing Context,0.1504,Format Ambiguity,0.0964,Formality / Audience Mismatch,0.0265,47,0.541
3f81af630a246be55b8bb9a8d0d0f4ba,4,No Smell,0.6269,Format Ambiguity,0.2704,Vague / Missing Context,0.0570,Formality / Audience Mismatch,0.0195,51,0.543
3f81af630a246be55b8bb9a8d0d0f4ba,5,No Smell,0.6624,Format Ambiguity,0.1797,Vague / Missing Context,0.1052,Conflicting Constraints,0.0207,63,0.542
3f81af630a246be55b8bb9a8d0d0f4ba,6,No Smell,0.5898,Format Ambiguity,0.2419,Vague / Missing Context,0.1047,Conflicting Constraints,0.0251,66,0.543
3f81af630a246be55b8bb9a8d0d0f4ba,7,No Smell,0.7029,Vague / Missing Context,0.1320,Format Ambiguity,0.1010,Formality / Audience Mismatch,0.0265,46,0.541
01b4a6211e5d4a382b4bd22a25d11fdc,1,No Smell,0.3767,Vague / Missing Context,0.2122,Bias / Loaded Framing,0.0921,Format Ambiguity,0.0811,1309,0.775
01b4a6211e5d4a382b4bd22a25d11fdc,2,No Smell,0.4364,Vague / Missing Context,0.2812,Format Ambiguity,0.1258,Formality / Audience Mismatch,0.0536,156,0.556
01b4a6211e5d4a382b4bd22a25d11fdc,3,No Smell,0.4524,Format Ambiguity,0.1533,Vague / Missing Context,0.1296,Conflicting Constraints,0.0721,1335,0.815
32da683fce4f8e12f758b97444386fef,1,No Smell,0.6920,Vague / Missing Context,0.1030,Format Ambiguity,0.0816,Formality / Audience Mismatch,0.0427,1600,0.820
32da683fce4f8e12f758b97444386fef,2,No Smell,0.5536,Vague / Missing Context,0.1787,Format Ambiguity,0.1308,Formality / Audience Mismatch,0.0409,459,0.614
32da683fce4f8e12f758b97444386fef,3,No Smell,0.5831,Vague / Missing Context,0.1772,Format Ambiguity,0.1124,Formality / Audience Mismatch,0.0357,384,0.593
32da683fce4f8e12f758b97444386fef,4,No Smell,0.3705,Vague / Missing Context,0.3005,Format Ambiguity,0.1506,Ambiguous References,0.0699,402,0.590
32da683fce4f8e12f758b97444386fef,5,No Smell,0.5810,Format Ambiguity,0.1594,Vague / Missing Context,0.1282,Conflicting Constraints,0.0456,418,0.591
32742e61f06c16558a1964d5bcbf5d28,1,No Smell,0.7269,Format Ambiguity,0.1076,Vague / Missing Context,0.0774,Formality / Audience Mismatch,0.0312,408,0.614
32742e61f06c16558a1964d5bcbf5d28,2,No Smell,0.6294,Format Ambiguity,0.2530,Vague / Missing Context,0.0499,Conflicting Constraints,0.0244,155,0.062
32742e61f06c16558a1964d5bcbf5d28,3,No Smell,0.6722,Format Ambiguity,0.1603,Vague / Missing Context,0.0748,Conflicting Constraints,0.0281,438,0.613
32742e61f06c16558a1964d5bcbf5d28,4,No Smell,0.6294,Format Ambiguity,0.2530,Vague / Missing Context,0.0499,Conflicting Constraints,0.0244,155,0.064
32742e61f06c16558a1964d5bcbf5d28,5,No Smell,0.7772,Format Ambiguity,0.0693,Vague / Missing Context,0.0603,Formality / Audience Mismatch,0.0308,405,0.611
32742e61f06c16558a1964d5bcbf5d28,6,No Smell,0.6294,Format Ambiguity,0.2530,Vague / Missing Context,0.0499,Conflicting Constraints,0.0244,155,0.063
32742e61f06c16558a1964d5bcbf5d28,7,No Smell,0.7169,Format Ambiguity,0.1048,Vague / Missing Context,0.0651,Formality / Audience Mismatch,0.0397,409,0.611
32742e61f06c16558a1964d5bcbf5d28,8,No Smell,0.6294,Format Ambiguity,0.2530,Vague / Missing Context,0.0499,Conflicting Constraints,0.0244,155,0.062
32742e61f06c16558a1964d5bcbf5d28,9,No Smell,0.7487,Format Ambiguity,0.1064,Vague / Missing Context,0.0525,Formality / Audience Mismatch,0.0311,389,0.610
32742e61f06c16558a1964d5bcbf5d28,10,No Smell,0.6294,Format Ambiguity,0.2530,Vague / Missing Context,0.0499,Conflicting Constraints,0.0244,155,0.063
32742e61f06c16558a1964d5bcbf5d28,11,No Smell,0.7226,Vague / Missing Context,0.0934,Format Ambiguity,0.0824,Formality / Audience Mismatch,0.0377,378,0.610
32742e61f06c16558a1964d5bcbf5d28,12,No Smell,0.6294,Format Ambiguity,0.2530,Vague / Missing Context,0.0499,Conflicting Constraints,0.0244,155,0.063
32742e61f06c16558a1964d5bcbf5d28,13,No Smell,0.7241,Format Ambiguity,0.1186,Vague / Missing Context,0.0581,Formality / Audience Mismatch,0.0333,398,0.063
32742e61f06c16558a1964d5bcbf5d28,14,No Smell,0.6294,Format Ambiguity,0.2530,Vague / Missing Context,0.0499,Conflicting Constraints,0.0244,155,0.063
32742e61f06c16558a1964d5bcbf5d28,15,No Smell,0.7046,Format Ambiguity,0.1057,Vague / Missing Context,0.0808,Conflicting Constraints,0.0349,418,0.611
32742e61f06c16558a1964d5bcbf5d28,16,No Smell,0.6294,Format Ambiguity,0.2530,Vague / Missing Context,0.0499,Conflicting Constraints,0.0244,155,0.063
32742e61f06c16558a1964d5bcbf5d28,17,No Smell,0.7490,Format Ambiguity,0.0991,Vague / Missing Context,0.0605,Formality / Audience Mismatch,0.0326,365,0.609
32742e61f06c16558a1964d5bcbf5d28,18,No Smell,0.6294,Format Ambiguity,0.2530,Vague / Missing Context,0.0499,Conflicting Constraints,0.0244,155,0.063
32742e61f06c16558a1964d5bcbf5d28,19,No Smell,0.7200,Format Ambiguity,0.1020,Vague / Missing Context,0.0846,Formality / Audience Mismatch,0.0287,380,0.610
32742e61f06c16558a1964d5bcbf5d28,20,No Smell,0.6294,Format Ambiguity,0.2530,Vague / Missing Context,0.0499,Conflicting Constraints,0.0244,155,0.063
32742e61f06c16558a1964d5bcbf5d28,21,No Smell,0.7063,Format Ambiguity,0.1246,Vague / Missing Context,0.0749,Formality / Audience Mismatch,0.0345,419,0.612
32742e61f06c16558a1964d5bcbf5d28,22,No Smell,0.6294,Format Ambiguity,0.2530,Vague / Missing Context,0.0499,Conflicting Constraints,0.0244,155,0.062
32742e61f06c16558a1964d5bcbf5d28,23,No Smell,0.7036,Format Ambiguity,0.1393,Vague / Missing Context,0.0786,Conflicting Constraints,0.0254,388,0.610
32742e61f06c16558a1964d5bcbf5d28,24,No Smell,0.6294,Format Ambiguity,0.2530,Vague / Missing Context,0.0499,Conflicting Constraints,0.0244,155,0.063
32742e61f06c16558a1964d5bcbf5d28,25,No Smell,0.7429,Format Ambiguity,0.0983,Vague / Missing Context,0.0620,Formality / Audience Mismatch,0.0339,377,0.610
32742e61f06c16558a1964d5bcbf5d28,26,No Smell,0.6294,Format Ambiguity,0.2530,Vague / Missing Context,0.0499,Conflicting Constraints,0.0244,155,0.063
32742e61f06c16558a1964d5bcbf5d28,27,No Smell,0.7548,Format Ambiguity,0.0821,Vague / Missing Context,0.0735,Formality / Audience Mismatch,0.0300,369,0.611
32742e61f06c16558a1964d5bcbf5d28,28,No Smell,0.6294,Format Ambiguity,0.2530,Vague / Missing Context,0.0499,Conflicting Constraints,0.0244,155,0.063
32742e61f06c16558a1964d5bcbf5d28,29,No Smell,0.7181,Format Ambiguity,0.1108,Vague / Missing Context,0.0752,Formality / Audience Mismatch,0.0304,380,0.610
32742e61f06c16558a1964d5bcbf5d28,30,No Smell,0.6294,Format Ambiguity,0.2530,Vague / Missing Context,0.0499,Conflicting Constraints,0.0244,155,0.064
32742e61f06c16558a1964d5bcbf5d28,31,No Smell,0.7647,Format Ambiguity,0.1133,Vague / Missing Context,0.0437,Formality / Audience Mismatch,0.0297,373,0.610
32742e61f06c16558a1964d5bcbf5d28,32,No Smell,0.6294,Format Ambiguity,0.2530,Vague / Missing Context,0.0499,Conflicting Constraints,0.0244,155,0.062
32742e61f06c16558a1964d5bcbf5d28,33,No Smell,0.7592,Format Ambiguity,0.1133,Vague / Missing Context,0.0505,Formality / Audience Mismatch,0.0286,390,0.611
32742e61f06c16558a1964d5bcbf5d28,34,No Smell,0.6294,Format Ambiguity,0.2530,Vague / Missing Context,0.0499,Conflicting Constraints,0.0244,155,0.062
32742e61f06c16558a1964d5bcbf5d28,35,No Smell,0.7155,Format Ambiguity,0.1144,Vague / Missing Context,0.0728,Formality / Audience Mismatch,0.0338,360,0.611
32742e61f06c16558a1964d5bcbf5d28,36,No Smell,0.6294,Format Ambiguity,0.2530,Vague / Missing Context,0.0499,Conflicting Constraints,0.0244,155,0.062
32742e61f06c16558a1964d5bcbf5d28,37,No Smell,0.7142,Format Ambiguity,0.1094,Vague / Missing Context,0.0857,Formality / Audience Mismatch,0.0313,409,0.612
32742e61f06c16558a1964d5bcbf5d28,38,No Smell,0.6294,Format Ambiguity,0.2530,Vague / Missing Context,0.0499,Conflicting Constraints,0.0244,155,0.063
b2b00e2ae69cd9d18f2d26acc56ff1d0,1,No Smell,0.6208,Format Ambiguity,0.2498,Vague / Missing Context,0.0776,Formality / Audience Mismatch,0.0246,16,0.530
b2b00e2ae69cd9d18f2d26acc56ff1d0,2,No Smell,0.4546,Vague / Missing Context,0.2717,Format Ambiguity,0.1123,Ambiguous References,0.0989,323,0.591
88ae6a525f6efae9d60033b5d8c7ff2d,1,No Smell,0.6053,Format Ambiguity,0.1684,Vague / Missing Context,0.1071,Formality / Audience Mismatch,0.0423,229,0.589
58ea16f76ba1f67eeb03fbd990543a36,1,No Smell,0.5389,Vague / Missing Context,0.1706,Format Ambiguity,0.1543,Formality / Audience Mismatch,0.0452,123,0.556
58ea16f76ba1f67eeb03fbd990543a36,2,No Smell,0.5878,Format Ambiguity,0.3288,Vague / Missing Context,0.0428,Formality / Audience Mismatch,0.0165,31,0.543
5ff012fd994759b3b4f03c437138cc0b,1,No Smell,0.7302,Format Ambiguity,0.1095,Vague / Missing Context,0.0727,Formality / Audience Mismatch,0.0284,375,0.613
5ff012fd994759b3b4f03c437138cc0b,2,No Smell,0.6294,Format Ambiguity,0.2530,Vague / Missing Context,0.0499,Conflicting Constraints,0.0244,155,0.063
5ff012fd994759b3b4f03c437138cc0b,3,No Smell,0.6971,Vague / Missing Context,0.1062,Format Ambiguity,0.0941,Formality / Audience Mismatch,0.0351,375,0.610
5ff012fd994759b3b4f03c437138cc0b,4,No Smell,0.6294,Format Ambiguity,0.2530,Vague / Missing Context,0.0499,Conflicting Constraints,0.0244,155,0.063
5ff012fd994759b3b4f03c437138cc0b,5,No Smell,0.7042,Format Ambiguity,0.1177,Vague / Missing Context,0.0869,Formality / Audience Mismatch,0.0297,378,0.611
5ff012fd994759b3b4f03c437138cc0b,6,No Smell,0.6294,Format Ambiguity,0.2530,Vague / Missing Context,0.0499,Conflicting Constraints,0.0244,155,0.062
5ff012fd994759b3b4f03c437138cc0b,7,No Smell,0.6542,Format Ambiguity,0.1216,Vague / Missing Context,0.1112,Formality / Audience Mismatch,0.0384,410,0.612
5ff012fd994759b3b4f03c437138cc0b,8,No Smell,0.6294,Format Ambiguity,0.2530,Vague / Missing Context,0.0499,Conflicting Constraints,0.0244,155,0.063
5ff012fd994759b3b4f03c437138cc0b,9,No Smell,0.7685,Format Ambiguity,0.0887,Vague / Missing Context,0.0531,Formality / Audience Mismatch,0.0297,354,0.590
5ff012fd994759b3b4f03c437138cc0b,10,No Smell,0.6294,Format Ambiguity,0.2530,Vague / Missing Context,0.0499,Conflicting Constraints,0.0244,155,0.062
5ff012fd994759b3b4f03c437138cc0b,11,No Smell,0.6067,Vague / Missing Context,0.1581,Format Ambiguity,0.1190,Formality / Audience Mismatch,0.0335,378,0.610
5ff012fd994759b3b4f03c437138cc0b,12,No Smell,0.6294,Format Ambiguity,0.2530,Vague / Missing Context,0.0499,Conflicting Constraints,0.0244,155,0.061
5ff012fd994759b3b4f03c437138cc0b,13,No Smell,0.7089,Format Ambiguity,0.0951,Vague / Missing Context,0.0878,Formality / Audience Mismatch,0.0368,409,0.611
5ff012fd994759b3b4f03c437138cc0b,14,No Smell,0.6294,Format Ambiguity,0.2530,Vague / Missing Context,0.0499,Conflicting Constraints,0.0244,155,0.062
5ff012fd994759b3b4f03c437138cc0b,15,No Smell,0.7666,Format Ambiguity,0.0987,Vague / Missing Context,0.0526,Formality / Audience Mismatch,0.0295,369,0.610
5ff012fd994759b3b4f03c437138cc0b,16,No Smell,0.6294,Format Ambiguity,0.2530,Vague / Missing Context,0.0499,Conflicting Constraints,0.0244,155,0.063
5ff012fd994759b3b4f03c437138cc0b,17,No Smell,0.7350,Format Ambiguity,0.0932,Vague / Missing Context,0.0665,Conflicting Constraints,0.0342,389,0.611
5ff012fd994759b3b4f03c437138cc0b,18,No Smell,0.6294,Format Ambiguity,0.2530,Vague / Missing Context,0.0499,Conflicting Constraints,0.0244,155,0.063
5ff012fd994759b3b4f03c437138cc0b,19,No Smell,0.7184,Format Ambiguity,0.1257,Vague / Missing Context,0.0649,Formality / Audience Mismatch,0.0321,395,0.612
5ff012fd994759b3b4f03c437138cc0b,20,No Smell,0.6294,Format Ambiguity,0.2530,Vague / Missing Context,0.0499,Conflicting Constraints,0.0244,155,0.063
ceaea190dd17f4dd8eb071458c967ce5,1,No Smell,0.7264,Format Ambiguity,0.1643,Vague / Missing Context,0.0494,Formality / Audience Mismatch,0.0242,100,0.542
91da32e185b389c590bf9ea43626d879,1,Vague / Missing Context,0.3393,No Smell,0.3376,Format Ambiguity,0.2476,Formality / Audience Mismatch,0.0296,49,0.544
91da32e185b389c590bf9ea43626d879,2,No Smell,0.3424,Format Ambiguity,0.2921,Vague / Missing Context,0.2194,Unnecessary Repetition,0.0425,282,0.639
91da32e185b389c590bf9ea43626d879,3,No Smell,0.5792,Format Ambiguity,0.1968,Vague / Missing Context,0.1660,Formality / Audience Mismatch,0.0284,372,0.642
91da32e185b389c590bf9ea43626d879,4,Vague / Missing Context,0.3438,Format Ambiguity,0.2470,No Smell,0.1937,Unnecessary Repetition,0.0824,297,0.639
46ff692248dd88b845e65ac5839cf058,1,No Smell,0.5805,Vague / Missing Context,0.1826,Format Ambiguity,0.1809,Conflicting Constraints,0.0199,20,0.531
46ff692248dd88b845e65ac5839cf058,2,No Smell,0.4023,Vague / Missing Context,0.3573,Format Ambiguity,0.1713,Formality / Audience Mismatch,0.0270,30,0.545
74284444d393e6acf7eb94b5e35d08a7,1,No Smell,0.6046,Vague / Missing Context,0.1551,Format Ambiguity,0.1500,Formality / Audience Mismatch,0.0335,50,0.543
74284444d393e6acf7eb94b5e35d08a7,2,No Smell,0.5763,Vague / Missing Context,0.1587,Format Ambiguity,0.1305,Formality / Audience Mismatch,0.0474,49,0.543
8ffbf69a8a0e8d30f9a9680ccfb2a760,1,No Smell,0.7291,Format Ambiguity,0.1846,Vague / Missing Context,0.0373,Conflicting Constraints,0.0195,141,0.557
fa091c33eae423b5e0a4622f1090b3a3,1,No Smell,0.5402,Vague / Missing Context,0.2207,Format Ambiguity,0.1179,Conflicting Constraints,0.0389,627,0.640
3d0663916939591770464f5439377d25,1,Vague / Missing Context,0.5034,No Smell,0.2460,Format Ambiguity,0.1433,Ambiguous References,0.0548,58,0.545
3d0663916939591770464f5439377d25,2,No Smell,0.5088,Format Ambiguity,0.2250,Vague / Missing Context,0.1773,Formality / Audience Mismatch,0.0336,49,0.543
12622ec12050a4f98ccf85d4785002dd,1,Format Ambiguity,0.5131,No Smell,0.4075,Vague / Missing Context,0.0362,Formality / Audience Mismatch,0.0143,78,0.569
12622ec12050a4f98ccf85d4785002dd,2,No Smell,0.5321,Format Ambiguity,0.3366,Vague / Missing Context,0.0664,Formality / Audience Mismatch,0.0227,67,0.545
12622ec12050a4f98ccf85d4785002dd,3,No Smell,0.5147,Format Ambiguity,0.3525,Vague / Missing Context,0.0856,Conflicting Constraints,0.0145,57,0.542
dcd97490f4e6ba2dc9dd292671749c22,1,No Smell,0.5271,Vague / Missing Context,0.1828,Format Ambiguity,0.1633,Formality / Audience Mismatch,0.0378,82,0.544
6b43670c70aa1549386de7855e11c8cf,1,Vague / Missing Context,0.4955,No Smell,0.2122,Ambiguous References,0.1257,Format Ambiguity,0.1178,38,0.542
6b43670c70aa1549386de7855e11c8cf,2,Vague / Missing Context,0.4132,No Smell,0.3308,Format Ambiguity,0.1098,Ambiguous References,0.0862,55,0.541
a1eff590924ac49555413d34911b5334,1,Vague / Missing Context,0.4842,No Smell,0.1841,Ambiguous References,0.1680,Format Ambiguity,0.1140,32,0.542
ab376ad8584e6fd75f545740320724b5,1,No Smell,0.5360,Vague / Missing Context,0.1913,Format Ambiguity,0.1186,Conflicting Constraints,0.0503,847,0.666
ab376ad8584e6fd75f545740320724b5,2,No Smell,0.4197,Vague / Missing Context,0.3540,Format Ambiguity,0.0819,Ambiguous References,0.0630,39,0.542
4cdad97c6288a21e34f126dd8263b052,1,Vague / Missing Context,0.4029,No Smell,0.2954,Format Ambiguity,0.1614,Ambiguous References,0.0447,45,0.541
4cdad97c6288a21e34f126dd8263b052,2,Vague / Missing Context,0.5531,No Smell,0.2737,Format Ambiguity,0.0931,Ambiguous References,0.0350,40,0.540
4cdad97c6288a21e34f126dd8263b052,3,No Smell,0.3923,Vague / Missing Context,0.2927,Format Ambiguity,0.1609,Ambiguous References,0.0557,47,0.542
4cdad97c6288a21e34f126dd8263b052,4,No Smell,0.3990,Vague / Missing Context,0.3186,Format Ambiguity,0.1663,Ambiguous References,0.0497,74,0.541
de9ff9914beb0f969c5b2fd94e73f96c,1,Vague / Missing Context,0.3150,No Smell,0.2877,Format Ambiguity,0.0970,Ambiguous References,0.0903,1474,0.825
de9ff9914beb0f969c5b2fd94e73f96c,3,No Smell,0.5413,Format Ambiguity,0.2297,Vague / Missing Context,0.1449,Formality / Audience Mismatch,0.0295,76,0.545
de9ff9914beb0f969c5b2fd94e73f96c,4,No Smell,0.4611,Format Ambiguity,0.2789,Vague / Missing Context,0.2003,Formality / Audience Mismatch,0.0196,49,0.544
de9ff9914beb0f969c5b2fd94e73f96c,5,No Smell,0.4234,Format Ambiguity,0.2709,Vague / Missing Context,0.1847,Ambiguous References,0.0381,131,0.556
de9ff9914beb0f969c5b2fd94e73f96c,6,No Smell,0.5622,Format Ambiguity,0.3558,Vague / Missing Context,0.0361,Formality / Audience Mismatch,0.0174,45,0.543
0267db1c52cf294c9bdc4d98a6b2a244,1,No Smell,0.5962,Format Ambiguity,0.1226,Vague / Missing Context,0.1045,Conflicting Constraints,0.0612,1141,0.737
3eb2f684494861972a3bacba30a541df,1,No Smell,0.6649,Formality / Audience Mismatch,0.1060,Vague / Missing Context,0.0665,Bias / Loaded Framing,0.0557,2495,1.070
3eb2f684494861972a3bacba30a541df,2,No Smell,0.6649,Formality / Audience Mismatch,0.1060,Vague / Missing Context,0.0665,Bias / Loaded Framing,0.0557,2495,0.066
46ca88882a0bb5034911bf2c6ba31c07,1,No Smell,0.4475,Vague / Missing Context,0.2615,Format Ambiguity,0.1627,Ambiguous References,0.0452,62,0.544
46ca88882a0bb5034911bf2c6ba31c07,2,No Smell,0.5213,Vague / Missing Context,0.1997,Format Ambiguity,0.1323,Formality / Audience Mismatch,0.0462,81,0.557
9987edd789e9bee673fda8a748d583b7,1,Vague / Missing Context,0.3506,No Smell,0.3114,Format Ambiguity,0.1063,Formality / Audience Mismatch,0.0603,221,0.570
80a7aef2cc6b929cfe0bdf484c3c9dc5,1,Vague / Missing Context,0.4536,No Smell,0.3551,Format Ambiguity,0.0668,Ambiguous References,0.0517,88,0.544
80a7aef2cc6b929cfe0bdf484c3c9dc5,2,No Smell,0.4498,Vague / Missing Context,0.3677,Format Ambiguity,0.0641,Formality / Audience Mismatch,0.0429,82,0.543
80a7aef2cc6b929cfe0bdf484c3c9dc5,3,No Smell,0.4403,Vague / Missing Context,0.3564,Format Ambiguity,0.0889,Formality / Audience Mismatch,0.0364,114,0.556
80a7aef2cc6b929cfe0bdf484c3c9dc5,4,No Smell,0.6060,Format Ambiguity,0.1833,Vague / Missing Context,0.0767,Conflicting Constraints,0.0581,666,0.618
80a7aef2cc6b929cfe0bdf484c3c9dc5,5,No Smell,0.4847,Format Ambiguity,0.1898,Vague / Missing Context,0.1390,Bias / Loaded Framing,0.0498,340,0.590
80a7aef2cc6b929cfe0bdf484c3c9dc5,6,No Smell,0.4757,Vague / Missing Context,0.2099,Format Ambiguity,0.1450,Conflicting Constraints,0.0508,314,0.590
80a7aef2cc6b929cfe0bdf484c3c9dc5,7,No Smell,0.5648,Vague / Missing Context,0.1319,Format Ambiguity,0.1261,Conflicting Constraints,0.0754,806,0.665
80a7aef2cc6b929cfe0bdf484c3c9dc5,8,No Smell,0.4050,Vague / Missing Context,0.2706,Format Ambiguity,0.1517,Conflicting Constraints,0.0494,359,0.591
80a7aef2cc6b929cfe0bdf484c3c9dc5,9,No Smell,0.7384,Format Ambiguity,0.1021,Conflicting Constraints,0.0485,Vague / Missing Context,0.0476,647,0.641
80a7aef2cc6b929cfe0bdf484c3c9dc5,10,No Smell,0.5052,Format Ambiguity,0.1492,Vague / Missing Context,0.1158,Conflicting Constraints,0.0781,687,0.643
80a7aef2cc6b929cfe0bdf484c3c9dc5,11,No Smell,0.5335,Format Ambiguity,0.1708,Vague / Missing Context,0.0959,Conflicting Constraints,0.0714,707,0.642
7fa4a3b562b5ed8cae98d64af8d9b6bd,1,No Smell,0.5691,Formality / Audience Mismatch,0.1358,Vague / Missing Context,0.0989,Bias / Loaded Framing,0.0767,2604,1.043
0bc6b83fcfe8121a95b3e4e39da9b8a2,1,Vague / Missing Context,0.3955,No Smell,0.3172,Format Ambiguity,0.1198,Formality / Audience Mismatch,0.0422,241,0.572
9a3b9cd13e5773970ddab7db463302f7,1,No Smell,0.4610,Vague / Missing Context,0.2926,Format Ambiguity,0.1668,Formality / Audience Mismatch,0.0246,22,0.534
9a3b9cd13e5773970ddab7db463302f7,2,Vague / Missing Context,0.5245,No Smell,0.2127,Format Ambiguity,0.1153,Ambiguous References,0.0865,26,0.542
9a3b9cd13e5773970ddab7db463302f7,3,No Smell,0.6957,Format Ambiguity,0.1962,Vague / Missing Context,0.0498,Formality / Audience Mismatch,0.0214,14,0.542
9a3b9cd13e5773970ddab7db463302f7,4,Vague / Missing Context,0.4024,No Smell,0.2293,Ambiguous References,0.1171,Bias / Loaded Framing,0.0689,223,0.589
9a3b9cd13e5773970ddab7db463302f7,5,No Smell,0.4112,Format Ambiguity,0.2440,Vague / Missing Context,0.2151,Ambiguous References,0.0396,79,0.544
9a3b9cd13e5773970ddab7db463302f7,6,No Smell,0.3818,Format Ambiguity,0.3150,Vague / Missing Context,0.2292,Formality / Audience Mismatch,0.0218,13,0.532
7b21b22a9ca15b7b0808ff025099afdc,1,No Smell,0.4123,Vague / Missing Context,0.3317,Format Ambiguity,0.1086,Formality / Audience Mismatch,0.0406,259,0.570
633f761ffbd343163e309ff02732fb7e,1,No Smell,0.6060,Format Ambiguity,0.1862,Vague / Missing Context,0.1452,Conflicting Constraints,0.0234,82,0.545
0eaf9ee8294715035bf5995fd722aa79,1,No Smell,0.6276,Vague / Missing Context,0.1742,Format Ambiguity,0.1293,Formality / Audience Mismatch,0.0233,77,0.544
0fd4b824ea5d505ad33ed48818fc1771,1,No Smell,0.4001,Vague / Missing Context,0.2672,Format Ambiguity,0.2510,Formality / Audience Mismatch,0.0234,30,0.542
0fd4b824ea5d505ad33ed48818fc1771,2,No Smell,0.4019,Vague / Missing Context,0.3238,Format Ambiguity,0.1376,Ambiguous References,0.0658,63,0.544
0fd4b824ea5d505ad33ed48818fc1771,3,No Smell,0.6207,Vague / Missing Context,0.1682,Format Ambiguity,0.1265,Conflicting Constraints,0.0281,50,0.543
0fd4b824ea5d505ad33ed48818fc1771,5,No Smell,0.5939,Format Ambiguity,0.2066,Vague / Missing Context,0.1423,Formality / Audience Mismatch,0.0267,19,0.531
0fd4b824ea5d505ad33ed48818fc1771,6,No Smell,0.6279,Format Ambiguity,0.1558,Vague / Missing Context,0.1414,Conflicting Constraints,0.0320,46,0.543
0fd4b824ea5d505ad33ed48818fc1771,8,No Smell,0.5488,Format Ambiguity,0.2907,Vague / Missing Context,0.1085,Formality / Audience Mismatch,0.0199,4,0.531
c126506e5181804220540f016148442a,1,No Smell,0.4726,Vague / Missing Context,0.2577,Format Ambiguity,0.1164,Formality / Audience Mismatch,0.0401,375,0.591
06f953b0754b72568ae3b8691bda2124,1,No Smell,0.7436,Format Ambiguity,0.0707,Conflicting Constraints,0.0578,Vague / Missing Context,0.0531,989,0.668
06f953b0754b72568ae3b8691bda2124,2,No Smell,0.6905,Vague / Missing Context,0.1337,Format Ambiguity,0.1101,Conflicting Constraints,0.0315,111,0.545
06f953b0754b72568ae3b8691bda2124,3,No Smell,0.7250,Format Ambiguity,0.1082,Vague / Missing Context,0.1005,Conflicting Constraints,0.0319,126,0.545
48f5439eee5c55a5ff05a2f626aa45df,1,No Smell,0.6544,Format Ambiguity,0.2379,Vague / Missing Context,0.0717,Formality / Audience Mismatch,0.0126,15,0.532
48f5439eee5c55a5ff05a2f626aa45df,2,No Smell,0.6287,Format Ambiguity,0.1792,Vague / Missing Context,0.1238,Formality / Audience Mismatch,0.0299,23,0.531
197044e8c3a4b9a899496771cd8305c7,1,Vague / Missing Context,0.3701,No Smell,0.2297,Ambiguous References,0.1264,Format Ambiguity,0.1263,195,0.570
197044e8c3a4b9a899496771cd8305c7,2,Vague / Missing Context,0.5220,No Smell,0.1859,Ambiguous References,0.1595,Format Ambiguity,0.0841,61,0.544
197044e8c3a4b9a899496771cd8305c7,3,Vague / Missing Context,0.4696,No Smell,0.2246,Format Ambiguity,0.1097,Ambiguous References,0.1029,212,0.569
197044e8c3a4b9a899496771cd8305c7,4,No Smell,0.4794,Format Ambiguity,0.2869,Vague / Missing Context,0.1318,Formality / Audience Mismatch,0.0347,85,0.544
197044e8c3a4b9a899496771cd8305c7,5,No Smell,0.3831,Vague / Missing Context,0.2879,Format Ambiguity,0.1359,Ambiguous References,0.0842,119,0.556
197044e8c3a4b9a899496771cd8305c7,6,Vague / Missing Context,0.4132,Bias / Loaded Framing,0.2098,No Smell,0.1582,Ambiguous References,0.0958,204,0.569
197044e8c3a4b9a899496771cd8305c7,7,No Smell,0.6620,Format Ambiguity,0.2032,Vague / Missing Context,0.0846,Formality / Audience Mismatch,0.0189,51,0.542
197044e8c3a4b9a899496771cd8305c7,8,No Smell,0.5630,Format Ambiguity,0.2734,Vague / Missing Context,0.0757,Formality / Audience Mismatch,0.0321,146,0.558
b374c48f2b566bd061d3430c4b333d14,1,No Smell,0.4726,Vague / Missing Context,0.2577,Format Ambiguity,0.1164,Formality / Audience Mismatch,0.0401,375,0.065
68bbeaa92da611f3dd14f43f8d5a64c1,1,No Smell,0.4582,Vague / Missing Context,0.2795,Format Ambiguity,0.1649,Formality / Audience Mismatch,0.0311,75,0.542
68bbeaa92da611f3dd14f43f8d5a64c1,2,No Smell,0.5670,Format Ambiguity,0.1801,Vague / Missing Context,0.1683,Formality / Audience Mismatch,0.0298,48,0.543
62afb6d2b4993ee9f6e098f2177356a6,1,No Smell,0.6501,Format Ambiguity,0.1584,Vague / Missing Context,0.1030,Formality / Audience Mismatch,0.0355,58,0.543
19868ca046f984c62124124c9c24639b,1,No Smell,0.4725,Vague / Missing Context,0.1656,Format Ambiguity,0.1267,Bias / Loaded Framing,0.0692,669,0.641
19868ca046f984c62124124c9c24639b,2,No Smell,0.6093,Format Ambiguity,0.1254,Vague / Missing Context,0.0894,Conflicting Constraints,0.0588,706,0.642
94712c1c464d1b34f96b7b595ed8e90a,1,No Smell,0.6093,Format Ambiguity,0.1254,Vague / Missing Context,0.0894,Conflicting Constraints,0.0588,706,0.052
33157839d4fda135098fa16ed4ae0c49,1,No Smell,0.4540,Vague / Missing Context,0.2929,Format Ambiguity,0.1271,Formality / Audience Mismatch,0.0389,42,0.541
33157839d4fda135098fa16ed4ae0c49,2,No Smell,0.4090,Vague / Missing Context,0.3234,Format Ambiguity,0.1358,Ambiguous References,0.0515,42,0.545
33157839d4fda135098fa16ed4ae0c49,3,No Smell,0.4347,Vague / Missing Context,0.3188,Format Ambiguity,0.1257,Ambiguous References,0.0415,43,0.544
33157839d4fda135098fa16ed4ae0c49,4,No Smell,0.4394,Vague / Missing Context,0.2844,Format Ambiguity,0.1455,Ambiguous References,0.0424,42,0.544
33157839d4fda135098fa16ed4ae0c49,5,No Smell,0.4854,Vague / Missing Context,0.2467,Format Ambiguity,0.1444,Formality / Audience Mismatch,0.0422,42,0.543
33157839d4fda135098fa16ed4ae0c49,6,No Smell,0.4173,Vague / Missing Context,0.3047,Format Ambiguity,0.1282,Ambiguous References,0.0577,43,0.543
33157839d4fda135098fa16ed4ae0c49,7,No Smell,0.4384,Vague / Missing Context,0.3075,Format Ambiguity,0.1247,Ambiguous References,0.0449,44,0.543
4dfb31afd6de73d62475d691c6670304,1,No Smell,0.4266,Vague / Missing Context,0.3631,Format Ambiguity,0.1486,Formality / Audience Mismatch,0.0213,26,0.541
fccc584758b55ac4ba87cfbc346f158d,1,No Smell,0.4726,Vague / Missing Context,0.2577,Format Ambiguity,0.1164,Formality / Audience Mismatch,0.0401,375,0.063
fccc584758b55ac4ba87cfbc346f158d,2,No Smell,0.4566,Vague / Missing Context,0.2311,Format Ambiguity,0.1220,Conflicting Constraints,0.0538,440,0.610
16c60cb0bb020db1cb31b589e56e1144,1,No Smell,0.4566,Vague / Missing Context,0.2311,Format Ambiguity,0.1220,Conflicting Constraints,0.0538,440,0.049
18da6808a04898d092f5b943f180ef91,1,No Smell,0.7691,Format Ambiguity,0.1170,Vague / Missing Context,0.0321,Formality / Audience Mismatch,0.0300,103,0.554
c03bfad0a5f5b126063506cb1428d54e,1,No Smell,0.4366,Vague / Missing Context,0.2619,Format Ambiguity,0.1148,Formality / Audience Mismatch,0.0513,440,0.612
984204f908ecc58181321d88418de61f,1,No Smell,0.6855,Format Ambiguity,0.2174,Vague / Missing Context,0.0583,Formality / Audience Mismatch,0.0170,28,0.542
984204f908ecc58181321d88418de61f,2,No Smell,0.6729,Format Ambiguity,0.2220,Vague / Missing Context,0.0616,Formality / Audience Mismatch,0.0182,45,0.543
984204f908ecc58181321d88418de61f,3,Format Ambiguity,0.4525,No Smell,0.4202,Vague / Missing Context,0.0839,Formality / Audience Mismatch,0.0161,41,0.542
984204f908ecc58181321d88418de61f,4,No Smell,0.6379,Format Ambiguity,0.2461,Vague / Missing Context,0.0727,Conflicting Constraints,0.0159,50,0.543
984204f908ecc58181321d88418de61f,5,No Smell,0.7178,Format Ambiguity,0.1252,Vague / Missing Context,0.0629,Conflicting Constraints,0.0438,314,0.590
984204f908ecc58181321d88418de61f,6,No Smell,0.6167,Vague / Missing Context,0.1686,Format Ambiguity,0.1425,Conflicting Constraints,0.0245,205,0.568
984204f908ecc58181321d88418de61f,7,No Smell,0.6230,Format Ambiguity,0.2475,Vague / Missing Context,0.0570,Bias / Loaded Framing,0.0277,51,0.543
984204f908ecc58181321d88418de61f,8,Vague / Missing Context,0.4031,No Smell,0.2453,Format Ambiguity,0.1274,Ambiguous References,0.1115,119,0.555
984204f908ecc58181321d88418de61f,9,No Smell,0.5205,Format Ambiguity,0.2374,Vague / Missing Context,0.1699,Formality / Audience Mismatch,0.0247,42,0.543
984204f908ecc58181321d88418de61f,10,No Smell,0.5682,Vague / Missing Context,0.2228,Format Ambiguity,0.1592,Formality / Audience Mismatch,0.0205,35,0.542
9880b7423930fff8e450610f773339c9,1,No Smell,0.4309,Vague / Missing Context,0.2543,Format Ambiguity,0.1187,Conflicting Constraints,0.0541,477,0.614
470c730d3fed3b9e462cfd2232eb0f27,2,No Smell,0.4124,Vague / Missing Context,0.2990,Format Ambiguity,0.1381,Formality / Audience Mismatch,0.0516,59,0.544
87f0a2a0aadc730e475baccedcbf24fc,1,No Smell,0.5920,Format Ambiguity,0.1959,Vague / Missing Context,0.1075,Formality / Audience Mismatch,0.0529,57,0.567
87f0a2a0aadc730e475baccedcbf24fc,2,No Smell,0.5124,Vague / Missing Context,0.2890,Format Ambiguity,0.1303,Formality / Audience Mismatch,0.0281,46,0.542
87f0a2a0aadc730e475baccedcbf24fc,4,No Smell,0.4180,Vague / Missing Context,0.2191,Format Ambiguity,0.1483,Formality / Audience Mismatch,0.0863,51,0.566
87f0a2a0aadc730e475baccedcbf24fc,6,No Smell,0.4909,Format Ambiguity,0.3038,Vague / Missing Context,0.1367,Formality / Audience Mismatch,0.0271,24,0.556
87f0a2a0aadc730e475baccedcbf24fc,7,No Smell,0.3964,Vague / Missing Context,0.3584,Format Ambiguity,0.1764,Formality / Audience Mismatch,0.0263,87,0.543
87f0a2a0aadc730e475baccedcbf24fc,8,No Smell,0.5542,Format Ambiguity,0.2053,Vague / Missing Context,0.1696,Formality / Audience Mismatch,0.0309,22,0.543
87f0a2a0aadc730e475baccedcbf24fc,9,No Smell,0.5903,Format Ambiguity,0.2113,Vague / Missing Context,0.1395,Formality / Audience Mismatch,0.0263,22,0.543
87f0a2a0aadc730e475baccedcbf24fc,10,Vague / Missing Context,0.3961,No Smell,0.3466,Format Ambiguity,0.1417,Ambiguous References,0.0516,56,0.543
87f0a2a0aadc730e475baccedcbf24fc,12,No Smell,0.5093,Format Ambiguity,0.2302,Vague / Missing Context,0.1943,Formality / Audience Mismatch,0.0263,41,0.543
87f0a2a0aadc730e475baccedcbf24fc,13,Vague / Missing Context,0.4183,No Smell,0.2806,Format Ambiguity,0.1969,Ambiguous References,0.0483,64,0.544
87f0a2a0aadc730e475baccedcbf24fc,14,Vague / Missing Context,0.3648,No Smell,0.3331,Format Ambiguity,0.2128,Formality / Audience Mismatch,0.0283,58,0.555
87f0a2a0aadc730e475baccedcbf24fc,18,No Smell,0.5395,Format Ambiguity,0.2603,Vague / Missing Context,0.1248,Formality / Audience Mismatch,0.0279,25,0.557
87f0a2a0aadc730e475baccedcbf24fc,19,No Smell,0.4732,Vague / Missing Context,0.2246,Format Ambiguity,0.1867,Formality / Audience Mismatch,0.0414,52,0.555
87f0a2a0aadc730e475baccedcbf24fc,20,No Smell,0.5161,Vague / Missing Context,0.2200,Format Ambiguity,0.1091,Formality / Audience Mismatch,0.0674,55,0.555
87f0a2a0aadc730e475baccedcbf24fc,21,Vague / Missing Context,0.3877,No Smell,0.3114,Format Ambiguity,0.1459,Ambiguous References,0.0825,35,0.542
a34f2b49ae9e2853da0bc324b44fd254,1,No Smell,0.4275,Vague / Missing Context,0.2457,Format Ambiguity,0.1146,Conflicting Constraints,0.0593,477,0.614
0b0784576da87ea222e4d8bddbffe92b,1,Vague / Missing Context,0.3243,No Smell,0.2902,Ambiguous References,0.1058,Formality / Audience Mismatch,0.0990,254,0.589
0b0784576da87ea222e4d8bddbffe92b,2,No Smell,0.4131,Format Ambiguity,0.2189,Vague / Missing Context,0.1489,Formality / Audience Mismatch,0.0597,382,0.614
b8a5cc82c7a520a51d8c92a68f942844,1,No Smell,0.4925,Vague / Missing Context,0.2093,Format Ambiguity,0.2005,Conflicting Constraints,0.0301,120,0.555
586938350d20710a21da1440306cdd8f,1,Vague / Missing Context,0.3489,No Smell,0.2265,Format Ambiguity,0.1691,Ambiguous References,0.1345,227,0.588
586938350d20710a21da1440306cdd8f,2,No Smell,0.4798,Format Ambiguity,0.2262,Vague / Missing Context,0.1797,Ambiguous References,0.0360,235,0.589
586938350d20710a21da1440306cdd8f,3,No Smell,0.4050,Vague / Missing Context,0.2859,Format Ambiguity,0.1870,Ambiguous References,0.0439,204,0.588
586938350d20710a21da1440306cdd8f,4,Vague / Missing Context,0.4522,No Smell,0.2798,Format Ambiguity,0.1580,Ambiguous References,0.0566,52,0.541
586938350d20710a21da1440306cdd8f,5,No Smell,0.4665,Vague / Missing Context,0.2316,Format Ambiguity,0.2209,Formality / Audience Mismatch,0.0303,71,0.546
586938350d20710a21da1440306cdd8f,6,Vague / Missing Context,0.4866,No Smell,0.2204,Format Ambiguity,0.1119,Ambiguous References,0.0951,87,0.543
586938350d20710a21da1440306cdd8f,7,No Smell,0.3886,Vague / Missing Context,0.2958,Format Ambiguity,0.1681,Formality / Audience Mismatch,0.0501,87,0.542
7ad7a26ce6b187e407b6c70afa1948b1,1,Vague / Missing Context,0.3358,No Smell,0.3193,Format Ambiguity,0.1358,Ambiguous References,0.0750,770,0.666
7ad7a26ce6b187e407b6c70afa1948b1,2,No Smell,0.5016,Format Ambiguity,0.2875,Vague / Missing Context,0.1458,Formality / Audience Mismatch,0.0255,7,0.532
7ad7a26ce6b187e407b6c70afa1948b1,3,Vague / Missing Context,0.5888,No Smell,0.1840,Ambiguous References,0.1109,Format Ambiguity,0.0747,105,0.555
fb7889902e3c695fe9c32367e19a33ca,1,No Smell,0.6771,Format Ambiguity,0.2034,Vague / Missing Context,0.0523,Formality / Audience Mismatch,0.0241,114,0.556
be97e3402e594b188fa5a2b800335154,3,No Smell,0.6640,Format Ambiguity,0.1239,Vague / Missing Context,0.1114,Formality / Audience Mismatch,0.0346,98,0.733
be97e3402e594b188fa5a2b800335154,5,No Smell,0.4343,Vague / Missing Context,0.2589,Format Ambiguity,0.2042,Conflicting Constraints,0.0436,92,0.592
31e57b8ea1ee0f3708a742efcfd520d4,1,No Smell,0.4621,Vague / Missing Context,0.3182,Format Ambiguity,0.1544,Formality / Audience Mismatch,0.0214,44,0.545
31e57b8ea1ee0f3708a742efcfd520d4,2,No Smell,0.5164,Vague / Missing Context,0.2382,Format Ambiguity,0.1679,Formality / Audience Mismatch,0.0308,31,0.542
31e57b8ea1ee0f3708a742efcfd520d4,3,No Smell,0.5715,Vague / Missing Context,0.2131,Format Ambiguity,0.1463,Formality / Audience Mismatch,0.0296,31,0.541
31e57b8ea1ee0f3708a742efcfd520d4,4,No Smell,0.5741,Format Ambiguity,0.2357,Vague / Missing Context,0.1535,Formality / Audience Mismatch,0.0188,39,0.542
31e57b8ea1ee0f3708a742efcfd520d4,5,No Smell,0.5564,Vague / Missing Context,0.2201,Format Ambiguity,0.1456,Ambiguous References,0.0271,72,0.543
31e57b8ea1ee0f3708a742efcfd520d4,6,No Smell,0.6449,Vague / Missing Context,0.1530,Format Ambiguity,0.1393,Formality / Audience Mismatch,0.0203,99,0.545
31e57b8ea1ee0f3708a742efcfd520d4,7,No Smell,0.5645,Vague / Missing Context,0.1887,Format Ambiguity,0.1714,Conflicting Constraints,0.0280,40,0.541
c63b3a50ad42a280f11d722f656f7429,1,No Smell,0.5549,Vague / Missing Context,0.1356,Format Ambiguity,0.1293,Conflicting Constraints,0.0615,488,0.616
a190e9f0c7a81a8e7cd86e9744926027,1,No Smell,0.6949,Format Ambiguity,0.2277,Vague / Missing Context,0.0273,Formality / Audience Mismatch,0.0203,86,0.545
a190e9f0c7a81a8e7cd86e9744926027,2,No Smell,0.5635,Vague / Missing Context,0.1609,Format Ambiguity,0.1553,Conflicting Constraints,0.0417,127,0.554
a190e9f0c7a81a8e7cd86e9744926027,3,No Smell,0.6434,Format Ambiguity,0.1915,Vague / Missing Context,0.0728,Conflicting Constraints,0.0347,159,0.559
a190e9f0c7a81a8e7cd86e9744926027,4,No Smell,0.6569,Format Ambiguity,0.1989,Vague / Missing Context,0.0649,Formality / Audience Mismatch,0.0277,170,0.567
a190e9f0c7a81a8e7cd86e9744926027,5,No Smell,0.5451,Format Ambiguity,0.2016,Vague / Missing Context,0.1583,Formality / Audience Mismatch,0.0298,188,0.569
a190e9f0c7a81a8e7cd86e9744926027,6,No Smell,0.6104,Format Ambiguity,0.2383,Vague / Missing Context,0.0857,Conflicting Constraints,0.0263,158,0.556
a190e9f0c7a81a8e7cd86e9744926027,7,No Smell,0.5231,Vague / Missing Context,0.1879,Format Ambiguity,0.1342,Formality / Audience Mismatch,0.0426,204,0.570
a190e9f0c7a81a8e7cd86e9744926027,8,No Smell,0.5434,Vague / Missing Context,0.1690,Format Ambiguity,0.1551,Formality / Audience Mismatch,0.0459,214,0.567
a190e9f0c7a81a8e7cd86e9744926027,9,No Smell,0.4219,Vague / Missing Context,0.2392,Format Ambiguity,0.1488,Ambiguous References,0.0593,186,0.567
a190e9f0c7a81a8e7cd86e9744926027,10,No Smell,0.4706,Format Ambiguity,0.2387,Vague / Missing Context,0.1718,Formality / Audience Mismatch,0.0331,142,0.556
a190e9f0c7a81a8e7cd86e9744926027,11,Vague / Missing Context,0.6574,No Smell,0.1329,Ambiguous References,0.0861,Format Ambiguity,0.0497,198,0.566
a190e9f0c7a81a8e7cd86e9744926027,12,No Smell,0.3822,Vague / Missing Context,0.2702,Format Ambiguity,0.1330,Conflicting Constraints,0.0520,235,0.569
a190e9f0c7a81a8e7cd86e9744926027,13,No Smell,0.4783,Format Ambiguity,0.1983,Vague / Missing Context,0.1887,Conflicting Constraints,0.0376,191,0.569
a190e9f0c7a81a8e7cd86e9744926027,14,No Smell,0.4726,Format Ambiguity,0.2696,Vague / Missing Context,0.1604,Conflicting Constraints,0.0339,182,0.558
a190e9f0c7a81a8e7cd86e9744926027,15,No Smell,0.3477,Format Ambiguity,0.2948,Vague / Missing Context,0.1947,Ambiguous References,0.0397,153,0.569
a190e9f0c7a81a8e7cd86e9744926027,16,No Smell,0.6363,Format Ambiguity,0.2494,Vague / Missing Context,0.0643,Conflicting Constraints,0.0215,189,0.558
a190e9f0c7a81a8e7cd86e9744926027,17,No Smell,0.4113,Format Ambiguity,0.2434,Vague / Missing Context,0.1941,Formality / Audience Mismatch,0.0381,198,0.588
a190e9f0c7a81a8e7cd86e9744926027,18,Vague / Missing Context,0.2978,No Smell,0.2872,Bias / Loaded Framing,0.1304,Formality / Audience Mismatch,0.1233,133,0.566
a190e9f0c7a81a8e7cd86e9744926027,19,Vague / Missing Context,0.5484,No Smell,0.1618,Ambiguous References,0.1060,Format Ambiguity,0.0758,201,0.570
a190e9f0c7a81a8e7cd86e9744926027,20,No Smell,0.4613,Format Ambiguity,0.3052,Vague / Missing Context,0.1183,Bias / Loaded Framing,0.0315,172,0.587
a190e9f0c7a81a8e7cd86e9744926027,21,No Smell,0.4206,Vague / Missing Context,0.2325,Format Ambiguity,0.2235,Formality / Audience Mismatch,0.0353,175,0.568
a190e9f0c7a81a8e7cd86e9744926027,22,No Smell,0.5472,Format Ambiguity,0.1948,Vague / Missing Context,0.1809,Conflicting Constraints,0.0321,199,0.569
a190e9f0c7a81a8e7cd86e9744926027,23,No Smell,0.4850,Format Ambiguity,0.2691,Vague / Missing Context,0.1477,Formality / Audience Mismatch,0.0315,179,0.566
a190e9f0c7a81a8e7cd86e9744926027,24,No Smell,0.4815,Vague / Missing Context,0.2513,Format Ambiguity,0.1452,Ambiguous References,0.0391,164,0.556
a190e9f0c7a81a8e7cd86e9744926027,25,Vague / Missing Context,0.5615,No Smell,0.1936,Ambiguous References,0.0984,Format Ambiguity,0.0542,221,0.586
a190e9f0c7a81a8e7cd86e9744926027,26,No Smell,0.6830,Format Ambiguity,0.1898,Vague / Missing Context,0.0408,Formality / Audience Mismatch,0.0322,205,0.568
a190e9f0c7a81a8e7cd86e9744926027,27,No Smell,0.5370,Format Ambiguity,0.2037,Vague / Missing Context,0.1698,Formality / Audience Mismatch,0.0275,228,0.566
a190e9f0c7a81a8e7cd86e9744926027,28,No Smell,0.5025,Format Ambiguity,0.2720,Vague / Missing Context,0.1240,Conflicting Constraints,0.0372,160,0.586
a190e9f0c7a81a8e7cd86e9744926027,29,No Smell,0.4782,Vague / Missing Context,0.2231,Format Ambiguity,0.1926,Conflicting Constraints,0.0368,190,0.568
a190e9f0c7a81a8e7cd86e9744926027,30,No Smell,0.4159,Vague / Missing Context,0.2991,Format Ambiguity,0.1470,Ambiguous References,0.0502,231,0.586
a190e9f0c7a81a8e7cd86e9744926027,31,No Smell,0.7424,Format Ambiguity,0.1332,Vague / Missing Context,0.0663,Conflicting Constraints,0.0261,217,0.567
a190e9f0c7a81a8e7cd86e9744926027,32,No Smell,0.5709,Format Ambiguity,0.2167,Vague / Missing Context,0.1372,Conflicting Constraints,0.0270,170,0.556
a190e9f0c7a81a8e7cd86e9744926027,33,No Smell,0.5353,Vague / Missing Context,0.1946,Format Ambiguity,0.1744,Conflicting Constraints,0.0346,216,0.588
a190e9f0c7a81a8e7cd86e9744926027,34,No Smell,0.5314,Vague / Missing Context,0.1983,Format Ambiguity,0.1882,Formality / Audience Mismatch,0.0241,236,0.570
a190e9f0c7a81a8e7cd86e9744926027,35,No Smell,0.5180,Format Ambiguity,0.2479,Vague / Missing Context,0.1456,Conflicting Constraints,0.0312,174,0.557
a190e9f0c7a81a8e7cd86e9744926027,36,No Smell,0.4461,Vague / Missing Context,0.2604,Format Ambiguity,0.1605,Formality / Audience Mismatch,0.0383,215,0.569
a190e9f0c7a81a8e7cd86e9744926027,37,No Smell,0.4684,Vague / Missing Context,0.1890,Format Ambiguity,0.1544,Formality / Audience Mismatch,0.0532,166,0.557
a190e9f0c7a81a8e7cd86e9744926027,38,No Smell,0.5392,Vague / Missing Context,0.1593,Format Ambiguity,0.1570,Conflicting Constraints,0.0449,248,0.588
a190e9f0c7a81a8e7cd86e9744926027,39,Vague / Missing Context,0.4078,No Smell,0.2277,Format Ambiguity,0.1874,Ambiguous References,0.0658,180,0.569
a190e9f0c7a81a8e7cd86e9744926027,40,No Smell,0.5422,Format Ambiguity,0.1868,Vague / Missing Context,0.1842,Conflicting Constraints,0.0308,188,0.569
a190e9f0c7a81a8e7cd86e9744926027,41,No Smell,0.4324,Vague / Missing Context,0.2502,Format Ambiguity,0.2033,Conflicting Constraints,0.0292,195,0.570
a190e9f0c7a81a8e7cd86e9744926027,42,No Smell,0.6985,Format Ambiguity,0.2033,Vague / Missing Context,0.0432,Conflicting Constraints,0.0259,184,0.569
a190e9f0c7a81a8e7cd86e9744926027,43,No Smell,0.3815,Vague / Missing Context,0.2710,Format Ambiguity,0.2089,Ambiguous References,0.0446,182,0.568
a190e9f0c7a81a8e7cd86e9744926027,44,No Smell,0.3406,Vague / Missing Context,0.3019,Format Ambiguity,0.1554,Ambiguous References,0.0935,203,0.569
a190e9f0c7a81a8e7cd86e9744926027,45,No Smell,0.5873,Vague / Missing Context,0.1703,Format Ambiguity,0.1544,Formality / Audience Mismatch,0.0317,159,0.569
a190e9f0c7a81a8e7cd86e9744926027,46,No Smell,0.4583,Format Ambiguity,0.2693,Vague / Missing Context,0.1764,Conflicting Constraints,0.0415,181,0.568
a190e9f0c7a81a8e7cd86e9744926027,47,No Smell,0.6700,Format Ambiguity,0.2245,Vague / Missing Context,0.0437,Conflicting Constraints,0.0255,201,0.572
a190e9f0c7a81a8e7cd86e9744926027,48,No Smell,0.3875,Vague / Missing Context,0.2928,Format Ambiguity,0.1901,Ambiguous References,0.0354,183,0.570
a190e9f0c7a81a8e7cd86e9744926027,49,No Smell,0.3937,Vague / Missing Context,0.2658,Format Ambiguity,0.2019,Conflicting Constraints,0.0428,204,0.570
a190e9f0c7a81a8e7cd86e9744926027,50,No Smell,0.5990,Format Ambiguity,0.2049,Vague / Missing Context,0.1248,Conflicting Constraints,0.0275,267,0.589
a190e9f0c7a81a8e7cd86e9744926027,51,No Smell,0.4321,Vague / Missing Context,0.2422,Format Ambiguity,0.1379,Ambiguous References,0.0543,210,0.569
66049985af46f63fd7f3257d23645403,2,No Smell,0.5842,Format Ambiguity,0.2910,Vague / Missing Context,0.0620,Conflicting Constraints,0.0232,29,0.541
66049985af46f63fd7f3257d23645403,3,No Smell,0.6617,Format Ambiguity,0.2431,Vague / Missing Context,0.0307,Formality / Audience Mismatch,0.0208,105,0.543
66049985af46f63fd7f3257d23645403,4,No Smell,0.5762,Format Ambiguity,0.1716,Vague / Missing Context,0.1664,Formality / Audience Mismatch,0.0306,106,0.556
6dd2f9365faee8eb1e33086094143d02,1,No Smell,0.5088,Format Ambiguity,0.1612,Vague / Missing Context,0.1383,Conflicting Constraints,0.0611,630,0.665
6dd2f9365faee8eb1e33086094143d02,2,No Smell,0.5577,Format Ambiguity,0.1410,Vague / Missing Context,0.1087,Formality / Audience Mismatch,0.0603,541,0.662
ac02605399b5ff202676ebae26124aea,1,No Smell,0.5309,Vague / Missing Context,0.2052,Format Ambiguity,0.1715,Conflicting Constraints,0.0348,34,0.542
4aa9d8d35d749e9c086e77dc65333d3c,3,No Smell,0.4286,Vague / Missing Context,0.2471,Format Ambiguity,0.1786,Ambiguous References,0.0485,116,0.555
a8717cead46fe618bc43a5e354d755d3,1,No Smell,0.8113,Format Ambiguity,0.1405,Vague / Missing Context,0.0187,Formality / Audience Mismatch,0.0125,97,0.587
a8717cead46fe618bc43a5e354d755d3,2,Vague / Missing Context,0.3870,No Smell,0.3436,Format Ambiguity,0.1906,Formality / Audience Mismatch,0.0280,15,0.531
a8717cead46fe618bc43a5e354d755d3,3,Vague / Missing Context,0.4784,No Smell,0.2630,Format Ambiguity,0.1658,Ambiguous References,0.0519,29,0.541
26396b5e7f90fa25407e805fb8c1db1d,1,No Smell,0.5117,Vague / Missing Context,0.2062,Format Ambiguity,0.1235,Conflicting Constraints,0.0483,1015,0.735
58843d79629ee31544ae49d31dcb3a17,1,No Smell,0.4120,Format Ambiguity,0.3244,Overloaded Prompt,0.0817,Formality / Audience Mismatch,0.0589,1000,0.776
58843d79629ee31544ae49d31dcb3a17,4,No Smell,0.3578,Format Ambiguity,0.2943,Vague / Missing Context,0.1736,Bias / Loaded Framing,0.0572,35,0.570
58843d79629ee31544ae49d31dcb3a17,5,No Smell,0.5076,Format Ambiguity,0.2892,Vague / Missing Context,0.0933,Formality / Audience Mismatch,0.0366,28,0.543
975b5514d3fabc46263edfc81fae5e99,1,No Smell,0.6949,Format Ambiguity,0.2277,Vague / Missing Context,0.0273,Formality / Audience Mismatch,0.0203,86,0.062
975b5514d3fabc46263edfc81fae5e99,2,No Smell,0.4691,Format Ambiguity,0.2260,Vague / Missing Context,0.2160,Conflicting Constraints,0.0279,191,0.566
975b5514d3fabc46263edfc81fae5e99,3,No Smell,0.5381,Format Ambiguity,0.1986,Vague / Missing Context,0.1680,Formality / Audience Mismatch,0.0275,184,0.569
975b5514d3fabc46263edfc81fae5e99,4,No Smell,0.5020,Format Ambiguity,0.2056,Vague / Missing Context,0.1636,Ambiguous References,0.0316,216,0.568
975b5514d3fabc46263edfc81fae5e99,5,No Smell,0.5565,Format Ambiguity,0.2390,Vague / Missing Context,0.1263,Conflicting Constraints,0.0300,152,0.557
975b5514d3fabc46263edfc81fae5e99,6,No Smell,0.6152,Format Ambiguity,0.2061,Vague / Missing Context,0.0995,Conflicting Constraints,0.0300,173,0.569
975b5514d3fabc46263edfc81fae5e99,7,Vague / Missing Context,0.3182,No Smell,0.3070,Ambiguous References,0.0983,Format Ambiguity,0.0970,211,0.589
975b5514d3fabc46263edfc81fae5e99,8,No Smell,0.3815,Vague / Missing Context,0.3123,Format Ambiguity,0.1125,Ambiguous References,0.0662,176,0.568
975b5514d3fabc46263edfc81fae5e99,9,No Smell,0.6682,Format Ambiguity,0.1586,Vague / Missing Context,0.0966,Conflicting Constraints,0.0278,207,0.571
975b5514d3fabc46263edfc81fae5e99,10,Vague / Missing Context,0.5967,No Smell,0.1309,Ambiguous References,0.0907,Bias / Loaded Framing,0.0737,159,0.566
975b5514d3fabc46263edfc81fae5e99,11,No Smell,0.6867,Format Ambiguity,0.1944,Vague / Missing Context,0.0452,Conflicting Constraints,0.0325,170,0.568
975b5514d3fabc46263edfc81fae5e99,12,No Smell,0.7319,Format Ambiguity,0.1886,Vague / Missing Context,0.0438,Conflicting Constraints,0.0128,137,0.554
975b5514d3fabc46263edfc81fae5e99,13,No Smell,0.5581,Format Ambiguity,0.2266,Vague / Missing Context,0.1386,Formality / Audience Mismatch,0.0262,160,0.556
975b5514d3fabc46263edfc81fae5e99,14,No Smell,0.6872,Format Ambiguity,0.1798,Vague / Missing Context,0.0706,Conflicting Constraints,0.0214,165,0.555
975b5514d3fabc46263edfc81fae5e99,15,No Smell,0.6479,Format Ambiguity,0.1808,Vague / Missing Context,0.1103,Formality / Audience Mismatch,0.0226,163,0.557
975b5514d3fabc46263edfc81fae5e99,16,No Smell,0.6953,Format Ambiguity,0.1509,Vague / Missing Context,0.0962,Conflicting Constraints,0.0248,179,0.556
975b5514d3fabc46263edfc81fae5e99,17,No Smell,0.6492,Format Ambiguity,0.1771,Vague / Missing Context,0.0766,Conflicting Constraints,0.0346,212,0.567
975b5514d3fabc46263edfc81fae5e99,18,Vague / Missing Context,0.4137,No Smell,0.2821,Format Ambiguity,0.1051,Ambiguous References,0.0726,151,0.556
975b5514d3fabc46263edfc81fae5e99,19,No Smell,0.5145,Vague / Missing Context,0.1989,Format Ambiguity,0.1711,Formality / Audience Mismatch,0.0344,218,0.568
975b5514d3fabc46263edfc81fae5e99,20,Vague / Missing Context,0.5160,No Smell,0.2552,Format Ambiguity,0.0721,Ambiguous References,0.0660,143,0.554
975b5514d3fabc46263edfc81fae5e99,21,No Smell,0.5041,Format Ambiguity,0.2306,Vague / Missing Context,0.1404,Conflicting Constraints,0.0367,221,0.568
975b5514d3fabc46263edfc81fae5e99,22,No Smell,0.5501,Format Ambiguity,0.2236,Vague / Missing Context,0.1214,Conflicting Constraints,0.0338,236,0.567
975b5514d3fabc46263edfc81fae5e99,23,No Smell,0.3470,Vague / Missing Context,0.3060,Format Ambiguity,0.1249,Ambiguous References,0.1103,193,0.558
975b5514d3fabc46263edfc81fae5e99,24,No Smell,0.5177,Vague / Missing Context,0.1906,Format Ambiguity,0.1732,Formality / Audience Mismatch,0.0361,156,0.557
975b5514d3fabc46263edfc81fae5e99,25,No Smell,0.4551,Format Ambiguity,0.2842,Vague / Missing Context,0.1501,Conflicting Constraints,0.0328,161,0.567
975b5514d3fabc46263edfc81fae5e99,26,No Smell,0.5004,Format Ambiguity,0.2504,Vague / Missing Context,0.1500,Formality / Audience Mismatch,0.0286,142,0.555
975b5514d3fabc46263edfc81fae5e99,27,No Smell,0.5471,Vague / Missing Context,0.1926,Format Ambiguity,0.1728,Conflicting Constraints,0.0339,162,0.569
975b5514d3fabc46263edfc81fae5e99,28,No Smell,0.4744,Format Ambiguity,0.2850,Vague / Missing Context,0.1313,Conflicting Constraints,0.0309,178,0.558
975b5514d3fabc46263edfc81fae5e99,29,No Smell,0.6790,Format Ambiguity,0.1573,Vague / Missing Context,0.0772,Conflicting Constraints,0.0327,163,0.557
975b5514d3fabc46263edfc81fae5e99,30,No Smell,0.5186,Format Ambiguity,0.1895,Vague / Missing Context,0.1570,Formality / Audience Mismatch,0.0449,172,0.556
975b5514d3fabc46263edfc81fae5e99,31,No Smell,0.5117,Vague / Missing Context,0.2324,Format Ambiguity,0.1851,Conflicting Constraints,0.0228,224,0.569
975b5514d3fabc46263edfc81fae5e99,32,No Smell,0.3910,Vague / Missing Context,0.2781,Format Ambiguity,0.2385,Formality / Audience Mismatch,0.0284,168,0.558
975b5514d3fabc46263edfc81fae5e99,33,No Smell,0.4613,Vague / Missing Context,0.2238,Format Ambiguity,0.2172,Conflicting Constraints,0.0262,226,0.569
975b5514d3fabc46263edfc81fae5e99,34,Vague / Missing Context,0.3749,No Smell,0.3422,Format Ambiguity,0.1459,Ambiguous References,0.0422,183,0.568
975b5514d3fabc46263edfc81fae5e99,35,No Smell,0.4232,Format Ambiguity,0.2508,Vague / Missing Context,0.2090,Ambiguous References,0.0325,122,0.557
975b5514d3fabc46263edfc81fae5e99,36,No Smell,0.7113,Format Ambiguity,0.1915,Vague / Missing Context,0.0369,Conflicting Constraints,0.0238,201,0.569
975b5514d3fabc46263edfc81fae5e99,37,No Smell,0.6195,Format Ambiguity,0.2382,Vague / Missing Context,0.0824,Conflicting Constraints,0.0219,173,0.558
975b5514d3fabc46263edfc81fae5e99,38,No Smell,0.5092,Format Ambiguity,0.2012,Vague / Missing Context,0.1602,Conflicting Constraints,0.0371,196,0.558
975b5514d3fabc46263edfc81fae5e99,39,No Smell,0.5415,Format Ambiguity,0.2083,Vague / Missing Context,0.1371,Conflicting Constraints,0.0359,221,0.570
975b5514d3fabc46263edfc81fae5e99,40,Vague / Missing Context,0.4861,No Smell,0.2767,Format Ambiguity,0.1344,Ambiguous References,0.0482,132,0.556
975b5514d3fabc46263edfc81fae5e99,41,No Smell,0.5095,Format Ambiguity,0.2385,Vague / Missing Context,0.1428,Conflicting Constraints,0.0435,183,0.558
975b5514d3fabc46263edfc81fae5e99,42,No Smell,0.3816,Vague / Missing Context,0.3441,Format Ambiguity,0.1593,Ambiguous References,0.0472,161,0.556
975b5514d3fabc46263edfc81fae5e99,43,No Smell,0.5628,Vague / Missing Context,0.1841,Format Ambiguity,0.1660,Conflicting Constraints,0.0347,212,0.569
975b5514d3fabc46263edfc81fae5e99,44,No Smell,0.4057,Format Ambiguity,0.2323,Vague / Missing Context,0.2284,Formality / Audience Mismatch,0.0345,163,0.558
975b5514d3fabc46263edfc81fae5e99,45,No Smell,0.5302,Format Ambiguity,0.2749,Vague / Missing Context,0.0945,Conflicting Constraints,0.0400,208,0.558
975b5514d3fabc46263edfc81fae5e99,46,No Smell,0.3974,Vague / Missing Context,0.2830,Format Ambiguity,0.1746,Ambiguous References,0.0531,187,0.571
975b5514d3fabc46263edfc81fae5e99,47,No Smell,0.4498,Vague / Missing Context,0.2181,Format Ambiguity,0.1770,Bias / Loaded Framing,0.0424,202,0.558
975b5514d3fabc46263edfc81fae5e99,48,No Smell,0.4790,Vague / Missing Context,0.1962,Format Ambiguity,0.1521,Formality / Audience Mismatch,0.0485,188,0.559
975b5514d3fabc46263edfc81fae5e99,49,No Smell,0.4409,Format Ambiguity,0.2435,Vague / Missing Context,0.1992,Conflicting Constraints,0.0385,191,0.570
975b5514d3fabc46263edfc81fae5e99,50,Vague / Missing Context,0.6376,No Smell,0.1340,Ambiguous References,0.1017,Format Ambiguity,0.0520,175,0.568
975b5514d3fabc46263edfc81fae5e99,51,No Smell,0.4222,Vague / Missing Context,0.2550,Format Ambiguity,0.2129,Formality / Audience Mismatch,0.0311,128,0.559
a0426a4518d4eb808a840a76ebf42f52,1,No Smell,0.6018,Format Ambiguity,0.1905,Vague / Missing Context,0.1571,Formality / Audience Mismatch,0.0174,13,0.532
560a5fa2fdf7296986f203b3cb19956c,3,No Smell,0.7314,Format Ambiguity,0.1925,Vague / Missing Context,0.0230,Formality / Audience Mismatch,0.0218,222,0.589
6625a60a9dc2f09e6446f60102927550,1,No Smell,0.4659,Vague / Missing Context,0.2071,Format Ambiguity,0.1645,Conflicting Constraints,0.0467,4000,1.409
3790c72e2cfac5190d33e62114759cd7,1,Vague / Missing Context,0.3183,No Smell,0.1658,Bias / Loaded Framing,0.1307,Format Ambiguity,0.0835,889,0.736
3790c72e2cfac5190d33e62114759cd7,2,No Smell,0.4638,Vague / Missing Context,0.2336,Format Ambiguity,0.1987,Formality / Audience Mismatch,0.0423,53,0.544
3790c72e2cfac5190d33e62114759cd7,3,No Smell,0.5623,Format Ambiguity,0.2880,Vague / Missing Context,0.0643,Formality / Audience Mismatch,0.0290,82,0.547
ad47a32eaa43adfe455e36f82f656fb6,1,No Smell,0.6230,Format Ambiguity,0.1427,Vague / Missing Context,0.0651,Conflicting Constraints,0.0445,4000,1.305
e3fd1e17606e2ec7ba82489d4dad16f7,2,No Smell,0.3833,Vague / Missing Context,0.3506,Format Ambiguity,0.1668,Ambiguous References,0.0524,110,0.558
70375d2f66a51bd042b2c558fec1b2e5,1,No Smell,0.6016,Vague / Missing Context,0.1434,Format Ambiguity,0.1201,Conflicting Constraints,0.0398,1150,0.743
3db000c23b9db1b2499cd11171e7e714,1,No Smell,0.6410,Format Ambiguity,0.0822,Vague / Missing Context,0.0719,Conflicting Constraints,0.0638,942,0.739
3db000c23b9db1b2499cd11171e7e714,2,No Smell,0.5486,Format Ambiguity,0.1784,Vague / Missing Context,0.1784,Conflicting Constraints,0.0315,84,0.544
3db000c23b9db1b2499cd11171e7e714,3,No Smell,0.7479,Format Ambiguity,0.1761,Vague / Missing Context,0.0224,Formality / Audience Mismatch,0.0215,66,0.543
3db000c23b9db1b2499cd11171e7e714,4,No Smell,0.5525,Vague / Missing Context,0.2139,Format Ambiguity,0.1289,Conflicting Constraints,0.0415,106,0.542
3db000c23b9db1b2499cd11171e7e714,5,No Smell,0.7398,Format Ambiguity,0.1977,Vague / Missing Context,0.0172,Formality / Audience Mismatch,0.0166,61,0.539
6f9a72c3ce6b73144b04bb165dc35fd7,2,No Smell,0.5518,Vague / Missing Context,0.2190,Format Ambiguity,0.1492,Formality / Audience Mismatch,0.0339,42,0.542
6f9a72c3ce6b73144b04bb165dc35fd7,4,No Smell,0.7604,Format Ambiguity,0.1525,Vague / Missing Context,0.0379,Formality / Audience Mismatch,0.0179,30,0.540
6f9a72c3ce6b73144b04bb165dc35fd7,9,No Smell,0.5644,Format Ambiguity,0.1860,Vague / Missing Context,0.1417,Formality / Audience Mismatch,0.0395,134,0.555
6f9a72c3ce6b73144b04bb165dc35fd7,10,No Smell,0.5856,Vague / Missing Context,0.1810,Format Ambiguity,0.1709,Conflicting Constraints,0.0235,14,0.541
6f9a72c3ce6b73144b04bb165dc35fd7,11,No Smell,0.6755,Format Ambiguity,0.1539,Vague / Missing Context,0.1133,Conflicting Constraints,0.0218,11,0.541
6f9a72c3ce6b73144b04bb165dc35fd7,13,No Smell,0.6240,Format Ambiguity,0.2136,Vague / Missing Context,0.1008,Conflicting Constraints,0.0243,12,0.541
6f9a72c3ce6b73144b04bb165dc35fd7,15,No Smell,0.5052,Format Ambiguity,0.2155,Vague / Missing Context,0.1982,Conflicting Constraints,0.0264,20,0.542
bf6c46774e9f5803e34ade907e6f7f2d,1,No Smell,0.4803,Format Ambiguity,0.2307,Vague / Missing Context,0.2231,Conflicting Constraints,0.0238,66,0.544
bf6c46774e9f5803e34ade907e6f7f2d,2,No Smell,0.6416,Format Ambiguity,0.1571,Vague / Missing Context,0.1393,Formality / Audience Mismatch,0.0257,73,0.544
bf6c46774e9f5803e34ade907e6f7f2d,3,No Smell,0.5147,Format Ambiguity,0.2194,Vague / Missing Context,0.1675,Formality / Audience Mismatch,0.0302,104,0.544
bf6c46774e9f5803e34ade907e6f7f2d,4,No Smell,0.6660,Format Ambiguity,0.1986,Vague / Missing Context,0.0670,Formality / Audience Mismatch,0.0243,62,0.543
bf6c46774e9f5803e34ade907e6f7f2d,5,No Smell,0.6905,Format Ambiguity,0.2150,Vague / Missing Context,0.0463,Formality / Audience Mismatch,0.0182,33,0.542
bf6c46774e9f5803e34ade907e6f7f2d,6,No Smell,0.6853,Format Ambiguity,0.2125,Vague / Missing Context,0.0508,Formality / Audience Mismatch,0.0241,19,0.531
2403dd7f4bd56170d9f393895a437a9d,1,No Smell,0.6118,Vague / Missing Context,0.1333,Format Ambiguity,0.1014,Conflicting Constraints,0.0546,1201,0.745
51c2fc23f7b007c92ef459e8f133865d,1,No Smell,0.6559,Formality / Audience Mismatch,0.1225,Vague / Missing Context,0.0771,Conflicting Constraints,0.0509,308,0.590
a2064bb0d9762ecbb0c706e38a1d69c3,1,No Smell,0.4947,Vague / Missing Context,0.2120,Format Ambiguity,0.1849,Formality / Audience Mismatch,0.0409,49,0.545
558449367e5487327f21430ee60053f4,1,No Smell,0.4519,Vague / Missing Context,0.1283,Bias / Loaded Framing,0.1140,Formality / Audience Mismatch,0.0827,958,0.735
a64ffe0175d19ce41137f6e04c3c89f1,1,No Smell,0.4002,Vague / Missing Context,0.2483,Format Ambiguity,0.2382,Formality / Audience Mismatch,0.0304,2934,1.645
2d2cb5222f9d8561712bde562de9ae8d,1,Vague / Missing Context,0.4246,No Smell,0.2921,Format Ambiguity,0.1391,Ambiguous References,0.0473,22,0.546
109c782e3b95ef0bf8bd71589f9627a2,1,No Smell,0.6033,Vague / Missing Context,0.1842,Format Ambiguity,0.1584,Formality / Audience Mismatch,0.0250,8,0.531
109c782e3b95ef0bf8bd71589f9627a2,2,No Smell,0.6500,Format Ambiguity,0.1909,Vague / Missing Context,0.1143,Formality / Audience Mismatch,0.0166,39,0.542
109c782e3b95ef0bf8bd71589f9627a2,3,Vague / Missing Context,0.6896,Ambiguous References,0.1135,No Smell,0.0992,Format Ambiguity,0.0646,48,0.542
109c782e3b95ef0bf8bd71589f9627a2,4,Vague / Missing Context,0.5396,No Smell,0.2397,Format Ambiguity,0.1163,Ambiguous References,0.0495,38,0.542
21a97dad3892e888a2cb7df2306c4299,1,No Smell,0.4704,Vague / Missing Context,0.1391,Bias / Loaded Framing,0.0928,Formality / Audience Mismatch,0.0917,938,0.735
cb2276e19ebed5e0fe08237efd1a7e83,1,No Smell,0.4741,Format Ambiguity,0.1197,Vague / Missing Context,0.1011,Bias / Loaded Framing,0.0845,4000,1.383
6a8d205bb8cd67798477c7341f480ce1,1,No Smell,0.7425,Format Ambiguity,0.1620,Vague / Missing Context,0.0496,Formality / Audience Mismatch,0.0181,40,0.534
ab89209b21156276892eaf7ad587b038,1,No Smell,0.3989,Vague / Missing Context,0.1476,Conflicting Constraints,0.0986,Format Ambiguity,0.0822,2144,0.925
ab89209b21156276892eaf7ad587b038,2,No Smell,0.5624,Vague / Missing Context,0.2645,Format Ambiguity,0.0864,Formality / Audience Mismatch,0.0331,65,0.545
ab89209b21156276892eaf7ad587b038,3,No Smell,0.5874,Format Ambiguity,0.2537,Vague / Missing Context,0.0917,Formality / Audience Mismatch,0.0238,57,0.546
ab89209b21156276892eaf7ad587b038,4,Vague / Missing Context,0.4107,No Smell,0.2462,Bias / Loaded Framing,0.1217,Ambiguous References,0.0904,208,0.568
ab89209b21156276892eaf7ad587b038,5,Vague / Missing Context,0.4961,No Smell,0.1923,Ambiguous References,0.1213,Format Ambiguity,0.0451,178,0.568
9c21ac833061af5a7b6ac9f588b524b1,1,No Smell,0.6822,Format Ambiguity,0.1257,Vague / Missing Context,0.1173,Conflicting Constraints,0.0296,35,0.587
1272b7c7967a89623847bbe29c384a2f,1,No Smell,0.4410,Vague / Missing Context,0.2777,Format Ambiguity,0.1522,Formality / Audience Mismatch,0.0449,50,0.544
1272b7c7967a89623847bbe29c384a2f,2,No Smell,0.6256,Format Ambiguity,0.1368,Vague / Missing Context,0.1315,Formality / Audience Mismatch,0.0451,98,0.555
1272b7c7967a89623847bbe29c384a2f,4,No Smell,0.6637,Format Ambiguity,0.1645,Vague / Missing Context,0.0835,Formality / Audience Mismatch,0.0343,72,0.544
1272b7c7967a89623847bbe29c384a2f,5,Vague / Missing Context,0.3741,No Smell,0.3302,Format Ambiguity,0.0792,Ambiguous References,0.0714,51,0.543
1272b7c7967a89623847bbe29c384a2f,6,No Smell,0.5217,Vague / Missing Context,0.2123,Format Ambiguity,0.1566,Formality / Audience Mismatch,0.0420,51,0.544
1272b7c7967a89623847bbe29c384a2f,7,No Smell,0.4155,Vague / Missing Context,0.3252,Format Ambiguity,0.1030,Formality / Audience Mismatch,0.0655,53,0.543
7ee7bf7767db3f8e8b6beb24dc341302,1,No Smell,0.4867,Bias / Loaded Framing,0.1131,Formality / Audience Mismatch,0.1075,Vague / Missing Context,0.1056,937,0.734
76618c1317ef84c119dda911cd8e137a,1,No Smell,0.6335,Format Ambiguity,0.1404,Vague / Missing Context,0.1329,Formality / Audience Mismatch,0.0408,41,0.544
76618c1317ef84c119dda911cd8e137a,2,No Smell,0.6151,Vague / Missing Context,0.1372,Format Ambiguity,0.0953,Formality / Audience Mismatch,0.0707,74,0.545
01555df2d90627c79467a2b119132a61,1,No Smell,0.5254,Vague / Missing Context,0.1130,Format Ambiguity,0.0879,Bias / Loaded Framing,0.0813,972,0.735
62cad8882570749ff2e65a73c01edd4b,1,No Smell,0.6284,Vague / Missing Context,0.1720,Format Ambiguity,0.1619,Formality / Audience Mismatch,0.0162,38,0.542
62cad8882570749ff2e65a73c01edd4b,3,No Smell,0.6659,Format Ambiguity,0.1705,Vague / Missing Context,0.0861,Formality / Audience Mismatch,0.0280,61,0.569
62cad8882570749ff2e65a73c01edd4b,4,No Smell,0.5490,Vague / Missing Context,0.1743,Format Ambiguity,0.1304,Bias / Loaded Framing,0.0633,113,0.544
62cad8882570749ff2e65a73c01edd4b,5,No Smell,0.6134,Format Ambiguity,0.1801,Vague / Missing Context,0.1338,Conflicting Constraints,0.0256,122,0.556
62cad8882570749ff2e65a73c01edd4b,6,No Smell,0.4279,Format Ambiguity,0.2428,Vague / Missing Context,0.1853,Ambiguous References,0.0451,235,0.571
84405689229d1e49133984ac5d57ebfc,1,No Smell,0.3743,Vague / Missing Context,0.3431,Format Ambiguity,0.2179,Formality / Audience Mismatch,0.0220,21,0.542
84405689229d1e49133984ac5d57ebfc,2,Format Ambiguity,0.4434,No Smell,0.2391,Vague / Missing Context,0.2117,Formality / Audience Mismatch,0.0260,32,0.543
84405689229d1e49133984ac5d57ebfc,3,Vague / Missing Context,0.3390,No Smell,0.2915,Format Ambiguity,0.2029,Formality / Audience Mismatch,0.0631,17,0.531
b08841f21a10be74161967ab54a74e76,1,No Smell,0.4825,Vague / Missing Context,0.2226,Format Ambiguity,0.1624,Formality / Audience Mismatch,0.0470,66,0.545
b08841f21a10be74161967ab54a74e76,2,No Smell,0.6182,Vague / Missing Context,0.1386,Format Ambiguity,0.1210,Formality / Audience Mismatch,0.0526,90,0.554
aeb3e747123ef87c5e2e545dfc57fa77,1,Vague / Missing Context,0.3617,No Smell,0.2503,Format Ambiguity,0.1178,Conflicting Constraints,0.0605,586,0.640
d28aee5ced3ed7392aa540b0a1744415,1,No Smell,0.3570,Vague / Missing Context,0.2058,Bias / Loaded Framing,0.1445,Formality / Audience Mismatch,0.0981,991,0.738
eae0dac2aba8dce8ff0ab839c7d7a85c,1,Vague / Missing Context,0.3617,No Smell,0.2503,Format Ambiguity,0.1178,Conflicting Constraints,0.0605,586,0.068
55b0ff0918331bdde0b71ff0299fcd38,1,No Smell,0.4307,Vague / Missing Context,0.2538,Format Ambiguity,0.1714,Conflicting Constraints,0.0406,43,0.543
55b0ff0918331bdde0b71ff0299fcd38,2,No Smell,0.6389,Vague / Missing Context,0.1477,Format Ambiguity,0.1278,Formality / Audience Mismatch,0.0346,79,0.556
8f9202c145082488be737dde946b0ce9,1,No Smell,0.4154,Bias / Loaded Framing,0.1487,Vague / Missing Context,0.1409,Formality / Audience Mismatch,0.1098,969,0.736
8f9202c145082488be737dde946b0ce9,2,No Smell,0.5056,Vague / Missing Context,0.2130,Format Ambiguity,0.1698,Formality / Audience Mismatch,0.0383,70,0.544
9c181dda3adae4b87fbf6dc0012d7965,1,Vague / Missing Context,0.3600,No Smell,0.2489,Format Ambiguity,0.1251,Conflicting Constraints,0.0605,593,0.642
39d9e2a7f72d882684878f5b7d003d40,1,No Smell,0.8077,Format Ambiguity,0.1158,Formality / Audience Mismatch,0.0234,Vague / Missing Context,0.0202,58,0.556
acac80086fef9eefa9e98cace091c636,1,No Smell,0.5416,Format Ambiguity,0.1349,Conflicting Constraints,0.1041,Vague / Missing Context,0.0832,4000,1.458
47b805cc2f745ec55347bfa7a7eef402,1,Vague / Missing Context,0.3912,No Smell,0.2203,Format Ambiguity,0.1228,Bias / Loaded Framing,0.0606,600,0.642
8cb6a11eee3c8204625dff44c5eeb673,1,No Smell,0.4883,Vague / Missing Context,0.2635,Format Ambiguity,0.1593,Ambiguous References,0.0332,226,0.573
8cb6a11eee3c8204625dff44c5eeb673,2,No Smell,0.7602,Format Ambiguity,0.1856,Formality / Audience Mismatch,0.0181,Vague / Missing Context,0.0127,44,0.543
8cb6a11eee3c8204625dff44c5eeb673,3,No Smell,0.3492,Format Ambiguity,0.3256,Vague / Missing Context,0.1808,Ambiguous References,0.0593,316,0.592
8cb6a11eee3c8204625dff44c5eeb673,4,Vague / Missing Context,0.4085,No Smell,0.3512,Format Ambiguity,0.1238,Ambiguous References,0.0612,173,0.558
8cb6a11eee3c8204625dff44c5eeb673,5,No Smell,0.4746,Vague / Missing Context,0.2745,Format Ambiguity,0.1071,Formality / Audience Mismatch,0.0578,51,0.544
6d3020e5c37efaf2eff34a937c0d91eb,1,No Smell,0.3923,Vague / Missing Context,0.3012,Format Ambiguity,0.1810,Formality / Audience Mismatch,0.0348,42,0.544
6d3020e5c37efaf2eff34a937c0d91eb,2,No Smell,0.5126,Vague / Missing Context,0.2392,Format Ambiguity,0.1268,Formality / Audience Mismatch,0.0450,90,0.556
6d3020e5c37efaf2eff34a937c0d91eb,3,No Smell,0.4838,Vague / Missing Context,0.2190,Formality / Audience Mismatch,0.1064,Format Ambiguity,0.0967,37,0.542
6d3020e5c37efaf2eff34a937c0d91eb,4,No Smell,0.5054,Vague / Missing Context,0.2099,Formality / Audience Mismatch,0.1087,Format Ambiguity,0.0803,53,0.543
6d3020e5c37efaf2eff34a937c0d91eb,5,No Smell,0.4751,Vague / Missing Context,0.3003,Format Ambiguity,0.0912,Ambiguous References,0.0497,85,0.556
6d3020e5c37efaf2eff34a937c0d91eb,6,No Smell,0.4822,Vague / Missing Context,0.1979,Formality / Audience Mismatch,0.1086,Format Ambiguity,0.0942,57,0.544
6d3020e5c37efaf2eff34a937c0d91eb,7,No Smell,0.5860,Vague / Missing Context,0.1515,Format Ambiguity,0.1214,Formality / Audience Mismatch,0.0696,51,0.544
0240a1387b5ae62c216e986dcfb92f0f,1,No Smell,0.3893,Vague / Missing Context,0.2534,Format Ambiguity,0.2385,Conflicting Constraints,0.0369,61,0.543
0240a1387b5ae62c216e986dcfb92f0f,2,No Smell,0.4778,Format Ambiguity,0.2571,Vague / Missing Context,0.1622,Ambiguous References,0.0340,89,0.555
0240a1387b5ae62c216e986dcfb92f0f,3,No Smell,0.6900,Format Ambiguity,0.2516,Vague / Missing Context,0.0276,Conflicting Constraints,0.0120,53,0.543
f4143fe9b6f15e446c3f86c42b6d6f7c,1,No Smell,0.6575,Vague / Missing Context,0.1428,Format Ambiguity,0.1209,Formality / Audience Mismatch,0.0313,58,0.614
f4143fe9b6f15e446c3f86c42b6d6f7c,2,No Smell,0.7363,Format Ambiguity,0.1151,Vague / Missing Context,0.0612,Conflicting Constraints,0.0395,277,0.664
94a14e976bb0e7f37dab2de5bc04ee5b,1,Vague / Missing Context,0.3499,No Smell,0.2832,Format Ambiguity,0.1095,Bias / Loaded Framing,0.0593,577,0.639
73dc0ff614e73085d61838878970b49e,1,No Smell,0.4898,Vague / Missing Context,0.3114,Format Ambiguity,0.1186,Conflicting Constraints,0.0317,94,0.545
73dc0ff614e73085d61838878970b49e,2,No Smell,0.5729,Vague / Missing Context,0.1861,Format Ambiguity,0.1665,Formality / Audience Mismatch,0.0286,83,0.545
73dc0ff614e73085d61838878970b49e,3,Vague / Missing Context,0.4294,No Smell,0.2997,Format Ambiguity,0.1883,Ambiguous References,0.0334,71,0.543
73dc0ff614e73085d61838878970b49e,4,Vague / Missing Context,0.4217,No Smell,0.3112,Format Ambiguity,0.1444,Formality / Audience Mismatch,0.0327,42,0.542
628646460b4b3d89e6a8aec2f2ff49ac,1,No Smell,0.4193,Vague / Missing Context,0.2599,Formality / Audience Mismatch,0.1261,Bias / Loaded Framing,0.0651,48,0.543
6d8a36b53daabe74c97be215d31f5477,1,No Smell,0.6829,Format Ambiguity,0.2416,Vague / Missing Context,0.0414,Conflicting Constraints,0.0128,63,0.544
6d8a36b53daabe74c97be215d31f5477,2,No Smell,0.3345,Vague / Missing Context,0.2531,Format Ambiguity,0.2419,Ambiguous References,0.0688,67,0.545
8be5951e57e52ae3ffa6fb262334a734,1,No Smell,0.4487,Vague / Missing Context,0.1431,Format Ambiguity,0.1266,Bias / Loaded Framing,0.0802,906,0.705
bb397e631217dd7893b534a6a0f25fa7,1,No Smell,0.7453,Vague / Missing Context,0.1060,Format Ambiguity,0.0815,Formality / Audience Mismatch,0.0388,90,0.546
bb397e631217dd7893b534a6a0f25fa7,2,No Smell,0.6908,Vague / Missing Context,0.1572,Format Ambiguity,0.0799,Formality / Audience Mismatch,0.0289,110,0.557
bb397e631217dd7893b534a6a0f25fa7,3,No Smell,0.6349,Vague / Missing Context,0.1753,Format Ambiguity,0.0929,Formality / Audience Mismatch,0.0379,155,0.556
bb397e631217dd7893b534a6a0f25fa7,4,No Smell,0.6093,Vague / Missing Context,0.1683,Format Ambiguity,0.1348,Formality / Audience Mismatch,0.0371,146,0.556
bb397e631217dd7893b534a6a0f25fa7,5,No Smell,0.5419,Format Ambiguity,0.3106,Vague / Missing Context,0.0821,Formality / Audience Mismatch,0.0250,26,0.542
bb397e631217dd7893b534a6a0f25fa7,6,No Smell,0.6193,Format Ambiguity,0.3156,Vague / Missing Context,0.0219,Formality / Audience Mismatch,0.0151,97,0.544
0b274cd130141615c01eaea9f45ea913,1,Vague / Missing Context,0.3409,No Smell,0.3093,Format Ambiguity,0.1217,Conflicting Constraints,0.0631,378,0.590
b75696e3a470963aeb0bcd3bbcd0d401,1,No Smell,0.3479,Vague / Missing Context,0.3329,Format Ambiguity,0.0920,Conflicting Constraints,0.0684,4000,1.325
1662fe7f93b187a68f39b19de29e858c,1,No Smell,0.8989,Format Ambiguity,0.0495,Formality / Audience Mismatch,0.0215,Vague / Missing Context,0.0087,158,0.591
1662fe7f93b187a68f39b19de29e858c,2,No Smell,0.7880,Format Ambiguity,0.1026,Vague / Missing Context,0.0318,Formality / Audience Mismatch,0.0298,145,0.589
1662fe7f93b187a68f39b19de29e858c,3,No Smell,0.8122,Format Ambiguity,0.1157,Formality / Audience Mismatch,0.0220,Vague / Missing Context,0.0152,158,0.587
1662fe7f93b187a68f39b19de29e858c,4,No Smell,0.8039,Format Ambiguity,0.0910,Vague / Missing Context,0.0341,Formality / Audience Mismatch,0.0265,141,0.588
1662fe7f93b187a68f39b19de29e858c,5,No Smell,0.8373,Format Ambiguity,0.0885,Formality / Audience Mismatch,0.0260,Conflicting Constraints,0.0192,129,0.613
873698205c219ecedd85c4d76f22ca28,1,Vague / Missing Context,0.3342,No Smell,0.3306,Format Ambiguity,0.1455,Ambiguous References,0.0932,68,0.545
c2c135244b13fba516d1119ac67d2f9c,1,No Smell,0.4187,Vague / Missing Context,0.1374,Bias / Loaded Framing,0.0996,Format Ambiguity,0.0906,912,0.705
062b61d42fc2d4b64d0b05aea0f7fe17,1,No Smell,0.4493,Vague / Missing Context,0.2826,Format Ambiguity,0.1074,Ambiguous References,0.0603,204,0.589
f200f34f5695a10814f0f1551bf2f792,6,Vague / Missing Context,0.6047,No Smell,0.2240,Format Ambiguity,0.0797,Ambiguous References,0.0517,161,0.592
7d425a65b7d4f21a51eaa47b038974e8,1,No Smell,0.3225,Vague / Missing Context,0.3068,Format Ambiguity,0.1156,Conflicting Constraints,0.0727,519,0.617
2a62b22b555ae1079e139aea36110322,1,No Smell,0.4255,Formality / Audience Mismatch,0.1465,Bias / Loaded Framing,0.1382,Vague / Missing Context,0.1103,927,0.736
d090b26d07c2c66b2085cf6852c0320e,1,No Smell,0.6072,Format Ambiguity,0.3320,Vague / Missing Context,0.0241,Conflicting Constraints,0.0128,68,0.544
d090b26d07c2c66b2085cf6852c0320e,2,No Smell,0.4188,Vague / Missing Context,0.3097,Format Ambiguity,0.1506,Formality / Audience Mismatch,0.0357,65,0.545
d090b26d07c2c66b2085cf6852c0320e,3,No Smell,0.5549,Format Ambiguity,0.1948,Vague / Missing Context,0.1323,Conflicting Constraints,0.0391,67,0.544
d090b26d07c2c66b2085cf6852c0320e,4,No Smell,0.5118,Format Ambiguity,0.2922,Vague / Missing Context,0.1366,Formality / Audience Mismatch,0.0233,7,0.531
f7029c7359c984e73016bae6bb03d1fa,1,No Smell,0.4158,Formality / Audience Mismatch,0.1743,Bias / Loaded Framing,0.1553,Vague / Missing Context,0.0909,947,0.736
523badaa18fd5dd6fa09b435124fd912,1,No Smell,0.7072,Vague / Missing Context,0.0997,Formality / Audience Mismatch,0.0735,Format Ambiguity,0.0385,4000,1.305
9f6871b17ff28d10c3ff4d8e82d86d5b,1,No Smell,0.4612,Vague / Missing Context,0.2381,Format Ambiguity,0.1729,Formality / Audience Mismatch,0.0459,58,0.545
9f6871b17ff28d10c3ff4d8e82d86d5b,2,No Smell,0.5245,Vague / Missing Context,0.1945,Format Ambiguity,0.1725,Formality / Audience Mismatch,0.0363,258,0.571
9f6871b17ff28d10c3ff4d8e82d86d5b,3,No Smell,0.5840,Format Ambiguity,0.1588,Vague / Missing Context,0.1534,Conflicting Constraints,0.0360,245,0.569
9f6871b17ff28d10c3ff4d8e82d86d5b,4,No Smell,0.7404,Format Ambiguity,0.1756,Vague / Missing Context,0.0348,Formality / Audience Mismatch,0.0200,362,0.589
9f6871b17ff28d10c3ff4d8e82d86d5b,5,No Smell,0.7221,Format Ambiguity,0.1961,Vague / Missing Context,0.0335,Formality / Audience Mismatch,0.0182,320,0.588
9f6871b17ff28d10c3ff4d8e82d86d5b,6,No Smell,0.6085,Format Ambiguity,0.2099,Vague / Missing Context,0.0743,Formality / Audience Mismatch,0.0393,276,0.569
2bedcd0c0621450ff0550ced9057b937,1,Vague / Missing Context,0.4014,No Smell,0.3982,Format Ambiguity,0.0930,Formality / Audience Mismatch,0.0318,62,0.540
2bedcd0c0621450ff0550ced9057b937,2,No Smell,0.4734,Vague / Missing Context,0.2698,Format Ambiguity,0.1239,Formality / Audience Mismatch,0.0386,124,0.555
2bedcd0c0621450ff0550ced9057b937,3,No Smell,0.4158,Vague / Missing Context,0.3020,Format Ambiguity,0.1174,Ambiguous References,0.0532,117,0.556
2bedcd0c0621450ff0550ced9057b937,4,No Smell,0.7442,Format Ambiguity,0.1181,Vague / Missing Context,0.0508,Conflicting Constraints,0.0392,299,0.591
2bedcd0c0621450ff0550ced9057b937,5,No Smell,0.4988,Format Ambiguity,0.2284,Vague / Missing Context,0.1573,Conflicting Constraints,0.0405,151,0.556
2bedcd0c0621450ff0550ced9057b937,6,No Smell,0.6098,Format Ambiguity,0.1575,Vague / Missing Context,0.1239,Conflicting Constraints,0.0392,185,0.570
2bedcd0c0621450ff0550ced9057b937,7,No Smell,0.4139,Vague / Missing Context,0.2740,Format Ambiguity,0.0934,Ambiguous References,0.0877,120,0.555
2bedcd0c0621450ff0550ced9057b937,8,No Smell,0.3748,Vague / Missing Context,0.2834,Format Ambiguity,0.2249,Ambiguous References,0.0555,151,0.558
58177980a80af5ad0fcac3cbf13a23d1,1,No Smell,0.6257,Format Ambiguity,0.1673,Vague / Missing Context,0.1559,Formality / Audience Mismatch,0.0211,105,0.556
2c82242fd7ba61184aa72fee45e8516d,1,No Smell,0.6288,Format Ambiguity,0.1825,Vague / Missing Context,0.1031,Formality / Audience Mismatch,0.0367,66,0.544
2c82242fd7ba61184aa72fee45e8516d,2,No Smell,0.6053,Format Ambiguity,0.1732,Vague / Missing Context,0.1400,Formality / Audience Mismatch,0.0298,65,0.543
2c82242fd7ba61184aa72fee45e8516d,3,No Smell,0.6296,Format Ambiguity,0.1698,Vague / Missing Context,0.1183,Formality / Audience Mismatch,0.0312,52,0.543
413af815d3e4e270af2c7c868f38c5c3,1,No Smell,0.5585,Formality / Audience Mismatch,0.1267,Bias / Loaded Framing,0.0951,Conflicting Constraints,0.0738,922,0.735
d6185792d7ddd4799f5afb3f6ca45320,2,No Smell,0.5973,Format Ambiguity,0.1908,Vague / Missing Context,0.1136,Formality / Audience Mismatch,0.0361,13,0.531
d6185792d7ddd4799f5afb3f6ca45320,3,No Smell,0.5698,Format Ambiguity,0.2322,Vague / Missing Context,0.1232,Formality / Audience Mismatch,0.0318,21,0.533
d4867cb58ae33a8559b24ef2c489ab89,1,No Smell,0.6612,Format Ambiguity,0.1338,Vague / Missing Context,0.1003,Formality / Audience Mismatch,0.0397,74,0.544
d4867cb58ae33a8559b24ef2c489ab89,2,No Smell,0.6176,Format Ambiguity,0.1322,Vague / Missing Context,0.1205,Formality / Audience Mismatch,0.0551,90,0.544
ebbfa07312eaa43ee8620ece6679a86e,1,No Smell,0.5609,Vague / Missing Context,0.0866,Format Ambiguity,0.0796,Formality / Audience Mismatch,0.0762,936,0.735
397c463316b87ce5fcd96acaf4bf60c6,3,No Smell,0.5772,Format Ambiguity,0.2252,Vague / Missing Context,0.1266,Formality / Audience Mismatch,0.0220,4,0.530
7fcf4d9ed4eca17cc983b35755e095c5,1,No Smell,0.4746,Vague / Missing Context,0.1172,Format Ambiguity,0.0944,Bias / Loaded Framing,0.0829,944,0.735
5f5f75c66690f97c44ebd7c50f68dde0,1,No Smell,0.6760,Format Ambiguity,0.1889,Vague / Missing Context,0.0716,Formality / Audience Mismatch,0.0250,44,0.586
c129eb24715936196d8ab82c8975bca4,1,No Smell,0.4719,Vague / Missing Context,0.2293,Format Ambiguity,0.2228,Formality / Audience Mismatch,0.0297,15,0.532
908520aa2c8ebca81638f85feeec08ba,1,No Smell,0.6718,Format Ambiguity,0.1395,Vague / Missing Context,0.0815,Formality / Audience Mismatch,0.0364,278,0.589
a2c7dc6e4a2aa9d033c7b863d0c639bb,1,No Smell,0.3840,Vague / Missing Context,0.3711,Format Ambiguity,0.1149,Ambiguous References,0.0797,83,0.546
a2c7dc6e4a2aa9d033c7b863d0c639bb,2,No Smell,0.5111,Vague / Missing Context,0.2120,Format Ambiguity,0.1984,Formality / Audience Mismatch,0.0328,41,0.545
3a8819cb73f1fa2e74dd5e30a276f469,1,Vague / Missing Context,0.6542,No Smell,0.1544,Format Ambiguity,0.0767,Ambiguous References,0.0576,66,0.545
5e33a0510e530a8a6b6c219e4b3c4d42,1,No Smell,0.5555,Formality / Audience Mismatch,0.0934,Bias / Loaded Framing,0.0833,Vague / Missing Context,0.0780,885,0.701
514016e94a150957b77456993dbb05d7,1,No Smell,0.5793,Format Ambiguity,0.2980,Vague / Missing Context,0.0670,Formality / Audience Mismatch,0.0215,8,0.533
514016e94a150957b77456993dbb05d7,2,No Smell,0.7617,Format Ambiguity,0.1447,Vague / Missing Context,0.0347,Conflicting Constraints,0.0260,159,0.558
3f5c3e2fc4cbada42702827785d5e683,1,No Smell,0.5390,Vague / Missing Context,0.1018,Format Ambiguity,0.0895,Formality / Audience Mismatch,0.0719,892,0.700
cc4e8d783fe04b292991963a3d9d88f0,1,No Smell,0.7775,Format Ambiguity,0.1250,Vague / Missing Context,0.0374,Conflicting Constraints,0.0241,53,0.542
cc4e8d783fe04b292991963a3d9d88f0,2,No Smell,0.7572,Format Ambiguity,0.1377,Vague / Missing Context,0.0450,Conflicting Constraints,0.0233,60,0.543
928bdc6f650411bff2dfb600cee76763,1,No Smell,0.6892,Format Ambiguity,0.1753,Vague / Missing Context,0.0848,Formality / Audience Mismatch,0.0216,88,0.542
65e36dd34f962f8fdf78d98e5ce12a4d,1,No Smell,0.5136,Vague / Missing Context,0.1145,Format Ambiguity,0.0897,Bias / Loaded Framing,0.0760,921,0.703
508ccc3cf3b5de475a5ec81d72678f6d,1,No Smell,0.6831,Format Ambiguity,0.0842,Conflicting Constraints,0.0643,Vague / Missing Context,0.0613,4000,1.305
8cb5913e9e6f03faf5d49666718a6de4,1,No Smell,0.3249,Format Ambiguity,0.2356,Vague / Missing Context,0.2186,Ambiguous References,0.1547,206,0.571
13534624512f98a0fa1bda7226b72a4e,1,No Smell,0.4664,Vague / Missing Context,0.2842,Format Ambiguity,0.1559,Conflicting Constraints,0.0280,58,0.543
13534624512f98a0fa1bda7226b72a4e,2,No Smell,0.5439,Vague / Missing Context,0.2067,Format Ambiguity,0.1683,Conflicting Constraints,0.0305,59,0.542
6b77db34d6b2627de633a5a8d09cbf0f,1,No Smell,0.5465,Vague / Missing Context,0.0883,Bias / Loaded Framing,0.0838,Conflicting Constraints,0.0826,946,0.732
d64c3d025acf1e4ce3a0031b301b24ac,2,No Smell,0.5150,Vague / Missing Context,0.2230,Format Ambiguity,0.1788,Conflicting Constraints,0.0291,38,0.543
d64c3d025acf1e4ce3a0031b301b24ac,3,No Smell,0.6306,Format Ambiguity,0.1901,Vague / Missing Context,0.0888,Conflicting Constraints,0.0329,100,0.547
d64c3d025acf1e4ce3a0031b301b24ac,4,No Smell,0.4165,Vague / Missing Context,0.3848,Format Ambiguity,0.1116,Ambiguous References,0.0301,47,0.542
d64c3d025acf1e4ce3a0031b301b24ac,5,No Smell,0.4165,Vague / Missing Context,0.3848,Format Ambiguity,0.1116,Ambiguous References,0.0301,47,0.047
d64c3d025acf1e4ce3a0031b301b24ac,6,No Smell,0.4307,Vague / Missing Context,0.3410,Format Ambiguity,0.1388,Ambiguous References,0.0335,51,0.541
d64c3d025acf1e4ce3a0031b301b24ac,7,No Smell,0.5589,Vague / Missing Context,0.1897,Format Ambiguity,0.1234,Ambiguous References,0.0465,67,0.544
d64c3d025acf1e4ce3a0031b301b24ac,8,No Smell,0.5437,Vague / Missing Context,0.1716,Format Ambiguity,0.1614,Ambiguous References,0.0372,124,0.556
d64c3d025acf1e4ce3a0031b301b24ac,9,No Smell,0.5092,Vague / Missing Context,0.1928,Format Ambiguity,0.1580,Ambiguous References,0.0499,141,0.558
d64c3d025acf1e4ce3a0031b301b24ac,10,No Smell,0.7175,Format Ambiguity,0.1337,Vague / Missing Context,0.0867,Formality / Audience Mismatch,0.0245,47,0.542
76d8a271c2f3fdc1e480ff1acb3b0200,1,No Smell,0.4748,Format Ambiguity,0.2189,Vague / Missing Context,0.1324,Ambiguous References,0.0998,284,0.611
6ceda9683c78b527acbedb46822bb45b,1,No Smell,0.5650,Conflicting Constraints,0.0804,Bias / Loaded Framing,0.0765,Vague / Missing Context,0.0759,969,0.741
f921a991037f821630d0fdcf73275aac,1,No Smell,0.5650,Conflicting Constraints,0.0804,Bias / Loaded Framing,0.0765,Vague / Missing Context,0.0759,969,0.055
4eeb9c686fd99cd0b7f60cd97faad1ee,2,Vague / Missing Context,0.4658,No Smell,0.1778,Ambiguous References,0.1289,Format Ambiguity,0.1280,76,0.542
4eeb9c686fd99cd0b7f60cd97faad1ee,3,Vague / Missing Context,0.4634,No Smell,0.2402,Ambiguous References,0.0980,Format Ambiguity,0.0980,87,0.557
5a06b7505115eff4a232182e83023370,1,No Smell,0.8040,Format Ambiguity,0.0798,Conflicting Constraints,0.0380,Formality / Audience Mismatch,0.0332,4000,1.267
16e176a94e4e594eb4460cd5c1d70c0b,1,No Smell,0.8040,Format Ambiguity,0.0798,Conflicting Constraints,0.0380,Formality / Audience Mismatch,0.0332,4000,0.078
9732cd400e6d98ab4d58de452b61c45f,1,No Smell,0.4692,Vague / Missing Context,0.1217,Format Ambiguity,0.0867,Bias / Loaded Framing,0.0840,983,0.739
63e8f7d0c6e1e6b2b1968ff87947bde1,1,No Smell,0.6949,Format Ambiguity,0.2277,Vague / Missing Context,0.0273,Formality / Audience Mismatch,0.0203,86,0.545
e9f7b5c4e592105f001b69d585085967,3,No Smell,0.4526,Vague / Missing Context,0.2168,Format Ambiguity,0.1762,Formality / Audience Mismatch,0.0477,1163,1.198
52d97b1f5ed3bc6f888e18362cc87d40,1,No Smell,0.4013,Vague / Missing Context,0.1492,Bias / Loaded Framing,0.1041,Format Ambiguity,0.0881,981,0.739
284df930277f381bb74de03bcbf1fdfb,1,No Smell,0.4656,Vague / Missing Context,0.1217,Conflicting Constraints,0.0872,Bias / Loaded Framing,0.0864,988,0.739
9468d59c30d041d0e5c45c309937b5a9,1,No Smell,0.6925,Format Ambiguity,0.2066,Vague / Missing Context,0.0434,Formality / Audience Mismatch,0.0231,26,0.532
9468d59c30d041d0e5c45c309937b5a9,2,No Smell,0.6399,Format Ambiguity,0.1900,Vague / Missing Context,0.1103,Conflicting Constraints,0.0225,129,0.556
b8ad02f44236ba0a76880e4c7cabd4e4,1,No Smell,0.4996,Vague / Missing Context,0.1049,Formality / Audience Mismatch,0.0882,Bias / Loaded Framing,0.0869,994,0.737
a7982a98a8cbbb555af7af2f95d5a2d3,1,No Smell,0.4852,Vague / Missing Context,0.1217,Bias / Loaded Framing,0.0880,Conflicting Constraints,0.0816,994,0.740
e53313b2efca6181433e1d489e0f3421,6,No Smell,0.6295,Format Ambiguity,0.2019,Vague / Missing Context,0.1019,Formality / Audience Mismatch,0.0282,19,0.568
e53313b2efca6181433e1d489e0f3421,9,Format Ambiguity,0.4663,No Smell,0.3368,Vague / Missing Context,0.1159,Formality / Audience Mismatch,0.0264,65,0.589
04e509c9c721ed5bf2a8df8666e80958,1,No Smell,0.6387,Format Ambiguity,0.1994,Vague / Missing Context,0.0963,Formality / Audience Mismatch,0.0244,453,0.592
7094d5fd09ae3f5c5f91a7502501a664,1,No Smell,0.4585,Format Ambiguity,0.2439,Vague / Missing Context,0.2345,Formality / Audience Mismatch,0.0284,36,0.541
6340a8f365261bbbd627d9dd21016dd3,1,No Smell,0.4965,Vague / Missing Context,0.1138,Bias / Loaded Framing,0.0945,Conflicting Constraints,0.0748,1022,0.735
f87d113610216b3bd96e0548394d5bb1,1,Vague / Missing Context,0.4166,No Smell,0.3958,Format Ambiguity,0.0909,Formality / Audience Mismatch,0.0289,64,0.541
f87d113610216b3bd96e0548394d5bb1,2,No Smell,0.4158,Vague / Missing Context,0.3020,Format Ambiguity,0.1174,Ambiguous References,0.0532,117,0.063
f87d113610216b3bd96e0548394d5bb1,3,No Smell,0.7379,Format Ambiguity,0.1227,Vague / Missing Context,0.0508,Conflicting Constraints,0.0407,299,0.588
f87d113610216b3bd96e0548394d5bb1,4,No Smell,0.5179,Format Ambiguity,0.1959,Vague / Missing Context,0.1589,Conflicting Constraints,0.0415,157,0.558
f87d113610216b3bd96e0548394d5bb1,5,No Smell,0.5658,Vague / Missing Context,0.1648,Format Ambiguity,0.1466,Conflicting Constraints,0.0417,184,0.568
f87d113610216b3bd96e0548394d5bb1,6,No Smell,0.4139,Vague / Missing Context,0.2740,Format Ambiguity,0.0934,Ambiguous References,0.0877,120,0.063
f87d113610216b3bd96e0548394d5bb1,7,No Smell,0.4267,Vague / Missing Context,0.2604,Format Ambiguity,0.2188,Ambiguous References,0.0369,149,0.554
f87d113610216b3bd96e0548394d5bb1,8,No Smell,0.6125,Format Ambiguity,0.1742,Vague / Missing Context,0.1030,Conflicting Constraints,0.0456,277,0.590
d7a61f480a9f8ac9c832f7b3437dbfee,1,No Smell,0.4804,Format Ambiguity,0.2342,Vague / Missing Context,0.2217,Formality / Audience Mismatch,0.0292,37,0.541
d7a61f480a9f8ac9c832f7b3437dbfee,2,No Smell,0.3614,Vague / Missing Context,0.2936,Format Ambiguity,0.1317,Conflicting Constraints,0.0606,463,0.613
229b8f3ff936b418bd74c055858ddf80,1,No Smell,0.4877,Vague / Missing Context,0.1082,Bias / Loaded Framing,0.0987,Formality / Audience Mismatch,0.0865,1027,0.736
0045a8e2db254a536a5954906f627e7a,1,No Smell,0.6163,Vague / Missing Context,0.1632,Format Ambiguity,0.1476,Formality / Audience Mismatch,0.0263,7,0.531
6c34d0b3bd2d58fb4769b5f14d607ddc,1,No Smell,0.3716,Vague / Missing Context,0.2770,Format Ambiguity,0.1065,Ambiguous References,0.0701,149,0.569
034df59038b37f4a33178b1c5138545b,1,No Smell,0.4311,Vague / Missing Context,0.1305,Bias / Loaded Framing,0.1062,Conflicting Constraints,0.0920,1016,0.736
84b060ee66c652cb0fc1f446063b8c1a,2,No Smell,0.6834,Format Ambiguity,0.2048,Vague / Missing Context,0.0605,Formality / Audience Mismatch,0.0187,62,0.543
5af2d5663b1630f0dc772b65bf29344d,1,Vague / Missing Context,0.3317,No Smell,0.2913,Format Ambiguity,0.2718,Ambiguous References,0.0430,3149,1.571
5af2d5663b1630f0dc772b65bf29344d,2,No Smell,0.5243,Vague / Missing Context,0.1647,Format Ambiguity,0.1242,Prompt Bloat / Convoluted Prompt,0.0414,3221,1.745
5d842ad95b9058de4600947066260a15,1,No Smell,0.7819,Format Ambiguity,0.1658,Vague / Missing Context,0.0173,Formality / Audience Mismatch,0.0164,9,0.546
a19fab3c96b82eff43c9ce2e0bda12bb,3,No Smell,0.5897,Vague / Missing Context,0.1851,Format Ambiguity,0.1628,Formality / Audience Mismatch,0.0247,70,0.557
a19fab3c96b82eff43c9ce2e0bda12bb,4,Format Ambiguity,0.4293,Vague / Missing Context,0.2760,No Smell,0.2564,Formality / Audience Mismatch,0.0136,42,0.542
792b462fb8612e6bc719a5231138a420,1,No Smell,0.6455,Format Ambiguity,0.1638,Vague / Missing Context,0.1163,Conflicting Constraints,0.0297,242,0.589
792b462fb8612e6bc719a5231138a420,2,No Smell,0.5984,Format Ambiguity,0.1627,Vague / Missing Context,0.1466,Conflicting Constraints,0.0355,243,0.590
792b462fb8612e6bc719a5231138a420,3,No Smell,0.5610,Format Ambiguity,0.1778,Vague / Missing Context,0.1601,Formality / Audience Mismatch,0.0363,246,0.591
792b462fb8612e6bc719a5231138a420,4,No Smell,0.6051,Format Ambiguity,0.2041,Vague / Missing Context,0.0926,Conflicting Constraints,0.0415,287,0.591
792b462fb8612e6bc719a5231138a420,5,No Smell,0.5736,Format Ambiguity,0.2180,Vague / Missing Context,0.1002,Conflicting Constraints,0.0484,286,0.591
792b462fb8612e6bc719a5231138a420,6,No Smell,0.5970,Format Ambiguity,0.2002,Vague / Missing Context,0.0726,Conflicting Constraints,0.0593,274,0.591
7fd020e5269edc057b3a8cac8342220e,1,No Smell,0.5637,Vague / Missing Context,0.1944,Format Ambiguity,0.1836,Formality / Audience Mismatch,0.0244,42,0.542
7fd020e5269edc057b3a8cac8342220e,2,No Smell,0.6262,Format Ambiguity,0.1819,Vague / Missing Context,0.1457,Formality / Audience Mismatch,0.0210,28,0.543
f4bc17f9d6b3efc46fdf44a3b26a3b85,1,No Smell,0.6949,Format Ambiguity,0.2277,Vague / Missing Context,0.0273,Formality / Audience Mismatch,0.0203,86,0.063
f4bc17f9d6b3efc46fdf44a3b26a3b85,2,No Smell,0.5353,Vague / Missing Context,0.1946,Format Ambiguity,0.1744,Conflicting Constraints,0.0346,216,0.585
f4bc17f9d6b3efc46fdf44a3b26a3b85,3,No Smell,0.5314,Vague / Missing Context,0.1983,Format Ambiguity,0.1882,Formality / Audience Mismatch,0.0241,236,0.571
f4bc17f9d6b3efc46fdf44a3b26a3b85,4,No Smell,0.5180,Format Ambiguity,0.2479,Vague / Missing Context,0.1456,Conflicting Constraints,0.0312,174,0.557
f4bc17f9d6b3efc46fdf44a3b26a3b85,5,No Smell,0.4461,Vague / Missing Context,0.2604,Format Ambiguity,0.1605,Formality / Audience Mismatch,0.0383,215,0.570
f4bc17f9d6b3efc46fdf44a3b26a3b85,6,No Smell,0.4684,Vague / Missing Context,0.1890,Format Ambiguity,0.1544,Formality / Audience Mismatch,0.0532,166,0.556
f4bc17f9d6b3efc46fdf44a3b26a3b85,7,No Smell,0.5392,Vague / Missing Context,0.1593,Format Ambiguity,0.1570,Conflicting Constraints,0.0449,248,0.586
f4bc17f9d6b3efc46fdf44a3b26a3b85,8,Vague / Missing Context,0.4078,No Smell,0.2277,Format Ambiguity,0.1874,Ambiguous References,0.0658,180,0.568
f4bc17f9d6b3efc46fdf44a3b26a3b85,9,No Smell,0.5422,Format Ambiguity,0.1868,Vague / Missing Context,0.1842,Conflicting Constraints,0.0308,188,0.570
f4bc17f9d6b3efc46fdf44a3b26a3b85,10,No Smell,0.4324,Vague / Missing Context,0.2502,Format Ambiguity,0.2033,Conflicting Constraints,0.0292,195,0.568
f4bc17f9d6b3efc46fdf44a3b26a3b85,11,No Smell,0.6985,Format Ambiguity,0.2033,Vague / Missing Context,0.0432,Conflicting Constraints,0.0259,184,0.566
3737a75f890ad0f5866cf11084567d01,1,No Smell,0.4951,Vague / Missing Context,0.2622,Format Ambiguity,0.1047,Ambiguous References,0.0589,118,0.556
aca33452f51c77145809eb6d20a7513b,1,No Smell,0.4931,Vague / Missing Context,0.1021,Bias / Loaded Framing,0.0994,Conflicting Constraints,0.0886,1036,0.739
cc573147a25607cb8db29fc875d17bbb,2,No Smell,0.4840,Vague / Missing Context,0.3335,Format Ambiguity,0.1431,Formality / Audience Mismatch,0.0188,45,0.543
cc573147a25607cb8db29fc875d17bbb,3,No Smell,0.5179,Format Ambiguity,0.2755,Vague / Missing Context,0.1385,Formality / Audience Mismatch,0.0249,32,0.544
cc573147a25607cb8db29fc875d17bbb,4,No Smell,0.4092,Vague / Missing Context,0.2802,Format Ambiguity,0.2706,Formality / Audience Mismatch,0.0154,56,0.542
cc573147a25607cb8db29fc875d17bbb,5,Vague / Missing Context,0.5142,No Smell,0.2463,Format Ambiguity,0.1394,Ambiguous References,0.0577,99,0.543
cc573147a25607cb8db29fc875d17bbb,6,No Smell,0.4326,Vague / Missing Context,0.2678,Format Ambiguity,0.2569,Formality / Audience Mismatch,0.0163,46,0.541
cc573147a25607cb8db29fc875d17bbb,7,No Smell,0.5275,Format Ambiguity,0.2728,Vague / Missing Context,0.1534,Formality / Audience Mismatch,0.0200,54,0.540
cc573147a25607cb8db29fc875d17bbb,8,No Smell,0.4505,Vague / Missing Context,0.2695,Format Ambiguity,0.1344,Ambiguous References,0.0761,104,0.552
cc573147a25607cb8db29fc875d17bbb,9,No Smell,0.5143,Vague / Missing Context,0.2199,Format Ambiguity,0.2015,Formality / Audience Mismatch,0.0215,46,0.542
92316b4eb271130622463812f6d2e992,1,Vague / Missing Context,0.3279,No Smell,0.2725,Format Ambiguity,0.2717,Ambiguous References,0.0499,287,0.611
92316b4eb271130622463812f6d2e992,2,No Smell,0.5377,Format Ambiguity,0.2700,Vague / Missing Context,0.1310,Formality / Audience Mismatch,0.0245,76,0.554
92316b4eb271130622463812f6d2e992,4,No Smell,0.5352,Vague / Missing Context,0.2751,Format Ambiguity,0.1084,Ambiguous References,0.0296,164,0.570
92316b4eb271130622463812f6d2e992,5,No Smell,0.3905,Vague / Missing Context,0.3508,Format Ambiguity,0.1103,Ambiguous References,0.0826,413,0.641
92316b4eb271130622463812f6d2e992,6,Vague / Missing Context,0.6251,No Smell,0.2241,Format Ambiguity,0.0734,Ambiguous References,0.0429,91,0.556
92316b4eb271130622463812f6d2e992,7,Unnecessary Repetition,0.4591,Vague / Missing Context,0.2602,Ambiguous References,0.1011,No Smell,0.0619,355,0.615
85fec89d9227f25c836787b385ffe116,1,No Smell,0.5338,Format Ambiguity,0.2013,Vague / Missing Context,0.1949,Conflicting Constraints,0.0312,56,0.545
85fec89d9227f25c836787b385ffe116,2,No Smell,0.7750,Format Ambiguity,0.1401,Formality / Audience Mismatch,0.0272,Vague / Missing Context,0.0231,32,0.541
85fec89d9227f25c836787b385ffe116,3,No Smell,0.5896,Format Ambiguity,0.2479,Vague / Missing Context,0.0994,Conflicting Constraints,0.0238,29,0.533
85fec89d9227f25c836787b385ffe116,4,Vague / Missing Context,0.3568,No Smell,0.3238,Format Ambiguity,0.1808,Ambiguous References,0.0628,47,0.543
85fec89d9227f25c836787b385ffe116,5,No Smell,0.5788,Format Ambiguity,0.2575,Vague / Missing Context,0.1118,Formality / Audience Mismatch,0.0200,7,0.532
85fec89d9227f25c836787b385ffe116,6,No Smell,0.5396,Vague / Missing Context,0.2054,Format Ambiguity,0.1119,Formality / Audience Mismatch,0.0483,82,0.545
85fec89d9227f25c836787b385ffe116,7,No Smell,0.6301,Format Ambiguity,0.2647,Vague / Missing Context,0.0607,Formality / Audience Mismatch,0.0190,30,0.533
85fec89d9227f25c836787b385ffe116,8,Vague / Missing Context,0.4470,No Smell,0.2129,Bias / Loaded Framing,0.1284,Ambiguous References,0.0708,54,0.543
85fec89d9227f25c836787b385ffe116,9,Vague / Missing Context,0.3838,No Smell,0.3788,Format Ambiguity,0.1426,Ambiguous References,0.0307,34,0.542
6186a4ca01c54c5b3a245450222b73ad,1,No Smell,0.6405,Vague / Missing Context,0.2040,Format Ambiguity,0.1111,Formality / Audience Mismatch,0.0215,23,0.532
8479222c4f169f14919cada3730eedf5,1,No Smell,0.5423,Format Ambiguity,0.2283,Vague / Missing Context,0.1862,Formality / Audience Mismatch,0.0143,91,0.567
8479222c4f169f14919cada3730eedf5,3,Vague / Missing Context,0.3592,Format Ambiguity,0.1982,No Smell,0.1757,Ambiguous References,0.0889,2934,1.739
82157bc0ff6dfbb74cc986df8692326c,1,No Smell,0.4409,Vague / Missing Context,0.3672,Format Ambiguity,0.0670,Formality / Audience Mismatch,0.0374,163,0.559
82157bc0ff6dfbb74cc986df8692326c,2,Vague / Missing Context,0.5379,No Smell,0.2462,Format Ambiguity,0.1284,Formality / Audience Mismatch,0.0324,21,0.533
f49bd6edfdfd5ac948f0f3a8f66791a0,1,No Smell,0.5859,Conflicting Constraints,0.0856,Vague / Missing Context,0.0788,Format Ambiguity,0.0714,1066,0.740
1a910e20d5a98a942b1507357e44f912,1,No Smell,0.4712,Vague / Missing Context,0.2663,Format Ambiguity,0.1925,Formality / Audience Mismatch,0.0262,59,0.543
22dfdab689cdd0b59869bca5523e02fc,1,Vague / Missing Context,0.3752,No Smell,0.3549,Format Ambiguity,0.1666,Ambiguous References,0.0354,79,0.547
22dfdab689cdd0b59869bca5523e02fc,2,Vague / Missing Context,0.3441,No Smell,0.3050,Format Ambiguity,0.1902,Ambiguous References,0.0727,50,0.542
22dfdab689cdd0b59869bca5523e02fc,3,Vague / Missing Context,0.5427,No Smell,0.2077,Format Ambiguity,0.0995,Ambiguous References,0.0778,105,0.554
22dfdab689cdd0b59869bca5523e02fc,4,No Smell,0.4798,Format Ambiguity,0.2601,Vague / Missing Context,0.1720,Formality / Audience Mismatch,0.0300,44,0.541
464c27107e3c3fb41bde2432c258a494,1,No Smell,0.5554,Vague / Missing Context,0.1828,Format Ambiguity,0.1145,Conflicting Constraints,0.0552,1438,0.867
86a82e6c887d02acdeb2ace4808f4b1f,1,No Smell,0.6888,Format Ambiguity,0.1897,Vague / Missing Context,0.0708,Conflicting Constraints,0.0221,71,0.544
fdedbb92ffcff641123474f33a4e754c,1,No Smell,0.7023,Format Ambiguity,0.1515,Vague / Missing Context,0.0728,Conflicting Constraints,0.0256,186,0.571
fdedbb92ffcff641123474f33a4e754c,2,No Smell,0.8069,Format Ambiguity,0.1478,Conflicting Constraints,0.0140,Vague / Missing Context,0.0135,153,0.556
6666a1dcd3ce68a2868f23099d67cb87,1,No Smell,0.5055,Bias / Loaded Framing,0.1157,Vague / Missing Context,0.1113,Formality / Audience Mismatch,0.0894,1076,0.739
0036446488c4a387cb3058ca2d6a4c06,1,No Smell,0.5476,Vague / Missing Context,0.0939,Bias / Loaded Framing,0.0887,Conflicting Constraints,0.0811,1093,0.743
d5524b895bae75bd449533cf7460fcb4,1,No Smell,0.6835,Format Ambiguity,0.1966,Conflicting Constraints,0.0504,Formality / Audience Mismatch,0.0299,522,0.733
a48bce6fa69db8606aa57474a049a64d,1,No Smell,0.5412,Bias / Loaded Framing,0.0939,Vague / Missing Context,0.0924,Formality / Audience Mismatch,0.0865,1135,0.742
e635064dacd7000895ce862191e8de6a,1,No Smell,0.4937,Bias / Loaded Framing,0.1262,Vague / Missing Context,0.1092,Formality / Audience Mismatch,0.0877,1102,0.741
a171ba9cf569033e0c2fcd0f549a17d0,1,No Smell,0.6568,Format Ambiguity,0.1824,Vague / Missing Context,0.0617,Conflicting Constraints,0.0349,843,0.948
a171ba9cf569033e0c2fcd0f549a17d0,3,Vague / Missing Context,0.3951,No Smell,0.3621,Format Ambiguity,0.0998,Ambiguous References,0.0633,102,0.732
aaa2bc63eda660be7a8f725a8059994a,1,No Smell,0.6835,Format Ambiguity,0.2041,Conflicting Constraints,0.0473,Formality / Audience Mismatch,0.0291,445,0.662
6d0cda3dbbd383e8d77b5b5159c07bb3,1,No Smell,0.4135,Vague / Missing Context,0.2353,Format Ambiguity,0.1262,Ambiguous References,0.0651,148,0.570
c89e3a02af7140c3c149e96ae2102930,2,No Smell,0.5220,Vague / Missing Context,0.0932,Format Ambiguity,0.0932,Conflicting Constraints,0.0916,973,0.702
c89e3a02af7140c3c149e96ae2102930,3,No Smell,0.7226,Format Ambiguity,0.1572,Formality / Audience Mismatch,0.0352,Vague / Missing Context,0.0341,130,0.556
b05c488627e935758fb6329c75681086,1,No Smell,0.4135,Vague / Missing Context,0.2353,Format Ambiguity,0.1262,Ambiguous References,0.0651,148,0.062
6416cba0fdcbf12ba7e5f87d5e973ad6,1,No Smell,0.5678,Format Ambiguity,0.2009,Vague / Missing Context,0.1386,Formality / Audience Mismatch,0.0293,137,0.553
6416cba0fdcbf12ba7e5f87d5e973ad6,2,No Smell,0.4627,Vague / Missing Context,0.2147,Format Ambiguity,0.1982,Ambiguous References,0.0469,87,0.544
8316943d047c26bf6f8ce3beeefb6e34,1,Vague / Missing Context,0.3752,No Smell,0.3549,Format Ambiguity,0.1666,Ambiguous References,0.0354,79,0.062
8316943d047c26bf6f8ce3beeefb6e34,2,No Smell,0.3589,Vague / Missing Context,0.2710,Format Ambiguity,0.2491,Ambiguous References,0.0627,38,0.539
8316943d047c26bf6f8ce3beeefb6e34,3,Vague / Missing Context,0.3722,No Smell,0.3398,Format Ambiguity,0.1661,Ambiguous References,0.0459,84,0.545
8316943d047c26bf6f8ce3beeefb6e34,4,Vague / Missing Context,0.3981,No Smell,0.2023,Ambiguous References,0.1935,Format Ambiguity,0.1208,77,0.544
8316943d047c26bf6f8ce3beeefb6e34,5,Vague / Missing Context,0.6016,Ambiguous References,0.1444,No Smell,0.1104,Format Ambiguity,0.0502,71,0.543
8316943d047c26bf6f8ce3beeefb6e34,6,Vague / Missing Context,0.5023,No Smell,0.2043,Ambiguous References,0.1031,Format Ambiguity,0.1008,54,0.555
8316943d047c26bf6f8ce3beeefb6e34,7,Vague / Missing Context,0.4139,No Smell,0.2569,Format Ambiguity,0.1300,Ambiguous References,0.1283,86,0.543
8316943d047c26bf6f8ce3beeefb6e34,8,Vague / Missing Context,0.4623,No Smell,0.1995,Ambiguous References,0.1495,Format Ambiguity,0.0939,105,0.545
92a037666245d2fbc7b6749dac0dda86,1,No Smell,0.5290,Format Ambiguity,0.1971,Vague / Missing Context,0.1683,Formality / Audience Mismatch,0.0383,119,0.555
0538c8f425b331c193abcfe960dc7215,1,No Smell,0.4834,Vague / Missing Context,0.1210,Bias / Loaded Framing,0.1158,Formality / Audience Mismatch,0.0858,1112,0.740
074207c15f3ede619b207c5b58105af5,1,No Smell,0.4763,Format Ambiguity,0.2435,Vague / Missing Context,0.2172,Formality / Audience Mismatch,0.0283,36,0.544
f31534310e7bb35cd68a3c23f7f68ef3,1,No Smell,0.4913,Bias / Loaded Framing,0.1284,Vague / Missing Context,0.1083,Formality / Audience Mismatch,0.0862,1117,0.740
e139463a82ef58d06ff542e012164ff9,1,No Smell,0.6949,Format Ambiguity,0.2277,Vague / Missing Context,0.0273,Formality / Audience Mismatch,0.0203,86,0.064
e139463a82ef58d06ff542e012164ff9,2,No Smell,0.3971,Vague / Missing Context,0.2879,Format Ambiguity,0.2128,Conflicting Constraints,0.0291,227,0.569
e139463a82ef58d06ff542e012164ff9,3,Vague / Missing Context,0.4242,No Smell,0.2959,Format Ambiguity,0.1337,Ambiguous References,0.0417,184,0.568
e139463a82ef58d06ff542e012164ff9,4,No Smell,0.4232,Format Ambiguity,0.2508,Vague / Missing Context,0.2090,Ambiguous References,0.0325,122,0.557
e139463a82ef58d06ff542e012164ff9,5,No Smell,0.7113,Format Ambiguity,0.1915,Vague / Missing Context,0.0369,Conflicting Constraints,0.0238,201,0.569
e139463a82ef58d06ff542e012164ff9,6,No Smell,0.6195,Format Ambiguity,0.2382,Vague / Missing Context,0.0824,Conflicting Constraints,0.0219,173,0.558
e139463a82ef58d06ff542e012164ff9,7,No Smell,0.5092,Format Ambiguity,0.2012,Vague / Missing Context,0.1602,Conflicting Constraints,0.0371,196,0.558
e139463a82ef58d06ff542e012164ff9,8,No Smell,0.5972,Format Ambiguity,0.2109,Vague / Missing Context,0.1028,Formality / Audience Mismatch,0.0293,223,0.589
e139463a82ef58d06ff542e012164ff9,9,Vague / Missing Context,0.4861,No Smell,0.2767,Format Ambiguity,0.1344,Ambiguous References,0.0482,132,0.556
e139463a82ef58d06ff542e012164ff9,10,No Smell,0.4817,Format Ambiguity,0.2320,Vague / Missing Context,0.1626,Conflicting Constraints,0.0537,184,0.569
e139463a82ef58d06ff542e012164ff9,11,Vague / Missing Context,0.3950,No Smell,0.3275,Format Ambiguity,0.1729,Ambiguous References,0.0427,162,0.558
e139463a82ef58d06ff542e012164ff9,12,No Smell,0.5628,Vague / Missing Context,0.1841,Format Ambiguity,0.1660,Conflicting Constraints,0.0347,212,0.569
e139463a82ef58d06ff542e012164ff9,13,No Smell,0.4057,Format Ambiguity,0.2323,Vague / Missing Context,0.2284,Formality / Audience Mismatch,0.0345,163,0.558
e139463a82ef58d06ff542e012164ff9,14,No Smell,0.5302,Format Ambiguity,0.2749,Vague / Missing Context,0.0945,Conflicting Constraints,0.0400,208,0.559
e139463a82ef58d06ff542e012164ff9,15,No Smell,0.3974,Vague / Missing Context,0.2830,Format Ambiguity,0.1746,Ambiguous References,0.0531,187,0.569
e139463a82ef58d06ff542e012164ff9,16,No Smell,0.4498,Vague / Missing Context,0.2181,Format Ambiguity,0.1770,Bias / Loaded Framing,0.0424,202,0.557
e139463a82ef58d06ff542e012164ff9,17,No Smell,0.4790,Vague / Missing Context,0.1962,Format Ambiguity,0.1521,Formality / Audience Mismatch,0.0485,188,0.555
e139463a82ef58d06ff542e012164ff9,18,No Smell,0.4409,Format Ambiguity,0.2435,Vague / Missing Context,0.1992,Conflicting Constraints,0.0385,191,0.569
e139463a82ef58d06ff542e012164ff9,19,Vague / Missing Context,0.6376,No Smell,0.1340,Ambiguous References,0.1017,Format Ambiguity,0.0520,175,0.567
e139463a82ef58d06ff542e012164ff9,20,No Smell,0.4241,Vague / Missing Context,0.2489,Format Ambiguity,0.2130,Formality / Audience Mismatch,0.0355,129,0.567
e139463a82ef58d06ff542e012164ff9,21,No Smell,0.6000,Format Ambiguity,0.2031,Vague / Missing Context,0.1252,Conflicting Constraints,0.0355,155,0.556
e139463a82ef58d06ff542e012164ff9,22,No Smell,0.4118,Vague / Missing Context,0.2539,Format Ambiguity,0.1685,Conflicting Constraints,0.0435,200,0.567
e139463a82ef58d06ff542e012164ff9,23,No Smell,0.4889,Format Ambiguity,0.1778,Vague / Missing Context,0.1604,Bias / Loaded Framing,0.0726,187,0.570
e139463a82ef58d06ff542e012164ff9,24,No Smell,0.4759,Format Ambiguity,0.2666,Vague / Missing Context,0.1737,Conflicting Constraints,0.0265,179,0.569
e139463a82ef58d06ff542e012164ff9,25,No Smell,0.5780,Format Ambiguity,0.2424,Vague / Missing Context,0.1063,Conflicting Constraints,0.0338,186,0.569
e139463a82ef58d06ff542e012164ff9,26,No Smell,0.5847,Format Ambiguity,0.2230,Vague / Missing Context,0.1070,Conflicting Constraints,0.0397,172,0.557
e139463a82ef58d06ff542e012164ff9,27,Vague / Missing Context,0.4100,No Smell,0.2124,Format Ambiguity,0.1107,Ambiguous References,0.0973,215,0.589
e139463a82ef58d06ff542e012164ff9,28,No Smell,0.5721,Format Ambiguity,0.2778,Vague / Missing Context,0.0847,Conflicting Constraints,0.0275,145,0.558
e139463a82ef58d06ff542e012164ff9,29,No Smell,0.5993,Format Ambiguity,0.2170,Vague / Missing Context,0.1040,Formality / Audience Mismatch,0.0292,186,0.569
e139463a82ef58d06ff542e012164ff9,30,No Smell,0.5752,Format Ambiguity,0.1789,Vague / Missing Context,0.1683,Conflicting Constraints,0.0247,202,0.570
e139463a82ef58d06ff542e012164ff9,31,Vague / Missing Context,0.5450,No Smell,0.2445,Format Ambiguity,0.0697,Ambiguous References,0.0563,141,0.557
e139463a82ef58d06ff542e012164ff9,32,No Smell,0.5988,Format Ambiguity,0.2211,Vague / Missing Context,0.0681,Formality / Audience Mismatch,0.0374,173,0.558
e139463a82ef58d06ff542e012164ff9,33,No Smell,0.4667,Format Ambiguity,0.2173,Vague / Missing Context,0.1930,Conflicting Constraints,0.0421,209,0.588
e139463a82ef58d06ff542e012164ff9,34,No Smell,0.4620,Format Ambiguity,0.2316,Vague / Missing Context,0.1897,Formality / Audience Mismatch,0.0376,149,0.557
e139463a82ef58d06ff542e012164ff9,35,No Smell,0.6537,Format Ambiguity,0.2248,Vague / Missing Context,0.0544,Formality / Audience Mismatch,0.0254,161,0.567
e139463a82ef58d06ff542e012164ff9,36,No Smell,0.4639,Format Ambiguity,0.2389,Vague / Missing Context,0.2006,Formality / Audience Mismatch,0.0296,201,0.568
e139463a82ef58d06ff542e012164ff9,37,No Smell,0.3719,Vague / Missing Context,0.3612,Format Ambiguity,0.1593,Formality / Audience Mismatch,0.0329,166,0.568
e139463a82ef58d06ff542e012164ff9,38,No Smell,0.3889,Vague / Missing Context,0.2535,Format Ambiguity,0.2117,Conflicting Constraints,0.0414,183,0.569
e139463a82ef58d06ff542e012164ff9,39,No Smell,0.3739,Vague / Missing Context,0.3060,Format Ambiguity,0.1806,Formality / Audience Mismatch,0.0361,210,0.589
e139463a82ef58d06ff542e012164ff9,40,No Smell,0.4881,Format Ambiguity,0.2179,Vague / Missing Context,0.1889,Formality / Audience Mismatch,0.0325,203,0.591
e139463a82ef58d06ff542e012164ff9,41,No Smell,0.5663,Format Ambiguity,0.1679,Vague / Missing Context,0.1619,Conflicting Constraints,0.0492,207,0.569
e139463a82ef58d06ff542e012164ff9,42,No Smell,0.5092,Format Ambiguity,0.2378,Vague / Missing Context,0.1637,Conflicting Constraints,0.0258,183,0.570
e139463a82ef58d06ff542e012164ff9,43,No Smell,0.3728,Vague / Missing Context,0.2475,Format Ambiguity,0.2404,Ambiguous References,0.0635,136,0.557
e139463a82ef58d06ff542e012164ff9,44,No Smell,0.5222,Format Ambiguity,0.1920,Vague / Missing Context,0.1819,Conflicting Constraints,0.0312,209,0.569
e139463a82ef58d06ff542e012164ff9,45,No Smell,0.5030,Format Ambiguity,0.2562,Vague / Missing Context,0.1518,Conflicting Constraints,0.0366,197,0.567
e139463a82ef58d06ff542e012164ff9,46,No Smell,0.6848,Format Ambiguity,0.2069,Vague / Missing Context,0.0448,Conflicting Constraints,0.0263,175,0.557
e139463a82ef58d06ff542e012164ff9,47,No Smell,0.5593,Format Ambiguity,0.2539,Vague / Missing Context,0.1157,Formality / Audience Mismatch,0.0235,157,0.557
e139463a82ef58d06ff542e012164ff9,48,No Smell,0.5550,Format Ambiguity,0.2362,Vague / Missing Context,0.1322,Formality / Audience Mismatch,0.0261,165,0.557
e139463a82ef58d06ff542e012164ff9,49,No Smell,0.6201,Format Ambiguity,0.2081,Vague / Missing Context,0.0881,Conflicting Constraints,0.0357,196,0.569
e139463a82ef58d06ff542e012164ff9,50,No Smell,0.5133,Format Ambiguity,0.2031,Vague / Missing Context,0.1848,Conflicting Constraints,0.0370,206,0.568
e139463a82ef58d06ff542e012164ff9,51,No Smell,0.4877,Format Ambiguity,0.2219,Vague / Missing Context,0.1467,Conflicting Constraints,0.0440,202,0.569
6d8ef573701ceed7689eb07054cc7a0e,1,No Smell,0.5977,Format Ambiguity,0.1501,Vague / Missing Context,0.1190,Conflicting Constraints,0.0425,199,0.569
6d8ef573701ceed7689eb07054cc7a0e,2,No Smell,0.6041,Format Ambiguity,0.1564,Vague / Missing Context,0.1035,Conflicting Constraints,0.0437,211,0.570
6d8ef573701ceed7689eb07054cc7a0e,3,No Smell,0.6318,Format Ambiguity,0.1449,Vague / Missing Context,0.0951,Conflicting Constraints,0.0453,228,0.573
6d8ef573701ceed7689eb07054cc7a0e,4,No Smell,0.6341,Format Ambiguity,0.1323,Vague / Missing Context,0.1062,Conflicting Constraints,0.0374,259,0.589
6d8ef573701ceed7689eb07054cc7a0e,5,No Smell,0.4811,Vague / Missing Context,0.2968,Format Ambiguity,0.1154,Ambiguous References,0.0306,48,0.543
6d8ef573701ceed7689eb07054cc7a0e,6,No Smell,0.6335,Vague / Missing Context,0.1645,Format Ambiguity,0.1233,Formality / Audience Mismatch,0.0260,59,0.544
6d8ef573701ceed7689eb07054cc7a0e,7,No Smell,0.6741,Vague / Missing Context,0.1304,Format Ambiguity,0.1216,Conflicting Constraints,0.0277,73,0.545
6d8ef573701ceed7689eb07054cc7a0e,8,No Smell,0.5885,Vague / Missing Context,0.1596,Format Ambiguity,0.1568,Formality / Audience Mismatch,0.0282,98,0.556
6d8ef573701ceed7689eb07054cc7a0e,9,No Smell,0.6594,Format Ambiguity,0.1278,Vague / Missing Context,0.1220,Conflicting Constraints,0.0326,109,0.556
6d8ef573701ceed7689eb07054cc7a0e,10,No Smell,0.4112,Vague / Missing Context,0.2932,Format Ambiguity,0.1496,Ambiguous References,0.0581,95,0.544
6d8ef573701ceed7689eb07054cc7a0e,11,No Smell,0.3325,Vague / Missing Context,0.3324,Format Ambiguity,0.1331,Ambiguous References,0.0835,155,0.569
6d8ef573701ceed7689eb07054cc7a0e,12,Vague / Missing Context,0.3535,No Smell,0.3503,Format Ambiguity,0.1106,Ambiguous References,0.0790,263,0.592
6d8ef573701ceed7689eb07054cc7a0e,13,No Smell,0.3630,Vague / Missing Context,0.3408,Format Ambiguity,0.1793,Ambiguous References,0.0388,57,0.543
f633faba3500ff23f3718b6bf6b89322,1,No Smell,0.5754,Format Ambiguity,0.2375,Vague / Missing Context,0.1344,Formality / Audience Mismatch,0.0192,60,0.544
f633faba3500ff23f3718b6bf6b89322,2,No Smell,0.4958,Format Ambiguity,0.3434,Vague / Missing Context,0.0978,Formality / Audience Mismatch,0.0203,47,0.542
8f1c11c71afc9f494df327bfda4639fb,1,No Smell,0.3630,Vague / Missing Context,0.3408,Format Ambiguity,0.1793,Ambiguous References,0.0388,57,0.062
1b1edba9534759d5b4e73858e21d30af,1,No Smell,0.4801,Bias / Loaded Framing,0.1267,Vague / Missing Context,0.1120,Formality / Audience Mismatch,0.0923,1122,0.738
2ddee9f2f7f8f9c0075395290f731a1b,1,No Smell,0.6751,Vague / Missing Context,0.1259,Format Ambiguity,0.1057,Formality / Audience Mismatch,0.0348,719,0.645
61e5ed405550ff31ef07e787cc7f506b,1,No Smell,0.5983,Vague / Missing Context,0.2157,Format Ambiguity,0.1139,Conflicting Constraints,0.0312,52,0.544
61e5ed405550ff31ef07e787cc7f506b,3,No Smell,0.7185,Vague / Missing Context,0.1102,Format Ambiguity,0.0694,Conflicting Constraints,0.0401,180,0.556
2b468b0f9ed69d8b73bba1e7b168ae4e,1,No Smell,0.7185,Vague / Missing Context,0.1102,Format Ambiguity,0.0694,Conflicting Constraints,0.0401,180,0.047
0ca5b86d57437f21e75272e74d1a0b78,1,No Smell,0.7422,Format Ambiguity,0.1420,Vague / Missing Context,0.0492,Formality / Audience Mismatch,0.0274,154,0.555
707e47ce33fcefcdd143f08a860eeff4,1,No Smell,0.6232,Vague / Missing Context,0.1606,Format Ambiguity,0.1145,Conflicting Constraints,0.0379,139,0.542
09f85ae92c1b8b745fdd2931250a57c3,2,No Smell,0.5320,Format Ambiguity,0.2435,Vague / Missing Context,0.1375,Conflicting Constraints,0.0295,18,0.530
5ce422f0d74b74f701aaa921493957cc,1,No Smell,0.6949,Format Ambiguity,0.2277,Vague / Missing Context,0.0273,Formality / Audience Mismatch,0.0203,86,0.062
5ce422f0d74b74f701aaa921493957cc,2,No Smell,0.5183,Format Ambiguity,0.2086,Vague / Missing Context,0.1573,Formality / Audience Mismatch,0.0315,231,0.567
5ce422f0d74b74f701aaa921493957cc,3,No Smell,0.5396,Format Ambiguity,0.1873,Vague / Missing Context,0.1641,Formality / Audience Mismatch,0.0366,193,0.558
5ce422f0d74b74f701aaa921493957cc,4,No Smell,0.5327,Vague / Missing Context,0.1753,Format Ambiguity,0.1715,Conflicting Constraints,0.0369,242,0.570
5ce422f0d74b74f701aaa921493957cc,5,No Smell,0.6756,Format Ambiguity,0.2032,Vague / Missing Context,0.0436,Conflicting Constraints,0.0295,228,0.569
5ce422f0d74b74f701aaa921493957cc,6,Vague / Missing Context,0.5088,No Smell,0.1875,Format Ambiguity,0.1030,Ambiguous References,0.0759,201,0.588
5ce422f0d74b74f701aaa921493957cc,7,No Smell,0.5305,Format Ambiguity,0.2295,Vague / Missing Context,0.1572,Formality / Audience Mismatch,0.0249,234,0.570
5ce422f0d74b74f701aaa921493957cc,8,No Smell,0.5016,Vague / Missing Context,0.2066,Format Ambiguity,0.1979,Formality / Audience Mismatch,0.0292,188,0.568
5ce422f0d74b74f701aaa921493957cc,9,Vague / Missing Context,0.5846,No Smell,0.1649,Format Ambiguity,0.1059,Ambiguous References,0.0797,214,0.558
5ce422f0d74b74f701aaa921493957cc,10,No Smell,0.3511,Vague / Missing Context,0.3114,Format Ambiguity,0.1576,Ambiguous References,0.0564,168,0.567
5ce422f0d74b74f701aaa921493957cc,11,No Smell,0.4989,Vague / Missing Context,0.2015,Format Ambiguity,0.1990,Formality / Audience Mismatch,0.0293,136,0.555
5ce422f0d74b74f701aaa921493957cc,12,No Smell,0.5124,Vague / Missing Context,0.2107,Format Ambiguity,0.1210,Ambiguous References,0.0546,152,0.554
5ce422f0d74b74f701aaa921493957cc,13,No Smell,0.5423,Format Ambiguity,0.2365,Vague / Missing Context,0.1326,Conflicting Constraints,0.0294,149,0.567
5ce422f0d74b74f701aaa921493957cc,14,No Smell,0.4661,Vague / Missing Context,0.2313,Format Ambiguity,0.2286,Conflicting Constraints,0.0220,185,0.567
5ce422f0d74b74f701aaa921493957cc,15,No Smell,0.5097,Format Ambiguity,0.2798,Vague / Missing Context,0.1031,Conflicting Constraints,0.0488,245,0.569
5ce422f0d74b74f701aaa921493957cc,16,No Smell,0.4727,Format Ambiguity,0.2490,Vague / Missing Context,0.2077,Formality / Audience Mismatch,0.0250,185,0.568
5ce422f0d74b74f701aaa921493957cc,17,Vague / Missing Context,0.4568,No Smell,0.2796,Format Ambiguity,0.1497,Ambiguous References,0.0347,181,0.569
5ce422f0d74b74f701aaa921493957cc,18,No Smell,0.3883,Vague / Missing Context,0.2628,Format Ambiguity,0.2282,Ambiguous References,0.0365,187,0.569
5ce422f0d74b74f701aaa921493957cc,19,No Smell,0.5215,Format Ambiguity,0.2437,Vague / Missing Context,0.1510,Conflicting Constraints,0.0229,135,0.558
5ce422f0d74b74f701aaa921493957cc,20,No Smell,0.3694,Vague / Missing Context,0.3093,Format Ambiguity,0.1341,Bias / Loaded Framing,0.0816,183,0.557
5ce422f0d74b74f701aaa921493957cc,21,No Smell,0.4964,Format Ambiguity,0.2406,Vague / Missing Context,0.1430,Conflicting Constraints,0.0491,193,0.568
5ce422f0d74b74f701aaa921493957cc,22,No Smell,0.5033,Format Ambiguity,0.2130,Vague / Missing Context,0.1908,Conflicting Constraints,0.0299,190,0.568
5ce422f0d74b74f701aaa921493957cc,23,No Smell,0.4259,Vague / Missing Context,0.2329,Format Ambiguity,0.1850,Bias / Loaded Framing,0.0389,145,0.558
5ce422f0d74b74f701aaa921493957cc,24,No Smell,0.4993,Format Ambiguity,0.2015,Vague / Missing Context,0.1492,Formality / Audience Mismatch,0.0468,186,0.568
5ce422f0d74b74f701aaa921493957cc,25,No Smell,0.3482,Vague / Missing Context,0.3099,Bias / Loaded Framing,0.1220,Format Ambiguity,0.1111,214,0.569
5ce422f0d74b74f701aaa921493957cc,26,Vague / Missing Context,0.5442,No Smell,0.2167,Format Ambiguity,0.1033,Ambiguous References,0.0483,171,0.557
5ce422f0d74b74f701aaa921493957cc,27,No Smell,0.5784,Format Ambiguity,0.1708,Vague / Missing Context,0.1298,Conflicting Constraints,0.0459,228,0.591
5ce422f0d74b74f701aaa921493957cc,28,No Smell,0.5850,Format Ambiguity,0.2595,Vague / Missing Context,0.0873,Formality / Audience Mismatch,0.0289,181,0.588
5ce422f0d74b74f701aaa921493957cc,29,No Smell,0.4302,Format Ambiguity,0.2322,Vague / Missing Context,0.2303,Ambiguous References,0.0322,177,0.559
5ce422f0d74b74f701aaa921493957cc,30,Vague / Missing Context,0.6058,No Smell,0.1787,Format Ambiguity,0.0733,Ambiguous References,0.0551,206,0.570
5ce422f0d74b74f701aaa921493957cc,31,Vague / Missing Context,0.5187,No Smell,0.1900,Ambiguous References,0.0941,Format Ambiguity,0.0915,192,0.570
5ce422f0d74b74f701aaa921493957cc,32,Vague / Missing Context,0.3414,No Smell,0.3330,Format Ambiguity,0.1732,Formality / Audience Mismatch,0.0392,209,0.588
5ce422f0d74b74f701aaa921493957cc,33,Vague / Missing Context,0.6016,No Smell,0.1619,Format Ambiguity,0.0896,Ambiguous References,0.0725,208,0.569
5ce422f0d74b74f701aaa921493957cc,34,No Smell,0.6182,Format Ambiguity,0.2107,Vague / Missing Context,0.1087,Formality / Audience Mismatch,0.0233,162,0.567
5ce422f0d74b74f701aaa921493957cc,35,No Smell,0.4214,Vague / Missing Context,0.2896,Format Ambiguity,0.1897,Conflicting Constraints,0.0296,198,0.569
5ce422f0d74b74f701aaa921493957cc,36,No Smell,0.4088,Vague / Missing Context,0.2798,Format Ambiguity,0.1948,Conflicting Constraints,0.0322,196,0.569
5ce422f0d74b74f701aaa921493957cc,37,No Smell,0.6038,Format Ambiguity,0.2481,Vague / Missing Context,0.0684,Conflicting Constraints,0.0405,222,0.569
5ce422f0d74b74f701aaa921493957cc,38,Vague / Missing Context,0.4346,No Smell,0.2782,Format Ambiguity,0.1249,Ambiguous References,0.0482,163,0.567
5ce422f0d74b74f701aaa921493957cc,39,No Smell,0.4526,Vague / Missing Context,0.2187,Format Ambiguity,0.2100,Conflicting Constraints,0.0365,200,0.569
5ce422f0d74b74f701aaa921493957cc,40,No Smell,0.6109,Format Ambiguity,0.2423,Vague / Missing Context,0.0563,Formality / Audience Mismatch,0.0283,150,0.555
5ce422f0d74b74f701aaa921493957cc,41,No Smell,0.4634,Vague / Missing Context,0.2478,Format Ambiguity,0.1815,Formality / Audience Mismatch,0.0340,211,0.586
5ce422f0d74b74f701aaa921493957cc,42,No Smell,0.3938,Vague / Missing Context,0.2526,Format Ambiguity,0.2158,Ambiguous References,0.0397,194,0.556
5ce422f0d74b74f701aaa921493957cc,43,No Smell,0.6054,Format Ambiguity,0.1820,Vague / Missing Context,0.1257,Formality / Audience Mismatch,0.0354,193,0.569
5ce422f0d74b74f701aaa921493957cc,44,Vague / Missing Context,0.4541,No Smell,0.2767,Format Ambiguity,0.1561,Ambiguous References,0.0462,210,0.567
5ce422f0d74b74f701aaa921493957cc,45,No Smell,0.6051,Format Ambiguity,0.2270,Vague / Missing Context,0.0846,Formality / Audience Mismatch,0.0282,162,0.556
5ce422f0d74b74f701aaa921493957cc,46,No Smell,0.3500,Vague / Missing Context,0.2297,Bias / Loaded Framing,0.1775,Format Ambiguity,0.0948,146,0.586
5ce422f0d74b74f701aaa921493957cc,47,No Smell,0.5490,Format Ambiguity,0.1733,Vague / Missing Context,0.1543,Conflicting Constraints,0.0383,183,0.557
5ce422f0d74b74f701aaa921493957cc,48,Vague / Missing Context,0.4851,No Smell,0.2153,Format Ambiguity,0.1536,Ambiguous References,0.0813,168,0.570
5ce422f0d74b74f701aaa921493957cc,49,No Smell,0.5528,Format Ambiguity,0.2303,Vague / Missing Context,0.1187,Conflicting Constraints,0.0430,163,0.568
5ce422f0d74b74f701aaa921493957cc,50,No Smell,0.4031,Vague / Missing Context,0.2990,Format Ambiguity,0.1848,Formality / Audience Mismatch,0.0309,144,0.555
5ce422f0d74b74f701aaa921493957cc,51,No Smell,0.5230,Format Ambiguity,0.2026,Vague / Missing Context,0.2018,Conflicting Constraints,0.0260,166,0.567
1f62bc1ca969e283f8a4cb2297d08fc5,1,No Smell,0.4274,Format Ambiguity,0.1511,Vague / Missing Context,0.1377,Conflicting Constraints,0.0815,930,1.609
16089c27d63251964206788765e0854b,1,No Smell,0.5158,Format Ambiguity,0.1883,Vague / Missing Context,0.1520,Conflicting Constraints,0.0553,365,0.593
16089c27d63251964206788765e0854b,2,Format Ambiguity,0.7078,No Smell,0.1742,Vague / Missing Context,0.0653,Unnecessary Repetition,0.0109,28,0.544
16089c27d63251964206788765e0854b,3,No Smell,0.4956,Format Ambiguity,0.3003,Vague / Missing Context,0.0688,Formality / Audience Mismatch,0.0436,75,0.545
16089c27d63251964206788765e0854b,4,Format Ambiguity,0.4282,No Smell,0.3950,Vague / Missing Context,0.0931,Conflicting Constraints,0.0288,160,0.557
16089c27d63251964206788765e0854b,5,No Smell,0.5717,Format Ambiguity,0.2995,Vague / Missing Context,0.0437,Formality / Audience Mismatch,0.0317,73,0.545
16089c27d63251964206788765e0854b,6,No Smell,0.5541,Format Ambiguity,0.3075,Vague / Missing Context,0.0751,Formality / Audience Mismatch,0.0276,22,0.531
16089c27d63251964206788765e0854b,7,No Smell,0.5885,Format Ambiguity,0.2418,Vague / Missing Context,0.0799,Formality / Audience Mismatch,0.0321,87,0.544
16089c27d63251964206788765e0854b,8,No Smell,0.5527,Format Ambiguity,0.3168,Vague / Missing Context,0.0584,Conflicting Constraints,0.0251,121,0.555
1d2284cdfb27bd59a170b5db80062d6a,1,No Smell,0.5570,Format Ambiguity,0.2559,Vague / Missing Context,0.1060,Formality / Audience Mismatch,0.0249,16,0.542
1d2284cdfb27bd59a170b5db80062d6a,2,No Smell,0.6352,Format Ambiguity,0.2117,Vague / Missing Context,0.0710,Formality / Audience Mismatch,0.0264,17,0.541
1d2284cdfb27bd59a170b5db80062d6a,3,No Smell,0.4669,Format Ambiguity,0.3357,Vague / Missing Context,0.1146,Formality / Audience Mismatch,0.0300,30,0.542
1d2284cdfb27bd59a170b5db80062d6a,4,No Smell,0.3941,Vague / Missing Context,0.3704,Format Ambiguity,0.1544,Ambiguous References,0.0309,65,0.543
1d2284cdfb27bd59a170b5db80062d6a,5,Vague / Missing Context,0.4321,No Smell,0.3036,Format Ambiguity,0.1719,Ambiguous References,0.0462,35,0.541
1d2284cdfb27bd59a170b5db80062d6a,6,No Smell,0.4379,Format Ambiguity,0.2630,Vague / Missing Context,0.2175,Formality / Audience Mismatch,0.0233,34,0.542
1d2284cdfb27bd59a170b5db80062d6a,7,No Smell,0.7390,Format Ambiguity,0.1778,Vague / Missing Context,0.0418,Formality / Audience Mismatch,0.0164,51,0.543
1d2284cdfb27bd59a170b5db80062d6a,8,No Smell,0.4908,Format Ambiguity,0.3026,Vague / Missing Context,0.1163,Formality / Audience Mismatch,0.0288,24,0.542
1d2284cdfb27bd59a170b5db80062d6a,10,No Smell,0.5012,Vague / Missing Context,0.2116,Format Ambiguity,0.2008,Formality / Audience Mismatch,0.0349,23,0.541
06f5d5c0211ead49cc0d406218abeae0,1,No Smell,0.6919,Format Ambiguity,0.1763,Vague / Missing Context,0.0412,Conflicting Constraints,0.0366,119,0.568
06f5d5c0211ead49cc0d406218abeae0,2,No Smell,0.5852,Vague / Missing Context,0.1474,Format Ambiguity,0.1462,Conflicting Constraints,0.0415,228,0.588
06f5d5c0211ead49cc0d406218abeae0,4,No Smell,0.6386,Format Ambiguity,0.1423,Vague / Missing Context,0.1122,Conflicting Constraints,0.0410,632,0.664
06f5d5c0211ead49cc0d406218abeae0,5,No Smell,0.5809,Format Ambiguity,0.2202,Vague / Missing Context,0.1161,Conflicting Constraints,0.0395,529,0.640
06f5d5c0211ead49cc0d406218abeae0,6,Vague / Missing Context,0.4661,No Smell,0.2344,Format Ambiguity,0.0868,Ambiguous References,0.0701,1250,0.775
06f5d5c0211ead49cc0d406218abeae0,7,No Smell,0.6081,Format Ambiguity,0.1134,Vague / Missing Context,0.0975,Conflicting Constraints,0.0783,998,0.737
06f5d5c0211ead49cc0d406218abeae0,8,No Smell,0.4946,Vague / Missing Context,0.2513,Format Ambiguity,0.1279,Conflicting Constraints,0.0493,1275,0.774
06f5d5c0211ead49cc0d406218abeae0,9,No Smell,0.6431,Format Ambiguity,0.1850,Vague / Missing Context,0.0694,Conflicting Constraints,0.0454,1795,0.869
001a8972a4f7b0f61c14ce9dd99013e0,1,No Smell,0.4135,Vague / Missing Context,0.2353,Format Ambiguity,0.1262,Ambiguous References,0.0651,148,0.570
8fb2fab423561623ff1274b958eeb65b,1,No Smell,0.8167,Format Ambiguity,0.0848,Vague / Missing Context,0.0288,Formality / Audience Mismatch,0.0263,143,0.589
8fb2fab423561623ff1274b958eeb65b,2,No Smell,0.8616,Format Ambiguity,0.0711,Formality / Audience Mismatch,0.0227,Conflicting Constraints,0.0199,132,0.637
8fb2fab423561623ff1274b958eeb65b,3,No Smell,0.8616,Format Ambiguity,0.0711,Formality / Audience Mismatch,0.0227,Conflicting Constraints,0.0199,132,0.048
02e7cc23adaa51368ba65d8b46447f1e,1,Format Ambiguity,0.3894,Vague / Missing Context,0.3664,Ambiguous References,0.0953,No Smell,0.0872,116,0.568
02e7cc23adaa51368ba65d8b46447f1e,2,No Smell,0.4381,Format Ambiguity,0.2691,Vague / Missing Context,0.1371,Conflicting Constraints,0.0637,141,0.568
02e7cc23adaa51368ba65d8b46447f1e,3,Vague / Missing Context,0.5153,Format Ambiguity,0.2827,Ambiguous References,0.1038,No Smell,0.0630,93,0.567
02e7cc23adaa51368ba65d8b46447f1e,4,Format Ambiguity,0.4036,Vague / Missing Context,0.1935,No Smell,0.1747,Ambiguous References,0.1407,92,0.569
02e7cc23adaa51368ba65d8b46447f1e,5,Vague / Missing Context,0.3261,No Smell,0.2778,Format Ambiguity,0.2745,Ambiguous References,0.0468,99,0.569
02e7cc23adaa51368ba65d8b46447f1e,6,Format Ambiguity,0.3783,Vague / Missing Context,0.2610,No Smell,0.1730,Ambiguous References,0.1034,113,0.587
02e7cc23adaa51368ba65d8b46447f1e,7,Vague / Missing Context,0.5009,Format Ambiguity,0.1853,Ambiguous References,0.1504,No Smell,0.0999,101,0.569
02e7cc23adaa51368ba65d8b46447f1e,8,Vague / Missing Context,0.4347,Ambiguous References,0.1686,Format Ambiguity,0.1593,No Smell,0.1178,102,0.569
02e7cc23adaa51368ba65d8b46447f1e,9,No Smell,0.2623,Ambiguous References,0.2549,Vague / Missing Context,0.2246,Format Ambiguity,0.1847,107,0.569
02e7cc23adaa51368ba65d8b46447f1e,10,Vague / Missing Context,0.4467,Ambiguous References,0.2342,Format Ambiguity,0.1192,No Smell,0.0920,67,0.567
02e7cc23adaa51368ba65d8b46447f1e,11,No Smell,0.3140,Format Ambiguity,0.2843,Vague / Missing Context,0.1830,Ambiguous References,0.1453,108,0.570
40c69465a784b57ff24d6f9127c51eee,2,No Smell,0.5585,Format Ambiguity,0.2806,Vague / Missing Context,0.0758,Conflicting Constraints,0.0358,301,0.590
40c69465a784b57ff24d6f9127c51eee,3,No Smell,0.5025,Format Ambiguity,0.2791,Vague / Missing Context,0.1482,Formality / Audience Mismatch,0.0215,128,0.557
40c69465a784b57ff24d6f9127c51eee,4,No Smell,0.4268,Format Ambiguity,0.2688,Vague / Missing Context,0.2291,Conflicting Constraints,0.0219,107,0.555
40c69465a784b57ff24d6f9127c51eee,5,No Smell,0.4529,Format Ambiguity,0.2475,Vague / Missing Context,0.1847,Ambiguous References,0.0318,196,0.588
40c69465a784b57ff24d6f9127c51eee,6,Vague / Missing Context,0.3041,No Smell,0.2518,Format Ambiguity,0.2190,Ambiguous References,0.1628,164,0.569
40c69465a784b57ff24d6f9127c51eee,7,Vague / Missing Context,0.6974,Ambiguous References,0.1228,No Smell,0.1152,Format Ambiguity,0.0415,87,0.556
40c69465a784b57ff24d6f9127c51eee,8,No Smell,0.4407,Vague / Missing Context,0.2962,Format Ambiguity,0.1259,Bias / Loaded Framing,0.0452,80,0.544
40c69465a784b57ff24d6f9127c51eee,9,No Smell,0.4253,Vague / Missing Context,0.2592,Format Ambiguity,0.2177,Ambiguous References,0.0418,323,0.590
40c69465a784b57ff24d6f9127c51eee,10,No Smell,0.7665,Format Ambiguity,0.1718,Vague / Missing Context,0.0247,Formality / Audience Mismatch,0.0163,38,0.542
e25b5ad8aee31494a920755adfacb005,1,No Smell,0.4135,Vague / Missing Context,0.2353,Format Ambiguity,0.1262,Ambiguous References,0.0651,148,0.063
b3f045721f572f8bb528d4b96dd05f86,1,No Smell,0.6114,Format Ambiguity,0.1765,Vague / Missing Context,0.1238,Formality / Audience Mismatch,0.0445,120,0.553
b3f045721f572f8bb528d4b96dd05f86,2,No Smell,0.4720,Vague / Missing Context,0.2438,Format Ambiguity,0.1779,Formality / Audience Mismatch,0.0426,148,0.569
b3f045721f572f8bb528d4b96dd05f86,3,No Smell,0.3478,Vague / Missing Context,0.3297,Format Ambiguity,0.1083,Formality / Audience Mismatch,0.0645,437,0.615
b3f045721f572f8bb528d4b96dd05f86,4,No Smell,0.7425,Format Ambiguity,0.1546,Formality / Audience Mismatch,0.0339,Conflicting Constraints,0.0284,1156,0.738
b3f045721f572f8bb528d4b96dd05f86,5,No Smell,0.5534,Format Ambiguity,0.2285,Vague / Missing Context,0.1453,Formality / Audience Mismatch,0.0311,36,0.533
b3f045721f572f8bb528d4b96dd05f86,6,No Smell,0.6708,Format Ambiguity,0.1795,Vague / Missing Context,0.0506,Formality / Audience Mismatch,0.0427,1302,0.741
b3f045721f572f8bb528d4b96dd05f86,7,No Smell,0.6365,Format Ambiguity,0.1740,Vague / Missing Context,0.0710,Formality / Audience Mismatch,0.0454,1325,0.750
b3f045721f572f8bb528d4b96dd05f86,10,No Smell,0.6861,Format Ambiguity,0.1539,Vague / Missing Context,0.0858,Formality / Audience Mismatch,0.0326,201,0.604
b3f045721f572f8bb528d4b96dd05f86,11,No Smell,0.4236,Vague / Missing Context,0.3345,Format Ambiguity,0.1324,Formality / Audience Mismatch,0.0378,88,0.614
b3f045721f572f8bb528d4b96dd05f86,13,No Smell,0.4153,Format Ambiguity,0.2136,Vague / Missing Context,0.1794,Conflicting Constraints,0.0614,1204,0.867
787ffc7cc9f4b9e88c5dec55cad767cd,1,No Smell,0.7294,Format Ambiguity,0.0570,Vague / Missing Context,0.0515,Formality / Audience Mismatch,0.0390,2298,0.960
787ffc7cc9f4b9e88c5dec55cad767cd,2,No Smell,0.6880,Format Ambiguity,0.1220,Vague / Missing Context,0.0943,Formality / Audience Mismatch,0.0353,165,0.589
787ffc7cc9f4b9e88c5dec55cad767cd,3,No Smell,0.5084,Format Ambiguity,0.3094,Vague / Missing Context,0.1143,Formality / Audience Mismatch,0.0250,14,0.533
787ffc7cc9f4b9e88c5dec55cad767cd,4,No Smell,0.4699,Vague / Missing Context,0.2097,Format Ambiguity,0.1794,Ambiguous References,0.0447,112,0.555
3872863052f34fbcf499bedff1b51200,1,No Smell,0.6949,Format Ambiguity,0.2277,Vague / Missing Context,0.0273,Formality / Audience Mismatch,0.0203,86,0.062
3872863052f34fbcf499bedff1b51200,2,No Smell,0.4901,Format Ambiguity,0.2312,Vague / Missing Context,0.1245,Conflicting Constraints,0.0459,162,0.554
3872863052f34fbcf499bedff1b51200,3,Vague / Missing Context,0.3657,No Smell,0.2129,Ambiguous References,0.1193,Bias / Loaded Framing,0.1112,165,0.557
3872863052f34fbcf499bedff1b51200,4,No Smell,0.4137,Vague / Missing Context,0.2529,Format Ambiguity,0.2223,Conflicting Constraints,0.0281,173,0.557
3872863052f34fbcf499bedff1b51200,5,No Smell,0.5664,Format Ambiguity,0.2191,Vague / Missing Context,0.1242,Conflicting Constraints,0.0279,191,0.558
3872863052f34fbcf499bedff1b51200,6,No Smell,0.4802,Format Ambiguity,0.2446,Vague / Missing Context,0.1798,Conflicting Constraints,0.0342,145,0.568
3872863052f34fbcf499bedff1b51200,7,No Smell,0.5618,Format Ambiguity,0.1846,Vague / Missing Context,0.1234,Conflicting Constraints,0.0522,193,0.570
3872863052f34fbcf499bedff1b51200,8,No Smell,0.6454,Format Ambiguity,0.2202,Vague / Missing Context,0.0549,Conflicting Constraints,0.0312,180,0.570
3872863052f34fbcf499bedff1b51200,9,No Smell,0.4917,Format Ambiguity,0.2085,Vague / Missing Context,0.1936,Conflicting Constraints,0.0334,183,0.559
3872863052f34fbcf499bedff1b51200,10,No Smell,0.6613,Format Ambiguity,0.1881,Vague / Missing Context,0.0634,Conflicting Constraints,0.0340,154,0.557
3872863052f34fbcf499bedff1b51200,11,No Smell,0.4983,Format Ambiguity,0.2450,Vague / Missing Context,0.1229,Conflicting Constraints,0.0502,214,0.568
3872863052f34fbcf499bedff1b51200,12,No Smell,0.5851,Format Ambiguity,0.2091,Vague / Missing Context,0.0870,Conflicting Constraints,0.0369,206,0.589
3872863052f34fbcf499bedff1b51200,13,No Smell,0.4001,Vague / Missing Context,0.2822,Format Ambiguity,0.1933,Ambiguous References,0.0372,159,0.567
3872863052f34fbcf499bedff1b51200,14,No Smell,0.5567,Format Ambiguity,0.2354,Vague / Missing Context,0.1171,Formality / Audience Mismatch,0.0323,145,0.568
3872863052f34fbcf499bedff1b51200,15,No Smell,0.3911,Vague / Missing Context,0.2873,Format Ambiguity,0.1773,Conflicting Constraints,0.0404,162,0.555
3872863052f34fbcf499bedff1b51200,16,No Smell,0.3474,Vague / Missing Context,0.3036,Format Ambiguity,0.1871,Conflicting Constraints,0.0430,189,0.568
3872863052f34fbcf499bedff1b51200,17,No Smell,0.4799,Vague / Missing Context,0.2562,Format Ambiguity,0.1513,Ambiguous References,0.0567,140,0.555
3872863052f34fbcf499bedff1b51200,18,No Smell,0.5626,Format Ambiguity,0.2393,Vague / Missing Context,0.1013,Conflicting Constraints,0.0369,224,0.587
3872863052f34fbcf499bedff1b51200,19,No Smell,0.6264,Format Ambiguity,0.2327,Vague / Missing Context,0.0819,Conflicting Constraints,0.0212,223,0.567
3872863052f34fbcf499bedff1b51200,20,No Smell,0.6138,Format Ambiguity,0.2411,Vague / Missing Context,0.0695,Formality / Audience Mismatch,0.0245,170,0.567
3872863052f34fbcf499bedff1b51200,21,No Smell,0.5474,Format Ambiguity,0.2330,Vague / Missing Context,0.1132,Conflicting Constraints,0.0431,216,0.557
3872863052f34fbcf499bedff1b51200,22,No Smell,0.6380,Format Ambiguity,0.2059,Vague / Missing Context,0.0555,Conflicting Constraints,0.0397,218,0.568
3872863052f34fbcf499bedff1b51200,23,No Smell,0.4407,Format Ambiguity,0.2053,Vague / Missing Context,0.1570,Bias / Loaded Framing,0.0644,197,0.586
3872863052f34fbcf499bedff1b51200,24,No Smell,0.5997,Format Ambiguity,0.1914,Vague / Missing Context,0.1323,Conflicting Constraints,0.0317,228,0.569
3872863052f34fbcf499bedff1b51200,25,No Smell,0.6500,Format Ambiguity,0.2186,Vague / Missing Context,0.0610,Conflicting Constraints,0.0304,163,0.558
3872863052f34fbcf499bedff1b51200,26,No Smell,0.5967,Format Ambiguity,0.2068,Vague / Missing Context,0.1078,Formality / Audience Mismatch,0.0335,178,0.588
3872863052f34fbcf499bedff1b51200,27,No Smell,0.4015,Vague / Missing Context,0.2766,Format Ambiguity,0.1501,Ambiguous References,0.0569,196,0.574
3872863052f34fbcf499bedff1b51200,28,No Smell,0.7089,Format Ambiguity,0.1507,Vague / Missing Context,0.0669,Conflicting Constraints,0.0291,265,0.589
3872863052f34fbcf499bedff1b51200,29,No Smell,0.5075,Format Ambiguity,0.3280,Vague / Missing Context,0.0953,Formality / Audience Mismatch,0.0205,145,0.556
3872863052f34fbcf499bedff1b51200,30,No Smell,0.3531,Vague / Missing Context,0.3064,Format Ambiguity,0.1625,Ambiguous References,0.0662,165,0.569
3872863052f34fbcf499bedff1b51200,31,No Smell,0.6593,Format Ambiguity,0.1567,Vague / Missing Context,0.1087,Conflicting Constraints,0.0356,188,0.557
3872863052f34fbcf499bedff1b51200,32,No Smell,0.4801,Vague / Missing Context,0.2045,Format Ambiguity,0.1916,Formality / Audience Mismatch,0.0355,188,0.586
3872863052f34fbcf499bedff1b51200,33,No Smell,0.6755,Format Ambiguity,0.2091,Vague / Missing Context,0.0639,Conflicting Constraints,0.0218,217,0.569
3872863052f34fbcf499bedff1b51200,34,Vague / Missing Context,0.4253,No Smell,0.2803,Format Ambiguity,0.1386,Ambiguous References,0.0720,168,0.556
3872863052f34fbcf499bedff1b51200,35,No Smell,0.6226,Format Ambiguity,0.2512,Vague / Missing Context,0.0620,Conflicting Constraints,0.0326,207,0.567
3872863052f34fbcf499bedff1b51200,36,No Smell,0.5379,Format Ambiguity,0.2130,Vague / Missing Context,0.1489,Conflicting Constraints,0.0358,143,0.555
3872863052f34fbcf499bedff1b51200,37,No Smell,0.4802,Format Ambiguity,0.2446,Vague / Missing Context,0.1798,Conflicting Constraints,0.0342,145,0.061
3872863052f34fbcf499bedff1b51200,38,No Smell,0.3958,Vague / Missing Context,0.2779,Format Ambiguity,0.2170,Conflicting Constraints,0.0390,150,0.566
3872863052f34fbcf499bedff1b51200,39,No Smell,0.5464,Format Ambiguity,0.2661,Vague / Missing Context,0.0845,Conflicting Constraints,0.0431,162,0.567
3872863052f34fbcf499bedff1b51200,40,No Smell,0.6778,Format Ambiguity,0.1952,Vague / Missing Context,0.0557,Formality / Audience Mismatch,0.0276,181,0.570
3872863052f34fbcf499bedff1b51200,41,No Smell,0.4494,Vague / Missing Context,0.2663,Format Ambiguity,0.1317,Formality / Audience Mismatch,0.0459,189,0.568
3872863052f34fbcf499bedff1b51200,42,No Smell,0.4378,Format Ambiguity,0.2156,Vague / Missing Context,0.2128,Formality / Audience Mismatch,0.0350,153,0.568
3872863052f34fbcf499bedff1b51200,43,No Smell,0.5114,Format Ambiguity,0.2369,Vague / Missing Context,0.1255,Conflicting Constraints,0.0421,190,0.568
3872863052f34fbcf499bedff1b51200,44,No Smell,0.4628,Format Ambiguity,0.2266,Vague / Missing Context,0.2114,Formality / Audience Mismatch,0.0321,149,0.557
3872863052f34fbcf499bedff1b51200,45,No Smell,0.4746,Format Ambiguity,0.2968,Vague / Missing Context,0.1321,Conflicting Constraints,0.0374,188,0.568
3872863052f34fbcf499bedff1b51200,46,No Smell,0.5939,Format Ambiguity,0.2802,Vague / Missing Context,0.0687,Conflicting Constraints,0.0200,166,0.555
3872863052f34fbcf499bedff1b51200,47,Vague / Missing Context,0.3885,No Smell,0.2135,Bias / Loaded Framing,0.1007,Formality / Audience Mismatch,0.0704,166,0.557
3872863052f34fbcf499bedff1b51200,48,No Smell,0.3411,Vague / Missing Context,0.3065,Format Ambiguity,0.2170,Ambiguous References,0.0473,209,0.588
3872863052f34fbcf499bedff1b51200,49,No Smell,0.5919,Format Ambiguity,0.2618,Vague / Missing Context,0.0707,Formality / Audience Mismatch,0.0241,184,0.569
3872863052f34fbcf499bedff1b51200,50,Vague / Missing Context,0.4157,No Smell,0.2518,Format Ambiguity,0.0880,Bias / Loaded Framing,0.0695,157,0.558
9cbfd3a08ebae53309f41ece1b1d4275,1,No Smell,0.4135,Vague / Missing Context,0.2353,Format Ambiguity,0.1262,Ambiguous References,0.0651,148,0.063
3eda9b55d13219e818597b04df62cec8,3,No Smell,0.5886,Format Ambiguity,0.2675,Vague / Missing Context,0.0670,Formality / Audience Mismatch,0.0275,70,0.659
d03125fb4d143db2e3b1d8c0cf1e6043,1,No Smell,0.6000,Format Ambiguity,0.1524,Vague / Missing Context,0.1275,Conflicting Constraints,0.0382,87,0.546
d03125fb4d143db2e3b1d8c0cf1e6043,2,No Smell,0.5004,Vague / Missing Context,0.2246,Format Ambiguity,0.1395,Formality / Audience Mismatch,0.0447,103,0.556
d03125fb4d143db2e3b1d8c0cf1e6043,3,No Smell,0.5636,Format Ambiguity,0.1673,Vague / Missing Context,0.1497,Formality / Audience Mismatch,0.0384,72,0.544
d03125fb4d143db2e3b1d8c0cf1e6043,4,No Smell,0.5781,Format Ambiguity,0.1859,Vague / Missing Context,0.1363,Conflicting Constraints,0.0364,51,0.543
d03125fb4d143db2e3b1d8c0cf1e6043,5,No Smell,0.5717,Format Ambiguity,0.1970,Vague / Missing Context,0.1175,Conflicting Constraints,0.0438,55,0.543
f7cdd4dac9d89158861bd099f2573308,3,No Smell,0.7648,Format Ambiguity,0.1895,Formality / Audience Mismatch,0.0161,Vague / Missing Context,0.0131,43,0.543
f7cdd4dac9d89158861bd099f2573308,5,No Smell,0.8239,Format Ambiguity,0.1044,Vague / Missing Context,0.0239,Formality / Audience Mismatch,0.0235,164,0.589
a8dc465a7085b15ce0b4dc2dca8e0876,1,No Smell,0.5056,Format Ambiguity,0.1708,Vague / Missing Context,0.1299,Conflicting Constraints,0.0597,1205,0.864
61a9e5cf083d2c722b23b439ef279a32,1,No Smell,0.5948,Format Ambiguity,0.1797,Vague / Missing Context,0.1255,Formality / Audience Mismatch,0.0355,62,0.543
72fdc16def51631284e2166ca63663cb,1,Vague / Missing Context,0.3779,No Smell,0.3477,Format Ambiguity,0.1131,Ambiguous References,0.1122,109,0.589
72fdc16def51631284e2166ca63663cb,3,Vague / Missing Context,0.3649,No Smell,0.2983,Format Ambiguity,0.1442,Ambiguous References,0.1164,295,0.636
fb72c273828fdab9a44afab2fed11ea1,1,No Smell,0.5212,Format Ambiguity,0.2702,Vague / Missing Context,0.1475,Formality / Audience Mismatch,0.0246,127,0.659
2156d622806ed471691de9c9e961db46,1,No Smell,0.3913,Vague / Missing Context,0.3220,Format Ambiguity,0.1584,Formality / Audience Mismatch,0.0332,47,0.544
2156d622806ed471691de9c9e961db46,2,Vague / Missing Context,0.4065,No Smell,0.3148,Format Ambiguity,0.1665,Ambiguous References,0.0498,50,0.543
bca1218e021c0bffb33ca888235cdae4,1,No Smell,0.6949,Format Ambiguity,0.2277,Vague / Missing Context,0.0273,Formality / Audience Mismatch,0.0203,86,0.062
bca1218e021c0bffb33ca888235cdae4,2,Vague / Missing Context,0.4299,No Smell,0.3063,Format Ambiguity,0.0791,Ambiguous References,0.0556,143,0.555
bca1218e021c0bffb33ca888235cdae4,3,No Smell,0.6304,Format Ambiguity,0.2532,Vague / Missing Context,0.0574,Conflicting Constraints,0.0201,168,0.568
bca1218e021c0bffb33ca888235cdae4,4,No Smell,0.5609,Format Ambiguity,0.2541,Vague / Missing Context,0.1241,Formality / Audience Mismatch,0.0217,140,0.557
bca1218e021c0bffb33ca888235cdae4,5,Vague / Missing Context,0.4404,No Smell,0.2553,Ambiguous References,0.0922,Format Ambiguity,0.0780,175,0.558
bca1218e021c0bffb33ca888235cdae4,6,No Smell,0.4972,Format Ambiguity,0.2621,Vague / Missing Context,0.1169,Conflicting Constraints,0.0568,176,0.570
bca1218e021c0bffb33ca888235cdae4,7,No Smell,0.3915,Vague / Missing Context,0.2471,Format Ambiguity,0.2343,Ambiguous References,0.0365,198,0.569
bca1218e021c0bffb33ca888235cdae4,8,No Smell,0.4307,Vague / Missing Context,0.3386,Format Ambiguity,0.1471,Ambiguous References,0.0255,214,0.571
bca1218e021c0bffb33ca888235cdae4,9,No Smell,0.6782,Format Ambiguity,0.2345,Vague / Missing Context,0.0414,Conflicting Constraints,0.0228,183,0.569
bca1218e021c0bffb33ca888235cdae4,10,Vague / Missing Context,0.5668,No Smell,0.1537,Format Ambiguity,0.1223,Ambiguous References,0.0886,141,0.568
bca1218e021c0bffb33ca888235cdae4,11,No Smell,0.4200,Vague / Missing Context,0.3649,Format Ambiguity,0.1231,Formality / Audience Mismatch,0.0290,131,0.569
bca1218e021c0bffb33ca888235cdae4,12,No Smell,0.4205,Vague / Missing Context,0.2824,Format Ambiguity,0.1495,Formality / Audience Mismatch,0.0414,179,0.569
bca1218e021c0bffb33ca888235cdae4,13,No Smell,0.5932,Format Ambiguity,0.2351,Vague / Missing Context,0.0871,Conflicting Constraints,0.0311,148,0.558
bca1218e021c0bffb33ca888235cdae4,14,No Smell,0.6053,Format Ambiguity,0.2383,Vague / Missing Context,0.0610,Conflicting Constraints,0.0379,193,0.558
bca1218e021c0bffb33ca888235cdae4,15,No Smell,0.4802,Format Ambiguity,0.2446,Vague / Missing Context,0.1798,Conflicting Constraints,0.0342,145,0.065
bca1218e021c0bffb33ca888235cdae4,16,No Smell,0.5531,Format Ambiguity,0.2764,Vague / Missing Context,0.1079,Conflicting Constraints,0.0212,203,0.566
bca1218e021c0bffb33ca888235cdae4,17,No Smell,0.4112,Vague / Missing Context,0.3112,Format Ambiguity,0.1381,Ambiguous References,0.0353,172,0.556
bca1218e021c0bffb33ca888235cdae4,18,No Smell,0.5409,Format Ambiguity,0.2559,Vague / Missing Context,0.1093,Conflicting Constraints,0.0308,180,0.557
bca1218e021c0bffb33ca888235cdae4,19,No Smell,0.5429,Format Ambiguity,0.2846,Vague / Missing Context,0.1139,Conflicting Constraints,0.0242,198,0.569
bca1218e021c0bffb33ca888235cdae4,20,No Smell,0.4070,Vague / Missing Context,0.2792,Format Ambiguity,0.2083,Ambiguous References,0.0399,192,0.569
bca1218e021c0bffb33ca888235cdae4,21,No Smell,0.7354,Format Ambiguity,0.1781,Vague / Missing Context,0.0288,Formality / Audience Mismatch,0.0240,152,0.558
bca1218e021c0bffb33ca888235cdae4,22,No Smell,0.4335,Format Ambiguity,0.2673,Vague / Missing Context,0.2146,Ambiguous References,0.0236,151,0.557
bca1218e021c0bffb33ca888235cdae4,23,No Smell,0.5323,Format Ambiguity,0.2595,Vague / Missing Context,0.1375,Conflicting Constraints,0.0246,125,0.558
bca1218e021c0bffb33ca888235cdae4,24,No Smell,0.4245,Vague / Missing Context,0.2168,Format Ambiguity,0.1073,Formality / Audience Mismatch,0.0907,194,0.591
bca1218e021c0bffb33ca888235cdae4,25,Vague / Missing Context,0.4401,No Smell,0.2777,Format Ambiguity,0.0981,Bias / Loaded Framing,0.0599,172,0.568
bca1218e021c0bffb33ca888235cdae4,26,No Smell,0.6116,Format Ambiguity,0.2413,Vague / Missing Context,0.0619,Conflicting Constraints,0.0363,206,0.569
bca1218e021c0bffb33ca888235cdae4,27,No Smell,0.3829,Vague / Missing Context,0.3441,Format Ambiguity,0.1470,Formality / Audience Mismatch,0.0353,171,0.570
bca1218e021c0bffb33ca888235cdae4,28,Vague / Missing Context,0.3630,No Smell,0.3168,Bias / Loaded Framing,0.1021,Ambiguous References,0.0848,168,0.589
bca1218e021c0bffb33ca888235cdae4,29,No Smell,0.3433,Vague / Missing Context,0.2820,Format Ambiguity,0.1435,Bias / Loaded Framing,0.0751,161,0.588
bca1218e021c0bffb33ca888235cdae4,30,No Smell,0.6555,Format Ambiguity,0.2155,Vague / Missing Context,0.0544,Conflicting Constraints,0.0277,175,0.570
bca1218e021c0bffb33ca888235cdae4,31,No Smell,0.4802,Format Ambiguity,0.2446,Vague / Missing Context,0.1798,Conflicting Constraints,0.0342,145,0.062
bca1218e021c0bffb33ca888235cdae4,32,No Smell,0.6637,Format Ambiguity,0.1651,Vague / Missing Context,0.0913,Conflicting Constraints,0.0287,137,0.554
bca1218e021c0bffb33ca888235cdae4,33,No Smell,0.4084,Format Ambiguity,0.2590,Vague / Missing Context,0.2213,Conflicting Constraints,0.0386,170,0.556
bca1218e021c0bffb33ca888235cdae4,34,No Smell,0.5693,Format Ambiguity,0.1989,Vague / Missing Context,0.1265,Conflicting Constraints,0.0375,165,0.557
bca1218e021c0bffb33ca888235cdae4,35,No Smell,0.5746,Format Ambiguity,0.2746,Vague / Missing Context,0.0810,Conflicting Constraints,0.0297,207,0.569
bca1218e021c0bffb33ca888235cdae4,36,No Smell,0.6426,Format Ambiguity,0.1323,Vague / Missing Context,0.0981,Conflicting Constraints,0.0448,191,0.570
bca1218e021c0bffb33ca888235cdae4,37,No Smell,0.5532,Format Ambiguity,0.2240,Vague / Missing Context,0.1348,Conflicting Constraints,0.0360,226,0.589
bca1218e021c0bffb33ca888235cdae4,38,Vague / Missing Context,0.3915,No Smell,0.3005,Format Ambiguity,0.1503,Ambiguous References,0.0620,136,0.557
bca1218e021c0bffb33ca888235cdae4,39,No Smell,0.3668,Vague / Missing Context,0.3198,Format Ambiguity,0.2053,Ambiguous References,0.0386,147,0.557
bca1218e021c0bffb33ca888235cdae4,40,No Smell,0.3882,Vague / Missing Context,0.2411,Format Ambiguity,0.1847,Formality / Audience Mismatch,0.0553,184,0.589
bca1218e021c0bffb33ca888235cdae4,41,Vague / Missing Context,0.4741,No Smell,0.1939,Bias / Loaded Framing,0.0993,Ambiguous References,0.0750,172,0.587
bca1218e021c0bffb33ca888235cdae4,42,No Smell,0.4802,Format Ambiguity,0.2446,Vague / Missing Context,0.1798,Conflicting Constraints,0.0342,145,0.061
bca1218e021c0bffb33ca888235cdae4,43,Vague / Missing Context,0.6079,No Smell,0.1515,Ambiguous References,0.0777,Formality / Audience Mismatch,0.0544,191,0.587
bca1218e021c0bffb33ca888235cdae4,44,No Smell,0.5674,Format Ambiguity,0.2092,Vague / Missing Context,0.1341,Conflicting Constraints,0.0299,207,0.588
bca1218e021c0bffb33ca888235cdae4,45,No Smell,0.4500,Format Ambiguity,0.2587,Vague / Missing Context,0.1768,Conflicting Constraints,0.0360,183,0.558
bca1218e021c0bffb33ca888235cdae4,46,Vague / Missing Context,0.4797,No Smell,0.1971,Format Ambiguity,0.1055,Ambiguous References,0.0827,132,0.558
bca1218e021c0bffb33ca888235cdae4,47,No Smell,0.5716,Format Ambiguity,0.2760,Vague / Missing Context,0.0596,Conflicting Constraints,0.0423,157,0.558
bca1218e021c0bffb33ca888235cdae4,48,No Smell,0.3858,Format Ambiguity,0.2507,Vague / Missing Context,0.2371,Ambiguous References,0.0355,128,0.556
bca1218e021c0bffb33ca888235cdae4,49,No Smell,0.4968,Format Ambiguity,0.2239,Vague / Missing Context,0.1560,Conflicting Constraints,0.0457,149,0.558
bca1218e021c0bffb33ca888235cdae4,50,No Smell,0.7520,Format Ambiguity,0.1296,Vague / Missing Context,0.0377,Conflicting Constraints,0.0300,196,0.570
bca1218e021c0bffb33ca888235cdae4,51,No Smell,0.3557,Vague / Missing Context,0.3347,Format Ambiguity,0.1662,Formality / Audience Mismatch,0.0418,171,0.570
7313ec278570b39018aa9d90a9fd2094,1,Vague / Missing Context,0.3481,No Smell,0.2878,Format Ambiguity,0.1668,Formality / Audience Mismatch,0.0486,77,0.556
b45176d9ef8584e3904e05c3a00935e7,1,No Smell,0.4852,Vague / Missing Context,0.2309,Format Ambiguity,0.1539,Formality / Audience Mismatch,0.0414,79,0.544
124269035ab63f64fd0472a55c59860b,1,No Smell,0.6252,Vague / Missing Context,0.2380,Format Ambiguity,0.0708,Formality / Audience Mismatch,0.0336,111,0.543
124269035ab63f64fd0472a55c59860b,2,No Smell,0.7259,Format Ambiguity,0.1823,Vague / Missing Context,0.0569,Formality / Audience Mismatch,0.0170,11,0.530
124269035ab63f64fd0472a55c59860b,4,No Smell,0.3996,Vague / Missing Context,0.3874,Format Ambiguity,0.1232,Formality / Audience Mismatch,0.0307,72,0.543
2cf23df14115324a0d8619a3d2a74940,2,No Smell,0.6170,Format Ambiguity,0.1458,Vague / Missing Context,0.1165,Formality / Audience Mismatch,0.0417,422,0.639
2cf23df14115324a0d8619a3d2a74940,4,No Smell,0.4270,Vague / Missing Context,0.2602,Format Ambiguity,0.1813,Ambiguous References,0.0724,227,0.592
b6ebe5a455a04584a15ce78bfc48a6c5,1,No Smell,0.6684,Format Ambiguity,0.0772,Vague / Missing Context,0.0656,Conflicting Constraints,0.0458,2308,0.986
b6ebe5a455a04584a15ce78bfc48a6c5,2,No Smell,0.6315,Format Ambiguity,0.2076,Vague / Missing Context,0.1076,Formality / Audience Mismatch,0.0207,53,0.542
b6ebe5a455a04584a15ce78bfc48a6c5,3,No Smell,0.4400,Vague / Missing Context,0.2559,Format Ambiguity,0.1448,Ambiguous References,0.0451,224,0.590
b6ebe5a455a04584a15ce78bfc48a6c5,4,No Smell,0.4793,Vague / Missing Context,0.2145,Format Ambiguity,0.1281,Formality / Audience Mismatch,0.0505,156,0.556
d047c9bb2b6e02aa72360e53d99ed2f6,1,No Smell,0.4131,Vague / Missing Context,0.2994,Format Ambiguity,0.2219,Formality / Audience Mismatch,0.0247,34,0.543
9b5081dee54ff3911f43ca4c620a900d,1,No Smell,0.3928,Format Ambiguity,0.2840,Vague / Missing Context,0.2601,Formality / Audience Mismatch,0.0201,19,0.542
9b5081dee54ff3911f43ca4c620a900d,2,Format Ambiguity,0.4882,No Smell,0.3270,Vague / Missing Context,0.1388,Conflicting Constraints,0.0143,28,0.541
9b5081dee54ff3911f43ca4c620a900d,3,Format Ambiguity,0.5549,No Smell,0.2675,Vague / Missing Context,0.1397,Formality / Audience Mismatch,0.0107,27,0.542
9b5081dee54ff3911f43ca4c620a900d,4,Format Ambiguity,0.3899,No Smell,0.3829,Vague / Missing Context,0.1748,Formality / Audience Mismatch,0.0171,27,0.543
9b5081dee54ff3911f43ca4c620a900d,5,Format Ambiguity,0.4038,No Smell,0.4001,Vague / Missing Context,0.1426,Conflicting Constraints,0.0174,27,0.542
9b5081dee54ff3911f43ca4c620a900d,6,Format Ambiguity,0.4656,No Smell,0.3558,Vague / Missing Context,0.1324,Formality / Audience Mismatch,0.0144,40,0.542
9b5081dee54ff3911f43ca4c620a900d,7,No Smell,0.4166,Format Ambiguity,0.2954,Vague / Missing Context,0.2183,Formality / Audience Mismatch,0.0256,39,0.542
9b5081dee54ff3911f43ca4c620a900d,8,No Smell,0.5625,Format Ambiguity,0.2242,Vague / Missing Context,0.1512,Formality / Audience Mismatch,0.0213,8,0.531
9b5081dee54ff3911f43ca4c620a900d,9,No Smell,0.5004,Format Ambiguity,0.3342,Vague / Missing Context,0.1179,Formality / Audience Mismatch,0.0175,14,0.542
9b5081dee54ff3911f43ca4c620a900d,10,Vague / Missing Context,0.4708,No Smell,0.2636,Format Ambiguity,0.0993,Ambiguous References,0.0617,94,0.556
8574263ffa62bb58f3ab33de994997fc,1,No Smell,0.4991,Vague / Missing Context,0.2508,Format Ambiguity,0.1342,Formality / Audience Mismatch,0.0356,197,0.569
8574263ffa62bb58f3ab33de994997fc,2,No Smell,0.6018,Vague / Missing Context,0.1599,Format Ambiguity,0.1084,Formality / Audience Mismatch,0.0476,170,0.569
81df335ff689a5670ef1ff010500444d,1,No Smell,0.4711,Vague / Missing Context,0.3059,Format Ambiguity,0.1072,Conflicting Constraints,0.0424,63,0.542
81df335ff689a5670ef1ff010500444d,2,No Smell,0.6341,Vague / Missing Context,0.1367,Format Ambiguity,0.1230,Formality / Audience Mismatch,0.0426,84,0.553
97d7374fcc5125ca8b8da3fbc225a55a,6,No Smell,0.5222,Format Ambiguity,0.3733,Vague / Missing Context,0.0373,Conflicting Constraints,0.0222,782,0.769
4768a83ffc071a2788aa8c63ee8f4f19,1,No Smell,0.6975,Format Ambiguity,0.1506,Vague / Missing Context,0.0886,Formality / Audience Mismatch,0.0320,43,0.541
4768a83ffc071a2788aa8c63ee8f4f19,2,No Smell,0.6819,Format Ambiguity,0.1614,Vague / Missing Context,0.0950,Formality / Audience Mismatch,0.0305,48,0.543
4768a83ffc071a2788aa8c63ee8f4f19,4,No Smell,0.6966,Format Ambiguity,0.1864,Vague / Missing Context,0.0663,Formality / Audience Mismatch,0.0228,39,0.542
4768a83ffc071a2788aa8c63ee8f4f19,5,No Smell,0.5472,Vague / Missing Context,0.2290,Format Ambiguity,0.1764,Formality / Audience Mismatch,0.0225,20,0.540
cab9bebb67a1e6c6856273f3791f9fe2,1,No Smell,0.6684,Format Ambiguity,0.0772,Vague / Missing Context,0.0656,Conflicting Constraints,0.0458,2308,0.080
cab9bebb67a1e6c6856273f3791f9fe2,2,No Smell,0.6315,Format Ambiguity,0.2076,Vague / Missing Context,0.1076,Formality / Audience Mismatch,0.0207,53,0.062
cab9bebb67a1e6c6856273f3791f9fe2,3,No Smell,0.3897,Vague / Missing Context,0.3665,Format Ambiguity,0.1011,Ambiguous References,0.0779,138,0.556
7546d33e884f3cf63426292e3a14e971,1,No Smell,0.6949,Format Ambiguity,0.2277,Vague / Missing Context,0.0273,Formality / Audience Mismatch,0.0203,86,0.061
7546d33e884f3cf63426292e3a14e971,2,No Smell,0.4706,Format Ambiguity,0.2387,Vague / Missing Context,0.1718,Formality / Audience Mismatch,0.0331,142,0.555
7546d33e884f3cf63426292e3a14e971,3,Vague / Missing Context,0.6574,No Smell,0.1329,Ambiguous References,0.0861,Format Ambiguity,0.0497,198,0.567
7546d33e884f3cf63426292e3a14e971,4,No Smell,0.3822,Vague / Missing Context,0.2702,Format Ambiguity,0.1330,Conflicting Constraints,0.0520,235,0.568
7546d33e884f3cf63426292e3a14e971,5,No Smell,0.4783,Format Ambiguity,0.1983,Vague / Missing Context,0.1887,Conflicting Constraints,0.0376,191,0.568
7546d33e884f3cf63426292e3a14e971,6,No Smell,0.4726,Format Ambiguity,0.2696,Vague / Missing Context,0.1604,Conflicting Constraints,0.0339,182,0.557
7546d33e884f3cf63426292e3a14e971,7,No Smell,0.3477,Format Ambiguity,0.2948,Vague / Missing Context,0.1947,Ambiguous References,0.0397,153,0.569
7546d33e884f3cf63426292e3a14e971,8,No Smell,0.6363,Format Ambiguity,0.2494,Vague / Missing Context,0.0643,Conflicting Constraints,0.0215,189,0.557
7546d33e884f3cf63426292e3a14e971,9,No Smell,0.4113,Format Ambiguity,0.2434,Vague / Missing Context,0.1941,Formality / Audience Mismatch,0.0381,198,0.588
7546d33e884f3cf63426292e3a14e971,10,Vague / Missing Context,0.2978,No Smell,0.2872,Bias / Loaded Framing,0.1304,Formality / Audience Mismatch,0.1233,133,0.567
7546d33e884f3cf63426292e3a14e971,11,Vague / Missing Context,0.5484,No Smell,0.1618,Ambiguous References,0.1060,Format Ambiguity,0.0758,201,0.569
7546d33e884f3cf63426292e3a14e971,12,No Smell,0.4613,Format Ambiguity,0.3052,Vague / Missing Context,0.1183,Bias / Loaded Framing,0.0315,172,0.588
7546d33e884f3cf63426292e3a14e971,13,No Smell,0.4206,Vague / Missing Context,0.2325,Format Ambiguity,0.2235,Formality / Audience Mismatch,0.0353,175,0.566
7546d33e884f3cf63426292e3a14e971,14,No Smell,0.5472,Format Ambiguity,0.1948,Vague / Missing Context,0.1809,Conflicting Constraints,0.0321,199,0.569
7546d33e884f3cf63426292e3a14e971,15,No Smell,0.4850,Format Ambiguity,0.2691,Vague / Missing Context,0.1477,Formality / Audience Mismatch,0.0315,179,0.569
7546d33e884f3cf63426292e3a14e971,16,No Smell,0.4815,Vague / Missing Context,0.2513,Format Ambiguity,0.1452,Ambiguous References,0.0391,164,0.558
7546d33e884f3cf63426292e3a14e971,17,Vague / Missing Context,0.5615,No Smell,0.1936,Ambiguous References,0.0984,Format Ambiguity,0.0542,221,0.589
7546d33e884f3cf63426292e3a14e971,18,No Smell,0.6830,Format Ambiguity,0.1898,Vague / Missing Context,0.0408,Formality / Audience Mismatch,0.0322,205,0.570
7546d33e884f3cf63426292e3a14e971,19,No Smell,0.5370,Format Ambiguity,0.2037,Vague / Missing Context,0.1698,Formality / Audience Mismatch,0.0275,228,0.569
7546d33e884f3cf63426292e3a14e971,20,No Smell,0.5025,Format Ambiguity,0.2720,Vague / Missing Context,0.1240,Conflicting Constraints,0.0372,160,0.589
7546d33e884f3cf63426292e3a14e971,21,No Smell,0.4782,Vague / Missing Context,0.2231,Format Ambiguity,0.1926,Conflicting Constraints,0.0368,190,0.569
7546d33e884f3cf63426292e3a14e971,22,No Smell,0.4159,Vague / Missing Context,0.2991,Format Ambiguity,0.1470,Ambiguous References,0.0502,231,0.589
7546d33e884f3cf63426292e3a14e971,23,No Smell,0.7424,Format Ambiguity,0.1332,Vague / Missing Context,0.0663,Conflicting Constraints,0.0261,217,0.569
7546d33e884f3cf63426292e3a14e971,24,No Smell,0.5709,Format Ambiguity,0.2167,Vague / Missing Context,0.1372,Conflicting Constraints,0.0270,170,0.557
7546d33e884f3cf63426292e3a14e971,25,No Smell,0.5353,Vague / Missing Context,0.1946,Format Ambiguity,0.1744,Conflicting Constraints,0.0346,216,0.588
7546d33e884f3cf63426292e3a14e971,26,No Smell,0.5314,Vague / Missing Context,0.1983,Format Ambiguity,0.1882,Formality / Audience Mismatch,0.0241,236,0.570
7546d33e884f3cf63426292e3a14e971,27,No Smell,0.5180,Format Ambiguity,0.2479,Vague / Missing Context,0.1456,Conflicting Constraints,0.0312,174,0.557
7546d33e884f3cf63426292e3a14e971,28,No Smell,0.4461,Vague / Missing Context,0.2604,Format Ambiguity,0.1605,Formality / Audience Mismatch,0.0383,215,0.569
7546d33e884f3cf63426292e3a14e971,29,No Smell,0.4684,Vague / Missing Context,0.1890,Format Ambiguity,0.1544,Formality / Audience Mismatch,0.0532,166,0.555
7546d33e884f3cf63426292e3a14e971,30,No Smell,0.5392,Vague / Missing Context,0.1593,Format Ambiguity,0.1570,Conflicting Constraints,0.0449,248,0.587
7546d33e884f3cf63426292e3a14e971,31,Vague / Missing Context,0.4078,No Smell,0.2277,Format Ambiguity,0.1874,Ambiguous References,0.0658,180,0.569
7546d33e884f3cf63426292e3a14e971,32,No Smell,0.5422,Format Ambiguity,0.1868,Vague / Missing Context,0.1842,Conflicting Constraints,0.0308,188,0.570
7546d33e884f3cf63426292e3a14e971,33,No Smell,0.4324,Vague / Missing Context,0.2502,Format Ambiguity,0.2033,Conflicting Constraints,0.0292,195,0.568
7546d33e884f3cf63426292e3a14e971,34,No Smell,0.6985,Format Ambiguity,0.2033,Vague / Missing Context,0.0432,Conflicting Constraints,0.0259,184,0.568
7546d33e884f3cf63426292e3a14e971,35,No Smell,0.3815,Vague / Missing Context,0.2710,Format Ambiguity,0.2089,Ambiguous References,0.0446,182,0.569
7546d33e884f3cf63426292e3a14e971,36,No Smell,0.3406,Vague / Missing Context,0.3019,Format Ambiguity,0.1554,Ambiguous References,0.0935,203,0.569
7546d33e884f3cf63426292e3a14e971,37,No Smell,0.5873,Vague / Missing Context,0.1703,Format Ambiguity,0.1544,Formality / Audience Mismatch,0.0317,159,0.570
7546d33e884f3cf63426292e3a14e971,38,No Smell,0.4583,Format Ambiguity,0.2693,Vague / Missing Context,0.1764,Conflicting Constraints,0.0415,181,0.569
7546d33e884f3cf63426292e3a14e971,39,No Smell,0.6700,Format Ambiguity,0.2245,Vague / Missing Context,0.0437,Conflicting Constraints,0.0255,201,0.570
7546d33e884f3cf63426292e3a14e971,40,No Smell,0.3875,Vague / Missing Context,0.2928,Format Ambiguity,0.1901,Ambiguous References,0.0354,183,0.570
7546d33e884f3cf63426292e3a14e971,41,No Smell,0.3937,Vague / Missing Context,0.2658,Format Ambiguity,0.2019,Conflicting Constraints,0.0428,204,0.569
7546d33e884f3cf63426292e3a14e971,42,No Smell,0.5990,Format Ambiguity,0.2049,Vague / Missing Context,0.1248,Conflicting Constraints,0.0275,267,0.589
7546d33e884f3cf63426292e3a14e971,43,No Smell,0.4047,Vague / Missing Context,0.2521,Format Ambiguity,0.1581,Ambiguous References,0.0520,211,0.587
7546d33e884f3cf63426292e3a14e971,44,No Smell,0.4691,Format Ambiguity,0.2260,Vague / Missing Context,0.2160,Conflicting Constraints,0.0279,191,0.567
7546d33e884f3cf63426292e3a14e971,45,No Smell,0.5381,Format Ambiguity,0.1986,Vague / Missing Context,0.1680,Formality / Audience Mismatch,0.0275,184,0.567
7546d33e884f3cf63426292e3a14e971,46,No Smell,0.5020,Format Ambiguity,0.2056,Vague / Missing Context,0.1636,Ambiguous References,0.0316,216,0.569
7546d33e884f3cf63426292e3a14e971,47,No Smell,0.5565,Format Ambiguity,0.2390,Vague / Missing Context,0.1263,Conflicting Constraints,0.0300,152,0.557
7546d33e884f3cf63426292e3a14e971,48,No Smell,0.6152,Format Ambiguity,0.2061,Vague / Missing Context,0.0995,Conflicting Constraints,0.0300,173,0.569
7546d33e884f3cf63426292e3a14e971,49,Vague / Missing Context,0.3182,No Smell,0.3070,Ambiguous References,0.0983,Format Ambiguity,0.0970,211,0.587
7546d33e884f3cf63426292e3a14e971,50,No Smell,0.3815,Vague / Missing Context,0.3123,Format Ambiguity,0.1125,Ambiguous References,0.0662,176,0.567
7546d33e884f3cf63426292e3a14e971,51,No Smell,0.6682,Format Ambiguity,0.1586,Vague / Missing Context,0.0966,Conflicting Constraints,0.0278,207,0.569
4b503b4a0aa1b1f042c72f7eb08e7896,1,Vague / Missing Context,0.5128,No Smell,0.3350,Format Ambiguity,0.0640,Formality / Audience Mismatch,0.0309,33,0.530
4b503b4a0aa1b1f042c72f7eb08e7896,2,No Smell,0.7013,Format Ambiguity,0.1186,Vague / Missing Context,0.1173,Formality / Audience Mismatch,0.0246,60,0.543
4b503b4a0aa1b1f042c72f7eb08e7896,3,No Smell,0.6444,Format Ambiguity,0.1910,Vague / Missing Context,0.1068,Formality / Audience Mismatch,0.0244,37,0.542
4b503b4a0aa1b1f042c72f7eb08e7896,4,No Smell,0.5451,Vague / Missing Context,0.2169,Format Ambiguity,0.1768,Formality / Audience Mismatch,0.0251,37,0.542
4b503b4a0aa1b1f042c72f7eb08e7896,5,No Smell,0.5784,Format Ambiguity,0.1880,Vague / Missing Context,0.1712,Formality / Audience Mismatch,0.0255,41,0.541
4b503b4a0aa1b1f042c72f7eb08e7896,6,No Smell,0.6601,Format Ambiguity,0.2209,Vague / Missing Context,0.0668,Formality / Audience Mismatch,0.0215,53,0.541
4b503b4a0aa1b1f042c72f7eb08e7896,7,No Smell,0.5549,Format Ambiguity,0.2165,Vague / Missing Context,0.1524,Conflicting Constraints,0.0287,61,0.543
4b503b4a0aa1b1f042c72f7eb08e7896,8,No Smell,0.6865,Format Ambiguity,0.2418,Vague / Missing Context,0.0292,Formality / Audience Mismatch,0.0174,20,0.530
4b503b4a0aa1b1f042c72f7eb08e7896,9,No Smell,0.5985,Format Ambiguity,0.1663,Vague / Missing Context,0.1571,Conflicting Constraints,0.0316,12,0.531
4b503b4a0aa1b1f042c72f7eb08e7896,11,No Smell,0.7583,Format Ambiguity,0.1667,Vague / Missing Context,0.0262,Conflicting Constraints,0.0194,56,0.542
bcf5bb1f6efce3e27dcee16df3934039,1,No Smell,0.7583,Format Ambiguity,0.1667,Vague / Missing Context,0.0262,Conflicting Constraints,0.0194,56,0.047
40036380002cff420704a330ff65d11a,1,No Smell,0.5647,Vague / Missing Context,0.1565,Format Ambiguity,0.1471,Formality / Audience Mismatch,0.0533,92,0.542
e5d23d788085d51e2dcf919e44ec6206,1,No Smell,0.6104,Format Ambiguity,0.1603,Vague / Missing Context,0.1059,Formality / Audience Mismatch,0.0507,92,0.544
0bdccfe1f21b5f0256b41e0c8b42ab40,2,No Smell,0.6345,Format Ambiguity,0.2003,Vague / Missing Context,0.0813,Formality / Audience Mismatch,0.0293,56,0.543
0bdccfe1f21b5f0256b41e0c8b42ab40,3,No Smell,0.5290,Vague / Missing Context,0.2450,Format Ambiguity,0.1513,Conflicting Constraints,0.0276,209,0.569
0bdccfe1f21b5f0256b41e0c8b42ab40,4,No Smell,0.4985,Vague / Missing Context,0.2201,Format Ambiguity,0.2050,Formality / Audience Mismatch,0.0226,51,0.544
b97abb3788fdc5874d5b55fa148aa99f,1,No Smell,0.5397,Vague / Missing Context,0.2278,Format Ambiguity,0.1471,Formality / Audience Mismatch,0.0339,58,0.545
09d05af0b30963fa3c09bb8add0d8c82,1,No Smell,0.4196,Vague / Missing Context,0.2311,Format Ambiguity,0.1014,Conflicting Constraints,0.0642,761,0.664
c9bdd64e11ce89068e875c479a77567e,1,No Smell,0.6033,Vague / Missing Context,0.1842,Format Ambiguity,0.1584,Formality / Audience Mismatch,0.0250,8,0.530
c9bdd64e11ce89068e875c479a77567e,2,Vague / Missing Context,0.4118,No Smell,0.2037,Ambiguous References,0.1637,Format Ambiguity,0.0977,62,0.543
5daa705af3b24994dbfbf5346009fbc5,1,No Smell,0.6431,Format Ambiguity,0.1850,Vague / Missing Context,0.0694,Conflicting Constraints,0.0454,1795,0.869
5daa705af3b24994dbfbf5346009fbc5,2,No Smell,0.6031,Format Ambiguity,0.1512,Vague / Missing Context,0.1229,Conflicting Constraints,0.0491,824,0.705
5daa705af3b24994dbfbf5346009fbc5,3,Vague / Missing Context,0.3254,No Smell,0.3138,Format Ambiguity,0.1393,Conflicting Constraints,0.0572,1331,0.817
5daa705af3b24994dbfbf5346009fbc5,4,No Smell,0.6552,Vague / Missing Context,0.1626,Format Ambiguity,0.0675,Conflicting Constraints,0.0565,601,0.664
5daa705af3b24994dbfbf5346009fbc5,5,No Smell,0.5864,Format Ambiguity,0.1444,Vague / Missing Context,0.1259,Conflicting Constraints,0.0574,1324,0.815
5f6c1244af7d1c9175aca4e4d9c7464a,1,No Smell,0.6949,Format Ambiguity,0.2277,Vague / Missing Context,0.0273,Formality / Audience Mismatch,0.0203,86,0.063
5f6c1244af7d1c9175aca4e4d9c7464a,2,Vague / Missing Context,0.5846,No Smell,0.1290,Ambiguous References,0.0942,Bias / Loaded Framing,0.0696,160,0.569
5f6c1244af7d1c9175aca4e4d9c7464a,3,No Smell,0.6867,Format Ambiguity,0.1944,Vague / Missing Context,0.0452,Conflicting Constraints,0.0325,170,0.568
5f6c1244af7d1c9175aca4e4d9c7464a,4,No Smell,0.7319,Format Ambiguity,0.1886,Vague / Missing Context,0.0438,Conflicting Constraints,0.0128,137,0.554
5f6c1244af7d1c9175aca4e4d9c7464a,5,No Smell,0.5523,Format Ambiguity,0.2188,Vague / Missing Context,0.1472,Formality / Audience Mismatch,0.0295,161,0.569
5f6c1244af7d1c9175aca4e4d9c7464a,6,No Smell,0.6545,Format Ambiguity,0.1874,Vague / Missing Context,0.0868,Conflicting Constraints,0.0280,166,0.567
5f6c1244af7d1c9175aca4e4d9c7464a,7,No Smell,0.6167,Format Ambiguity,0.1995,Vague / Missing Context,0.1234,Formality / Audience Mismatch,0.0215,164,0.566
5f6c1244af7d1c9175aca4e4d9c7464a,8,No Smell,0.6953,Format Ambiguity,0.1509,Vague / Missing Context,0.0962,Conflicting Constraints,0.0248,179,0.556
5f6c1244af7d1c9175aca4e4d9c7464a,9,No Smell,0.6492,Format Ambiguity,0.1771,Vague / Missing Context,0.0766,Conflicting Constraints,0.0346,212,0.567
5f6c1244af7d1c9175aca4e4d9c7464a,10,Vague / Missing Context,0.4137,No Smell,0.2821,Format Ambiguity,0.1051,Ambiguous References,0.0726,151,0.555
5f6c1244af7d1c9175aca4e4d9c7464a,11,No Smell,0.4893,Vague / Missing Context,0.2173,Format Ambiguity,0.1652,Formality / Audience Mismatch,0.0391,219,0.568
5f6c1244af7d1c9175aca4e4d9c7464a,12,Vague / Missing Context,0.5160,No Smell,0.2552,Format Ambiguity,0.0721,Ambiguous References,0.0660,143,0.554
5f6c1244af7d1c9175aca4e4d9c7464a,13,No Smell,0.5526,Format Ambiguity,0.2292,Vague / Missing Context,0.1176,Formality / Audience Mismatch,0.0333,222,0.568
5f6c1244af7d1c9175aca4e4d9c7464a,14,No Smell,0.5501,Format Ambiguity,0.2236,Vague / Missing Context,0.1214,Conflicting Constraints,0.0338,236,0.568
5f6c1244af7d1c9175aca4e4d9c7464a,15,No Smell,0.3470,Vague / Missing Context,0.3060,Format Ambiguity,0.1249,Ambiguous References,0.1103,193,0.556
5f6c1244af7d1c9175aca4e4d9c7464a,16,No Smell,0.5177,Vague / Missing Context,0.1906,Format Ambiguity,0.1732,Formality / Audience Mismatch,0.0361,156,0.556
5f6c1244af7d1c9175aca4e4d9c7464a,17,No Smell,0.4551,Format Ambiguity,0.2842,Vague / Missing Context,0.1501,Conflicting Constraints,0.0328,161,0.567
5f6c1244af7d1c9175aca4e4d9c7464a,18,No Smell,0.5004,Format Ambiguity,0.2504,Vague / Missing Context,0.1500,Formality / Audience Mismatch,0.0286,142,0.556
5f6c1244af7d1c9175aca4e4d9c7464a,19,No Smell,0.5571,Format Ambiguity,0.1892,Vague / Missing Context,0.1876,Conflicting Constraints,0.0256,166,0.587
5f6c1244af7d1c9175aca4e4d9c7464a,20,No Smell,0.4744,Format Ambiguity,0.2850,Vague / Missing Context,0.1313,Conflicting Constraints,0.0309,178,0.556
5f6c1244af7d1c9175aca4e4d9c7464a,21,No Smell,0.6790,Format Ambiguity,0.1573,Vague / Missing Context,0.0772,Conflicting Constraints,0.0327,163,0.557
5f6c1244af7d1c9175aca4e4d9c7464a,22,No Smell,0.5176,Format Ambiguity,0.1867,Vague / Missing Context,0.1665,Formality / Audience Mismatch,0.0443,173,0.556
5f6c1244af7d1c9175aca4e4d9c7464a,23,No Smell,0.5249,Vague / Missing Context,0.2097,Format Ambiguity,0.1907,Conflicting Constraints,0.0250,225,0.569
5f6c1244af7d1c9175aca4e4d9c7464a,24,No Smell,0.3910,Vague / Missing Context,0.2781,Format Ambiguity,0.2385,Formality / Audience Mismatch,0.0284,168,0.557
5f6c1244af7d1c9175aca4e4d9c7464a,25,No Smell,0.3971,Vague / Missing Context,0.2879,Format Ambiguity,0.2128,Conflicting Constraints,0.0291,227,0.570
5f6c1244af7d1c9175aca4e4d9c7464a,26,Vague / Missing Context,0.4242,No Smell,0.2959,Format Ambiguity,0.1337,Ambiguous References,0.0417,184,0.568
5f6c1244af7d1c9175aca4e4d9c7464a,27,No Smell,0.4232,Format Ambiguity,0.2508,Vague / Missing Context,0.2090,Ambiguous References,0.0325,122,0.557
5f6c1244af7d1c9175aca4e4d9c7464a,28,No Smell,0.7113,Format Ambiguity,0.1915,Vague / Missing Context,0.0369,Conflicting Constraints,0.0238,201,0.569
5f6c1244af7d1c9175aca4e4d9c7464a,29,No Smell,0.6195,Format Ambiguity,0.2382,Vague / Missing Context,0.0824,Conflicting Constraints,0.0219,173,0.558
5f6c1244af7d1c9175aca4e4d9c7464a,30,No Smell,0.5092,Format Ambiguity,0.2012,Vague / Missing Context,0.1602,Conflicting Constraints,0.0371,196,0.558
5f6c1244af7d1c9175aca4e4d9c7464a,31,No Smell,0.5972,Format Ambiguity,0.2109,Vague / Missing Context,0.1028,Formality / Audience Mismatch,0.0293,223,0.588
5f6c1244af7d1c9175aca4e4d9c7464a,32,Vague / Missing Context,0.4861,No Smell,0.2767,Format Ambiguity,0.1344,Ambiguous References,0.0482,132,0.556
5f6c1244af7d1c9175aca4e4d9c7464a,33,No Smell,0.4817,Format Ambiguity,0.2320,Vague / Missing Context,0.1626,Conflicting Constraints,0.0537,184,0.569
5f6c1244af7d1c9175aca4e4d9c7464a,34,Vague / Missing Context,0.3950,No Smell,0.3275,Format Ambiguity,0.1729,Ambiguous References,0.0427,162,0.557
5f6c1244af7d1c9175aca4e4d9c7464a,35,No Smell,0.5628,Vague / Missing Context,0.1841,Format Ambiguity,0.1660,Conflicting Constraints,0.0347,212,0.569
5f6c1244af7d1c9175aca4e4d9c7464a,36,No Smell,0.4057,Format Ambiguity,0.2323,Vague / Missing Context,0.2284,Formality / Audience Mismatch,0.0345,163,0.557
5f6c1244af7d1c9175aca4e4d9c7464a,37,No Smell,0.5302,Format Ambiguity,0.2749,Vague / Missing Context,0.0945,Conflicting Constraints,0.0400,208,0.559
5f6c1244af7d1c9175aca4e4d9c7464a,38,No Smell,0.3974,Vague / Missing Context,0.2830,Format Ambiguity,0.1746,Ambiguous References,0.0531,187,0.569
5f6c1244af7d1c9175aca4e4d9c7464a,39,No Smell,0.4498,Vague / Missing Context,0.2181,Format Ambiguity,0.1770,Bias / Loaded Framing,0.0424,202,0.558
5f6c1244af7d1c9175aca4e4d9c7464a,40,No Smell,0.4790,Vague / Missing Context,0.1962,Format Ambiguity,0.1521,Formality / Audience Mismatch,0.0485,188,0.557
5f6c1244af7d1c9175aca4e4d9c7464a,41,No Smell,0.4409,Format Ambiguity,0.2435,Vague / Missing Context,0.1992,Conflicting Constraints,0.0385,191,0.571
5f6c1244af7d1c9175aca4e4d9c7464a,42,Vague / Missing Context,0.6376,No Smell,0.1340,Ambiguous References,0.1017,Format Ambiguity,0.0520,175,0.568
5f6c1244af7d1c9175aca4e4d9c7464a,43,No Smell,0.4241,Vague / Missing Context,0.2489,Format Ambiguity,0.2130,Formality / Audience Mismatch,0.0355,129,0.568
5f6c1244af7d1c9175aca4e4d9c7464a,44,No Smell,0.6000,Format Ambiguity,0.2031,Vague / Missing Context,0.1252,Conflicting Constraints,0.0355,155,0.556
5f6c1244af7d1c9175aca4e4d9c7464a,45,No Smell,0.4118,Vague / Missing Context,0.2539,Format Ambiguity,0.1685,Conflicting Constraints,0.0435,200,0.568
5f6c1244af7d1c9175aca4e4d9c7464a,46,No Smell,0.4889,Format Ambiguity,0.1778,Vague / Missing Context,0.1604,Bias / Loaded Framing,0.0726,187,0.570
5f6c1244af7d1c9175aca4e4d9c7464a,47,No Smell,0.4759,Format Ambiguity,0.2666,Vague / Missing Context,0.1737,Conflicting Constraints,0.0265,179,0.569
5f6c1244af7d1c9175aca4e4d9c7464a,48,No Smell,0.5780,Format Ambiguity,0.2424,Vague / Missing Context,0.1063,Conflicting Constraints,0.0338,186,0.570
5f6c1244af7d1c9175aca4e4d9c7464a,49,No Smell,0.5847,Format Ambiguity,0.2230,Vague / Missing Context,0.1070,Conflicting Constraints,0.0397,172,0.558
5f6c1244af7d1c9175aca4e4d9c7464a,50,Vague / Missing Context,0.4100,No Smell,0.2124,Format Ambiguity,0.1107,Ambiguous References,0.0973,215,0.589
5f6c1244af7d1c9175aca4e4d9c7464a,51,No Smell,0.5721,Format Ambiguity,0.2778,Vague / Missing Context,0.0847,Conflicting Constraints,0.0275,145,0.557
3ccaab59c32b125b98e329fbaaaeb199,1,No Smell,0.5219,Format Ambiguity,0.1928,Vague / Missing Context,0.1442,Formality / Audience Mismatch,0.0342,754,0.704
921f3ade2648a47ced1b25107c0c358d,1,No Smell,0.3930,Vague / Missing Context,0.3126,Format Ambiguity,0.1461,Ambiguous References,0.0554,150,0.557
bd92c91309400c18118724543db82651,1,No Smell,0.6083,Format Ambiguity,0.1333,Vague / Missing Context,0.1252,Formality / Audience Mismatch,0.0553,86,0.546
bd92c91309400c18118724543db82651,2,No Smell,0.5389,Vague / Missing Context,0.1799,Format Ambiguity,0.1728,Formality / Audience Mismatch,0.0437,74,0.549
bd92c91309400c18118724543db82651,3,No Smell,0.5339,Vague / Missing Context,0.1835,Format Ambiguity,0.1699,Formality / Audience Mismatch,0.0449,63,0.551
bd92c91309400c18118724543db82651,4,No Smell,0.5578,Format Ambiguity,0.2183,Vague / Missing Context,0.1171,Formality / Audience Mismatch,0.0386,93,0.543
bd92c91309400c18118724543db82651,5,No Smell,0.5640,Vague / Missing Context,0.1739,Format Ambiguity,0.1503,Formality / Audience Mismatch,0.0421,65,0.542
bd92c91309400c18118724543db82651,6,No Smell,0.5931,Vague / Missing Context,0.1541,Format Ambiguity,0.1452,Formality / Audience Mismatch,0.0467,62,0.542
913be62fd1d0079fc872b208bf229d71,1,No Smell,0.5450,Format Ambiguity,0.2559,Vague / Missing Context,0.0871,Formality / Audience Mismatch,0.0328,1000,1.208
913be62fd1d0079fc872b208bf229d71,3,Vague / Missing Context,0.4407,No Smell,0.2893,Ambiguous References,0.1394,Format Ambiguity,0.1122,248,0.613
2450856a02df14965593df2d7527a0db,1,Vague / Missing Context,0.3458,No Smell,0.3404,Format Ambiguity,0.1691,Ambiguous References,0.0535,51,0.544
2450856a02df14965593df2d7527a0db,2,No Smell,0.5088,Vague / Missing Context,0.1910,Format Ambiguity,0.1837,Formality / Audience Mismatch,0.0349,77,0.542
07d5939a336201c6ad8fd0bd3a57dbca,1,No Smell,0.4307,Vague / Missing Context,0.3236,Format Ambiguity,0.0932,Ambiguous References,0.0710,304,0.590
07d5939a336201c6ad8fd0bd3a57dbca,2,Vague / Missing Context,0.4794,No Smell,0.2956,Format Ambiguity,0.0905,Ambiguous References,0.0696,278,0.587
8a0b3ba9339faf5126a9624f41612f5c,1,No Smell,0.6949,Format Ambiguity,0.2277,Vague / Missing Context,0.0273,Formality / Audience Mismatch,0.0203,86,0.060
8a0b3ba9339faf5126a9624f41612f5c,2,No Smell,0.5993,Format Ambiguity,0.2170,Vague / Missing Context,0.1040,Formality / Audience Mismatch,0.0292,186,0.566
8a0b3ba9339faf5126a9624f41612f5c,3,No Smell,0.5752,Format Ambiguity,0.1789,Vague / Missing Context,0.1683,Conflicting Constraints,0.0247,202,0.568
8a0b3ba9339faf5126a9624f41612f5c,4,Vague / Missing Context,0.5450,No Smell,0.2445,Format Ambiguity,0.0697,Ambiguous References,0.0563,141,0.555
8a0b3ba9339faf5126a9624f41612f5c,5,No Smell,0.5988,Format Ambiguity,0.2211,Vague / Missing Context,0.0681,Formality / Audience Mismatch,0.0374,173,0.556
8a0b3ba9339faf5126a9624f41612f5c,6,No Smell,0.4667,Format Ambiguity,0.2173,Vague / Missing Context,0.1930,Conflicting Constraints,0.0421,209,0.587
8a0b3ba9339faf5126a9624f41612f5c,7,No Smell,0.4620,Format Ambiguity,0.2316,Vague / Missing Context,0.1897,Formality / Audience Mismatch,0.0376,149,0.556
8a0b3ba9339faf5126a9624f41612f5c,8,No Smell,0.6537,Format Ambiguity,0.2248,Vague / Missing Context,0.0544,Formality / Audience Mismatch,0.0254,161,0.567
8a0b3ba9339faf5126a9624f41612f5c,9,No Smell,0.4639,Format Ambiguity,0.2389,Vague / Missing Context,0.2006,Formality / Audience Mismatch,0.0296,201,0.569
8a0b3ba9339faf5126a9624f41612f5c,10,No Smell,0.3719,Vague / Missing Context,0.3612,Format Ambiguity,0.1593,Formality / Audience Mismatch,0.0329,166,0.569
8a0b3ba9339faf5126a9624f41612f5c,11,No Smell,0.3889,Vague / Missing Context,0.2535,Format Ambiguity,0.2117,Conflicting Constraints,0.0414,183,0.570
8a0b3ba9339faf5126a9624f41612f5c,12,No Smell,0.3739,Vague / Missing Context,0.3060,Format Ambiguity,0.1806,Formality / Audience Mismatch,0.0361,210,0.590
8a0b3ba9339faf5126a9624f41612f5c,13,No Smell,0.4881,Format Ambiguity,0.2179,Vague / Missing Context,0.1889,Formality / Audience Mismatch,0.0325,203,0.588
8a0b3ba9339faf5126a9624f41612f5c,14,No Smell,0.5663,Format Ambiguity,0.1679,Vague / Missing Context,0.1619,Conflicting Constraints,0.0492,207,0.570
8a0b3ba9339faf5126a9624f41612f5c,15,No Smell,0.5092,Format Ambiguity,0.2378,Vague / Missing Context,0.1637,Conflicting Constraints,0.0258,183,0.569
8a0b3ba9339faf5126a9624f41612f5c,16,No Smell,0.3728,Vague / Missing Context,0.2475,Format Ambiguity,0.2404,Ambiguous References,0.0635,136,0.556
8a0b3ba9339faf5126a9624f41612f5c,17,No Smell,0.5222,Format Ambiguity,0.1920,Vague / Missing Context,0.1819,Conflicting Constraints,0.0312,209,0.568
8a0b3ba9339faf5126a9624f41612f5c,18,No Smell,0.5030,Format Ambiguity,0.2562,Vague / Missing Context,0.1518,Conflicting Constraints,0.0366,197,0.568
8a0b3ba9339faf5126a9624f41612f5c,19,No Smell,0.6848,Format Ambiguity,0.2069,Vague / Missing Context,0.0448,Conflicting Constraints,0.0263,175,0.557
8a0b3ba9339faf5126a9624f41612f5c,20,No Smell,0.5593,Format Ambiguity,0.2539,Vague / Missing Context,0.1157,Formality / Audience Mismatch,0.0235,157,0.557
8a0b3ba9339faf5126a9624f41612f5c,21,No Smell,0.5550,Format Ambiguity,0.2362,Vague / Missing Context,0.1322,Formality / Audience Mismatch,0.0261,165,0.556
8a0b3ba9339faf5126a9624f41612f5c,22,No Smell,0.6201,Format Ambiguity,0.2081,Vague / Missing Context,0.0881,Conflicting Constraints,0.0357,196,0.568
8a0b3ba9339faf5126a9624f41612f5c,23,No Smell,0.5133,Format Ambiguity,0.2031,Vague / Missing Context,0.1848,Conflicting Constraints,0.0370,206,0.568
8a0b3ba9339faf5126a9624f41612f5c,24,No Smell,0.4877,Format Ambiguity,0.2219,Vague / Missing Context,0.1467,Conflicting Constraints,0.0440,202,0.570
8a0b3ba9339faf5126a9624f41612f5c,25,No Smell,0.5183,Format Ambiguity,0.2086,Vague / Missing Context,0.1573,Formality / Audience Mismatch,0.0315,231,0.569
8a0b3ba9339faf5126a9624f41612f5c,26,No Smell,0.5396,Format Ambiguity,0.1873,Vague / Missing Context,0.1641,Formality / Audience Mismatch,0.0366,193,0.558
8a0b3ba9339faf5126a9624f41612f5c,27,No Smell,0.5327,Vague / Missing Context,0.1753,Format Ambiguity,0.1715,Conflicting Constraints,0.0369,242,0.569
8a0b3ba9339faf5126a9624f41612f5c,28,No Smell,0.6756,Format Ambiguity,0.2032,Vague / Missing Context,0.0436,Conflicting Constraints,0.0295,228,0.567
8a0b3ba9339faf5126a9624f41612f5c,29,Vague / Missing Context,0.5088,No Smell,0.1875,Format Ambiguity,0.1030,Ambiguous References,0.0759,201,0.588
8a0b3ba9339faf5126a9624f41612f5c,30,No Smell,0.5305,Format Ambiguity,0.2295,Vague / Missing Context,0.1572,Formality / Audience Mismatch,0.0249,234,0.569
8a0b3ba9339faf5126a9624f41612f5c,31,No Smell,0.5016,Vague / Missing Context,0.2066,Format Ambiguity,0.1979,Formality / Audience Mismatch,0.0292,188,0.569
8a0b3ba9339faf5126a9624f41612f5c,32,Vague / Missing Context,0.5846,No Smell,0.1649,Format Ambiguity,0.1059,Ambiguous References,0.0797,214,0.557
8a0b3ba9339faf5126a9624f41612f5c,33,No Smell,0.3511,Vague / Missing Context,0.3114,Format Ambiguity,0.1576,Ambiguous References,0.0564,168,0.569
8a0b3ba9339faf5126a9624f41612f5c,34,No Smell,0.4989,Vague / Missing Context,0.2015,Format Ambiguity,0.1990,Formality / Audience Mismatch,0.0293,136,0.556
8a0b3ba9339faf5126a9624f41612f5c,35,No Smell,0.5124,Vague / Missing Context,0.2107,Format Ambiguity,0.1210,Ambiguous References,0.0546,152,0.557
8a0b3ba9339faf5126a9624f41612f5c,36,No Smell,0.5423,Format Ambiguity,0.2365,Vague / Missing Context,0.1326,Conflicting Constraints,0.0294,149,0.568
8a0b3ba9339faf5126a9624f41612f5c,37,No Smell,0.4661,Vague / Missing Context,0.2313,Format Ambiguity,0.2286,Conflicting Constraints,0.0220,185,0.568
8a0b3ba9339faf5126a9624f41612f5c,38,No Smell,0.5097,Format Ambiguity,0.2798,Vague / Missing Context,0.1031,Conflicting Constraints,0.0488,245,0.570
8a0b3ba9339faf5126a9624f41612f5c,39,No Smell,0.4727,Format Ambiguity,0.2490,Vague / Missing Context,0.2077,Formality / Audience Mismatch,0.0250,185,0.567
8a0b3ba9339faf5126a9624f41612f5c,40,Vague / Missing Context,0.4568,No Smell,0.2796,Format Ambiguity,0.1497,Ambiguous References,0.0347,181,0.567
8a0b3ba9339faf5126a9624f41612f5c,41,No Smell,0.3883,Vague / Missing Context,0.2628,Format Ambiguity,0.2282,Ambiguous References,0.0365,187,0.568
8a0b3ba9339faf5126a9624f41612f5c,42,No Smell,0.5215,Format Ambiguity,0.2437,Vague / Missing Context,0.1510,Conflicting Constraints,0.0229,135,0.555
8a0b3ba9339faf5126a9624f41612f5c,43,No Smell,0.3694,Vague / Missing Context,0.3093,Format Ambiguity,0.1341,Bias / Loaded Framing,0.0816,183,0.557
8a0b3ba9339faf5126a9624f41612f5c,44,No Smell,0.4964,Format Ambiguity,0.2406,Vague / Missing Context,0.1430,Conflicting Constraints,0.0491,193,0.567
8a0b3ba9339faf5126a9624f41612f5c,45,No Smell,0.5033,Format Ambiguity,0.2130,Vague / Missing Context,0.1908,Conflicting Constraints,0.0299,190,0.568
8a0b3ba9339faf5126a9624f41612f5c,46,No Smell,0.4259,Vague / Missing Context,0.2329,Format Ambiguity,0.1850,Bias / Loaded Framing,0.0389,145,0.556
8a0b3ba9339faf5126a9624f41612f5c,47,No Smell,0.4993,Format Ambiguity,0.2015,Vague / Missing Context,0.1492,Formality / Audience Mismatch,0.0468,186,0.569
8a0b3ba9339faf5126a9624f41612f5c,48,No Smell,0.3482,Vague / Missing Context,0.3099,Bias / Loaded Framing,0.1220,Format Ambiguity,0.1111,214,0.568
8a0b3ba9339faf5126a9624f41612f5c,49,Vague / Missing Context,0.5442,No Smell,0.2167,Format Ambiguity,0.1033,Ambiguous References,0.0483,171,0.557
8a0b3ba9339faf5126a9624f41612f5c,50,No Smell,0.5784,Format Ambiguity,0.1708,Vague / Missing Context,0.1298,Conflicting Constraints,0.0459,228,0.591
8a0b3ba9339faf5126a9624f41612f5c,51,No Smell,0.5850,Format Ambiguity,0.2595,Vague / Missing Context,0.0873,Formality / Audience Mismatch,0.0289,181,0.588
70cb5ec47c84ec0b39b7a0603397f0ff,1,No Smell,0.6437,Format Ambiguity,0.1245,Vague / Missing Context,0.1063,Formality / Audience Mismatch,0.0395,368,0.638
70cb5ec47c84ec0b39b7a0603397f0ff,2,Vague / Missing Context,0.3911,No Smell,0.2902,Ambiguous References,0.0827,Format Ambiguity,0.0697,602,0.701
96aba9142305f25516e6b7dd8700d7af,2,Vague / Missing Context,0.4243,No Smell,0.3141,Format Ambiguity,0.1634,Ambiguous References,0.0382,28,0.545
6a2ce9e01595986b2d8d37089516cef5,1,No Smell,0.5291,Vague / Missing Context,0.2014,Format Ambiguity,0.1499,Formality / Audience Mismatch,0.0378,77,0.546
6a2ce9e01595986b2d8d37089516cef5,2,No Smell,0.3903,Vague / Missing Context,0.3206,Format Ambiguity,0.1391,Ambiguous References,0.0631,93,0.555
6a2ce9e01595986b2d8d37089516cef5,3,No Smell,0.4521,Vague / Missing Context,0.2924,Format Ambiguity,0.1452,Formality / Audience Mismatch,0.0383,74,0.546
c25dce8b732a0b985ba96aff7259794d,2,No Smell,0.4178,Vague / Missing Context,0.2773,Format Ambiguity,0.1702,Ambiguous References,0.0585,67,0.545
1f1faa30a3eb01bbd01720fafd93137c,2,Vague / Missing Context,0.4691,No Smell,0.2489,Format Ambiguity,0.1301,Ambiguous References,0.0552,126,0.662
5e462b3f369032a5ca8729e9688ec0c7,1,No Smell,0.6949,Format Ambiguity,0.2277,Vague / Missing Context,0.0273,Formality / Audience Mismatch,0.0203,86,0.064
5e462b3f369032a5ca8729e9688ec0c7,2,No Smell,0.4302,Format Ambiguity,0.2322,Vague / Missing Context,0.2303,Ambiguous References,0.0322,177,0.554
5e462b3f369032a5ca8729e9688ec0c7,3,Vague / Missing Context,0.6058,No Smell,0.1787,Format Ambiguity,0.0733,Ambiguous References,0.0551,206,0.569
5e462b3f369032a5ca8729e9688ec0c7,4,Vague / Missing Context,0.5187,No Smell,0.1900,Ambiguous References,0.0941,Format Ambiguity,0.0915,192,0.568
5e462b3f369032a5ca8729e9688ec0c7,5,Vague / Missing Context,0.3414,No Smell,0.3330,Format Ambiguity,0.1732,Formality / Audience Mismatch,0.0392,209,0.588
5e462b3f369032a5ca8729e9688ec0c7,6,Vague / Missing Context,0.6016,No Smell,0.1619,Format Ambiguity,0.0896,Ambiguous References,0.0725,208,0.570
5e462b3f369032a5ca8729e9688ec0c7,7,No Smell,0.6182,Format Ambiguity,0.2107,Vague / Missing Context,0.1087,Formality / Audience Mismatch,0.0233,162,0.570
5e462b3f369032a5ca8729e9688ec0c7,8,No Smell,0.4214,Vague / Missing Context,0.2896,Format Ambiguity,0.1897,Conflicting Constraints,0.0296,198,0.570
5e462b3f369032a5ca8729e9688ec0c7,9,No Smell,0.4088,Vague / Missing Context,0.2798,Format Ambiguity,0.1948,Conflicting Constraints,0.0322,196,0.569
5e462b3f369032a5ca8729e9688ec0c7,10,No Smell,0.6038,Format Ambiguity,0.2481,Vague / Missing Context,0.0684,Conflicting Constraints,0.0405,222,0.567
5e462b3f369032a5ca8729e9688ec0c7,11,Vague / Missing Context,0.4346,No Smell,0.2782,Format Ambiguity,0.1249,Ambiguous References,0.0482,163,0.567
5e462b3f369032a5ca8729e9688ec0c7,12,No Smell,0.4526,Vague / Missing Context,0.2187,Format Ambiguity,0.2100,Conflicting Constraints,0.0365,200,0.569
5e462b3f369032a5ca8729e9688ec0c7,13,No Smell,0.6109,Format Ambiguity,0.2423,Vague / Missing Context,0.0563,Formality / Audience Mismatch,0.0283,150,0.557
5e462b3f369032a5ca8729e9688ec0c7,14,No Smell,0.4634,Vague / Missing Context,0.2478,Format Ambiguity,0.1815,Formality / Audience Mismatch,0.0340,211,0.588
5e462b3f369032a5ca8729e9688ec0c7,15,No Smell,0.3938,Vague / Missing Context,0.2526,Format Ambiguity,0.2158,Ambiguous References,0.0397,194,0.558
5e462b3f369032a5ca8729e9688ec0c7,16,No Smell,0.6054,Format Ambiguity,0.1820,Vague / Missing Context,0.1257,Formality / Audience Mismatch,0.0354,193,0.571
5e462b3f369032a5ca8729e9688ec0c7,17,Vague / Missing Context,0.4541,No Smell,0.2767,Format Ambiguity,0.1561,Ambiguous References,0.0462,210,0.571
5e462b3f369032a5ca8729e9688ec0c7,18,No Smell,0.6051,Format Ambiguity,0.2270,Vague / Missing Context,0.0846,Formality / Audience Mismatch,0.0282,162,0.558
5e462b3f369032a5ca8729e9688ec0c7,19,No Smell,0.3500,Vague / Missing Context,0.2297,Bias / Loaded Framing,0.1775,Format Ambiguity,0.0948,146,0.589
5e462b3f369032a5ca8729e9688ec0c7,20,No Smell,0.5490,Format Ambiguity,0.1733,Vague / Missing Context,0.1543,Conflicting Constraints,0.0383,183,0.559
5e462b3f369032a5ca8729e9688ec0c7,21,Vague / Missing Context,0.4851,No Smell,0.2153,Format Ambiguity,0.1536,Ambiguous References,0.0813,168,0.571
5e462b3f369032a5ca8729e9688ec0c7,22,No Smell,0.5528,Format Ambiguity,0.2303,Vague / Missing Context,0.1187,Conflicting Constraints,0.0430,163,0.569
5e462b3f369032a5ca8729e9688ec0c7,23,No Smell,0.4031,Vague / Missing Context,0.2990,Format Ambiguity,0.1848,Formality / Audience Mismatch,0.0309,144,0.557
5e462b3f369032a5ca8729e9688ec0c7,24,No Smell,0.5230,Format Ambiguity,0.2026,Vague / Missing Context,0.2018,Conflicting Constraints,0.0260,166,0.568
5e462b3f369032a5ca8729e9688ec0c7,25,No Smell,0.4901,Format Ambiguity,0.2312,Vague / Missing Context,0.1245,Conflicting Constraints,0.0459,162,0.558
5e462b3f369032a5ca8729e9688ec0c7,26,Vague / Missing Context,0.3657,No Smell,0.2129,Ambiguous References,0.1193,Bias / Loaded Framing,0.1112,165,0.557
5e462b3f369032a5ca8729e9688ec0c7,27,No Smell,0.4137,Vague / Missing Context,0.2529,Format Ambiguity,0.2223,Conflicting Constraints,0.0281,173,0.558
5e462b3f369032a5ca8729e9688ec0c7,28,No Smell,0.5664,Format Ambiguity,0.2191,Vague / Missing Context,0.1242,Conflicting Constraints,0.0279,191,0.557
5e462b3f369032a5ca8729e9688ec0c7,29,No Smell,0.4802,Format Ambiguity,0.2446,Vague / Missing Context,0.1798,Conflicting Constraints,0.0342,145,0.568
5e462b3f369032a5ca8729e9688ec0c7,30,No Smell,0.5618,Format Ambiguity,0.1846,Vague / Missing Context,0.1234,Conflicting Constraints,0.0522,193,0.569
5e462b3f369032a5ca8729e9688ec0c7,31,No Smell,0.6454,Format Ambiguity,0.2202,Vague / Missing Context,0.0549,Conflicting Constraints,0.0312,180,0.566
5e462b3f369032a5ca8729e9688ec0c7,32,No Smell,0.4917,Format Ambiguity,0.2085,Vague / Missing Context,0.1936,Conflicting Constraints,0.0334,183,0.556
5e462b3f369032a5ca8729e9688ec0c7,33,No Smell,0.6613,Format Ambiguity,0.1881,Vague / Missing Context,0.0634,Conflicting Constraints,0.0340,154,0.556
5e462b3f369032a5ca8729e9688ec0c7,34,No Smell,0.4983,Format Ambiguity,0.2450,Vague / Missing Context,0.1229,Conflicting Constraints,0.0502,214,0.567
5e462b3f369032a5ca8729e9688ec0c7,35,No Smell,0.5851,Format Ambiguity,0.2091,Vague / Missing Context,0.0870,Conflicting Constraints,0.0369,206,0.588
5e462b3f369032a5ca8729e9688ec0c7,36,No Smell,0.4001,Vague / Missing Context,0.2822,Format Ambiguity,0.1933,Ambiguous References,0.0372,159,0.567
5e462b3f369032a5ca8729e9688ec0c7,37,No Smell,0.5567,Format Ambiguity,0.2354,Vague / Missing Context,0.1171,Formality / Audience Mismatch,0.0323,145,0.567
5e462b3f369032a5ca8729e9688ec0c7,38,No Smell,0.3911,Vague / Missing Context,0.2873,Format Ambiguity,0.1773,Conflicting Constraints,0.0404,162,0.555
5e462b3f369032a5ca8729e9688ec0c7,39,No Smell,0.3474,Vague / Missing Context,0.3036,Format Ambiguity,0.1871,Conflicting Constraints,0.0430,189,0.567
5e462b3f369032a5ca8729e9688ec0c7,40,No Smell,0.4799,Vague / Missing Context,0.2562,Format Ambiguity,0.1513,Ambiguous References,0.0567,140,0.555
5e462b3f369032a5ca8729e9688ec0c7,41,No Smell,0.5626,Format Ambiguity,0.2393,Vague / Missing Context,0.1013,Conflicting Constraints,0.0369,224,0.589
5e462b3f369032a5ca8729e9688ec0c7,42,No Smell,0.6264,Format Ambiguity,0.2327,Vague / Missing Context,0.0819,Conflicting Constraints,0.0212,223,0.569
5e462b3f369032a5ca8729e9688ec0c7,43,No Smell,0.6138,Format Ambiguity,0.2411,Vague / Missing Context,0.0695,Formality / Audience Mismatch,0.0245,170,0.566
5e462b3f369032a5ca8729e9688ec0c7,44,No Smell,0.5474,Format Ambiguity,0.2330,Vague / Missing Context,0.1132,Conflicting Constraints,0.0431,216,0.556
5e462b3f369032a5ca8729e9688ec0c7,45,No Smell,0.6380,Format Ambiguity,0.2059,Vague / Missing Context,0.0555,Conflicting Constraints,0.0397,218,0.566
5e462b3f369032a5ca8729e9688ec0c7,46,No Smell,0.4407,Format Ambiguity,0.2053,Vague / Missing Context,0.1570,Bias / Loaded Framing,0.0644,197,0.586
5e462b3f369032a5ca8729e9688ec0c7,47,No Smell,0.5997,Format Ambiguity,0.1914,Vague / Missing Context,0.1323,Conflicting Constraints,0.0317,228,0.568
5e462b3f369032a5ca8729e9688ec0c7,48,No Smell,0.6500,Format Ambiguity,0.2186,Vague / Missing Context,0.0610,Conflicting Constraints,0.0304,163,0.555
5e462b3f369032a5ca8729e9688ec0c7,49,No Smell,0.5967,Format Ambiguity,0.2068,Vague / Missing Context,0.1078,Formality / Audience Mismatch,0.0335,178,0.586
5e462b3f369032a5ca8729e9688ec0c7,50,No Smell,0.4015,Vague / Missing Context,0.2766,Format Ambiguity,0.1501,Ambiguous References,0.0569,196,0.569
5e462b3f369032a5ca8729e9688ec0c7,51,No Smell,0.7089,Format Ambiguity,0.1507,Vague / Missing Context,0.0669,Conflicting Constraints,0.0291,265,0.587
0cd8e17acefbc020fa6cc137e7e77317,1,No Smell,0.5807,Format Ambiguity,0.2190,Vague / Missing Context,0.1122,Formality / Audience Mismatch,0.0271,166,0.567
0cd8e17acefbc020fa6cc137e7e77317,2,No Smell,0.4936,Vague / Missing Context,0.2504,Format Ambiguity,0.1084,Formality / Audience Mismatch,0.0450,200,0.568
0cd8e17acefbc020fa6cc137e7e77317,3,No Smell,0.5385,Vague / Missing Context,0.2130,Format Ambiguity,0.1295,Ambiguous References,0.0386,178,0.559
0cd8e17acefbc020fa6cc137e7e77317,4,No Smell,0.5139,Vague / Missing Context,0.2223,Format Ambiguity,0.1447,Formality / Audience Mismatch,0.0373,111,0.555
01f312d6c632e6caa1bc05d63153ba73,1,No Smell,0.5407,Format Ambiguity,0.2669,Vague / Missing Context,0.1475,Formality / Audience Mismatch,0.0172,23,0.541
01f312d6c632e6caa1bc05d63153ba73,2,No Smell,0.3963,Format Ambiguity,0.3120,Vague / Missing Context,0.1306,Ambiguous References,0.1166,34,0.542
01f312d6c632e6caa1bc05d63153ba73,3,No Smell,0.4348,Vague / Missing Context,0.2715,Format Ambiguity,0.1777,Formality / Audience Mismatch,0.0371,57,0.542
07eaef0c73df81e6334127e3a5e7ef77,1,No Smell,0.6579,Format Ambiguity,0.1074,Conflicting Constraints,0.0745,Vague / Missing Context,0.0570,3590,1.261
07eaef0c73df81e6334127e3a5e7ef77,2,No Smell,0.6315,Format Ambiguity,0.2076,Vague / Missing Context,0.1076,Formality / Audience Mismatch,0.0207,53,0.544
e822a82971f23b24cb5ef4878894fc88,1,No Smell,0.6033,Vague / Missing Context,0.1842,Format Ambiguity,0.1584,Formality / Audience Mismatch,0.0250,8,0.532
3124cf4da1b5789b095458c8dbfcab1a,4,No Smell,0.4101,Vague / Missing Context,0.2636,Format Ambiguity,0.2401,Formality / Audience Mismatch,0.0331,20,0.568
94bc611f47a7de3b286a664c8ee5393e,1,Vague / Missing Context,0.4795,No Smell,0.2987,Format Ambiguity,0.0880,Ambiguous References,0.0595,135,0.812
94bc611f47a7de3b286a664c8ee5393e,2,Vague / Missing Context,0.5104,No Smell,0.2892,Format Ambiguity,0.0751,Ambiguous References,0.0575,117,0.737
b257aa36dcda54b09b633812384fd1fa,1,No Smell,0.5910,Vague / Missing Context,0.1661,Format Ambiguity,0.1184,Conflicting Constraints,0.0603,887,0.738
b257aa36dcda54b09b633812384fd1fa,2,No Smell,0.7044,Format Ambiguity,0.1356,Conflicting Constraints,0.0517,Vague / Missing Context,0.0477,1186,0.776
b257aa36dcda54b09b633812384fd1fa,3,No Smell,0.7114,Format Ambiguity,0.1443,Vague / Missing Context,0.0624,Conflicting Constraints,0.0385,1002,0.739
b257aa36dcda54b09b633812384fd1fa,4,No Smell,0.5494,Format Ambiguity,0.1655,Vague / Missing Context,0.1334,Conflicting Constraints,0.0554,1005,0.737
b257aa36dcda54b09b633812384fd1fa,5,No Smell,0.7429,Format Ambiguity,0.1081,Conflicting Constraints,0.0523,Vague / Missing Context,0.0396,1678,0.824
68047fee50425f5e2635154c750456ee,3,No Smell,0.6063,Format Ambiguity,0.2596,Vague / Missing Context,0.0708,Formality / Audience Mismatch,0.0241,15,0.532
147f0703577075d8673f4c6f44d24c7f,1,No Smell,0.4732,Vague / Missing Context,0.3671,Format Ambiguity,0.0907,Formality / Audience Mismatch,0.0237,85,0.616
cdfcc92aa0c613ddbf57b23fdde8b943,1,No Smell,0.6624,Format Ambiguity,0.1979,Vague / Missing Context,0.0760,Formality / Audience Mismatch,0.0274,20,0.531
cdfcc92aa0c613ddbf57b23fdde8b943,2,No Smell,0.6766,Format Ambiguity,0.2453,Vague / Missing Context,0.0367,Formality / Audience Mismatch,0.0169,7,0.531
cdfcc92aa0c613ddbf57b23fdde8b943,3,No Smell,0.8057,Format Ambiguity,0.1456,Formality / Audience Mismatch,0.0170,Vague / Missing Context,0.0110,55,0.545
cdfcc92aa0c613ddbf57b23fdde8b943,4,No Smell,0.4955,Vague / Missing Context,0.2835,Format Ambiguity,0.1404,Formality / Audience Mismatch,0.0315,22,0.531
cdfcc92aa0c613ddbf57b23fdde8b943,5,Vague / Missing Context,0.5880,No Smell,0.1700,Format Ambiguity,0.0651,Ambiguous References,0.0599,22,0.531
cdfcc92aa0c613ddbf57b23fdde8b943,6,No Smell,0.3893,Format Ambiguity,0.3521,Vague / Missing Context,0.1933,Formality / Audience Mismatch,0.0218,29,0.541
cdfcc92aa0c613ddbf57b23fdde8b943,7,No Smell,0.4047,Vague / Missing Context,0.3565,Format Ambiguity,0.0950,Ambiguous References,0.0596,55,0.543
cdfcc92aa0c613ddbf57b23fdde8b943,8,Format Ambiguity,0.6995,No Smell,0.1800,Vague / Missing Context,0.0628,Unnecessary Repetition,0.0116,18,0.531
9dfea71b4b75eef635e0ed53b378f2a7,1,No Smell,0.4240,Vague / Missing Context,0.3294,Format Ambiguity,0.1184,Formality / Audience Mismatch,0.0423,38,0.543
9dfea71b4b75eef635e0ed53b378f2a7,2,No Smell,0.3975,Vague / Missing Context,0.3960,Format Ambiguity,0.1112,Formality / Audience Mismatch,0.0279,42,0.541
9dfea71b4b75eef635e0ed53b378f2a7,4,Vague / Missing Context,0.4451,No Smell,0.2947,Format Ambiguity,0.1055,Ambiguous References,0.0410,54,0.541
9dfea71b4b75eef635e0ed53b378f2a7,5,Vague / Missing Context,0.4068,No Smell,0.3411,Format Ambiguity,0.1408,Formality / Audience Mismatch,0.0339,36,0.543
9de04f661e76ff9d92cddd32df006879,1,No Smell,0.4808,Vague / Missing Context,0.3397,Format Ambiguity,0.0976,Formality / Audience Mismatch,0.0353,22,0.531
93eaeae19ad7573167e4284f003f9ce4,1,No Smell,0.5269,Vague / Missing Context,0.2619,Format Ambiguity,0.1303,Formality / Audience Mismatch,0.0363,40,0.541
93eaeae19ad7573167e4284f003f9ce4,2,No Smell,0.5464,Vague / Missing Context,0.2172,Format Ambiguity,0.1421,Formality / Audience Mismatch,0.0417,20,0.538
93eaeae19ad7573167e4284f003f9ce4,3,No Smell,0.4755,Vague / Missing Context,0.3084,Format Ambiguity,0.1231,Conflicting Constraints,0.0341,29,0.543
d49e42f80c7d95bdba98513600001635,1,No Smell,0.6583,Vague / Missing Context,0.1191,Format Ambiguity,0.1149,Formality / Audience Mismatch,0.0478,70,0.543
d49e42f80c7d95bdba98513600001635,2,No Smell,0.5169,Vague / Missing Context,0.2024,Format Ambiguity,0.1346,Formality / Audience Mismatch,0.0501,92,0.558
d49e42f80c7d95bdba98513600001635,3,No Smell,0.3983,Vague / Missing Context,0.2793,Format Ambiguity,0.1835,Ambiguous References,0.0437,103,0.554
d49e42f80c7d95bdba98513600001635,4,No Smell,0.5947,Format Ambiguity,0.2115,Vague / Missing Context,0.1097,Formality / Audience Mismatch,0.0305,54,0.542
d49e42f80c7d95bdba98513600001635,5,No Smell,0.4889,Format Ambiguity,0.2048,Vague / Missing Context,0.1656,Conflicting Constraints,0.0487,211,0.569
d49e42f80c7d95bdba98513600001635,6,No Smell,0.5771,Format Ambiguity,0.1953,Vague / Missing Context,0.1546,Conflicting Constraints,0.0263,174,0.557
d49e42f80c7d95bdba98513600001635,7,No Smell,0.4064,Vague / Missing Context,0.2926,Format Ambiguity,0.1463,Formality / Audience Mismatch,0.0456,89,0.545
02bca2e0c9f5b58deb0f3b5a287572c4,1,No Smell,0.7456,Format Ambiguity,0.1066,Conflicting Constraints,0.0514,Vague / Missing Context,0.0422,1232,0.773
02bca2e0c9f5b58deb0f3b5a287572c4,2,Vague / Missing Context,0.3302,No Smell,0.3273,Format Ambiguity,0.1779,Conflicting Constraints,0.0481,1094,0.743
02bca2e0c9f5b58deb0f3b5a287572c4,3,No Smell,0.7211,Format Ambiguity,0.1325,Conflicting Constraints,0.0512,Vague / Missing Context,0.0323,616,0.642
02bca2e0c9f5b58deb0f3b5a287572c4,4,No Smell,0.5849,Vague / Missing Context,0.1634,Format Ambiguity,0.1040,Conflicting Constraints,0.0707,1347,0.778
02bca2e0c9f5b58deb0f3b5a287572c4,5,No Smell,0.6815,Format Ambiguity,0.1477,Conflicting Constraints,0.0608,Vague / Missing Context,0.0418,1826,0.874
efe2b5c9c68dbabfe6a91b9e19efdb5a,1,Vague / Missing Context,0.6614,No Smell,0.1442,Ambiguous References,0.0650,Formality / Audience Mismatch,0.0438,62,0.544
604820e69196dc01c1872f7677db38f0,1,No Smell,0.6249,Format Ambiguity,0.1143,Vague / Missing Context,0.1081,Ambiguous References,0.0402,453,0.643
604820e69196dc01c1872f7677db38f0,2,No Smell,0.6315,Format Ambiguity,0.2076,Vague / Missing Context,0.1076,Formality / Audience Mismatch,0.0207,53,0.062
604820e69196dc01c1872f7677db38f0,3,No Smell,0.5084,Format Ambiguity,0.3094,Vague / Missing Context,0.1143,Formality / Audience Mismatch,0.0250,14,0.528
604820e69196dc01c1872f7677db38f0,4,No Smell,0.5796,Vague / Missing Context,0.1704,Format Ambiguity,0.1278,Formality / Audience Mismatch,0.0339,427,0.612
9ddc6ad537830862409be2817c1b7c37,1,No Smell,0.5106,Format Ambiguity,0.2364,Vague / Missing Context,0.1230,Formality / Audience Mismatch,0.0450,141,0.556
9ddc6ad537830862409be2817c1b7c37,2,No Smell,0.3806,Vague / Missing Context,0.2356,Format Ambiguity,0.1161,Ambiguous References,0.0987,262,0.570
75f49fc6c302ed5db925c80d61df43aa,1,Vague / Missing Context,0.3916,No Smell,0.3297,Format Ambiguity,0.1128,Ambiguous References,0.1027,104,0.545
75f49fc6c302ed5db925c80d61df43aa,2,Vague / Missing Context,0.3729,No Smell,0.3397,Format Ambiguity,0.1346,Ambiguous References,0.0872,123,0.555
75f49fc6c302ed5db925c80d61df43aa,3,No Smell,0.3916,Vague / Missing Context,0.3699,Format Ambiguity,0.1708,Ambiguous References,0.0312,86,0.545
1165ec5383de88d65079b95c1a93c9d2,1,No Smell,0.4263,Vague / Missing Context,0.3346,Format Ambiguity,0.1005,Ambiguous References,0.0529,143,0.556
1165ec5383de88d65079b95c1a93c9d2,2,No Smell,0.5851,Format Ambiguity,0.2029,Vague / Missing Context,0.1214,Conflicting Constraints,0.0325,134,0.556
1165ec5383de88d65079b95c1a93c9d2,3,No Smell,0.5038,Vague / Missing Context,0.2007,Format Ambiguity,0.1839,Ambiguous References,0.0343,83,0.544
1165ec5383de88d65079b95c1a93c9d2,4,No Smell,0.5303,Format Ambiguity,0.2266,Vague / Missing Context,0.1549,Formality / Audience Mismatch,0.0325,73,0.544
7e8d25878186c22a4b2dd43b9af10bce,2,No Smell,0.7065,Format Ambiguity,0.2251,Vague / Missing Context,0.0269,Formality / Audience Mismatch,0.0179,19,0.531
28da01cc66e8384132130ae9021dbf48,1,No Smell,0.6493,Format Ambiguity,0.2198,Vague / Missing Context,0.0792,Formality / Audience Mismatch,0.0235,36,0.542
cf2bc0fce4ea33821ed1ad5c64f8d491,1,No Smell,0.8410,Conflicting Constraints,0.0611,Formality / Audience Mismatch,0.0364,Vague / Missing Context,0.0213,2804,0.989
5fdc9b5313b8632b9a1f5867c370f04e,1,No Smell,0.6467,Vague / Missing Context,0.1389,Format Ambiguity,0.1386,Formality / Audience Mismatch,0.0265,145,0.558
fcba91e4b4ad35d924006b122f695f8a,1,No Smell,0.7766,Format Ambiguity,0.1194,Formality / Audience Mismatch,0.0316,Vague / Missing Context,0.0289,2166,0.891
fcba91e4b4ad35d924006b122f695f8a,2,No Smell,0.7542,Format Ambiguity,0.1728,Vague / Missing Context,0.0332,Conflicting Constraints,0.0149,31,0.543
fcba91e4b4ad35d924006b122f695f8a,3,No Smell,0.7051,Format Ambiguity,0.1454,Vague / Missing Context,0.1104,Formality / Audience Mismatch,0.0161,39,0.543
fcba91e4b4ad35d924006b122f695f8a,4,No Smell,0.7503,Format Ambiguity,0.1432,Vague / Missing Context,0.0612,Formality / Audience Mismatch,0.0234,40,0.542
edf0e587da83a7d10fbb563dd4cea5f9,1,No Smell,0.7549,Format Ambiguity,0.1078,Vague / Missing Context,0.0792,Formality / Audience Mismatch,0.0286,275,0.614
1e1b4e925cb9f90a26d28b4ab8668b9f,2,No Smell,0.6816,Format Ambiguity,0.2431,Vague / Missing Context,0.0269,Formality / Audience Mismatch,0.0196,19,0.532
867bbc733e7b3afaecc8b45e217d2971,1,No Smell,0.4494,Vague / Missing Context,0.3152,Format Ambiguity,0.1696,Formality / Audience Mismatch,0.0250,22,0.532
c2487c7302ffeef3ae49813e4840e354,1,No Smell,0.6528,Format Ambiguity,0.1354,Conflicting Constraints,0.0770,Vague / Missing Context,0.0389,2027,0.873
c2487c7302ffeef3ae49813e4840e354,2,No Smell,0.6688,Format Ambiguity,0.1593,Vague / Missing Context,0.0540,Conflicting Constraints,0.0524,694,0.667
c2487c7302ffeef3ae49813e4840e354,3,No Smell,0.6026,Format Ambiguity,0.1256,Vague / Missing Context,0.1215,Conflicting Constraints,0.0654,1622,0.825
c2487c7302ffeef3ae49813e4840e354,4,No Smell,0.6951,Format Ambiguity,0.1167,Conflicting Constraints,0.0649,Vague / Missing Context,0.0571,1726,0.867
9536a9557717cd022c5d841975929ae5,6,No Smell,0.4215,Format Ambiguity,0.3218,Vague / Missing Context,0.2000,Formality / Audience Mismatch,0.0223,20,0.556
fb1ae5cf902e4d699cfcd01fdfb79252,1,No Smell,0.6283,Format Ambiguity,0.2065,Vague / Missing Context,0.0953,Formality / Audience Mismatch,0.0221,11,0.532
177fc66e8542ccb1b2cbe0b60e29a9fc,1,No Smell,0.6938,Format Ambiguity,0.1341,Vague / Missing Context,0.0748,Formality / Audience Mismatch,0.0448,133,0.556
ee6f1c7d50979054533dcdae0463d7d0,2,No Smell,0.4621,Format Ambiguity,0.2057,Vague / Missing Context,0.1831,Formality / Audience Mismatch,0.0434,78,0.544
ee6f1c7d50979054533dcdae0463d7d0,4,Vague / Missing Context,0.3883,No Smell,0.3224,Format Ambiguity,0.1328,Formality / Audience Mismatch,0.0496,111,0.567
e5c00403b6ae226954ee5a1ea461adf1,1,No Smell,0.6579,Format Ambiguity,0.1074,Conflicting Constraints,0.0745,Vague / Missing Context,0.0570,3590,0.094
e5c00403b6ae226954ee5a1ea461adf1,2,No Smell,0.5331,Format Ambiguity,0.1578,Vague / Missing Context,0.1427,Formality / Audience Mismatch,0.0491,384,0.611
e5c00403b6ae226954ee5a1ea461adf1,3,No Smell,0.4272,Vague / Missing Context,0.2902,Format Ambiguity,0.1289,Ambiguous References,0.0528,210,0.571
e5c00403b6ae226954ee5a1ea461adf1,4,No Smell,0.5010,Vague / Missing Context,0.1833,Format Ambiguity,0.1111,Conflicting Constraints,0.0642,204,0.570
dddd56965a1e8a631bcfd392c8013c79,1,No Smell,0.6077,Vague / Missing Context,0.1817,Format Ambiguity,0.1161,Formality / Audience Mismatch,0.0396,161,0.557
dddd56965a1e8a631bcfd392c8013c79,2,No Smell,0.6779,Vague / Missing Context,0.1274,Format Ambiguity,0.1137,Formality / Audience Mismatch,0.0355,161,0.557
dddd56965a1e8a631bcfd392c8013c79,3,No Smell,0.6387,Format Ambiguity,0.1951,Vague / Missing Context,0.1019,Formality / Audience Mismatch,0.0245,129,0.556
b98c7a7a20ef664bcd9ccc7616ce0473,1,No Smell,0.4539,Vague / Missing Context,0.2271,Conflicting Constraints,0.0800,Format Ambiguity,0.0753,4000,1.349
75bccc1747fd3a262c20e8523da3b2cd,2,No Smell,0.5558,Format Ambiguity,0.3612,Vague / Missing Context,0.0523,Formality / Audience Mismatch,0.0128,12,0.533
75bccc1747fd3a262c20e8523da3b2cd,3,No Smell,0.6281,Format Ambiguity,0.2835,Vague / Missing Context,0.0405,Formality / Audience Mismatch,0.0220,56,0.546
75bccc1747fd3a262c20e8523da3b2cd,4,No Smell,0.6881,Format Ambiguity,0.2337,Vague / Missing Context,0.0352,Formality / Audience Mismatch,0.0150,168,0.569
75bccc1747fd3a262c20e8523da3b2cd,6,No Smell,0.7394,Format Ambiguity,0.1896,Vague / Missing Context,0.0266,Formality / Audience Mismatch,0.0190,211,0.590
75bccc1747fd3a262c20e8523da3b2cd,8,No Smell,0.4330,Format Ambiguity,0.2765,Vague / Missing Context,0.1798,Conflicting Constraints,0.0326,640,0.704
a78db106e66b22d1cb73517c592dbc13,1,No Smell,0.5232,Format Ambiguity,0.2357,Vague / Missing Context,0.1335,Formality / Audience Mismatch,0.0333,124,0.559
a78db106e66b22d1cb73517c592dbc13,2,No Smell,0.3929,Vague / Missing Context,0.2152,Format Ambiguity,0.1949,Formality / Audience Mismatch,0.0559,217,0.573
e8002782f8d63faeef787a3a04fdcfe7,1,No Smell,0.7933,Format Ambiguity,0.1371,Vague / Missing Context,0.0319,Conflicting Constraints,0.0167,62,0.543
e8002782f8d63faeef787a3a04fdcfe7,2,No Smell,0.6246,Format Ambiguity,0.2642,Vague / Missing Context,0.0542,Conflicting Constraints,0.0210,17,0.532
bd5c40dc117e397206eeeff31e6c9bef,1,No Smell,0.6949,Format Ambiguity,0.2277,Vague / Missing Context,0.0273,Formality / Audience Mismatch,0.0203,86,0.544
bd5c40dc117e397206eeeff31e6c9bef,2,Vague / Missing Context,0.4108,No Smell,0.2860,Format Ambiguity,0.1685,Ambiguous References,0.0544,188,0.568
bd5c40dc117e397206eeeff31e6c9bef,3,Vague / Missing Context,0.4552,No Smell,0.2056,Format Ambiguity,0.1403,Ambiguous References,0.1080,148,0.568
bd5c40dc117e397206eeeff31e6c9bef,4,No Smell,0.4116,Vague / Missing Context,0.2383,Format Ambiguity,0.2180,Formality / Audience Mismatch,0.0357,144,0.569
bd5c40dc117e397206eeeff31e6c9bef,5,Vague / Missing Context,0.4831,Ambiguous References,0.1806,No Smell,0.1359,Format Ambiguity,0.0932,160,0.566
bd5c40dc117e397206eeeff31e6c9bef,6,No Smell,0.4876,Format Ambiguity,0.2434,Vague / Missing Context,0.1421,Conflicting Constraints,0.0370,156,0.555
bd5c40dc117e397206eeeff31e6c9bef,7,No Smell,0.3251,Vague / Missing Context,0.3106,Format Ambiguity,0.2426,Ambiguous References,0.0502,153,0.555
bd5c40dc117e397206eeeff31e6c9bef,8,No Smell,0.4645,Format Ambiguity,0.2197,Vague / Missing Context,0.1658,Bias / Loaded Framing,0.0443,127,0.557
bd5c40dc117e397206eeeff31e6c9bef,9,No Smell,0.5875,Format Ambiguity,0.2337,Vague / Missing Context,0.0982,Conflicting Constraints,0.0283,172,0.557
bd5c40dc117e397206eeeff31e6c9bef,10,No Smell,0.5826,Format Ambiguity,0.1903,Vague / Missing Context,0.1300,Formality / Audience Mismatch,0.0345,215,0.569
bd5c40dc117e397206eeeff31e6c9bef,11,Vague / Missing Context,0.5482,No Smell,0.2018,Format Ambiguity,0.0885,Ambiguous References,0.0744,168,0.568
bd5c40dc117e397206eeeff31e6c9bef,12,Vague / Missing Context,0.4415,No Smell,0.2723,Format Ambiguity,0.1253,Ambiguous References,0.0828,186,0.588
bd5c40dc117e397206eeeff31e6c9bef,13,Vague / Missing Context,0.5211,No Smell,0.1235,Ambiguous References,0.1193,Bias / Loaded Framing,0.1050,150,0.567
bd5c40dc117e397206eeeff31e6c9bef,14,No Smell,0.5269,Format Ambiguity,0.1867,Vague / Missing Context,0.1759,Conflicting Constraints,0.0400,178,0.557
bd5c40dc117e397206eeeff31e6c9bef,15,Vague / Missing Context,0.6134,No Smell,0.1816,Format Ambiguity,0.0878,Ambiguous References,0.0544,148,0.557
bd5c40dc117e397206eeeff31e6c9bef,16,No Smell,0.5090,Format Ambiguity,0.2092,Vague / Missing Context,0.1726,Formality / Audience Mismatch,0.0356,185,0.570
bd5c40dc117e397206eeeff31e6c9bef,17,No Smell,0.4265,Vague / Missing Context,0.2941,Format Ambiguity,0.1920,Formality / Audience Mismatch,0.0271,140,0.567
bd5c40dc117e397206eeeff31e6c9bef,18,Vague / Missing Context,0.4183,No Smell,0.2640,Format Ambiguity,0.1305,Bias / Loaded Framing,0.0537,147,0.558
bd5c40dc117e397206eeeff31e6c9bef,19,No Smell,0.5745,Format Ambiguity,0.1823,Vague / Missing Context,0.1202,Bias / Loaded Framing,0.0623,188,0.570
bd5c40dc117e397206eeeff31e6c9bef,20,No Smell,0.5599,Format Ambiguity,0.2060,Vague / Missing Context,0.1439,Conflicting Constraints,0.0343,156,0.569
bd5c40dc117e397206eeeff31e6c9bef,21,No Smell,0.4753,Format Ambiguity,0.2001,Vague / Missing Context,0.1792,Bias / Loaded Framing,0.0473,181,0.571
bd5c40dc117e397206eeeff31e6c9bef,22,No Smell,0.6537,Format Ambiguity,0.1764,Vague / Missing Context,0.0975,Formality / Audience Mismatch,0.0231,139,0.568
bd5c40dc117e397206eeeff31e6c9bef,23,No Smell,0.4802,Format Ambiguity,0.2446,Vague / Missing Context,0.1798,Conflicting Constraints,0.0342,145,0.568
bd5c40dc117e397206eeeff31e6c9bef,24,No Smell,0.4395,Format Ambiguity,0.2684,Vague / Missing Context,0.1807,Conflicting Constraints,0.0323,225,0.590
bd5c40dc117e397206eeeff31e6c9bef,25,No Smell,0.6746,Format Ambiguity,0.2007,Vague / Missing Context,0.0498,Conflicting Constraints,0.0329,222,0.590
bd5c40dc117e397206eeeff31e6c9bef,26,No Smell,0.4883,Format Ambiguity,0.2182,Vague / Missing Context,0.1954,Conflicting Constraints,0.0269,213,0.589
bd5c40dc117e397206eeeff31e6c9bef,27,No Smell,0.5249,Format Ambiguity,0.2535,Vague / Missing Context,0.1064,Formality / Audience Mismatch,0.0357,205,0.588
bd5c40dc117e397206eeeff31e6c9bef,28,No Smell,0.4228,Format Ambiguity,0.2153,Vague / Missing Context,0.1727,Ambiguous References,0.0523,184,0.588
bd5c40dc117e397206eeeff31e6c9bef,29,No Smell,0.5437,Format Ambiguity,0.2874,Vague / Missing Context,0.0890,Conflicting Constraints,0.0287,137,0.558
bd5c40dc117e397206eeeff31e6c9bef,30,No Smell,0.5897,Format Ambiguity,0.1972,Vague / Missing Context,0.1300,Conflicting Constraints,0.0360,180,0.569
bd5c40dc117e397206eeeff31e6c9bef,31,No Smell,0.6173,Format Ambiguity,0.2526,Vague / Missing Context,0.0428,Formality / Audience Mismatch,0.0329,148,0.569
bd5c40dc117e397206eeeff31e6c9bef,32,No Smell,0.5581,Format Ambiguity,0.1946,Vague / Missing Context,0.1337,Conflicting Constraints,0.0397,199,0.569
bd5c40dc117e397206eeeff31e6c9bef,33,No Smell,0.6499,Format Ambiguity,0.2523,Vague / Missing Context,0.0379,Conflicting Constraints,0.0297,174,0.587
bd5c40dc117e397206eeeff31e6c9bef,34,No Smell,0.6933,Format Ambiguity,0.2282,Vague / Missing Context,0.0367,Conflicting Constraints,0.0157,135,0.558
bd5c40dc117e397206eeeff31e6c9bef,35,No Smell,0.5034,Format Ambiguity,0.2319,Vague / Missing Context,0.1444,Formality / Audience Mismatch,0.0425,215,0.589
bd5c40dc117e397206eeeff31e6c9bef,36,No Smell,0.3964,Vague / Missing Context,0.2872,Format Ambiguity,0.2181,Conflicting Constraints,0.0316,175,0.570
bd5c40dc117e397206eeeff31e6c9bef,37,No Smell,0.5279,Format Ambiguity,0.2168,Vague / Missing Context,0.1469,Conflicting Constraints,0.0383,168,0.569
bd5c40dc117e397206eeeff31e6c9bef,38,No Smell,0.5597,Format Ambiguity,0.1731,Vague / Missing Context,0.1527,Conflicting Constraints,0.0443,166,0.570
bd5c40dc117e397206eeeff31e6c9bef,39,No Smell,0.3830,Vague / Missing Context,0.2410,Format Ambiguity,0.2218,Ambiguous References,0.0512,206,0.571
bd5c40dc117e397206eeeff31e6c9bef,40,No Smell,0.6166,Format Ambiguity,0.2099,Vague / Missing Context,0.0764,Conflicting Constraints,0.0340,194,0.570
bd5c40dc117e397206eeeff31e6c9bef,41,No Smell,0.5881,Format Ambiguity,0.2733,Vague / Missing Context,0.0554,Conflicting Constraints,0.0303,151,0.557
bd5c40dc117e397206eeeff31e6c9bef,42,No Smell,0.5427,Format Ambiguity,0.2263,Vague / Missing Context,0.1089,Formality / Audience Mismatch,0.0413,190,0.571
bd5c40dc117e397206eeeff31e6c9bef,43,No Smell,0.5789,Format Ambiguity,0.2087,Vague / Missing Context,0.1095,Conflicting Constraints,0.0423,182,0.568
bd5c40dc117e397206eeeff31e6c9bef,44,No Smell,0.4692,Format Ambiguity,0.2653,Vague / Missing Context,0.1900,Conflicting Constraints,0.0252,144,0.559
bd5c40dc117e397206eeeff31e6c9bef,45,Vague / Missing Context,0.3399,No Smell,0.2999,Format Ambiguity,0.1905,Ambiguous References,0.0582,186,0.588
bd5c40dc117e397206eeeff31e6c9bef,46,No Smell,0.3118,Format Ambiguity,0.2755,Vague / Missing Context,0.2522,Conflicting Constraints,0.0427,206,0.571
bd5c40dc117e397206eeeff31e6c9bef,47,No Smell,0.4548,Format Ambiguity,0.2845,Vague / Missing Context,0.1784,Conflicting Constraints,0.0228,193,0.569
bd5c40dc117e397206eeeff31e6c9bef,48,No Smell,0.4318,Format Ambiguity,0.3031,Vague / Missing Context,0.1289,Formality / Audience Mismatch,0.0345,219,0.590
db3a9c23b57784ef0a3492f0abdc6542,1,No Smell,0.7387,Format Ambiguity,0.1115,Conflicting Constraints,0.0544,Vague / Missing Context,0.0434,1191,0.777
db3a9c23b57784ef0a3492f0abdc6542,2,No Smell,0.6843,Format Ambiguity,0.1408,Conflicting Constraints,0.0620,Vague / Missing Context,0.0473,1413,0.821
db3a9c23b57784ef0a3492f0abdc6542,3,No Smell,0.7543,Format Ambiguity,0.1042,Conflicting Constraints,0.0548,Formality / Audience Mismatch,0.0295,1980,0.901
db3a9c23b57784ef0a3492f0abdc6542,4,No Smell,0.3974,Vague / Missing Context,0.2983,Format Ambiguity,0.0854,Conflicting Constraints,0.0618,1862,0.871
3c473ace121eee584732e43c513b5258,1,Vague / Missing Context,0.3734,No Smell,0.2493,Format Ambiguity,0.0968,Ambiguous References,0.0785,1052,0.740
3c473ace121eee584732e43c513b5258,2,Vague / Missing Context,0.4448,No Smell,0.1195,Ambiguous References,0.1164,Bias / Loaded Framing,0.0804,594,0.641
9b15a82e0dafaf4340a9b77558349615,1,No Smell,0.5531,Format Ambiguity,0.1945,Vague / Missing Context,0.1314,Formality / Audience Mismatch,0.0391,599,0.864
86e9fd4f73856ae1692f9a3a76d47b81,1,No Smell,0.5138,Format Ambiguity,0.2057,Vague / Missing Context,0.1756,Conflicting Constraints,0.0260,35,0.543
86e9fd4f73856ae1692f9a3a76d47b81,2,No Smell,0.6105,Format Ambiguity,0.1806,Vague / Missing Context,0.1058,Formality / Audience Mismatch,0.0385,12,0.533
86e9fd4f73856ae1692f9a3a76d47b81,4,No Smell,0.4228,Vague / Missing Context,0.3613,Format Ambiguity,0.1356,Formality / Audience Mismatch,0.0245,27,0.542
86e9fd4f73856ae1692f9a3a76d47b81,5,No Smell,0.3993,Vague / Missing Context,0.3302,Format Ambiguity,0.1412,Ambiguous References,0.0752,30,0.542
fa95483fd5d790040c4de9510da33f00,3,No Smell,0.6236,Format Ambiguity,0.2027,Vague / Missing Context,0.0912,Conflicting Constraints,0.0362,107,0.556
efe049b8a2afbd920c727daa3441005a,1,No Smell,0.3974,Vague / Missing Context,0.2983,Format Ambiguity,0.0854,Conflicting Constraints,0.0618,1862,0.078
efe049b8a2afbd920c727daa3441005a,2,No Smell,0.7554,Format Ambiguity,0.1209,Conflicting Constraints,0.0513,Vague / Missing Context,0.0273,960,0.703
575b8d75a5468225ac884c1c16de3173,1,No Smell,0.4984,Vague / Missing Context,0.3099,Format Ambiguity,0.1248,Formality / Audience Mismatch,0.0273,28,0.532
575b8d75a5468225ac884c1c16de3173,2,No Smell,0.6629,Format Ambiguity,0.1353,Vague / Missing Context,0.1101,Formality / Audience Mismatch,0.0363,207,0.572
911345ae93fded353620cba2358bd5a3,1,Vague / Missing Context,0.4575,No Smell,0.3574,Format Ambiguity,0.1091,Ambiguous References,0.0265,32,0.543
87b8e6048f316ff985b1fdd85303797c,1,Vague / Missing Context,0.4078,No Smell,0.1340,Bias / Loaded Framing,0.1042,Format Ambiguity,0.0892,4000,1.364
c02712db474216ae2518fbb6ed939b89,1,Vague / Missing Context,0.4078,No Smell,0.1340,Bias / Loaded Framing,0.1042,Format Ambiguity,0.0892,4000,0.079
143c4de87bfe838fb9f318107a085ebf,2,No Smell,0.5131,Vague / Missing Context,0.2543,Format Ambiguity,0.1804,Formality / Audience Mismatch,0.0215,6,0.530
143c4de87bfe838fb9f318107a085ebf,3,No Smell,0.6959,Format Ambiguity,0.1897,Vague / Missing Context,0.0372,Conflicting Constraints,0.0344,129,0.558
143c4de87bfe838fb9f318107a085ebf,4,No Smell,0.7151,Format Ambiguity,0.1775,Vague / Missing Context,0.0349,Conflicting Constraints,0.0299,159,0.558
739c18b974e3a0c9b26b660ad2ce5bce,1,No Smell,0.6949,Format Ambiguity,0.2277,Vague / Missing Context,0.0273,Formality / Audience Mismatch,0.0203,86,0.062
739c18b974e3a0c9b26b660ad2ce5bce,2,No Smell,0.7521,Format Ambiguity,0.1556,Vague / Missing Context,0.0283,Conflicting Constraints,0.0274,201,0.567
739c18b974e3a0c9b26b660ad2ce5bce,3,No Smell,0.4721,Vague / Missing Context,0.2256,Format Ambiguity,0.2182,Conflicting Constraints,0.0264,132,0.556
739c18b974e3a0c9b26b660ad2ce5bce,4,No Smell,0.5437,Format Ambiguity,0.2132,Vague / Missing Context,0.1296,Formality / Audience Mismatch,0.0353,177,0.557
739c18b974e3a0c9b26b660ad2ce5bce,5,No Smell,0.4802,Format Ambiguity,0.2446,Vague / Missing Context,0.1798,Conflicting Constraints,0.0342,145,0.063
739c18b974e3a0c9b26b660ad2ce5bce,6,No Smell,0.3722,Vague / Missing Context,0.2826,Format Ambiguity,0.1878,Ambiguous References,0.0438,178,0.554
739c18b974e3a0c9b26b660ad2ce5bce,7,Vague / Missing Context,0.3786,No Smell,0.3100,Ambiguous References,0.0834,Format Ambiguity,0.0825,196,0.571
739c18b974e3a0c9b26b660ad2ce5bce,8,No Smell,0.4238,Vague / Missing Context,0.2433,Format Ambiguity,0.2035,Ambiguous References,0.0316,179,0.566
739c18b974e3a0c9b26b660ad2ce5bce,9,No Smell,0.5801,Format Ambiguity,0.2598,Vague / Missing Context,0.0839,Conflicting Constraints,0.0277,209,0.566
739c18b974e3a0c9b26b660ad2ce5bce,10,No Smell,0.5550,Format Ambiguity,0.2340,Vague / Missing Context,0.1444,Conflicting Constraints,0.0205,141,0.555
739c18b974e3a0c9b26b660ad2ce5bce,11,No Smell,0.6300,Format Ambiguity,0.2190,Vague / Missing Context,0.0737,Conflicting Constraints,0.0309,172,0.557
739c18b974e3a0c9b26b660ad2ce5bce,12,No Smell,0.5876,Format Ambiguity,0.1804,Vague / Missing Context,0.1486,Formality / Audience Mismatch,0.0266,139,0.556
739c18b974e3a0c9b26b660ad2ce5bce,13,No Smell,0.4510,Vague / Missing Context,0.3304,Format Ambiguity,0.1128,Conflicting Constraints,0.0353,156,0.567
739c18b974e3a0c9b26b660ad2ce5bce,14,No Smell,0.5039,Format Ambiguity,0.2150,Vague / Missing Context,0.1523,Conflicting Constraints,0.0509,193,0.569
739c18b974e3a0c9b26b660ad2ce5bce,15,No Smell,0.4622,Vague / Missing Context,0.2123,Format Ambiguity,0.1728,Formality / Audience Mismatch,0.0430,147,0.569
739c18b974e3a0c9b26b660ad2ce5bce,16,Vague / Missing Context,0.3484,No Smell,0.3432,Format Ambiguity,0.1035,Bias / Loaded Framing,0.0712,182,0.568
739c18b974e3a0c9b26b660ad2ce5bce,17,No Smell,0.5635,Vague / Missing Context,0.1609,Format Ambiguity,0.1553,Conflicting Constraints,0.0417,127,0.555
739c18b974e3a0c9b26b660ad2ce5bce,18,No Smell,0.6434,Format Ambiguity,0.1915,Vague / Missing Context,0.0728,Conflicting Constraints,0.0347,159,0.557
739c18b974e3a0c9b26b660ad2ce5bce,19,No Smell,0.6569,Format Ambiguity,0.1989,Vague / Missing Context,0.0649,Formality / Audience Mismatch,0.0277,170,0.569
739c18b974e3a0c9b26b660ad2ce5bce,20,No Smell,0.5451,Format Ambiguity,0.2016,Vague / Missing Context,0.1583,Formality / Audience Mismatch,0.0298,188,0.570
739c18b974e3a0c9b26b660ad2ce5bce,21,No Smell,0.6104,Format Ambiguity,0.2383,Vague / Missing Context,0.0857,Conflicting Constraints,0.0263,158,0.558
739c18b974e3a0c9b26b660ad2ce5bce,22,No Smell,0.5231,Vague / Missing Context,0.1879,Format Ambiguity,0.1342,Formality / Audience Mismatch,0.0426,204,0.570
739c18b974e3a0c9b26b660ad2ce5bce,23,No Smell,0.5434,Vague / Missing Context,0.1690,Format Ambiguity,0.1551,Formality / Audience Mismatch,0.0459,214,0.570
739c18b974e3a0c9b26b660ad2ce5bce,24,No Smell,0.4219,Vague / Missing Context,0.2392,Format Ambiguity,0.1488,Ambiguous References,0.0593,186,0.569
739c18b974e3a0c9b26b660ad2ce5bce,25,No Smell,0.4706,Format Ambiguity,0.2387,Vague / Missing Context,0.1718,Formality / Audience Mismatch,0.0331,142,0.558
739c18b974e3a0c9b26b660ad2ce5bce,26,Vague / Missing Context,0.6574,No Smell,0.1329,Ambiguous References,0.0861,Format Ambiguity,0.0497,198,0.570
739c18b974e3a0c9b26b660ad2ce5bce,27,No Smell,0.3822,Vague / Missing Context,0.2702,Format Ambiguity,0.1330,Conflicting Constraints,0.0520,235,0.571
739c18b974e3a0c9b26b660ad2ce5bce,28,No Smell,0.4783,Format Ambiguity,0.1983,Vague / Missing Context,0.1887,Conflicting Constraints,0.0376,191,0.569
739c18b974e3a0c9b26b660ad2ce5bce,29,No Smell,0.4726,Format Ambiguity,0.2696,Vague / Missing Context,0.1604,Conflicting Constraints,0.0339,182,0.558
739c18b974e3a0c9b26b660ad2ce5bce,30,No Smell,0.3477,Format Ambiguity,0.2948,Vague / Missing Context,0.1947,Ambiguous References,0.0397,153,0.570
739c18b974e3a0c9b26b660ad2ce5bce,31,No Smell,0.6363,Format Ambiguity,0.2494,Vague / Missing Context,0.0643,Conflicting Constraints,0.0215,189,0.559
739c18b974e3a0c9b26b660ad2ce5bce,32,No Smell,0.4113,Format Ambiguity,0.2434,Vague / Missing Context,0.1941,Formality / Audience Mismatch,0.0381,198,0.588
739c18b974e3a0c9b26b660ad2ce5bce,33,Vague / Missing Context,0.2978,No Smell,0.2872,Bias / Loaded Framing,0.1304,Formality / Audience Mismatch,0.1233,133,0.568
739c18b974e3a0c9b26b660ad2ce5bce,34,Vague / Missing Context,0.5484,No Smell,0.1618,Ambiguous References,0.1060,Format Ambiguity,0.0758,201,0.571
739c18b974e3a0c9b26b660ad2ce5bce,35,No Smell,0.4613,Format Ambiguity,0.3052,Vague / Missing Context,0.1183,Bias / Loaded Framing,0.0315,172,0.588
739c18b974e3a0c9b26b660ad2ce5bce,36,No Smell,0.4206,Vague / Missing Context,0.2325,Format Ambiguity,0.2235,Formality / Audience Mismatch,0.0353,175,0.568
739c18b974e3a0c9b26b660ad2ce5bce,37,No Smell,0.5472,Format Ambiguity,0.1948,Vague / Missing Context,0.1809,Conflicting Constraints,0.0321,199,0.568
739c18b974e3a0c9b26b660ad2ce5bce,38,No Smell,0.4850,Format Ambiguity,0.2691,Vague / Missing Context,0.1477,Formality / Audience Mismatch,0.0315,179,0.568
739c18b974e3a0c9b26b660ad2ce5bce,39,No Smell,0.4815,Vague / Missing Context,0.2513,Format Ambiguity,0.1452,Ambiguous References,0.0391,164,0.556
739c18b974e3a0c9b26b660ad2ce5bce,40,Vague / Missing Context,0.5615,No Smell,0.1936,Ambiguous References,0.0984,Format Ambiguity,0.0542,221,0.588
739c18b974e3a0c9b26b660ad2ce5bce,41,No Smell,0.6830,Format Ambiguity,0.1898,Vague / Missing Context,0.0408,Formality / Audience Mismatch,0.0322,205,0.570
739c18b974e3a0c9b26b660ad2ce5bce,42,No Smell,0.5370,Format Ambiguity,0.2037,Vague / Missing Context,0.1698,Formality / Audience Mismatch,0.0275,228,0.567
739c18b974e3a0c9b26b660ad2ce5bce,43,No Smell,0.5025,Format Ambiguity,0.2720,Vague / Missing Context,0.1240,Conflicting Constraints,0.0372,160,0.588
739c18b974e3a0c9b26b660ad2ce5bce,44,No Smell,0.4782,Vague / Missing Context,0.2231,Format Ambiguity,0.1926,Conflicting Constraints,0.0368,190,0.569
739c18b974e3a0c9b26b660ad2ce5bce,45,No Smell,0.4159,Vague / Missing Context,0.2991,Format Ambiguity,0.1470,Ambiguous References,0.0502,231,0.588
739c18b974e3a0c9b26b660ad2ce5bce,46,No Smell,0.7424,Format Ambiguity,0.1332,Vague / Missing Context,0.0663,Conflicting Constraints,0.0261,217,0.567
739c18b974e3a0c9b26b660ad2ce5bce,47,No Smell,0.5709,Format Ambiguity,0.2167,Vague / Missing Context,0.1372,Conflicting Constraints,0.0270,170,0.557
739c18b974e3a0c9b26b660ad2ce5bce,48,No Smell,0.5353,Vague / Missing Context,0.1946,Format Ambiguity,0.1744,Conflicting Constraints,0.0346,216,0.588
739c18b974e3a0c9b26b660ad2ce5bce,49,No Smell,0.5314,Vague / Missing Context,0.1983,Format Ambiguity,0.1882,Formality / Audience Mismatch,0.0241,236,0.571
739c18b974e3a0c9b26b660ad2ce5bce,50,No Smell,0.5180,Format Ambiguity,0.2479,Vague / Missing Context,0.1456,Conflicting Constraints,0.0312,174,0.557
739c18b974e3a0c9b26b660ad2ce5bce,51,No Smell,0.4461,Vague / Missing Context,0.2604,Format Ambiguity,0.1605,Formality / Audience Mismatch,0.0383,215,0.569
3a5398ca3ed22a932b51cdf0a66ce35e,1,No Smell,0.6884,Format Ambiguity,0.0766,Formality / Audience Mismatch,0.0599,Conflicting Constraints,0.0511,540,0.702
3a5398ca3ed22a932b51cdf0a66ce35e,2,No Smell,0.3401,Vague / Missing Context,0.2699,Format Ambiguity,0.2097,Ambiguous References,0.1015,186,0.590
3a5398ca3ed22a932b51cdf0a66ce35e,3,No Smell,0.6591,Format Ambiguity,0.2295,Vague / Missing Context,0.0552,Formality / Audience Mismatch,0.0242,25,0.534
6ccb8fbfe32823b5a426f2bbe4111385,1,No Smell,0.6631,Format Ambiguity,0.2085,Vague / Missing Context,0.0526,Conflicting Constraints,0.0287,97,0.554
1fd77541f5e217cf438b3caca04b65e3,1,No Smell,0.4444,Vague / Missing Context,0.2803,Format Ambiguity,0.1790,Ambiguous References,0.0391,28,0.541
cab7da0d06ccc444d1d190ccbab18881,1,No Smell,0.7599,Format Ambiguity,0.1326,Vague / Missing Context,0.0377,Conflicting Constraints,0.0289,353,0.590
cab7da0d06ccc444d1d190ccbab18881,2,No Smell,0.5540,Format Ambiguity,0.1738,Vague / Missing Context,0.1602,Formality / Audience Mismatch,0.0367,455,0.611
cab7da0d06ccc444d1d190ccbab18881,3,No Smell,0.4028,Vague / Missing Context,0.3496,Format Ambiguity,0.1356,Ambiguous References,0.0489,84,0.544
cab7da0d06ccc444d1d190ccbab18881,4,No Smell,0.5201,Vague / Missing Context,0.2195,Format Ambiguity,0.1831,Formality / Audience Mismatch,0.0260,65,0.541
c693a47b3368defc1163e0cbcc85e3a2,1,Vague / Missing Context,0.3833,No Smell,0.3061,Bias / Loaded Framing,0.0771,Formality / Audience Mismatch,0.0719,177,0.569
c203d85eaad1f8f29519ab1ca2c7e9c3,1,Vague / Missing Context,0.4065,No Smell,0.2557,Format Ambiguity,0.0993,Prompt Bloat / Convoluted Prompt,0.0717,4000,1.395
2a1fc23e9eb58ca68fbf9fb45c60b43c,1,No Smell,0.4444,Vague / Missing Context,0.2803,Format Ambiguity,0.1790,Ambiguous References,0.0391,28,0.064
2a1fc23e9eb58ca68fbf9fb45c60b43c,2,No Smell,0.6310,Format Ambiguity,0.2646,Vague / Missing Context,0.0586,Formality / Audience Mismatch,0.0161,28,0.541
9a19cffdc1b3ca8dd328679a74f3f597,1,No Smell,0.4670,Vague / Missing Context,0.2488,Format Ambiguity,0.1770,Ambiguous References,0.0498,24,0.542
992ea3a453b7e6df5f5fa4d9de2a6d17,1,No Smell,0.5240,Bias / Loaded Framing,0.1185,Vague / Missing Context,0.1029,Formality / Audience Mismatch,0.0930,1097,0.738
992ea3a453b7e6df5f5fa4d9de2a6d17,2,Vague / Missing Context,0.5519,No Smell,0.1686,Ambiguous References,0.1000,Bias / Loaded Framing,0.0551,104,0.557
d42165a4b9640538b6e86671ece4f0d8,1,No Smell,0.5240,Bias / Loaded Framing,0.1185,Vague / Missing Context,0.1029,Formality / Audience Mismatch,0.0930,1097,0.071
f382ac299a5dad709760898de0d584f4,1,No Smell,0.3347,Vague / Missing Context,0.3119,Format Ambiguity,0.1470,Ambiguous References,0.0786,169,0.555
1708e91e2134a36049c8759b1784352e,1,No Smell,0.6949,Format Ambiguity,0.2277,Vague / Missing Context,0.0273,Formality / Audience Mismatch,0.0203,86,0.065
1708e91e2134a36049c8759b1784352e,2,No Smell,0.4684,Vague / Missing Context,0.1890,Format Ambiguity,0.1544,Formality / Audience Mismatch,0.0532,166,0.555
1708e91e2134a36049c8759b1784352e,3,No Smell,0.5392,Vague / Missing Context,0.1593,Format Ambiguity,0.1570,Conflicting Constraints,0.0449,248,0.589
1708e91e2134a36049c8759b1784352e,4,Vague / Missing Context,0.4078,No Smell,0.2277,Format Ambiguity,0.1874,Ambiguous References,0.0658,180,0.569
1708e91e2134a36049c8759b1784352e,5,No Smell,0.5422,Format Ambiguity,0.1868,Vague / Missing Context,0.1842,Conflicting Constraints,0.0308,188,0.570
1708e91e2134a36049c8759b1784352e,6,No Smell,0.4324,Vague / Missing Context,0.2502,Format Ambiguity,0.2033,Conflicting Constraints,0.0292,195,0.570
1708e91e2134a36049c8759b1784352e,7,No Smell,0.6985,Format Ambiguity,0.2033,Vague / Missing Context,0.0432,Conflicting Constraints,0.0259,184,0.568
1708e91e2134a36049c8759b1784352e,8,No Smell,0.3815,Vague / Missing Context,0.2710,Format Ambiguity,0.2089,Ambiguous References,0.0446,182,0.569
1708e91e2134a36049c8759b1784352e,9,No Smell,0.3406,Vague / Missing Context,0.3019,Format Ambiguity,0.1554,Ambiguous References,0.0935,203,0.570
1708e91e2134a36049c8759b1784352e,10,No Smell,0.5873,Vague / Missing Context,0.1703,Format Ambiguity,0.1544,Formality / Audience Mismatch,0.0317,159,0.569
1708e91e2134a36049c8759b1784352e,11,No Smell,0.4583,Format Ambiguity,0.2693,Vague / Missing Context,0.1764,Conflicting Constraints,0.0415,181,0.569
1708e91e2134a36049c8759b1784352e,12,No Smell,0.6700,Format Ambiguity,0.2245,Vague / Missing Context,0.0437,Conflicting Constraints,0.0255,201,0.569
1708e91e2134a36049c8759b1784352e,13,No Smell,0.3875,Vague / Missing Context,0.2928,Format Ambiguity,0.1901,Ambiguous References,0.0354,183,0.570
1708e91e2134a36049c8759b1784352e,14,No Smell,0.3937,Vague / Missing Context,0.2658,Format Ambiguity,0.2019,Conflicting Constraints,0.0428,204,0.576
1708e91e2134a36049c8759b1784352e,15,No Smell,0.5990,Format Ambiguity,0.2049,Vague / Missing Context,0.1248,Conflicting Constraints,0.0275,267,0.589
1708e91e2134a36049c8759b1784352e,16,No Smell,0.4047,Vague / Missing Context,0.2521,Format Ambiguity,0.1581,Ambiguous References,0.0520,211,0.590
1708e91e2134a36049c8759b1784352e,17,No Smell,0.4691,Format Ambiguity,0.2260,Vague / Missing Context,0.2160,Conflicting Constraints,0.0279,191,0.569
1708e91e2134a36049c8759b1784352e,18,No Smell,0.5381,Format Ambiguity,0.1986,Vague / Missing Context,0.1680,Formality / Audience Mismatch,0.0275,184,0.569
1708e91e2134a36049c8759b1784352e,19,No Smell,0.5020,Format Ambiguity,0.2056,Vague / Missing Context,0.1636,Ambiguous References,0.0316,216,0.570
1708e91e2134a36049c8759b1784352e,20,No Smell,0.5565,Format Ambiguity,0.2390,Vague / Missing Context,0.1263,Conflicting Constraints,0.0300,152,0.557
1708e91e2134a36049c8759b1784352e,21,No Smell,0.6152,Format Ambiguity,0.2061,Vague / Missing Context,0.0995,Conflicting Constraints,0.0300,173,0.570
1708e91e2134a36049c8759b1784352e,22,Vague / Missing Context,0.3182,No Smell,0.3070,Ambiguous References,0.0983,Format Ambiguity,0.0970,211,0.589
1708e91e2134a36049c8759b1784352e,23,No Smell,0.3815,Vague / Missing Context,0.3123,Format Ambiguity,0.1125,Ambiguous References,0.0662,176,0.569
1708e91e2134a36049c8759b1784352e,24,No Smell,0.6682,Format Ambiguity,0.1586,Vague / Missing Context,0.0966,Conflicting Constraints,0.0278,207,0.570
1708e91e2134a36049c8759b1784352e,25,Vague / Missing Context,0.5846,No Smell,0.1290,Ambiguous References,0.0942,Bias / Loaded Framing,0.0696,160,0.569
1708e91e2134a36049c8759b1784352e,26,No Smell,0.6867,Format Ambiguity,0.1944,Vague / Missing Context,0.0452,Conflicting Constraints,0.0325,170,0.567
1708e91e2134a36049c8759b1784352e,27,No Smell,0.7319,Format Ambiguity,0.1886,Vague / Missing Context,0.0438,Conflicting Constraints,0.0128,137,0.556
1708e91e2134a36049c8759b1784352e,28,No Smell,0.5523,Format Ambiguity,0.2188,Vague / Missing Context,0.1472,Formality / Audience Mismatch,0.0295,161,0.568
1708e91e2134a36049c8759b1784352e,29,No Smell,0.6545,Format Ambiguity,0.1874,Vague / Missing Context,0.0868,Conflicting Constraints,0.0280,166,0.567
1708e91e2134a36049c8759b1784352e,30,No Smell,0.6167,Format Ambiguity,0.1995,Vague / Missing Context,0.1234,Formality / Audience Mismatch,0.0215,164,0.569
1708e91e2134a36049c8759b1784352e,31,No Smell,0.6953,Format Ambiguity,0.1509,Vague / Missing Context,0.0962,Conflicting Constraints,0.0248,179,0.558
1708e91e2134a36049c8759b1784352e,32,No Smell,0.6492,Format Ambiguity,0.1771,Vague / Missing Context,0.0766,Conflicting Constraints,0.0346,212,0.569
1708e91e2134a36049c8759b1784352e,33,Vague / Missing Context,0.4137,No Smell,0.2821,Format Ambiguity,0.1051,Ambiguous References,0.0726,151,0.557
1708e91e2134a36049c8759b1784352e,34,No Smell,0.4893,Vague / Missing Context,0.2173,Format Ambiguity,0.1652,Formality / Audience Mismatch,0.0391,219,0.569
1708e91e2134a36049c8759b1784352e,35,Vague / Missing Context,0.5160,No Smell,0.2552,Format Ambiguity,0.0721,Ambiguous References,0.0660,143,0.554
1708e91e2134a36049c8759b1784352e,36,No Smell,0.5526,Format Ambiguity,0.2292,Vague / Missing Context,0.1176,Formality / Audience Mismatch,0.0333,222,0.569
1708e91e2134a36049c8759b1784352e,37,No Smell,0.5501,Format Ambiguity,0.2236,Vague / Missing Context,0.1214,Conflicting Constraints,0.0338,236,0.567
1708e91e2134a36049c8759b1784352e,38,No Smell,0.3470,Vague / Missing Context,0.3060,Format Ambiguity,0.1249,Ambiguous References,0.1103,193,0.557
1708e91e2134a36049c8759b1784352e,39,No Smell,0.5177,Vague / Missing Context,0.1906,Format Ambiguity,0.1732,Formality / Audience Mismatch,0.0361,156,0.555
1708e91e2134a36049c8759b1784352e,40,No Smell,0.4551,Format Ambiguity,0.2842,Vague / Missing Context,0.1501,Conflicting Constraints,0.0328,161,0.567
1708e91e2134a36049c8759b1784352e,41,No Smell,0.5004,Format Ambiguity,0.2504,Vague / Missing Context,0.1500,Formality / Audience Mismatch,0.0286,142,0.556
1708e91e2134a36049c8759b1784352e,42,No Smell,0.5571,Format Ambiguity,0.1892,Vague / Missing Context,0.1876,Conflicting Constraints,0.0256,166,0.590
1708e91e2134a36049c8759b1784352e,43,No Smell,0.4744,Format Ambiguity,0.2850,Vague / Missing Context,0.1313,Conflicting Constraints,0.0309,178,0.559
1708e91e2134a36049c8759b1784352e,44,No Smell,0.6790,Format Ambiguity,0.1573,Vague / Missing Context,0.0772,Conflicting Constraints,0.0327,163,0.556
1708e91e2134a36049c8759b1784352e,45,No Smell,0.5176,Format Ambiguity,0.1867,Vague / Missing Context,0.1665,Formality / Audience Mismatch,0.0443,173,0.558
1708e91e2134a36049c8759b1784352e,46,No Smell,0.5249,Vague / Missing Context,0.2097,Format Ambiguity,0.1907,Conflicting Constraints,0.0250,225,0.569
1708e91e2134a36049c8759b1784352e,47,No Smell,0.3910,Vague / Missing Context,0.2781,Format Ambiguity,0.2385,Formality / Audience Mismatch,0.0284,168,0.558
1708e91e2134a36049c8759b1784352e,48,No Smell,0.3971,Vague / Missing Context,0.2879,Format Ambiguity,0.2128,Conflicting Constraints,0.0291,227,0.570
1708e91e2134a36049c8759b1784352e,49,Vague / Missing Context,0.4242,No Smell,0.2959,Format Ambiguity,0.1337,Ambiguous References,0.0417,184,0.567
1708e91e2134a36049c8759b1784352e,50,No Smell,0.4232,Format Ambiguity,0.2508,Vague / Missing Context,0.2090,Ambiguous References,0.0325,122,0.556
1708e91e2134a36049c8759b1784352e,51,No Smell,0.7113,Format Ambiguity,0.1915,Vague / Missing Context,0.0369,Conflicting Constraints,0.0238,201,0.568
c6d887fa76ff92a390f0caa5ebc23593,1,No Smell,0.3347,Vague / Missing Context,0.3119,Format Ambiguity,0.1470,Ambiguous References,0.0786,169,0.061
5a76d12fdf66715344f9453efeaefbe4,1,Vague / Missing Context,0.3700,No Smell,0.2969,Format Ambiguity,0.1260,Ambiguous References,0.0711,1780,0.963
116123abafee7751d2fce94da9f37680,1,No Smell,0.3305,Vague / Missing Context,0.3073,Format Ambiguity,0.1492,Ambiguous References,0.0822,171,0.557
544b1418bdcc500cb246a22de99a1688,1,No Smell,0.5268,Bias / Loaded Framing,0.1209,Formality / Audience Mismatch,0.0991,Vague / Missing Context,0.0985,1122,0.738
d664ccc9e9e011c272184e960f9cc5ee,1,No Smell,0.5644,Format Ambiguity,0.1741,Vague / Missing Context,0.0944,Formality / Audience Mismatch,0.0611,133,0.556
ac99c6a334d12e9765b991582e355a0b,1,No Smell,0.4983,Bias / Loaded Framing,0.1399,Formality / Audience Mismatch,0.1102,Vague / Missing Context,0.0978,1123,0.746
92e5d6380967ef516d165ec394e1c75f,1,Vague / Missing Context,0.3601,No Smell,0.2988,Format Ambiguity,0.1214,Ambiguous References,0.0817,193,0.570
a7e2b4d7cc8ba3b839805af6c1149d69,1,Vague / Missing Context,0.5146,No Smell,0.1745,Bias / Loaded Framing,0.0862,Format Ambiguity,0.0817,26,0.543
0361608c38fcc734a0cbe65426adbb08,1,Vague / Missing Context,0.4567,No Smell,0.2641,Format Ambiguity,0.0682,Bias / Loaded Framing,0.0568,185,0.569
c3bfa6c1e3a4f8c731521cb7ff0beb03,1,No Smell,0.4872,Bias / Loaded Framing,0.1393,Vague / Missing Context,0.1107,Formality / Audience Mismatch,0.0962,1151,0.741
01317cea0c4341637d3a72d32df4b9f6,1,Vague / Missing Context,0.4422,No Smell,0.2857,Format Ambiguity,0.0871,Bias / Loaded Framing,0.0661,28,0.543
06f50cee7d0b85219e1008d4632d1a38,1,No Smell,0.5842,Vague / Missing Context,0.1712,Format Ambiguity,0.1689,Formality / Audience Mismatch,0.0289,42,0.544
7cfb9a7a57b83324d762e222350ebfc0,1,Bias / Loaded Framing,0.5363,Vague / Missing Context,0.2964,No Smell,0.0821,Ambiguous References,0.0381,45,0.543
0f9463babb56b34061be5e4ef5cc712d,1,No Smell,0.6288,Vague / Missing Context,0.0886,Format Ambiguity,0.0874,Formality / Audience Mismatch,0.0617,4000,1.340
ef0a8ab9314d15b72782fb8965625421,1,No Smell,0.7555,Format Ambiguity,0.1531,Vague / Missing Context,0.0331,Formality / Audience Mismatch,0.0227,118,0.559
ef0a8ab9314d15b72782fb8965625421,2,No Smell,0.7689,Format Ambiguity,0.1788,Vague / Missing Context,0.0192,Formality / Audience Mismatch,0.0147,58,0.546
ef0a8ab9314d15b72782fb8965625421,3,No Smell,0.3797,Format Ambiguity,0.2765,Vague / Missing Context,0.2250,Ambiguous References,0.0388,372,0.614
ef0a8ab9314d15b72782fb8965625421,4,No Smell,0.5019,Format Ambiguity,0.2539,Vague / Missing Context,0.0990,Conflicting Constraints,0.0416,4000,1.692
ef0a8ab9314d15b72782fb8965625421,5,No Smell,0.5385,Format Ambiguity,0.2961,Vague / Missing Context,0.1159,Formality / Audience Mismatch,0.0181,72,0.547
ef0a8ab9314d15b72782fb8965625421,6,Vague / Missing Context,0.6147,No Smell,0.1640,Format Ambiguity,0.0867,Ambiguous References,0.0833,135,0.591
ef0a8ab9314d15b72782fb8965625421,7,Vague / Missing Context,0.6147,No Smell,0.1640,Format Ambiguity,0.0867,Ambiguous References,0.0833,135,0.048
ef0a8ab9314d15b72782fb8965625421,8,Vague / Missing Context,0.4848,No Smell,0.3118,Format Ambiguity,0.1241,Ambiguous References,0.0518,136,0.567
ef0a8ab9314d15b72782fb8965625421,9,Vague / Missing Context,0.4742,No Smell,0.2979,Format Ambiguity,0.1147,Ambiguous References,0.0690,208,0.590
ef0a8ab9314d15b72782fb8965625421,10,No Smell,0.6390,Format Ambiguity,0.2338,Vague / Missing Context,0.0699,Formality / Audience Mismatch,0.0226,89,0.557
80e2a8afeed1702802ae669908fccb1d,1,No Smell,0.6297,Format Ambiguity,0.2180,Vague / Missing Context,0.1005,Conflicting Constraints,0.0220,38,0.542
80e2a8afeed1702802ae669908fccb1d,3,Vague / Missing Context,0.4301,No Smell,0.3616,Format Ambiguity,0.0944,Ambiguous References,0.0481,41,0.543
80e2a8afeed1702802ae669908fccb1d,4,No Smell,0.6507,Format Ambiguity,0.1952,Vague / Missing Context,0.1155,Formality / Audience Mismatch,0.0163,77,0.545
80e2a8afeed1702802ae669908fccb1d,5,No Smell,0.7033,Format Ambiguity,0.1825,Vague / Missing Context,0.0747,Formality / Audience Mismatch,0.0163,34,0.542
4640ce38ae13a74c7d8e215aaf5fcff6,1,No Smell,0.4901,Bias / Loaded Framing,0.1377,Vague / Missing Context,0.1145,Formality / Audience Mismatch,0.0989,1172,0.768
5c108e733ce7aff9fd6f0edaf057950d,1,No Smell,0.6949,Format Ambiguity,0.2277,Vague / Missing Context,0.0273,Formality / Audience Mismatch,0.0203,86,0.064
5c108e733ce7aff9fd6f0edaf057950d,2,No Smell,0.6195,Format Ambiguity,0.2382,Vague / Missing Context,0.0824,Conflicting Constraints,0.0219,173,0.557
5c108e733ce7aff9fd6f0edaf057950d,3,No Smell,0.5092,Format Ambiguity,0.2012,Vague / Missing Context,0.1602,Conflicting Constraints,0.0371,196,0.558
5c108e733ce7aff9fd6f0edaf057950d,4,No Smell,0.5972,Format Ambiguity,0.2109,Vague / Missing Context,0.1028,Formality / Audience Mismatch,0.0293,223,0.588
5c108e733ce7aff9fd6f0edaf057950d,5,Vague / Missing Context,0.4861,No Smell,0.2767,Format Ambiguity,0.1344,Ambiguous References,0.0482,132,0.555
5c108e733ce7aff9fd6f0edaf057950d,6,No Smell,0.4817,Format Ambiguity,0.2320,Vague / Missing Context,0.1626,Conflicting Constraints,0.0537,184,0.567
5c108e733ce7aff9fd6f0edaf057950d,7,Vague / Missing Context,0.3950,No Smell,0.3275,Format Ambiguity,0.1729,Ambiguous References,0.0427,162,0.558
5c108e733ce7aff9fd6f0edaf057950d,8,No Smell,0.5628,Vague / Missing Context,0.1841,Format Ambiguity,0.1660,Conflicting Constraints,0.0347,212,0.569
5c108e733ce7aff9fd6f0edaf057950d,9,No Smell,0.4057,Format Ambiguity,0.2323,Vague / Missing Context,0.2284,Formality / Audience Mismatch,0.0345,163,0.557
5c108e733ce7aff9fd6f0edaf057950d,10,No Smell,0.5302,Format Ambiguity,0.2749,Vague / Missing Context,0.0945,Conflicting Constraints,0.0400,208,0.558
5c108e733ce7aff9fd6f0edaf057950d,11,No Smell,0.3974,Vague / Missing Context,0.2830,Format Ambiguity,0.1746,Ambiguous References,0.0531,187,0.568
5c108e733ce7aff9fd6f0edaf057950d,12,No Smell,0.4498,Vague / Missing Context,0.2181,Format Ambiguity,0.1770,Bias / Loaded Framing,0.0424,202,0.558
5c108e733ce7aff9fd6f0edaf057950d,13,No Smell,0.4790,Vague / Missing Context,0.1962,Format Ambiguity,0.1521,Formality / Audience Mismatch,0.0485,188,0.558
5c108e733ce7aff9fd6f0edaf057950d,14,No Smell,0.4409,Format Ambiguity,0.2435,Vague / Missing Context,0.1992,Conflicting Constraints,0.0385,191,0.569
5c108e733ce7aff9fd6f0edaf057950d,15,Vague / Missing Context,0.6376,No Smell,0.1340,Ambiguous References,0.1017,Format Ambiguity,0.0520,175,0.567
5c108e733ce7aff9fd6f0edaf057950d,16,No Smell,0.4241,Vague / Missing Context,0.2489,Format Ambiguity,0.2130,Formality / Audience Mismatch,0.0355,129,0.567
5c108e733ce7aff9fd6f0edaf057950d,17,No Smell,0.6000,Format Ambiguity,0.2031,Vague / Missing Context,0.1252,Conflicting Constraints,0.0355,155,0.555
5c108e733ce7aff9fd6f0edaf057950d,18,No Smell,0.4118,Vague / Missing Context,0.2539,Format Ambiguity,0.1685,Conflicting Constraints,0.0435,200,0.567
5c108e733ce7aff9fd6f0edaf057950d,19,No Smell,0.4889,Format Ambiguity,0.1778,Vague / Missing Context,0.1604,Bias / Loaded Framing,0.0726,187,0.569
5c108e733ce7aff9fd6f0edaf057950d,20,No Smell,0.4759,Format Ambiguity,0.2666,Vague / Missing Context,0.1737,Conflicting Constraints,0.0265,179,0.568
5c108e733ce7aff9fd6f0edaf057950d,21,No Smell,0.5780,Format Ambiguity,0.2424,Vague / Missing Context,0.1063,Conflicting Constraints,0.0338,186,0.566
5c108e733ce7aff9fd6f0edaf057950d,22,No Smell,0.5847,Format Ambiguity,0.2230,Vague / Missing Context,0.1070,Conflicting Constraints,0.0397,172,0.557
5c108e733ce7aff9fd6f0edaf057950d,23,Vague / Missing Context,0.4100,No Smell,0.2124,Format Ambiguity,0.1107,Ambiguous References,0.0973,215,0.588
5c108e733ce7aff9fd6f0edaf057950d,24,No Smell,0.5721,Format Ambiguity,0.2778,Vague / Missing Context,0.0847,Conflicting Constraints,0.0275,145,0.557
5c108e733ce7aff9fd6f0edaf057950d,25,No Smell,0.5993,Format Ambiguity,0.2170,Vague / Missing Context,0.1040,Formality / Audience Mismatch,0.0292,186,0.567
5c108e733ce7aff9fd6f0edaf057950d,26,No Smell,0.5752,Format Ambiguity,0.1789,Vague / Missing Context,0.1683,Conflicting Constraints,0.0247,202,0.569
5c108e733ce7aff9fd6f0edaf057950d,27,Vague / Missing Context,0.5450,No Smell,0.2445,Format Ambiguity,0.0697,Ambiguous References,0.0563,141,0.556
5c108e733ce7aff9fd6f0edaf057950d,28,No Smell,0.5988,Format Ambiguity,0.2211,Vague / Missing Context,0.0681,Formality / Audience Mismatch,0.0374,173,0.556
5c108e733ce7aff9fd6f0edaf057950d,29,No Smell,0.4667,Format Ambiguity,0.2173,Vague / Missing Context,0.1930,Conflicting Constraints,0.0421,209,0.588
5c108e733ce7aff9fd6f0edaf057950d,30,No Smell,0.4620,Format Ambiguity,0.2316,Vague / Missing Context,0.1897,Formality / Audience Mismatch,0.0376,149,0.553
5c108e733ce7aff9fd6f0edaf057950d,31,No Smell,0.6537,Format Ambiguity,0.2248,Vague / Missing Context,0.0544,Formality / Audience Mismatch,0.0254,161,0.567
5c108e733ce7aff9fd6f0edaf057950d,32,No Smell,0.4639,Format Ambiguity,0.2389,Vague / Missing Context,0.2006,Formality / Audience Mismatch,0.0296,201,0.570
5c108e733ce7aff9fd6f0edaf057950d,33,No Smell,0.3719,Vague / Missing Context,0.3612,Format Ambiguity,0.1593,Formality / Audience Mismatch,0.0329,166,0.568
5c108e733ce7aff9fd6f0edaf057950d,34,No Smell,0.3889,Vague / Missing Context,0.2535,Format Ambiguity,0.2117,Conflicting Constraints,0.0414,183,0.569
5c108e733ce7aff9fd6f0edaf057950d,35,No Smell,0.3739,Vague / Missing Context,0.3060,Format Ambiguity,0.1806,Formality / Audience Mismatch,0.0361,210,0.589
5c108e733ce7aff9fd6f0edaf057950d,36,No Smell,0.4881,Format Ambiguity,0.2179,Vague / Missing Context,0.1889,Formality / Audience Mismatch,0.0325,203,0.588
5c108e733ce7aff9fd6f0edaf057950d,37,No Smell,0.5663,Format Ambiguity,0.1679,Vague / Missing Context,0.1619,Conflicting Constraints,0.0492,207,0.570
5c108e733ce7aff9fd6f0edaf057950d,38,No Smell,0.5092,Format Ambiguity,0.2378,Vague / Missing Context,0.1637,Conflicting Constraints,0.0258,183,0.570
5c108e733ce7aff9fd6f0edaf057950d,39,No Smell,0.3728,Vague / Missing Context,0.2475,Format Ambiguity,0.2404,Ambiguous References,0.0635,136,0.557
5c108e733ce7aff9fd6f0edaf057950d,40,No Smell,0.5222,Format Ambiguity,0.1920,Vague / Missing Context,0.1819,Conflicting Constraints,0.0312,209,0.569
5c108e733ce7aff9fd6f0edaf057950d,41,No Smell,0.5030,Format Ambiguity,0.2562,Vague / Missing Context,0.1518,Conflicting Constraints,0.0366,197,0.569
5c108e733ce7aff9fd6f0edaf057950d,42,No Smell,0.6848,Format Ambiguity,0.2069,Vague / Missing Context,0.0448,Conflicting Constraints,0.0263,175,0.557
5c108e733ce7aff9fd6f0edaf057950d,43,No Smell,0.5593,Format Ambiguity,0.2539,Vague / Missing Context,0.1157,Formality / Audience Mismatch,0.0235,157,0.557
5c108e733ce7aff9fd6f0edaf057950d,44,No Smell,0.5550,Format Ambiguity,0.2362,Vague / Missing Context,0.1322,Formality / Audience Mismatch,0.0261,165,0.558
5c108e733ce7aff9fd6f0edaf057950d,45,No Smell,0.6201,Format Ambiguity,0.2081,Vague / Missing Context,0.0881,Conflicting Constraints,0.0357,196,0.568
5c108e733ce7aff9fd6f0edaf057950d,46,No Smell,0.5133,Format Ambiguity,0.2031,Vague / Missing Context,0.1848,Conflicting Constraints,0.0370,206,0.570
5c108e733ce7aff9fd6f0edaf057950d,47,No Smell,0.4877,Format Ambiguity,0.2219,Vague / Missing Context,0.1467,Conflicting Constraints,0.0440,202,0.570
5c108e733ce7aff9fd6f0edaf057950d,48,No Smell,0.5183,Format Ambiguity,0.2086,Vague / Missing Context,0.1573,Formality / Audience Mismatch,0.0315,231,0.571
5c108e733ce7aff9fd6f0edaf057950d,49,No Smell,0.5396,Format Ambiguity,0.1873,Vague / Missing Context,0.1641,Formality / Audience Mismatch,0.0366,193,0.558
5c108e733ce7aff9fd6f0edaf057950d,50,No Smell,0.5327,Vague / Missing Context,0.1753,Format Ambiguity,0.1715,Conflicting Constraints,0.0369,242,0.570
5c108e733ce7aff9fd6f0edaf057950d,51,No Smell,0.6756,Format Ambiguity,0.2032,Vague / Missing Context,0.0436,Conflicting Constraints,0.0295,228,0.568
b4875590c406569f2af5e909bd69e553,1,No Smell,0.4539,Bias / Loaded Framing,0.1430,Vague / Missing Context,0.1295,Formality / Audience Mismatch,0.0997,1174,0.770
7066437c6dd8162177f16c3f3aeabf5e,1,No Smell,0.5061,Vague / Missing Context,0.1314,Format Ambiguity,0.1301,Prompt Bloat / Convoluted Prompt,0.0595,4000,1.344
4898671b3f7fb36a095bbe5eb84acccf,1,No Smell,0.4318,Bias / Loaded Framing,0.1439,Vague / Missing Context,0.1407,Formality / Audience Mismatch,0.1001,1195,0.772
de0d143dd26522095cd23b52d729f2e2,1,No Smell,0.6579,Format Ambiguity,0.1074,Conflicting Constraints,0.0745,Vague / Missing Context,0.0570,3590,1.257
de0d143dd26522095cd23b52d729f2e2,2,No Smell,0.5331,Format Ambiguity,0.1578,Vague / Missing Context,0.1427,Formality / Audience Mismatch,0.0491,384,0.615
de0d143dd26522095cd23b52d729f2e2,3,No Smell,0.4556,Vague / Missing Context,0.2626,Format Ambiguity,0.1349,Ambiguous References,0.0458,303,0.592
de0d143dd26522095cd23b52d729f2e2,4,No Smell,0.5357,Vague / Missing Context,0.1598,Format Ambiguity,0.1265,Formality / Audience Mismatch,0.0575,259,0.590
36a885465491f9dce7273cb13c6807ff,1,No Smell,0.4964,Vague / Missing Context,0.1410,Format Ambiguity,0.1246,Conflicting Constraints,0.0661,1292,0.776
9655a22f4fa2615406a769831a3f318c,1,No Smell,0.5625,Vague / Missing Context,0.2293,Format Ambiguity,0.1582,Formality / Audience Mismatch,0.0223,8,0.532
9655a22f4fa2615406a769831a3f318c,3,No Smell,0.6745,Format Ambiguity,0.1907,Vague / Missing Context,0.0992,Formality / Audience Mismatch,0.0164,47,0.545
9655a22f4fa2615406a769831a3f318c,4,No Smell,0.6437,Format Ambiguity,0.2235,Vague / Missing Context,0.0955,Formality / Audience Mismatch,0.0155,94,0.544
9655a22f4fa2615406a769831a3f318c,5,No Smell,0.6184,Format Ambiguity,0.2199,Vague / Missing Context,0.1127,Conflicting Constraints,0.0185,75,0.544
9655a22f4fa2615406a769831a3f318c,6,No Smell,0.6807,Format Ambiguity,0.1804,Vague / Missing Context,0.0953,Formality / Audience Mismatch,0.0156,77,0.544
9655a22f4fa2615406a769831a3f318c,7,No Smell,0.6548,Format Ambiguity,0.1720,Vague / Missing Context,0.1305,Formality / Audience Mismatch,0.0159,96,0.545
9655a22f4fa2615406a769831a3f318c,8,No Smell,0.7252,Format Ambiguity,0.2007,Vague / Missing Context,0.0366,Conflicting Constraints,0.0146,61,0.543
58d70efa4f9cfbf4b637d6052f5458d8,1,No Smell,0.4571,Vague / Missing Context,0.1491,Format Ambiguity,0.1238,Bias / Loaded Framing,0.0687,924,0.706
c45173b0ad0c6b5dd12e8cc1ccfa6296,1,No Smell,0.4741,Vague / Missing Context,0.1417,Format Ambiguity,0.0970,Bias / Loaded Framing,0.0743,924,0.736
6515f510300c19fdbac74674b2249fb9,4,No Smell,0.6456,Format Ambiguity,0.2699,Vague / Missing Context,0.0451,Formality / Audience Mismatch,0.0157,22,0.574
bdbd253134a06335c140b42c4447026c,1,No Smell,0.6670,Vague / Missing Context,0.1263,Format Ambiguity,0.0887,Formality / Audience Mismatch,0.0462,336,0.601
bdbd253134a06335c140b42c4447026c,2,No Smell,0.7196,Vague / Missing Context,0.0954,Format Ambiguity,0.0928,Formality / Audience Mismatch,0.0402,286,0.572
bdbd253134a06335c140b42c4447026c,3,No Smell,0.5320,Vague / Missing Context,0.2727,Format Ambiguity,0.0752,Formality / Audience Mismatch,0.0478,213,0.569
bdbd253134a06335c140b42c4447026c,4,No Smell,0.7534,Vague / Missing Context,0.0869,Format Ambiguity,0.0780,Formality / Audience Mismatch,0.0346,174,0.558
bdbd253134a06335c140b42c4447026c,5,No Smell,0.6265,Vague / Missing Context,0.1828,Format Ambiguity,0.0992,Formality / Audience Mismatch,0.0394,99,0.544
bdbd253134a06335c140b42c4447026c,6,No Smell,0.6263,Format Ambiguity,0.2782,Vague / Missing Context,0.0285,Formality / Audience Mismatch,0.0278,29,0.541
baf49525605fcccd89ea8994d7a3c8af,1,No Smell,0.4442,Vague / Missing Context,0.1590,Format Ambiguity,0.1022,Bias / Loaded Framing,0.0780,917,0.703
2153ca3d0e0b59302a6f5225239ed71b,1,No Smell,0.7153,Format Ambiguity,0.1705,Vague / Missing Context,0.0463,Conflicting Constraints,0.0255,179,0.570
2153ca3d0e0b59302a6f5225239ed71b,2,No Smell,0.4360,Format Ambiguity,0.2650,Vague / Missing Context,0.1276,Conflicting Constraints,0.0542,4000,1.691
2153ca3d0e0b59302a6f5225239ed71b,3,No Smell,0.7547,Format Ambiguity,0.1972,Formality / Audience Mismatch,0.0183,Vague / Missing Context,0.0097,77,0.546
7e8ea875c4e1685905e5bb552f207ea1,1,No Smell,0.6794,Format Ambiguity,0.1989,Vague / Missing Context,0.0728,Formality / Audience Mismatch,0.0176,124,0.558
7e8ea875c4e1685905e5bb552f207ea1,2,No Smell,0.6757,Format Ambiguity,0.2082,Vague / Missing Context,0.0719,Conflicting Constraints,0.0185,103,0.546
7e8ea875c4e1685905e5bb552f207ea1,3,No Smell,0.6132,Vague / Missing Context,0.1660,Format Ambiguity,0.1656,Conflicting Constraints,0.0206,107,0.556
b52c2263b082c56b0fe4e024fcd90fde,1,No Smell,0.5112,Vague / Missing Context,0.2531,Format Ambiguity,0.1765,Formality / Audience Mismatch,0.0211,22,0.532
b52c2263b082c56b0fe4e024fcd90fde,2,No Smell,0.5052,Vague / Missing Context,0.2537,Format Ambiguity,0.1724,Formality / Audience Mismatch,0.0280,17,0.545
2c714015812065f25baf349b302d6e87,1,No Smell,0.5750,Format Ambiguity,0.1795,Vague / Missing Context,0.0808,Formality / Audience Mismatch,0.0534,1292,0.824
2c714015812065f25baf349b302d6e87,2,No Smell,0.5229,Format Ambiguity,0.2651,Vague / Missing Context,0.1394,Formality / Audience Mismatch,0.0275,94,0.545
2c714015812065f25baf349b302d6e87,3,No Smell,0.5679,Format Ambiguity,0.2945,Vague / Missing Context,0.0581,Formality / Audience Mismatch,0.0279,389,0.640
2c714015812065f25baf349b302d6e87,4,Vague / Missing Context,0.5401,No Smell,0.1939,Format Ambiguity,0.1535,Ambiguous References,0.0542,57,0.543
2c714015812065f25baf349b302d6e87,5,No Smell,0.5978,Format Ambiguity,0.2289,Vague / Missing Context,0.0892,Formality / Audience Mismatch,0.0323,301,0.588
2c714015812065f25baf349b302d6e87,6,No Smell,0.6198,Format Ambiguity,0.2384,Vague / Missing Context,0.0759,Conflicting Constraints,0.0259,74,0.543
34f0e986baaf4289b84964984544a70d,1,No Smell,0.6888,Vague / Missing Context,0.0944,Format Ambiguity,0.0617,Conflicting Constraints,0.0536,4000,1.380
f1486f3a2e8af9ca2919c9ec10ec031d,1,No Smell,0.3953,Vague / Missing Context,0.2896,Format Ambiguity,0.2753,Formality / Audience Mismatch,0.0163,45,0.544
7864d40ebc1f458c4a18d81b2a324f55,1,No Smell,0.4315,Vague / Missing Context,0.1615,Format Ambiguity,0.0950,Bias / Loaded Framing,0.0932,906,0.704
36a5b7ecd8894c16a1f9ec443fc51d81,1,No Smell,0.6406,Format Ambiguity,0.0715,Vague / Missing Context,0.0630,Formality / Audience Mismatch,0.0628,2247,0.873
36a5b7ecd8894c16a1f9ec443fc51d81,2,No Smell,0.6290,Vague / Missing Context,0.0781,Format Ambiguity,0.0703,Formality / Audience Mismatch,0.0590,2214,0.873
36a5b7ecd8894c16a1f9ec443fc51d81,3,No Smell,0.3454,Vague / Missing Context,0.3441,Format Ambiguity,0.1107,Ambiguous References,0.0746,383,0.590
6cad0e03b113ca297b1b38c3ca562a8f,1,No Smell,0.4031,Vague / Missing Context,0.1691,Format Ambiguity,0.0987,Bias / Loaded Framing,0.0959,915,0.733
2f26f1be2aa1b5b9896077c4fe242a07,1,No Smell,0.4904,Vague / Missing Context,0.1999,Format Ambiguity,0.1777,Ambiguous References,0.0365,230,1.492
86f9e4302e3b568a2fcbdd1ceb4fbe74,1,No Smell,0.6949,Format Ambiguity,0.2277,Vague / Missing Context,0.0273,Formality / Audience Mismatch,0.0203,86,0.064
86f9e4302e3b568a2fcbdd1ceb4fbe74,2,No Smell,0.4802,Format Ambiguity,0.2446,Vague / Missing Context,0.1798,Conflicting Constraints,0.0342,145,0.568
86f9e4302e3b568a2fcbdd1ceb4fbe74,3,No Smell,0.5618,Format Ambiguity,0.1846,Vague / Missing Context,0.1234,Conflicting Constraints,0.0522,193,0.568
86f9e4302e3b568a2fcbdd1ceb4fbe74,4,No Smell,0.6454,Format Ambiguity,0.2202,Vague / Missing Context,0.0549,Conflicting Constraints,0.0312,180,0.568
86f9e4302e3b568a2fcbdd1ceb4fbe74,5,No Smell,0.4917,Format Ambiguity,0.2085,Vague / Missing Context,0.1936,Conflicting Constraints,0.0334,183,0.557
86f9e4302e3b568a2fcbdd1ceb4fbe74,6,No Smell,0.6613,Format Ambiguity,0.1881,Vague / Missing Context,0.0634,Conflicting Constraints,0.0340,154,0.556
86f9e4302e3b568a2fcbdd1ceb4fbe74,7,No Smell,0.4983,Format Ambiguity,0.2450,Vague / Missing Context,0.1229,Conflicting Constraints,0.0502,214,0.569
86f9e4302e3b568a2fcbdd1ceb4fbe74,8,No Smell,0.5851,Format Ambiguity,0.2091,Vague / Missing Context,0.0870,Conflicting Constraints,0.0369,206,0.588
86f9e4302e3b568a2fcbdd1ceb4fbe74,9,No Smell,0.4001,Vague / Missing Context,0.2822,Format Ambiguity,0.1933,Ambiguous References,0.0372,159,0.569
86f9e4302e3b568a2fcbdd1ceb4fbe74,10,No Smell,0.5567,Format Ambiguity,0.2354,Vague / Missing Context,0.1171,Formality / Audience Mismatch,0.0323,145,0.569
86f9e4302e3b568a2fcbdd1ceb4fbe74,11,No Smell,0.3911,Vague / Missing Context,0.2873,Format Ambiguity,0.1773,Conflicting Constraints,0.0404,162,0.556
86f9e4302e3b568a2fcbdd1ceb4fbe74,12,No Smell,0.3474,Vague / Missing Context,0.3036,Format Ambiguity,0.1871,Conflicting Constraints,0.0430,189,0.567
86f9e4302e3b568a2fcbdd1ceb4fbe74,13,No Smell,0.4799,Vague / Missing Context,0.2562,Format Ambiguity,0.1513,Ambiguous References,0.0567,140,0.554
86f9e4302e3b568a2fcbdd1ceb4fbe74,14,No Smell,0.5626,Format Ambiguity,0.2393,Vague / Missing Context,0.1013,Conflicting Constraints,0.0369,224,0.589
86f9e4302e3b568a2fcbdd1ceb4fbe74,15,No Smell,0.6264,Format Ambiguity,0.2327,Vague / Missing Context,0.0819,Conflicting Constraints,0.0212,223,0.569
86f9e4302e3b568a2fcbdd1ceb4fbe74,16,No Smell,0.6138,Format Ambiguity,0.2411,Vague / Missing Context,0.0695,Formality / Audience Mismatch,0.0245,170,0.569
86f9e4302e3b568a2fcbdd1ceb4fbe74,17,No Smell,0.5474,Format Ambiguity,0.2330,Vague / Missing Context,0.1132,Conflicting Constraints,0.0431,216,0.558
86f9e4302e3b568a2fcbdd1ceb4fbe74,18,No Smell,0.6380,Format Ambiguity,0.2059,Vague / Missing Context,0.0555,Conflicting Constraints,0.0397,218,0.569
86f9e4302e3b568a2fcbdd1ceb4fbe74,19,No Smell,0.4407,Format Ambiguity,0.2053,Vague / Missing Context,0.1570,Bias / Loaded Framing,0.0644,197,0.588
86f9e4302e3b568a2fcbdd1ceb4fbe74,20,No Smell,0.5997,Format Ambiguity,0.1914,Vague / Missing Context,0.1323,Conflicting Constraints,0.0317,228,0.570
86f9e4302e3b568a2fcbdd1ceb4fbe74,21,No Smell,0.6500,Format Ambiguity,0.2186,Vague / Missing Context,0.0610,Conflicting Constraints,0.0304,163,0.557
86f9e4302e3b568a2fcbdd1ceb4fbe74,22,No Smell,0.5967,Format Ambiguity,0.2068,Vague / Missing Context,0.1078,Formality / Audience Mismatch,0.0335,178,0.588
86f9e4302e3b568a2fcbdd1ceb4fbe74,23,No Smell,0.4015,Vague / Missing Context,0.2766,Format Ambiguity,0.1501,Ambiguous References,0.0569,196,0.570
86f9e4302e3b568a2fcbdd1ceb4fbe74,24,No Smell,0.7089,Format Ambiguity,0.1507,Vague / Missing Context,0.0669,Conflicting Constraints,0.0291,265,0.589
86f9e4302e3b568a2fcbdd1ceb4fbe74,25,No Smell,0.5075,Format Ambiguity,0.3280,Vague / Missing Context,0.0953,Formality / Audience Mismatch,0.0205,145,0.556
86f9e4302e3b568a2fcbdd1ceb4fbe74,26,No Smell,0.3531,Vague / Missing Context,0.3064,Format Ambiguity,0.1625,Ambiguous References,0.0662,165,0.568
86f9e4302e3b568a2fcbdd1ceb4fbe74,27,No Smell,0.6593,Format Ambiguity,0.1567,Vague / Missing Context,0.1087,Conflicting Constraints,0.0356,188,0.558
86f9e4302e3b568a2fcbdd1ceb4fbe74,28,No Smell,0.4801,Vague / Missing Context,0.2045,Format Ambiguity,0.1916,Formality / Audience Mismatch,0.0355,188,0.589
86f9e4302e3b568a2fcbdd1ceb4fbe74,29,No Smell,0.6755,Format Ambiguity,0.2091,Vague / Missing Context,0.0639,Conflicting Constraints,0.0218,217,0.569
86f9e4302e3b568a2fcbdd1ceb4fbe74,30,Vague / Missing Context,0.4253,No Smell,0.2803,Format Ambiguity,0.1386,Ambiguous References,0.0720,168,0.558
86f9e4302e3b568a2fcbdd1ceb4fbe74,31,No Smell,0.6226,Format Ambiguity,0.2512,Vague / Missing Context,0.0620,Conflicting Constraints,0.0326,207,0.569
86f9e4302e3b568a2fcbdd1ceb4fbe74,32,No Smell,0.5379,Format Ambiguity,0.2130,Vague / Missing Context,0.1489,Conflicting Constraints,0.0358,143,0.556
86f9e4302e3b568a2fcbdd1ceb4fbe74,33,No Smell,0.4802,Format Ambiguity,0.2446,Vague / Missing Context,0.1798,Conflicting Constraints,0.0342,145,0.062
86f9e4302e3b568a2fcbdd1ceb4fbe74,34,No Smell,0.3958,Vague / Missing Context,0.2779,Format Ambiguity,0.2170,Conflicting Constraints,0.0390,150,0.566
86f9e4302e3b568a2fcbdd1ceb4fbe74,35,No Smell,0.5464,Format Ambiguity,0.2661,Vague / Missing Context,0.0845,Conflicting Constraints,0.0431,162,0.569
86f9e4302e3b568a2fcbdd1ceb4fbe74,36,No Smell,0.6778,Format Ambiguity,0.1952,Vague / Missing Context,0.0557,Formality / Audience Mismatch,0.0276,181,0.569
86f9e4302e3b568a2fcbdd1ceb4fbe74,37,No Smell,0.4494,Vague / Missing Context,0.2663,Format Ambiguity,0.1317,Formality / Audience Mismatch,0.0459,189,0.572
86f9e4302e3b568a2fcbdd1ceb4fbe74,38,No Smell,0.4378,Format Ambiguity,0.2156,Vague / Missing Context,0.2128,Formality / Audience Mismatch,0.0350,153,0.569
86f9e4302e3b568a2fcbdd1ceb4fbe74,39,No Smell,0.5114,Format Ambiguity,0.2369,Vague / Missing Context,0.1255,Conflicting Constraints,0.0421,190,0.566
86f9e4302e3b568a2fcbdd1ceb4fbe74,40,No Smell,0.4628,Format Ambiguity,0.2266,Vague / Missing Context,0.2114,Formality / Audience Mismatch,0.0321,149,0.556
86f9e4302e3b568a2fcbdd1ceb4fbe74,41,No Smell,0.4746,Format Ambiguity,0.2968,Vague / Missing Context,0.1321,Conflicting Constraints,0.0374,188,0.569
86f9e4302e3b568a2fcbdd1ceb4fbe74,42,No Smell,0.5939,Format Ambiguity,0.2802,Vague / Missing Context,0.0687,Conflicting Constraints,0.0200,166,0.557
86f9e4302e3b568a2fcbdd1ceb4fbe74,43,Vague / Missing Context,0.3885,No Smell,0.2135,Bias / Loaded Framing,0.1007,Formality / Audience Mismatch,0.0704,166,0.557
86f9e4302e3b568a2fcbdd1ceb4fbe74,44,No Smell,0.3411,Vague / Missing Context,0.3065,Format Ambiguity,0.2170,Ambiguous References,0.0473,209,0.588
86f9e4302e3b568a2fcbdd1ceb4fbe74,45,No Smell,0.5919,Format Ambiguity,0.2618,Vague / Missing Context,0.0707,Formality / Audience Mismatch,0.0241,184,0.569
86f9e4302e3b568a2fcbdd1ceb4fbe74,46,Vague / Missing Context,0.4157,No Smell,0.2518,Format Ambiguity,0.0880,Bias / Loaded Framing,0.0695,157,0.559
86f9e4302e3b568a2fcbdd1ceb4fbe74,47,Vague / Missing Context,0.4217,No Smell,0.3964,Format Ambiguity,0.0747,Formality / Audience Mismatch,0.0386,201,0.558
86f9e4302e3b568a2fcbdd1ceb4fbe74,48,Vague / Missing Context,0.4299,No Smell,0.3063,Format Ambiguity,0.0791,Ambiguous References,0.0556,143,0.556
86f9e4302e3b568a2fcbdd1ceb4fbe74,49,No Smell,0.6304,Format Ambiguity,0.2532,Vague / Missing Context,0.0574,Conflicting Constraints,0.0201,168,0.568
86f9e4302e3b568a2fcbdd1ceb4fbe74,50,No Smell,0.5609,Format Ambiguity,0.2541,Vague / Missing Context,0.1241,Formality / Audience Mismatch,0.0217,140,0.557
86f9e4302e3b568a2fcbdd1ceb4fbe74,51,Vague / Missing Context,0.4404,No Smell,0.2553,Ambiguous References,0.0922,Format Ambiguity,0.0780,175,0.558
2e6076a5ac6aca73f386742c3fdd9e02,1,No Smell,0.5671,Format Ambiguity,0.2444,Vague / Missing Context,0.1404,Formality / Audience Mismatch,0.0190,24,0.534
4f992d5a3e4e00e357ed897979f5a6f9,1,No Smell,0.4905,Format Ambiguity,0.2109,Vague / Missing Context,0.1761,Formality / Audience Mismatch,0.0340,231,1.520
bd5ad70e7ef241690d5be1ccae2158a6,1,Vague / Missing Context,0.3584,No Smell,0.2795,Format Ambiguity,0.1519,Ambiguous References,0.1232,35,0.545
bd5ad70e7ef241690d5be1ccae2158a6,2,No Smell,0.4058,Vague / Missing Context,0.2728,Format Ambiguity,0.1433,Ambiguous References,0.0962,35,0.544
7a6d8677ccce9750567bb46206db66d6,1,No Smell,0.5856,Vague / Missing Context,0.1150,Format Ambiguity,0.1072,Formality / Audience Mismatch,0.0597,4000,1.380
e936a52039a91b18cc7dfe2e42b0e34e,1,No Smell,0.4942,Vague / Missing Context,0.2070,Format Ambiguity,0.1724,Formality / Audience Mismatch,0.0360,231,1.540
b13747b079d47378997894d5cb586af6,1,No Smell,0.3844,Vague / Missing Context,0.1619,Bias / Loaded Framing,0.1153,Format Ambiguity,0.0924,929,0.738
10bac3f4958eaa3243ff271f1d5f41e1,1,No Smell,0.3946,Bias / Loaded Framing,0.1172,Vague / Missing Context,0.1100,Conflicting Constraints,0.0969,3505,1.699
a020f91d1117ce09c31b68d9d25d29b2,1,No Smell,0.2578,Format Ambiguity,0.2387,Vague / Missing Context,0.1561,Prompt Bloat / Convoluted Prompt,0.1076,3672,1.693
a020f91d1117ce09c31b68d9d25d29b2,2,No Smell,0.6520,Format Ambiguity,0.2634,Vague / Missing Context,0.0409,Conflicting Constraints,0.0160,18,0.544
6d66f7b3fc73ea43f8cee20f41d5e8fb,1,No Smell,0.5064,Vague / Missing Context,0.2266,Format Ambiguity,0.0726,Conflicting Constraints,0.0534,423,0.614
6d66f7b3fc73ea43f8cee20f41d5e8fb,2,No Smell,0.4815,Vague / Missing Context,0.2179,Format Ambiguity,0.0649,Conflicting Constraints,0.0632,507,0.615
6d66f7b3fc73ea43f8cee20f41d5e8fb,3,No Smell,0.6421,Vague / Missing Context,0.1636,Format Ambiguity,0.0566,Conflicting Constraints,0.0444,436,0.613
bf74c8b8600326e8344340c1b8bdd23f,1,No Smell,0.3804,Bias / Loaded Framing,0.1596,Formality / Audience Mismatch,0.1305,Vague / Missing Context,0.1138,928,0.735
03b0e6f296c4a90b3890625d46bb1574,1,No Smell,0.3831,Bias / Loaded Framing,0.1712,Formality / Audience Mismatch,0.1371,Vague / Missing Context,0.1057,958,0.739
d586094fd90581c1362b50c2d0694b8b,1,No Smell,0.4997,Vague / Missing Context,0.2834,Format Ambiguity,0.1123,Conflicting Constraints,0.0324,92,0.545
f107883a6de07127a4e9b814642197ec,1,No Smell,0.3880,Bias / Loaded Framing,0.1688,Formality / Audience Mismatch,0.1386,Vague / Missing Context,0.1095,970,0.736
2302377c69212fe4267b0faefa068669,1,Format Ambiguity,0.4082,No Smell,0.3111,Vague / Missing Context,0.2388,Conflicting Constraints,0.0161,52,0.542
2302377c69212fe4267b0faefa068669,2,No Smell,0.6290,Format Ambiguity,0.2760,Vague / Missing Context,0.0459,Formality / Audience Mismatch,0.0234,19,0.533
2302377c69212fe4267b0faefa068669,3,No Smell,0.5485,Format Ambiguity,0.3665,Vague / Missing Context,0.0439,Formality / Audience Mismatch,0.0163,35,0.542
2302377c69212fe4267b0faefa068669,4,No Smell,0.4086,Format Ambiguity,0.3579,Vague / Missing Context,0.1611,Conflicting Constraints,0.0262,35,0.542
2302377c69212fe4267b0faefa068669,5,No Smell,0.6271,Format Ambiguity,0.2395,Vague / Missing Context,0.0845,Conflicting Constraints,0.0220,34,0.542
2302377c69212fe4267b0faefa068669,6,No Smell,0.5820,Format Ambiguity,0.3081,Vague / Missing Context,0.0605,Formality / Audience Mismatch,0.0207,20,0.531
b8e4ee25b5399da6ad123eb4d2a56843,1,No Smell,0.6912,Format Ambiguity,0.1768,Vague / Missing Context,0.0551,Conflicting Constraints,0.0308,179,0.570
b8e4ee25b5399da6ad123eb4d2a56843,2,No Smell,0.4360,Format Ambiguity,0.2650,Vague / Missing Context,0.1276,Conflicting Constraints,0.0542,4000,0.094
b8e4ee25b5399da6ad123eb4d2a56843,3,No Smell,0.7547,Format Ambiguity,0.1972,Formality / Audience Mismatch,0.0183,Vague / Missing Context,0.0097,77,0.063
b8e4ee25b5399da6ad123eb4d2a56843,4,No Smell,0.6072,Format Ambiguity,0.1983,Vague / Missing Context,0.1299,Conflicting Constraints,0.0199,135,0.559
ccd7c8f51a452a6c0e32d6fb680ca3da,1,No Smell,0.7849,Format Ambiguity,0.0588,Vague / Missing Context,0.0525,Conflicting Constraints,0.0415,1250,0.819
ccd7c8f51a452a6c0e32d6fb680ca3da,2,Vague / Missing Context,0.3084,No Smell,0.2781,Format Ambiguity,0.1541,Ambiguous References,0.0751,1590,1.039
ccd7c8f51a452a6c0e32d6fb680ca3da,3,No Smell,0.5351,Format Ambiguity,0.1831,Vague / Missing Context,0.1259,Formality / Audience Mismatch,0.0520,439,0.661
c7c663c913c1b9065dcc38ed8e78eddf,1,No Smell,0.5329,Vague / Missing Context,0.2180,Format Ambiguity,0.1787,Formality / Audience Mismatch,0.0251,167,0.560
c7c663c913c1b9065dcc38ed8e78eddf,2,No Smell,0.6899,Format Ambiguity,0.1906,Vague / Missing Context,0.0672,Formality / Audience Mismatch,0.0248,34,0.540
c7c663c913c1b9065dcc38ed8e78eddf,3,No Smell,0.5986,Format Ambiguity,0.2021,Vague / Missing Context,0.1159,Conflicting Constraints,0.0369,171,0.555
c7c663c913c1b9065dcc38ed8e78eddf,4,No Smell,0.5779,Format Ambiguity,0.3146,Vague / Missing Context,0.0538,Formality / Audience Mismatch,0.0199,32,0.542
c7c663c913c1b9065dcc38ed8e78eddf,5,No Smell,0.6219,Format Ambiguity,0.1903,Vague / Missing Context,0.1050,Formality / Audience Mismatch,0.0341,126,0.557
c7c663c913c1b9065dcc38ed8e78eddf,7,No Smell,0.6222,Vague / Missing Context,0.1686,Format Ambiguity,0.1444,Formality / Audience Mismatch,0.0250,34,0.543
c7c663c913c1b9065dcc38ed8e78eddf,8,Format Ambiguity,0.5256,No Smell,0.3692,Vague / Missing Context,0.0655,Formality / Audience Mismatch,0.0134,38,0.542
171bcb9caf576760d8b1f43055753063,1,No Smell,0.6368,Format Ambiguity,0.1909,Vague / Missing Context,0.0966,Conflicting Constraints,0.0237,100,0.555
171bcb9caf576760d8b1f43055753063,6,No Smell,0.6545,Format Ambiguity,0.1964,Vague / Missing Context,0.0797,Formality / Audience Mismatch,0.0210,106,0.555
171bcb9caf576760d8b1f43055753063,8,No Smell,0.6904,Format Ambiguity,0.1579,Vague / Missing Context,0.0892,Formality / Audience Mismatch,0.0211,104,0.555
171bcb9caf576760d8b1f43055753063,11,No Smell,0.6508,Format Ambiguity,0.1939,Vague / Missing Context,0.0927,Formality / Audience Mismatch,0.0231,105,0.557
171bcb9caf576760d8b1f43055753063,12,No Smell,0.7971,Format Ambiguity,0.0982,Conflicting Constraints,0.0440,Formality / Audience Mismatch,0.0221,928,0.705
171bcb9caf576760d8b1f43055753063,13,No Smell,0.6044,Format Ambiguity,0.2095,Vague / Missing Context,0.1225,Formality / Audience Mismatch,0.0240,28,0.543
171bcb9caf576760d8b1f43055753063,15,No Smell,0.6565,Format Ambiguity,0.1782,Vague / Missing Context,0.0848,Formality / Audience Mismatch,0.0334,73,0.546
171bcb9caf576760d8b1f43055753063,16,No Smell,0.4314,Format Ambiguity,0.2423,Vague / Missing Context,0.1942,Ambiguous References,0.0355,438,0.614
171bcb9caf576760d8b1f43055753063,18,No Smell,0.6709,Format Ambiguity,0.2384,Vague / Missing Context,0.0341,Conflicting Constraints,0.0205,69,0.544
171bcb9caf576760d8b1f43055753063,19,No Smell,0.4225,Format Ambiguity,0.3641,Vague / Missing Context,0.1563,Formality / Audience Mismatch,0.0179,18,0.541
171bcb9caf576760d8b1f43055753063,20,Vague / Missing Context,0.3708,No Smell,0.3654,Format Ambiguity,0.1620,Ambiguous References,0.0295,40,0.542
d766931ca67affc54934d6952303566f,1,No Smell,0.3665,Bias / Loaded Framing,0.1780,Formality / Audience Mismatch,0.1493,Vague / Missing Context,0.1099,968,0.733
4f26c3197bbbe7526012e7f5bec65d0b,1,No Smell,0.7162,Format Ambiguity,0.0951,Vague / Missing Context,0.0877,Conflicting Constraints,0.0468,365,0.590
4f26c3197bbbe7526012e7f5bec65d0b,2,No Smell,0.5033,Vague / Missing Context,0.2207,Format Ambiguity,0.2149,Formality / Audience Mismatch,0.0233,63,0.544
5f1bb8d38ce15c7e7504b96b02d524e7,1,No Smell,0.7318,Format Ambiguity,0.1799,Vague / Missing Context,0.0557,Formality / Audience Mismatch,0.0156,26,0.541
5f1bb8d38ce15c7e7504b96b02d524e7,2,No Smell,0.7321,Format Ambiguity,0.1898,Vague / Missing Context,0.0406,Formality / Audience Mismatch,0.0166,19,0.528
5f1bb8d38ce15c7e7504b96b02d524e7,3,Vague / Missing Context,0.3955,No Smell,0.3768,Format Ambiguity,0.1506,Ambiguous References,0.0336,45,0.541
fdc3aad994d00891f75b2f17c9e76cb8,1,No Smell,0.6928,Format Ambiguity,0.1746,Vague / Missing Context,0.0741,Formality / Audience Mismatch,0.0275,206,0.567
fdc3aad994d00891f75b2f17c9e76cb8,2,No Smell,0.5119,Vague / Missing Context,0.2252,Format Ambiguity,0.1275,Formality / Audience Mismatch,0.0488,269,0.568
029f8132237856ddefc560feb6fda26e,1,No Smell,0.4822,Format Ambiguity,0.2270,Vague / Missing Context,0.2039,Conflicting Constraints,0.0224,53,0.541
029f8132237856ddefc560feb6fda26e,2,No Smell,0.4218,Vague / Missing Context,0.3474,Format Ambiguity,0.1531,Formality / Audience Mismatch,0.0208,65,0.540
8aa2d1f1742aa503817c81e12933d7ba,1,No Smell,0.3665,Bias / Loaded Framing,0.1780,Formality / Audience Mismatch,0.1493,Vague / Missing Context,0.1099,968,0.069
5472a4ac0448935034abf8c3808c7a5a,1,No Smell,0.5371,Format Ambiguity,0.2195,Vague / Missing Context,0.0941,Ambiguous References,0.0591,216,0.586
382274e4f9301aeaabb4a8f1ee530971,1,No Smell,0.4392,Vague / Missing Context,0.2223,Format Ambiguity,0.1569,Conflicting Constraints,0.0696,530,0.643
d3f1f136739c63c84b2f5503ebfbb74a,1,No Smell,0.6949,Format Ambiguity,0.2277,Vague / Missing Context,0.0273,Formality / Audience Mismatch,0.0203,86,0.062
d3f1f136739c63c84b2f5503ebfbb74a,2,No Smell,0.5776,Format Ambiguity,0.2037,Vague / Missing Context,0.1479,Conflicting Constraints,0.0240,192,0.566
d3f1f136739c63c84b2f5503ebfbb74a,3,No Smell,0.5776,Format Ambiguity,0.1553,Vague / Missing Context,0.1145,Formality / Audience Mismatch,0.0523,205,0.590
d3f1f136739c63c84b2f5503ebfbb74a,4,No Smell,0.6018,Format Ambiguity,0.2370,Vague / Missing Context,0.0884,Conflicting Constraints,0.0333,195,0.568
d3f1f136739c63c84b2f5503ebfbb74a,5,No Smell,0.6219,Format Ambiguity,0.2573,Vague / Missing Context,0.0461,Conflicting Constraints,0.0314,152,0.555
d3f1f136739c63c84b2f5503ebfbb74a,6,No Smell,0.6332,Format Ambiguity,0.1480,Vague / Missing Context,0.1130,Conflicting Constraints,0.0375,205,0.570
d3f1f136739c63c84b2f5503ebfbb74a,7,No Smell,0.6426,Format Ambiguity,0.1323,Vague / Missing Context,0.0981,Conflicting Constraints,0.0448,191,0.568
d3f1f136739c63c84b2f5503ebfbb74a,8,No Smell,0.5532,Format Ambiguity,0.2240,Vague / Missing Context,0.1348,Conflicting Constraints,0.0360,226,0.590
d3f1f136739c63c84b2f5503ebfbb74a,9,No Smell,0.4092,Vague / Missing Context,0.2522,Format Ambiguity,0.1460,Ambiguous References,0.0594,214,0.569
d3f1f136739c63c84b2f5503ebfbb74a,10,No Smell,0.6098,Format Ambiguity,0.1856,Vague / Missing Context,0.1292,Formality / Audience Mismatch,0.0244,179,0.558
d3f1f136739c63c84b2f5503ebfbb74a,11,No Smell,0.6327,Format Ambiguity,0.1541,Vague / Missing Context,0.1299,Formality / Audience Mismatch,0.0288,197,0.570
d3f1f136739c63c84b2f5503ebfbb74a,12,No Smell,0.5060,Format Ambiguity,0.2513,Vague / Missing Context,0.1262,Conflicting Constraints,0.0377,195,0.569
d3f1f136739c63c84b2f5503ebfbb74a,13,No Smell,0.4236,Vague / Missing Context,0.2424,Format Ambiguity,0.1621,Ambiguous References,0.1028,143,0.555
d3f1f136739c63c84b2f5503ebfbb74a,14,No Smell,0.4802,Format Ambiguity,0.2446,Vague / Missing Context,0.1798,Conflicting Constraints,0.0342,145,0.062
d3f1f136739c63c84b2f5503ebfbb74a,15,No Smell,0.5743,Format Ambiguity,0.1846,Vague / Missing Context,0.0990,Formality / Audience Mismatch,0.0380,182,0.586
d3f1f136739c63c84b2f5503ebfbb74a,16,No Smell,0.4479,Vague / Missing Context,0.2237,Format Ambiguity,0.1808,Ambiguous References,0.0447,160,0.555
d3f1f136739c63c84b2f5503ebfbb74a,17,No Smell,0.4847,Format Ambiguity,0.2249,Vague / Missing Context,0.1296,Conflicting Constraints,0.0444,194,0.569
3d3d554f4bd9c02ed53b131afc9bf1b2,1,No Smell,0.3945,Bias / Loaded Framing,0.1569,Formality / Audience Mismatch,0.1294,Vague / Missing Context,0.1070,969,0.743
ea20feeddb1b1e6dbf128304f2fb82a7,2,No Smell,0.5531,Vague / Missing Context,0.2102,Format Ambiguity,0.1663,Ambiguous References,0.0242,81,0.545
c1fc1a8e52553b0382ac56a01edea872,1,No Smell,0.3549,Vague / Missing Context,0.3113,Format Ambiguity,0.1906,Bias / Loaded Framing,0.0429,225,0.589
c1fc1a8e52553b0382ac56a01edea872,2,Vague / Missing Context,0.4469,No Smell,0.2894,Format Ambiguity,0.1253,Ambiguous References,0.0752,54,0.541
c1fc1a8e52553b0382ac56a01edea872,3,Vague / Missing Context,0.3865,No Smell,0.3181,Format Ambiguity,0.1579,Ambiguous References,0.0729,55,0.540
c1fc1a8e52553b0382ac56a01edea872,4,No Smell,0.6755,Format Ambiguity,0.2357,Vague / Missing Context,0.0435,Formality / Audience Mismatch,0.0224,64,0.542
c1fc1a8e52553b0382ac56a01edea872,5,Vague / Missing Context,0.3777,No Smell,0.3091,Format Ambiguity,0.2049,Formality / Audience Mismatch,0.0347,28,0.541
c1fc1a8e52553b0382ac56a01edea872,6,No Smell,0.5984,Format Ambiguity,0.2312,Vague / Missing Context,0.0860,Formality / Audience Mismatch,0.0334,107,0.554
c1fc1a8e52553b0382ac56a01edea872,7,Vague / Missing Context,0.6028,No Smell,0.1800,Ambiguous References,0.0667,Format Ambiguity,0.0633,159,0.567
c1fc1a8e52553b0382ac56a01edea872,8,No Smell,0.3387,Vague / Missing Context,0.2649,Format Ambiguity,0.1998,Ambiguous References,0.1030,99,0.555
5881d60832000007f8c7dbaf55f97e70,1,No Smell,0.3958,Format Ambiguity,0.2503,Vague / Missing Context,0.2497,Ambiguous References,0.0294,302,0.858
f224355fdd4963c10a4204f283eee573,1,No Smell,0.7196,Vague / Missing Context,0.0954,Format Ambiguity,0.0928,Formality / Audience Mismatch,0.0402,286,0.571
f224355fdd4963c10a4204f283eee573,2,No Smell,0.4618,Vague / Missing Context,0.2355,Format Ambiguity,0.1959,Formality / Audience Mismatch,0.0386,54,0.545
c9c644bf649fa554adeec562d505abe8,1,No Smell,0.5527,Vague / Missing Context,0.2446,Format Ambiguity,0.0687,Ambiguous References,0.0474,196,0.569
c9c644bf649fa554adeec562d505abe8,2,No Smell,0.5485,Vague / Missing Context,0.2746,Format Ambiguity,0.1361,Conflicting Constraints,0.0133,40,0.542
c9c644bf649fa554adeec562d505abe8,3,No Smell,0.7089,Format Ambiguity,0.2002,Vague / Missing Context,0.0395,Formality / Audience Mismatch,0.0228,67,0.543
c9c644bf649fa554adeec562d505abe8,4,No Smell,0.6354,Format Ambiguity,0.2361,Vague / Missing Context,0.0599,Formality / Audience Mismatch,0.0273,103,0.545
c9c644bf649fa554adeec562d505abe8,5,No Smell,0.4082,Vague / Missing Context,0.2563,Format Ambiguity,0.1761,Ambiguous References,0.0956,110,0.554
c9c644bf649fa554adeec562d505abe8,6,No Smell,0.5990,Format Ambiguity,0.2836,Vague / Missing Context,0.0676,Formality / Audience Mismatch,0.0175,26,0.540
60b5ac012907eb014ce829561e4f6068,1,No Smell,0.4488,Formality / Audience Mismatch,0.1552,Bias / Loaded Framing,0.1509,Vague / Missing Context,0.0812,841,0.700
2afda67e3776508e28b33ee710cb8d84,2,No Smell,0.6996,Format Ambiguity,0.1694,Vague / Missing Context,0.0851,Conflicting Constraints,0.0182,44,0.540
2a9574b79b9738882aabf671eda661f4,1,No Smell,0.7153,Format Ambiguity,0.1705,Vague / Missing Context,0.0463,Conflicting Constraints,0.0255,179,0.570
2a9574b79b9738882aabf671eda661f4,2,No Smell,0.4360,Format Ambiguity,0.2650,Vague / Missing Context,0.1276,Conflicting Constraints,0.0542,4000,0.093
2a9574b79b9738882aabf671eda661f4,3,No Smell,0.6072,Format Ambiguity,0.1983,Vague / Missing Context,0.1299,Conflicting Constraints,0.0199,135,0.064
2a9574b79b9738882aabf671eda661f4,4,No Smell,0.7547,Format Ambiguity,0.1972,Formality / Audience Mismatch,0.0183,Vague / Missing Context,0.0097,77,0.064
0c12d194cd06520b6d1d14cf3f4c3496,1,No Smell,0.4016,Format Ambiguity,0.3429,Overloaded Prompt,0.1006,Conflicting Constraints,0.0526,994,0.771
0780384bba0d399794e7553df8b63c9c,1,No Smell,0.4011,Bias / Loaded Framing,0.1827,Vague / Missing Context,0.1275,Formality / Audience Mismatch,0.1119,880,0.706
473a750cbfffc5253a001ba409706172,1,No Smell,0.7300,Format Ambiguity,0.1053,Vague / Missing Context,0.0508,Formality / Audience Mismatch,0.0450,381,0.613
473a750cbfffc5253a001ba409706172,2,No Smell,0.7245,Format Ambiguity,0.1479,Vague / Missing Context,0.0488,Formality / Audience Mismatch,0.0357,179,0.570
26713e468bfc860911064ea5113be4d0,1,Vague / Missing Context,0.4466,No Smell,0.3072,Format Ambiguity,0.1366,Ambiguous References,0.0517,32,0.543
26713e468bfc860911064ea5113be4d0,2,No Smell,0.3987,Vague / Missing Context,0.3588,Format Ambiguity,0.1421,Ambiguous References,0.0410,34,0.541
26713e468bfc860911064ea5113be4d0,3,No Smell,0.4235,Vague / Missing Context,0.3616,Format Ambiguity,0.1052,Formality / Audience Mismatch,0.0414,52,0.543
26713e468bfc860911064ea5113be4d0,4,No Smell,0.4458,Vague / Missing Context,0.2821,Format Ambiguity,0.1908,Formality / Audience Mismatch,0.0302,68,0.544
26713e468bfc860911064ea5113be4d0,5,Vague / Missing Context,0.4106,Bias / Loaded Framing,0.1905,No Smell,0.1832,Formality / Audience Mismatch,0.0984,63,0.544
6533d32bc16c268251572685db13e7cf,1,No Smell,0.5307,Bias / Loaded Framing,0.1258,Vague / Missing Context,0.0971,Formality / Audience Mismatch,0.0893,896,0.704
94ce1d163feb4222b4febd3ae26b1b7f,6,Vague / Missing Context,0.5583,No Smell,0.2794,Format Ambiguity,0.0966,Ambiguous References,0.0293,55,0.543
e92d9f0ace14d4a9b1ca374d28200622,1,No Smell,0.3497,Formality / Audience Mismatch,0.1871,Bias / Loaded Framing,0.1815,Vague / Missing Context,0.1025,838,0.702
8f59a4c77f5b4dddb5032deecb8646b6,1,No Smell,0.6579,Format Ambiguity,0.1074,Conflicting Constraints,0.0745,Vague / Missing Context,0.0570,3590,1.259
8f59a4c77f5b4dddb5032deecb8646b6,2,No Smell,0.5740,Format Ambiguity,0.1185,Vague / Missing Context,0.1143,Conflicting Constraints,0.0585,754,0.699
8f59a4c77f5b4dddb5032deecb8646b6,3,No Smell,0.3550,Vague / Missing Context,0.3244,Format Ambiguity,0.1030,Bias / Loaded Framing,0.0623,545,0.639
8f59a4c77f5b4dddb5032deecb8646b6,4,No Smell,0.4222,Vague / Missing Context,0.2067,Format Ambiguity,0.1600,Formality / Audience Mismatch,0.0540,290,0.591
cc75dfd4b73b8e2c40c65a22c662c42b,1,No Smell,0.6782,Format Ambiguity,0.1894,Vague / Missing Context,0.0715,Conflicting Constraints,0.0235,273,0.591
c19f90ae4b6ae50a39994bfa79fe8d64,1,No Smell,0.3635,Bias / Loaded Framing,0.1755,Formality / Audience Mismatch,0.1664,Vague / Missing Context,0.1170,782,0.689
ff056d819cb9ea5a2c0eccb132376617,1,No Smell,0.5189,Vague / Missing Context,0.2119,Format Ambiguity,0.1563,Formality / Audience Mismatch,0.0451,162,0.558
183a511ed8e80c66f0182d41fd0b62a1,1,No Smell,0.6304,Format Ambiguity,0.1826,Conflicting Constraints,0.0562,Formality / Audience Mismatch,0.0487,699,0.643
183a511ed8e80c66f0182d41fd0b62a1,2,No Smell,0.6000,Format Ambiguity,0.3027,Vague / Missing Context,0.0465,Formality / Audience Mismatch,0.0192,14,0.532
183a511ed8e80c66f0182d41fd0b62a1,3,No Smell,0.6065,Format Ambiguity,0.1596,Vague / Missing Context,0.0942,Formality / Audience Mismatch,0.0613,263,0.570
6a5e62616829c6a5b1a8af16d25fba7f,1,No Smell,0.4343,Format Ambiguity,0.3227,Overloaded Prompt,0.0778,Conflicting Constraints,0.0587,996,0.775
6a5e62616829c6a5b1a8af16d25fba7f,2,Vague / Missing Context,0.3830,No Smell,0.2100,Ambiguous References,0.1642,Format Ambiguity,0.1616,70,0.569
6a5e62616829c6a5b1a8af16d25fba7f,4,No Smell,0.6804,Format Ambiguity,0.1918,Vague / Missing Context,0.0650,Formality / Audience Mismatch,0.0302,71,0.570
6a5e62616829c6a5b1a8af16d25fba7f,6,No Smell,0.5767,Format Ambiguity,0.2044,Vague / Missing Context,0.1451,Formality / Audience Mismatch,0.0327,68,0.557
6a5e62616829c6a5b1a8af16d25fba7f,10,No Smell,0.3593,Vague / Missing Context,0.2509,Format Ambiguity,0.2372,Formality / Audience Mismatch,0.0481,137,0.612
acdb71e1294d9d2c924ffc841f6297ce,1,No Smell,0.3340,Vague / Missing Context,0.2787,Format Ambiguity,0.1549,Ambiguous References,0.0817,62,0.542
acdb71e1294d9d2c924ffc841f6297ce,2,No Smell,0.4406,Format Ambiguity,0.2396,Vague / Missing Context,0.1999,Formality / Audience Mismatch,0.0370,160,0.567
acdb71e1294d9d2c924ffc841f6297ce,3,No Smell,0.5878,Format Ambiguity,0.1722,Vague / Missing Context,0.1158,Formality / Audience Mismatch,0.0483,121,0.555
acdb71e1294d9d2c924ffc841f6297ce,4,No Smell,0.4980,Format Ambiguity,0.2297,Vague / Missing Context,0.1529,Bias / Loaded Framing,0.0349,95,0.545
acdb71e1294d9d2c924ffc841f6297ce,5,Vague / Missing Context,0.3467,No Smell,0.3152,Ambiguous References,0.1224,Bias / Loaded Framing,0.0755,122,0.555
acdb71e1294d9d2c924ffc841f6297ce,6,No Smell,0.4671,Formality / Audience Mismatch,0.1747,Vague / Missing Context,0.1018,Bias / Loaded Framing,0.0996,291,0.587
acdb71e1294d9d2c924ffc841f6297ce,7,Vague / Missing Context,0.3601,No Smell,0.2317,Format Ambiguity,0.1768,Prompt Bloat / Convoluted Prompt,0.0732,164,0.567
c4b5e5327fe9f7d59a0e4ca43aa740f9,5,Vague / Missing Context,0.4689,No Smell,0.2977,Format Ambiguity,0.1168,Ambiguous References,0.0365,327,0.614
c4b5e5327fe9f7d59a0e4ca43aa740f9,8,No Smell,0.5072,Vague / Missing Context,0.2198,Format Ambiguity,0.1148,Conflicting Constraints,0.0624,141,0.571
c4b5e5327fe9f7d59a0e4ca43aa740f9,9,Vague / Missing Context,0.4686,No Smell,0.3275,Format Ambiguity,0.1081,Ambiguous References,0.0452,266,0.589
c4b5e5327fe9f7d59a0e4ca43aa740f9,10,Vague / Missing Context,0.4781,No Smell,0.3392,Format Ambiguity,0.1144,Ambiguous References,0.0268,201,0.589
c4b5e5327fe9f7d59a0e4ca43aa740f9,11,Vague / Missing Context,0.5119,No Smell,0.2057,Format Ambiguity,0.1366,Ambiguous References,0.0652,682,0.771
7db5a0377efa635d03feb357a3bba72e,1,No Smell,0.5235,Format Ambiguity,0.3695,Vague / Missing Context,0.0712,Formality / Audience Mismatch,0.0160,60,0.544
7db5a0377efa635d03feb357a3bba72e,2,No Smell,0.4157,Format Ambiguity,0.3485,Vague / Missing Context,0.1608,Conflicting Constraints,0.0294,68,0.546
7db5a0377efa635d03feb357a3bba72e,3,No Smell,0.3774,Format Ambiguity,0.2908,Vague / Missing Context,0.2413,Formality / Audience Mismatch,0.0281,80,0.543
7db5a0377efa635d03feb357a3bba72e,4,Format Ambiguity,0.3768,Vague / Missing Context,0.3012,No Smell,0.2553,Ambiguous References,0.0176,56,0.542
7db5a0377efa635d03feb357a3bba72e,5,Vague / Missing Context,0.3106,No Smell,0.2921,Format Ambiguity,0.2704,Ambiguous References,0.0457,451,0.640
7db5a0377efa635d03feb357a3bba72e,6,Vague / Missing Context,0.3303,No Smell,0.3006,Format Ambiguity,0.2644,Ambiguous References,0.0425,87,0.545
c96a536f6e0e253b87ed551696b88ff2,1,No Smell,0.3184,Bias / Loaded Framing,0.1780,Formality / Audience Mismatch,0.1760,Vague / Missing Context,0.1265,888,0.703
ee6dc3635687c1792556355f9a0ef3c6,1,No Smell,0.4551,Vague / Missing Context,0.3066,Format Ambiguity,0.1506,Formality / Audience Mismatch,0.0375,57,0.543
5833c34656ac9853830f4451538032e1,1,No Smell,0.4118,Format Ambiguity,0.2364,Vague / Missing Context,0.1925,Formality / Audience Mismatch,0.0556,83,0.546
74485fb4a83bc1e0cd7ee58404b11da8,1,Formality / Audience Mismatch,0.2571,Bias / Loaded Framing,0.2535,No Smell,0.2391,Vague / Missing Context,0.0973,826,0.690
0055cfa45994c96ca3f1bc4a2c5742e8,1,No Smell,0.6543,Format Ambiguity,0.1591,Vague / Missing Context,0.1016,Formality / Audience Mismatch,0.0370,231,0.570
d60000e40dc782a4c3548e177a0a2696,1,No Smell,0.4466,Format Ambiguity,0.2380,Vague / Missing Context,0.1947,Formality / Audience Mismatch,0.0351,294,0.814
62cd8f3e0c4230c6bc1f432e909086d3,1,No Smell,0.6112,Format Ambiguity,0.2301,Vague / Missing Context,0.1114,Formality / Audience Mismatch,0.0171,58,0.542
2b0ade3fe8ec4b898d0135b003198551,1,No Smell,0.2838,Bias / Loaded Framing,0.1704,Vague / Missing Context,0.1585,Formality / Audience Mismatch,0.1423,939,0.732
3167c8b150f04400cb33ba9c40fa72ab,1,No Smell,0.6104,Format Ambiguity,0.2242,Vague / Missing Context,0.0813,Conflicting Constraints,0.0350,93,0.545
bbb76d129f0c43cd342fc69fab59d832,1,No Smell,0.6517,Conflicting Constraints,0.0912,Format Ambiguity,0.0799,Vague / Missing Context,0.0727,4000,1.214
bbb76d129f0c43cd342fc69fab59d832,2,No Smell,0.5340,Vague / Missing Context,0.1242,Format Ambiguity,0.1169,Conflicting Constraints,0.0774,4000,1.259
c2e8a48c7ee422f8312637b1942b524d,1,No Smell,0.3970,Formality / Audience Mismatch,0.1456,Vague / Missing Context,0.1281,Conflicting Constraints,0.1086,622,0.643
e7f0a105f857e9a8f0206041fb19fd6f,1,No Smell,0.5340,Vague / Missing Context,0.1242,Format Ambiguity,0.1169,Conflicting Constraints,0.0774,4000,0.093
0ed8d2f31f5d099dbf921adfb04db2ba,1,No Smell,0.3779,Vague / Missing Context,0.1970,Bias / Loaded Framing,0.0934,Conflicting Constraints,0.0850,1026,0.735
8f0d941486135db496215ed4be3367ea,1,No Smell,0.5804,Vague / Missing Context,0.2552,Format Ambiguity,0.0964,Formality / Audience Mismatch,0.0226,98,0.554
e6dbb9de44acc29e9dd7b684327fc555,1,No Smell,0.4727,Vague / Missing Context,0.2026,Format Ambiguity,0.2003,Formality / Audience Mismatch,0.0367,107,0.546
e6dbb9de44acc29e9dd7b684327fc555,2,No Smell,0.4681,Format Ambiguity,0.1769,Vague / Missing Context,0.1601,Bias / Loaded Framing,0.0541,1159,0.741
3a39b5735398aa4192fbd674010e47a4,1,No Smell,0.4609,Vague / Missing Context,0.1734,Format Ambiguity,0.1431,Bias / Loaded Framing,0.0587,1166,0.744
4bf1c45bf3ca0df9af18913680611d4d,1,No Smell,0.6549,Format Ambiguity,0.2330,Vague / Missing Context,0.0652,Formality / Audience Mismatch,0.0184,98,0.545
4bf1c45bf3ca0df9af18913680611d4d,2,No Smell,0.6081,Format Ambiguity,0.2105,Vague / Missing Context,0.1401,Formality / Audience Mismatch,0.0189,54,0.545
5a312efcc9a8f45cce0f833ef5783811,1,No Smell,0.4454,Format Ambiguity,0.2527,Vague / Missing Context,0.2337,Conflicting Constraints,0.0241,67,0.544
89778f568d28a4f545f5c1717564bc5d,1,No Smell,0.4785,Vague / Missing Context,0.1676,Format Ambiguity,0.1420,Conflicting Constraints,0.0622,735,0.663
89778f568d28a4f545f5c1717564bc5d,2,No Smell,0.5046,Vague / Missing Context,0.2126,Format Ambiguity,0.2036,Formality / Audience Mismatch,0.0281,45,0.541
0119099e125be1ca4b5a5537e36742a0,1,No Smell,0.4273,Vague / Missing Context,0.3018,Format Ambiguity,0.1755,Ambiguous References,0.0246,507,0.698
0119099e125be1ca4b5a5537e36742a0,4,No Smell,0.7535,Format Ambiguity,0.2020,Vague / Missing Context,0.0141,Formality / Audience Mismatch,0.0115,18,0.530
68cc72ef1120afef14a20a11404a6ad8,1,No Smell,0.5504,Format Ambiguity,0.2168,Vague / Missing Context,0.1482,Formality / Audience Mismatch,0.0331,49,0.542
68cc72ef1120afef14a20a11404a6ad8,2,No Smell,0.5937,Vague / Missing Context,0.1570,Format Ambiguity,0.1363,Conflicting Constraints,0.0421,57,0.541
68cc72ef1120afef14a20a11404a6ad8,3,No Smell,0.5652,Vague / Missing Context,0.1745,Format Ambiguity,0.1649,Formality / Audience Mismatch,0.0349,42,0.541
68cc72ef1120afef14a20a11404a6ad8,4,No Smell,0.5735,Format Ambiguity,0.1664,Vague / Missing Context,0.1622,Formality / Audience Mismatch,0.0406,63,0.544
39133f12d418cb3741fe8c31e327d432,1,No Smell,0.7780,Format Ambiguity,0.0690,Vague / Missing Context,0.0460,Conflicting Constraints,0.0408,349,0.591
52445ea7dcfb05465db25af87544ad1b,1,No Smell,0.5297,Vague / Missing Context,0.1950,Format Ambiguity,0.1250,Formality / Audience Mismatch,0.0586,232,0.567
6efc3e19d646a1e40dace13e5b9706c9,1,No Smell,0.3856,Format Ambiguity,0.3774,Vague / Missing Context,0.1047,Conflicting Constraints,0.0347,952,1.285
7c54072f16819d4465459f30a5e4949d,1,Vague / Missing Context,0.4000,No Smell,0.3677,Format Ambiguity,0.1301,Ambiguous References,0.0350,65,0.545
f0653832b5dbc8f94c3ec14bcd94af6a,1,No Smell,0.4248,Vague / Missing Context,0.2948,Format Ambiguity,0.1222,Formality / Audience Mismatch,0.0514,42,0.543
f0653832b5dbc8f94c3ec14bcd94af6a,2,No Smell,0.4613,Vague / Missing Context,0.2755,Format Ambiguity,0.1524,Formality / Audience Mismatch,0.0356,43,0.541
f0653832b5dbc8f94c3ec14bcd94af6a,3,No Smell,0.4229,Vague / Missing Context,0.3096,Format Ambiguity,0.1351,Formality / Audience Mismatch,0.0456,44,0.542
f0653832b5dbc8f94c3ec14bcd94af6a,4,No Smell,0.4528,Vague / Missing Context,0.2786,Format Ambiguity,0.1431,Formality / Audience Mismatch,0.0434,41,0.542
f0653832b5dbc8f94c3ec14bcd94af6a,5,No Smell,0.4392,Vague / Missing Context,0.3038,Format Ambiguity,0.1400,Ambiguous References,0.0344,46,0.542
f0653832b5dbc8f94c3ec14bcd94af6a,6,No Smell,0.4667,Vague / Missing Context,0.2851,Format Ambiguity,0.1091,Formality / Audience Mismatch,0.0485,61,0.544
f0653832b5dbc8f94c3ec14bcd94af6a,7,No Smell,0.5732,Format Ambiguity,0.1693,Vague / Missing Context,0.1670,Formality / Audience Mismatch,0.0345,45,0.542
acc39e714044a15a1535584f867e8a93,1,Vague / Missing Context,0.4000,No Smell,0.3677,Format Ambiguity,0.1301,Ambiguous References,0.0350,65,0.062
feeb03dc6e473fe3307beed4de8419ab,1,No Smell,0.6526,Format Ambiguity,0.2081,Vague / Missing Context,0.0700,Formality / Audience Mismatch,0.0239,77,0.541
feeb03dc6e473fe3307beed4de8419ab,2,No Smell,0.7327,Format Ambiguity,0.1392,Vague / Missing Context,0.0610,Formality / Audience Mismatch,0.0279,79,0.555
feeb03dc6e473fe3307beed4de8419ab,3,No Smell,0.4943,Format Ambiguity,0.4034,Vague / Missing Context,0.0443,Formality / Audience Mismatch,0.0169,81,0.556
feeb03dc6e473fe3307beed4de8419ab,4,No Smell,0.7422,Format Ambiguity,0.1220,Vague / Missing Context,0.0581,Formality / Audience Mismatch,0.0339,77,0.569
feeb03dc6e473fe3307beed4de8419ab,5,No Smell,0.8154,Format Ambiguity,0.1351,Vague / Missing Context,0.0178,Formality / Audience Mismatch,0.0136,43,0.542
feeb03dc6e473fe3307beed4de8419ab,6,No Smell,0.7680,Format Ambiguity,0.1439,Vague / Missing Context,0.0300,Formality / Audience Mismatch,0.0259,32,0.542
27fdd33b53d927d509d61d17b154b3d7,1,Vague / Missing Context,0.3213,No Smell,0.3019,Format Ambiguity,0.1372,Ambiguous References,0.0722,87,0.544
3cbaebe875894fc84219e32e92faebc2,1,No Smell,0.4580,Format Ambiguity,0.4349,Vague / Missing Context,0.0532,Formality / Audience Mismatch,0.0194,97,0.699
4f267d51df05354b801fc97dcde954c9,2,No Smell,0.7247,Vague / Missing Context,0.0887,Format Ambiguity,0.0765,Conflicting Constraints,0.0447,347,0.593
4f267d51df05354b801fc97dcde954c9,3,No Smell,0.7754,Format Ambiguity,0.0689,Vague / Missing Context,0.0646,Conflicting Constraints,0.0347,332,0.593
4f267d51df05354b801fc97dcde954c9,6,No Smell,0.7314,Vague / Missing Context,0.0883,Format Ambiguity,0.0874,Conflicting Constraints,0.0368,331,0.592
db2d7935f50e11dbd33ff597fd249d30,1,No Smell,0.4905,Vague / Missing Context,0.3014,Format Ambiguity,0.1721,Conflicting Constraints,0.0126,14,0.531
82f94b5b55bbd70f0e497fa3508a9810,1,No Smell,0.5440,Format Ambiguity,0.3805,Vague / Missing Context,0.0291,Formality / Audience Mismatch,0.0188,97,0.667
e022959fe7204caf3be690e3c69d15a1,1,No Smell,0.4436,Format Ambiguity,0.2935,Overloaded Prompt,0.0789,Conflicting Constraints,0.0692,1023,0.746
e022959fe7204caf3be690e3c69d15a1,3,Vague / Missing Context,0.3498,No Smell,0.3305,Format Ambiguity,0.2233,Ambiguous References,0.0419,74,0.545
e022959fe7204caf3be690e3c69d15a1,4,Vague / Missing Context,0.4278,No Smell,0.2629,Ambiguous References,0.1272,Format Ambiguity,0.1042,282,0.616
e022959fe7204caf3be690e3c69d15a1,5,Vague / Missing Context,0.4087,No Smell,0.2792,Ambiguous References,0.1330,Format Ambiguity,0.1050,280,0.590
6b8f5420d58d96402e96bd67e76de87e,1,No Smell,0.6751,Format Ambiguity,0.1364,Vague / Missing Context,0.0554,Conflicting Constraints,0.0488,65,0.544
6b8f5420d58d96402e96bd67e76de87e,2,No Smell,0.6543,Format Ambiguity,0.1664,Vague / Missing Context,0.0763,Formality / Audience Mismatch,0.0384,63,0.544
7cad64fd7d5aedf1e8424c7ead00bae8,1,No Smell,0.4383,Format Ambiguity,0.3119,Overloaded Prompt,0.0922,Conflicting Constraints,0.0564,985,0.743
7cad64fd7d5aedf1e8424c7ead00bae8,3,No Smell,0.3886,Format Ambiguity,0.3049,Overloaded Prompt,0.1408,Conflicting Constraints,0.0615,993,0.778
7cad64fd7d5aedf1e8424c7ead00bae8,4,No Smell,0.3807,Format Ambiguity,0.3178,Overloaded Prompt,0.1261,Conflicting Constraints,0.0582,992,0.773
7cad64fd7d5aedf1e8424c7ead00bae8,8,Vague / Missing Context,0.5375,Ambiguous References,0.1718,No Smell,0.1626,Format Ambiguity,0.0585,289,0.615
92241ebb04c8f57be67dd832ed6eee30,1,No Smell,0.5631,Format Ambiguity,0.1615,Vague / Missing Context,0.1468,Formality / Audience Mismatch,0.0528,9,0.534
92241ebb04c8f57be67dd832ed6eee30,11,No Smell,0.6228,Format Ambiguity,0.1690,Vague / Missing Context,0.1219,Formality / Audience Mismatch,0.0328,67,0.556
1497efbbd7a60aeaf12e0236e5931fd9,1,No Smell,0.5324,Format Ambiguity,0.3559,Vague / Missing Context,0.0394,Formality / Audience Mismatch,0.0253,473,0.774
e6200af6d84d7b16b0172c8a58545e29,1,No Smell,0.6118,Vague / Missing Context,0.1333,Format Ambiguity,0.1014,Conflicting Constraints,0.0546,1201,0.742
0fb4ef7066978e5a9d497b39fe2e4fc9,1,No Smell,0.7461,Format Ambiguity,0.1276,Vague / Missing Context,0.0429,Conflicting Constraints,0.0404,379,0.812
0fb4ef7066978e5a9d497b39fe2e4fc9,2,No Smell,0.6457,Format Ambiguity,0.2473,Vague / Missing Context,0.0627,Formality / Audience Mismatch,0.0196,12,0.532
0fb4ef7066978e5a9d497b39fe2e4fc9,3,No Smell,0.6816,Format Ambiguity,0.2296,Vague / Missing Context,0.0468,Formality / Audience Mismatch,0.0190,28,0.533
0fb4ef7066978e5a9d497b39fe2e4fc9,4,No Smell,0.7443,Format Ambiguity,0.1379,Vague / Missing Context,0.0372,Conflicting Constraints,0.0357,379,0.812
0fb4ef7066978e5a9d497b39fe2e4fc9,5,No Smell,0.6856,Format Ambiguity,0.1425,Vague / Missing Context,0.0595,Conflicting Constraints,0.0501,398,0.815
0fb4ef7066978e5a9d497b39fe2e4fc9,6,No Smell,0.5160,Vague / Missing Context,0.2025,Format Ambiguity,0.1557,Conflicting Constraints,0.0492,277,0.810
d2fb26d483edf14eaa8bb331ea4f22fb,1,No Smell,0.4143,Vague / Missing Context,0.3393,Format Ambiguity,0.1428,Formality / Audience Mismatch,0.0285,26,0.540
d2fb26d483edf14eaa8bb331ea4f22fb,2,No Smell,0.3684,Vague / Missing Context,0.3555,Format Ambiguity,0.1667,Formality / Audience Mismatch,0.0282,39,0.543
d2fb26d483edf14eaa8bb331ea4f22fb,3,No Smell,0.4954,Format Ambiguity,0.2182,Vague / Missing Context,0.2094,Formality / Audience Mismatch,0.0309,35,0.540
2aa77ce30b0e8608d35dcd85a116b9fc,1,No Smell,0.4693,Vague / Missing Context,0.3382,Format Ambiguity,0.0926,Formality / Audience Mismatch,0.0329,189,0.556
2aa77ce30b0e8608d35dcd85a116b9fc,2,No Smell,0.4693,Vague / Missing Context,0.3382,Format Ambiguity,0.0926,Formality / Audience Mismatch,0.0329,189,0.048
2aa77ce30b0e8608d35dcd85a116b9fc,3,No Smell,0.5365,Vague / Missing Context,0.2332,Format Ambiguity,0.1441,Conflicting Constraints,0.0368,156,0.553
2aa77ce30b0e8608d35dcd85a116b9fc,4,No Smell,0.4898,Vague / Missing Context,0.2961,Format Ambiguity,0.1281,Conflicting Constraints,0.0256,148,0.557
98b2a6573e2e8afe8a34aa8cf53f95ff,1,No Smell,0.6684,Format Ambiguity,0.0772,Vague / Missing Context,0.0656,Conflicting Constraints,0.0458,2308,0.984
98b2a6573e2e8afe8a34aa8cf53f95ff,2,No Smell,0.3982,Vague / Missing Context,0.3063,Format Ambiguity,0.1654,Ambiguous References,0.0573,86,0.546
98b2a6573e2e8afe8a34aa8cf53f95ff,3,No Smell,0.3597,Vague / Missing Context,0.2661,Format Ambiguity,0.1562,Ambiguous References,0.1118,234,0.589
98b2a6573e2e8afe8a34aa8cf53f95ff,4,Vague / Missing Context,0.3862,No Smell,0.3014,Format Ambiguity,0.1085,Ambiguous References,0.0806,76,0.544
ccf5c14b89f02402257fad1fb02777f9,1,No Smell,0.5591,Vague / Missing Context,0.1993,Format Ambiguity,0.1013,Formality / Audience Mismatch,0.0447,87,0.545
1689c5d5b13bdf3ff9d04cda63d84100,1,Vague / Missing Context,0.5338,No Smell,0.1689,Ambiguous References,0.1630,Format Ambiguity,0.0664,288,0.615
1689c5d5b13bdf3ff9d04cda63d84100,2,Vague / Missing Context,0.5743,Ambiguous References,0.1452,No Smell,0.1401,Format Ambiguity,0.0646,289,0.617
f439d355cb274831b2d67a2b75b3cfed,3,No Smell,0.5880,Format Ambiguity,0.2006,Vague / Missing Context,0.1321,Formality / Audience Mismatch,0.0268,83,0.544
f439d355cb274831b2d67a2b75b3cfed,4,No Smell,0.6560,Format Ambiguity,0.2259,Vague / Missing Context,0.0365,Formality / Audience Mismatch,0.0279,40,0.540
f439d355cb274831b2d67a2b75b3cfed,5,No Smell,0.5584,Vague / Missing Context,0.1975,Format Ambiguity,0.1717,Conflicting Constraints,0.0238,39,0.541
f439d355cb274831b2d67a2b75b3cfed,6,No Smell,0.5589,Format Ambiguity,0.2411,Vague / Missing Context,0.0727,Conflicting Constraints,0.0454,200,0.568
f439d355cb274831b2d67a2b75b3cfed,7,No Smell,0.4131,Vague / Missing Context,0.2399,Format Ambiguity,0.1583,Formality / Audience Mismatch,0.0540,101,0.553
aa126717e6dac3a16aa60426b2e9ec91,1,No Smell,0.6598,Format Ambiguity,0.1078,Vague / Missing Context,0.0648,Conflicting Constraints,0.0585,3921,1.351
aa126717e6dac3a16aa60426b2e9ec91,2,No Smell,0.6540,Format Ambiguity,0.2752,Vague / Missing Context,0.0207,Conflicting Constraints,0.0197,66,0.542
2f9ad7146bc5084f79a8ff4cc7be3612,1,No Smell,0.6579,Format Ambiguity,0.1074,Conflicting Constraints,0.0745,Vague / Missing Context,0.0570,3590,0.088
2f9ad7146bc5084f79a8ff4cc7be3612,2,No Smell,0.4958,Vague / Missing Context,0.1537,Format Ambiguity,0.1418,Conflicting Constraints,0.0712,860,0.707
df07d8cde58ede01764cd1501093d292,1,Ambiguous References,0.2865,No Smell,0.2381,Format Ambiguity,0.2106,Vague / Missing Context,0.1734,29,0.540
df07d8cde58ede01764cd1501093d292,2,No Smell,0.2716,Vague / Missing Context,0.2533,Ambiguous References,0.2042,Format Ambiguity,0.1908,93,0.554
df07d8cde58ede01764cd1501093d292,3,No Smell,0.4704,Format Ambiguity,0.1619,Vague / Missing Context,0.1053,Bias / Loaded Framing,0.0776,149,0.566
df07d8cde58ede01764cd1501093d292,4,No Smell,0.3776,Vague / Missing Context,0.2989,Format Ambiguity,0.2010,Ambiguous References,0.0345,106,0.556
df07d8cde58ede01764cd1501093d292,5,No Smell,0.4443,Format Ambiguity,0.2656,Vague / Missing Context,0.1711,Conflicting Constraints,0.0363,180,0.556
df07d8cde58ede01764cd1501093d292,6,No Smell,0.5167,Format Ambiguity,0.2437,Vague / Missing Context,0.1466,Ambiguous References,0.0304,41,0.541
df07d8cde58ede01764cd1501093d292,7,No Smell,0.3201,Vague / Missing Context,0.3081,Format Ambiguity,0.1288,Ambiguous References,0.1088,75,0.543
df07d8cde58ede01764cd1501093d292,8,No Smell,0.3952,Format Ambiguity,0.2191,Vague / Missing Context,0.2097,Ambiguous References,0.1051,64,0.543
df07d8cde58ede01764cd1501093d292,9,Vague / Missing Context,0.3696,No Smell,0.2751,Format Ambiguity,0.2210,Ambiguous References,0.0676,105,0.554
3c3112c0b5380036e46e05e0e862dc9c,1,No Smell,0.7348,Format Ambiguity,0.1756,Vague / Missing Context,0.0361,Conflicting Constraints,0.0218,93,0.544
3c3112c0b5380036e46e05e0e862dc9c,2,No Smell,0.5300,Vague / Missing Context,0.1908,Format Ambiguity,0.1906,Conflicting Constraints,0.0345,74,0.542
3c3112c0b5380036e46e05e0e862dc9c,3,No Smell,0.4190,Vague / Missing Context,0.2964,Format Ambiguity,0.1868,Conflicting Constraints,0.0343,81,0.543
3c3112c0b5380036e46e05e0e862dc9c,4,No Smell,0.5300,Vague / Missing Context,0.1908,Format Ambiguity,0.1906,Conflicting Constraints,0.0345,74,0.062
3c3112c0b5380036e46e05e0e862dc9c,5,No Smell,0.6596,Format Ambiguity,0.1468,Vague / Missing Context,0.1224,Conflicting Constraints,0.0260,83,0.541
b98b1c753f22e3a4c5b6953f99752611,1,No Smell,0.6702,Format Ambiguity,0.1779,Vague / Missing Context,0.0651,Conflicting Constraints,0.0352,183,0.569
b98b1c753f22e3a4c5b6953f99752611,2,No Smell,0.6412,Format Ambiguity,0.1609,Vague / Missing Context,0.1089,Conflicting Constraints,0.0315,175,0.559
b98b1c753f22e3a4c5b6953f99752611,3,No Smell,0.6615,Format Ambiguity,0.1528,Vague / Missing Context,0.1040,Conflicting Constraints,0.0309,166,0.558
f4bde4435ea2a8e4fe0614ac61d0b6d4,1,Vague / Missing Context,0.3605,No Smell,0.3576,Format Ambiguity,0.1792,Ambiguous References,0.0303,50,0.543
566e81fb2334aef0e7d95581cfecba65,1,No Smell,0.5766,Vague / Missing Context,0.2255,Format Ambiguity,0.1363,Conflicting Constraints,0.0225,42,0.543
566e81fb2334aef0e7d95581cfecba65,2,No Smell,0.6413,Format Ambiguity,0.2556,Vague / Missing Context,0.0533,Formality / Audience Mismatch,0.0190,32,0.541
566e81fb2334aef0e7d95581cfecba65,3,No Smell,0.3792,Vague / Missing Context,0.3164,Ambiguous References,0.1132,Format Ambiguity,0.0843,237,0.569
566e81fb2334aef0e7d95581cfecba65,4,No Smell,0.6776,Format Ambiguity,0.2562,Vague / Missing Context,0.0285,Formality / Audience Mismatch,0.0135,40,0.542
9707ef6a34937e8cd6c96d54f1ec712f,4,No Smell,0.6102,Format Ambiguity,0.1694,Vague / Missing Context,0.0595,Conflicting Constraints,0.0492,551,0.638
9707ef6a34937e8cd6c96d54f1ec712f,5,No Smell,0.4272,Format Ambiguity,0.1841,Vague / Missing Context,0.1695,Ambiguous References,0.0550,647,0.665
9707ef6a34937e8cd6c96d54f1ec712f,6,No Smell,0.6629,Format Ambiguity,0.1577,Vague / Missing Context,0.0772,Formality / Audience Mismatch,0.0420,186,0.569
9707ef6a34937e8cd6c96d54f1ec712f,7,No Smell,0.6729,Format Ambiguity,0.1352,Vague / Missing Context,0.0845,Formality / Audience Mismatch,0.0457,185,0.568
9707ef6a34937e8cd6c96d54f1ec712f,8,No Smell,0.7385,Format Ambiguity,0.1357,Vague / Missing Context,0.0511,Formality / Audience Mismatch,0.0338,138,0.568
9707ef6a34937e8cd6c96d54f1ec712f,9,No Smell,0.6916,Format Ambiguity,0.1772,Vague / Missing Context,0.0430,Formality / Audience Mismatch,0.0292,214,0.589
9707ef6a34937e8cd6c96d54f1ec712f,10,No Smell,0.6740,Format Ambiguity,0.1857,Vague / Missing Context,0.0486,Formality / Audience Mismatch,0.0291,214,0.589
dd1a42f58173424949bce53c377a05bf,1,No Smell,0.4048,Vague / Missing Context,0.2654,Format Ambiguity,0.2334,Ambiguous References,0.0269,129,0.555
dd1a42f58173424949bce53c377a05bf,2,No Smell,0.5396,Format Ambiguity,0.3446,Vague / Missing Context,0.0849,Conflicting Constraints,0.0129,28,0.543
dd1a42f58173424949bce53c377a05bf,3,No Smell,0.7828,Format Ambiguity,0.1643,Vague / Missing Context,0.0153,Formality / Audience Mismatch,0.0149,44,0.542
5775c8ee0bc7d4333689e63514273ca4,1,No Smell,0.5338,Format Ambiguity,0.2124,Vague / Missing Context,0.0984,Conflicting Constraints,0.0473,837,0.738
5775c8ee0bc7d4333689e63514273ca4,2,No Smell,0.6329,Vague / Missing Context,0.0882,Format Ambiguity,0.0842,Formality / Audience Mismatch,0.0702,4000,1.749
1ab03972ff68767f2dd3a3beb25082ec,1,No Smell,0.3779,Vague / Missing Context,0.3307,Format Ambiguity,0.1702,Formality / Audience Mismatch,0.0335,47,0.546
1ab03972ff68767f2dd3a3beb25082ec,2,No Smell,0.5596,Vague / Missing Context,0.2298,Format Ambiguity,0.1334,Conflicting Constraints,0.0273,113,0.558
c3dac7b6b86503aa7f1f82a8b079edec,1,No Smell,0.4556,Vague / Missing Context,0.3861,Format Ambiguity,0.0616,Formality / Audience Mismatch,0.0360,61,0.543
c3dac7b6b86503aa7f1f82a8b079edec,2,No Smell,0.5069,Vague / Missing Context,0.2960,Format Ambiguity,0.0669,Ambiguous References,0.0602,70,0.543
c3dac7b6b86503aa7f1f82a8b079edec,3,No Smell,0.4386,Vague / Missing Context,0.3926,Ambiguous References,0.0545,Format Ambiguity,0.0531,69,0.544
783f530199cbe9476e6f499ab813db07,1,No Smell,0.6313,Vague / Missing Context,0.1374,Format Ambiguity,0.1163,Conflicting Constraints,0.0403,96,0.545
783f530199cbe9476e6f499ab813db07,2,No Smell,0.6234,Format Ambiguity,0.2578,Vague / Missing Context,0.0473,Conflicting Constraints,0.0285,32,0.542
f99ab5fd8194118380f4e267e4084e3d,1,No Smell,0.6102,Formality / Audience Mismatch,0.0898,Format Ambiguity,0.0865,Vague / Missing Context,0.0778,1614,0.819
38deb9fe55039747371bbe181ededbcf,1,No Smell,0.4386,Vague / Missing Context,0.3926,Ambiguous References,0.0545,Format Ambiguity,0.0531,69,0.061
8fb3951900c3f7019f6afa1d9c840731,2,No Smell,0.4420,Vague / Missing Context,0.2744,Format Ambiguity,0.2134,Formality / Audience Mismatch,0.0286,34,0.542
8fb3951900c3f7019f6afa1d9c840731,3,Vague / Missing Context,0.4131,No Smell,0.2588,Formality / Audience Mismatch,0.1010,Format Ambiguity,0.0648,44,0.541
8fb3951900c3f7019f6afa1d9c840731,4,No Smell,0.3793,Vague / Missing Context,0.2810,Format Ambiguity,0.1956,Formality / Audience Mismatch,0.0525,35,0.541
8fb3951900c3f7019f6afa1d9c840731,6,No Smell,0.4121,Vague / Missing Context,0.2628,Format Ambiguity,0.1530,Ambiguous References,0.0786,57,0.541
8fb3951900c3f7019f6afa1d9c840731,7,No Smell,0.5890,Format Ambiguity,0.3176,Vague / Missing Context,0.0424,Formality / Audience Mismatch,0.0192,26,0.543
8fb3951900c3f7019f6afa1d9c840731,9,No Smell,0.5724,Format Ambiguity,0.2733,Vague / Missing Context,0.0959,Formality / Audience Mismatch,0.0251,11,0.531
8fb3951900c3f7019f6afa1d9c840731,10,No Smell,0.5724,Format Ambiguity,0.2733,Vague / Missing Context,0.0959,Formality / Audience Mismatch,0.0251,11,0.047
8fb3951900c3f7019f6afa1d9c840731,11,No Smell,0.5969,Format Ambiguity,0.1574,Vague / Missing Context,0.1566,Conflicting Constraints,0.0332,57,0.542
8fb3951900c3f7019f6afa1d9c840731,12,No Smell,0.6652,Format Ambiguity,0.1764,Vague / Missing Context,0.0824,Formality / Audience Mismatch,0.0320,26,0.541
8fb3951900c3f7019f6afa1d9c840731,13,No Smell,0.5487,Format Ambiguity,0.2014,Vague / Missing Context,0.1819,Formality / Audience Mismatch,0.0237,30,0.540
8fb3951900c3f7019f6afa1d9c840731,14,No Smell,0.5357,Format Ambiguity,0.2337,Vague / Missing Context,0.1473,Conflicting Constraints,0.0255,26,0.540
8fb3951900c3f7019f6afa1d9c840731,15,No Smell,0.3425,Vague / Missing Context,0.2853,Format Ambiguity,0.2581,Ambiguous References,0.0413,24,0.541
8fb3951900c3f7019f6afa1d9c840731,16,No Smell,0.3508,Format Ambiguity,0.3135,Vague / Missing Context,0.2433,Formality / Audience Mismatch,0.0313,41,0.541
8fb3951900c3f7019f6afa1d9c840731,17,No Smell,0.6032,Format Ambiguity,0.2714,Vague / Missing Context,0.0787,Formality / Audience Mismatch,0.0223,26,0.542
8fb3951900c3f7019f6afa1d9c840731,18,No Smell,0.4223,Format Ambiguity,0.2839,Vague / Missing Context,0.2034,Formality / Audience Mismatch,0.0335,16,0.530
8fb3951900c3f7019f6afa1d9c840731,19,No Smell,0.5724,Format Ambiguity,0.2733,Vague / Missing Context,0.0959,Formality / Audience Mismatch,0.0251,11,0.061
8fb3951900c3f7019f6afa1d9c840731,21,No Smell,0.4180,Format Ambiguity,0.2702,Vague / Missing Context,0.2080,Formality / Audience Mismatch,0.0418,22,0.529
8fb3951900c3f7019f6afa1d9c840731,22,No Smell,0.5198,Format Ambiguity,0.2887,Vague / Missing Context,0.1052,Formality / Audience Mismatch,0.0346,21,0.531
8fb3951900c3f7019f6afa1d9c840731,23,No Smell,0.4851,Format Ambiguity,0.2775,Vague / Missing Context,0.1704,Formality / Audience Mismatch,0.0227,17,0.530
8fb3951900c3f7019f6afa1d9c840731,24,No Smell,0.4354,Format Ambiguity,0.2718,Vague / Missing Context,0.2030,Formality / Audience Mismatch,0.0304,19,0.530
8fb3951900c3f7019f6afa1d9c840731,25,No Smell,0.4352,Format Ambiguity,0.2341,Vague / Missing Context,0.2092,Formality / Audience Mismatch,0.0495,19,0.532
8fb3951900c3f7019f6afa1d9c840731,26,Vague / Missing Context,0.3727,No Smell,0.2829,Format Ambiguity,0.1872,Formality / Audience Mismatch,0.0524,39,0.543
8fb3951900c3f7019f6afa1d9c840731,27,No Smell,0.3632,Vague / Missing Context,0.2848,Format Ambiguity,0.2009,Ambiguous References,0.0851,270,0.591
8fb3951900c3f7019f6afa1d9c840731,28,No Smell,0.5185,Format Ambiguity,0.2885,Vague / Missing Context,0.1388,Formality / Audience Mismatch,0.0233,10,0.531
176de06222c205be8bb8ff16ecc23c2e,1,Vague / Missing Context,0.4211,No Smell,0.2822,Format Ambiguity,0.1849,Ambiguous References,0.0544,33,0.541
749f4aa69e207d4072126b7bfffa8eed,3,No Smell,0.6978,Format Ambiguity,0.1234,Vague / Missing Context,0.0750,Formality / Audience Mismatch,0.0316,179,0.590
749f4aa69e207d4072126b7bfffa8eed,4,No Smell,0.7599,Format Ambiguity,0.1056,Formality / Audience Mismatch,0.0418,Conflicting Constraints,0.0402,383,0.640
749f4aa69e207d4072126b7bfffa8eed,5,No Smell,0.5566,Format Ambiguity,0.2385,Prompt Bloat / Convoluted Prompt,0.0496,Vague / Missing Context,0.0371,463,0.732
749f4aa69e207d4072126b7bfffa8eed,6,No Smell,0.6371,Format Ambiguity,0.1540,Vague / Missing Context,0.1000,Conflicting Constraints,0.0310,262,0.615
749f4aa69e207d4072126b7bfffa8eed,7,No Smell,0.5900,Format Ambiguity,0.1921,Vague / Missing Context,0.0864,Conflicting Constraints,0.0368,232,0.616
749f4aa69e207d4072126b7bfffa8eed,8,No Smell,0.8010,Format Ambiguity,0.0657,Formality / Audience Mismatch,0.0345,Vague / Missing Context,0.0344,351,0.664
e4544d7af1aa863f348a51f602f7bd22,1,No Smell,0.5115,Vague / Missing Context,0.3051,Format Ambiguity,0.0792,Formality / Audience Mismatch,0.0347,128,0.546
e4544d7af1aa863f348a51f602f7bd22,2,No Smell,0.6985,Vague / Missing Context,0.1253,Format Ambiguity,0.1221,Formality / Audience Mismatch,0.0220,52,0.541
634935de785a2d0f62f224d8e9019c66,1,No Smell,0.7467,Format Ambiguity,0.1614,Vague / Missing Context,0.0369,Formality / Audience Mismatch,0.0253,33,0.542
ca88146d4c8f2f5cb202a4f8f5e58c12,1,No Smell,0.7072,Format Ambiguity,0.1018,Formality / Audience Mismatch,0.0571,Conflicting Constraints,0.0481,3497,1.575
5f68bc500079c8dd2cf838d4b2a7bde6,3,No Smell,0.4160,Vague / Missing Context,0.3582,Format Ambiguity,0.0967,Ambiguous References,0.0601,202,0.641
21aaa14d3601d3105d4e3290e4baba0b,2,No Smell,0.6612,Format Ambiguity,0.2307,Vague / Missing Context,0.0578,Formality / Audience Mismatch,0.0231,13,0.533
204e02f120eb382eb635e24789861936,1,No Smell,0.4240,Vague / Missing Context,0.3145,Format Ambiguity,0.1425,Ambiguous References,0.0355,71,0.544
ab9cfbfdaf93497cc8a3868db9d12f60,1,No Smell,0.6969,Format Ambiguity,0.0918,Conflicting Constraints,0.0831,Vague / Missing Context,0.0474,4000,1.309
ab9cfbfdaf93497cc8a3868db9d12f60,2,No Smell,0.6964,Format Ambiguity,0.1849,Vague / Missing Context,0.0669,Formality / Audience Mismatch,0.0195,53,0.545
ab9cfbfdaf93497cc8a3868db9d12f60,3,No Smell,0.7303,Format Ambiguity,0.1730,Vague / Missing Context,0.0416,Formality / Audience Mismatch,0.0209,46,0.544
ab9cfbfdaf93497cc8a3868db9d12f60,4,No Smell,0.5190,Format Ambiguity,0.1958,Vague / Missing Context,0.1758,Conflicting Constraints,0.0368,58,0.544
ab9cfbfdaf93497cc8a3868db9d12f60,5,No Smell,0.5784,Format Ambiguity,0.2141,Vague / Missing Context,0.1277,Formality / Audience Mismatch,0.0294,41,0.541
68c1a5f9c7b9739ed4fefc0ffd964a3d,1,No Smell,0.5784,Format Ambiguity,0.2141,Vague / Missing Context,0.1277,Formality / Audience Mismatch,0.0294,41,0.046
c50d93b49997de7e21f1274ddb65a69b,1,No Smell,0.5576,Format Ambiguity,0.1997,Vague / Missing Context,0.1741,Formality / Audience Mismatch,0.0267,133,0.554
c50d93b49997de7e21f1274ddb65a69b,2,No Smell,0.4928,Format Ambiguity,0.3207,Vague / Missing Context,0.1328,Formality / Audience Mismatch,0.0174,17,0.532
8fadc219cd1b101b3f59ac49ad05e822,1,No Smell,0.8017,Format Ambiguity,0.0514,Vague / Missing Context,0.0372,Formality / Audience Mismatch,0.0322,344,0.641
8fadc219cd1b101b3f59ac49ad05e822,2,No Smell,0.7737,Format Ambiguity,0.0846,Vague / Missing Context,0.0428,Formality / Audience Mismatch,0.0401,257,0.591
8fadc219cd1b101b3f59ac49ad05e822,3,No Smell,0.7123,Format Ambiguity,0.0796,Prompt Bloat / Convoluted Prompt,0.0504,Formality / Audience Mismatch,0.0488,292,0.613
d216d57de3217c1603e48258f3237237,1,No Smell,0.7300,Format Ambiguity,0.1148,Vague / Missing Context,0.1040,Formality / Audience Mismatch,0.0229,71,0.542
d216d57de3217c1603e48258f3237237,2,No Smell,0.7592,Vague / Missing Context,0.0766,Formality / Audience Mismatch,0.0535,Conflicting Constraints,0.0397,887,0.767
d216d57de3217c1603e48258f3237237,3,No Smell,0.6409,Format Ambiguity,0.2274,Vague / Missing Context,0.0488,Conflicting Constraints,0.0316,103,0.545
af3f847d6231cd603d4b2e59597610bc,1,No Smell,0.6002,Format Ambiguity,0.2324,Vague / Missing Context,0.0544,Formality / Audience Mismatch,0.0426,88,0.546
af3f847d6231cd603d4b2e59597610bc,3,No Smell,0.4224,Vague / Missing Context,0.2494,Format Ambiguity,0.2471,Formality / Audience Mismatch,0.0279,13,0.532
d959e3ce2132b1b9e86e8f97f1ea0aca,1,No Smell,0.4255,Vague / Missing Context,0.1929,Formality / Audience Mismatch,0.1059,Bias / Loaded Framing,0.0987,2485,1.043
f464382e7db8e52173f0ab9e22069727,5,No Smell,0.7600,Format Ambiguity,0.1324,Formality / Audience Mismatch,0.0316,Conflicting Constraints,0.0309,289,0.615
f464382e7db8e52173f0ab9e22069727,6,No Smell,0.5553,Format Ambiguity,0.1942,Vague / Missing Context,0.1790,Formality / Audience Mismatch,0.0286,77,0.592
f464382e7db8e52173f0ab9e22069727,7,No Smell,0.6987,Format Ambiguity,0.1659,Conflicting Constraints,0.0391,Vague / Missing Context,0.0374,297,0.638
2e432161b8e2a41d21a6b84849a962e8,1,No Smell,0.6477,Format Ambiguity,0.2408,Vague / Missing Context,0.0702,Formality / Audience Mismatch,0.0157,51,0.543
2e432161b8e2a41d21a6b84849a962e8,2,No Smell,0.4620,Format Ambiguity,0.2778,Vague / Missing Context,0.1607,Ambiguous References,0.0390,208,0.588
10f3ead5d93a0e3c2b6b3e19300d526c,1,No Smell,0.5577,Format Ambiguity,0.2311,Vague / Missing Context,0.1401,Formality / Audience Mismatch,0.0252,95,0.553
10f3ead5d93a0e3c2b6b3e19300d526c,2,No Smell,0.3693,Format Ambiguity,0.3671,Vague / Missing Context,0.2014,Ambiguous References,0.0165,67,0.541
10f3ead5d93a0e3c2b6b3e19300d526c,3,No Smell,0.4956,Format Ambiguity,0.2231,Vague / Missing Context,0.2011,Formality / Audience Mismatch,0.0271,77,0.541
10f3ead5d93a0e3c2b6b3e19300d526c,4,Vague / Missing Context,0.6024,No Smell,0.1774,Ambiguous References,0.1181,Format Ambiguity,0.0602,290,0.637
10f3ead5d93a0e3c2b6b3e19300d526c,5,Vague / Missing Context,0.3490,No Smell,0.3089,Format Ambiguity,0.1951,Ambiguous References,0.0528,328,0.658
d8109c873a7ca3223ed38720b8f55f37,1,No Smell,0.4255,Vague / Missing Context,0.1929,Formality / Audience Mismatch,0.1059,Bias / Loaded Framing,0.0987,2485,0.078
a2e621324e724bf2685befdc226cbe73,1,Vague / Missing Context,0.4459,Ambiguous References,0.2074,Format Ambiguity,0.1543,No Smell,0.0943,3383,1.737
a2e621324e724bf2685befdc226cbe73,2,Vague / Missing Context,0.4004,No Smell,0.3248,Format Ambiguity,0.1743,Ambiguous References,0.0523,197,0.573
a2e621324e724bf2685befdc226cbe73,3,No Smell,0.4528,Format Ambiguity,0.2979,Vague / Missing Context,0.1727,Conflicting Constraints,0.0249,50,0.544
a2e621324e724bf2685befdc226cbe73,4,No Smell,0.3754,Format Ambiguity,0.2304,Vague / Missing Context,0.1783,Prompt Bloat / Convoluted Prompt,0.0489,2243,1.342
a2e621324e724bf2685befdc226cbe73,5,No Smell,0.4513,Format Ambiguity,0.3225,Vague / Missing Context,0.1716,Formality / Audience Mismatch,0.0169,36,0.543
a2e621324e724bf2685befdc226cbe73,6,Vague / Missing Context,0.6079,No Smell,0.1638,Ambiguous References,0.1062,Format Ambiguity,0.0977,54,0.546
8d3f5e69decb067ed366342aa75886de,1,No Smell,0.8583,Format Ambiguity,0.0621,Conflicting Constraints,0.0262,Formality / Audience Mismatch,0.0242,755,0.644
8d3f5e69decb067ed366342aa75886de,2,No Smell,0.6947,Format Ambiguity,0.2147,Vague / Missing Context,0.0374,Formality / Audience Mismatch,0.0194,90,0.544
8d3f5e69decb067ed366342aa75886de,3,No Smell,0.6955,Vague / Missing Context,0.0808,Format Ambiguity,0.0676,Conflicting Constraints,0.0604,1232,0.776
8d3f5e69decb067ed366342aa75886de,5,No Smell,0.6203,Format Ambiguity,0.2676,Vague / Missing Context,0.0536,Formality / Audience Mismatch,0.0209,36,0.543
8d3f5e69decb067ed366342aa75886de,6,No Smell,0.7301,Vague / Missing Context,0.0937,Format Ambiguity,0.0917,Conflicting Constraints,0.0387,242,0.572
544fe8c41b5513749880f86cd64ddf37,1,No Smell,0.7017,Vague / Missing Context,0.1107,Formality / Audience Mismatch,0.0656,Format Ambiguity,0.0450,420,0.614
9953b346d5944bb7785577e05bd2fe84,1,No Smell,0.5464,Format Ambiguity,0.2280,Vague / Missing Context,0.1202,Formality / Audience Mismatch,0.0364,81,0.545
58687edb209a38648593339c97a1106b,1,No Smell,0.4790,Format Ambiguity,0.2076,Vague / Missing Context,0.1878,Formality / Audience Mismatch,0.0467,262,0.591
dd3f1ceca4bd9a7bfadb4e54d6ded2a7,1,No Smell,0.7655,Format Ambiguity,0.1287,Conflicting Constraints,0.0351,Formality / Audience Mismatch,0.0242,857,0.645
dd3f1ceca4bd9a7bfadb4e54d6ded2a7,2,No Smell,0.5143,Vague / Missing Context,0.1995,Format Ambiguity,0.1602,Bias / Loaded Framing,0.0411,115,0.556
c25ad48872441ce3175eef19b7cb9782,2,No Smell,0.7692,Format Ambiguity,0.1593,Vague / Missing Context,0.0270,Formality / Audience Mismatch,0.0165,199,0.569
c25ad48872441ce3175eef19b7cb9782,3,No Smell,0.7338,Format Ambiguity,0.1924,Vague / Missing Context,0.0425,Conflicting Constraints,0.0127,118,0.555
c25ad48872441ce3175eef19b7cb9782,4,No Smell,0.4765,Vague / Missing Context,0.2500,Format Ambiguity,0.2010,Conflicting Constraints,0.0249,97,0.544
c25ad48872441ce3175eef19b7cb9782,5,No Smell,0.4764,Format Ambiguity,0.2992,Vague / Missing Context,0.1477,Conflicting Constraints,0.0275,97,0.554
c25ad48872441ce3175eef19b7cb9782,6,No Smell,0.5531,Format Ambiguity,0.2325,Vague / Missing Context,0.1602,Formality / Audience Mismatch,0.0188,24,0.541
c25ad48872441ce3175eef19b7cb9782,7,No Smell,0.6470,Format Ambiguity,0.1953,Vague / Missing Context,0.0951,Formality / Audience Mismatch,0.0251,97,0.544
c25ad48872441ce3175eef19b7cb9782,8,No Smell,0.5957,Format Ambiguity,0.3402,Conflicting Constraints,0.0218,Vague / Missing Context,0.0205,81,0.545
c25ad48872441ce3175eef19b7cb9782,9,No Smell,0.5438,Format Ambiguity,0.2295,Vague / Missing Context,0.1511,Formality / Audience Mismatch,0.0282,55,0.542
8e50ac626d949f35976e14ca6d11bf58,1,No Smell,0.5932,Vague / Missing Context,0.2041,Format Ambiguity,0.0649,Conflicting Constraints,0.0468,1597,0.865
8e50ac626d949f35976e14ca6d11bf58,2,Vague / Missing Context,0.3593,No Smell,0.3157,Format Ambiguity,0.1260,Ambiguous References,0.0488,262,0.572
dec93fca5e8dff1d194f1358fdd45229,1,No Smell,0.5318,Vague / Missing Context,0.2080,Format Ambiguity,0.1520,Formality / Audience Mismatch,0.0340,41,0.545
dec93fca5e8dff1d194f1358fdd45229,2,No Smell,0.5516,Vague / Missing Context,0.1745,Format Ambiguity,0.1657,Formality / Audience Mismatch,0.0369,66,0.542
a6ef99cfeb21780e3b970d2bd43cf69a,3,No Smell,0.3494,Vague / Missing Context,0.2721,Format Ambiguity,0.2132,Ambiguous References,0.0949,23,0.542
a6ef99cfeb21780e3b970d2bd43cf69a,4,No Smell,0.5188,Format Ambiguity,0.2127,Vague / Missing Context,0.1755,Ambiguous References,0.0400,15,0.531
1390f5bc94c47e13aa8ddf2432cd963a,1,No Smell,0.4566,Vague / Missing Context,0.2391,Format Ambiguity,0.2255,Ambiguous References,0.0305,40,0.542
d9d363a981d73b5a1394c75e50c43307,1,No Smell,0.7120,Formality / Audience Mismatch,0.0830,Vague / Missing Context,0.0564,Format Ambiguity,0.0549,1418,0.875
f8b095f36d26c26a8349212a110a09c9,1,No Smell,0.5423,Vague / Missing Context,0.1911,Format Ambiguity,0.1709,Formality / Audience Mismatch,0.0306,70,0.545
615a2e342547fe91a48c5380cb8f38fa,1,No Smell,0.6249,Format Ambiguity,0.1143,Vague / Missing Context,0.1081,Ambiguous References,0.0402,453,0.641
615a2e342547fe91a48c5380cb8f38fa,2,No Smell,0.4865,Vague / Missing Context,0.2325,Format Ambiguity,0.1525,Ambiguous References,0.0459,90,0.545
9fa1b9c3f37b0513d4117b061455464f,1,No Smell,0.6066,Format Ambiguity,0.1155,Vague / Missing Context,0.1126,Ambiguous References,0.0448,460,0.639
15abfa2b235274f6aebd4e33473c6507,2,No Smell,0.5193,Vague / Missing Context,0.2317,Format Ambiguity,0.1322,Formality / Audience Mismatch,0.0423,60,0.568
15abfa2b235274f6aebd4e33473c6507,4,No Smell,0.4949,Format Ambiguity,0.2154,Vague / Missing Context,0.2092,Formality / Audience Mismatch,0.0297,34,0.555
15abfa2b235274f6aebd4e33473c6507,5,No Smell,0.4552,Vague / Missing Context,0.2613,Format Ambiguity,0.1949,Formality / Audience Mismatch,0.0320,34,0.554
15abfa2b235274f6aebd4e33473c6507,6,No Smell,0.4317,Vague / Missing Context,0.2818,Format Ambiguity,0.1898,Formality / Audience Mismatch,0.0346,35,0.557
15abfa2b235274f6aebd4e33473c6507,7,No Smell,0.5556,Format Ambiguity,0.2221,Vague / Missing Context,0.1328,Formality / Audience Mismatch,0.0421,42,0.556
15abfa2b235274f6aebd4e33473c6507,8,No Smell,0.4967,Vague / Missing Context,0.2154,Format Ambiguity,0.1642,Formality / Audience Mismatch,0.0520,59,0.557
15abfa2b235274f6aebd4e33473c6507,9,No Smell,0.5672,Format Ambiguity,0.2391,Vague / Missing Context,0.1380,Formality / Audience Mismatch,0.0225,24,0.554
ee073b287440271a20232c0f53600ada,1,No Smell,0.5553,Format Ambiguity,0.1772,Vague / Missing Context,0.1705,Formality / Audience Mismatch,0.0318,42,0.542
ee073b287440271a20232c0f53600ada,2,No Smell,0.5675,Format Ambiguity,0.1868,Vague / Missing Context,0.1540,Formality / Audience Mismatch,0.0292,72,0.543
ee073b287440271a20232c0f53600ada,3,No Smell,0.5628,Vague / Missing Context,0.1957,Format Ambiguity,0.1409,Formality / Audience Mismatch,0.0324,74,0.545
e61152facc5b4d8571e764edbda1c7c7,1,No Smell,0.5398,Format Ambiguity,0.1884,Vague / Missing Context,0.1676,Formality / Audience Mismatch,0.0418,51,0.544
872c3260351ac10f330a92413379f288,1,No Smell,0.4237,Vague / Missing Context,0.2501,Format Ambiguity,0.1540,Ambiguous References,0.0575,79,0.544
872c3260351ac10f330a92413379f288,2,No Smell,0.6255,Format Ambiguity,0.2152,Vague / Missing Context,0.0758,Conflicting Constraints,0.0361,69,0.543
872c3260351ac10f330a92413379f288,3,Vague / Missing Context,0.5122,No Smell,0.2268,Format Ambiguity,0.1214,Ambiguous References,0.0771,71,0.543
872c3260351ac10f330a92413379f288,4,Vague / Missing Context,0.3405,No Smell,0.2827,Format Ambiguity,0.1758,Ambiguous References,0.1121,141,0.556
872c3260351ac10f330a92413379f288,5,Vague / Missing Context,0.3545,No Smell,0.3288,Format Ambiguity,0.1192,Ambiguous References,0.0822,93,0.555
872c3260351ac10f330a92413379f288,6,No Smell,0.4781,Format Ambiguity,0.2571,Vague / Missing Context,0.1934,Formality / Audience Mismatch,0.0279,62,0.542
872c3260351ac10f330a92413379f288,7,No Smell,0.5920,Format Ambiguity,0.1961,Vague / Missing Context,0.1480,Formality / Audience Mismatch,0.0254,62,0.543
872c3260351ac10f330a92413379f288,8,No Smell,0.6242,Format Ambiguity,0.1935,Vague / Missing Context,0.1231,Formality / Audience Mismatch,0.0231,58,0.542
872c3260351ac10f330a92413379f288,9,No Smell,0.5196,Vague / Missing Context,0.2148,Format Ambiguity,0.1941,Formality / Audience Mismatch,0.0238,62,0.542
872c3260351ac10f330a92413379f288,10,No Smell,0.5155,Vague / Missing Context,0.2222,Format Ambiguity,0.1879,Formality / Audience Mismatch,0.0260,64,0.543
872c3260351ac10f330a92413379f288,11,No Smell,0.5859,Format Ambiguity,0.2022,Vague / Missing Context,0.1284,Conflicting Constraints,0.0397,71,0.544
5aaca94b8af80f6e3e955b3b8c755a21,1,No Smell,0.5859,Format Ambiguity,0.2022,Vague / Missing Context,0.1284,Conflicting Constraints,0.0397,71,0.048
43af628835f2503775b5d47c6d82bfa5,1,No Smell,0.6949,Format Ambiguity,0.2277,Vague / Missing Context,0.0273,Formality / Audience Mismatch,0.0203,86,0.541
43af628835f2503775b5d47c6d82bfa5,2,No Smell,0.4726,Format Ambiguity,0.2696,Vague / Missing Context,0.1604,Conflicting Constraints,0.0339,182,0.558
43af628835f2503775b5d47c6d82bfa5,3,No Smell,0.3477,Format Ambiguity,0.2948,Vague / Missing Context,0.1947,Ambiguous References,0.0397,153,0.569
43af628835f2503775b5d47c6d82bfa5,4,No Smell,0.6363,Format Ambiguity,0.2494,Vague / Missing Context,0.0643,Conflicting Constraints,0.0215,189,0.558
43af628835f2503775b5d47c6d82bfa5,5,No Smell,0.4113,Format Ambiguity,0.2434,Vague / Missing Context,0.1941,Formality / Audience Mismatch,0.0381,198,0.588
43af628835f2503775b5d47c6d82bfa5,6,Vague / Missing Context,0.2978,No Smell,0.2872,Bias / Loaded Framing,0.1304,Formality / Audience Mismatch,0.1233,133,0.567
43af628835f2503775b5d47c6d82bfa5,7,Vague / Missing Context,0.5484,No Smell,0.1618,Ambiguous References,0.1060,Format Ambiguity,0.0758,201,0.571
43af628835f2503775b5d47c6d82bfa5,8,No Smell,0.4582,Format Ambiguity,0.3036,Vague / Missing Context,0.1092,Formality / Audience Mismatch,0.0327,171,0.587
af0f173a152788d345fcc080a80d2aad,1,No Smell,0.7978,Format Ambiguity,0.1313,Conflicting Constraints,0.0246,Formality / Audience Mismatch,0.0204,74,0.544
af0f173a152788d345fcc080a80d2aad,2,No Smell,0.6032,Vague / Missing Context,0.1487,Format Ambiguity,0.1095,Formality / Audience Mismatch,0.0573,186,0.568
af0f173a152788d345fcc080a80d2aad,3,No Smell,0.5974,Vague / Missing Context,0.1694,Format Ambiguity,0.1507,Formality / Audience Mismatch,0.0329,26,0.531
af0f173a152788d345fcc080a80d2aad,4,No Smell,0.5856,Vague / Missing Context,0.2078,Format Ambiguity,0.1437,Formality / Audience Mismatch,0.0254,13,0.531
18e2c7174b83d092d79cf0d37704b8cd,2,No Smell,0.4334,Vague / Missing Context,0.3132,Format Ambiguity,0.1675,Ambiguous References,0.0281,79,0.542
18e2c7174b83d092d79cf0d37704b8cd,3,No Smell,0.4157,Vague / Missing Context,0.2813,Format Ambiguity,0.2127,Ambiguous References,0.0310,38,0.544
f9050fead3dfcda6031304db1fc22331,1,No Smell,0.6547,Vague / Missing Context,0.1323,Formality / Audience Mismatch,0.0772,Conflicting Constraints,0.0482,491,0.615
81985ecf14fc6833ffb78c7341cc9366,1,No Smell,0.6330,Format Ambiguity,0.1116,Vague / Missing Context,0.0960,Formality / Audience Mismatch,0.0409,455,0.640
81985ecf14fc6833ffb78c7341cc9366,2,No Smell,0.6315,Format Ambiguity,0.2076,Vague / Missing Context,0.1076,Formality / Audience Mismatch,0.0207,53,0.543
81985ecf14fc6833ffb78c7341cc9366,3,No Smell,0.5084,Format Ambiguity,0.3094,Vague / Missing Context,0.1143,Formality / Audience Mismatch,0.0250,14,0.531
7d680aa1427a81fd45d01d35a9c9c2af,1,No Smell,0.4710,Vague / Missing Context,0.2469,Format Ambiguity,0.1486,Ambiguous References,0.0375,59,0.543
f5628eeb1ccb720dba4483e31a91e3f3,1,No Smell,0.5763,Vague / Missing Context,0.1614,Format Ambiguity,0.1132,Formality / Audience Mismatch,0.0561,486,0.616
8aa2f9ec96ed9658b0eeb0e89eb963f9,1,No Smell,0.3973,Format Ambiguity,0.3438,Vague / Missing Context,0.1499,Formality / Audience Mismatch,0.0244,4000,0.946
022e15065a6c37be70ed17b0de37be9d,1,No Smell,0.6144,Format Ambiguity,0.2310,Vague / Missing Context,0.0607,Conflicting Constraints,0.0420,145,0.559
022e15065a6c37be70ed17b0de37be9d,2,No Smell,0.5381,Format Ambiguity,0.2459,Vague / Missing Context,0.1297,Formality / Audience Mismatch,0.0257,98,0.546
022e15065a6c37be70ed17b0de37be9d,3,No Smell,0.4192,Vague / Missing Context,0.2744,Format Ambiguity,0.1880,Formality / Audience Mismatch,0.0387,109,0.556
022e15065a6c37be70ed17b0de37be9d,4,No Smell,0.4427,Format Ambiguity,0.3648,Vague / Missing Context,0.1152,Conflicting Constraints,0.0254,47,0.540
022e15065a6c37be70ed17b0de37be9d,5,Vague / Missing Context,0.3605,No Smell,0.3444,Format Ambiguity,0.2126,Ambiguous References,0.0395,63,0.542
022e15065a6c37be70ed17b0de37be9d,6,No Smell,0.4173,Format Ambiguity,0.2901,Vague / Missing Context,0.2016,Formality / Audience Mismatch,0.0309,89,0.543
022e15065a6c37be70ed17b0de37be9d,7,No Smell,0.5061,Vague / Missing Context,0.1890,Format Ambiguity,0.1868,Formality / Audience Mismatch,0.0367,102,0.555
022e15065a6c37be70ed17b0de37be9d,9,No Smell,0.4929,Format Ambiguity,0.2163,Vague / Missing Context,0.1819,Conflicting Constraints,0.0504,133,0.556
022e15065a6c37be70ed17b0de37be9d,10,No Smell,0.5740,Format Ambiguity,0.2006,Vague / Missing Context,0.1258,Formality / Audience Mismatch,0.0291,109,0.544
022e15065a6c37be70ed17b0de37be9d,11,No Smell,0.4114,Vague / Missing Context,0.3042,Format Ambiguity,0.1786,Formality / Audience Mismatch,0.0360,68,0.544
a3759f1694cb7e4ce3a99ae70a08f80f,6,No Smell,0.4825,Vague / Missing Context,0.2631,Format Ambiguity,0.2139,Ambiguous References,0.0132,25,0.533
a3759f1694cb7e4ce3a99ae70a08f80f,7,No Smell,0.7115,Format Ambiguity,0.1944,Vague / Missing Context,0.0297,Conflicting Constraints,0.0212,143,0.569
a3759f1694cb7e4ce3a99ae70a08f80f,8,Vague / Missing Context,0.5317,No Smell,0.2048,Format Ambiguity,0.1508,Ambiguous References,0.0959,28,0.542
ab144ccbcd85f93bede2a060f7c80afa,1,No Smell,0.7305,Format Ambiguity,0.1234,Vague / Missing Context,0.0646,Formality / Audience Mismatch,0.0341,136,0.558
2ca101c7d28c6e5b4d84a8214c79511d,7,No Smell,0.6387,Format Ambiguity,0.1487,Vague / Missing Context,0.1401,Formality / Audience Mismatch,0.0309,77,0.568
4c82e558f00bde97b3461512b57f981f,1,No Smell,0.6144,Format Ambiguity,0.1978,Vague / Missing Context,0.0944,Formality / Audience Mismatch,0.0318,81,0.544
4c82e558f00bde97b3461512b57f981f,2,No Smell,0.5954,Format Ambiguity,0.1564,Vague / Missing Context,0.1484,Formality / Audience Mismatch,0.0410,72,0.545
4c82e558f00bde97b3461512b57f981f,3,No Smell,0.5624,Format Ambiguity,0.1732,Vague / Missing Context,0.1720,Formality / Audience Mismatch,0.0321,79,0.545
4c82e558f00bde97b3461512b57f981f,4,No Smell,0.5988,Format Ambiguity,0.2021,Vague / Missing Context,0.1129,Formality / Audience Mismatch,0.0314,69,0.543
ddfcbdd8bc758f14a9ec3e75beb36a61,1,Vague / Missing Context,0.4678,No Smell,0.3142,Format Ambiguity,0.1141,Ambiguous References,0.0474,111,0.568
ddfcbdd8bc758f14a9ec3e75beb36a61,3,Vague / Missing Context,0.5290,Ambiguous References,0.3528,No Smell,0.0522,Format Ambiguity,0.0437,296,0.613
ddfcbdd8bc758f14a9ec3e75beb36a61,5,No Smell,0.4265,Vague / Missing Context,0.2707,Format Ambiguity,0.2228,Ambiguous References,0.0171,118,0.570
ddfcbdd8bc758f14a9ec3e75beb36a61,6,Vague / Missing Context,0.6575,Ambiguous References,0.1771,No Smell,0.0903,Format Ambiguity,0.0479,117,0.567
ddfcbdd8bc758f14a9ec3e75beb36a61,7,No Smell,0.4667,Format Ambiguity,0.2651,Vague / Missing Context,0.1947,Conflicting Constraints,0.0261,187,0.637
96592088dfa7ee7bb6c5201a5ad71bc2,1,No Smell,0.7792,Format Ambiguity,0.1602,Vague / Missing Context,0.0264,Formality / Audience Mismatch,0.0143,39,0.540
7b1f81291298485799c75725efb0f9b1,1,No Smell,0.5687,Vague / Missing Context,0.1644,Format Ambiguity,0.1532,Conflicting Constraints,0.0476,274,0.809
7b1f81291298485799c75725efb0f9b1,2,Vague / Missing Context,0.4895,No Smell,0.2699,Format Ambiguity,0.1406,Ambiguous References,0.0533,63,0.543
ae58cef69ae786bda1b6c9854ec6de3a,1,No Smell,0.5306,Vague / Missing Context,0.2559,Format Ambiguity,0.1486,Formality / Audience Mismatch,0.0240,61,0.544
ae58cef69ae786bda1b6c9854ec6de3a,2,No Smell,0.7435,Format Ambiguity,0.1610,Vague / Missing Context,0.0528,Formality / Audience Mismatch,0.0184,69,0.542
8b2ca039fca2fedab753966b9f5331e3,2,No Smell,0.4041,Vague / Missing Context,0.3668,Format Ambiguity,0.0961,Formality / Audience Mismatch,0.0375,65,0.541
9f1093fd06f9d1bdf8904dbaacb2c2c2,2,No Smell,0.7314,Format Ambiguity,0.1201,Vague / Missing Context,0.0836,Conflicting Constraints,0.0252,37,0.540
a5786711b76393c321eeb2f28962b1c5,1,No Smell,0.4317,Vague / Missing Context,0.2313,Format Ambiguity,0.2071,Ambiguous References,0.0437,150,0.568
ebe8eea0f8e4ba2ec2e2e3f9b99a0090,1,No Smell,0.5905,Vague / Missing Context,0.1650,Format Ambiguity,0.0632,Formality / Audience Mismatch,0.0602,505,0.616
ebe8eea0f8e4ba2ec2e2e3f9b99a0090,2,No Smell,0.5598,Vague / Missing Context,0.1731,Format Ambiguity,0.1055,Formality / Audience Mismatch,0.0604,282,0.591
314a72fc0148e47ad147c49555f50a19,2,No Smell,0.5007,Vague / Missing Context,0.2347,Format Ambiguity,0.1422,Formality / Audience Mismatch,0.0375,59,0.543
314a72fc0148e47ad147c49555f50a19,3,No Smell,0.5517,Format Ambiguity,0.1890,Vague / Missing Context,0.1661,Formality / Audience Mismatch,0.0341,55,0.543
314a72fc0148e47ad147c49555f50a19,4,No Smell,0.5854,Vague / Missing Context,0.1794,Format Ambiguity,0.1491,Formality / Audience Mismatch,0.0301,55,0.542
37ed5b43e375878c8ea2381b7e85d542,1,No Smell,0.7442,Format Ambiguity,0.1353,Vague / Missing Context,0.0587,Formality / Audience Mismatch,0.0239,29,0.542
602c6befd9087852d4cd84752397846d,1,No Smell,0.6737,Conflicting Constraints,0.0858,Vague / Missing Context,0.0794,Format Ambiguity,0.0530,2250,0.993
602c6befd9087852d4cd84752397846d,2,No Smell,0.6315,Format Ambiguity,0.2076,Vague / Missing Context,0.1076,Formality / Audience Mismatch,0.0207,53,0.064
602c6befd9087852d4cd84752397846d,3,No Smell,0.4705,Vague / Missing Context,0.2704,Format Ambiguity,0.1333,Formality / Audience Mismatch,0.0351,80,0.543
602c6befd9087852d4cd84752397846d,4,No Smell,0.6299,Format Ambiguity,0.1569,Vague / Missing Context,0.0998,Conflicting Constraints,0.0374,293,0.590
5b3778910bd6e3befcef5e58d418560c,1,Vague / Missing Context,0.3835,No Smell,0.3339,Format Ambiguity,0.1564,Ambiguous References,0.0541,37,0.541
5b3778910bd6e3befcef5e58d418560c,2,No Smell,0.3885,Vague / Missing Context,0.3557,Format Ambiguity,0.1401,Ambiguous References,0.0397,43,0.543
5b3778910bd6e3befcef5e58d418560c,3,Vague / Missing Context,0.5568,No Smell,0.2323,Format Ambiguity,0.0921,Ambiguous References,0.0565,37,0.542
5b3778910bd6e3befcef5e58d418560c,4,No Smell,0.4254,Vague / Missing Context,0.3325,Format Ambiguity,0.1334,Ambiguous References,0.0441,71,0.545
03b04665937db24f23b78099315efe2d,2,No Smell,0.3645,Vague / Missing Context,0.2735,Format Ambiguity,0.2199,Formality / Audience Mismatch,0.0361,969,1.328
03b04665937db24f23b78099315efe2d,3,No Smell,0.3795,Vague / Missing Context,0.3184,Format Ambiguity,0.1857,Conflicting Constraints,0.0349,880,1.064
1468f563d622e0478fcdc576af81352c,1,Vague / Missing Context,0.4616,No Smell,0.1870,Ambiguous References,0.1749,Format Ambiguity,0.0687,1463,0.954
09c62607008cf792f16604d46a7fb02b,1,Vague / Missing Context,0.5262,No Smell,0.3115,Format Ambiguity,0.0529,Ambiguous References,0.0456,62,0.544
09c62607008cf792f16604d46a7fb02b,2,Vague / Missing Context,0.5623,No Smell,0.1781,Ambiguous References,0.0872,Formality / Audience Mismatch,0.0569,472,0.641
09c62607008cf792f16604d46a7fb02b,3,Vague / Missing Context,0.3762,No Smell,0.3634,Format Ambiguity,0.1643,Ambiguous References,0.0399,63,0.544
8f253ab107ee7a50f22e9f8dfa1d9c09,1,Vague / Missing Context,0.3920,No Smell,0.3722,Format Ambiguity,0.1305,Formality / Audience Mismatch,0.0276,40,0.542
8f253ab107ee7a50f22e9f8dfa1d9c09,2,Vague / Missing Context,0.4664,No Smell,0.3304,Format Ambiguity,0.1009,Formality / Audience Mismatch,0.0305,44,0.540
790de5229eed1e730cde262893f4688d,1,No Smell,0.6737,Conflicting Constraints,0.0858,Vague / Missing Context,0.0794,Format Ambiguity,0.0530,2250,0.079
790de5229eed1e730cde262893f4688d,2,No Smell,0.6315,Format Ambiguity,0.2076,Vague / Missing Context,0.1076,Formality / Audience Mismatch,0.0207,53,0.062
790de5229eed1e730cde262893f4688d,3,No Smell,0.6108,Format Ambiguity,0.1423,Vague / Missing Context,0.1327,Conflicting Constraints,0.0403,211,0.589
5cf547544c0142b6148dd8dc9a44f9db,1,No Smell,0.4906,Vague / Missing Context,0.3073,Format Ambiguity,0.1572,Formality / Audience Mismatch,0.0170,58,0.542
5cf547544c0142b6148dd8dc9a44f9db,2,No Smell,0.5839,Format Ambiguity,0.2398,Vague / Missing Context,0.1331,Formality / Audience Mismatch,0.0181,69,0.543
5cf547544c0142b6148dd8dc9a44f9db,4,No Smell,0.4456,Format Ambiguity,0.3597,Vague / Missing Context,0.1355,Formality / Audience Mismatch,0.0238,28,0.542
5cf547544c0142b6148dd8dc9a44f9db,5,No Smell,0.4859,Format Ambiguity,0.2827,Vague / Missing Context,0.1723,Formality / Audience Mismatch,0.0215,87,0.544
22f7b37227314cc96aa06cdb60145bf7,1,No Smell,0.5046,Formality / Audience Mismatch,0.1175,Format Ambiguity,0.1008,Vague / Missing Context,0.0758,861,0.933
f10dd13d2d05f7fb26ee18a932b1f2ce,1,No Smell,0.6135,Format Ambiguity,0.1874,Vague / Missing Context,0.1337,Conflicting Constraints,0.0203,217,0.590
f10dd13d2d05f7fb26ee18a932b1f2ce,3,No Smell,0.6630,Format Ambiguity,0.1852,Vague / Missing Context,0.0675,Conflicting Constraints,0.0344,74,0.547
f10dd13d2d05f7fb26ee18a932b1f2ce,5,No Smell,0.7183,Format Ambiguity,0.2059,Vague / Missing Context,0.0244,Formality / Audience Mismatch,0.0218,22,0.543
b749a5c15ac89a745e011ec244fbd56c,1,No Smell,0.6737,Conflicting Constraints,0.0858,Vague / Missing Context,0.0794,Format Ambiguity,0.0530,2250,0.081
b749a5c15ac89a745e011ec244fbd56c,2,No Smell,0.6315,Format Ambiguity,0.2076,Vague / Missing Context,0.1076,Formality / Audience Mismatch,0.0207,53,0.060
b749a5c15ac89a745e011ec244fbd56c,3,No Smell,0.6108,Format Ambiguity,0.1423,Vague / Missing Context,0.1327,Conflicting Constraints,0.0403,211,0.064
b749a5c15ac89a745e011ec244fbd56c,4,No Smell,0.6263,Format Ambiguity,0.1657,Vague / Missing Context,0.0808,Conflicting Constraints,0.0403,339,0.587
7b93c4a568df061ffed194cae28efda6,1,No Smell,0.7082,Format Ambiguity,0.1466,Vague / Missing Context,0.0800,Formality / Audience Mismatch,0.0302,31,0.531
1a48cf0af441a2eef33052a8d9ba30db,1,No Smell,0.3456,Vague / Missing Context,0.2322,Ambiguous References,0.1289,Format Ambiguity,0.1145,463,0.641
1a48cf0af441a2eef33052a8d9ba30db,2,No Smell,0.7058,Format Ambiguity,0.2006,Vague / Missing Context,0.0351,Formality / Audience Mismatch,0.0238,433,0.617
3ed4c298f41415519cd71ccf238c65cc,1,No Smell,0.8583,Format Ambiguity,0.0621,Conflicting Constraints,0.0262,Formality / Audience Mismatch,0.0242,755,0.643
3ed4c298f41415519cd71ccf238c65cc,2,No Smell,0.7975,Format Ambiguity,0.0642,Vague / Missing Context,0.0532,Conflicting Constraints,0.0367,292,0.588
3ed4c298f41415519cd71ccf238c65cc,3,No Smell,0.5961,Format Ambiguity,0.2854,Vague / Missing Context,0.0562,Conflicting Constraints,0.0248,45,0.542
b2df80c55bee5bb29b92d63d9784b10f,1,No Smell,0.4384,Vague / Missing Context,0.2221,Format Ambiguity,0.1245,Conflicting Constraints,0.0809,522,0.641
71315b4bed4917ec22fd1f7f655b5dc3,1,No Smell,0.7753,Format Ambiguity,0.1452,Vague / Missing Context,0.0341,Formality / Audience Mismatch,0.0242,104,0.568
a9b56caf9fa4584819cce328a7b2baf4,1,No Smell,0.5515,Format Ambiguity,0.2007,Vague / Missing Context,0.1946,Formality / Audience Mismatch,0.0247,55,0.543
a9b56caf9fa4584819cce328a7b2baf4,2,No Smell,0.6499,Format Ambiguity,0.2000,Conflicting Constraints,0.0457,Vague / Missing Context,0.0418,4000,1.695
a9b56caf9fa4584819cce328a7b2baf4,3,Vague / Missing Context,0.5404,No Smell,0.2371,Ambiguous References,0.1054,Format Ambiguity,0.0913,61,0.547
a9b56caf9fa4584819cce328a7b2baf4,4,No Smell,0.4994,Format Ambiguity,0.2800,Vague / Missing Context,0.1577,Formality / Audience Mismatch,0.0280,20,0.533
a9b56caf9fa4584819cce328a7b2baf4,5,No Smell,0.3146,Vague / Missing Context,0.3038,Format Ambiguity,0.2040,Ambiguous References,0.0983,21,0.532
a9b56caf9fa4584819cce328a7b2baf4,6,No Smell,0.3685,Vague / Missing Context,0.2974,Format Ambiguity,0.1820,Ambiguous References,0.0641,19,0.532
42b83001833da67aa084f935cd18360c,1,No Smell,0.6737,Conflicting Constraints,0.0858,Vague / Missing Context,0.0794,Format Ambiguity,0.0530,2250,0.076
42b83001833da67aa084f935cd18360c,2,No Smell,0.6315,Format Ambiguity,0.2076,Vague / Missing Context,0.1076,Formality / Audience Mismatch,0.0207,53,0.061
42b83001833da67aa084f935cd18360c,3,No Smell,0.5833,Format Ambiguity,0.1850,Vague / Missing Context,0.1362,Conflicting Constraints,0.0312,284,0.589
42b83001833da67aa084f935cd18360c,4,No Smell,0.4211,Vague / Missing Context,0.2435,Format Ambiguity,0.1513,Ambiguous References,0.0739,114,0.556
ce93f68b1b40761a1a5f820cf197ba96,1,No Smell,0.5956,Format Ambiguity,0.2558,Vague / Missing Context,0.0875,Formality / Audience Mismatch,0.0187,19,0.530
ce93f68b1b40761a1a5f820cf197ba96,2,No Smell,0.4465,Format Ambiguity,0.3594,Vague / Missing Context,0.1229,Conflicting Constraints,0.0291,62,0.542
ce93f68b1b40761a1a5f820cf197ba96,3,No Smell,0.6974,Format Ambiguity,0.1521,Vague / Missing Context,0.0714,Formality / Audience Mismatch,0.0290,44,0.541
eab769b703f0a71f4ddc8b0b6624f9aa,1,Vague / Missing Context,0.2945,No Smell,0.2861,Format Ambiguity,0.1955,Ambiguous References,0.1018,1386,0.925
9da3a54eb617b47b920a3140c32c54ce,1,No Smell,0.4520,Formality / Audience Mismatch,0.1297,Format Ambiguity,0.1025,Vague / Missing Context,0.1002,827,0.776
8f997f1f3fddb7e809f9337555064c8d,1,Vague / Missing Context,0.4068,No Smell,0.3340,Ambiguous References,0.0859,Format Ambiguity,0.0753,265,0.590
9d3045d27f7bea6bd08a66d16fcaa48a,2,No Smell,0.4554,Vague / Missing Context,0.2793,Format Ambiguity,0.1926,Formality / Audience Mismatch,0.0248,23,0.588
9d3045d27f7bea6bd08a66d16fcaa48a,3,No Smell,0.5654,Format Ambiguity,0.1821,Vague / Missing Context,0.1707,Formality / Audience Mismatch,0.0303,39,0.594
bbbfec0404b130f514c6f38bcc56d593,1,No Smell,0.7971,Format Ambiguity,0.0982,Conflicting Constraints,0.0440,Formality / Audience Mismatch,0.0221,928,0.703
bbbfec0404b130f514c6f38bcc56d593,2,No Smell,0.8055,Format Ambiguity,0.0693,Conflicting Constraints,0.0539,Formality / Audience Mismatch,0.0253,3011,0.976
bbbfec0404b130f514c6f38bcc56d593,3,Vague / Missing Context,0.5283,No Smell,0.2281,Format Ambiguity,0.1045,Ambiguous References,0.0677,97,0.546
bbbfec0404b130f514c6f38bcc56d593,4,No Smell,0.6558,Format Ambiguity,0.1912,Vague / Missing Context,0.0929,Conflicting Constraints,0.0258,172,0.558
bbbfec0404b130f514c6f38bcc56d593,5,No Smell,0.4478,Format Ambiguity,0.3032,Vague / Missing Context,0.1839,Conflicting Constraints,0.0295,40,0.542
bbbfec0404b130f514c6f38bcc56d593,6,No Smell,0.7837,Format Ambiguity,0.0615,Vague / Missing Context,0.0567,Conflicting Constraints,0.0444,4000,1.106
be68b87524080e02dce119bda412ce44,1,No Smell,0.3517,Vague / Missing Context,0.2953,Format Ambiguity,0.1336,Ambiguous References,0.0978,229,0.590
a1e033d8d1675d56de63d1348612e26e,1,No Smell,0.7623,Format Ambiguity,0.0903,Vague / Missing Context,0.0677,Formality / Audience Mismatch,0.0358,173,0.559
9bb2bd93d0620ff6a1bd77362b05b8b2,1,No Smell,0.7579,Format Ambiguity,0.1189,Vague / Missing Context,0.0610,Conflicting Constraints,0.0252,17,0.531
9bb2bd93d0620ff6a1bd77362b05b8b2,2,No Smell,0.7998,Format Ambiguity,0.0825,Vague / Missing Context,0.0574,Conflicting Constraints,0.0266,39,0.541
9bb2bd93d0620ff6a1bd77362b05b8b2,3,No Smell,0.8067,Format Ambiguity,0.0878,Vague / Missing Context,0.0493,Formality / Audience Mismatch,0.0229,36,0.541
9bb2bd93d0620ff6a1bd77362b05b8b2,4,No Smell,0.7703,Format Ambiguity,0.1086,Vague / Missing Context,0.0546,Formality / Audience Mismatch,0.0266,42,0.542
9bb2bd93d0620ff6a1bd77362b05b8b2,5,No Smell,0.7463,Format Ambiguity,0.1082,Vague / Missing Context,0.0774,Conflicting Constraints,0.0283,38,0.540
9bb2bd93d0620ff6a1bd77362b05b8b2,6,No Smell,0.6387,Format Ambiguity,0.1966,Vague / Missing Context,0.0854,Formality / Audience Mismatch,0.0326,28,0.542
9bb2bd93d0620ff6a1bd77362b05b8b2,7,No Smell,0.6842,Format Ambiguity,0.2250,Vague / Missing Context,0.0290,Formality / Audience Mismatch,0.0247,32,0.529
9bb2bd93d0620ff6a1bd77362b05b8b2,8,No Smell,0.5438,Vague / Missing Context,0.1781,Format Ambiguity,0.1740,Formality / Audience Mismatch,0.0436,42,0.540
793b84fe24ba687ad46c868c27fe8139,1,No Smell,0.6547,Vague / Missing Context,0.1248,Format Ambiguity,0.0696,Conflicting Constraints,0.0618,4000,1.108
522371e67acaaa74cde195e5e4ddd712,2,No Smell,0.3943,Vague / Missing Context,0.3210,Format Ambiguity,0.1263,Formality / Audience Mismatch,0.0459,175,0.895
522371e67acaaa74cde195e5e4ddd712,3,No Smell,0.7335,Format Ambiguity,0.1252,Vague / Missing Context,0.0524,Formality / Audience Mismatch,0.0316,323,0.733
799c8c6033ab41546ef7adb961b92984,1,No Smell,0.6793,Vague / Missing Context,0.0836,Conflicting Constraints,0.0715,Format Ambiguity,0.0581,2291,1.000
799c8c6033ab41546ef7adb961b92984,2,No Smell,0.5540,Format Ambiguity,0.2418,Vague / Missing Context,0.1223,Formality / Audience Mismatch,0.0308,91,0.546
799c8c6033ab41546ef7adb961b92984,3,No Smell,0.6167,Format Ambiguity,0.1244,Vague / Missing Context,0.1222,Conflicting Constraints,0.0416,334,0.594
3c232022c8f156e85ce527211b3878b0,1,Vague / Missing Context,0.4015,No Smell,0.3470,Format Ambiguity,0.1755,Ambiguous References,0.0390,67,0.544
3c232022c8f156e85ce527211b3878b0,2,No Smell,0.7079,Format Ambiguity,0.1946,Vague / Missing Context,0.0356,Formality / Audience Mismatch,0.0267,65,0.544
3c232022c8f156e85ce527211b3878b0,3,No Smell,0.5502,Vague / Missing Context,0.2306,Format Ambiguity,0.1558,Formality / Audience Mismatch,0.0292,30,0.531
e60b8a3f2f930f1af56a79d6acccae69,1,No Smell,0.3036,Vague / Missing Context,0.2192,Format Ambiguity,0.1252,Bias / Loaded Framing,0.1026,989,0.735
5cbda611904126f0b6c01918c11e5928,1,No Smell,0.2590,Vague / Missing Context,0.2370,Format Ambiguity,0.1220,Bias / Loaded Framing,0.1032,992,0.741
acd8cf11dc6fd85f91a03f34e3afb461,1,Vague / Missing Context,0.2874,No Smell,0.2029,Format Ambiguity,0.1282,Bias / Loaded Framing,0.1116,1118,0.740
9a49e783be8281f4138b674849d5f3bb,2,Vague / Missing Context,0.4881,Format Ambiguity,0.1795,No Smell,0.1557,Ambiguous References,0.1272,86,0.546
3a5c40dc1e174a09e161139798510173,1,No Smell,0.3973,Format Ambiguity,0.3438,Vague / Missing Context,0.1499,Formality / Audience Mismatch,0.0244,4000,0.100
3a5c40dc1e174a09e161139798510173,2,No Smell,0.4059,Format Ambiguity,0.2717,Vague / Missing Context,0.1361,Ambiguous References,0.0709,864,0.667
3a5c40dc1e174a09e161139798510173,3,No Smell,0.5076,Vague / Missing Context,0.1609,Formality / Audience Mismatch,0.1382,Format Ambiguity,0.0785,96,0.557
55282e281a891a488a6d7b7d555e882d,1,No Smell,0.5861,Vague / Missing Context,0.2001,Format Ambiguity,0.1449,Formality / Audience Mismatch,0.0275,29,0.539
55282e281a891a488a6d7b7d555e882d,2,No Smell,0.5656,Format Ambiguity,0.1875,Vague / Missing Context,0.1136,Formality / Audience Mismatch,0.0409,384,0.613
5c5391d4b69e759604dbaad0ca41f049,2,No Smell,0.5676,Format Ambiguity,0.3006,Vague / Missing Context,0.0622,Conflicting Constraints,0.0246,34,0.542
5d5739ac41274827dd7b58e423f676ac,1,Vague / Missing Context,0.4080,No Smell,0.1776,Format Ambiguity,0.1294,Bias / Loaded Framing,0.0622,848,0.702
34414b973a4b201e7c3304590009b657,1,Vague / Missing Context,0.3728,No Smell,0.2122,Format Ambiguity,0.1456,Bias / Loaded Framing,0.0628,849,0.707
b3146a289dbce70b4844f7f91fcc1857,1,No Smell,0.4291,Bias / Loaded Framing,0.1645,Formality / Audience Mismatch,0.1336,Vague / Missing Context,0.1016,4000,1.305
8c66f08b5ee9d997dcf6802d37f24a20,1,No Smell,0.4118,Vague / Missing Context,0.3365,Format Ambiguity,0.1657,Formality / Audience Mismatch,0.0272,66,0.547
8c66f08b5ee9d997dcf6802d37f24a20,2,No Smell,0.4065,Vague / Missing Context,0.3376,Format Ambiguity,0.1590,Conflicting Constraints,0.0331,66,0.546
a1c33f41107959f8647cabae70e19bb3,1,Vague / Missing Context,0.3516,No Smell,0.2255,Format Ambiguity,0.1553,Bias / Loaded Framing,0.0567,859,0.733
a16dc0ba390f1b5731457c208ada026f,1,Vague / Missing Context,0.3670,No Smell,0.3322,Format Ambiguity,0.1237,Ambiguous References,0.0689,156,0.558
a16dc0ba390f1b5731457c208ada026f,2,No Smell,0.5274,Vague / Missing Context,0.1996,Format Ambiguity,0.1827,Formality / Audience Mismatch,0.0340,53,0.545
a16dc0ba390f1b5731457c208ada026f,3,No Smell,0.5872,Format Ambiguity,0.2569,Vague / Missing Context,0.0970,Formality / Audience Mismatch,0.0253,32,0.541
a16dc0ba390f1b5731457c208ada026f,4,No Smell,0.4512,Format Ambiguity,0.1971,Vague / Missing Context,0.1767,Bias / Loaded Framing,0.0519,220,0.569
a16dc0ba390f1b5731457c208ada026f,5,No Smell,0.3928,Format Ambiguity,0.2581,Vague / Missing Context,0.2398,Conflicting Constraints,0.0326,62,0.543
a16dc0ba390f1b5731457c208ada026f,6,No Smell,0.4068,Vague / Missing Context,0.2907,Format Ambiguity,0.1936,Formality / Audience Mismatch,0.0308,212,0.568
a16dc0ba390f1b5731457c208ada026f,7,No Smell,0.4113,Vague / Missing Context,0.2531,Format Ambiguity,0.2083,Formality / Audience Mismatch,0.0398,194,0.568
216f4a73469fbeca27a946e1023cb007,1,Vague / Missing Context,0.3539,No Smell,0.2300,Format Ambiguity,0.1524,Conflicting Constraints,0.0600,870,0.740
864fdd42736c8581591db8d7dee44605,1,Vague / Missing Context,0.4474,No Smell,0.3102,Format Ambiguity,0.1052,Ambiguous References,0.0573,71,0.544
e558b215257f619888ed8a5e86ace180,1,Vague / Missing Context,0.3814,No Smell,0.2005,Format Ambiguity,0.1492,Bias / Loaded Framing,0.0536,938,0.735
476e1ce49504f30e5d777717225913aa,1,No Smell,0.6425,Format Ambiguity,0.1313,Vague / Missing Context,0.1266,Conflicting Constraints,0.0374,54,0.543
476e1ce49504f30e5d777717225913aa,2,No Smell,0.5374,Vague / Missing Context,0.2175,Format Ambiguity,0.1267,Conflicting Constraints,0.0406,53,0.545
476e1ce49504f30e5d777717225913aa,3,No Smell,0.5955,Vague / Missing Context,0.1620,Format Ambiguity,0.1384,Conflicting Constraints,0.0390,56,0.543
476e1ce49504f30e5d777717225913aa,4,No Smell,0.6658,Format Ambiguity,0.1247,Vague / Missing Context,0.1093,Conflicting Constraints,0.0363,58,0.543
476e1ce49504f30e5d777717225913aa,5,No Smell,0.6840,Format Ambiguity,0.1000,Vague / Missing Context,0.0678,Conflicting Constraints,0.0477,107,0.556
5d1bd901b948c4f3d3d5b14c8027e294,1,No Smell,0.7202,Format Ambiguity,0.1052,Vague / Missing Context,0.0640,Formality / Audience Mismatch,0.0471,288,0.589
5d1bd901b948c4f3d3d5b14c8027e294,2,No Smell,0.4883,Format Ambiguity,0.3486,Vague / Missing Context,0.0879,Formality / Audience Mismatch,0.0246,26,0.541
1be0f3e049a73b997f2a9cbf600eecd8,1,No Smell,0.7539,Format Ambiguity,0.0934,Vague / Missing Context,0.0619,Conflicting Constraints,0.0413,844,0.814
1be0f3e049a73b997f2a9cbf600eecd8,2,No Smell,0.6412,Format Ambiguity,0.1748,Vague / Missing Context,0.0576,Conflicting Constraints,0.0523,1790,1.041
15e3e5f0787afaa18bbb3ff35f5026c2,1,No Smell,0.6701,Format Ambiguity,0.1262,Vague / Missing Context,0.0588,Conflicting Constraints,0.0496,128,0.559
996f782b103f404aefd74db8463addf8,1,No Smell,0.4739,Vague / Missing Context,0.1651,Format Ambiguity,0.1517,Formality / Audience Mismatch,0.0714,421,0.593
946f16408d778708cb868f1b3f8c0221,3,Vague / Missing Context,0.3901,No Smell,0.3062,Format Ambiguity,0.1151,Ambiguous References,0.1134,47,0.542
946f16408d778708cb868f1b3f8c0221,4,No Smell,0.4134,Vague / Missing Context,0.3344,Format Ambiguity,0.1223,Ambiguous References,0.0739,21,0.531
946f16408d778708cb868f1b3f8c0221,5,No Smell,0.5420,Vague / Missing Context,0.2197,Format Ambiguity,0.1701,Formality / Audience Mismatch,0.0236,52,0.542
946f16408d778708cb868f1b3f8c0221,6,No Smell,0.5426,Format Ambiguity,0.1832,Vague / Missing Context,0.1775,Formality / Audience Mismatch,0.0301,42,0.541
946f16408d778708cb868f1b3f8c0221,7,No Smell,0.7663,Format Ambiguity,0.1303,Vague / Missing Context,0.0504,Formality / Audience Mismatch,0.0217,37,0.542
cc1f9ae2aa28351e4594aedfc7c2d98c,1,No Smell,0.4635,Format Ambiguity,0.2855,Vague / Missing Context,0.1613,Conflicting Constraints,0.0337,128,0.556
cc1f9ae2aa28351e4594aedfc7c2d98c,2,No Smell,0.4617,Format Ambiguity,0.2811,Vague / Missing Context,0.1733,Conflicting Constraints,0.0273,134,0.556
747bbbd28feaeaf80bf3dc36ce3588d7,1,Vague / Missing Context,0.4510,No Smell,0.2959,Format Ambiguity,0.1499,Ambiguous References,0.0512,38,0.541
747bbbd28feaeaf80bf3dc36ce3588d7,2,No Smell,0.4636,Format Ambiguity,0.2339,Vague / Missing Context,0.2323,Conflicting Constraints,0.0225,46,0.541
747bbbd28feaeaf80bf3dc36ce3588d7,3,No Smell,0.6623,Format Ambiguity,0.1795,Vague / Missing Context,0.1019,Conflicting Constraints,0.0202,34,0.541
6fb66c229eb57681ba2f1a544ab578cb,1,Vague / Missing Context,0.4648,No Smell,0.3177,Format Ambiguity,0.0857,Ambiguous References,0.0432,53,0.542
6fb66c229eb57681ba2f1a544ab578cb,2,Vague / Missing Context,0.4931,No Smell,0.2258,Format Ambiguity,0.1526,Ambiguous References,0.0596,68,0.542
6fb66c229eb57681ba2f1a544ab578cb,3,Vague / Missing Context,0.4792,No Smell,0.3230,Format Ambiguity,0.1089,Formality / Audience Mismatch,0.0295,50,0.541
6a5df0ef4b379678d53e64db583bb8d9,1,No Smell,0.7296,Conflicting Constraints,0.0690,Format Ambiguity,0.0545,Vague / Missing Context,0.0509,2729,1.022
6a5df0ef4b379678d53e64db583bb8d9,2,No Smell,0.6315,Format Ambiguity,0.2076,Vague / Missing Context,0.1076,Formality / Audience Mismatch,0.0207,53,0.064
6a5df0ef4b379678d53e64db583bb8d9,3,No Smell,0.6778,Format Ambiguity,0.1146,Vague / Missing Context,0.0891,Conflicting Constraints,0.0414,332,0.612
6a5df0ef4b379678d53e64db583bb8d9,4,Vague / Missing Context,0.5841,No Smell,0.1468,Ambiguous References,0.1240,Format Ambiguity,0.0642,52,0.542
d72db00321aff50414a7a2c7de4c8df2,1,Vague / Missing Context,0.2986,No Smell,0.2706,Format Ambiguity,0.1438,Bias / Loaded Framing,0.0745,1005,0.739
b6f8ff34b71a1faac16ac6d77b919676,1,Vague / Missing Context,0.3087,No Smell,0.2497,Format Ambiguity,0.1438,Bias / Loaded Framing,0.0754,1002,0.741
59189e68dd732e5a4402566bddf57d2b,1,Vague / Missing Context,0.3220,No Smell,0.2405,Format Ambiguity,0.1571,Bias / Loaded Framing,0.0656,1066,0.741
40892d11ef68730d2bbe656a2482226d,1,No Smell,0.7296,Conflicting Constraints,0.0690,Format Ambiguity,0.0545,Vague / Missing Context,0.0509,2729,0.085
40892d11ef68730d2bbe656a2482226d,2,No Smell,0.6315,Format Ambiguity,0.2076,Vague / Missing Context,0.1076,Formality / Audience Mismatch,0.0207,53,0.061
40892d11ef68730d2bbe656a2482226d,3,No Smell,0.6077,Vague / Missing Context,0.1498,Format Ambiguity,0.0994,Formality / Audience Mismatch,0.0429,408,0.615
7432e537a217afb5b4c96adcc163a5a2,1,No Smell,0.3098,Vague / Missing Context,0.2411,Format Ambiguity,0.2060,Conflicting Constraints,0.0575,839,0.732
79f861796de90569f1278243d2031ff5,2,No Smell,0.6440,Vague / Missing Context,0.1560,Format Ambiguity,0.0706,Formality / Audience Mismatch,0.0422,587,0.766
53f5d914063a47994706018ae5590da7,1,No Smell,0.6765,Format Ambiguity,0.1260,Vague / Missing Context,0.0807,Formality / Audience Mismatch,0.0389,86,0.554
53f5d914063a47994706018ae5590da7,2,No Smell,0.5813,Format Ambiguity,0.1574,Vague / Missing Context,0.1158,Conflicting Constraints,0.0470,124,0.557
fd66c09a338bca3d383913f8355c1fa0,1,No Smell,0.5501,Format Ambiguity,0.2151,Vague / Missing Context,0.1476,Formality / Audience Mismatch,0.0310,116,0.556
d66600e01b17cd6dcd455d767034ad65,1,No Smell,0.5910,Vague / Missing Context,0.1771,Format Ambiguity,0.1587,Formality / Audience Mismatch,0.0261,94,0.555
d6bc0b0cc2be36f5d0c37baad7cb8555,1,No Smell,0.4936,Vague / Missing Context,0.1700,Format Ambiguity,0.1630,Ambiguous References,0.0700,144,0.557
39a890e394354f8bf17bc3e5713ea779,1,No Smell,0.4388,Vague / Missing Context,0.1932,Format Ambiguity,0.1531,Conflicting Constraints,0.0585,1334,0.818
d09b3cc4d2e2e49dbc5e4d6262ea8797,2,No Smell,0.6608,Format Ambiguity,0.2684,Vague / Missing Context,0.0335,Formality / Audience Mismatch,0.0152,109,0.557
d09b3cc4d2e2e49dbc5e4d6262ea8797,3,No Smell,0.5038,Format Ambiguity,0.2772,Vague / Missing Context,0.1520,Formality / Audience Mismatch,0.0228,27,0.533
3939242f24c39a3c375c15dcf42e9988,2,No Smell,0.7009,Format Ambiguity,0.2247,Vague / Missing Context,0.0255,Conflicting Constraints,0.0188,31,0.586
b0631af33bc4462d359207ce9fbbbea8,1,No Smell,0.4432,Vague / Missing Context,0.1477,Formality / Audience Mismatch,0.1225,Bias / Loaded Framing,0.1087,829,0.689
19ee3ca70053213aa3b5165720f4cd9f,1,No Smell,0.6162,Format Ambiguity,0.1878,Vague / Missing Context,0.1294,Formality / Audience Mismatch,0.0276,178,0.731
19ee3ca70053213aa3b5165720f4cd9f,2,No Smell,0.4345,Format Ambiguity,0.2842,Vague / Missing Context,0.2137,Conflicting Constraints,0.0245,564,0.814
19ee3ca70053213aa3b5165720f4cd9f,3,No Smell,0.5069,Format Ambiguity,0.3101,Vague / Missing Context,0.1214,Conflicting Constraints,0.0210,613,0.812
ad40372f0b09c38b3ec367aa8aa5285f,1,No Smell,0.4617,Vague / Missing Context,0.1357,Formality / Audience Mismatch,0.1070,Bias / Loaded Framing,0.1044,847,0.699
ed68ce75444a0a6a8c77079034c4ad92,1,No Smell,0.6958,Formality / Audience Mismatch,0.0650,Vague / Missing Context,0.0644,Conflicting Constraints,0.0567,3483,1.255
715d77be1ecb09b8ff35685c83b3b376,1,No Smell,0.4653,Vague / Missing Context,0.1320,Formality / Audience Mismatch,0.1149,Bias / Loaded Framing,0.0999,839,0.691
47d5fdc7d4f6c6021a33705cd67c0789,1,No Smell,0.5211,Vague / Missing Context,0.2410,Format Ambiguity,0.1572,Formality / Audience Mismatch,0.0324,66,0.544
47d5fdc7d4f6c6021a33705cd67c0789,2,No Smell,0.4831,Vague / Missing Context,0.2575,Format Ambiguity,0.1743,Formality / Audience Mismatch,0.0353,60,0.544
bf4a3af76d4bcb340fee3429d4d0fe3b,2,No Smell,0.3625,Vague / Missing Context,0.3244,Format Ambiguity,0.1992,Conflicting Constraints,0.0348,24,0.541
1e2c48395709ca81c2574a1aa30acbfe,1,No Smell,0.6991,Vague / Missing Context,0.0826,Formality / Audience Mismatch,0.0635,Conflicting Constraints,0.0566,3466,1.214
28d637604bc2bfd5e63b6c80fef40db7,1,No Smell,0.3728,Vague / Missing Context,0.3697,Format Ambiguity,0.1293,Ambiguous References,0.0529,66,0.557
28d637604bc2bfd5e63b6c80fef40db7,2,No Smell,0.5101,Vague / Missing Context,0.2404,Format Ambiguity,0.1619,Ambiguous References,0.0327,96,0.560
28d637604bc2bfd5e63b6c80fef40db7,4,Vague / Missing Context,0.5353,No Smell,0.2811,Format Ambiguity,0.0507,Ambiguous References,0.0448,64,0.542
28d637604bc2bfd5e63b6c80fef40db7,5,No Smell,0.5761,Vague / Missing Context,0.1837,Format Ambiguity,0.1688,Formality / Audience Mismatch,0.0259,61,0.544
cb5a7e15c8d14b07c0320f22bf4ec2db,1,Vague / Missing Context,0.3420,No Smell,0.3416,Format Ambiguity,0.1721,Formality / Audience Mismatch,0.0420,37,0.543
cb5a7e15c8d14b07c0320f22bf4ec2db,2,No Smell,0.5018,Vague / Missing Context,0.2976,Format Ambiguity,0.1158,Formality / Audience Mismatch,0.0294,62,0.543
cb5a7e15c8d14b07c0320f22bf4ec2db,3,No Smell,0.4553,Format Ambiguity,0.2938,Vague / Missing Context,0.1892,Conflicting Constraints,0.0209,7,0.530
cb5a7e15c8d14b07c0320f22bf4ec2db,4,No Smell,0.3561,Format Ambiguity,0.2596,Vague / Missing Context,0.2470,Ambiguous References,0.0715,28,0.540
cb5a7e15c8d14b07c0320f22bf4ec2db,5,No Smell,0.3970,Format Ambiguity,0.2758,Vague / Missing Context,0.2510,Formality / Audience Mismatch,0.0244,8,0.529
cb5a7e15c8d14b07c0320f22bf4ec2db,6,No Smell,0.5661,Format Ambiguity,0.2624,Vague / Missing Context,0.1237,Formality / Audience Mismatch,0.0201,10,0.529
cb5a7e15c8d14b07c0320f22bf4ec2db,7,No Smell,0.4553,Format Ambiguity,0.2938,Vague / Missing Context,0.1892,Conflicting Constraints,0.0209,7,0.060
f8cf1ab9191b81e51023a5278433b43f,1,No Smell,0.5028,Vague / Missing Context,0.2261,Format Ambiguity,0.1792,Formality / Audience Mismatch,0.0293,178,0.565
f8cf1ab9191b81e51023a5278433b43f,2,Vague / Missing Context,0.3885,No Smell,0.3719,Format Ambiguity,0.1827,Formality / Audience Mismatch,0.0241,53,0.539
748b25b213b2051e9c196c277e46355e,1,No Smell,0.7242,Vague / Missing Context,0.0778,Formality / Audience Mismatch,0.0582,Conflicting Constraints,0.0571,3489,1.214
fa43e51027ccb2bb9222b06fc47feac7,1,Vague / Missing Context,0.4702,No Smell,0.3160,Format Ambiguity,0.1016,Ambiguous References,0.0427,42,0.542
1838b24328c1dd3508c61f3eb7a12390,2,No Smell,0.4895,Vague / Missing Context,0.2674,Format Ambiguity,0.2152,Formality / Audience Mismatch,0.0112,45,0.542
1838b24328c1dd3508c61f3eb7a12390,3,No Smell,0.6146,Format Ambiguity,0.2872,Vague / Missing Context,0.0517,Formality / Audience Mismatch,0.0197,97,0.565
1838b24328c1dd3508c61f3eb7a12390,4,No Smell,0.4607,Vague / Missing Context,0.2731,Format Ambiguity,0.1929,Ambiguous References,0.0240,230,0.585
1838b24328c1dd3508c61f3eb7a12390,5,No Smell,0.6546,Format Ambiguity,0.2118,Vague / Missing Context,0.0821,Formality / Audience Mismatch,0.0230,7,0.527
1838b24328c1dd3508c61f3eb7a12390,6,No Smell,0.5482,Format Ambiguity,0.2114,Vague / Missing Context,0.1709,Formality / Audience Mismatch,0.0225,155,0.554
1838b24328c1dd3508c61f3eb7a12390,7,Vague / Missing Context,0.4129,No Smell,0.4092,Format Ambiguity,0.1138,Formality / Audience Mismatch,0.0246,85,0.540
cc89505a8979eaa8d15976b65dc565d1,1,No Smell,0.4484,Vague / Missing Context,0.1569,Bias / Loaded Framing,0.1035,Formality / Audience Mismatch,0.0997,931,0.700
86612b69409b770a574fed967514440c,1,No Smell,0.7456,Format Ambiguity,0.1386,Vague / Missing Context,0.0630,Conflicting Constraints,0.0209,15,0.529
86612b69409b770a574fed967514440c,2,No Smell,0.7475,Format Ambiguity,0.1197,Vague / Missing Context,0.0674,Formality / Audience Mismatch,0.0274,25,0.533
86612b69409b770a574fed967514440c,3,No Smell,0.7376,Format Ambiguity,0.1155,Vague / Missing Context,0.0830,Formality / Audience Mismatch,0.0256,25,0.531
86612b69409b770a574fed967514440c,4,No Smell,0.7489,Format Ambiguity,0.1557,Vague / Missing Context,0.0377,Formality / Audience Mismatch,0.0219,39,0.542
86612b69409b770a574fed967514440c,5,No Smell,0.7628,Format Ambiguity,0.1563,Vague / Missing Context,0.0265,Formality / Audience Mismatch,0.0209,39,0.541
86612b69409b770a574fed967514440c,6,No Smell,0.7721,Format Ambiguity,0.1562,Vague / Missing Context,0.0279,Formality / Audience Mismatch,0.0201,33,0.531
86612b69409b770a574fed967514440c,7,No Smell,0.7720,Format Ambiguity,0.1371,Vague / Missing Context,0.0329,Formality / Audience Mismatch,0.0253,41,0.531
86612b69409b770a574fed967514440c,8,No Smell,0.7746,Format Ambiguity,0.1362,Vague / Missing Context,0.0319,Formality / Audience Mismatch,0.0241,41,0.530
e5a320e0dee4ea79705871e8833ba27e,1,No Smell,0.4402,Vague / Missing Context,0.1597,Bias / Loaded Framing,0.1077,Formality / Audience Mismatch,0.0992,939,0.702
16fb5f3bdc3c0d21cb859606a80ff168,1,No Smell,0.7242,Vague / Missing Context,0.0778,Formality / Audience Mismatch,0.0582,Conflicting Constraints,0.0571,3489,0.090
be62c54a824fbcd9541c17c0c7e597cc,2,No Smell,0.5418,Format Ambiguity,0.1831,Vague / Missing Context,0.1628,Formality / Audience Mismatch,0.0346,72,0.556
48ab321dc6153385e35fc31eb7d05374,1,No Smell,0.4621,Vague / Missing Context,0.1328,Formality / Audience Mismatch,0.1279,Bias / Loaded Framing,0.1159,958,0.702
dfed43c54cf863fbfa12b1129f892a82,1,Vague / Missing Context,0.4078,No Smell,0.1340,Bias / Loaded Framing,0.1042,Format Ambiguity,0.0892,4000,1.360
dfed43c54cf863fbfa12b1129f892a82,2,No Smell,0.3974,Vague / Missing Context,0.1950,Ambiguous References,0.1406,Format Ambiguity,0.1199,394,0.594
e260b7ee20c1a867ccf11e8bdb7e9779,3,No Smell,0.5634,Format Ambiguity,0.1491,Conflicting Constraints,0.0774,Vague / Missing Context,0.0541,2172,1.118
92828e19671027900ae1bb29030ba7d4,1,No Smell,0.4514,Vague / Missing Context,0.1626,Bias / Loaded Framing,0.1043,Formality / Audience Mismatch,0.0974,994,0.706
a67678df34f3cb452c3e18de8fe6564d,1,No Smell,0.4450,Format Ambiguity,0.3095,Vague / Missing Context,0.1497,Formality / Audience Mismatch,0.0327,82,0.555
a67678df34f3cb452c3e18de8fe6564d,2,No Smell,0.5333,Vague / Missing Context,0.2134,Format Ambiguity,0.1684,Formality / Audience Mismatch,0.0365,107,0.547
cd6cf804cbc35db37f6947fc2167bfc9,1,No Smell,0.6706,Format Ambiguity,0.2052,Vague / Missing Context,0.0755,Formality / Audience Mismatch,0.0149,21,0.541
91ba00c054952ca61d624209c7265e6a,5,Vague / Missing Context,0.3631,No Smell,0.3594,Format Ambiguity,0.1394,Ambiguous References,0.0806,95,0.731
dfab03ae297b9db27d6cb935350c18d9,1,Vague / Missing Context,0.6705,No Smell,0.1890,Format Ambiguity,0.0511,Ambiguous References,0.0479,25,0.532
c28553fbb7fb26d249b588dd70b5cbef,1,No Smell,0.7162,Formality / Audience Mismatch,0.0706,Vague / Missing Context,0.0617,Format Ambiguity,0.0506,4000,1.346
e4fbc371b1acb1b500c1124472025c31,1,No Smell,0.4640,Vague / Missing Context,0.1573,Formality / Audience Mismatch,0.1056,Bias / Loaded Framing,0.0948,956,0.705
ac8b22cd8dfbfab31c0b86371c0f79f6,1,Vague / Missing Context,0.4078,No Smell,0.1340,Bias / Loaded Framing,0.1042,Format Ambiguity,0.0892,4000,0.093
50e31abce022729c3bf0a4b1f897ce8d,1,No Smell,0.7162,Formality / Audience Mismatch,0.0706,Vague / Missing Context,0.0617,Format Ambiguity,0.0506,4000,0.091
55bb0ff256d1745ea2691084a2a097a3,1,No Smell,0.4260,Vague / Missing Context,0.1643,Formality / Audience Mismatch,0.1138,Bias / Loaded Framing,0.1111,980,0.737
70114dd3e3506e51c57964b207739438,1,No Smell,0.7793,Formality / Audience Mismatch,0.0528,Vague / Missing Context,0.0526,Format Ambiguity,0.0479,4000,1.347
81dfffe3a4503b0cf0099dcf510040b9,1,No Smell,0.5354,Format Ambiguity,0.0938,Formality / Audience Mismatch,0.0929,Vague / Missing Context,0.0854,829,0.707
81dfffe3a4503b0cf0099dcf510040b9,2,No Smell,0.5698,Formality / Audience Mismatch,0.0926,Format Ambiguity,0.0897,Vague / Missing Context,0.0733,840,0.734
8f6cd60f9ccb4c0c64d712b28920695a,1,Vague / Missing Context,0.6361,No Smell,0.1881,Format Ambiguity,0.0553,Formality / Audience Mismatch,0.0425,47,0.543
8f6cd60f9ccb4c0c64d712b28920695a,2,Vague / Missing Context,0.6977,No Smell,0.1525,Ambiguous References,0.0471,Format Ambiguity,0.0459,69,0.544
214f6f82d6de69f5a4fe57ba8b0c08ff,1,No Smell,0.7793,Formality / Audience Mismatch,0.0528,Vague / Missing Context,0.0526,Format Ambiguity,0.0479,4000,0.092
b938280506a3d5a423b15f975fb5423c,1,No Smell,0.4033,Vague / Missing Context,0.1883,Bias / Loaded Framing,0.1115,Formality / Audience Mismatch,0.1103,1020,0.736
4b7fc339d8bbf4a83a56b8865c6ff48e,1,No Smell,0.5932,Vague / Missing Context,0.2041,Format Ambiguity,0.0649,Conflicting Constraints,0.0468,1597,0.864
4b7fc339d8bbf4a83a56b8865c6ff48e,2,Vague / Missing Context,0.3799,No Smell,0.2267,Ambiguous References,0.1106,Bias / Loaded Framing,0.0859,441,0.614
0554229cbb30e7a5a7e77d4570fc23fe,1,No Smell,0.7839,Formality / Audience Mismatch,0.0538,Format Ambiguity,0.0537,Vague / Missing Context,0.0351,4000,1.341
d414f65f1fca845f436ed69ef66ac6c9,1,No Smell,0.4157,Vague / Missing Context,0.1667,Bias / Loaded Framing,0.1164,Formality / Audience Mismatch,0.1127,1022,0.739
557e45cd15928a003737bfae64499c16,1,No Smell,0.6593,Vague / Missing Context,0.0739,Format Ambiguity,0.0667,Formality / Audience Mismatch,0.0662,3907,1.396
d1972636857e185531a39276a5fbd7ae,1,No Smell,0.3648,Vague / Missing Context,0.2240,Bias / Loaded Framing,0.1157,Formality / Audience Mismatch,0.1002,1026,0.738
71d2c2ec44b91432e2a4be1465f916cc,1,No Smell,0.4051,Vague / Missing Context,0.2026,Formality / Audience Mismatch,0.0995,Bias / Loaded Framing,0.0964,1037,0.741
41506b59cde7311883ccfa99bf97a894,1,No Smell,0.4767,Vague / Missing Context,0.2156,Format Ambiguity,0.1113,Ambiguous References,0.0959,213,0.571
5a02a0d6da734ee5889b4364c3be0934,2,No Smell,0.7157,Format Ambiguity,0.1431,Vague / Missing Context,0.0629,Formality / Audience Mismatch,0.0292,21,0.533
5a02a0d6da734ee5889b4364c3be0934,3,No Smell,0.7358,Format Ambiguity,0.1310,Vague / Missing Context,0.0581,Formality / Audience Mismatch,0.0294,20,0.532
5a02a0d6da734ee5889b4364c3be0934,4,No Smell,0.6634,Format Ambiguity,0.1870,Vague / Missing Context,0.0756,Formality / Audience Mismatch,0.0273,22,0.531
5a02a0d6da734ee5889b4364c3be0934,6,No Smell,0.7194,Format Ambiguity,0.1741,Vague / Missing Context,0.0507,Formality / Audience Mismatch,0.0216,19,0.531
211232df5617718435283eb52763aa8b,7,No Smell,0.5926,Format Ambiguity,0.2542,Vague / Missing Context,0.1088,Formality / Audience Mismatch,0.0186,33,0.542
a64f222908c7343cee62eb3d9914c3e8,1,No Smell,0.4973,Format Ambiguity,0.1436,Vague / Missing Context,0.1341,Formality / Audience Mismatch,0.0654,1106,0.738
5a31d4524a12c4efb14786b8ba30be5b,1,No Smell,0.3869,Vague / Missing Context,0.2511,Format Ambiguity,0.1326,Ambiguous References,0.0621,458,0.617
38b740b05016bd6495891fa3fe8d1651,1,No Smell,0.3811,Vague / Missing Context,0.2460,Format Ambiguity,0.1374,Ambiguous References,0.0589,493,0.620
e6b80e5c79ec67e66cfda80c66fe191d,1,No Smell,0.6169,Format Ambiguity,0.1890,Vague / Missing Context,0.1052,Formality / Audience Mismatch,0.0347,69,0.588
e6b80e5c79ec67e66cfda80c66fe191d,2,No Smell,0.5371,Format Ambiguity,0.2666,Vague / Missing Context,0.1201,Formality / Audience Mismatch,0.0255,68,0.587
e5910b37d42ec96ee5474914bde2073f,1,No Smell,0.7498,Vague / Missing Context,0.0801,Format Ambiguity,0.0698,Formality / Audience Mismatch,0.0453,183,0.557
e5910b37d42ec96ee5474914bde2073f,2,No Smell,0.6677,Vague / Missing Context,0.1205,Format Ambiguity,0.0721,Formality / Audience Mismatch,0.0595,122,0.555
e5910b37d42ec96ee5474914bde2073f,3,No Smell,0.7864,Vague / Missing Context,0.0670,Format Ambiguity,0.0609,Formality / Audience Mismatch,0.0366,191,0.557
ea2db85a7f86328c726fe64cf78cca4b,1,No Smell,0.6069,Format Ambiguity,0.0870,Formality / Audience Mismatch,0.0821,Conflicting Constraints,0.0712,4000,1.410
ea2db85a7f86328c726fe64cf78cca4b,2,No Smell,0.6929,Formality / Audience Mismatch,0.0666,Vague / Missing Context,0.0619,Format Ambiguity,0.0617,3917,1.402
ea2db85a7f86328c726fe64cf78cca4b,3,No Smell,0.4775,Vague / Missing Context,0.2428,Format Ambiguity,0.1099,Formality / Audience Mismatch,0.0496,134,0.560
58bec9e7afbbf8eea02c0aee5fa974aa,2,No Smell,0.8050,Format Ambiguity,0.1119,Vague / Missing Context,0.0409,Formality / Audience Mismatch,0.0192,71,0.545
58bec9e7afbbf8eea02c0aee5fa974aa,3,No Smell,0.5991,Format Ambiguity,0.1780,Vague / Missing Context,0.1683,Conflicting Constraints,0.0213,52,0.542
58bec9e7afbbf8eea02c0aee5fa974aa,4,No Smell,0.6972,Format Ambiguity,0.1877,Vague / Missing Context,0.0715,Formality / Audience Mismatch,0.0179,34,0.531
58bec9e7afbbf8eea02c0aee5fa974aa,5,No Smell,0.7153,Format Ambiguity,0.1942,Vague / Missing Context,0.0484,Formality / Audience Mismatch,0.0186,48,0.542
012be8b25606703bb4e8b7d422aa224f,1,No Smell,0.5454,Vague / Missing Context,0.1486,Format Ambiguity,0.1475,Conflicting Constraints,0.0550,58,0.543
012be8b25606703bb4e8b7d422aa224f,2,No Smell,0.6283,Format Ambiguity,0.1811,Vague / Missing Context,0.1050,Formality / Audience Mismatch,0.0372,74,0.543
2b9c8778307a0eac3eecf0f6a363744b,1,No Smell,0.3194,Vague / Missing Context,0.2807,Format Ambiguity,0.1020,Ambiguous References,0.0717,538,0.636
031d1269d53431d40dd26ad502054efb,1,No Smell,0.7777,Format Ambiguity,0.0989,Vague / Missing Context,0.0562,Conflicting Constraints,0.0290,84,0.542
031d1269d53431d40dd26ad502054efb,2,No Smell,0.6234,Format Ambiguity,0.2566,Vague / Missing Context,0.0715,Formality / Audience Mismatch,0.0214,17,0.528
031d1269d53431d40dd26ad502054efb,3,No Smell,0.6417,Format Ambiguity,0.2431,Vague / Missing Context,0.0678,Formality / Audience Mismatch,0.0205,13,0.528
9660dce87579b2f66967d870ec93ced7,2,No Smell,0.5029,Format Ambiguity,0.2227,Vague / Missing Context,0.1232,Conflicting Constraints,0.0591,924,1.153
9660dce87579b2f66967d870ec93ced7,5,No Smell,0.6243,Format Ambiguity,0.1669,Vague / Missing Context,0.0571,Formality / Audience Mismatch,0.0453,923,1.247
09b4aaea077402081020f8fbe187fdea,1,No Smell,0.5185,Vague / Missing Context,0.2201,Format Ambiguity,0.1444,Formality / Audience Mismatch,0.0444,60,0.542
76bad785cbeb0813aeb0410912fbb214,1,No Smell,0.8044,Vague / Missing Context,0.0590,Formality / Audience Mismatch,0.0512,Format Ambiguity,0.0391,242,0.567
984a333a54901bf44e86b75c784a6ed1,1,Vague / Missing Context,0.4078,No Smell,0.1340,Bias / Loaded Framing,0.1042,Format Ambiguity,0.0892,4000,0.093
eb329a445eafa83d5803227d75c9b52b,1,No Smell,0.8014,Vague / Missing Context,0.0767,Format Ambiguity,0.0589,Formality / Audience Mismatch,0.0322,161,0.556
bd47c91d790bbdb62792252ce3315806,1,No Smell,0.4779,Format Ambiguity,0.3473,Vague / Missing Context,0.0699,Conflicting Constraints,0.0344,500,1.657
cedcd77b8a77057b6b989590354ed10f,1,Vague / Missing Context,0.3579,No Smell,0.2758,Format Ambiguity,0.0933,Ambiguous References,0.0739,439,0.615
bc51ff6de4ebd3ba80cac81c03b454d9,1,No Smell,0.5872,Format Ambiguity,0.0938,Formality / Audience Mismatch,0.0822,Conflicting Constraints,0.0736,4000,1.334
bc51ff6de4ebd3ba80cac81c03b454d9,2,No Smell,0.5429,Format Ambiguity,0.1171,Vague / Missing Context,0.1086,Bias / Loaded Framing,0.0616,4000,1.309
6b8df72b6bd16d59695bad9711960ce8,1,No Smell,0.3541,Format Ambiguity,0.2811,Vague / Missing Context,0.1476,Conflicting Constraints,0.0548,1422,0.960
c5a13321533a62719bc075031f3f52b4,1,No Smell,0.5113,Vague / Missing Context,0.2121,Format Ambiguity,0.1743,Formality / Audience Mismatch,0.0311,48,0.543
c5a13321533a62719bc075031f3f52b4,2,No Smell,0.5788,Format Ambiguity,0.1948,Vague / Missing Context,0.1418,Formality / Audience Mismatch,0.0321,55,0.544
c5a13321533a62719bc075031f3f52b4,3,No Smell,0.5719,Vague / Missing Context,0.1690,Format Ambiguity,0.1598,Formality / Audience Mismatch,0.0356,63,0.541
c216b8f6aa38303ff7ad2f8241113448,1,Vague / Missing Context,0.4421,No Smell,0.2701,Format Ambiguity,0.1601,Ambiguous References,0.0863,148,0.557
c216b8f6aa38303ff7ad2f8241113448,2,Vague / Missing Context,0.4615,No Smell,0.2860,Ambiguous References,0.1001,Format Ambiguity,0.0973,75,0.542
c216b8f6aa38303ff7ad2f8241113448,3,No Smell,0.4187,Format Ambiguity,0.2674,Vague / Missing Context,0.2448,Formality / Audience Mismatch,0.0223,57,0.541
c216b8f6aa38303ff7ad2f8241113448,4,Vague / Missing Context,0.3653,No Smell,0.3147,Format Ambiguity,0.2075,Ambiguous References,0.0508,80,0.542
c216b8f6aa38303ff7ad2f8241113448,5,No Smell,0.4300,Format Ambiguity,0.2910,Vague / Missing Context,0.1755,Ambiguous References,0.0525,31,0.540
628bec98c4d5258b3e5a5d35d6455000,1,Vague / Missing Context,0.4270,No Smell,0.2690,Ambiguous References,0.0793,Format Ambiguity,0.0554,461,0.622
bc7752f13f96420f0db2655a1f3d13cf,1,No Smell,0.7939,Conflicting Constraints,0.0507,Formality / Audience Mismatch,0.0455,Bias / Loaded Framing,0.0410,2054,0.869
bda07a2d84c53617cd2f0fb68fa92d75,1,No Smell,0.4672,Vague / Missing Context,0.3676,Format Ambiguity,0.0801,Ambiguous References,0.0427,140,0.554
bda07a2d84c53617cd2f0fb68fa92d75,2,No Smell,0.5242,Vague / Missing Context,0.1763,Format Ambiguity,0.1276,Conflicting Constraints,0.0669,1590,0.864
bda07a2d84c53617cd2f0fb68fa92d75,3,No Smell,0.6979,Format Ambiguity,0.2295,Vague / Missing Context,0.0293,Formality / Audience Mismatch,0.0186,31,0.531
bda07a2d84c53617cd2f0fb68fa92d75,4,No Smell,0.5980,Format Ambiguity,0.2694,Vague / Missing Context,0.0637,Formality / Audience Mismatch,0.0278,45,0.542
2ffbfb114acd1a2c9d22caf8e71b01ff,1,No Smell,0.7459,Format Ambiguity,0.1111,Vague / Missing Context,0.0868,Formality / Audience Mismatch,0.0238,37,0.542
d6549366062e85601035897933f1e5ce,1,No Smell,0.4271,Vague / Missing Context,0.2857,Format Ambiguity,0.1399,Formality / Audience Mismatch,0.0481,55,0.541
aa16f207312acc7cd91b8979baa8a595,1,No Smell,0.5223,Format Ambiguity,0.1908,Vague / Missing Context,0.1819,Conflicting Constraints,0.0325,41,0.542
aa16f207312acc7cd91b8979baa8a595,2,No Smell,0.5517,Format Ambiguity,0.1943,Vague / Missing Context,0.1486,Formality / Audience Mismatch,0.0332,41,0.541
9b200d2ecbee772a6e5983c207ecb512,1,Vague / Missing Context,0.5287,No Smell,0.2567,Format Ambiguity,0.1128,Ambiguous References,0.0486,96,0.554
f2e65ba0c04f4f74ce4e340c97357807,1,No Smell,0.3590,Format Ambiguity,0.2504,Vague / Missing Context,0.2333,Ambiguous References,0.0474,57,0.543
21afada9aac3a5e9d8baada0fe044088,1,No Smell,0.6234,Bias / Loaded Framing,0.0968,Vague / Missing Context,0.0880,Format Ambiguity,0.0759,1600,0.814
21afada9aac3a5e9d8baada0fe044088,2,No Smell,0.7610,Conflicting Constraints,0.0588,Formality / Audience Mismatch,0.0526,Bias / Loaded Framing,0.0427,2055,0.877
21afada9aac3a5e9d8baada0fe044088,3,No Smell,0.6147,Format Ambiguity,0.2596,Vague / Missing Context,0.0708,Formality / Audience Mismatch,0.0218,62,0.544
ba981e62790522513bc65a6fa9945332,1,No Smell,0.4205,Vague / Missing Context,0.3386,Format Ambiguity,0.1314,Formality / Audience Mismatch,0.0313,350,0.591
ad6fc67577642b76899804e8dddb1356,1,No Smell,0.6547,Vague / Missing Context,0.1248,Format Ambiguity,0.0696,Conflicting Constraints,0.0618,4000,1.106
ad6fc67577642b76899804e8dddb1356,2,Vague / Missing Context,0.3355,Format Ambiguity,0.3079,No Smell,0.2823,Ambiguous References,0.0279,38,0.543
ad6fc67577642b76899804e8dddb1356,3,No Smell,0.7218,Format Ambiguity,0.2101,Vague / Missing Context,0.0264,Formality / Audience Mismatch,0.0181,41,0.544
ad6fc67577642b76899804e8dddb1356,4,No Smell,0.4621,Format Ambiguity,0.3766,Vague / Missing Context,0.1024,Conflicting Constraints,0.0221,25,0.531
ad6fc67577642b76899804e8dddb1356,5,No Smell,0.6997,Format Ambiguity,0.1556,Vague / Missing Context,0.0753,Formality / Audience Mismatch,0.0296,156,0.556
ad6fc67577642b76899804e8dddb1356,6,No Smell,0.5942,Vague / Missing Context,0.1336,Format Ambiguity,0.0991,Conflicting Constraints,0.0739,3071,0.989
d4c65a44ea28e503b573c7a116807e7a,1,No Smell,0.5601,Vague / Missing Context,0.2096,Format Ambiguity,0.1509,Formality / Audience Mismatch,0.0271,67,0.543
d4c65a44ea28e503b573c7a116807e7a,2,No Smell,0.4679,Format Ambiguity,0.2581,Vague / Missing Context,0.1915,Formality / Audience Mismatch,0.0306,16,0.533
d4c65a44ea28e503b573c7a116807e7a,3,No Smell,0.5547,Format Ambiguity,0.1960,Vague / Missing Context,0.1744,Formality / Audience Mismatch,0.0336,14,0.531
906c31f2629667101e18c390763dd3f8,1,No Smell,0.6031,Format Ambiguity,0.1843,Vague / Missing Context,0.1072,Formality / Audience Mismatch,0.0410,66,0.544
906c31f2629667101e18c390763dd3f8,2,No Smell,0.5424,Format Ambiguity,0.2211,Vague / Missing Context,0.1506,Formality / Audience Mismatch,0.0336,69,0.544
906c31f2629667101e18c390763dd3f8,3,No Smell,0.6001,Format Ambiguity,0.2150,Vague / Missing Context,0.0869,Conflicting Constraints,0.0387,48,0.542
906c31f2629667101e18c390763dd3f8,4,No Smell,0.4291,Vague / Missing Context,0.2191,Format Ambiguity,0.2049,Conflicting Constraints,0.0454,41,0.542
5e5d37f9a3f01b2988b19a6ebe8047e9,1,No Smell,0.5005,Vague / Missing Context,0.2315,Format Ambiguity,0.1503,Formality / Audience Mismatch,0.0424,65,0.543
082e76a513057ca0380249ea475c33eb,1,No Smell,0.5145,Format Ambiguity,0.3070,Vague / Missing Context,0.0664,Conflicting Constraints,0.0362,500,1.661
a2928b830b8b66809296a0ee17fcde35,1,No Smell,0.4490,Vague / Missing Context,0.2996,Format Ambiguity,0.1530,Ambiguous References,0.0316,63,0.548
a2928b830b8b66809296a0ee17fcde35,2,No Smell,0.3959,Vague / Missing Context,0.2868,Format Ambiguity,0.1493,Ambiguous References,0.0626,139,0.589
a2928b830b8b66809296a0ee17fcde35,3,No Smell,0.7290,Format Ambiguity,0.1413,Vague / Missing Context,0.0465,Conflicting Constraints,0.0366,217,0.570
a2928b830b8b66809296a0ee17fcde35,4,No Smell,0.7247,Format Ambiguity,0.1573,Vague / Missing Context,0.0661,Formality / Audience Mismatch,0.0251,46,0.542
a2928b830b8b66809296a0ee17fcde35,5,No Smell,0.5893,Format Ambiguity,0.2297,Vague / Missing Context,0.1007,Formality / Audience Mismatch,0.0309,81,0.544
a2928b830b8b66809296a0ee17fcde35,6,No Smell,0.3882,Vague / Missing Context,0.2375,Format Ambiguity,0.0869,Bias / Loaded Framing,0.0859,2157,0.881
a2928b830b8b66809296a0ee17fcde35,7,Vague / Missing Context,0.3869,No Smell,0.3852,Format Ambiguity,0.1066,Ambiguous References,0.0398,64,0.544
22df480a7cccdaf26b977216e78f1916,1,No Smell,0.5476,Vague / Missing Context,0.1931,Format Ambiguity,0.1751,Ambiguous References,0.0370,110,0.557
22df480a7cccdaf26b977216e78f1916,2,No Smell,0.5430,Vague / Missing Context,0.2013,Format Ambiguity,0.1609,Ambiguous References,0.0466,120,0.555
22df480a7cccdaf26b977216e78f1916,3,No Smell,0.5634,Format Ambiguity,0.1790,Vague / Missing Context,0.1757,Formality / Audience Mismatch,0.0255,166,0.568
22df480a7cccdaf26b977216e78f1916,4,No Smell,0.5775,Format Ambiguity,0.1889,Vague / Missing Context,0.1604,Formality / Audience Mismatch,0.0220,166,0.569
22df480a7cccdaf26b977216e78f1916,5,No Smell,0.5958,Format Ambiguity,0.1896,Vague / Missing Context,0.1453,Formality / Audience Mismatch,0.0207,152,0.569
22df480a7cccdaf26b977216e78f1916,6,No Smell,0.5913,Format Ambiguity,0.1633,Vague / Missing Context,0.1401,Conflicting Constraints,0.0332,150,0.569
22df480a7cccdaf26b977216e78f1916,7,No Smell,0.6211,Format Ambiguity,0.1582,Vague / Missing Context,0.1344,Formality / Audience Mismatch,0.0298,172,0.571
22df480a7cccdaf26b977216e78f1916,8,No Smell,0.6277,Format Ambiguity,0.1707,Vague / Missing Context,0.1194,Formality / Audience Mismatch,0.0257,178,0.569
22df480a7cccdaf26b977216e78f1916,9,No Smell,0.5910,Format Ambiguity,0.2017,Vague / Missing Context,0.1131,Formality / Audience Mismatch,0.0323,164,0.568
22df480a7cccdaf26b977216e78f1916,10,No Smell,0.6014,Format Ambiguity,0.2098,Vague / Missing Context,0.1001,Formality / Audience Mismatch,0.0300,178,0.568
22df480a7cccdaf26b977216e78f1916,11,No Smell,0.6467,Format Ambiguity,0.2041,Vague / Missing Context,0.0737,Formality / Audience Mismatch,0.0273,216,0.571
1d84139c02bc3886afa71e575a9bdde9,1,No Smell,0.7104,Format Ambiguity,0.0649,Conflicting Constraints,0.0615,Vague / Missing Context,0.0579,2790,1.024
1d84139c02bc3886afa71e575a9bdde9,2,No Smell,0.6315,Format Ambiguity,0.2076,Vague / Missing Context,0.1076,Formality / Audience Mismatch,0.0207,53,0.544
b75f03a9f27ba3b39b23884b0b7173df,1,No Smell,0.4644,Vague / Missing Context,0.1442,Bias / Loaded Framing,0.0972,Formality / Audience Mismatch,0.0865,903,0.704
49ff4aef339ebeac0e6e28107a63a89d,1,No Smell,0.3176,Vague / Missing Context,0.2827,Ambiguous References,0.1020,Format Ambiguity,0.0860,1020,0.739
304cca7b286629c77f9134647807ed97,1,No Smell,0.3176,Vague / Missing Context,0.2827,Ambiguous References,0.1020,Format Ambiguity,0.0860,1020,0.055
b0b2cc61068cb97ffe08568ea64348d1,1,No Smell,0.8293,Formality / Audience Mismatch,0.0393,Conflicting Constraints,0.0391,Bias / Loaded Framing,0.0321,2283,0.900
b613b60731b80269a55c95b10e1027d8,1,No Smell,0.4926,Bias / Loaded Framing,0.1133,Formality / Audience Mismatch,0.1022,Vague / Missing Context,0.0939,3898,1.257
c4a657a1d90c47e0934d416a4586becb,1,Vague / Missing Context,0.4078,No Smell,0.1340,Bias / Loaded Framing,0.1042,Format Ambiguity,0.0892,4000,0.097
ae9c4fe55611e9a7732ed743f00faea2,1,No Smell,0.4188,Vague / Missing Context,0.1550,Bias / Loaded Framing,0.1029,Formality / Audience Mismatch,0.0945,908,0.702
a05f2c0a1af0010a7abc4bfda8b90dec,1,No Smell,0.5896,Format Ambiguity,0.2813,Vague / Missing Context,0.0762,Formality / Audience Mismatch,0.0190,55,0.545
4bdf3fcd8baf50fcbbb09ad9b2299baa,2,No Smell,0.6087,Format Ambiguity,0.2195,Vague / Missing Context,0.0904,Formality / Audience Mismatch,0.0295,16,0.533
4bdf3fcd8baf50fcbbb09ad9b2299baa,3,No Smell,0.6555,Format Ambiguity,0.2486,Vague / Missing Context,0.0496,Formality / Audience Mismatch,0.0183,22,0.531
6e54e77edc1a209246c0254e11dc438e,1,No Smell,0.7292,Format Ambiguity,0.0636,Conflicting Constraints,0.0571,Vague / Missing Context,0.0493,2744,1.021
6e54e77edc1a209246c0254e11dc438e,2,No Smell,0.6315,Format Ambiguity,0.2076,Vague / Missing Context,0.1076,Formality / Audience Mismatch,0.0207,53,0.064
4bbff2588fbe7a79c8035e61a3155e4d,1,No Smell,0.4926,Bias / Loaded Framing,0.1133,Formality / Audience Mismatch,0.1022,Vague / Missing Context,0.0939,3898,0.086
4bbff2588fbe7a79c8035e61a3155e4d,2,No Smell,0.4926,Bias / Loaded Framing,0.1133,Formality / Audience Mismatch,0.1022,Vague / Missing Context,0.0939,3898,0.075
4bbff2588fbe7a79c8035e61a3155e4d,3,No Smell,0.4926,Bias / Loaded Framing,0.1133,Formality / Audience Mismatch,0.1022,Vague / Missing Context,0.0939,3898,0.068
04fa3a92407f54cacc334be1ca248843,1,No Smell,0.5124,Vague / Missing Context,0.2395,Format Ambiguity,0.1880,Formality / Audience Mismatch,0.0233,41,0.545
a272311ccd7e810abf1af487ef668c60,1,No Smell,0.5214,Vague / Missing Context,0.1204,Formality / Audience Mismatch,0.0817,Bias / Loaded Framing,0.0786,865,0.708
da4521f81e03414b54c83b1feb54071a,3,No Smell,0.6452,Format Ambiguity,0.2283,Vague / Missing Context,0.0379,Formality / Audience Mismatch,0.0303,372,0.737
73446e4befe18d86b7059b099a7b980d,1,Vague / Missing Context,0.4078,No Smell,0.1340,Bias / Loaded Framing,0.1042,Format Ambiguity,0.0892,4000,0.095
df9446d2054c063853c5f96f8ea3256c,1,No Smell,0.3812,Vague / Missing Context,0.2933,Format Ambiguity,0.2469,Ambiguous References,0.0346,183,0.570
df9446d2054c063853c5f96f8ea3256c,2,Vague / Missing Context,0.3504,Ambiguous References,0.2096,Unnecessary Repetition,0.1506,Format Ambiguity,0.1156,500,0.735
353957890fab866044e851417a2c361a,3,No Smell,0.6016,Format Ambiguity,0.2352,Vague / Missing Context,0.1001,Formality / Audience Mismatch,0.0261,65,0.541
353957890fab866044e851417a2c361a,6,No Smell,0.4413,Vague / Missing Context,0.2724,Format Ambiguity,0.1600,Ambiguous References,0.0508,101,0.663
f8cd2d5e2fdd48e5f78cfad7dd65cb39,1,No Smell,0.7387,Format Ambiguity,0.0992,Formality / Audience Mismatch,0.0507,Conflicting Constraints,0.0352,2283,1.638
d1f2354a35b4742e7b690b3b6ea89ce1,1,No Smell,0.4364,Vague / Missing Context,0.3473,Format Ambiguity,0.0588,Conflicting Constraints,0.0524,447,0.614
d1f2354a35b4742e7b690b3b6ea89ce1,2,Vague / Missing Context,0.4725,No Smell,0.3441,Format Ambiguity,0.0513,Formality / Audience Mismatch,0.0419,57,0.545
d1f2354a35b4742e7b690b3b6ea89ce1,3,Vague / Missing Context,0.5678,No Smell,0.1345,Ambiguous References,0.1266,Format Ambiguity,0.0777,194,0.569
06640152cc14fcdad5cd2bb91ed0c2e1,1,No Smell,0.6071,Format Ambiguity,0.1881,Vague / Missing Context,0.1139,Formality / Audience Mismatch,0.0352,114,0.554
e8800bf6ab1d144dac7470e746907ff1,1,No Smell,0.7432,Format Ambiguity,0.1500,Vague / Missing Context,0.0525,Formality / Audience Mismatch,0.0229,23,0.530
e8800bf6ab1d144dac7470e746907ff1,2,No Smell,0.6337,Format Ambiguity,0.1561,Vague / Missing Context,0.1354,Formality / Audience Mismatch,0.0287,28,0.531
3dff6625d827f9f4dedab19135eea8f3,1,Vague / Missing Context,0.4078,No Smell,0.1340,Bias / Loaded Framing,0.1042,Format Ambiguity,0.0892,4000,0.093
4c96ab726ae7c89b7d3935b72ed2ea47,1,No Smell,0.3715,Vague / Missing Context,0.2869,Format Ambiguity,0.1880,Formality / Audience Mismatch,0.0596,8,0.530
4c96ab726ae7c89b7d3935b72ed2ea47,3,Vague / Missing Context,0.3676,No Smell,0.3160,Format Ambiguity,0.2135,Ambiguous References,0.0382,16,0.543
4c96ab726ae7c89b7d3935b72ed2ea47,4,No Smell,0.5139,Format Ambiguity,0.2326,Vague / Missing Context,0.1944,Formality / Audience Mismatch,0.0257,40,0.542
4c96ab726ae7c89b7d3935b72ed2ea47,6,No Smell,0.5808,Vague / Missing Context,0.1893,Format Ambiguity,0.1699,Formality / Audience Mismatch,0.0234,22,0.530
cdab1b85bf0ca877ac1e56035238c449,1,No Smell,0.7370,Conflicting Constraints,0.0616,Format Ambiguity,0.0532,Vague / Missing Context,0.0487,2749,1.021
cdab1b85bf0ca877ac1e56035238c449,2,No Smell,0.6201,Format Ambiguity,0.2071,Vague / Missing Context,0.1224,Formality / Audience Mismatch,0.0181,53,0.544
cdab1b85bf0ca877ac1e56035238c449,3,No Smell,0.5084,Format Ambiguity,0.3094,Vague / Missing Context,0.1143,Formality / Audience Mismatch,0.0250,14,0.533
57cc0c20f5f69e84d8e9f78a1b3fc14c,1,No Smell,0.6320,Format Ambiguity,0.1683,Vague / Missing Context,0.0648,Bias / Loaded Framing,0.0409,897,1.251
8b68fcca6d6f5028e44e20f3580cf028,1,No Smell,0.6481,Format Ambiguity,0.2037,Vague / Missing Context,0.0712,Formality / Audience Mismatch,0.0294,267,0.592
8b68fcca6d6f5028e44e20f3580cf028,2,No Smell,0.6698,Format Ambiguity,0.1954,Vague / Missing Context,0.0635,Formality / Audience Mismatch,0.0269,268,0.592
8b68fcca6d6f5028e44e20f3580cf028,3,No Smell,0.6782,Format Ambiguity,0.1845,Vague / Missing Context,0.0593,Formality / Audience Mismatch,0.0292,305,0.590
8b68fcca6d6f5028e44e20f3580cf028,4,No Smell,0.6934,Format Ambiguity,0.1565,Vague / Missing Context,0.0628,Formality / Audience Mismatch,0.0333,356,0.612
8b68fcca6d6f5028e44e20f3580cf028,5,No Smell,0.6746,Format Ambiguity,0.1473,Vague / Missing Context,0.0759,Formality / Audience Mismatch,0.0419,387,0.613
8b68fcca6d6f5028e44e20f3580cf028,6,No Smell,0.6997,Format Ambiguity,0.1454,Vague / Missing Context,0.0634,Formality / Audience Mismatch,0.0334,407,0.613
8b68fcca6d6f5028e44e20f3580cf028,7,No Smell,0.7065,Format Ambiguity,0.1454,Vague / Missing Context,0.0596,Formality / Audience Mismatch,0.0307,440,0.614
8b68fcca6d6f5028e44e20f3580cf028,8,No Smell,0.6835,Format Ambiguity,0.1520,Vague / Missing Context,0.0693,Formality / Audience Mismatch,0.0368,467,0.637
8b68fcca6d6f5028e44e20f3580cf028,9,Vague / Missing Context,0.3791,No Smell,0.3545,Format Ambiguity,0.1157,Ambiguous References,0.0668,49,0.553
8b68fcca6d6f5028e44e20f3580cf028,10,No Smell,0.3807,Vague / Missing Context,0.3370,Format Ambiguity,0.1232,Ambiguous References,0.0711,45,0.541
8b68fcca6d6f5028e44e20f3580cf028,11,No Smell,0.3723,Vague / Missing Context,0.3400,Format Ambiguity,0.1466,Ambiguous References,0.0613,62,0.544
780bf7a1dd3c7f89cea49ebd6add8546,2,No Smell,0.5147,Vague / Missing Context,0.2310,Format Ambiguity,0.1744,Formality / Audience Mismatch,0.0266,27,0.531
780bf7a1dd3c7f89cea49ebd6add8546,3,Vague / Missing Context,0.5071,No Smell,0.2386,Format Ambiguity,0.0894,Ambiguous References,0.0652,69,0.544
780bf7a1dd3c7f89cea49ebd6add8546,4,Vague / Missing Context,0.5248,No Smell,0.2033,Format Ambiguity,0.1030,Ambiguous References,0.0835,46,0.541
53dce996e055f1b550cc5ee6adff6f17,1,Vague / Missing Context,0.3924,No Smell,0.3008,Format Ambiguity,0.1562,Ambiguous References,0.0404,76,0.544
53dce996e055f1b550cc5ee6adff6f17,2,Vague / Missing Context,0.4836,No Smell,0.3291,Format Ambiguity,0.0889,Formality / Audience Mismatch,0.0343,27,0.532
53dce996e055f1b550cc5ee6adff6f17,3,Vague / Missing Context,0.4377,No Smell,0.2825,Format Ambiguity,0.1510,Bias / Loaded Framing,0.0306,58,0.544
53dce996e055f1b550cc5ee6adff6f17,4,Vague / Missing Context,0.4972,No Smell,0.2645,Format Ambiguity,0.1095,Ambiguous References,0.0599,37,0.542
53dce996e055f1b550cc5ee6adff6f17,5,Vague / Missing Context,0.4836,No Smell,0.3291,Format Ambiguity,0.0889,Formality / Audience Mismatch,0.0343,27,0.062
53dce996e055f1b550cc5ee6adff6f17,6,Vague / Missing Context,0.4545,No Smell,0.2483,Format Ambiguity,0.1426,Ambiguous References,0.0667,57,0.540
53dce996e055f1b550cc5ee6adff6f17,7,Vague / Missing Context,0.5785,No Smell,0.1809,Format Ambiguity,0.1062,Ambiguous References,0.0460,51,0.543
53dce996e055f1b550cc5ee6adff6f17,8,Vague / Missing Context,0.4102,No Smell,0.2499,Format Ambiguity,0.1807,Ambiguous References,0.0500,31,0.543
53dce996e055f1b550cc5ee6adff6f17,9,No Smell,0.4082,Vague / Missing Context,0.3484,Format Ambiguity,0.1270,Ambiguous References,0.0461,40,0.543
53dce996e055f1b550cc5ee6adff6f17,10,No Smell,0.4156,Vague / Missing Context,0.2974,Format Ambiguity,0.1145,Formality / Audience Mismatch,0.0530,61,0.544
53dce996e055f1b550cc5ee6adff6f17,11,Vague / Missing Context,0.3502,No Smell,0.3448,Format Ambiguity,0.1411,Bias / Loaded Framing,0.0455,73,0.545
76c522db243ca2b9abbe6c84efc0e795,1,No Smell,0.3943,Vague / Missing Context,0.3108,Format Ambiguity,0.2173,Formality / Audience Mismatch,0.0275,30,0.543
76c522db243ca2b9abbe6c84efc0e795,2,Vague / Missing Context,0.3929,No Smell,0.3488,Format Ambiguity,0.1789,Formality / Audience Mismatch,0.0266,38,0.542
76c522db243ca2b9abbe6c84efc0e795,3,Vague / Missing Context,0.4222,No Smell,0.3120,Format Ambiguity,0.1246,Ambiguous References,0.0473,50,0.543
51326e142b5e18d5afde534f3de591ff,1,No Smell,0.4460,Format Ambiguity,0.2334,Vague / Missing Context,0.2332,Formality / Audience Mismatch,0.0298,31,0.543
51326e142b5e18d5afde534f3de591ff,2,Vague / Missing Context,0.5673,No Smell,0.1822,Ambiguous References,0.1125,Format Ambiguity,0.0843,38,0.544
e124ff44310e240124b6464ceb8a53a7,1,No Smell,0.7221,Format Ambiguity,0.1321,Vague / Missing Context,0.0666,Conflicting Constraints,0.0282,187,0.569
e124ff44310e240124b6464ceb8a53a7,2,No Smell,0.6663,Format Ambiguity,0.0993,Vague / Missing Context,0.0828,Formality / Audience Mismatch,0.0739,142,0.557
e124ff44310e240124b6464ceb8a53a7,3,No Smell,0.5305,Vague / Missing Context,0.1805,Format Ambiguity,0.1163,Formality / Audience Mismatch,0.0712,147,0.557
e124ff44310e240124b6464ceb8a53a7,4,No Smell,0.5864,Vague / Missing Context,0.1438,Format Ambiguity,0.1366,Conflicting Constraints,0.0456,464,0.614
e124ff44310e240124b6464ceb8a53a7,5,No Smell,0.4541,Format Ambiguity,0.3004,Vague / Missing Context,0.0708,Unnecessary Repetition,0.0454,99,0.545
e124ff44310e240124b6464ceb8a53a7,6,No Smell,0.5802,Format Ambiguity,0.2399,Vague / Missing Context,0.1209,Formality / Audience Mismatch,0.0230,43,0.541
e124ff44310e240124b6464ceb8a53a7,7,No Smell,0.7234,Format Ambiguity,0.1338,Vague / Missing Context,0.0523,Formality / Audience Mismatch,0.0398,203,0.558
e124ff44310e240124b6464ceb8a53a7,8,No Smell,0.7052,Format Ambiguity,0.0966,Vague / Missing Context,0.0837,Formality / Audience Mismatch,0.0491,419,0.592
e124ff44310e240124b6464ceb8a53a7,9,No Smell,0.6999,Format Ambiguity,0.1201,Vague / Missing Context,0.0643,Formality / Audience Mismatch,0.0425,302,0.571
65a44b8cc00fc117f989836c6c2e4260,2,No Smell,0.6392,Format Ambiguity,0.2485,Vague / Missing Context,0.0552,Formality / Audience Mismatch,0.0234,35,0.530
7113c99e3f58b5875780d71a3b53b621,1,No Smell,0.7382,Format Ambiguity,0.2072,Vague / Missing Context,0.0233,Formality / Audience Mismatch,0.0137,19,0.530
7113c99e3f58b5875780d71a3b53b621,2,No Smell,0.6362,Format Ambiguity,0.2206,Vague / Missing Context,0.1024,Formality / Audience Mismatch,0.0176,16,0.531
7113c99e3f58b5875780d71a3b53b621,3,No Smell,0.6058,Format Ambiguity,0.2641,Vague / Missing Context,0.0706,Formality / Audience Mismatch,0.0259,35,0.532
4be001190b0f9657c36947cd637a27b3,1,Vague / Missing Context,0.3570,No Smell,0.2676,Format Ambiguity,0.1691,Ambiguous References,0.0733,292,0.613
4be001190b0f9657c36947cd637a27b3,2,Vague / Missing Context,0.3174,No Smell,0.3141,Format Ambiguity,0.1914,Ambiguous References,0.1005,154,0.557
6780b31e26682462ccae6d27ab20b216,1,No Smell,0.6965,Format Ambiguity,0.1379,Vague / Missing Context,0.1056,Conflicting Constraints,0.0320,69,0.543
6780b31e26682462ccae6d27ab20b216,2,No Smell,0.6893,Format Ambiguity,0.1619,Vague / Missing Context,0.0923,Conflicting Constraints,0.0252,63,0.543
6780b31e26682462ccae6d27ab20b216,3,Vague / Missing Context,0.3776,No Smell,0.3479,Format Ambiguity,0.1833,Ambiguous References,0.0495,44,0.542
6780b31e26682462ccae6d27ab20b216,4,No Smell,0.7538,Format Ambiguity,0.0986,Vague / Missing Context,0.0856,Conflicting Constraints,0.0253,92,0.544
6780b31e26682462ccae6d27ab20b216,5,No Smell,0.6790,Format Ambiguity,0.1392,Vague / Missing Context,0.1380,Formality / Audience Mismatch,0.0180,77,0.543
156dcc644bebbed4ba9bf7f567c38a1f,1,No Smell,0.5016,Vague / Missing Context,0.2437,Format Ambiguity,0.1381,Formality / Audience Mismatch,0.0376,52,0.544
156dcc644bebbed4ba9bf7f567c38a1f,2,No Smell,0.5309,Vague / Missing Context,0.1976,Format Ambiguity,0.1435,Formality / Audience Mismatch,0.0417,63,0.544
156dcc644bebbed4ba9bf7f567c38a1f,3,No Smell,0.5595,Format Ambiguity,0.1657,Vague / Missing Context,0.1508,Formality / Audience Mismatch,0.0458,73,0.544
85e6d1b3c1e5774be99a589888a34b88,1,Vague / Missing Context,0.3570,No Smell,0.2676,Format Ambiguity,0.1691,Ambiguous References,0.0733,292,0.064
85e6d1b3c1e5774be99a589888a34b88,2,No Smell,0.3535,Vague / Missing Context,0.2603,Format Ambiguity,0.2142,Ambiguous References,0.0718,227,0.567
85e6d1b3c1e5774be99a589888a34b88,3,Vague / Missing Context,0.3570,No Smell,0.2676,Format Ambiguity,0.1691,Ambiguous References,0.0733,292,0.064
d2aabbb2bf34695f0909d31a7f502b65,1,No Smell,0.3351,Format Ambiguity,0.2683,Vague / Missing Context,0.1863,Ambiguous References,0.1084,273,0.587
1e7496fab057ed21b3d18a88112df921,1,No Smell,0.4115,Vague / Missing Context,0.3276,Format Ambiguity,0.1921,Conflicting Constraints,0.0232,52,0.543
1e7496fab057ed21b3d18a88112df921,2,No Smell,0.5736,Format Ambiguity,0.2285,Vague / Missing Context,0.1333,Formality / Audience Mismatch,0.0258,49,0.542
1e7496fab057ed21b3d18a88112df921,3,No Smell,0.4024,Vague / Missing Context,0.3193,Format Ambiguity,0.2113,Ambiguous References,0.0225,75,0.554
1e7496fab057ed21b3d18a88112df921,4,No Smell,0.5057,Format Ambiguity,0.2428,Vague / Missing Context,0.1492,Formality / Audience Mismatch,0.0348,59,0.542
e6594384c91e67ec9e90d2f206ac1ad0,1,Format Ambiguity,0.6814,No Smell,0.1712,Vague / Missing Context,0.0694,Conflicting Constraints,0.0183,189,0.569
e6594384c91e67ec9e90d2f206ac1ad0,2,No Smell,0.4090,Format Ambiguity,0.3990,Vague / Missing Context,0.1421,Formality / Audience Mismatch,0.0184,30,0.542
e6594384c91e67ec9e90d2f206ac1ad0,3,Format Ambiguity,0.4142,No Smell,0.3893,Vague / Missing Context,0.1491,Formality / Audience Mismatch,0.0151,56,0.542
ccd2b4ecde031d5bcb36d0269b3b3fbd,1,No Smell,0.3522,Vague / Missing Context,0.2787,Format Ambiguity,0.1698,Ambiguous References,0.1111,181,0.569
1668c06e97338b3722dc48d8ed78ced2,1,No Smell,0.6019,Format Ambiguity,0.1772,Vague / Missing Context,0.1505,Formality / Audience Mismatch,0.0245,48,0.544
2aa4f557d951dd061afa73d14cb9faaf,1,Vague / Missing Context,0.4247,No Smell,0.2995,Format Ambiguity,0.1303,Ambiguous References,0.0792,67,0.544
2aa4f557d951dd061afa73d14cb9faaf,2,No Smell,0.4915,Vague / Missing Context,0.2345,Format Ambiguity,0.1868,Formality / Audience Mismatch,0.0322,33,0.542
2aa4f557d951dd061afa73d14cb9faaf,4,No Smell,0.3855,Vague / Missing Context,0.3831,Format Ambiguity,0.1206,Formality / Audience Mismatch,0.0348,37,0.542
2aa4f557d951dd061afa73d14cb9faaf,5,No Smell,0.4259,Vague / Missing Context,0.2792,Format Ambiguity,0.1575,Ambiguous References,0.0638,87,0.544
2aa4f557d951dd061afa73d14cb9faaf,8,Vague / Missing Context,0.3661,No Smell,0.3096,Format Ambiguity,0.1294,Ambiguous References,0.1182,116,0.555
cb5098b5f13c074efe26dddf15b8c885,1,No Smell,0.5949,Format Ambiguity,0.1856,Vague / Missing Context,0.1403,Conflicting Constraints,0.0370,71,0.544
ed541ffbaaf39e21f6e58eca2c558b84,1,No Smell,0.4506,Format Ambiguity,0.2419,Vague / Missing Context,0.2410,Conflicting Constraints,0.0223,102,0.556
ed541ffbaaf39e21f6e58eca2c558b84,3,No Smell,0.5539,Format Ambiguity,0.3266,Vague / Missing Context,0.0497,Conflicting Constraints,0.0232,410,0.662
33822b668f27ae082c7edda2c2a14c26,1,No Smell,0.6423,Format Ambiguity,0.1517,Vague / Missing Context,0.0569,Formality / Audience Mismatch,0.0465,334,0.614
46c2145b19c0c221f402bb5b722b6d9d,1,No Smell,0.4710,Vague / Missing Context,0.3356,Format Ambiguity,0.0773,Conflicting Constraints,0.0361,49,0.544
46c2145b19c0c221f402bb5b722b6d9d,2,No Smell,0.6539,Vague / Missing Context,0.1708,Format Ambiguity,0.0875,Formality / Audience Mismatch,0.0320,36,0.544
565a669ec514fbd69bee6b8b22258d24,1,No Smell,0.6118,Format Ambiguity,0.1918,Vague / Missing Context,0.1530,Formality / Audience Mismatch,0.0184,25,0.543
1a9450cc974284dbe6529f2f4da49d4b,1,Vague / Missing Context,0.6079,No Smell,0.2493,Format Ambiguity,0.0722,Ambiguous References,0.0340,29,0.542
ca0526cce1cf6225c9f89567446893d2,1,No Smell,0.7574,Format Ambiguity,0.1558,Vague / Missing Context,0.0384,Conflicting Constraints,0.0186,54,0.543
ca0526cce1cf6225c9f89567446893d2,2,No Smell,0.8019,Format Ambiguity,0.1292,Conflicting Constraints,0.0237,Formality / Audience Mismatch,0.0181,167,0.559
ca0526cce1cf6225c9f89567446893d2,3,No Smell,0.7415,Format Ambiguity,0.1758,Vague / Missing Context,0.0497,Formality / Audience Mismatch,0.0142,34,0.543
ca0526cce1cf6225c9f89567446893d2,4,No Smell,0.6986,Format Ambiguity,0.2242,Vague / Missing Context,0.0347,Conflicting Constraints,0.0188,101,0.545
ca0526cce1cf6225c9f89567446893d2,5,No Smell,0.6986,Format Ambiguity,0.2242,Vague / Missing Context,0.0347,Conflicting Constraints,0.0188,101,0.047
735a531a9ed59f5b3e86268d029665b7,1,Vague / Missing Context,0.5445,No Smell,0.2839,Format Ambiguity,0.0955,Ambiguous References,0.0312,32,0.540
ccfe4da45c4b229b193b3fa9fb2046db,1,No Smell,0.6986,Format Ambiguity,0.2242,Vague / Missing Context,0.0347,Conflicting Constraints,0.0188,101,0.062
2f060bd7c188ffd23dfd64d5a33782c9,1,Vague / Missing Context,0.3250,No Smell,0.3085,Format Ambiguity,0.1527,Ambiguous References,0.0604,268,0.610
2f060bd7c188ffd23dfd64d5a33782c9,2,No Smell,0.5625,Format Ambiguity,0.2426,Vague / Missing Context,0.0997,Formality / Audience Mismatch,0.0287,150,0.556
2f060bd7c188ffd23dfd64d5a33782c9,3,No Smell,0.3224,Vague / Missing Context,0.3208,Format Ambiguity,0.2043,Ambiguous References,0.0551,109,0.555
2f060bd7c188ffd23dfd64d5a33782c9,4,No Smell,0.3305,Vague / Missing Context,0.2812,Format Ambiguity,0.2501,Ambiguous References,0.0535,68,0.544
2f060bd7c188ffd23dfd64d5a33782c9,5,No Smell,0.4349,Format Ambiguity,0.2228,Vague / Missing Context,0.2199,Ambiguous References,0.0357,139,0.558
2f060bd7c188ffd23dfd64d5a33782c9,6,Vague / Missing Context,0.3780,No Smell,0.2382,Format Ambiguity,0.2060,Ambiguous References,0.0555,128,0.555
2f060bd7c188ffd23dfd64d5a33782c9,7,No Smell,0.3414,Vague / Missing Context,0.3311,Format Ambiguity,0.1343,Ambiguous References,0.0787,116,0.553
895f139554c87758f139e0c83c00e3ea,1,No Smell,0.7296,Format Ambiguity,0.1635,Vague / Missing Context,0.0574,Conflicting Constraints,0.0219,68,0.541
17e209aebcdf8e4ecc1852604ad98378,1,No Smell,0.6847,Format Ambiguity,0.1712,Vague / Missing Context,0.0925,Formality / Audience Mismatch,0.0219,18,0.530
17e209aebcdf8e4ecc1852604ad98378,2,No Smell,0.4857,Format Ambiguity,0.2769,Vague / Missing Context,0.1669,Formality / Audience Mismatch,0.0264,50,0.541
52842797e80f3728a3e85e74a0f2ecf9,1,No Smell,0.6740,Vague / Missing Context,0.0728,Bias / Loaded Framing,0.0628,Format Ambiguity,0.0601,2239,0.906
52842797e80f3728a3e85e74a0f2ecf9,2,No Smell,0.3324,Format Ambiguity,0.1337,Vague / Missing Context,0.1261,Bias / Loaded Framing,0.1194,3380,1.102
52842797e80f3728a3e85e74a0f2ecf9,3,No Smell,0.4496,Format Ambiguity,0.2098,Vague / Missing Context,0.2087,Formality / Audience Mismatch,0.0388,429,0.615
52842797e80f3728a3e85e74a0f2ecf9,4,No Smell,0.3428,Format Ambiguity,0.2771,Vague / Missing Context,0.2383,Ambiguous References,0.0878,128,0.570
52842797e80f3728a3e85e74a0f2ecf9,5,No Smell,0.5268,Format Ambiguity,0.2967,Vague / Missing Context,0.0942,Formality / Audience Mismatch,0.0231,143,0.556
52842797e80f3728a3e85e74a0f2ecf9,6,No Smell,0.5946,Format Ambiguity,0.1426,Conflicting Constraints,0.0810,Vague / Missing Context,0.0730,1767,0.900
36c561c5f4be27680dee9d92d437000d,1,No Smell,0.7296,Format Ambiguity,0.1635,Vague / Missing Context,0.0574,Conflicting Constraints,0.0219,68,0.064
911bc135af2f3ca3fd0a63e13ba40fd8,1,No Smell,0.5828,Format Ambiguity,0.1710,Vague / Missing Context,0.1428,Formality / Audience Mismatch,0.0352,99,0.556
911bc135af2f3ca3fd0a63e13ba40fd8,2,No Smell,0.4121,Vague / Missing Context,0.3565,Format Ambiguity,0.0870,Ambiguous References,0.0714,212,0.570
911bc135af2f3ca3fd0a63e13ba40fd8,3,No Smell,0.7434,Format Ambiguity,0.1258,Vague / Missing Context,0.0717,Formality / Audience Mismatch,0.0261,34,0.542
911bc135af2f3ca3fd0a63e13ba40fd8,4,No Smell,0.4886,Vague / Missing Context,0.3084,Format Ambiguity,0.0782,Conflicting Constraints,0.0472,106,0.543
911bc135af2f3ca3fd0a63e13ba40fd8,5,No Smell,0.5823,Vague / Missing Context,0.1675,Format Ambiguity,0.1164,Conflicting Constraints,0.0539,122,0.555
911bc135af2f3ca3fd0a63e13ba40fd8,6,No Smell,0.5679,Format Ambiguity,0.1633,Vague / Missing Context,0.1218,Conflicting Constraints,0.0612,135,0.556
911bc135af2f3ca3fd0a63e13ba40fd8,7,No Smell,0.6553,Format Ambiguity,0.1323,Vague / Missing Context,0.1167,Formality / Audience Mismatch,0.0326,62,0.542
911bc135af2f3ca3fd0a63e13ba40fd8,8,No Smell,0.3801,Vague / Missing Context,0.2874,Format Ambiguity,0.1854,Ambiguous References,0.0444,176,0.558
911bc135af2f3ca3fd0a63e13ba40fd8,9,No Smell,0.5588,Format Ambiguity,0.2059,Vague / Missing Context,0.1417,Formality / Audience Mismatch,0.0384,85,0.544
911bc135af2f3ca3fd0a63e13ba40fd8,10,No Smell,0.4953,Vague / Missing Context,0.3093,Format Ambiguity,0.0987,Formality / Audience Mismatch,0.0341,107,0.556
911bc135af2f3ca3fd0a63e13ba40fd8,11,Vague / Missing Context,0.3903,No Smell,0.3685,Format Ambiguity,0.1135,Bias / Loaded Framing,0.0399,111,0.545
911bc135af2f3ca3fd0a63e13ba40fd8,12,No Smell,0.4391,Vague / Missing Context,0.3448,Format Ambiguity,0.1261,Formality / Audience Mismatch,0.0303,92,0.545
911bc135af2f3ca3fd0a63e13ba40fd8,13,No Smell,0.3344,Vague / Missing Context,0.3041,Format Ambiguity,0.1430,Ambiguous References,0.0682,264,0.570
a7c95c63b036eebfc4c5e9d05706259c,1,No Smell,0.7207,Format Ambiguity,0.0946,Vague / Missing Context,0.0518,Formality / Audience Mismatch,0.0449,695,0.664
a7c95c63b036eebfc4c5e9d05706259c,2,No Smell,0.3288,Vague / Missing Context,0.3148,Format Ambiguity,0.1436,Ambiguous References,0.0636,297,0.612
a7c95c63b036eebfc4c5e9d05706259c,3,Vague / Missing Context,0.4060,No Smell,0.1976,Format Ambiguity,0.1419,Ambiguous References,0.1163,219,0.570
a7c95c63b036eebfc4c5e9d05706259c,4,Vague / Missing Context,0.4932,Ambiguous References,0.1614,No Smell,0.1192,Format Ambiguity,0.1139,129,0.558
131fc0e7cbb8cb29c7e64b04c55bbba5,1,No Smell,0.4315,Vague / Missing Context,0.3555,Format Ambiguity,0.1269,Formality / Audience Mismatch,0.0236,84,0.543
40ba2d6d4fba77f9a896cf0731ca95b4,1,No Smell,0.7317,Format Ambiguity,0.1699,Vague / Missing Context,0.0510,Formality / Audience Mismatch,0.0186,16,0.532
40ba2d6d4fba77f9a896cf0731ca95b4,3,Vague / Missing Context,0.3105,No Smell,0.2392,Ambiguous References,0.2093,Format Ambiguity,0.1703,61,0.544
40ba2d6d4fba77f9a896cf0731ca95b4,4,No Smell,0.4402,Format Ambiguity,0.2553,Vague / Missing Context,0.1493,Ambiguous References,0.0679,55,0.543
40ba2d6d4fba77f9a896cf0731ca95b4,5,No Smell,0.6661,Format Ambiguity,0.2602,Vague / Missing Context,0.0300,Formality / Audience Mismatch,0.0160,14,0.532
40ba2d6d4fba77f9a896cf0731ca95b4,6,No Smell,0.5468,Format Ambiguity,0.2871,Vague / Missing Context,0.0770,Formality / Audience Mismatch,0.0293,31,0.543
40ba2d6d4fba77f9a896cf0731ca95b4,7,No Smell,0.5616,Vague / Missing Context,0.1883,Format Ambiguity,0.1478,Formality / Audience Mismatch,0.0328,40,0.543
40ba2d6d4fba77f9a896cf0731ca95b4,8,No Smell,0.4742,Format Ambiguity,0.2788,Vague / Missing Context,0.1548,Conflicting Constraints,0.0267,42,0.543
40ba2d6d4fba77f9a896cf0731ca95b4,9,Format Ambiguity,0.5057,No Smell,0.3735,Vague / Missing Context,0.0612,Formality / Audience Mismatch,0.0166,27,0.542
40ba2d6d4fba77f9a896cf0731ca95b4,10,Format Ambiguity,0.4339,No Smell,0.3660,Vague / Missing Context,0.1257,Formality / Audience Mismatch,0.0231,16,0.541
80502dfc9a823b862f0f89fe9d4903f9,1,Format Ambiguity,0.3875,No Smell,0.3796,Vague / Missing Context,0.1451,Formality / Audience Mismatch,0.0235,557,0.767
80502dfc9a823b862f0f89fe9d4903f9,4,No Smell,0.3987,Format Ambiguity,0.3452,Vague / Missing Context,0.1133,Formality / Audience Mismatch,0.0310,740,0.768
80502dfc9a823b862f0f89fe9d4903f9,8,Format Ambiguity,0.4672,No Smell,0.3883,Vague / Missing Context,0.0886,Formality / Audience Mismatch,0.0147,71,0.570
2d960fc876359acee8c6ffe77cb96dcf,1,No Smell,0.6350,Vague / Missing Context,0.1576,Format Ambiguity,0.1390,Formality / Audience Mismatch,0.0276,31,0.543
bc612a6ca7d5d22ea91b92015f515fa3,1,No Smell,0.4746,Vague / Missing Context,0.3771,Format Ambiguity,0.1131,Formality / Audience Mismatch,0.0113,40,0.542
bc612a6ca7d5d22ea91b92015f515fa3,2,Vague / Missing Context,0.5896,Ambiguous References,0.1604,No Smell,0.1215,Bias / Loaded Framing,0.0345,417,0.592
c4187cd0293c77084a7556740a19eed1,1,No Smell,0.3394,Vague / Missing Context,0.3056,Format Ambiguity,0.1252,Ambiguous References,0.0811,491,0.640
951302be3adc9870ad74f8a970cb5cd5,1,No Smell,0.5780,Format Ambiguity,0.2351,Vague / Missing Context,0.1327,Conflicting Constraints,0.0195,32,0.532
951302be3adc9870ad74f8a970cb5cd5,2,No Smell,0.5742,Format Ambiguity,0.1766,Vague / Missing Context,0.1257,Formality / Audience Mismatch,0.0539,27,0.532
951302be3adc9870ad74f8a970cb5cd5,3,Format Ambiguity,0.4553,No Smell,0.2457,Vague / Missing Context,0.2220,Formality / Audience Mismatch,0.0225,12,0.531
951302be3adc9870ad74f8a970cb5cd5,4,No Smell,0.6427,Format Ambiguity,0.1867,Formality / Audience Mismatch,0.0437,Conflicting Constraints,0.0406,865,0.816
951302be3adc9870ad74f8a970cb5cd5,5,Vague / Missing Context,0.3893,No Smell,0.2808,Format Ambiguity,0.1273,Ambiguous References,0.1222,56,0.545
951302be3adc9870ad74f8a970cb5cd5,6,No Smell,0.6373,Format Ambiguity,0.2661,Vague / Missing Context,0.0450,Formality / Audience Mismatch,0.0213,41,0.544
9654c8926914e5aa82bb1947d0976868,1,No Smell,0.6725,Format Ambiguity,0.1715,Conflicting Constraints,0.0471,Vague / Missing Context,0.0464,313,0.590
9654c8926914e5aa82bb1947d0976868,2,No Smell,0.5604,Vague / Missing Context,0.1991,Format Ambiguity,0.1512,Conflicting Constraints,0.0342,90,0.544
9654c8926914e5aa82bb1947d0976868,3,No Smell,0.6227,Vague / Missing Context,0.1457,Format Ambiguity,0.1197,Conflicting Constraints,0.0453,118,0.556
abfb580635d761ac2f1829a49cacde87,1,No Smell,0.7659,Format Ambiguity,0.0729,Formality / Audience Mismatch,0.0480,Conflicting Constraints,0.0425,1894,0.868
abfb580635d761ac2f1829a49cacde87,2,No Smell,0.6322,Format Ambiguity,0.2449,Vague / Missing Context,0.0677,Formality / Audience Mismatch,0.0223,55,0.543
abfb580635d761ac2f1829a49cacde87,3,No Smell,0.5372,Format Ambiguity,0.3126,Vague / Missing Context,0.0831,Formality / Audience Mismatch,0.0252,35,0.544
9bb6f0e99b565679e9f613e7d48adc96,1,No Smell,0.5905,Vague / Missing Context,0.1532,Format Ambiguity,0.1455,Conflicting Constraints,0.0325,748,0.643
69eb29ac526b828b342cd07a93a21f51,1,No Smell,0.6990,Format Ambiguity,0.2135,Vague / Missing Context,0.0461,Formality / Audience Mismatch,0.0164,11,0.542
c7a1cdf0795db1611684afaf3c978cc0,1,No Smell,0.7058,Format Ambiguity,0.1316,Vague / Missing Context,0.0816,Formality / Audience Mismatch,0.0315,179,0.569
c7a1cdf0795db1611684afaf3c978cc0,2,No Smell,0.6471,Format Ambiguity,0.1695,Vague / Missing Context,0.0720,Conflicting Constraints,0.0455,569,0.642
c7a1cdf0795db1611684afaf3c978cc0,3,No Smell,0.5588,Format Ambiguity,0.1904,Vague / Missing Context,0.1457,Formality / Audience Mismatch,0.0316,109,0.544
c7a1cdf0795db1611684afaf3c978cc0,4,No Smell,0.5298,Vague / Missing Context,0.1740,Format Ambiguity,0.1441,Bias / Loaded Framing,0.0479,82,0.543
ecd63662ea955feac9d542ae6b8e69d0,1,No Smell,0.4289,Format Ambiguity,0.3360,Vague / Missing Context,0.1238,Formality / Audience Mismatch,0.0306,194,0.567
ecd63662ea955feac9d542ae6b8e69d0,2,No Smell,0.6027,Format Ambiguity,0.0971,Conflicting Constraints,0.0878,Vague / Missing Context,0.0702,690,0.663
ecd63662ea955feac9d542ae6b8e69d0,3,Format Ambiguity,0.4558,No Smell,0.4319,Vague / Missing Context,0.0646,Conflicting Constraints,0.0210,108,0.555
2482330b1cdd52358d77afd0023ddfa9,1,No Smell,0.5344,Format Ambiguity,0.1957,Vague / Missing Context,0.1535,Formality / Audience Mismatch,0.0321,99,0.544
2482330b1cdd52358d77afd0023ddfa9,2,No Smell,0.6002,Vague / Missing Context,0.1464,Format Ambiguity,0.1016,Conflicting Constraints,0.0435,754,0.665
7d765ff0274266474553566c38b2281b,1,Vague / Missing Context,0.3516,No Smell,0.3411,Format Ambiguity,0.1238,Ambiguous References,0.1041,114,0.544
7d765ff0274266474553566c38b2281b,2,No Smell,0.4438,Vague / Missing Context,0.2698,Format Ambiguity,0.1546,Ambiguous References,0.0572,106,0.553
7d765ff0274266474553566c38b2281b,3,No Smell,0.5145,Vague / Missing Context,0.2305,Format Ambiguity,0.1466,Ambiguous References,0.0386,114,0.554
7d765ff0274266474553566c38b2281b,4,No Smell,0.5470,Vague / Missing Context,0.1944,Format Ambiguity,0.1543,Ambiguous References,0.0360,134,0.556
7d765ff0274266474553566c38b2281b,5,No Smell,0.5917,Vague / Missing Context,0.1802,Format Ambiguity,0.1204,Formality / Audience Mismatch,0.0347,173,0.567
7d765ff0274266474553566c38b2281b,6,No Smell,0.5787,Vague / Missing Context,0.1970,Format Ambiguity,0.1259,Formality / Audience Mismatch,0.0317,191,0.568
bb557385541a6e01c035cd9d801f73f7,2,Vague / Missing Context,0.6774,No Smell,0.1541,Ambiguous References,0.0919,Format Ambiguity,0.0360,40,0.541
bb557385541a6e01c035cd9d801f73f7,3,Vague / Missing Context,0.4919,No Smell,0.3400,Format Ambiguity,0.0522,Ambiguous References,0.0405,68,0.542
bb557385541a6e01c035cd9d801f73f7,4,No Smell,0.5999,Format Ambiguity,0.3079,Vague / Missing Context,0.0607,Formality / Audience Mismatch,0.0122,43,0.544
6024ae2c388129d76a191bc8cd0773d9,4,No Smell,0.6363,Format Ambiguity,0.2663,Vague / Missing Context,0.0485,Formality / Audience Mismatch,0.0203,15,0.553
00c0c16fb160e1e24d9f0bb5b8c90224,2,No Smell,0.5145,Format Ambiguity,0.2229,Vague / Missing Context,0.1881,Formality / Audience Mismatch,0.0288,15,0.529
2f6d4ff6ceaaacb875f0fa8475de4325,2,Vague / Missing Context,0.3487,No Smell,0.3446,Bias / Loaded Framing,0.1319,Formality / Audience Mismatch,0.0655,17,0.530
9f71ce87003c1ceaaa760c31f4ba9767,1,No Smell,0.6072,Format Ambiguity,0.1725,Vague / Missing Context,0.0990,Conflicting Constraints,0.0460,114,0.555
9f71ce87003c1ceaaa760c31f4ba9767,2,No Smell,0.4190,Vague / Missing Context,0.3040,Format Ambiguity,0.1389,Ambiguous References,0.0466,84,0.554
45470949976318a42ad2e8310a896db8,1,No Smell,0.7237,Format Ambiguity,0.2234,Vague / Missing Context,0.0183,Formality / Audience Mismatch,0.0170,22,0.538
45470949976318a42ad2e8310a896db8,2,No Smell,0.4772,Vague / Missing Context,0.1240,Format Ambiguity,0.1078,Conflicting Constraints,0.0799,4000,1.373
70def80bd76a9dae365bfe9a14e63a45,1,No Smell,0.4075,Vague / Missing Context,0.1399,Bias / Loaded Framing,0.1218,Format Ambiguity,0.1048,4000,1.438
70def80bd76a9dae365bfe9a14e63a45,2,No Smell,0.3862,Format Ambiguity,0.3192,Vague / Missing Context,0.2143,Conflicting Constraints,0.0221,42,0.544
70def80bd76a9dae365bfe9a14e63a45,4,No Smell,0.7570,Format Ambiguity,0.1685,Vague / Missing Context,0.0325,Formality / Audience Mismatch,0.0155,61,0.542
86614d4221a9365d36375e477f0785cb,1,No Smell,0.4641,Vague / Missing Context,0.2879,Format Ambiguity,0.1944,Ambiguous References,0.0181,64,0.543
86614d4221a9365d36375e477f0785cb,3,No Smell,0.5080,Format Ambiguity,0.2680,Vague / Missing Context,0.1508,Conflicting Constraints,0.0231,82,0.545
86614d4221a9365d36375e477f0785cb,4,No Smell,0.4637,Format Ambiguity,0.3884,Vague / Missing Context,0.0949,Formality / Audience Mismatch,0.0147,36,0.541
2aa7bf4cd637894cc144afda6354d989,2,No Smell,0.7690,Format Ambiguity,0.1229,Vague / Missing Context,0.0404,Conflicting Constraints,0.0285,276,0.588
2aa7bf4cd637894cc144afda6354d989,3,Vague / Missing Context,0.3827,No Smell,0.3533,Format Ambiguity,0.1470,Ambiguous References,0.0663,73,0.544
2aa7bf4cd637894cc144afda6354d989,4,No Smell,0.6909,Format Ambiguity,0.2217,Vague / Missing Context,0.0384,Formality / Audience Mismatch,0.0235,84,0.555
2aa7bf4cd637894cc144afda6354d989,5,No Smell,0.7279,Format Ambiguity,0.2316,Formality / Audience Mismatch,0.0130,Vague / Missing Context,0.0107,87,0.545
2aa7bf4cd637894cc144afda6354d989,6,No Smell,0.5174,Format Ambiguity,0.3634,Vague / Missing Context,0.0644,Formality / Audience Mismatch,0.0232,81,0.545
2aa7bf4cd637894cc144afda6354d989,7,No Smell,0.5960,Format Ambiguity,0.2774,Vague / Missing Context,0.0803,Formality / Audience Mismatch,0.0214,96,0.556
2aa7bf4cd637894cc144afda6354d989,8,No Smell,0.6119,Format Ambiguity,0.2461,Vague / Missing Context,0.0753,Formality / Audience Mismatch,0.0264,166,0.558
1518a558e71d2a8e585b9173f3a2e6ea,1,No Smell,0.7237,Format Ambiguity,0.2234,Vague / Missing Context,0.0183,Formality / Audience Mismatch,0.0170,22,0.062
1518a558e71d2a8e585b9173f3a2e6ea,2,No Smell,0.5774,Vague / Missing Context,0.1264,Format Ambiguity,0.1251,Conflicting Constraints,0.0528,722,0.660
1518a558e71d2a8e585b9173f3a2e6ea,3,No Smell,0.7430,Format Ambiguity,0.2090,Vague / Missing Context,0.0163,Formality / Audience Mismatch,0.0155,22,0.542
1518a558e71d2a8e585b9173f3a2e6ea,4,No Smell,0.5774,Vague / Missing Context,0.1264,Format Ambiguity,0.1251,Conflicting Constraints,0.0528,722,0.068
890e6f35fd262f4aee2afae45caef1c9,1,No Smell,0.4938,Vague / Missing Context,0.1393,Conflicting Constraints,0.1004,Format Ambiguity,0.0626,3049,1.133
890e6f35fd262f4aee2afae45caef1c9,2,No Smell,0.6358,Format Ambiguity,0.1908,Vague / Missing Context,0.0675,Formality / Audience Mismatch,0.0403,311,0.590
890e6f35fd262f4aee2afae45caef1c9,3,No Smell,0.5370,Vague / Missing Context,0.1922,Format Ambiguity,0.1310,Formality / Audience Mismatch,0.0442,217,0.570
9f5c35a3da8cb55a693aabd686ccc5e3,1,No Smell,0.6568,Format Ambiguity,0.1992,Vague / Missing Context,0.0661,Formality / Audience Mismatch,0.0281,102,0.555
9f5c35a3da8cb55a693aabd686ccc5e3,2,No Smell,0.4624,Vague / Missing Context,0.3270,Format Ambiguity,0.1443,Formality / Audience Mismatch,0.0217,37,0.541
9f5c35a3da8cb55a693aabd686ccc5e3,3,No Smell,0.4321,Vague / Missing Context,0.2584,Format Ambiguity,0.1214,Ambiguous References,0.0667,47,0.543
a4cb87e50191d2c4b69e409d61db138b,1,Vague / Missing Context,0.4330,No Smell,0.3813,Format Ambiguity,0.0830,Ambiguous References,0.0315,63,0.543
a4cb87e50191d2c4b69e409d61db138b,2,No Smell,0.4077,Vague / Missing Context,0.3240,Format Ambiguity,0.1234,Ambiguous References,0.0450,116,0.555
a4cb87e50191d2c4b69e409d61db138b,3,No Smell,0.7406,Format Ambiguity,0.1099,Vague / Missing Context,0.0557,Conflicting Constraints,0.0454,296,0.588
a4cb87e50191d2c4b69e409d61db138b,4,No Smell,0.5657,Format Ambiguity,0.2261,Vague / Missing Context,0.1105,Conflicting Constraints,0.0347,154,0.558
a4cb87e50191d2c4b69e409d61db138b,5,No Smell,0.6148,Format Ambiguity,0.1646,Vague / Missing Context,0.1087,Conflicting Constraints,0.0466,176,0.569
a4cb87e50191d2c4b69e409d61db138b,6,No Smell,0.4675,Vague / Missing Context,0.2293,Format Ambiguity,0.0952,Ambiguous References,0.0751,119,0.555
a4cb87e50191d2c4b69e409d61db138b,7,No Smell,0.4526,Vague / Missing Context,0.2507,Format Ambiguity,0.1917,Ambiguous References,0.0413,158,0.558
a4cb87e50191d2c4b69e409d61db138b,8,No Smell,0.6592,Format Ambiguity,0.1441,Vague / Missing Context,0.0953,Conflicting Constraints,0.0456,278,0.590
d8da71b984fb61415459e56ae3f493b4,1,Vague / Missing Context,0.4755,No Smell,0.3252,Format Ambiguity,0.1058,Ambiguous References,0.0495,64,0.543
eacf1d673cfa8b0e971c7a73113aeab2,1,No Smell,0.5771,Format Ambiguity,0.1794,Vague / Missing Context,0.1358,Conflicting Constraints,0.0393,107,0.554
a294ea5c4a1aff915205c56051f09a78,4,No Smell,0.6260,Format Ambiguity,0.1807,Vague / Missing Context,0.1195,Conflicting Constraints,0.0265,28,0.541
a294ea5c4a1aff915205c56051f09a78,5,No Smell,0.6016,Format Ambiguity,0.2541,Vague / Missing Context,0.0641,Formality / Audience Mismatch,0.0282,349,0.590
a294ea5c4a1aff915205c56051f09a78,6,No Smell,0.7102,Format Ambiguity,0.1904,Vague / Missing Context,0.0333,Formality / Audience Mismatch,0.0255,284,0.588
c32afc0fe230e4e863059c8c149772ee,1,No Smell,0.4938,Vague / Missing Context,0.1393,Conflicting Constraints,0.1004,Format Ambiguity,0.0626,3049,0.084
c32afc0fe230e4e863059c8c149772ee,2,No Smell,0.6769,Format Ambiguity,0.1452,Vague / Missing Context,0.0707,Formality / Audience Mismatch,0.0374,342,0.590
c32afc0fe230e4e863059c8c149772ee,3,No Smell,0.4402,Vague / Missing Context,0.2934,Format Ambiguity,0.1269,Conflicting Constraints,0.0400,63,0.547
c32afc0fe230e4e863059c8c149772ee,4,No Smell,0.5577,Vague / Missing Context,0.1498,Format Ambiguity,0.1479,Conflicting Constraints,0.0460,98,0.555
a3c5bf9e61f5ab8dae2285578e56cee1,1,Format Ambiguity,0.3300,No Smell,0.3292,Vague / Missing Context,0.2236,Ambiguous References,0.0591,100,0.545
2f7957f78aa231066b7b3da04040db4c,1,No Smell,0.6196,Format Ambiguity,0.2153,Vague / Missing Context,0.1161,Formality / Audience Mismatch,0.0219,45,0.541
2f7957f78aa231066b7b3da04040db4c,2,No Smell,0.6740,Format Ambiguity,0.2100,Vague / Missing Context,0.0518,Formality / Audience Mismatch,0.0252,9,0.530
2f7957f78aa231066b7b3da04040db4c,3,No Smell,0.4594,Vague / Missing Context,0.2923,Format Ambiguity,0.1650,Formality / Audience Mismatch,0.0300,39,0.542
f088cd830adeaac4c69bad53e60479a4,1,No Smell,0.5707,Vague / Missing Context,0.2077,Formality / Audience Mismatch,0.0596,Conflicting Constraints,0.0569,2288,1.070
551676f73f4688c9e60aa9a3f8351626,1,No Smell,0.7755,Format Ambiguity,0.1718,Formality / Audience Mismatch,0.0190,Vague / Missing Context,0.0148,48,0.543
9438bd8d28e72bd25a8206bb8d1fc6eb,1,No Smell,0.4119,Vague / Missing Context,0.3118,Format Ambiguity,0.1160,Ambiguous References,0.0882,67,0.545
9438bd8d28e72bd25a8206bb8d1fc6eb,2,Vague / Missing Context,0.4487,No Smell,0.3014,Ambiguous References,0.0905,Format Ambiguity,0.0647,71,0.543
9438bd8d28e72bd25a8206bb8d1fc6eb,3,Vague / Missing Context,0.5462,No Smell,0.2150,Format Ambiguity,0.0892,Ambiguous References,0.0597,22,0.532
88aa929992d44fcdfc7baa03450f2334,1,No Smell,0.3894,Vague / Missing Context,0.3323,Format Ambiguity,0.1671,Ambiguous References,0.0524,64,0.545
622b33b138c5e0c9ddce07f531e7786d,1,Vague / Missing Context,0.4254,No Smell,0.2325,Format Ambiguity,0.1009,Conflicting Constraints,0.0570,506,0.662
888f7c70517c86a3745454445a6c20a1,1,No Smell,0.3374,Vague / Missing Context,0.2786,Format Ambiguity,0.1958,Ambiguous References,0.0655,617,0.666
888f7c70517c86a3745454445a6c20a1,2,No Smell,0.4168,Format Ambiguity,0.2569,Vague / Missing Context,0.2162,Conflicting Constraints,0.0289,51,0.569
374bdfb5c0ab37ad491a25861d5b631f,1,Vague / Missing Context,0.4254,No Smell,0.2325,Format Ambiguity,0.1009,Conflicting Constraints,0.0570,506,0.065
c8bede48a0633644981c70b1cf731f95,1,Vague / Missing Context,0.3661,No Smell,0.3490,Format Ambiguity,0.1434,Formality / Audience Mismatch,0.0535,101,0.566
c8bede48a0633644981c70b1cf731f95,2,Vague / Missing Context,0.3473,No Smell,0.2778,Formality / Audience Mismatch,0.1834,Conflicting Constraints,0.0595,105,0.568
c8bede48a0633644981c70b1cf731f95,3,No Smell,0.5662,Format Ambiguity,0.2250,Vague / Missing Context,0.1410,Conflicting Constraints,0.0349,156,0.589
c8bede48a0633644981c70b1cf731f95,4,No Smell,0.5733,Vague / Missing Context,0.2038,Formality / Audience Mismatch,0.0766,Format Ambiguity,0.0730,117,0.556
3e9027de77076efb3f51e11e1aca566e,1,No Smell,0.5908,Format Ambiguity,0.3064,Vague / Missing Context,0.0300,Conflicting Constraints,0.0293,266,0.861
3e9027de77076efb3f51e11e1aca566e,2,Format Ambiguity,0.4465,No Smell,0.3519,Vague / Missing Context,0.0485,Conflicting Constraints,0.0448,658,0.915
3e9027de77076efb3f51e11e1aca566e,3,No Smell,0.4656,Format Ambiguity,0.2009,Vague / Missing Context,0.1696,Conflicting Constraints,0.0477,752,1.033
3e9027de77076efb3f51e11e1aca566e,4,No Smell,0.4048,Format Ambiguity,0.2268,Vague / Missing Context,0.1828,Conflicting Constraints,0.0505,827,1.286
3e9027de77076efb3f51e11e1aca566e,5,No Smell,0.5939,Vague / Missing Context,0.2185,Format Ambiguity,0.1283,Formality / Audience Mismatch,0.0187,161,0.581
6cdb5a45423f2b22c53ef8dfa313313f,1,Vague / Missing Context,0.3661,No Smell,0.3490,Format Ambiguity,0.1434,Formality / Audience Mismatch,0.0535,101,0.064
6cdb5a45423f2b22c53ef8dfa313313f,2,Vague / Missing Context,0.3473,No Smell,0.2778,Formality / Audience Mismatch,0.1834,Conflicting Constraints,0.0595,105,0.060
6cdb5a45423f2b22c53ef8dfa313313f,3,No Smell,0.5662,Format Ambiguity,0.2250,Vague / Missing Context,0.1410,Conflicting Constraints,0.0349,156,0.063
6cdb5a45423f2b22c53ef8dfa313313f,4,No Smell,0.5733,Vague / Missing Context,0.2038,Formality / Audience Mismatch,0.0766,Format Ambiguity,0.0730,117,0.059
6cdb5a45423f2b22c53ef8dfa313313f,5,No Smell,0.5733,Vague / Missing Context,0.2038,Formality / Audience Mismatch,0.0766,Format Ambiguity,0.0730,117,0.047
6cdb5a45423f2b22c53ef8dfa313313f,6,No Smell,0.4772,Vague / Missing Context,0.2015,Format Ambiguity,0.1707,Formality / Audience Mismatch,0.0480,168,0.554
1febc9d4b6ca3201cb6867014df81114,1,Vague / Missing Context,0.4441,No Smell,0.2158,Format Ambiguity,0.0910,Ambiguous References,0.0605,506,0.661
8f5422247f766a1b3b78a7f9f4b58ac0,1,Vague / Missing Context,0.4441,No Smell,0.2158,Format Ambiguity,0.0910,Ambiguous References,0.0605,506,0.050
cfd74a0a6a930aadab677e87e5501dac,1,Vague / Missing Context,0.4678,No Smell,0.1898,Ambiguous References,0.0782,Format Ambiguity,0.0762,536,0.661
1e96ae76e05124802f50c21d55713ea8,1,Vague / Missing Context,0.5154,No Smell,0.2515,Format Ambiguity,0.0769,Ambiguous References,0.0717,79,0.543
1e96ae76e05124802f50c21d55713ea8,2,Vague / Missing Context,0.3628,No Smell,0.3124,Format Ambiguity,0.1070,Ambiguous References,0.0944,225,0.566
97a7ac52cbdae3a553329db653ce855d,3,No Smell,0.7336,Format Ambiguity,0.1270,Vague / Missing Context,0.0376,Conflicting Constraints,0.0372,467,0.637
7a3cb18ffc2be58e485cc41fae7d081c,1,No Smell,0.4048,Format Ambiguity,0.2268,Vague / Missing Context,0.1828,Conflicting Constraints,0.0505,827,0.074
7a3cb18ffc2be58e485cc41fae7d081c,2,No Smell,0.6191,Vague / Missing Context,0.1680,Format Ambiguity,0.1515,Formality / Audience Mismatch,0.0223,156,0.569
7a3cb18ffc2be58e485cc41fae7d081c,3,Vague / Missing Context,0.5028,Ambiguous References,0.2524,No Smell,0.1540,Format Ambiguity,0.0652,167,0.588
58cd9520c7b1663297cf5dd0e184dc5c,1,Vague / Missing Context,0.3952,No Smell,0.3557,Format Ambiguity,0.1548,Ambiguous References,0.0371,51,0.542
49553aa624bdf3054f591ec0fef2aac4,1,Vague / Missing Context,0.4502,No Smell,0.1558,Bias / Loaded Framing,0.1208,Ambiguous References,0.0862,754,0.739
8fa3db939cd79ea9cd30a736d737a036,1,Vague / Missing Context,0.4721,No Smell,0.1455,Ambiguous References,0.1032,Bias / Loaded Framing,0.0953,720,0.734
c64c1dd8ef9179f3f31e56844f16e713,1,No Smell,0.6376,Conflicting Constraints,0.1035,Vague / Missing Context,0.0828,Formality / Audience Mismatch,0.0644,4000,1.304
06b81d8cfba634eca6eda9ba064fb40f,1,No Smell,0.5280,Vague / Missing Context,0.1366,Conflicting Constraints,0.0961,Format Ambiguity,0.0729,4000,1.315
06b81d8cfba634eca6eda9ba064fb40f,2,No Smell,0.5824,Vague / Missing Context,0.1388,Format Ambiguity,0.1285,Conflicting Constraints,0.0507,572,0.662
7dc346e50ce4e8d69590e66792f77b0f,1,No Smell,0.5875,Format Ambiguity,0.2860,Vague / Missing Context,0.0608,Formality / Audience Mismatch,0.0232,205,0.613
7dc346e50ce4e8d69590e66792f77b0f,3,No Smell,0.5122,Format Ambiguity,0.3456,Vague / Missing Context,0.0639,Conflicting Constraints,0.0220,2065,0.999
7dc346e50ce4e8d69590e66792f77b0f,4,Format Ambiguity,0.4274,No Smell,0.3695,Vague / Missing Context,0.0846,Conflicting Constraints,0.0273,2424,1.099
7dc346e50ce4e8d69590e66792f77b0f,5,Format Ambiguity,0.4588,No Smell,0.3673,Vague / Missing Context,0.0544,Prompt Bloat / Convoluted Prompt,0.0271,2658,1.136
259371a477871706add040ce2ef413e3,1,No Smell,0.7158,Format Ambiguity,0.2325,Vague / Missing Context,0.0146,Formality / Audience Mismatch,0.0129,57,0.543
259371a477871706add040ce2ef413e3,2,No Smell,0.6395,Format Ambiguity,0.2408,Vague / Missing Context,0.0566,Formality / Audience Mismatch,0.0240,97,0.557
259371a477871706add040ce2ef413e3,3,No Smell,0.7117,Format Ambiguity,0.2152,Vague / Missing Context,0.0311,Formality / Audience Mismatch,0.0186,12,0.531
46484da6fe4defc8aef91d6ce200d93a,1,Vague / Missing Context,0.4448,No Smell,0.1413,Ambiguous References,0.1218,Bias / Loaded Framing,0.0933,838,0.773
12396be2ab529a0ba4362b59e39393cc,1,No Smell,0.5856,Vague / Missing Context,0.1988,Format Ambiguity,0.0875,Bias / Loaded Framing,0.0384,367,0.591
74d22e1a92ec63e5dddb8fc4622d5f8d,1,Vague / Missing Context,0.4428,Bias / Loaded Framing,0.1443,Ambiguous References,0.1080,No Smell,0.0972,986,0.819
2175de857ac6ecb377dfbc50f3b2dfb5,1,No Smell,0.5280,Vague / Missing Context,0.1366,Conflicting Constraints,0.0961,Format Ambiguity,0.0729,4000,0.094
2175de857ac6ecb377dfbc50f3b2dfb5,2,No Smell,0.4296,Vague / Missing Context,0.2076,Format Ambiguity,0.1300,Ambiguous References,0.0763,731,0.705
b3d787879516a90c812aa019ba52e613,1,No Smell,0.6344,Vague / Missing Context,0.0820,Conflicting Constraints,0.0795,Format Ambiguity,0.0633,4000,1.307
745085a8b8efe9ca8abb83d940844fc3,4,Vague / Missing Context,0.3319,No Smell,0.3263,Format Ambiguity,0.1687,Ambiguous References,0.0741,48,0.545
aa46f9328fb6c5f3bb762011862dc955,1,Vague / Missing Context,0.3585,Bias / Loaded Framing,0.1620,No Smell,0.1251,Ambiguous References,0.0997,1033,0.822
6e8a5faa0c61a47fce91051658b21b78,1,No Smell,0.2460,Vague / Missing Context,0.1673,Bias / Loaded Framing,0.1401,Conflicting Constraints,0.1091,2082,0.909
6e8a5faa0c61a47fce91051658b21b78,2,No Smell,0.5728,Format Ambiguity,0.2031,Vague / Missing Context,0.1159,Conflicting Constraints,0.0402,202,0.570
6e8a5faa0c61a47fce91051658b21b78,3,No Smell,0.5600,Format Ambiguity,0.3283,Vague / Missing Context,0.0686,Conflicting Constraints,0.0171,55,0.544
6e8a5faa0c61a47fce91051658b21b78,4,No Smell,0.6204,Format Ambiguity,0.1471,Vague / Missing Context,0.0851,Conflicting Constraints,0.0449,426,0.613
6e8a5faa0c61a47fce91051658b21b78,5,No Smell,0.6007,Format Ambiguity,0.2232,Vague / Missing Context,0.0941,Formality / Audience Mismatch,0.0278,113,0.555
6e8a5faa0c61a47fce91051658b21b78,6,No Smell,0.4319,Format Ambiguity,0.3857,Vague / Missing Context,0.1187,Formality / Audience Mismatch,0.0226,56,0.544
12c44250ea29007d2f9f669926e8c41a,2,No Smell,0.4575,Format Ambiguity,0.2771,Vague / Missing Context,0.1725,Formality / Audience Mismatch,0.0321,24,0.541
12c44250ea29007d2f9f669926e8c41a,5,No Smell,0.4263,Vague / Missing Context,0.2759,Format Ambiguity,0.1960,Formality / Audience Mismatch,0.0288,20,0.531
12c44250ea29007d2f9f669926e8c41a,7,No Smell,0.3624,Vague / Missing Context,0.2991,Format Ambiguity,0.2562,Formality / Audience Mismatch,0.0267,33,0.542
12c44250ea29007d2f9f669926e8c41a,8,Vague / Missing Context,0.5274,No Smell,0.1916,Format Ambiguity,0.1093,Ambiguous References,0.0602,21,0.531
57457379b1ff09e6e69e4c6deaa9156d,1,Vague / Missing Context,0.3637,Bias / Loaded Framing,0.1536,No Smell,0.1349,Ambiguous References,0.0989,1072,0.824
8dfcfa7b781d4e518f7fb8347997c86e,1,Vague / Missing Context,0.3493,No Smell,0.1547,Bias / Loaded Framing,0.1481,Ambiguous References,0.0916,1100,0.826
1d051bede095b4245427910552b00047,1,No Smell,0.3781,Vague / Missing Context,0.3663,Format Ambiguity,0.1552,Ambiguous References,0.0392,161,0.558
1d051bede095b4245427910552b00047,2,Format Ambiguity,0.3449,Vague / Missing Context,0.3054,No Smell,0.2392,Ambiguous References,0.0531,196,0.572
1d051bede095b4245427910552b00047,3,No Smell,0.5580,Format Ambiguity,0.2484,Vague / Missing Context,0.1485,Conflicting Constraints,0.0167,30,0.543
1d051bede095b4245427910552b00047,4,No Smell,0.6096,Format Ambiguity,0.2472,Vague / Missing Context,0.0626,Ambiguous References,0.0273,156,0.569
ffde04f27b2e31a90653954b0e90cdab,1,No Smell,0.6283,Format Ambiguity,0.2065,Vague / Missing Context,0.0953,Formality / Audience Mismatch,0.0221,11,0.532
f70b38a6e01bf265e266ce0298b57183,1,No Smell,0.6058,Vague / Missing Context,0.1779,Format Ambiguity,0.0928,Formality / Audience Mismatch,0.0379,369,0.592
501ec836b3192e2dd589dcd84df766be,1,Vague / Missing Context,0.2951,No Smell,0.2250,Format Ambiguity,0.1121,Bias / Loaded Framing,0.1046,2510,1.503
c561cc0dc6074a443088bbc4698ef8db,1,No Smell,0.4836,Vague / Missing Context,0.2592,Format Ambiguity,0.1737,Formality / Audience Mismatch,0.0317,23,0.545
c561cc0dc6074a443088bbc4698ef8db,2,No Smell,0.5388,Vague / Missing Context,0.2365,Format Ambiguity,0.1435,Formality / Audience Mismatch,0.0337,30,0.543
c561cc0dc6074a443088bbc4698ef8db,3,No Smell,0.4613,Format Ambiguity,0.2526,Vague / Missing Context,0.1978,Formality / Audience Mismatch,0.0284,28,0.531
c561cc0dc6074a443088bbc4698ef8db,4,No Smell,0.4731,Vague / Missing Context,0.3403,Format Ambiguity,0.1111,Formality / Audience Mismatch,0.0330,17,0.542
c561cc0dc6074a443088bbc4698ef8db,5,No Smell,0.4858,Vague / Missing Context,0.2790,Format Ambiguity,0.1715,Formality / Audience Mismatch,0.0272,34,0.542
c561cc0dc6074a443088bbc4698ef8db,6,No Smell,0.4367,Vague / Missing Context,0.2756,Format Ambiguity,0.2067,Formality / Audience Mismatch,0.0265,40,0.542
c561cc0dc6074a443088bbc4698ef8db,7,No Smell,0.7354,Format Ambiguity,0.1758,Vague / Missing Context,0.0508,Formality / Audience Mismatch,0.0187,8,0.530
c561cc0dc6074a443088bbc4698ef8db,8,No Smell,0.4144,Vague / Missing Context,0.3451,Format Ambiguity,0.1562,Formality / Audience Mismatch,0.0276,41,0.542
c561cc0dc6074a443088bbc4698ef8db,9,No Smell,0.5207,Format Ambiguity,0.2154,Vague / Missing Context,0.2048,Formality / Audience Mismatch,0.0228,34,0.541
c561cc0dc6074a443088bbc4698ef8db,10,No Smell,0.3982,Vague / Missing Context,0.3161,Format Ambiguity,0.2022,Formality / Audience Mismatch,0.0291,42,0.542
c561cc0dc6074a443088bbc4698ef8db,11,No Smell,0.5418,Vague / Missing Context,0.2413,Format Ambiguity,0.1473,Formality / Audience Mismatch,0.0278,35,0.532
825d105282319ec4ed78595691d3be3c,1,No Smell,0.7360,Format Ambiguity,0.1331,Formality / Audience Mismatch,0.0392,Vague / Missing Context,0.0338,51,0.544
753dd244765f23abc8e512fa03e6a61d,7,No Smell,0.5601,Vague / Missing Context,0.2334,Format Ambiguity,0.1221,Formality / Audience Mismatch,0.0312,43,0.612
d72247a23990e5cd6aaac107ccf995db,1,No Smell,0.7413,Format Ambiguity,0.1353,Vague / Missing Context,0.0664,Conflicting Constraints,0.0249,43,0.542
484d3266f39e28c0660450c686c537e3,1,No Smell,0.6058,Vague / Missing Context,0.1779,Format Ambiguity,0.0928,Formality / Audience Mismatch,0.0379,369,0.064
db2f05635044fecb90b1898d76a10fa6,1,No Smell,0.6471,Format Ambiguity,0.1317,Vague / Missing Context,0.1265,Conflicting Constraints,0.0402,178,0.565
db2f05635044fecb90b1898d76a10fa6,2,Vague / Missing Context,0.5826,No Smell,0.2036,Ambiguous References,0.0856,Format Ambiguity,0.0375,163,0.557
db2f05635044fecb90b1898d76a10fa6,3,No Smell,0.3784,Vague / Missing Context,0.3088,Format Ambiguity,0.2035,Ambiguous References,0.0408,121,0.554
db2f05635044fecb90b1898d76a10fa6,4,No Smell,0.6224,Format Ambiguity,0.1301,Vague / Missing Context,0.1293,Conflicting Constraints,0.0444,344,0.591
453346fdd0ccb03b8318e4977473af25,1,No Smell,0.5508,Vague / Missing Context,0.2010,Format Ambiguity,0.1583,Formality / Audience Mismatch,0.0364,162,0.568
453346fdd0ccb03b8318e4977473af25,2,No Smell,0.5858,Format Ambiguity,0.2905,Vague / Missing Context,0.0778,Formality / Audience Mismatch,0.0194,10,0.532
453346fdd0ccb03b8318e4977473af25,3,No Smell,0.4951,Format Ambiguity,0.2085,Vague / Missing Context,0.2071,Formality / Audience Mismatch,0.0322,261,0.571
fef5b5b8f56db62e199c71d4350d960a,1,No Smell,0.4026,Vague / Missing Context,0.2038,Format Ambiguity,0.1811,Formality / Audience Mismatch,0.0652,201,0.569
fef5b5b8f56db62e199c71d4350d960a,2,No Smell,0.5439,Format Ambiguity,0.2815,Vague / Missing Context,0.0580,Formality / Audience Mismatch,0.0404,181,0.569
fef5b5b8f56db62e199c71d4350d960a,3,No Smell,0.4520,Format Ambiguity,0.3148,Vague / Missing Context,0.0949,Conflicting Constraints,0.0432,202,0.569
fef5b5b8f56db62e199c71d4350d960a,4,No Smell,0.3411,Format Ambiguity,0.2981,Vague / Missing Context,0.1963,Ambiguous References,0.0518,237,0.569
fef5b5b8f56db62e199c71d4350d960a,5,Vague / Missing Context,0.5725,No Smell,0.1422,Format Ambiguity,0.1321,Ambiguous References,0.0686,133,0.556
fef5b5b8f56db62e199c71d4350d960a,6,Vague / Missing Context,0.4797,No Smell,0.1938,Format Ambiguity,0.1706,Ambiguous References,0.0765,134,0.557
fef5b5b8f56db62e199c71d4350d960a,7,Vague / Missing Context,0.2891,No Smell,0.2821,Format Ambiguity,0.2541,Formality / Audience Mismatch,0.0510,116,0.557
fef5b5b8f56db62e199c71d4350d960a,8,No Smell,0.4097,Format Ambiguity,0.2960,Vague / Missing Context,0.1748,Formality / Audience Mismatch,0.0365,151,0.569
fef5b5b8f56db62e199c71d4350d960a,9,No Smell,0.4397,Format Ambiguity,0.2266,Vague / Missing Context,0.1623,Formality / Audience Mismatch,0.0514,200,0.569
fef5b5b8f56db62e199c71d4350d960a,10,No Smell,0.5399,Format Ambiguity,0.1862,Vague / Missing Context,0.1439,Formality / Audience Mismatch,0.0436,214,0.570
fef5b5b8f56db62e199c71d4350d960a,11,No Smell,0.5707,Format Ambiguity,0.2154,Vague / Missing Context,0.1087,Formality / Audience Mismatch,0.0337,217,0.589
fef5b5b8f56db62e199c71d4350d960a,12,No Smell,0.3518,Vague / Missing Context,0.2855,Format Ambiguity,0.2234,Ambiguous References,0.0382,184,0.566
fef5b5b8f56db62e199c71d4350d960a,13,No Smell,0.3669,Vague / Missing Context,0.3198,Format Ambiguity,0.1523,Bias / Loaded Framing,0.0503,104,0.555
fef5b5b8f56db62e199c71d4350d960a,14,Vague / Missing Context,0.3999,No Smell,0.3433,Format Ambiguity,0.1621,Ambiguous References,0.0275,29,0.541
fef5b5b8f56db62e199c71d4350d960a,15,No Smell,0.4552,Vague / Missing Context,0.2946,Format Ambiguity,0.1170,Ambiguous References,0.0384,74,0.541
fef5b5b8f56db62e199c71d4350d960a,16,No Smell,0.4252,Format Ambiguity,0.3207,Vague / Missing Context,0.1448,Formality / Audience Mismatch,0.0358,125,0.554
fef5b5b8f56db62e199c71d4350d960a,17,Vague / Missing Context,0.3517,No Smell,0.2608,Format Ambiguity,0.1845,Ambiguous References,0.0714,138,0.558
fef5b5b8f56db62e199c71d4350d960a,18,Vague / Missing Context,0.4153,No Smell,0.2248,Format Ambiguity,0.1716,Ambiguous References,0.0818,97,0.555
d118f8697b743c5dea8b15802c3b3224,1,No Smell,0.7559,Format Ambiguity,0.1185,Formality / Audience Mismatch,0.0449,Vague / Missing Context,0.0296,223,0.588
0e88267cc6b81e183fff26da28467c74,1,Ambiguous References,0.5493,Vague / Missing Context,0.3289,No Smell,0.0490,Formality / Audience Mismatch,0.0283,1154,0.862
0e88267cc6b81e183fff26da28467c74,2,Vague / Missing Context,0.4472,No Smell,0.1874,Format Ambiguity,0.1577,Ambiguous References,0.1338,866,0.779
f65088ce1df7aa08ede28cd5bcaa80b8,1,Vague / Missing Context,0.4914,No Smell,0.2179,Format Ambiguity,0.0898,Bias / Loaded Framing,0.0614,373,0.616
8944a06921a76500e630a0f0cff7eb78,1,Vague / Missing Context,0.3616,No Smell,0.3491,Format Ambiguity,0.1622,Ambiguous References,0.0630,81,0.546
a28fdf33ddfc9acefe689dd3b3912d26,1,Vague / Missing Context,0.4124,No Smell,0.2474,Format Ambiguity,0.1280,Bias / Loaded Framing,0.0752,454,0.640
ca9a887572726446b7086c231835f3ce,1,No Smell,0.5528,Formality / Audience Mismatch,0.1048,Format Ambiguity,0.0951,Conflicting Constraints,0.0708,855,0.704
6c9de37b1cd75040f367362ac29709f8,1,No Smell,0.6058,Vague / Missing Context,0.1779,Format Ambiguity,0.0928,Formality / Audience Mismatch,0.0379,369,0.066
4ad5b0c19e07f4dee4ba397f3e81c723,1,No Smell,0.4508,Vague / Missing Context,0.1801,Bias / Loaded Framing,0.1071,Format Ambiguity,0.0707,875,0.666
c267998625b20a5ea3a2ec77fe0c729e,2,No Smell,0.6861,Format Ambiguity,0.2023,Vague / Missing Context,0.0641,Conflicting Constraints,0.0191,58,0.543
c267998625b20a5ea3a2ec77fe0c729e,3,Vague / Missing Context,0.3190,No Smell,0.3028,Format Ambiguity,0.1774,Ambiguous References,0.0759,504,0.640
c267998625b20a5ea3a2ec77fe0c729e,4,Format Ambiguity,0.3644,No Smell,0.2819,Vague / Missing Context,0.2276,Ambiguous References,0.0731,156,0.559
c267998625b20a5ea3a2ec77fe0c729e,5,No Smell,0.2690,Vague / Missing Context,0.2687,Format Ambiguity,0.1847,Ambiguous References,0.1661,283,0.590
c267998625b20a5ea3a2ec77fe0c729e,6,No Smell,0.3448,Format Ambiguity,0.2396,Vague / Missing Context,0.1715,Ambiguous References,0.1611,478,0.616
c267998625b20a5ea3a2ec77fe0c729e,8,No Smell,0.4630,Format Ambiguity,0.2416,Vague / Missing Context,0.1483,Conflicting Constraints,0.0540,346,0.592
c267998625b20a5ea3a2ec77fe0c729e,9,No Smell,0.2977,Vague / Missing Context,0.2821,Format Ambiguity,0.1489,Ambiguous References,0.0925,273,0.590
c267998625b20a5ea3a2ec77fe0c729e,10,No Smell,0.5538,Vague / Missing Context,0.2492,Format Ambiguity,0.0923,Formality / Audience Mismatch,0.0478,64,0.544
c267998625b20a5ea3a2ec77fe0c729e,11,Vague / Missing Context,0.3206,No Smell,0.2859,Format Ambiguity,0.1150,Ambiguous References,0.0956,317,0.590
c267998625b20a5ea3a2ec77fe0c729e,12,No Smell,0.4209,Format Ambiguity,0.2526,Vague / Missing Context,0.2011,Formality / Audience Mismatch,0.0360,112,0.555
a7b87f2511d13554156336390932578b,1,No Smell,0.4576,Vague / Missing Context,0.1764,Bias / Loaded Framing,0.0929,Format Ambiguity,0.0824,894,0.695
1aa245de869fa8f56a8a4406acf11782,1,No Smell,0.6237,Vague / Missing Context,0.1408,Format Ambiguity,0.1124,Conflicting Constraints,0.0449,169,0.554
1aa245de869fa8f56a8a4406acf11782,2,No Smell,0.4816,Vague / Missing Context,0.2744,Format Ambiguity,0.1305,Formality / Audience Mismatch,0.0326,130,0.546
1aa245de869fa8f56a8a4406acf11782,3,No Smell,0.4639,Conflicting Constraints,0.1086,Vague / Missing Context,0.0862,Prompt Bloat / Convoluted Prompt,0.0654,496,0.636
1aa245de869fa8f56a8a4406acf11782,4,No Smell,0.4521,Vague / Missing Context,0.2058,Format Ambiguity,0.1961,Conflicting Constraints,0.0512,213,0.567
1aa245de869fa8f56a8a4406acf11782,5,No Smell,0.6160,Format Ambiguity,0.1715,Vague / Missing Context,0.1082,Conflicting Constraints,0.0472,201,0.568
1aa245de869fa8f56a8a4406acf11782,6,No Smell,0.5710,Vague / Missing Context,0.1447,Format Ambiguity,0.1348,Conflicting Constraints,0.0710,254,0.569
7f90605f295e14c28ddadb551cfb79e5,1,Vague / Missing Context,0.4369,No Smell,0.2442,Format Ambiguity,0.1134,Bias / Loaded Framing,0.0593,515,0.666
5aa6660c33ab41565dab1e6654a9bd50,1,No Smell,0.6274,Format Ambiguity,0.1595,Vague / Missing Context,0.0655,Conflicting Constraints,0.0527,790,0.663
5aa6660c33ab41565dab1e6654a9bd50,2,No Smell,0.6733,Format Ambiguity,0.1531,Conflicting Constraints,0.0487,Vague / Missing Context,0.0410,795,0.663
1872cdcb14f75579908caba0ebaeecec,1,Vague / Missing Context,0.4369,No Smell,0.2442,Format Ambiguity,0.1134,Bias / Loaded Framing,0.0593,515,0.065
2da6942b704a88a34c2c4a3d67b4779f,1,Vague / Missing Context,0.4258,No Smell,0.2586,Format Ambiguity,0.1117,Bias / Loaded Framing,0.0631,511,0.661
1492a2256de00838ed7a94597bda17bb,1,Vague / Missing Context,0.3626,No Smell,0.3181,Format Ambiguity,0.1329,Bias / Loaded Framing,0.0554,563,0.665
01a200bc346ff843b56c5db195fb13e1,1,Vague / Missing Context,0.3522,No Smell,0.3215,Format Ambiguity,0.1339,Bias / Loaded Framing,0.0542,597,0.698
192bed87f37c4e6189c4efc495a5c333,1,No Smell,0.3456,Vague / Missing Context,0.3156,Format Ambiguity,0.1372,Bias / Loaded Framing,0.0547,613,0.699
791a7209413e075ee30d8216ab449dba,1,No Smell,0.4385,Vague / Missing Context,0.1640,Format Ambiguity,0.0950,Conflicting Constraints,0.0945,4000,1.311
791a7209413e075ee30d8216ab449dba,2,No Smell,0.4672,Vague / Missing Context,0.1979,Format Ambiguity,0.1335,Conflicting Constraints,0.0564,813,0.738
791a7209413e075ee30d8216ab449dba,3,No Smell,0.6188,Vague / Missing Context,0.1433,Format Ambiguity,0.1353,Formality / Audience Mismatch,0.0411,163,0.558
731aab677c4bc0990762945f79271867,1,No Smell,0.3625,Vague / Missing Context,0.3035,Format Ambiguity,0.1320,Bias / Loaded Framing,0.0538,665,0.707
3351e6564b14e40c488448ee011b71cd,1,No Smell,0.5855,Format Ambiguity,0.2795,Vague / Missing Context,0.1013,Formality / Audience Mismatch,0.0140,27,0.541
3351e6564b14e40c488448ee011b71cd,2,No Smell,0.6213,Format Ambiguity,0.2251,Vague / Missing Context,0.1051,Conflicting Constraints,0.0189,48,0.542
c6262b6536402e2bd31b0efccc18436d,1,No Smell,0.3319,Vague / Missing Context,0.3095,Format Ambiguity,0.1456,Bias / Loaded Framing,0.0615,697,0.708
1d8f36a5e7044c7520069e98ce8fcdd1,2,No Smell,0.7047,Format Ambiguity,0.2027,Vague / Missing Context,0.0477,Formality / Audience Mismatch,0.0186,6,0.530
33796f66201da3ccad43df82ac8d1f40,1,No Smell,0.7122,Format Ambiguity,0.1234,Vague / Missing Context,0.0906,Conflicting Constraints,0.0272,191,0.588
33796f66201da3ccad43df82ac8d1f40,2,Vague / Missing Context,0.4932,No Smell,0.2777,Format Ambiguity,0.0861,Ambiguous References,0.0810,118,0.555
1a047c938b4151f1d568fedc1a37c523,1,Vague / Missing Context,0.3165,No Smell,0.2548,Bias / Loaded Framing,0.1044,Format Ambiguity,0.1040,1203,0.936
63b2f337340916c45bac88d7f303ef12,1,No Smell,0.3454,Vague / Missing Context,0.2013,Format Ambiguity,0.1534,Bias / Loaded Framing,0.0913,2267,1.298
34a9e24b9bae6dffcc4ed3e7080fb54d,1,Vague / Missing Context,0.4146,No Smell,0.3180,Format Ambiguity,0.1653,Formality / Audience Mismatch,0.0310,12,0.534
34a9e24b9bae6dffcc4ed3e7080fb54d,3,No Smell,0.3943,Vague / Missing Context,0.3305,Format Ambiguity,0.1934,Formality / Audience Mismatch,0.0291,36,0.544
34a9e24b9bae6dffcc4ed3e7080fb54d,4,No Smell,0.4269,Vague / Missing Context,0.2918,Format Ambiguity,0.1937,Formality / Audience Mismatch,0.0267,67,0.544
eb25414794b6db79e128f4c90df189ec,1,No Smell,0.5777,Vague / Missing Context,0.1825,Format Ambiguity,0.1231,Formality / Audience Mismatch,0.0396,69,0.544
007faedd5ed342b8df55ff12eaa56585,1,No Smell,0.3830,Vague / Missing Context,0.2280,Format Ambiguity,0.1968,Conflicting Constraints,0.0591,1091,1.009
206b8207860cb3eb40faeea850b4b011,1,No Smell,0.5085,Vague / Missing Context,0.1458,Conflicting Constraints,0.0976,Format Ambiguity,0.0653,4000,1.308
206b8207860cb3eb40faeea850b4b011,2,No Smell,0.5239,Vague / Missing Context,0.1615,Format Ambiguity,0.1259,Conflicting Constraints,0.0594,783,0.733
206b8207860cb3eb40faeea850b4b011,3,No Smell,0.6464,Format Ambiguity,0.1543,Vague / Missing Context,0.1103,Formality / Audience Mismatch,0.0394,203,0.569
e9071667cf61cc3e5cdabbfae46c23f3,1,Vague / Missing Context,0.4176,No Smell,0.2027,Ambiguous References,0.1484,Formality / Audience Mismatch,0.1162,76,0.547
eab2731631b45b0e4f51b02efd249386,1,No Smell,0.5480,Format Ambiguity,0.2667,Vague / Missing Context,0.1138,Formality / Audience Mismatch,0.0261,13,0.541
91fa61c60d1c0d1a2fb3f98d7df25ddb,1,No Smell,0.6574,Format Ambiguity,0.1109,Vague / Missing Context,0.0951,Formality / Audience Mismatch,0.0481,200,0.588
1ae015dde23e52372e5fe798d6033e00,1,No Smell,0.3454,Vague / Missing Context,0.2013,Format Ambiguity,0.1534,Bias / Loaded Framing,0.0913,2267,0.081
7bbbf68ec52f694758cd1a688998895b,3,No Smell,0.7508,Format Ambiguity,0.1241,Vague / Missing Context,0.0801,Formality / Audience Mismatch,0.0206,164,0.730
7bbbf68ec52f694758cd1a688998895b,5,No Smell,0.7177,Format Ambiguity,0.2242,Vague / Missing Context,0.0187,Formality / Audience Mismatch,0.0171,27,0.542
7bbbf68ec52f694758cd1a688998895b,6,Vague / Missing Context,0.4805,No Smell,0.2638,Ambiguous References,0.1062,Format Ambiguity,0.0650,655,0.819
7bbbf68ec52f694758cd1a688998895b,8,Vague / Missing Context,0.5836,No Smell,0.2087,Ambiguous References,0.1282,Format Ambiguity,0.0596,71,0.544
e24333cb5218725d5c49723209b6a806,1,No Smell,0.5701,Vague / Missing Context,0.2405,Format Ambiguity,0.0934,Formality / Audience Mismatch,0.0386,79,0.546
697349207f9f66368b29852302e1bd62,1,No Smell,0.5378,Vague / Missing Context,0.1963,Format Ambiguity,0.1601,Conflicting Constraints,0.0381,47,0.543
16b86603fbcf7c57d051b880845f4b24,6,No Smell,0.6895,Format Ambiguity,0.2202,Vague / Missing Context,0.0469,Formality / Audience Mismatch,0.0181,9,0.532
ed0b8ef829f3e0e31b22a4c7af4444be,1,No Smell,0.7122,Format Ambiguity,0.1234,Vague / Missing Context,0.0906,Conflicting Constraints,0.0272,191,0.063
ed0b8ef829f3e0e31b22a4c7af4444be,2,No Smell,0.6216,Format Ambiguity,0.2449,Vague / Missing Context,0.0656,Conflicting Constraints,0.0273,105,0.553
ed0b8ef829f3e0e31b22a4c7af4444be,3,No Smell,0.4068,Vague / Missing Context,0.3116,Format Ambiguity,0.1923,Ambiguous References,0.0304,85,0.544
ed0b8ef829f3e0e31b22a4c7af4444be,4,Vague / Missing Context,0.5668,No Smell,0.2309,Format Ambiguity,0.1016,Ambiguous References,0.0607,61,0.544
7976acc8898e6571a13029d2ac50fe91,1,No Smell,0.5252,Vague / Missing Context,0.1828,Format Ambiguity,0.0943,Ambiguous References,0.0637,425,0.614
7976acc8898e6571a13029d2ac50fe91,2,No Smell,0.4502,Vague / Missing Context,0.1776,Format Ambiguity,0.1461,Formality / Audience Mismatch,0.0721,51,0.543
7976acc8898e6571a13029d2ac50fe91,3,No Smell,0.6549,Format Ambiguity,0.2114,Vague / Missing Context,0.0751,Formality / Audience Mismatch,0.0269,22,0.532
7976acc8898e6571a13029d2ac50fe91,4,No Smell,0.6377,Format Ambiguity,0.2900,Vague / Missing Context,0.0251,Formality / Audience Mismatch,0.0195,24,0.541
7530eb591db79dfd4bdba7d862913c6f,1,No Smell,0.4754,Vague / Missing Context,0.1539,Conflicting Constraints,0.0927,Format Ambiguity,0.0801,4000,1.311
7530eb591db79dfd4bdba7d862913c6f,2,No Smell,0.4713,Vague / Missing Context,0.2195,Format Ambiguity,0.0970,Conflicting Constraints,0.0661,718,0.704
7530eb591db79dfd4bdba7d862913c6f,3,No Smell,0.5052,Vague / Missing Context,0.2115,Format Ambiguity,0.1336,Formality / Audience Mismatch,0.0475,342,0.593
dd03403720a9946232a7bd42a3e6a9d5,1,No Smell,0.6033,Vague / Missing Context,0.1842,Format Ambiguity,0.1584,Formality / Audience Mismatch,0.0250,8,0.534
04eea3615285124e24a9f370da3fef85,1,No Smell,0.5010,Vague / Missing Context,0.2601,Format Ambiguity,0.1322,Ambiguous References,0.0437,46,0.542
268882f1d749e67266f14e8de0874ec7,1,No Smell,0.5757,Vague / Missing Context,0.2184,Format Ambiguity,0.1300,Formality / Audience Mismatch,0.0259,48,0.543
ba3ed4e1a16f2ae1e656310ac925207a,1,No Smell,0.6024,Vague / Missing Context,0.1879,Format Ambiguity,0.1287,Formality / Audience Mismatch,0.0278,76,0.544
61c1679a2425b86f12314d107b823a7b,2,No Smell,0.6809,Format Ambiguity,0.2235,Vague / Missing Context,0.0499,Formality / Audience Mismatch,0.0200,25,0.542
3eec63895c796d96dba731328a4ff921,1,No Smell,0.4870,Vague / Missing Context,0.2628,Format Ambiguity,0.1510,Formality / Audience Mismatch,0.0316,114,0.556
c759c3a2305fd1fa753eaebab9411534,1,No Smell,0.7745,Format Ambiguity,0.1176,Vague / Missing Context,0.0467,Formality / Audience Mismatch,0.0249,41,0.542
c759c3a2305fd1fa753eaebab9411534,2,No Smell,0.6502,Format Ambiguity,0.1617,Vague / Missing Context,0.1190,Conflicting Constraints,0.0277,33,0.542
41ebe08cb2d63271cb2eef7fd4405f15,1,No Smell,0.4754,Vague / Missing Context,0.1539,Conflicting Constraints,0.0927,Format Ambiguity,0.0801,4000,0.093
41ebe08cb2d63271cb2eef7fd4405f15,2,No Smell,0.4065,Vague / Missing Context,0.2390,Format Ambiguity,0.1071,Conflicting Constraints,0.0755,831,0.740
41ebe08cb2d63271cb2eef7fd4405f15,3,No Smell,0.5042,Vague / Missing Context,0.2179,Format Ambiguity,0.1168,Formality / Audience Mismatch,0.0499,414,0.614
e036d28e6cd2aecd958a5ed36067be3b,1,No Smell,0.3272,Vague / Missing Context,0.2166,Format Ambiguity,0.1600,Ambiguous References,0.1179,4000,1.392
e036d28e6cd2aecd958a5ed36067be3b,2,Vague / Missing Context,0.2893,No Smell,0.2418,Format Ambiguity,0.2343,Ambiguous References,0.1664,146,0.558
e036d28e6cd2aecd958a5ed36067be3b,3,Vague / Missing Context,0.4474,No Smell,0.2802,Format Ambiguity,0.1435,Ambiguous References,0.0579,134,0.557
e036d28e6cd2aecd958a5ed36067be3b,4,Vague / Missing Context,0.3666,No Smell,0.2570,Format Ambiguity,0.1462,Ambiguous References,0.1307,331,0.591
e036d28e6cd2aecd958a5ed36067be3b,5,No Smell,0.3548,Vague / Missing Context,0.3401,Format Ambiguity,0.1717,Ambiguous References,0.0652,305,0.592
e036d28e6cd2aecd958a5ed36067be3b,6,Vague / Missing Context,0.3639,No Smell,0.2192,Format Ambiguity,0.1793,Ambiguous References,0.1445,231,0.587
7c52a18df06971c6cd903f787e235733,1,Vague / Missing Context,0.4274,No Smell,0.3298,Format Ambiguity,0.1383,Ambiguous References,0.0381,47,0.541
a6e0df144227e83400d0ad9e6856d6d2,1,No Smell,0.7042,Format Ambiguity,0.1661,Vague / Missing Context,0.0438,Conflicting Constraints,0.0399,190,0.556
a6e0df144227e83400d0ad9e6856d6d2,2,No Smell,0.6793,Format Ambiguity,0.1868,Vague / Missing Context,0.0480,Conflicting Constraints,0.0349,218,0.569
2ad1cd52ac0f31cace3028489ed4d526,1,No Smell,0.5194,Vague / Missing Context,0.1310,Conflicting Constraints,0.0986,Format Ambiguity,0.0652,4000,1.311
2ad1cd52ac0f31cace3028489ed4d526,2,No Smell,0.4065,Vague / Missing Context,0.2390,Format Ambiguity,0.1071,Conflicting Constraints,0.0755,831,0.068
2ad1cd52ac0f31cace3028489ed4d526,3,No Smell,0.5042,Vague / Missing Context,0.2179,Format Ambiguity,0.1168,Formality / Audience Mismatch,0.0499,414,0.063
81c0a89dc00cb557993de5b4473774da,1,No Smell,0.4018,Format Ambiguity,0.3488,Vague / Missing Context,0.1839,Conflicting Constraints,0.0252,114,0.557
81c0a89dc00cb557993de5b4473774da,2,No Smell,0.4056,Vague / Missing Context,0.2857,Format Ambiguity,0.2349,Ambiguous References,0.0280,43,0.541
81c0a89dc00cb557993de5b4473774da,3,No Smell,0.4207,Vague / Missing Context,0.3022,Format Ambiguity,0.1901,Conflicting Constraints,0.0339,105,0.555
81c0a89dc00cb557993de5b4473774da,4,No Smell,0.6123,Format Ambiguity,0.2459,Vague / Missing Context,0.0830,Conflicting Constraints,0.0222,37,0.542
81c0a89dc00cb557993de5b4473774da,5,No Smell,0.4820,Vague / Missing Context,0.2450,Format Ambiguity,0.1916,Formality / Audience Mismatch,0.0290,44,0.542
81c0a89dc00cb557993de5b4473774da,6,No Smell,0.5796,Format Ambiguity,0.2637,Vague / Missing Context,0.0978,Formality / Audience Mismatch,0.0192,24,0.543
81c0a89dc00cb557993de5b4473774da,7,No Smell,0.4931,Vague / Missing Context,0.2513,Format Ambiguity,0.1880,Formality / Audience Mismatch,0.0243,21,0.532
81c0a89dc00cb557993de5b4473774da,8,No Smell,0.6139,Format Ambiguity,0.2610,Vague / Missing Context,0.0786,Formality / Audience Mismatch,0.0194,21,0.543
81c0a89dc00cb557993de5b4473774da,9,No Smell,0.5645,Format Ambiguity,0.3199,Vague / Missing Context,0.0656,Formality / Audience Mismatch,0.0196,54,0.543
81c0a89dc00cb557993de5b4473774da,10,No Smell,0.6168,Format Ambiguity,0.2287,Vague / Missing Context,0.0719,Formality / Audience Mismatch,0.0353,149,0.590
81c0a89dc00cb557993de5b4473774da,11,Vague / Missing Context,0.5398,No Smell,0.1948,Format Ambiguity,0.1853,Ambiguous References,0.0510,76,0.544
e6da6c7e116567ba65bb8d352527f300,1,No Smell,0.7914,Format Ambiguity,0.1269,Vague / Missing Context,0.0243,Formality / Audience Mismatch,0.0232,54,0.542
e6da6c7e116567ba65bb8d352527f300,2,No Smell,0.4881,Format Ambiguity,0.2684,Vague / Missing Context,0.1656,Bias / Loaded Framing,0.0233,28,0.529
e6da6c7e116567ba65bb8d352527f300,3,No Smell,0.5146,Vague / Missing Context,0.2174,Format Ambiguity,0.1586,Conflicting Constraints,0.0370,70,0.541
e6da6c7e116567ba65bb8d352527f300,4,No Smell,0.6228,Format Ambiguity,0.1555,Vague / Missing Context,0.1437,Formality / Audience Mismatch,0.0275,59,0.541
e6da6c7e116567ba65bb8d352527f300,5,No Smell,0.6205,Vague / Missing Context,0.2173,Format Ambiguity,0.0826,Formality / Audience Mismatch,0.0373,91,0.554
72b8d798d6fc169a1d61eeebb71378bd,1,No Smell,0.5657,Format Ambiguity,0.1718,Vague / Missing Context,0.1491,Formality / Audience Mismatch,0.0384,117,0.553
72b8d798d6fc169a1d61eeebb71378bd,2,No Smell,0.5861,Format Ambiguity,0.2429,Vague / Missing Context,0.0916,Formality / Audience Mismatch,0.0229,24,0.540
50874815c196147db493493745f63bfd,1,Vague / Missing Context,0.4003,No Smell,0.3901,Format Ambiguity,0.0877,Ambiguous References,0.0379,54,0.541
50874815c196147db493493745f63bfd,2,Vague / Missing Context,0.4660,No Smell,0.1961,Format Ambiguity,0.1634,Ambiguous References,0.1088,101,0.556
1909051ef3d63d92d3be551e03ac9db2,3,No Smell,0.4928,Format Ambiguity,0.2743,Vague / Missing Context,0.1723,Conflicting Constraints,0.0211,37,0.542
1909051ef3d63d92d3be551e03ac9db2,4,No Smell,0.6082,Format Ambiguity,0.1759,Vague / Missing Context,0.0805,Formality / Audience Mismatch,0.0387,413,0.638
1909051ef3d63d92d3be551e03ac9db2,5,No Smell,0.5542,Format Ambiguity,0.2202,Vague / Missing Context,0.0889,Formality / Audience Mismatch,0.0482,240,0.591
1909051ef3d63d92d3be551e03ac9db2,6,No Smell,0.6975,Format Ambiguity,0.1890,Vague / Missing Context,0.0389,Formality / Audience Mismatch,0.0315,232,0.588
29898dbe40eea074c5e2d4adeff4964c,1,No Smell,0.5194,Vague / Missing Context,0.1310,Conflicting Constraints,0.0986,Format Ambiguity,0.0652,4000,0.093
29898dbe40eea074c5e2d4adeff4964c,2,No Smell,0.4393,Vague / Missing Context,0.2190,Format Ambiguity,0.1054,Conflicting Constraints,0.0694,956,0.743
8a1cf3a11808da4856defc295372002c,1,No Smell,0.6534,Format Ambiguity,0.2149,Vague / Missing Context,0.0437,Formality / Audience Mismatch,0.0282,179,0.559
8a1cf3a11808da4856defc295372002c,2,No Smell,0.5592,Format Ambiguity,0.2679,Vague / Missing Context,0.0931,Formality / Audience Mismatch,0.0240,26,0.532
0ef9ca531f05135c065742fbb5974e0a,3,No Smell,0.5268,Format Ambiguity,0.2173,Vague / Missing Context,0.1214,Conflicting Constraints,0.0417,397,0.693
a51bf57d38d37546d268cc78b1c324a5,2,No Smell,0.5774,Vague / Missing Context,0.1890,Format Ambiguity,0.1407,Formality / Audience Mismatch,0.0314,226,0.568
a51bf57d38d37546d268cc78b1c324a5,3,No Smell,0.5571,Format Ambiguity,0.2702,Vague / Missing Context,0.1067,Formality / Audience Mismatch,0.0279,23,0.531
a51bf57d38d37546d268cc78b1c324a5,4,No Smell,0.4520,Format Ambiguity,0.2918,Vague / Missing Context,0.1607,Conflicting Constraints,0.0334,16,0.542
a51bf57d38d37546d268cc78b1c324a5,5,No Smell,0.3616,Format Ambiguity,0.3581,Vague / Missing Context,0.1985,Formality / Audience Mismatch,0.0237,20,0.541
a51bf57d38d37546d268cc78b1c324a5,6,No Smell,0.6437,Format Ambiguity,0.2405,Vague / Missing Context,0.0627,Formality / Audience Mismatch,0.0226,19,0.540
a51bf57d38d37546d268cc78b1c324a5,7,No Smell,0.6134,Format Ambiguity,0.3013,Vague / Missing Context,0.0376,Formality / Audience Mismatch,0.0172,7,0.531
a51bf57d38d37546d268cc78b1c324a5,8,No Smell,0.6043,Format Ambiguity,0.3033,Vague / Missing Context,0.0385,Conflicting Constraints,0.0182,9,0.531
a51bf57d38d37546d268cc78b1c324a5,9,No Smell,0.5342,Format Ambiguity,0.2872,Vague / Missing Context,0.1144,Formality / Audience Mismatch,0.0236,15,0.531
a51bf57d38d37546d268cc78b1c324a5,10,No Smell,0.6148,Format Ambiguity,0.1558,Vague / Missing Context,0.1506,Formality / Audience Mismatch,0.0346,88,0.543
4fabb2708205dab9cca1528ffcb28cf3,1,No Smell,0.6496,Formality / Audience Mismatch,0.1095,Vague / Missing Context,0.0643,Bias / Loaded Framing,0.0635,2049,0.923
553a75c9a93925679db99dc5d3051cc5,1,Vague / Missing Context,0.3635,No Smell,0.3013,Format Ambiguity,0.1290,Ambiguous References,0.0957,566,0.620
c14eb9f901aa89890331e8202ef0c4a1,1,Vague / Missing Context,0.3474,No Smell,0.3299,Format Ambiguity,0.1236,Ambiguous References,0.0945,557,0.619
5b0178b3ee00832177ed0fb06851c8ee,1,No Smell,0.4767,Vague / Missing Context,0.1856,Conflicting Constraints,0.1004,Format Ambiguity,0.0690,4000,1.318
5b0178b3ee00832177ed0fb06851c8ee,2,No Smell,0.4025,Vague / Missing Context,0.2527,Format Ambiguity,0.0942,Conflicting Constraints,0.0761,902,0.745
5b0178b3ee00832177ed0fb06851c8ee,3,No Smell,0.4503,Vague / Missing Context,0.2510,Format Ambiguity,0.1199,Conflicting Constraints,0.0505,427,0.616
95652ea60c06cc41698d443abf216189,1,No Smell,0.6429,Format Ambiguity,0.1212,Vague / Missing Context,0.0809,Conflicting Constraints,0.0574,571,0.700
95652ea60c06cc41698d443abf216189,2,Vague / Missing Context,0.3182,Format Ambiguity,0.2360,No Smell,0.2255,Ambiguous References,0.0792,1338,0.918
95652ea60c06cc41698d443abf216189,3,Vague / Missing Context,0.4195,No Smell,0.2756,Format Ambiguity,0.2087,Ambiguous References,0.0612,146,0.589
95652ea60c06cc41698d443abf216189,4,Vague / Missing Context,0.3724,No Smell,0.1509,Format Ambiguity,0.1470,Ambiguous References,0.1160,1760,0.969
95652ea60c06cc41698d443abf216189,5,No Smell,0.2692,Vague / Missing Context,0.2545,Format Ambiguity,0.1742,Ambiguous References,0.1432,411,0.641
95652ea60c06cc41698d443abf216189,6,Vague / Missing Context,0.5957,Ambiguous References,0.1870,No Smell,0.0980,Format Ambiguity,0.0684,1735,0.969
a546350348cd3e96189a540a327be94c,1,Vague / Missing Context,0.5843,No Smell,0.1277,Format Ambiguity,0.1168,Overloaded Prompt,0.0503,211,0.589
722f1ca80f8daa005b8fc2526fb0df57,1,No Smell,0.5393,Vague / Missing Context,0.2573,Format Ambiguity,0.1202,Formality / Audience Mismatch,0.0357,104,0.557
722f1ca80f8daa005b8fc2526fb0df57,2,No Smell,0.8391,Format Ambiguity,0.0596,Conflicting Constraints,0.0487,Formality / Audience Mismatch,0.0260,1206,0.738
722f1ca80f8daa005b8fc2526fb0df57,3,No Smell,0.8056,Format Ambiguity,0.0727,Conflicting Constraints,0.0543,Formality / Audience Mismatch,0.0259,1393,0.744
722f1ca80f8daa005b8fc2526fb0df57,4,No Smell,0.7394,Format Ambiguity,0.0762,Conflicting Constraints,0.0635,Vague / Missing Context,0.0522,1093,0.668
722f1ca80f8daa005b8fc2526fb0df57,5,No Smell,0.6799,Conflicting Constraints,0.0961,Formality / Audience Mismatch,0.0536,Format Ambiguity,0.0515,1919,0.868
722f1ca80f8daa005b8fc2526fb0df57,6,No Smell,0.4568,Format Ambiguity,0.2465,Vague / Missing Context,0.1384,Formality / Audience Mismatch,0.0406,140,0.558
722f1ca80f8daa005b8fc2526fb0df57,7,No Smell,0.6358,Format Ambiguity,0.1302,Conflicting Constraints,0.0732,Formality / Audience Mismatch,0.0502,1246,0.740
722f1ca80f8daa005b8fc2526fb0df57,8,No Smell,0.7126,Format Ambiguity,0.0924,Formality / Audience Mismatch,0.0625,Conflicting Constraints,0.0494,590,0.617
722f1ca80f8daa005b8fc2526fb0df57,9,No Smell,0.6278,Conflicting Constraints,0.0854,Formality / Audience Mismatch,0.0819,Format Ambiguity,0.0654,645,0.645
722f1ca80f8daa005b8fc2526fb0df57,10,No Smell,0.6267,Format Ambiguity,0.2032,Vague / Missing Context,0.0765,Conflicting Constraints,0.0391,403,0.613
722f1ca80f8daa005b8fc2526fb0df57,11,No Smell,0.7596,Conflicting Constraints,0.0628,Format Ambiguity,0.0621,Vague / Missing Context,0.0460,1010,0.666
b14410647c14e4710af5e23e3fd64885,1,No Smell,0.6486,Format Ambiguity,0.2105,Vague / Missing Context,0.0622,Formality / Audience Mismatch,0.0318,44,0.543
ef2c036fae50d0f00d76d8615d10950b,1,Vague / Missing Context,0.4564,No Smell,0.2929,Format Ambiguity,0.1279,Ambiguous References,0.0529,66,0.555
ef2c036fae50d0f00d76d8615d10950b,2,Vague / Missing Context,0.5712,No Smell,0.1829,Format Ambiguity,0.0959,Ambiguous References,0.0603,39,0.541
ef2c036fae50d0f00d76d8615d10950b,3,Vague / Missing Context,0.3482,No Smell,0.3210,Format Ambiguity,0.2403,Formality / Audience Mismatch,0.0256,39,0.540
1e7e3f405c5cd6deb7b575ddcce9a646,1,Vague / Missing Context,0.3678,Ambiguous References,0.1718,No Smell,0.1613,Format Ambiguity,0.1383,3461,1.606
1e7e3f405c5cd6deb7b575ddcce9a646,2,Vague / Missing Context,0.4662,No Smell,0.2466,Format Ambiguity,0.1103,Ambiguous References,0.0594,2199,1.204
1e7e3f405c5cd6deb7b575ddcce9a646,3,Vague / Missing Context,0.3690,Ambiguous References,0.2355,Format Ambiguity,0.1482,No Smell,0.1212,3039,1.526
f66180bc2a14f244f012196cfcb14fcf,1,No Smell,0.4259,Format Ambiguity,0.3277,Vague / Missing Context,0.1067,Conflicting Constraints,0.0667,375,0.615
4c7d5d510d66c5ee187e5cc576889be6,1,No Smell,0.5785,Vague / Missing Context,0.2102,Format Ambiguity,0.1090,Conflicting Constraints,0.0354,115,0.544
4c7d5d510d66c5ee187e5cc576889be6,2,No Smell,0.4935,Vague / Missing Context,0.2363,Format Ambiguity,0.1215,Formality / Audience Mismatch,0.0440,169,0.555
4c7d5d510d66c5ee187e5cc576889be6,3,No Smell,0.7420,Format Ambiguity,0.0950,Conflicting Constraints,0.0556,Vague / Missing Context,0.0468,349,0.589
4c7d5d510d66c5ee187e5cc576889be6,4,No Smell,0.5486,Format Ambiguity,0.2123,Vague / Missing Context,0.1323,Conflicting Constraints,0.0353,155,0.557
4c7d5d510d66c5ee187e5cc576889be6,5,No Smell,0.5330,Vague / Missing Context,0.2065,Format Ambiguity,0.1188,Conflicting Constraints,0.0500,236,0.569
9bec695c5f401031ef71731328170799,1,No Smell,0.5317,Vague / Missing Context,0.1521,Conflicting Constraints,0.0851,Format Ambiguity,0.0626,4000,1.324
9bec695c5f401031ef71731328170799,2,No Smell,0.5043,Vague / Missing Context,0.1942,Conflicting Constraints,0.0782,Format Ambiguity,0.0744,736,0.710
9bec695c5f401031ef71731328170799,3,No Smell,0.4191,Vague / Missing Context,0.2178,Format Ambiguity,0.1953,Ambiguous References,0.0549,196,0.570
eb3c8fb3f55cc910b4f0545ae1d52ac1,1,No Smell,0.5629,Vague / Missing Context,0.2127,Format Ambiguity,0.1214,Formality / Audience Mismatch,0.0345,42,0.545
d7b647f38efb83bb1a53f235423539ed,2,No Smell,0.6920,Format Ambiguity,0.2197,Vague / Missing Context,0.0387,Formality / Audience Mismatch,0.0213,28,0.532
d7b647f38efb83bb1a53f235423539ed,3,No Smell,0.5227,Format Ambiguity,0.2830,Vague / Missing Context,0.1311,Formality / Audience Mismatch,0.0234,25,0.542
186f02901f43745794fd8428b1f2f629,1,No Smell,0.4857,Vague / Missing Context,0.2777,Format Ambiguity,0.1227,Ambiguous References,0.0382,101,0.546
186f02901f43745794fd8428b1f2f629,2,No Smell,0.5223,Vague / Missing Context,0.2189,Format Ambiguity,0.1081,Ambiguous References,0.0615,78,0.544
186f02901f43745794fd8428b1f2f629,3,No Smell,0.5673,Vague / Missing Context,0.1631,Format Ambiguity,0.1382,Ambiguous References,0.0448,60,0.545
186f02901f43745794fd8428b1f2f629,4,No Smell,0.5598,Vague / Missing Context,0.1753,Format Ambiguity,0.1628,Formality / Audience Mismatch,0.0344,113,0.556
186f02901f43745794fd8428b1f2f629,5,No Smell,0.5279,Vague / Missing Context,0.1989,Format Ambiguity,0.1687,Formality / Audience Mismatch,0.0310,94,0.545
186f02901f43745794fd8428b1f2f629,6,Vague / Missing Context,0.3550,No Smell,0.3409,Ambiguous References,0.1429,Format Ambiguity,0.1047,167,0.568
186f02901f43745794fd8428b1f2f629,7,Vague / Missing Context,0.5083,No Smell,0.2163,Format Ambiguity,0.1142,Ambiguous References,0.0996,116,0.546
6303ae55bcf2bdea92c27ebf8ba18c38,1,No Smell,0.7970,Format Ambiguity,0.0889,Vague / Missing Context,0.0475,Formality / Audience Mismatch,0.0273,78,0.543
3a954b386bbacfd4b60ba244a5d549f9,1,No Smell,0.5917,Vague / Missing Context,0.1612,Format Ambiguity,0.1269,Conflicting Constraints,0.0480,209,0.569
3a954b386bbacfd4b60ba244a5d549f9,2,No Smell,0.4032,Vague / Missing Context,0.3588,Format Ambiguity,0.1010,Ambiguous References,0.0730,71,0.543
3a954b386bbacfd4b60ba244a5d549f9,3,No Smell,0.5433,Vague / Missing Context,0.2182,Format Ambiguity,0.1199,Conflicting Constraints,0.0369,112,0.556
3a954b386bbacfd4b60ba244a5d549f9,4,Vague / Missing Context,0.5514,No Smell,0.2490,Format Ambiguity,0.0749,Ambiguous References,0.0723,49,0.543
07a97475c35edd0b9053db928fd79b76,1,No Smell,0.5401,Format Ambiguity,0.1194,Vague / Missing Context,0.1064,Bias / Loaded Framing,0.0688,346,0.614
363f8ce0e86f77092078368f8be6cf64,1,No Smell,0.5223,Format Ambiguity,0.1908,Vague / Missing Context,0.1819,Conflicting Constraints,0.0325,41,0.543
f801db3e492cc93bff743df87a82ecb0,1,No Smell,0.5683,Format Ambiguity,0.1245,Vague / Missing Context,0.0958,Formality / Audience Mismatch,0.0628,361,0.613
fcf8a7347a8deeefa84416f33bac05cc,1,No Smell,0.5385,Format Ambiguity,0.2074,Vague / Missing Context,0.0829,Formality / Audience Mismatch,0.0419,289,0.591
fcf8a7347a8deeefa84416f33bac05cc,2,No Smell,0.7515,Format Ambiguity,0.1935,Vague / Missing Context,0.0217,Formality / Audience Mismatch,0.0159,26,0.532
a34d995d3a0c42c0d3f167bbaf39bf85,1,No Smell,0.5375,Format Ambiguity,0.1201,Vague / Missing Context,0.1024,Bias / Loaded Framing,0.0798,404,0.614
4664526cf81ccd02293f7b7f26bacadd,1,No Smell,0.5375,Format Ambiguity,0.1201,Vague / Missing Context,0.1024,Bias / Loaded Framing,0.0798,404,0.049
2e108a974fca0d7f86db1ca311c55749,1,No Smell,0.4897,Vague / Missing Context,0.1692,Conflicting Constraints,0.0941,Format Ambiguity,0.0704,4000,1.312
2e108a974fca0d7f86db1ca311c55749,2,No Smell,0.5228,Vague / Missing Context,0.2051,Conflicting Constraints,0.0710,Format Ambiguity,0.0567,840,0.742
2e108a974fca0d7f86db1ca311c55749,3,No Smell,0.3474,Vague / Missing Context,0.2941,Format Ambiguity,0.1823,Ambiguous References,0.0738,200,0.570
2e108a974fca0d7f86db1ca311c55749,4,Vague / Missing Context,0.3985,No Smell,0.3407,Format Ambiguity,0.1472,Ambiguous References,0.0433,78,0.547
1e9fb9c9c7f867bc668037a51cc76fed,1,No Smell,0.4619,Vague / Missing Context,0.2579,Format Ambiguity,0.1513,Ambiguous References,0.0751,32,0.542
1e9fb9c9c7f867bc668037a51cc76fed,2,No Smell,0.6048,Format Ambiguity,0.3025,Vague / Missing Context,0.0520,Conflicting Constraints,0.0188,72,0.544
c4275c848f806e56861b98e4cd05bc94,1,No Smell,0.5375,Format Ambiguity,0.1201,Vague / Missing Context,0.1024,Bias / Loaded Framing,0.0798,404,0.064
635f90c4d2e88dceb1b898f969f4194b,1,No Smell,0.4944,Vague / Missing Context,0.2205,Format Ambiguity,0.1485,Conflicting Constraints,0.0451,122,0.554
635f90c4d2e88dceb1b898f969f4194b,2,No Smell,0.5895,Format Ambiguity,0.1662,Conflicting Constraints,0.0702,Vague / Missing Context,0.0667,730,0.690
635f90c4d2e88dceb1b898f969f4194b,3,No Smell,0.6598,Vague / Missing Context,0.1456,Format Ambiguity,0.1371,Formality / Audience Mismatch,0.0261,41,0.544
635f90c4d2e88dceb1b898f969f4194b,4,Vague / Missing Context,0.5039,No Smell,0.2421,Format Ambiguity,0.0945,Ambiguous References,0.0623,24,0.544
78282df8b4806e8bacc2c1cdd38cc49f,1,Vague / Missing Context,0.3500,No Smell,0.3059,Format Ambiguity,0.2548,Ambiguous References,0.0295,67,0.545
d18b3a71a0254c80c5389141f6ecbea2,2,No Smell,0.4852,Vague / Missing Context,0.1996,Format Ambiguity,0.1723,Ambiguous References,0.0445,391,0.616
d18b3a71a0254c80c5389141f6ecbea2,3,No Smell,0.5050,Format Ambiguity,0.2182,Vague / Missing Context,0.1197,Conflicting Constraints,0.0430,472,0.639
6ca4c4b06567ddbad5bccc26e48835de,1,No Smell,0.4885,Vague / Missing Context,0.2734,Format Ambiguity,0.1233,Formality / Audience Mismatch,0.0376,43,0.543
6ca4c4b06567ddbad5bccc26e48835de,2,No Smell,0.5865,Format Ambiguity,0.2862,Formality / Audience Mismatch,0.0340,Vague / Missing Context,0.0317,68,0.544
011d4d84cd5da3f2133c253999905cf3,1,Ambiguous References,0.2520,No Smell,0.2475,Vague / Missing Context,0.2286,Format Ambiguity,0.2177,751,0.734
011d4d84cd5da3f2133c253999905cf3,2,Format Ambiguity,0.2865,No Smell,0.2400,Vague / Missing Context,0.1863,Ambiguous References,0.0729,780,0.737
011d4d84cd5da3f2133c253999905cf3,3,Vague / Missing Context,0.3408,No Smell,0.2176,Format Ambiguity,0.1846,Ambiguous References,0.1141,429,0.640
011d4d84cd5da3f2133c253999905cf3,4,Vague / Missing Context,0.3099,No Smell,0.2934,Format Ambiguity,0.2175,Ambiguous References,0.1051,192,0.571
011d4d84cd5da3f2133c253999905cf3,5,No Smell,0.4099,Format Ambiguity,0.2867,Vague / Missing Context,0.2165,Ambiguous References,0.0415,93,0.545
011d4d84cd5da3f2133c253999905cf3,6,No Smell,0.3612,Vague / Missing Context,0.2877,Format Ambiguity,0.2006,Ambiguous References,0.0383,110,0.557
011d4d84cd5da3f2133c253999905cf3,7,Vague / Missing Context,0.3720,No Smell,0.2914,Format Ambiguity,0.1399,Ambiguous References,0.1046,215,0.570
011d4d84cd5da3f2133c253999905cf3,8,No Smell,0.3754,Vague / Missing Context,0.2418,Format Ambiguity,0.1737,Ambiguous References,0.0811,397,0.614
011d4d84cd5da3f2133c253999905cf3,9,No Smell,0.6673,Format Ambiguity,0.2516,Vague / Missing Context,0.0324,Conflicting Constraints,0.0228,246,0.572
c77ac4ce9c71fef0d239f97a4b25b757,1,No Smell,0.3872,Vague / Missing Context,0.3069,Format Ambiguity,0.2040,Formality / Audience Mismatch,0.0319,54,0.543
c77ac4ce9c71fef0d239f97a4b25b757,2,Vague / Missing Context,0.4349,No Smell,0.3062,Format Ambiguity,0.1450,Formality / Audience Mismatch,0.0303,32,0.543
c77ac4ce9c71fef0d239f97a4b25b757,3,Vague / Missing Context,0.3698,No Smell,0.3596,Format Ambiguity,0.1255,Conflicting Constraints,0.0415,45,0.543
d2f62d510007bc92154f152c1f0be678,1,No Smell,0.5330,Vague / Missing Context,0.2065,Format Ambiguity,0.1188,Conflicting Constraints,0.0500,236,0.063
d2f62d510007bc92154f152c1f0be678,2,No Smell,0.6497,Vague / Missing Context,0.1030,Conflicting Constraints,0.0830,Format Ambiguity,0.0815,627,0.637
d2f62d510007bc92154f152c1f0be678,3,No Smell,0.5264,Vague / Missing Context,0.1778,Format Ambiguity,0.0893,Ambiguous References,0.0692,173,0.557
d2f62d510007bc92154f152c1f0be678,4,No Smell,0.5092,Format Ambiguity,0.1956,Vague / Missing Context,0.1934,Formality / Audience Mismatch,0.0301,210,0.570
d2f62d510007bc92154f152c1f0be678,5,No Smell,0.4334,Vague / Missing Context,0.2820,Format Ambiguity,0.1820,Ambiguous References,0.0402,120,0.545
d2f62d510007bc92154f152c1f0be678,6,No Smell,0.5932,Vague / Missing Context,0.1674,Format Ambiguity,0.1153,Conflicting Constraints,0.0563,350,0.592
d2f62d510007bc92154f152c1f0be678,7,No Smell,0.6595,Vague / Missing Context,0.1179,Format Ambiguity,0.1121,Conflicting Constraints,0.0537,254,0.570
d2f62d510007bc92154f152c1f0be678,8,No Smell,0.5674,Vague / Missing Context,0.1781,Format Ambiguity,0.1523,Conflicting Constraints,0.0356,122,0.546
14197bbef18690e8ff91863d1aedd9f6,1,No Smell,0.4492,Vague / Missing Context,0.1952,Format Ambiguity,0.1836,Bias / Loaded Framing,0.0495,507,0.639
ce00ba9a703087714c8183707c466d47,1,No Smell,0.6018,Vague / Missing Context,0.2075,Format Ambiguity,0.1059,Formality / Audience Mismatch,0.0331,78,0.542
ce00ba9a703087714c8183707c466d47,2,Vague / Missing Context,0.4854,No Smell,0.3148,Format Ambiguity,0.1134,Ambiguous References,0.0295,75,0.543
ce00ba9a703087714c8183707c466d47,3,No Smell,0.4508,Vague / Missing Context,0.2701,Format Ambiguity,0.1550,Formality / Audience Mismatch,0.0348,102,0.544
ce00ba9a703087714c8183707c466d47,4,No Smell,0.5633,Format Ambiguity,0.2826,Vague / Missing Context,0.0613,Conflicting Constraints,0.0356,63,0.541
ce00ba9a703087714c8183707c466d47,5,No Smell,0.5176,Format Ambiguity,0.2452,Vague / Missing Context,0.1695,Formality / Audience Mismatch,0.0268,8,0.531
ce00ba9a703087714c8183707c466d47,6,No Smell,0.3801,Vague / Missing Context,0.3236,Format Ambiguity,0.1978,Formality / Audience Mismatch,0.0335,61,0.544
9204e34e9f6caced40c3eb182a0a98a1,1,No Smell,0.6509,Vague / Missing Context,0.0910,Format Ambiguity,0.0780,Formality / Audience Mismatch,0.0718,1838,0.938
f0aba989afa9d17b5cb99a5bb0932695,1,Format Ambiguity,0.3771,No Smell,0.3501,Overloaded Prompt,0.0921,Conflicting Constraints,0.0496,863,0.951
f0aba989afa9d17b5cb99a5bb0932695,3,No Smell,0.4777,Vague / Missing Context,0.2880,Format Ambiguity,0.1568,Ambiguous References,0.0250,134,0.559
0e2e8faca90b65a3bf776f125f5dada5,1,No Smell,0.5050,Format Ambiguity,0.2182,Vague / Missing Context,0.1197,Conflicting Constraints,0.0430,472,0.067
0e2e8faca90b65a3bf776f125f5dada5,2,No Smell,0.3669,Vague / Missing Context,0.2538,Format Ambiguity,0.2350,Ambiguous References,0.0545,114,0.553
0e2e8faca90b65a3bf776f125f5dada5,3,Vague / Missing Context,0.4901,No Smell,0.2175,Format Ambiguity,0.1574,Ambiguous References,0.0805,55,0.542
0e2e8faca90b65a3bf776f125f5dada5,4,No Smell,0.3406,Format Ambiguity,0.2798,Vague / Missing Context,0.1958,Ambiguous References,0.0951,185,0.568
0e2e8faca90b65a3bf776f125f5dada5,5,No Smell,0.3502,Vague / Missing Context,0.3113,Format Ambiguity,0.2386,Bias / Loaded Framing,0.0284,92,0.544
0e2e8faca90b65a3bf776f125f5dada5,6,Vague / Missing Context,0.2766,No Smell,0.2500,Format Ambiguity,0.2150,Ambiguous References,0.1477,180,0.570
0e2e8faca90b65a3bf776f125f5dada5,7,No Smell,0.5995,Format Ambiguity,0.2449,Vague / Missing Context,0.0946,Formality / Audience Mismatch,0.0217,80,0.543
0e2e8faca90b65a3bf776f125f5dada5,8,No Smell,0.2854,Vague / Missing Context,0.2579,Format Ambiguity,0.2003,Ambiguous References,0.1512,224,0.589
12bf56e52d17281f15162ad15f8d204a,1,No Smell,0.4459,Format Ambiguity,0.3328,Vague / Missing Context,0.0607,Conflicting Constraints,0.0545,978,0.915
8d9c824ff3d1de6bd4b25650a8866c7e,1,No Smell,0.5491,Vague / Missing Context,0.1481,Format Ambiguity,0.1357,Formality / Audience Mismatch,0.0459,395,0.614
8d9c824ff3d1de6bd4b25650a8866c7e,2,No Smell,0.6614,Format Ambiguity,0.2745,Vague / Missing Context,0.0260,Conflicting Constraints,0.0149,28,0.543
8d9c824ff3d1de6bd4b25650a8866c7e,3,No Smell,0.5308,Format Ambiguity,0.1741,Vague / Missing Context,0.1285,Conflicting Constraints,0.0731,315,0.590
8d9c824ff3d1de6bd4b25650a8866c7e,4,No Smell,0.3828,Vague / Missing Context,0.2242,Format Ambiguity,0.1452,Conflicting Constraints,0.0580,1563,0.780
8d9c824ff3d1de6bd4b25650a8866c7e,5,No Smell,0.3613,Vague / Missing Context,0.3384,Format Ambiguity,0.1362,Ambiguous References,0.0460,131,0.558
8d9c824ff3d1de6bd4b25650a8866c7e,6,No Smell,0.6383,Format Ambiguity,0.0856,Vague / Missing Context,0.0824,Conflicting Constraints,0.0690,1883,0.866
8d9c824ff3d1de6bd4b25650a8866c7e,7,Vague / Missing Context,0.3533,No Smell,0.3191,Format Ambiguity,0.1990,Formality / Audience Mismatch,0.0373,58,0.546
8d9c824ff3d1de6bd4b25650a8866c7e,8,No Smell,0.3683,Vague / Missing Context,0.2707,Format Ambiguity,0.1715,Ambiguous References,0.0771,273,0.591
38f5891ca5bc191f19ae6aed4b206c96,1,No Smell,0.3992,Vague / Missing Context,0.3074,Format Ambiguity,0.1405,Bias / Loaded Framing,0.0550,54,0.556
38f5891ca5bc191f19ae6aed4b206c96,2,No Smell,0.6803,Format Ambiguity,0.2418,Vague / Missing Context,0.0364,Formality / Audience Mismatch,0.0193,37,0.542
afce0019c28d2adefeee3e0a874bb6e8,1,Vague / Missing Context,0.2733,No Smell,0.2510,Format Ambiguity,0.1471,Ambiguous References,0.0901,4000,1.369
afce0019c28d2adefeee3e0a874bb6e8,2,Vague / Missing Context,0.3571,Format Ambiguity,0.2282,No Smell,0.1795,Ambiguous References,0.1468,290,0.591
afce0019c28d2adefeee3e0a874bb6e8,3,Format Ambiguity,0.4826,No Smell,0.2867,Vague / Missing Context,0.1370,Conflicting Constraints,0.0328,317,0.593
afce0019c28d2adefeee3e0a874bb6e8,4,No Smell,0.4615,Format Ambiguity,0.2329,Vague / Missing Context,0.1502,Ambiguous References,0.0456,341,0.612
afce0019c28d2adefeee3e0a874bb6e8,5,No Smell,0.3292,Format Ambiguity,0.3062,Vague / Missing Context,0.2090,Ambiguous References,0.0465,272,0.614
afce0019c28d2adefeee3e0a874bb6e8,6,Vague / Missing Context,0.4410,No Smell,0.2584,Ambiguous References,0.0903,Formality / Audience Mismatch,0.0739,164,0.589
afce0019c28d2adefeee3e0a874bb6e8,7,Vague / Missing Context,0.3872,No Smell,0.3250,Format Ambiguity,0.1082,Ambiguous References,0.1042,106,0.545
afce0019c28d2adefeee3e0a874bb6e8,8,Vague / Missing Context,0.3833,No Smell,0.3388,Format Ambiguity,0.1584,Ambiguous References,0.0720,199,0.589
afce0019c28d2adefeee3e0a874bb6e8,9,Vague / Missing Context,0.3667,No Smell,0.2998,Format Ambiguity,0.1962,Ambiguous References,0.0794,201,0.570
3c8e53fce3dbbff4564fae9784d42789,1,No Smell,0.4940,Format Ambiguity,0.3079,Vague / Missing Context,0.1162,Formality / Audience Mismatch,0.0200,159,0.567
3c8e53fce3dbbff4564fae9784d42789,2,No Smell,0.4899,Format Ambiguity,0.2097,Vague / Missing Context,0.1307,Formality / Audience Mismatch,0.0437,79,0.544
985c7f3589a65cc7529499d77a84e4fa,1,No Smell,0.4389,Vague / Missing Context,0.2901,Format Ambiguity,0.1219,Bias / Loaded Framing,0.0454,29,0.540
2afb6dfda4111752350251b39b3bab7f,1,Vague / Missing Context,0.4293,Format Ambiguity,0.1830,No Smell,0.1695,Prompt Bloat / Convoluted Prompt,0.0895,1237,0.863
80db260e5cdf6d3953f3e3a8d087fe3a,1,No Smell,0.4830,Vague / Missing Context,0.2232,Format Ambiguity,0.2066,Ambiguous References,0.0285,46,0.543
80db260e5cdf6d3953f3e3a8d087fe3a,2,No Smell,0.3541,Format Ambiguity,0.2827,Vague / Missing Context,0.2689,Formality / Audience Mismatch,0.0295,32,0.544
80db260e5cdf6d3953f3e3a8d087fe3a,3,No Smell,0.6029,Format Ambiguity,0.2155,Vague / Missing Context,0.1091,Conflicting Constraints,0.0247,135,0.556
80db260e5cdf6d3953f3e3a8d087fe3a,4,No Smell,0.6328,Format Ambiguity,0.2604,Vague / Missing Context,0.0569,Formality / Audience Mismatch,0.0215,13,0.532
80db260e5cdf6d3953f3e3a8d087fe3a,5,No Smell,0.5220,Format Ambiguity,0.2164,Vague / Missing Context,0.1849,Ambiguous References,0.0241,99,0.555
80db260e5cdf6d3953f3e3a8d087fe3a,6,No Smell,0.6328,Format Ambiguity,0.2604,Vague / Missing Context,0.0569,Formality / Audience Mismatch,0.0215,13,0.062
b5c0e3ff0df1789534c94ada7809b9e1,1,No Smell,0.8125,Format Ambiguity,0.1216,Formality / Audience Mismatch,0.0220,Vague / Missing Context,0.0189,135,0.542
b5c0e3ff0df1789534c94ada7809b9e1,2,No Smell,0.4150,Vague / Missing Context,0.2218,Format Ambiguity,0.2060,Ambiguous References,0.0682,94,0.545
919db39a75a2a6294f92f88e78c2beea,1,No Smell,0.5109,Vague / Missing Context,0.3141,Format Ambiguity,0.0879,Formality / Audience Mismatch,0.0333,54,0.542
